ISO-10303-21;
HEADER;
/* Generated by software containing ST-Developer
 * from STEP Tools, Inc. (www.steptools.com) 
 */

FILE_DESCRIPTION(
/* description */ (''),
/* implementation_level */ '2;1');

FILE_NAME(
/* name */ 'shield_lid_XL.step',
/* time_stamp */ '2024-05-01T00:08:50+09:00',
/* author */ (''),
/* organization */ (''),
/* preprocessor_version */ 'ST-DEVELOPER v20',
/* originating_system */ 'Autodesk Translation Framework v12.20.1.177',

/* authorisation */ '');

FILE_SCHEMA (('AUTOMOTIVE_DESIGN { 1 0 10303 214 3 1 1 }'));
ENDSEC;

DATA;
#10=MECHANICAL_DESIGN_GEOMETRIC_PRESENTATION_REPRESENTATION('',(#13),#3178);
#11=SHAPE_REPRESENTATION_RELATIONSHIP('SRR','None',#3185,#12);
#12=ADVANCED_BREP_SHAPE_REPRESENTATION('',(#14),#3177);
#13=STYLED_ITEM('',(#3195),#14);
#14=MANIFOLD_SOLID_BREP('Body2',#1678);
#15=SPHERICAL_SURFACE('',#1824,1.);
#16=SPHERICAL_SURFACE('',#1835,1.);
#17=SPHERICAL_SURFACE('',#1840,1.);
#18=SPHERICAL_SURFACE('',#1846,1.);
#19=SPHERICAL_SURFACE('',#1874,1.);
#20=SPHERICAL_SURFACE('',#1879,1.);
#21=SPHERICAL_SURFACE('',#1884,1.);
#22=SPHERICAL_SURFACE('',#1886,1.);
#23=ELLIPSE('',#1720,1.4142135623731,1.);
#24=ELLIPSE('',#1721,1.41421356237309,1.);
#25=ELLIPSE('',#1740,1.4142135623731,1.);
#26=ELLIPSE('',#1741,1.4142135623731,1.);
#27=ELLIPSE('',#1755,1.4142135623731,1.);
#28=ELLIPSE('',#1756,1.4142135623731,1.);
#29=ELLIPSE('',#1769,1.4142135623731,1.);
#30=ELLIPSE('',#1770,1.4142135623731,1.);
#31=FACE_BOUND('',#299,.T.);
#32=FACE_BOUND('',#303,.T.);
#33=FACE_BOUND('',#347,.T.);
#34=FACE_BOUND('',#348,.T.);
#35=FACE_BOUND('',#349,.T.);
#36=FACE_BOUND('',#350,.T.);
#37=FACE_BOUND('',#351,.T.);
#38=FACE_BOUND('',#396,.T.);
#39=FACE_BOUND('',#397,.T.);
#40=FACE_BOUND('',#398,.T.);
#41=FACE_BOUND('',#399,.T.);
#42=FACE_BOUND('',#400,.T.);
#43=PLANE('',#1708);
#44=PLANE('',#1711);
#45=PLANE('',#1714);
#46=PLANE('',#1727);
#47=PLANE('',#1742);
#48=PLANE('',#1750);
#49=PLANE('',#1753);
#50=PLANE('',#1757);
#51=PLANE('',#1764);
#52=PLANE('',#1767);
#53=PLANE('',#1771);
#54=PLANE('',#1774);
#55=PLANE('',#1777);
#56=PLANE('',#1779);
#57=PLANE('',#1782);
#58=PLANE('',#1794);
#59=PLANE('',#1796);
#60=PLANE('',#1797);
#61=PLANE('',#1798);
#62=PLANE('',#1810);
#63=PLANE('',#1855);
#64=PLANE('',#1856);
#65=PLANE('',#1857);
#66=PLANE('',#1858);
#67=PLANE('',#1859);
#68=PLANE('',#1889);
#69=PLANE('',#1891);
#70=PLANE('',#1892);
#71=PLANE('',#1894);
#72=PLANE('',#1896);
#73=CIRCLE('',#1694,10.5000006705523);
#74=CIRCLE('',#1695,11.5000006705523);
#75=CIRCLE('',#1697,11.5);
#76=CIRCLE('',#1698,10.5);
#77=CIRCLE('',#1702,11.5);
#78=CIRCLE('',#1703,10.5);
#79=CIRCLE('',#1706,11.5);
#80=CIRCLE('',#1707,10.5);
#81=CIRCLE('',#1710,10.5);
#82=CIRCLE('',#1713,10.5);
#83=CIRCLE('',#1715,2.);
#84=CIRCLE('',#1716,2.);
#85=CIRCLE('',#1717,2.);
#86=CIRCLE('',#1718,2.);
#87=CIRCLE('',#1723,6.5);
#88=CIRCLE('',#1724,0.999999999999988);
#89=CIRCLE('',#1725,5.5);
#90=CIRCLE('',#1726,0.999999999999996);
#91=CIRCLE('',#1728,6.5);
#92=CIRCLE('',#1729,6.5);
#93=CIRCLE('',#1730,6.50000067055227);
#94=CIRCLE('',#1731,9.5);
#95=CIRCLE('',#1732,9.5);
#96=CIRCLE('',#1733,9.50000067055227);
#97=CIRCLE('',#1734,9.5);
#98=CIRCLE('',#1736,1.00000000000006);
#99=CIRCLE('',#1737,5.5);
#100=CIRCLE('',#1738,0.999999999999999);
#101=CIRCLE('',#1744,1.);
#102=CIRCLE('',#1746,0.999999552965178);
#103=CIRCLE('',#1747,5.50000067055227);
#104=CIRCLE('',#1752,5.5);
#105=CIRCLE('',#1759,1.00000000000001);
#106=CIRCLE('',#1761,0.999999999999996);
#107=CIRCLE('',#1762,5.5);
#108=CIRCLE('',#1766,5.50000067055227);
#109=CIRCLE('',#1776,5.5);
#110=CIRCLE('',#1781,5.5);
#111=CIRCLE('',#1785,10.5);
#112=CIRCLE('',#1788,10.5000006705523);
#113=CIRCLE('',#1799,1.);
#114=CIRCLE('',#1800,1.);
#115=CIRCLE('',#1801,1.);
#116=CIRCLE('',#1802,1.);
#117=CIRCLE('',#1803,1.75);
#118=CIRCLE('',#1804,1.75);
#119=CIRCLE('',#1805,1.75);
#120=CIRCLE('',#1806,1.75);
#121=CIRCLE('',#1808,3.175);
#122=CIRCLE('',#1809,3.175);
#123=CIRCLE('',#1812,1.);
#124=CIRCLE('',#1813,1.);
#125=CIRCLE('',#1814,0.999999999999996);
#126=CIRCLE('',#1816,1.);
#127=CIRCLE('',#1817,1.);
#128=CIRCLE('',#1818,0.999999999999996);
#129=CIRCLE('',#1820,1.);
#130=CIRCLE('',#1821,1.);
#131=CIRCLE('',#1822,0.999999999999996);
#132=CIRCLE('',#1825,1.);
#133=CIRCLE('',#1826,1.);
#134=CIRCLE('',#1827,1.00000000000001);
#135=CIRCLE('',#1830,1.);
#136=CIRCLE('',#1831,0.999999999999996);
#137=CIRCLE('',#1832,1.);
#138=CIRCLE('',#1836,1.);
#139=CIRCLE('',#1837,1.);
#140=CIRCLE('',#1838,1.00000000000001);
#141=CIRCLE('',#1841,1.);
#142=CIRCLE('',#1842,1.);
#143=CIRCLE('',#1843,1.00000000000001);
#144=CIRCLE('',#1847,1.);
#145=CIRCLE('',#1848,1.);
#146=CIRCLE('',#1849,1.00000000000001);
#147=CIRCLE('',#1861,1.75);
#148=CIRCLE('',#1863,1.75);
#149=CIRCLE('',#1865,1.75);
#150=CIRCLE('',#1867,1.75);
#151=CIRCLE('',#1869,0.999999999999996);
#152=CIRCLE('',#1870,0.999999999999988);
#153=CIRCLE('',#1872,0.999999999999996);
#154=CIRCLE('',#1873,0.999999999999996);
#155=CIRCLE('',#1875,0.999999999999998);
#156=CIRCLE('',#1877,0.999999999999996);
#157=CIRCLE('',#1878,1.00000000000001);
#158=CIRCLE('',#1880,0.999999999999998);
#159=CIRCLE('',#1882,0.999999999999996);
#160=CIRCLE('',#1883,0.999999999999996);
#161=CIRCLE('',#1885,0.999999999999998);
#162=CIRCLE('',#1887,0.999999999999998);
#163=TOROIDAL_SURFACE('',#1693,11.5000006705523,1.);
#164=TOROIDAL_SURFACE('',#1696,11.5,1.);
#165=TOROIDAL_SURFACE('',#1701,11.5,1.);
#166=TOROIDAL_SURFACE('',#1705,11.5,1.);
#167=TOROIDAL_SURFACE('',#1722,6.5,1.);
#168=TOROIDAL_SURFACE('',#1735,6.5,1.);
#169=TOROIDAL_SURFACE('',#1745,6.50000067055227,1.);
#170=TOROIDAL_SURFACE('',#1760,6.5,1.);
#171=TOROIDAL_SURFACE('',#1784,9.5,1.);
#172=TOROIDAL_SURFACE('',#1787,9.50000067055227,1.);
#173=TOROIDAL_SURFACE('',#1790,9.5,1.);
#174=TOROIDAL_SURFACE('',#1792,9.5,1.);
#175=TOROIDAL_SURFACE('',#1811,2.,0.999999999999996);
#176=TOROIDAL_SURFACE('',#1815,2.,0.999999999999996);
#177=TOROIDAL_SURFACE('',#1819,2.,0.999999999999996);
#178=TOROIDAL_SURFACE('',#1829,2.,1.);
#179=FACE_OUTER_BOUND('',#286,.T.);
#180=FACE_OUTER_BOUND('',#287,.T.);
#181=FACE_OUTER_BOUND('',#288,.T.);
#182=FACE_OUTER_BOUND('',#289,.T.);
#183=FACE_OUTER_BOUND('',#290,.T.);
#184=FACE_OUTER_BOUND('',#291,.T.);
#185=FACE_OUTER_BOUND('',#292,.T.);
#186=FACE_OUTER_BOUND('',#293,.T.);
#187=FACE_OUTER_BOUND('',#294,.T.);
#188=FACE_OUTER_BOUND('',#295,.T.);
#189=FACE_OUTER_BOUND('',#296,.T.);
#190=FACE_OUTER_BOUND('',#297,.T.);
#191=FACE_OUTER_BOUND('',#298,.T.);
#192=FACE_OUTER_BOUND('',#300,.T.);
#193=FACE_OUTER_BOUND('',#301,.T.);
#194=FACE_OUTER_BOUND('',#302,.T.);
#195=FACE_OUTER_BOUND('',#304,.T.);
#196=FACE_OUTER_BOUND('',#305,.T.);
#197=FACE_OUTER_BOUND('',#306,.T.);
#198=FACE_OUTER_BOUND('',#307,.T.);
#199=FACE_OUTER_BOUND('',#308,.T.);
#200=FACE_OUTER_BOUND('',#309,.T.);
#201=FACE_OUTER_BOUND('',#310,.T.);
#202=FACE_OUTER_BOUND('',#311,.T.);
#203=FACE_OUTER_BOUND('',#312,.T.);
#204=FACE_OUTER_BOUND('',#313,.T.);
#205=FACE_OUTER_BOUND('',#314,.T.);
#206=FACE_OUTER_BOUND('',#315,.T.);
#207=FACE_OUTER_BOUND('',#316,.T.);
#208=FACE_OUTER_BOUND('',#317,.T.);
#209=FACE_OUTER_BOUND('',#318,.T.);
#210=FACE_OUTER_BOUND('',#319,.T.);
#211=FACE_OUTER_BOUND('',#320,.T.);
#212=FACE_OUTER_BOUND('',#321,.T.);
#213=FACE_OUTER_BOUND('',#322,.T.);
#214=FACE_OUTER_BOUND('',#323,.T.);
#215=FACE_OUTER_BOUND('',#324,.T.);
#216=FACE_OUTER_BOUND('',#325,.T.);
#217=FACE_OUTER_BOUND('',#326,.T.);
#218=FACE_OUTER_BOUND('',#327,.T.);
#219=FACE_OUTER_BOUND('',#328,.T.);
#220=FACE_OUTER_BOUND('',#329,.T.);
#221=FACE_OUTER_BOUND('',#330,.T.);
#222=FACE_OUTER_BOUND('',#331,.T.);
#223=FACE_OUTER_BOUND('',#332,.T.);
#224=FACE_OUTER_BOUND('',#333,.T.);
#225=FACE_OUTER_BOUND('',#334,.T.);
#226=FACE_OUTER_BOUND('',#335,.T.);
#227=FACE_OUTER_BOUND('',#336,.T.);
#228=FACE_OUTER_BOUND('',#337,.T.);
#229=FACE_OUTER_BOUND('',#338,.T.);
#230=FACE_OUTER_BOUND('',#339,.T.);
#231=FACE_OUTER_BOUND('',#340,.T.);
#232=FACE_OUTER_BOUND('',#341,.T.);
#233=FACE_OUTER_BOUND('',#342,.T.);
#234=FACE_OUTER_BOUND('',#343,.T.);
#235=FACE_OUTER_BOUND('',#344,.T.);
#236=FACE_OUTER_BOUND('',#345,.T.);
#237=FACE_OUTER_BOUND('',#346,.T.);
#238=FACE_OUTER_BOUND('',#352,.T.);
#239=FACE_OUTER_BOUND('',#353,.T.);
#240=FACE_OUTER_BOUND('',#354,.T.);
#241=FACE_OUTER_BOUND('',#355,.T.);
#242=FACE_OUTER_BOUND('',#356,.T.);
#243=FACE_OUTER_BOUND('',#357,.T.);
#244=FACE_OUTER_BOUND('',#358,.T.);
#245=FACE_OUTER_BOUND('',#359,.T.);
#246=FACE_OUTER_BOUND('',#360,.T.);
#247=FACE_OUTER_BOUND('',#361,.T.);
#248=FACE_OUTER_BOUND('',#362,.T.);
#249=FACE_OUTER_BOUND('',#363,.T.);
#250=FACE_OUTER_BOUND('',#364,.T.);
#251=FACE_OUTER_BOUND('',#365,.T.);
#252=FACE_OUTER_BOUND('',#366,.T.);
#253=FACE_OUTER_BOUND('',#367,.T.);
#254=FACE_OUTER_BOUND('',#368,.T.);
#255=FACE_OUTER_BOUND('',#369,.T.);
#256=FACE_OUTER_BOUND('',#370,.T.);
#257=FACE_OUTER_BOUND('',#371,.T.);
#258=FACE_OUTER_BOUND('',#372,.T.);
#259=FACE_OUTER_BOUND('',#373,.T.);
#260=FACE_OUTER_BOUND('',#374,.T.);
#261=FACE_OUTER_BOUND('',#375,.T.);
#262=FACE_OUTER_BOUND('',#376,.T.);
#263=FACE_OUTER_BOUND('',#377,.T.);
#264=FACE_OUTER_BOUND('',#378,.T.);
#265=FACE_OUTER_BOUND('',#379,.T.);
#266=FACE_OUTER_BOUND('',#380,.T.);
#267=FACE_OUTER_BOUND('',#381,.T.);
#268=FACE_OUTER_BOUND('',#382,.T.);
#269=FACE_OUTER_BOUND('',#383,.T.);
#270=FACE_OUTER_BOUND('',#384,.T.);
#271=FACE_OUTER_BOUND('',#385,.T.);
#272=FACE_OUTER_BOUND('',#386,.T.);
#273=FACE_OUTER_BOUND('',#387,.T.);
#274=FACE_OUTER_BOUND('',#388,.T.);
#275=FACE_OUTER_BOUND('',#389,.T.);
#276=FACE_OUTER_BOUND('',#390,.T.);
#277=FACE_OUTER_BOUND('',#391,.T.);
#278=FACE_OUTER_BOUND('',#392,.T.);
#279=FACE_OUTER_BOUND('',#393,.T.);
#280=FACE_OUTER_BOUND('',#394,.T.);
#281=FACE_OUTER_BOUND('',#395,.T.);
#282=FACE_OUTER_BOUND('',#401,.T.);
#283=FACE_OUTER_BOUND('',#402,.T.);
#284=FACE_OUTER_BOUND('',#403,.T.);
#285=FACE_OUTER_BOUND('',#404,.T.);
#286=EDGE_LOOP('',(#1040,#1041,#1042,#1043));
#287=EDGE_LOOP('',(#1044,#1045,#1046,#1047));
#288=EDGE_LOOP('',(#1048,#1049,#1050,#1051));
#289=EDGE_LOOP('',(#1052,#1053,#1054,#1055));
#290=EDGE_LOOP('',(#1056,#1057,#1058,#1059));
#291=EDGE_LOOP('',(#1060,#1061,#1062,#1063));
#292=EDGE_LOOP('',(#1064,#1065,#1066,#1067));
#293=EDGE_LOOP('',(#1068,#1069,#1070,#1071));
#294=EDGE_LOOP('',(#1072,#1073,#1074,#1075));
#295=EDGE_LOOP('',(#1076,#1077,#1078,#1079));
#296=EDGE_LOOP('',(#1080,#1081,#1082,#1083));
#297=EDGE_LOOP('',(#1084,#1085,#1086,#1087));
#298=EDGE_LOOP('',(#1088,#1089,#1090,#1091,#1092,#1093,#1094,#1095));
#299=EDGE_LOOP('',(#1096,#1097,#1098,#1099,#1100,#1101,#1102,#1103));
#300=EDGE_LOOP('',(#1104,#1105,#1106,#1107,#1108,#1109));
#301=EDGE_LOOP('',(#1110,#1111,#1112,#1113,#1114,#1115));
#302=EDGE_LOOP('',(#1116,#1117,#1118,#1119,#1120,#1121,#1122,#1123));
#303=EDGE_LOOP('',(#1124,#1125,#1126,#1127,#1128,#1129,#1130,#1131));
#304=EDGE_LOOP('',(#1132,#1133,#1134,#1135,#1136,#1137));
#305=EDGE_LOOP('',(#1138,#1139,#1140,#1141,#1142,#1143));
#306=EDGE_LOOP('',(#1144,#1145,#1146,#1147));
#307=EDGE_LOOP('',(#1148,#1149,#1150));
#308=EDGE_LOOP('',(#1151,#1152,#1153,#1154,#1155,#1156));
#309=EDGE_LOOP('',(#1157,#1158,#1159));
#310=EDGE_LOOP('',(#1160,#1161,#1162));
#311=EDGE_LOOP('',(#1163,#1164,#1165,#1166));
#312=EDGE_LOOP('',(#1167,#1168,#1169,#1170));
#313=EDGE_LOOP('',(#1171,#1172,#1173,#1174));
#314=EDGE_LOOP('',(#1175,#1176,#1177,#1178,#1179,#1180));
#315=EDGE_LOOP('',(#1181,#1182,#1183,#1184));
#316=EDGE_LOOP('',(#1185,#1186,#1187));
#317=EDGE_LOOP('',(#1188,#1189,#1190,#1191,#1192,#1193));
#318=EDGE_LOOP('',(#1194,#1195,#1196));
#319=EDGE_LOOP('',(#1197,#1198,#1199,#1200));
#320=EDGE_LOOP('',(#1201,#1202,#1203,#1204));
#321=EDGE_LOOP('',(#1205,#1206,#1207,#1208));
#322=EDGE_LOOP('',(#1209,#1210,#1211,#1212,#1213,#1214));
#323=EDGE_LOOP('',(#1215,#1216,#1217,#1218));
#324=EDGE_LOOP('',(#1219,#1220,#1221));
#325=EDGE_LOOP('',(#1222,#1223,#1224));
#326=EDGE_LOOP('',(#1225,#1226,#1227,#1228));
#327=EDGE_LOOP('',(#1229,#1230,#1231,#1232));
#328=EDGE_LOOP('',(#1233,#1234,#1235,#1236));
#329=EDGE_LOOP('',(#1237,#1238,#1239));
#330=EDGE_LOOP('',(#1240,#1241,#1242,#1243));
#331=EDGE_LOOP('',(#1244,#1245,#1246,#1247));
#332=EDGE_LOOP('',(#1248,#1249,#1250,#1251));
#333=EDGE_LOOP('',(#1252,#1253,#1254,#1255));
#334=EDGE_LOOP('',(#1256,#1257,#1258,#1259));
#335=EDGE_LOOP('',(#1260,#1261,#1262,#1263));
#336=EDGE_LOOP('',(#1264,#1265,#1266,#1267));
#337=EDGE_LOOP('',(#1268,#1269,#1270,#1271));
#338=EDGE_LOOP('',(#1272,#1273,#1274,#1275));
#339=EDGE_LOOP('',(#1276,#1277,#1278,#1279));
#340=EDGE_LOOP('',(#1280,#1281,#1282,#1283));
#341=EDGE_LOOP('',(#1284,#1285,#1286,#1287));
#342=EDGE_LOOP('',(#1288,#1289,#1290,#1291));
#343=EDGE_LOOP('',(#1292,#1293,#1294,#1295));
#344=EDGE_LOOP('',(#1296,#1297,#1298,#1299));
#345=EDGE_LOOP('',(#1300,#1301,#1302,#1303));
#346=EDGE_LOOP('',(#1304,#1305,#1306,#1307,#1308,#1309,#1310,#1311));
#347=EDGE_LOOP('',(#1312));
#348=EDGE_LOOP('',(#1313));
#349=EDGE_LOOP('',(#1314));
#350=EDGE_LOOP('',(#1315));
#351=EDGE_LOOP('',(#1316,#1317,#1318,#1319,#1320,#1321,#1322,#1323,#1324,
#1325,#1326,#1327,#1328,#1329,#1330,#1331));
#352=EDGE_LOOP('',(#1332,#1333,#1334,#1335));
#353=EDGE_LOOP('',(#1336));
#354=EDGE_LOOP('',(#1337,#1338,#1339,#1340));
#355=EDGE_LOOP('',(#1341,#1342,#1343,#1344));
#356=EDGE_LOOP('',(#1345,#1346,#1347,#1348));
#357=EDGE_LOOP('',(#1349,#1350,#1351,#1352));
#358=EDGE_LOOP('',(#1353,#1354,#1355));
#359=EDGE_LOOP('',(#1356,#1357,#1358,#1359));
#360=EDGE_LOOP('',(#1360,#1361,#1362,#1363));
#361=EDGE_LOOP('',(#1364,#1365,#1366,#1367));
#362=EDGE_LOOP('',(#1368,#1369,#1370,#1371));
#363=EDGE_LOOP('',(#1372,#1373,#1374));
#364=EDGE_LOOP('',(#1375,#1376,#1377,#1378));
#365=EDGE_LOOP('',(#1379,#1380,#1381));
#366=EDGE_LOOP('',(#1382,#1383,#1384,#1385));
#367=EDGE_LOOP('',(#1386,#1387,#1388,#1389));
#368=EDGE_LOOP('',(#1390,#1391,#1392));
#369=EDGE_LOOP('',(#1393,#1394,#1395,#1396));
#370=EDGE_LOOP('',(#1397,#1398,#1399,#1400));
#371=EDGE_LOOP('',(#1401,#1402,#1403,#1404));
#372=EDGE_LOOP('',(#1405,#1406,#1407,#1408));
#373=EDGE_LOOP('',(#1409,#1410,#1411,#1412));
#374=EDGE_LOOP('',(#1413,#1414,#1415,#1416));
#375=EDGE_LOOP('',(#1417,#1418,#1419,#1420));
#376=EDGE_LOOP('',(#1421,#1422,#1423,#1424));
#377=EDGE_LOOP('',(#1425,#1426,#1427,#1428));
#378=EDGE_LOOP('',(#1429,#1430,#1431,#1432));
#379=EDGE_LOOP('',(#1433,#1434,#1435,#1436));
#380=EDGE_LOOP('',(#1437,#1438,#1439,#1440));
#381=EDGE_LOOP('',(#1441,#1442,#1443,#1444));
#382=EDGE_LOOP('',(#1445,#1446,#1447,#1448));
#383=EDGE_LOOP('',(#1449,#1450,#1451,#1452));
#384=EDGE_LOOP('',(#1453,#1454,#1455,#1456));
#385=EDGE_LOOP('',(#1457,#1458,#1459));
#386=EDGE_LOOP('',(#1460,#1461,#1462,#1463));
#387=EDGE_LOOP('',(#1464,#1465,#1466));
#388=EDGE_LOOP('',(#1467,#1468,#1469,#1470));
#389=EDGE_LOOP('',(#1471,#1472,#1473));
#390=EDGE_LOOP('',(#1474,#1475,#1476));
#391=EDGE_LOOP('',(#1477,#1478,#1479,#1480));
#392=EDGE_LOOP('',(#1481,#1482,#1483,#1484));
#393=EDGE_LOOP('',(#1485,#1486,#1487,#1488));
#394=EDGE_LOOP('',(#1489,#1490,#1491,#1492));
#395=EDGE_LOOP('',(#1493,#1494,#1495,#1496));
#396=EDGE_LOOP('',(#1497));
#397=EDGE_LOOP('',(#1498));
#398=EDGE_LOOP('',(#1499));
#399=EDGE_LOOP('',(#1500));
#400=EDGE_LOOP('',(#1501));
#401=EDGE_LOOP('',(#1502,#1503,#1504,#1505));
#402=EDGE_LOOP('',(#1506,#1507,#1508,#1509));
#403=EDGE_LOOP('',(#1510,#1511,#1512,#1513));
#404=EDGE_LOOP('',(#1514,#1515,#1516,#1517));
#405=B_SPLINE_CURVE_WITH_KNOTS('',3,(#2432,#2433,#2434,#2435,#2436,#2437,
#2438,#2439,#2440,#2441,#2442,#2443,#2444,#2445),.UNSPECIFIED.,.F.,.F.,
(4,2,2,2,2,2,4),(0.,0.033316287746337,0.069312572473095,0.111446193662172,
0.140625859705827,0.170183403857049,0.170700956422916),.UNSPECIFIED.);
#406=B_SPLINE_CURVE_WITH_KNOTS('',3,(#2448,#2449,#2450,#2451,#2452,#2453,
#2454,#2455,#2456,#2457,#2458,#2459,#2460,#2461),.UNSPECIFIED.,.F.,.F.,
(4,2,2,2,2,2,4),(-0.171015038048964,-0.137535943323672,-0.101363755386235,
-0.0590242399772685,-0.0297019822991094,0.,0.000520081687439685),
 .UNSPECIFIED.);
#407=B_SPLINE_CURVE_WITH_KNOTS('',3,(#2466,#2467,#2468,#2469,#2470,#2471,
#2472,#2473,#2474,#2475,#2476,#2477,#2478,#2479),.UNSPECIFIED.,.F.,.F.,
(4,2,2,2,2,2,4),(-0.171015038288086,-0.137535943996715,-0.101363756396408,
-0.0590242410408436,-0.0297019828617675,0.,0.000520081687531752),
 .UNSPECIFIED.);
#408=B_SPLINE_CURVE_WITH_KNOTS('',3,(#2486,#2487,#2488,#2489,#2490,#2491,
#2492,#2493,#2494,#2495,#2496,#2497,#2498,#2499,#2500,#2501),
 .UNSPECIFIED.,.F.,.F.,(4,2,2,2,2,2,2,4),(-0.342630772700306,-0.342110606489985,
-0.315234815727712,-0.288635231729178,-0.245407033797382,-0.208645780167485,
-0.17505451100475,-0.171075407475012),.UNSPECIFIED.);
#409=B_SPLINE_CURVE_WITH_KNOTS('',3,(#2504,#2505,#2506,#2507,#2508,#2509,
#2510,#2511,#2512,#2513,#2514,#2515,#2516,#2517),.UNSPECIFIED.,.F.,.F.,
(4,2,2,2,2,2,4),(-0.171015038047583,-0.13753594332257,-0.101363755385427,
-0.059024239976808,-0.0297019822988981,0.,0.000520081687441294),
 .UNSPECIFIED.);
#410=B_SPLINE_CURVE_WITH_KNOTS('',3,(#2526,#2527,#2528,#2529,#2530,#2531,
#2532,#2533,#2534,#2535,#2536,#2537,#2538,#2539),.UNSPECIFIED.,.F.,.F.,
(4,2,2,2,2,2,4),(0.,0.0333162880510185,0.0693125729759037,0.11144619405735,
0.140625859491167,0.170183402969634,0.170700955533449),.UNSPECIFIED.);
#411=B_SPLINE_CURVE_WITH_KNOTS('',3,(#2545,#2546,#2547,#2548,#2549,#2550,
#2551,#2552,#2553,#2554,#2555,#2556,#2557,#2558),.UNSPECIFIED.,.F.,.F.,
(4,2,2,2,2,2,4),(-0.171015038050172,-0.137535943324628,-0.101363755386918,
-0.0590242399776557,-0.0297019822992869,0.,0.000520081687466504),
 .UNSPECIFIED.);
#412=B_SPLINE_CURVE_WITH_KNOTS('',3,(#2564,#2565,#2566,#2567,#2568,#2569,
#2570,#2571,#2572,#2573,#2574,#2575,#2576,#2577),.UNSPECIFIED.,.F.,.F.,
(4,2,2,2,2,2,4),(0.,0.0333162880510296,0.0693125729759467,0.111446194057419,
0.140625859491263,0.170183402969755,0.17070095553357),.UNSPECIFIED.);
#413=B_SPLINE_CURVE_WITH_KNOTS('',3,(#2619,#2620,#2621,#2622,#2623,#2624,
#2625,#2626),.UNSPECIFIED.,.F.,.F.,(4,2,2,4),(-0.0703572609490378,-0.0450515104918067,
0.,0.000608006706039668),.UNSPECIFIED.);
#414=B_SPLINE_CURVE_WITH_KNOTS('',3,(#2630,#2631,#2632,#2633,#2634,#2635,
#2636,#2637),.UNSPECIFIED.,.F.,.F.,(4,2,2,4),(-0.189415460675371,-0.188813780027723,
-0.136447046150588,-0.11920928404713),.UNSPECIFIED.);
#415=B_SPLINE_CURVE_WITH_KNOTS('',3,(#2647,#2648,#2649,#2650,#2651,#2652,
#2653,#2654),.UNSPECIFIED.,.F.,.F.,(4,2,2,4),(-0.0703572946403704,-0.0450515104914086,
0.,0.000608006705745203),.UNSPECIFIED.);
#416=B_SPLINE_CURVE_WITH_KNOTS('',3,(#2695,#2696,#2697,#2698,#2699,#2700,
#2701,#2702),.UNSPECIFIED.,.F.,.F.,(4,2,2,4),(-0.189415460676058,-0.188813780028216,
-0.136447046150662,-0.119209346418147),.UNSPECIFIED.);
#417=B_SPLINE_CURVE_WITH_KNOTS('',3,(#2705,#2706,#2707,#2708,#2709,#2710,
#2711,#2712),.UNSPECIFIED.,.F.,.F.,(4,2,2,4),(-0.189596119011659,-0.189002018551774,
-0.144249949946224,-0.119043793964508),.UNSPECIFIED.);
#418=B_SPLINE_CURVE_WITH_KNOTS('',3,(#2730,#2731,#2732,#2733,#2734,#2735),
 .UNSPECIFIED.,.F.,.F.,(4,2,4),(-0.0700437667810331,0.,0.000599585884353337),
 .UNSPECIFIED.);
#419=B_SPLINE_CURVE_WITH_KNOTS('',3,(#2757,#2758,#2759,#2760,#2761,#2762,
#2763,#2764),.UNSPECIFIED.,.F.,.F.,(4,2,2,4),(-0.189415460675326,-0.188813780027678,
-0.136447046150622,-0.11920928404716),.UNSPECIFIED.);
#420=B_SPLINE_CURVE_WITH_KNOTS('',3,(#2782,#2783,#2784,#2785,#2786,#2787,
#2788,#2789),.UNSPECIFIED.,.F.,.F.,(4,2,2,4),(-0.0703572609454178,-0.0450515104896292,
0.,0.000608006705971609),.UNSPECIFIED.);
#421=B_SPLINE_CURVE_WITH_KNOTS('',3,(#2846,#2847,#2848,#2849,#2850,#2851,
#2852,#2853,#2854,#2855,#2856,#2857,#2858,#2859),.UNSPECIFIED.,.F.,.F.,
(4,2,2,2,2,2,4),(-0.000539712042182221,0.,0.0310846522542614,0.0614246750031113,
0.103618053401671,0.139687163832658,0.173187776813218),.UNSPECIFIED.);
#422=B_SPLINE_CURVE_WITH_KNOTS('',3,(#2860,#2861,#2862,#2863,#2864,#2865,
#2866,#2867,#2868,#2869,#2870,#2871,#2872,#2873),.UNSPECIFIED.,.F.,.F.,
(4,2,2,2,2,2,4),(-0.346915265672575,-0.346375553631347,-0.315290901376698,
-0.284950878627407,-0.242757500228229,-0.20668838979672,-0.173187776815673),
 .UNSPECIFIED.);
#423=B_SPLINE_CURVE_WITH_KNOTS('',3,(#2876,#2877,#2878,#2879,#2880,#2881,
#2882,#2883,#2884,#2885,#2886,#2887,#2888,#2889),.UNSPECIFIED.,.F.,.F.,
(4,2,2,2,2,2,4),(-0.346915265672433,-0.346375553630237,-0.315290901375687,
-0.284950878626491,-0.242757500227444,-0.206688389796038,-0.173187776815106),
 .UNSPECIFIED.);
#424=B_SPLINE_CURVE_WITH_KNOTS('',3,(#2893,#2894,#2895,#2896,#2897,#2898,
#2899,#2900,#2901,#2902,#2903,#2904,#2905,#2906),.UNSPECIFIED.,.F.,.F.,
(4,2,2,2,2,2,4),(-0.000539712047326503,0.,0.031084652942073,0.0614246763202037,
0.103618054837227,0.139687165083038,0.17318777776807),.UNSPECIFIED.);
#425=B_SPLINE_CURVE_WITH_KNOTS('',3,(#2910,#2911,#2912,#2913,#2914,#2915,
#2916,#2917,#2918,#2919,#2920,#2921,#2922,#2923),.UNSPECIFIED.,.F.,.F.,
(4,2,2,2,2,2,4),(-0.346915267572336,-0.346375555526003,-0.315290902584696,
-0.284950879207471,-0.242757500691716,-0.206688390447001,-0.173187777762986),
 .UNSPECIFIED.);
#426=B_SPLINE_CURVE_WITH_KNOTS('',3,(#2926,#2927,#2928,#2929,#2930,#2931,
#2932,#2933,#2934,#2935,#2936,#2937,#2938,#2939),.UNSPECIFIED.,.F.,.F.,
(4,2,2,2,2,2,4),(-0.000539712042197891,0.,0.0310846522542598,0.0614246750031185,
0.10361805340169,0.139687163832686,0.173187776813233),.UNSPECIFIED.);
#427=B_SPLINE_CURVE_WITH_KNOTS('',3,(#2942,#2943,#2944,#2945,#2946,#2947,
#2948,#2949,#2950,#2951,#2952,#2953,#2954,#2955),.UNSPECIFIED.,.F.,.F.,
(4,2,2,2,2,2,4),(-0.346915265673695,-0.346375553631504,-0.315290901376853,
-0.284950878627545,-0.242757500228344,-0.206688389796812,-0.173187776815752),
 .UNSPECIFIED.);
#428=B_SPLINE_CURVE_WITH_KNOTS('',3,(#2957,#2958,#2959,#2960,#2961,#2962,
#2963,#2964,#2965,#2966,#2967,#2968,#2969,#2970),.UNSPECIFIED.,.F.,.F.,
(4,2,2,2,2,2,4),(-0.000539712042191159,0.,0.031084652254645,0.0614246750039422,
0.103618053403119,0.139687163834623,0.173187776815668),.UNSPECIFIED.);
#429=LINE('',#2430,#546);
#430=LINE('',#2447,#547);
#431=LINE('',#2519,#548);
#432=LINE('',#2520,#549);
#433=LINE('',#2523,#550);
#434=LINE('',#2525,#551);
#435=LINE('',#2561,#552);
#436=LINE('',#2563,#553);
#437=LINE('',#2583,#554);
#438=LINE('',#2585,#555);
#439=LINE('',#2586,#556);
#440=LINE('',#2589,#557);
#441=LINE('',#2593,#558);
#442=LINE('',#2594,#559);
#443=LINE('',#2597,#560);
#444=LINE('',#2604,#561);
#445=LINE('',#2608,#562);
#446=LINE('',#2612,#563);
#447=LINE('',#2615,#564);
#448=LINE('',#2628,#565);
#449=LINE('',#2641,#566);
#450=LINE('',#2664,#567);
#451=LINE('',#2668,#568);
#452=LINE('',#2671,#569);
#453=LINE('',#2674,#570);
#454=LINE('',#2678,#571);
#455=LINE('',#2682,#572);
#456=LINE('',#2686,#573);
#457=LINE('',#2716,#574);
#458=LINE('',#2720,#575);
#459=LINE('',#2722,#576);
#460=LINE('',#2723,#577);
#461=LINE('',#2727,#578);
#462=LINE('',#2740,#579);
#463=LINE('',#2742,#580);
#464=LINE('',#2745,#581);
#465=LINE('',#2747,#582);
#466=LINE('',#2748,#583);
#467=LINE('',#2751,#584);
#468=LINE('',#2754,#585);
#469=LINE('',#2768,#586);
#470=LINE('',#2772,#587);
#471=LINE('',#2774,#588);
#472=LINE('',#2775,#589);
#473=LINE('',#2779,#590);
#474=LINE('',#2794,#591);
#475=LINE('',#2797,#592);
#476=LINE('',#2798,#593);
#477=LINE('',#2801,#594);
#478=LINE('',#2804,#595);
#479=LINE('',#2809,#596);
#480=LINE('',#2813,#597);
#481=LINE('',#2815,#598);
#482=LINE('',#2816,#599);
#483=LINE('',#2818,#600);
#484=LINE('',#2820,#601);
#485=LINE('',#2823,#602);
#486=LINE('',#2824,#603);
#487=LINE('',#2827,#604);
#488=LINE('',#2830,#605);
#489=LINE('',#2832,#606);
#490=LINE('',#2835,#607);
#491=LINE('',#2836,#608);
#492=LINE('',#2839,#609);
#493=LINE('',#2843,#610);
#494=LINE('',#2844,#611);
#495=LINE('',#2907,#612);
#496=LINE('',#2940,#613);
#497=LINE('',#2973,#614);
#498=LINE('',#2975,#615);
#499=LINE('',#2977,#616);
#500=LINE('',#2980,#617);
#501=LINE('',#2986,#618);
#502=LINE('',#2990,#619);
#503=LINE('',#2994,#620);
#504=LINE('',#2997,#621);
#505=LINE('',#3010,#622);
#506=LINE('',#3032,#623);
#507=LINE('',#3041,#624);
#508=LINE('',#3042,#625);
#509=LINE('',#3050,#626);
#510=LINE('',#3052,#627);
#511=LINE('',#3061,#628);
#512=LINE('',#3062,#629);
#513=LINE('',#3071,#630);
#514=LINE('',#3072,#631);
#515=LINE('',#3074,#632);
#516=LINE('',#3075,#633);
#517=LINE('',#3084,#634);
#518=LINE('',#3085,#635);
#519=LINE('',#3087,#636);
#520=LINE('',#3088,#637);
#521=LINE('',#3090,#638);
#522=LINE('',#3091,#639);
#523=LINE('',#3093,#640);
#524=LINE('',#3094,#641);
#525=LINE('',#3096,#642);
#526=LINE('',#3105,#643);
#527=LINE('',#3109,#644);
#528=LINE('',#3113,#645);
#529=LINE('',#3117,#646);
#530=LINE('',#3123,#647);
#531=LINE('',#3126,#648);
#532=LINE('',#3132,#649);
#533=LINE('',#3134,#650);
#534=LINE('',#3142,#651);
#535=LINE('',#3144,#652);
#536=LINE('',#3151,#653);
#537=LINE('',#3153,#654);
#538=LINE('',#3159,#655);
#539=LINE('',#3160,#656);
#540=LINE('',#3162,#657);
#541=LINE('',#3164,#658);
#542=LINE('',#3166,#659);
#543=LINE('',#3169,#660);
#544=LINE('',#3170,#661);
#545=LINE('',#3173,#662);
#546=VECTOR('',#1901,10.);
#547=VECTOR('',#1902,10.);
#548=VECTOR('',#1917,10.);
#549=VECTOR('',#1918,10.);
#550=VECTOR('',#1921,10.);
#551=VECTOR('',#1922,10.);
#552=VECTOR('',#1931,10.);
#553=VECTOR('',#1932,10.);
#554=VECTOR('',#1941,10.);
#555=VECTOR('',#1942,10.);
#556=VECTOR('',#1943,10.);
#557=VECTOR('',#1946,10.);
#558=VECTOR('',#1951,10.);
#559=VECTOR('',#1952,10.);
#560=VECTOR('',#1955,10.);
#561=VECTOR('',#1962,10.);
#562=VECTOR('',#1965,10.);
#563=VECTOR('',#1968,10.);
#564=VECTOR('',#1971,10.);
#565=VECTOR('',#1974,10.);
#566=VECTOR('',#1977,10.);
#567=VECTOR('',#1994,10.);
#568=VECTOR('',#1997,10.);
#569=VECTOR('',#2000,10.);
#570=VECTOR('',#2001,10.);
#571=VECTOR('',#2004,10.);
#572=VECTOR('',#2007,10.);
#573=VECTOR('',#2010,10.);
#574=VECTOR('',#2025,10.);
#575=VECTOR('',#2030,10.);
#576=VECTOR('',#2031,10.);
#577=VECTOR('',#2032,10.);
#578=VECTOR('',#2037,10.);
#579=VECTOR('',#2046,10.);
#580=VECTOR('',#2049,10.);
#581=VECTOR('',#2052,10.);
#582=VECTOR('',#2053,10.);
#583=VECTOR('',#2054,10.);
#584=VECTOR('',#2057,10.);
#585=VECTOR('',#2062,10.);
#586=VECTOR('',#2067,10.);
#587=VECTOR('',#2072,10.);
#588=VECTOR('',#2073,10.);
#589=VECTOR('',#2074,10.);
#590=VECTOR('',#2079,10.);
#591=VECTOR('',#2088,10.);
#592=VECTOR('',#2091,10.);
#593=VECTOR('',#2092,10.);
#594=VECTOR('',#2095,10.);
#595=VECTOR('',#2100,10.);
#596=VECTOR('',#2105,10.);
#597=VECTOR('',#2110,10.);
#598=VECTOR('',#2111,10.);
#599=VECTOR('',#2112,10.);
#600=VECTOR('',#2115,10.);
#601=VECTOR('',#2118,10.);
#602=VECTOR('',#2121,10.);
#603=VECTOR('',#2122,10.);
#604=VECTOR('',#2125,10.);
#605=VECTOR('',#2130,10.);
#606=VECTOR('',#2133,10.);
#607=VECTOR('',#2136,10.);
#608=VECTOR('',#2137,10.);
#609=VECTOR('',#2140,10.);
#610=VECTOR('',#2145,10.);
#611=VECTOR('',#2146,10.);
#612=VECTOR('',#2155,10.);
#613=VECTOR('',#2162,10.);
#614=VECTOR('',#2171,10.);
#615=VECTOR('',#2174,10.);
#616=VECTOR('',#2177,10.);
#617=VECTOR('',#2182,10.);
#618=VECTOR('',#2187,10.);
#619=VECTOR('',#2190,10.);
#620=VECTOR('',#2193,10.);
#621=VECTOR('',#2196,10.);
#622=VECTOR('',#2209,3.175);
#623=VECTOR('',#2240,10.);
#624=VECTOR('',#2251,10.);
#625=VECTOR('',#2252,10.);
#626=VECTOR('',#2263,10.);
#627=VECTOR('',#2266,10.);
#628=VECTOR('',#2277,10.);
#629=VECTOR('',#2278,10.);
#630=VECTOR('',#2289,10.);
#631=VECTOR('',#2290,10.);
#632=VECTOR('',#2293,10.);
#633=VECTOR('',#2294,10.);
#634=VECTOR('',#2305,10.);
#635=VECTOR('',#2306,10.);
#636=VECTOR('',#2309,10.);
#637=VECTOR('',#2310,10.);
#638=VECTOR('',#2313,10.);
#639=VECTOR('',#2314,10.);
#640=VECTOR('',#2317,10.);
#641=VECTOR('',#2318,10.);
#642=VECTOR('',#2321,10.);
#643=VECTOR('',#2336,1.75);
#644=VECTOR('',#2341,1.75);
#645=VECTOR('',#2346,1.75);
#646=VECTOR('',#2351,1.75);
#647=VECTOR('',#2356,10.);
#648=VECTOR('',#2359,10.);
#649=VECTOR('',#2364,10.);
#650=VECTOR('',#2367,10.);
#651=VECTOR('',#2376,10.);
#652=VECTOR('',#2379,10.);
#653=VECTOR('',#2388,10.);
#654=VECTOR('',#2391,10.);
#655=VECTOR('',#2402,10.);
#656=VECTOR('',#2403,10.);
#657=VECTOR('',#2406,10.);
#658=VECTOR('',#2409,10.);
#659=VECTOR('',#2412,10.);
#660=VECTOR('',#2417,10.);
#661=VECTOR('',#2418,10.);
#662=VECTOR('',#2423,10.);
#663=VERTEX_POINT('',#2428);
#664=VERTEX_POINT('',#2429);
#665=VERTEX_POINT('',#2431);
#666=VERTEX_POINT('',#2446);
#667=VERTEX_POINT('',#2463);
#668=VERTEX_POINT('',#2465);
#669=VERTEX_POINT('',#2482);
#670=VERTEX_POINT('',#2483);
#671=VERTEX_POINT('',#2485);
#672=VERTEX_POINT('',#2502);
#673=VERTEX_POINT('',#2522);
#674=VERTEX_POINT('',#2524);
#675=VERTEX_POINT('',#2541);
#676=VERTEX_POINT('',#2543);
#677=VERTEX_POINT('',#2560);
#678=VERTEX_POINT('',#2562);
#679=VERTEX_POINT('',#2582);
#680=VERTEX_POINT('',#2584);
#681=VERTEX_POINT('',#2588);
#682=VERTEX_POINT('',#2592);
#683=VERTEX_POINT('',#2596);
#684=VERTEX_POINT('',#2600);
#685=VERTEX_POINT('',#2601);
#686=VERTEX_POINT('',#2603);
#687=VERTEX_POINT('',#2605);
#688=VERTEX_POINT('',#2607);
#689=VERTEX_POINT('',#2609);
#690=VERTEX_POINT('',#2611);
#691=VERTEX_POINT('',#2613);
#692=VERTEX_POINT('',#2617);
#693=VERTEX_POINT('',#2618);
#694=VERTEX_POINT('',#2627);
#695=VERTEX_POINT('',#2629);
#696=VERTEX_POINT('',#2638);
#697=VERTEX_POINT('',#2640);
#698=VERTEX_POINT('',#2644);
#699=VERTEX_POINT('',#2646);
#700=VERTEX_POINT('',#2655);
#701=VERTEX_POINT('',#2657);
#702=VERTEX_POINT('',#2661);
#703=VERTEX_POINT('',#2663);
#704=VERTEX_POINT('',#2665);
#705=VERTEX_POINT('',#2667);
#706=VERTEX_POINT('',#2669);
#707=VERTEX_POINT('',#2672);
#708=VERTEX_POINT('',#2673);
#709=VERTEX_POINT('',#2675);
#710=VERTEX_POINT('',#2677);
#711=VERTEX_POINT('',#2679);
#712=VERTEX_POINT('',#2681);
#713=VERTEX_POINT('',#2683);
#714=VERTEX_POINT('',#2685);
#715=VERTEX_POINT('',#2689);
#716=VERTEX_POINT('',#2691);
#717=VERTEX_POINT('',#2693);
#718=VERTEX_POINT('',#2704);
#719=VERTEX_POINT('',#2713);
#720=VERTEX_POINT('',#2715);
#721=VERTEX_POINT('',#2719);
#722=VERTEX_POINT('',#2721);
#723=VERTEX_POINT('',#2725);
#724=VERTEX_POINT('',#2729);
#725=VERTEX_POINT('',#2736);
#726=VERTEX_POINT('',#2744);
#727=VERTEX_POINT('',#2746);
#728=VERTEX_POINT('',#2750);
#729=VERTEX_POINT('',#2756);
#730=VERTEX_POINT('',#2765);
#731=VERTEX_POINT('',#2767);
#732=VERTEX_POINT('',#2771);
#733=VERTEX_POINT('',#2773);
#734=VERTEX_POINT('',#2777);
#735=VERTEX_POINT('',#2781);
#736=VERTEX_POINT('',#2790);
#737=VERTEX_POINT('',#2796);
#738=VERTEX_POINT('',#2800);
#739=VERTEX_POINT('',#2806);
#740=VERTEX_POINT('',#2808);
#741=VERTEX_POINT('',#2812);
#742=VERTEX_POINT('',#2814);
#743=VERTEX_POINT('',#2822);
#744=VERTEX_POINT('',#2826);
#745=VERTEX_POINT('',#2834);
#746=VERTEX_POINT('',#2838);
#747=VERTEX_POINT('',#2842);
#748=VERTEX_POINT('',#2875);
#749=VERTEX_POINT('',#2892);
#750=VERTEX_POINT('',#2909);
#751=VERTEX_POINT('',#2982);
#752=VERTEX_POINT('',#2983);
#753=VERTEX_POINT('',#2985);
#754=VERTEX_POINT('',#2987);
#755=VERTEX_POINT('',#2989);
#756=VERTEX_POINT('',#2991);
#757=VERTEX_POINT('',#2993);
#758=VERTEX_POINT('',#2995);
#759=VERTEX_POINT('',#2998);
#760=VERTEX_POINT('',#3000);
#761=VERTEX_POINT('',#3002);
#762=VERTEX_POINT('',#3004);
#763=VERTEX_POINT('',#3007);
#764=VERTEX_POINT('',#3009);
#765=VERTEX_POINT('',#3014);
#766=VERTEX_POINT('',#3016);
#767=VERTEX_POINT('',#3020);
#768=VERTEX_POINT('',#3022);
#769=VERTEX_POINT('',#3026);
#770=VERTEX_POINT('',#3028);
#771=VERTEX_POINT('',#3034);
#772=VERTEX_POINT('',#3035);
#773=VERTEX_POINT('',#3037);
#774=VERTEX_POINT('',#3044);
#775=VERTEX_POINT('',#3045);
#776=VERTEX_POINT('',#3054);
#777=VERTEX_POINT('',#3055);
#778=VERTEX_POINT('',#3057);
#779=VERTEX_POINT('',#3064);
#780=VERTEX_POINT('',#3065);
#781=VERTEX_POINT('',#3067);
#782=VERTEX_POINT('',#3077);
#783=VERTEX_POINT('',#3078);
#784=VERTEX_POINT('',#3080);
#785=VERTEX_POINT('',#3103);
#786=VERTEX_POINT('',#3107);
#787=VERTEX_POINT('',#3111);
#788=VERTEX_POINT('',#3115);
#789=VERTEX_POINT('',#3119);
#790=VERTEX_POINT('',#3120);
#791=VERTEX_POINT('',#3122);
#792=VERTEX_POINT('',#3124);
#793=VERTEX_POINT('',#3128);
#794=VERTEX_POINT('',#3129);
#795=VERTEX_POINT('',#3131);
#796=VERTEX_POINT('',#3138);
#797=VERTEX_POINT('',#3139);
#798=VERTEX_POINT('',#3141);
#799=VERTEX_POINT('',#3148);
#800=VERTEX_POINT('',#3150);
#801=EDGE_CURVE('',#663,#664,#429,.T.);
#802=EDGE_CURVE('',#664,#665,#405,.T.);
#803=EDGE_CURVE('',#665,#666,#430,.T.);
#804=EDGE_CURVE('',#663,#666,#406,.T.);
#805=EDGE_CURVE('',#664,#667,#73,.T.);
#806=EDGE_CURVE('',#667,#668,#407,.T.);
#807=EDGE_CURVE('',#668,#665,#74,.T.);
#808=EDGE_CURVE('',#669,#670,#75,.T.);
#809=EDGE_CURVE('',#670,#671,#408,.T.);
#810=EDGE_CURVE('',#671,#672,#76,.T.);
#811=EDGE_CURVE('',#672,#669,#409,.T.);
#812=EDGE_CURVE('',#667,#671,#431,.T.);
#813=EDGE_CURVE('',#670,#668,#432,.T.);
#814=EDGE_CURVE('',#673,#669,#433,.T.);
#815=EDGE_CURVE('',#672,#674,#434,.T.);
#816=EDGE_CURVE('',#674,#673,#410,.T.);
#817=EDGE_CURVE('',#675,#673,#77,.T.);
#818=EDGE_CURVE('',#674,#676,#78,.T.);
#819=EDGE_CURVE('',#676,#675,#411,.T.);
#820=EDGE_CURVE('',#677,#675,#435,.T.);
#821=EDGE_CURVE('',#676,#678,#436,.T.);
#822=EDGE_CURVE('',#678,#677,#412,.T.);
#823=EDGE_CURVE('',#666,#677,#79,.T.);
#824=EDGE_CURVE('',#678,#663,#80,.T.);
#825=EDGE_CURVE('',#676,#679,#437,.T.);
#826=EDGE_CURVE('',#680,#679,#438,.T.);
#827=EDGE_CURVE('',#678,#680,#439,.T.);
#828=EDGE_CURVE('',#674,#681,#440,.T.);
#829=EDGE_CURVE('',#679,#681,#81,.T.);
#830=EDGE_CURVE('',#672,#682,#441,.T.);
#831=EDGE_CURVE('',#681,#682,#442,.T.);
#832=EDGE_CURVE('',#671,#683,#443,.T.);
#833=EDGE_CURVE('',#682,#683,#82,.T.);
#834=EDGE_CURVE('',#684,#685,#83,.T.);
#835=EDGE_CURVE('',#686,#684,#444,.T.);
#836=EDGE_CURVE('',#687,#686,#84,.T.);
#837=EDGE_CURVE('',#688,#687,#445,.T.);
#838=EDGE_CURVE('',#689,#688,#85,.T.);
#839=EDGE_CURVE('',#690,#689,#446,.T.);
#840=EDGE_CURVE('',#691,#690,#86,.T.);
#841=EDGE_CURVE('',#685,#691,#447,.T.);
#842=EDGE_CURVE('',#692,#693,#413,.T.);
#843=EDGE_CURVE('',#693,#694,#448,.T.);
#844=EDGE_CURVE('',#694,#695,#414,.T.);
#845=EDGE_CURVE('',#695,#696,#23,.T.);
#846=EDGE_CURVE('',#696,#697,#449,.T.);
#847=EDGE_CURVE('',#697,#692,#24,.T.);
#848=EDGE_CURVE('',#694,#698,#87,.T.);
#849=EDGE_CURVE('',#699,#698,#415,.T.);
#850=EDGE_CURVE('',#700,#699,#88,.T.);
#851=EDGE_CURVE('',#700,#701,#89,.T.);
#852=EDGE_CURVE('',#701,#695,#90,.T.);
#853=EDGE_CURVE('',#702,#693,#91,.T.);
#854=EDGE_CURVE('',#703,#702,#450,.T.);
#855=EDGE_CURVE('',#704,#703,#92,.T.);
#856=EDGE_CURVE('',#705,#704,#451,.T.);
#857=EDGE_CURVE('',#706,#705,#93,.T.);
#858=EDGE_CURVE('',#698,#706,#452,.T.);
#859=EDGE_CURVE('',#707,#708,#453,.T.);
#860=EDGE_CURVE('',#709,#707,#94,.T.);
#861=EDGE_CURVE('',#710,#709,#454,.T.);
#862=EDGE_CURVE('',#711,#710,#95,.T.);
#863=EDGE_CURVE('',#712,#711,#455,.T.);
#864=EDGE_CURVE('',#713,#712,#96,.T.);
#865=EDGE_CURVE('',#714,#713,#456,.T.);
#866=EDGE_CURVE('',#708,#714,#97,.T.);
#867=EDGE_CURVE('',#715,#692,#98,.T.);
#868=EDGE_CURVE('',#715,#716,#99,.T.);
#869=EDGE_CURVE('',#716,#717,#100,.T.);
#870=EDGE_CURVE('',#702,#717,#416,.T.);
#871=EDGE_CURVE('',#706,#718,#417,.T.);
#872=EDGE_CURVE('',#718,#719,#25,.T.);
#873=EDGE_CURVE('',#719,#720,#457,.T.);
#874=EDGE_CURVE('',#720,#699,#26,.T.);
#875=EDGE_CURVE('',#721,#719,#458,.T.);
#876=EDGE_CURVE('',#722,#721,#459,.T.);
#877=EDGE_CURVE('',#722,#720,#460,.T.);
#878=EDGE_CURVE('',#723,#718,#101,.T.);
#879=EDGE_CURVE('',#723,#719,#461,.T.);
#880=EDGE_CURVE('',#724,#705,#418,.T.);
#881=EDGE_CURVE('',#725,#724,#102,.T.);
#882=EDGE_CURVE('',#725,#723,#103,.T.);
#883=EDGE_CURVE('',#720,#700,#462,.T.);
#884=EDGE_CURVE('',#701,#696,#463,.T.);
#885=EDGE_CURVE('',#726,#701,#464,.T.);
#886=EDGE_CURVE('',#727,#726,#465,.T.);
#887=EDGE_CURVE('',#727,#696,#466,.T.);
#888=EDGE_CURVE('',#728,#700,#467,.T.);
#889=EDGE_CURVE('',#726,#728,#104,.T.);
#890=EDGE_CURVE('',#728,#722,#468,.T.);
#891=EDGE_CURVE('',#704,#729,#419,.T.);
#892=EDGE_CURVE('',#729,#730,#27,.T.);
#893=EDGE_CURVE('',#730,#731,#469,.T.);
#894=EDGE_CURVE('',#731,#724,#28,.T.);
#895=EDGE_CURVE('',#732,#730,#470,.T.);
#896=EDGE_CURVE('',#733,#732,#471,.T.);
#897=EDGE_CURVE('',#733,#731,#472,.T.);
#898=EDGE_CURVE('',#734,#729,#105,.T.);
#899=EDGE_CURVE('',#734,#730,#473,.T.);
#900=EDGE_CURVE('',#735,#703,#420,.T.);
#901=EDGE_CURVE('',#736,#735,#106,.T.);
#902=EDGE_CURVE('',#736,#734,#107,.T.);
#903=EDGE_CURVE('',#731,#725,#474,.T.);
#904=EDGE_CURVE('',#737,#723,#475,.T.);
#905=EDGE_CURVE('',#721,#737,#476,.T.);
#906=EDGE_CURVE('',#738,#725,#477,.T.);
#907=EDGE_CURVE('',#737,#738,#108,.T.);
#908=EDGE_CURVE('',#738,#733,#478,.T.);
#909=EDGE_CURVE('',#717,#739,#29,.T.);
#910=EDGE_CURVE('',#739,#740,#479,.T.);
#911=EDGE_CURVE('',#740,#735,#30,.T.);
#912=EDGE_CURVE('',#741,#739,#480,.T.);
#913=EDGE_CURVE('',#742,#741,#481,.T.);
#914=EDGE_CURVE('',#742,#740,#482,.T.);
#915=EDGE_CURVE('',#716,#739,#483,.T.);
#916=EDGE_CURVE('',#740,#736,#484,.T.);
#917=EDGE_CURVE('',#743,#734,#485,.T.);
#918=EDGE_CURVE('',#732,#743,#486,.T.);
#919=EDGE_CURVE('',#744,#736,#487,.T.);
#920=EDGE_CURVE('',#743,#744,#109,.T.);
#921=EDGE_CURVE('',#744,#742,#488,.T.);
#922=EDGE_CURVE('',#697,#715,#489,.T.);
#923=EDGE_CURVE('',#745,#716,#490,.T.);
#924=EDGE_CURVE('',#741,#745,#491,.T.);
#925=EDGE_CURVE('',#746,#715,#492,.T.);
#926=EDGE_CURVE('',#745,#746,#110,.T.);
#927=EDGE_CURVE('',#747,#697,#493,.T.);
#928=EDGE_CURVE('',#746,#747,#494,.T.);
#929=EDGE_CURVE('',#708,#680,#421,.T.);
#930=EDGE_CURVE('',#707,#679,#422,.T.);
#931=EDGE_CURVE('',#714,#748,#423,.T.);
#932=EDGE_CURVE('',#748,#680,#111,.T.);
#933=EDGE_CURVE('',#713,#749,#424,.T.);
#934=EDGE_CURVE('',#749,#748,#495,.T.);
#935=EDGE_CURVE('',#712,#750,#425,.T.);
#936=EDGE_CURVE('',#750,#749,#112,.T.);
#937=EDGE_CURVE('',#711,#683,#426,.T.);
#938=EDGE_CURVE('',#683,#750,#496,.T.);
#939=EDGE_CURVE('',#710,#682,#427,.T.);
#940=EDGE_CURVE('',#709,#681,#428,.T.);
#941=EDGE_CURVE('',#663,#748,#497,.T.);
#942=EDGE_CURVE('',#664,#749,#498,.T.);
#943=EDGE_CURVE('',#667,#750,#499,.T.);
#944=EDGE_CURVE('',#747,#727,#500,.T.);
#945=EDGE_CURVE('',#751,#752,#113,.T.);
#946=EDGE_CURVE('',#751,#753,#501,.T.);
#947=EDGE_CURVE('',#754,#753,#114,.T.);
#948=EDGE_CURVE('',#754,#755,#502,.T.);
#949=EDGE_CURVE('',#756,#755,#115,.T.);
#950=EDGE_CURVE('',#756,#757,#503,.T.);
#951=EDGE_CURVE('',#758,#757,#116,.T.);
#952=EDGE_CURVE('',#758,#752,#504,.T.);
#953=EDGE_CURVE('',#759,#759,#117,.T.);
#954=EDGE_CURVE('',#760,#760,#118,.T.);
#955=EDGE_CURVE('',#761,#761,#119,.T.);
#956=EDGE_CURVE('',#762,#762,#120,.T.);
#957=EDGE_CURVE('',#763,#763,#121,.T.);
#958=EDGE_CURVE('',#763,#764,#505,.T.);
#959=EDGE_CURVE('',#764,#764,#122,.T.);
#960=EDGE_CURVE('',#765,#688,#123,.T.);
#961=EDGE_CURVE('',#766,#765,#124,.F.);
#962=EDGE_CURVE('',#689,#766,#125,.T.);
#963=EDGE_CURVE('',#767,#686,#126,.T.);
#964=EDGE_CURVE('',#768,#767,#127,.F.);
#965=EDGE_CURVE('',#687,#768,#128,.T.);
#966=EDGE_CURVE('',#769,#690,#129,.T.);
#967=EDGE_CURVE('',#770,#769,#130,.F.);
#968=EDGE_CURVE('',#691,#770,#131,.T.);
#969=EDGE_CURVE('',#766,#769,#506,.T.);
#970=EDGE_CURVE('',#771,#772,#132,.F.);
#971=EDGE_CURVE('',#773,#771,#133,.F.);
#972=EDGE_CURVE('',#772,#773,#134,.F.);
#973=EDGE_CURVE('',#771,#766,#507,.T.);
#974=EDGE_CURVE('',#765,#773,#508,.T.);
#975=EDGE_CURVE('',#774,#775,#135,.F.);
#976=EDGE_CURVE('',#684,#774,#136,.T.);
#977=EDGE_CURVE('',#775,#685,#137,.T.);
#978=EDGE_CURVE('',#774,#767,#509,.T.);
#979=EDGE_CURVE('',#770,#775,#510,.T.);
#980=EDGE_CURVE('',#776,#777,#138,.F.);
#981=EDGE_CURVE('',#778,#776,#139,.F.);
#982=EDGE_CURVE('',#777,#778,#140,.F.);
#983=EDGE_CURVE('',#776,#768,#511,.T.);
#984=EDGE_CURVE('',#767,#778,#512,.T.);
#985=EDGE_CURVE('',#779,#780,#141,.F.);
#986=EDGE_CURVE('',#781,#779,#142,.F.);
#987=EDGE_CURVE('',#780,#781,#143,.F.);
#988=EDGE_CURVE('',#779,#770,#513,.T.);
#989=EDGE_CURVE('',#769,#781,#514,.T.);
#990=EDGE_CURVE('',#772,#780,#515,.T.);
#991=EDGE_CURVE('',#781,#771,#516,.T.);
#992=EDGE_CURVE('',#782,#783,#144,.F.);
#993=EDGE_CURVE('',#784,#782,#145,.F.);
#994=EDGE_CURVE('',#783,#784,#146,.F.);
#995=EDGE_CURVE('',#782,#774,#517,.T.);
#996=EDGE_CURVE('',#775,#784,#518,.T.);
#997=EDGE_CURVE('',#780,#783,#519,.T.);
#998=EDGE_CURVE('',#784,#779,#520,.T.);
#999=EDGE_CURVE('',#783,#777,#521,.T.);
#1000=EDGE_CURVE('',#778,#782,#522,.T.);
#1001=EDGE_CURVE('',#777,#772,#523,.T.);
#1002=EDGE_CURVE('',#773,#776,#524,.T.);
#1003=EDGE_CURVE('',#768,#765,#525,.T.);
#1004=EDGE_CURVE('',#785,#785,#147,.T.);
#1005=EDGE_CURVE('',#785,#759,#526,.T.);
#1006=EDGE_CURVE('',#786,#786,#148,.T.);
#1007=EDGE_CURVE('',#786,#760,#527,.T.);
#1008=EDGE_CURVE('',#787,#787,#149,.T.);
#1009=EDGE_CURVE('',#787,#761,#528,.T.);
#1010=EDGE_CURVE('',#788,#788,#150,.T.);
#1011=EDGE_CURVE('',#788,#762,#529,.T.);
#1012=EDGE_CURVE('',#789,#790,#151,.T.);
#1013=EDGE_CURVE('',#790,#791,#530,.T.);
#1014=EDGE_CURVE('',#791,#792,#152,.T.);
#1015=EDGE_CURVE('',#792,#789,#531,.T.);
#1016=EDGE_CURVE('',#793,#794,#153,.T.);
#1017=EDGE_CURVE('',#794,#795,#532,.T.);
#1018=EDGE_CURVE('',#795,#789,#154,.T.);
#1019=EDGE_CURVE('',#789,#793,#533,.T.);
#1020=EDGE_CURVE('',#795,#790,#155,.T.);
#1021=EDGE_CURVE('',#796,#797,#156,.T.);
#1022=EDGE_CURVE('',#797,#798,#534,.T.);
#1023=EDGE_CURVE('',#798,#793,#157,.T.);
#1024=EDGE_CURVE('',#793,#796,#535,.T.);
#1025=EDGE_CURVE('',#798,#794,#158,.T.);
#1026=EDGE_CURVE('',#792,#799,#159,.T.);
#1027=EDGE_CURVE('',#799,#800,#536,.T.);
#1028=EDGE_CURVE('',#800,#796,#160,.T.);
#1029=EDGE_CURVE('',#796,#792,#537,.T.);
#1030=EDGE_CURVE('',#800,#797,#161,.T.);
#1031=EDGE_CURVE('',#791,#799,#162,.T.);
#1032=EDGE_CURVE('',#798,#754,#538,.T.);
#1033=EDGE_CURVE('',#753,#794,#539,.T.);
#1034=EDGE_CURVE('',#755,#797,#540,.T.);
#1035=EDGE_CURVE('',#800,#756,#541,.T.);
#1036=EDGE_CURVE('',#757,#799,#542,.T.);
#1037=EDGE_CURVE('',#795,#751,#543,.T.);
#1038=EDGE_CURVE('',#752,#790,#544,.T.);
#1039=EDGE_CURVE('',#791,#758,#545,.T.);
#1040=ORIENTED_EDGE('',*,*,#801,.T.);
#1041=ORIENTED_EDGE('',*,*,#802,.T.);
#1042=ORIENTED_EDGE('',*,*,#803,.T.);
#1043=ORIENTED_EDGE('',*,*,#804,.F.);
#1044=ORIENTED_EDGE('',*,*,#805,.T.);
#1045=ORIENTED_EDGE('',*,*,#806,.T.);
#1046=ORIENTED_EDGE('',*,*,#807,.T.);
#1047=ORIENTED_EDGE('',*,*,#802,.F.);
#1048=ORIENTED_EDGE('',*,*,#808,.T.);
#1049=ORIENTED_EDGE('',*,*,#809,.T.);
#1050=ORIENTED_EDGE('',*,*,#810,.T.);
#1051=ORIENTED_EDGE('',*,*,#811,.T.);
#1052=ORIENTED_EDGE('',*,*,#812,.T.);
#1053=ORIENTED_EDGE('',*,*,#809,.F.);
#1054=ORIENTED_EDGE('',*,*,#813,.T.);
#1055=ORIENTED_EDGE('',*,*,#806,.F.);
#1056=ORIENTED_EDGE('',*,*,#814,.T.);
#1057=ORIENTED_EDGE('',*,*,#811,.F.);
#1058=ORIENTED_EDGE('',*,*,#815,.T.);
#1059=ORIENTED_EDGE('',*,*,#816,.T.);
#1060=ORIENTED_EDGE('',*,*,#817,.T.);
#1061=ORIENTED_EDGE('',*,*,#816,.F.);
#1062=ORIENTED_EDGE('',*,*,#818,.T.);
#1063=ORIENTED_EDGE('',*,*,#819,.T.);
#1064=ORIENTED_EDGE('',*,*,#820,.T.);
#1065=ORIENTED_EDGE('',*,*,#819,.F.);
#1066=ORIENTED_EDGE('',*,*,#821,.T.);
#1067=ORIENTED_EDGE('',*,*,#822,.T.);
#1068=ORIENTED_EDGE('',*,*,#823,.T.);
#1069=ORIENTED_EDGE('',*,*,#822,.F.);
#1070=ORIENTED_EDGE('',*,*,#824,.T.);
#1071=ORIENTED_EDGE('',*,*,#804,.T.);
#1072=ORIENTED_EDGE('',*,*,#821,.F.);
#1073=ORIENTED_EDGE('',*,*,#825,.T.);
#1074=ORIENTED_EDGE('',*,*,#826,.F.);
#1075=ORIENTED_EDGE('',*,*,#827,.F.);
#1076=ORIENTED_EDGE('',*,*,#818,.F.);
#1077=ORIENTED_EDGE('',*,*,#828,.T.);
#1078=ORIENTED_EDGE('',*,*,#829,.F.);
#1079=ORIENTED_EDGE('',*,*,#825,.F.);
#1080=ORIENTED_EDGE('',*,*,#815,.F.);
#1081=ORIENTED_EDGE('',*,*,#830,.T.);
#1082=ORIENTED_EDGE('',*,*,#831,.F.);
#1083=ORIENTED_EDGE('',*,*,#828,.F.);
#1084=ORIENTED_EDGE('',*,*,#810,.F.);
#1085=ORIENTED_EDGE('',*,*,#832,.T.);
#1086=ORIENTED_EDGE('',*,*,#833,.F.);
#1087=ORIENTED_EDGE('',*,*,#830,.F.);
#1088=ORIENTED_EDGE('',*,*,#808,.F.);
#1089=ORIENTED_EDGE('',*,*,#814,.F.);
#1090=ORIENTED_EDGE('',*,*,#817,.F.);
#1091=ORIENTED_EDGE('',*,*,#820,.F.);
#1092=ORIENTED_EDGE('',*,*,#823,.F.);
#1093=ORIENTED_EDGE('',*,*,#803,.F.);
#1094=ORIENTED_EDGE('',*,*,#807,.F.);
#1095=ORIENTED_EDGE('',*,*,#813,.F.);
#1096=ORIENTED_EDGE('',*,*,#834,.F.);
#1097=ORIENTED_EDGE('',*,*,#835,.F.);
#1098=ORIENTED_EDGE('',*,*,#836,.F.);
#1099=ORIENTED_EDGE('',*,*,#837,.F.);
#1100=ORIENTED_EDGE('',*,*,#838,.F.);
#1101=ORIENTED_EDGE('',*,*,#839,.F.);
#1102=ORIENTED_EDGE('',*,*,#840,.F.);
#1103=ORIENTED_EDGE('',*,*,#841,.F.);
#1104=ORIENTED_EDGE('',*,*,#842,.T.);
#1105=ORIENTED_EDGE('',*,*,#843,.T.);
#1106=ORIENTED_EDGE('',*,*,#844,.T.);
#1107=ORIENTED_EDGE('',*,*,#845,.T.);
#1108=ORIENTED_EDGE('',*,*,#846,.T.);
#1109=ORIENTED_EDGE('',*,*,#847,.T.);
#1110=ORIENTED_EDGE('',*,*,#844,.F.);
#1111=ORIENTED_EDGE('',*,*,#848,.T.);
#1112=ORIENTED_EDGE('',*,*,#849,.F.);
#1113=ORIENTED_EDGE('',*,*,#850,.F.);
#1114=ORIENTED_EDGE('',*,*,#851,.T.);
#1115=ORIENTED_EDGE('',*,*,#852,.T.);
#1116=ORIENTED_EDGE('',*,*,#843,.F.);
#1117=ORIENTED_EDGE('',*,*,#853,.F.);
#1118=ORIENTED_EDGE('',*,*,#854,.F.);
#1119=ORIENTED_EDGE('',*,*,#855,.F.);
#1120=ORIENTED_EDGE('',*,*,#856,.F.);
#1121=ORIENTED_EDGE('',*,*,#857,.F.);
#1122=ORIENTED_EDGE('',*,*,#858,.F.);
#1123=ORIENTED_EDGE('',*,*,#848,.F.);
#1124=ORIENTED_EDGE('',*,*,#859,.F.);
#1125=ORIENTED_EDGE('',*,*,#860,.F.);
#1126=ORIENTED_EDGE('',*,*,#861,.F.);
#1127=ORIENTED_EDGE('',*,*,#862,.F.);
#1128=ORIENTED_EDGE('',*,*,#863,.F.);
#1129=ORIENTED_EDGE('',*,*,#864,.F.);
#1130=ORIENTED_EDGE('',*,*,#865,.F.);
#1131=ORIENTED_EDGE('',*,*,#866,.F.);
#1132=ORIENTED_EDGE('',*,*,#842,.F.);
#1133=ORIENTED_EDGE('',*,*,#867,.F.);
#1134=ORIENTED_EDGE('',*,*,#868,.T.);
#1135=ORIENTED_EDGE('',*,*,#869,.T.);
#1136=ORIENTED_EDGE('',*,*,#870,.F.);
#1137=ORIENTED_EDGE('',*,*,#853,.T.);
#1138=ORIENTED_EDGE('',*,*,#849,.T.);
#1139=ORIENTED_EDGE('',*,*,#858,.T.);
#1140=ORIENTED_EDGE('',*,*,#871,.T.);
#1141=ORIENTED_EDGE('',*,*,#872,.T.);
#1142=ORIENTED_EDGE('',*,*,#873,.T.);
#1143=ORIENTED_EDGE('',*,*,#874,.T.);
#1144=ORIENTED_EDGE('',*,*,#873,.F.);
#1145=ORIENTED_EDGE('',*,*,#875,.F.);
#1146=ORIENTED_EDGE('',*,*,#876,.F.);
#1147=ORIENTED_EDGE('',*,*,#877,.T.);
#1148=ORIENTED_EDGE('',*,*,#872,.F.);
#1149=ORIENTED_EDGE('',*,*,#878,.F.);
#1150=ORIENTED_EDGE('',*,*,#879,.T.);
#1151=ORIENTED_EDGE('',*,*,#871,.F.);
#1152=ORIENTED_EDGE('',*,*,#857,.T.);
#1153=ORIENTED_EDGE('',*,*,#880,.F.);
#1154=ORIENTED_EDGE('',*,*,#881,.F.);
#1155=ORIENTED_EDGE('',*,*,#882,.T.);
#1156=ORIENTED_EDGE('',*,*,#878,.T.);
#1157=ORIENTED_EDGE('',*,*,#874,.F.);
#1158=ORIENTED_EDGE('',*,*,#883,.T.);
#1159=ORIENTED_EDGE('',*,*,#850,.T.);
#1160=ORIENTED_EDGE('',*,*,#845,.F.);
#1161=ORIENTED_EDGE('',*,*,#852,.F.);
#1162=ORIENTED_EDGE('',*,*,#884,.T.);
#1163=ORIENTED_EDGE('',*,*,#884,.F.);
#1164=ORIENTED_EDGE('',*,*,#885,.F.);
#1165=ORIENTED_EDGE('',*,*,#886,.F.);
#1166=ORIENTED_EDGE('',*,*,#887,.T.);
#1167=ORIENTED_EDGE('',*,*,#851,.F.);
#1168=ORIENTED_EDGE('',*,*,#888,.F.);
#1169=ORIENTED_EDGE('',*,*,#889,.F.);
#1170=ORIENTED_EDGE('',*,*,#885,.T.);
#1171=ORIENTED_EDGE('',*,*,#883,.F.);
#1172=ORIENTED_EDGE('',*,*,#877,.F.);
#1173=ORIENTED_EDGE('',*,*,#890,.F.);
#1174=ORIENTED_EDGE('',*,*,#888,.T.);
#1175=ORIENTED_EDGE('',*,*,#880,.T.);
#1176=ORIENTED_EDGE('',*,*,#856,.T.);
#1177=ORIENTED_EDGE('',*,*,#891,.T.);
#1178=ORIENTED_EDGE('',*,*,#892,.T.);
#1179=ORIENTED_EDGE('',*,*,#893,.T.);
#1180=ORIENTED_EDGE('',*,*,#894,.T.);
#1181=ORIENTED_EDGE('',*,*,#893,.F.);
#1182=ORIENTED_EDGE('',*,*,#895,.F.);
#1183=ORIENTED_EDGE('',*,*,#896,.F.);
#1184=ORIENTED_EDGE('',*,*,#897,.T.);
#1185=ORIENTED_EDGE('',*,*,#892,.F.);
#1186=ORIENTED_EDGE('',*,*,#898,.F.);
#1187=ORIENTED_EDGE('',*,*,#899,.T.);
#1188=ORIENTED_EDGE('',*,*,#891,.F.);
#1189=ORIENTED_EDGE('',*,*,#855,.T.);
#1190=ORIENTED_EDGE('',*,*,#900,.F.);
#1191=ORIENTED_EDGE('',*,*,#901,.F.);
#1192=ORIENTED_EDGE('',*,*,#902,.T.);
#1193=ORIENTED_EDGE('',*,*,#898,.T.);
#1194=ORIENTED_EDGE('',*,*,#894,.F.);
#1195=ORIENTED_EDGE('',*,*,#903,.T.);
#1196=ORIENTED_EDGE('',*,*,#881,.T.);
#1197=ORIENTED_EDGE('',*,*,#879,.F.);
#1198=ORIENTED_EDGE('',*,*,#904,.F.);
#1199=ORIENTED_EDGE('',*,*,#905,.F.);
#1200=ORIENTED_EDGE('',*,*,#875,.T.);
#1201=ORIENTED_EDGE('',*,*,#882,.F.);
#1202=ORIENTED_EDGE('',*,*,#906,.F.);
#1203=ORIENTED_EDGE('',*,*,#907,.F.);
#1204=ORIENTED_EDGE('',*,*,#904,.T.);
#1205=ORIENTED_EDGE('',*,*,#903,.F.);
#1206=ORIENTED_EDGE('',*,*,#897,.F.);
#1207=ORIENTED_EDGE('',*,*,#908,.F.);
#1208=ORIENTED_EDGE('',*,*,#906,.T.);
#1209=ORIENTED_EDGE('',*,*,#900,.T.);
#1210=ORIENTED_EDGE('',*,*,#854,.T.);
#1211=ORIENTED_EDGE('',*,*,#870,.T.);
#1212=ORIENTED_EDGE('',*,*,#909,.T.);
#1213=ORIENTED_EDGE('',*,*,#910,.T.);
#1214=ORIENTED_EDGE('',*,*,#911,.T.);
#1215=ORIENTED_EDGE('',*,*,#910,.F.);
#1216=ORIENTED_EDGE('',*,*,#912,.F.);
#1217=ORIENTED_EDGE('',*,*,#913,.F.);
#1218=ORIENTED_EDGE('',*,*,#914,.T.);
#1219=ORIENTED_EDGE('',*,*,#909,.F.);
#1220=ORIENTED_EDGE('',*,*,#869,.F.);
#1221=ORIENTED_EDGE('',*,*,#915,.T.);
#1222=ORIENTED_EDGE('',*,*,#911,.F.);
#1223=ORIENTED_EDGE('',*,*,#916,.T.);
#1224=ORIENTED_EDGE('',*,*,#901,.T.);
#1225=ORIENTED_EDGE('',*,*,#899,.F.);
#1226=ORIENTED_EDGE('',*,*,#917,.F.);
#1227=ORIENTED_EDGE('',*,*,#918,.F.);
#1228=ORIENTED_EDGE('',*,*,#895,.T.);
#1229=ORIENTED_EDGE('',*,*,#902,.F.);
#1230=ORIENTED_EDGE('',*,*,#919,.F.);
#1231=ORIENTED_EDGE('',*,*,#920,.F.);
#1232=ORIENTED_EDGE('',*,*,#917,.T.);
#1233=ORIENTED_EDGE('',*,*,#916,.F.);
#1234=ORIENTED_EDGE('',*,*,#914,.F.);
#1235=ORIENTED_EDGE('',*,*,#921,.F.);
#1236=ORIENTED_EDGE('',*,*,#919,.T.);
#1237=ORIENTED_EDGE('',*,*,#847,.F.);
#1238=ORIENTED_EDGE('',*,*,#922,.T.);
#1239=ORIENTED_EDGE('',*,*,#867,.T.);
#1240=ORIENTED_EDGE('',*,*,#915,.F.);
#1241=ORIENTED_EDGE('',*,*,#923,.F.);
#1242=ORIENTED_EDGE('',*,*,#924,.F.);
#1243=ORIENTED_EDGE('',*,*,#912,.T.);
#1244=ORIENTED_EDGE('',*,*,#868,.F.);
#1245=ORIENTED_EDGE('',*,*,#925,.F.);
#1246=ORIENTED_EDGE('',*,*,#926,.F.);
#1247=ORIENTED_EDGE('',*,*,#923,.T.);
#1248=ORIENTED_EDGE('',*,*,#922,.F.);
#1249=ORIENTED_EDGE('',*,*,#927,.F.);
#1250=ORIENTED_EDGE('',*,*,#928,.F.);
#1251=ORIENTED_EDGE('',*,*,#925,.T.);
#1252=ORIENTED_EDGE('',*,*,#859,.T.);
#1253=ORIENTED_EDGE('',*,*,#929,.T.);
#1254=ORIENTED_EDGE('',*,*,#826,.T.);
#1255=ORIENTED_EDGE('',*,*,#930,.F.);
#1256=ORIENTED_EDGE('',*,*,#866,.T.);
#1257=ORIENTED_EDGE('',*,*,#931,.T.);
#1258=ORIENTED_EDGE('',*,*,#932,.T.);
#1259=ORIENTED_EDGE('',*,*,#929,.F.);
#1260=ORIENTED_EDGE('',*,*,#865,.T.);
#1261=ORIENTED_EDGE('',*,*,#933,.T.);
#1262=ORIENTED_EDGE('',*,*,#934,.T.);
#1263=ORIENTED_EDGE('',*,*,#931,.F.);
#1264=ORIENTED_EDGE('',*,*,#864,.T.);
#1265=ORIENTED_EDGE('',*,*,#935,.T.);
#1266=ORIENTED_EDGE('',*,*,#936,.T.);
#1267=ORIENTED_EDGE('',*,*,#933,.F.);
#1268=ORIENTED_EDGE('',*,*,#863,.T.);
#1269=ORIENTED_EDGE('',*,*,#937,.T.);
#1270=ORIENTED_EDGE('',*,*,#938,.T.);
#1271=ORIENTED_EDGE('',*,*,#935,.F.);
#1272=ORIENTED_EDGE('',*,*,#833,.T.);
#1273=ORIENTED_EDGE('',*,*,#937,.F.);
#1274=ORIENTED_EDGE('',*,*,#862,.T.);
#1275=ORIENTED_EDGE('',*,*,#939,.T.);
#1276=ORIENTED_EDGE('',*,*,#831,.T.);
#1277=ORIENTED_EDGE('',*,*,#939,.F.);
#1278=ORIENTED_EDGE('',*,*,#861,.T.);
#1279=ORIENTED_EDGE('',*,*,#940,.T.);
#1280=ORIENTED_EDGE('',*,*,#829,.T.);
#1281=ORIENTED_EDGE('',*,*,#940,.F.);
#1282=ORIENTED_EDGE('',*,*,#860,.T.);
#1283=ORIENTED_EDGE('',*,*,#930,.T.);
#1284=ORIENTED_EDGE('',*,*,#824,.F.);
#1285=ORIENTED_EDGE('',*,*,#827,.T.);
#1286=ORIENTED_EDGE('',*,*,#932,.F.);
#1287=ORIENTED_EDGE('',*,*,#941,.F.);
#1288=ORIENTED_EDGE('',*,*,#801,.F.);
#1289=ORIENTED_EDGE('',*,*,#941,.T.);
#1290=ORIENTED_EDGE('',*,*,#934,.F.);
#1291=ORIENTED_EDGE('',*,*,#942,.F.);
#1292=ORIENTED_EDGE('',*,*,#805,.F.);
#1293=ORIENTED_EDGE('',*,*,#942,.T.);
#1294=ORIENTED_EDGE('',*,*,#936,.F.);
#1295=ORIENTED_EDGE('',*,*,#943,.F.);
#1296=ORIENTED_EDGE('',*,*,#812,.F.);
#1297=ORIENTED_EDGE('',*,*,#943,.T.);
#1298=ORIENTED_EDGE('',*,*,#938,.F.);
#1299=ORIENTED_EDGE('',*,*,#832,.F.);
#1300=ORIENTED_EDGE('',*,*,#846,.F.);
#1301=ORIENTED_EDGE('',*,*,#887,.F.);
#1302=ORIENTED_EDGE('',*,*,#944,.F.);
#1303=ORIENTED_EDGE('',*,*,#927,.T.);
#1304=ORIENTED_EDGE('',*,*,#945,.F.);
#1305=ORIENTED_EDGE('',*,*,#946,.T.);
#1306=ORIENTED_EDGE('',*,*,#947,.F.);
#1307=ORIENTED_EDGE('',*,*,#948,.T.);
#1308=ORIENTED_EDGE('',*,*,#949,.F.);
#1309=ORIENTED_EDGE('',*,*,#950,.T.);
#1310=ORIENTED_EDGE('',*,*,#951,.F.);
#1311=ORIENTED_EDGE('',*,*,#952,.T.);
#1312=ORIENTED_EDGE('',*,*,#953,.T.);
#1313=ORIENTED_EDGE('',*,*,#954,.T.);
#1314=ORIENTED_EDGE('',*,*,#955,.T.);
#1315=ORIENTED_EDGE('',*,*,#956,.T.);
#1316=ORIENTED_EDGE('',*,*,#926,.T.);
#1317=ORIENTED_EDGE('',*,*,#928,.T.);
#1318=ORIENTED_EDGE('',*,*,#944,.T.);
#1319=ORIENTED_EDGE('',*,*,#886,.T.);
#1320=ORIENTED_EDGE('',*,*,#889,.T.);
#1321=ORIENTED_EDGE('',*,*,#890,.T.);
#1322=ORIENTED_EDGE('',*,*,#876,.T.);
#1323=ORIENTED_EDGE('',*,*,#905,.T.);
#1324=ORIENTED_EDGE('',*,*,#907,.T.);
#1325=ORIENTED_EDGE('',*,*,#908,.T.);
#1326=ORIENTED_EDGE('',*,*,#896,.T.);
#1327=ORIENTED_EDGE('',*,*,#918,.T.);
#1328=ORIENTED_EDGE('',*,*,#920,.T.);
#1329=ORIENTED_EDGE('',*,*,#921,.T.);
#1330=ORIENTED_EDGE('',*,*,#913,.T.);
#1331=ORIENTED_EDGE('',*,*,#924,.T.);
#1332=ORIENTED_EDGE('',*,*,#957,.F.);
#1333=ORIENTED_EDGE('',*,*,#958,.T.);
#1334=ORIENTED_EDGE('',*,*,#959,.T.);
#1335=ORIENTED_EDGE('',*,*,#958,.F.);
#1336=ORIENTED_EDGE('',*,*,#959,.F.);
#1337=ORIENTED_EDGE('',*,*,#838,.T.);
#1338=ORIENTED_EDGE('',*,*,#960,.F.);
#1339=ORIENTED_EDGE('',*,*,#961,.F.);
#1340=ORIENTED_EDGE('',*,*,#962,.F.);
#1341=ORIENTED_EDGE('',*,*,#836,.T.);
#1342=ORIENTED_EDGE('',*,*,#963,.F.);
#1343=ORIENTED_EDGE('',*,*,#964,.F.);
#1344=ORIENTED_EDGE('',*,*,#965,.F.);
#1345=ORIENTED_EDGE('',*,*,#840,.T.);
#1346=ORIENTED_EDGE('',*,*,#966,.F.);
#1347=ORIENTED_EDGE('',*,*,#967,.F.);
#1348=ORIENTED_EDGE('',*,*,#968,.F.);
#1349=ORIENTED_EDGE('',*,*,#966,.T.);
#1350=ORIENTED_EDGE('',*,*,#839,.T.);
#1351=ORIENTED_EDGE('',*,*,#962,.T.);
#1352=ORIENTED_EDGE('',*,*,#969,.T.);
#1353=ORIENTED_EDGE('',*,*,#970,.F.);
#1354=ORIENTED_EDGE('',*,*,#971,.F.);
#1355=ORIENTED_EDGE('',*,*,#972,.F.);
#1356=ORIENTED_EDGE('',*,*,#971,.T.);
#1357=ORIENTED_EDGE('',*,*,#973,.T.);
#1358=ORIENTED_EDGE('',*,*,#961,.T.);
#1359=ORIENTED_EDGE('',*,*,#974,.T.);
#1360=ORIENTED_EDGE('',*,*,#975,.F.);
#1361=ORIENTED_EDGE('',*,*,#976,.F.);
#1362=ORIENTED_EDGE('',*,*,#834,.T.);
#1363=ORIENTED_EDGE('',*,*,#977,.F.);
#1364=ORIENTED_EDGE('',*,*,#963,.T.);
#1365=ORIENTED_EDGE('',*,*,#835,.T.);
#1366=ORIENTED_EDGE('',*,*,#976,.T.);
#1367=ORIENTED_EDGE('',*,*,#978,.T.);
#1368=ORIENTED_EDGE('',*,*,#977,.T.);
#1369=ORIENTED_EDGE('',*,*,#841,.T.);
#1370=ORIENTED_EDGE('',*,*,#968,.T.);
#1371=ORIENTED_EDGE('',*,*,#979,.T.);
#1372=ORIENTED_EDGE('',*,*,#980,.F.);
#1373=ORIENTED_EDGE('',*,*,#981,.F.);
#1374=ORIENTED_EDGE('',*,*,#982,.F.);
#1375=ORIENTED_EDGE('',*,*,#981,.T.);
#1376=ORIENTED_EDGE('',*,*,#983,.T.);
#1377=ORIENTED_EDGE('',*,*,#964,.T.);
#1378=ORIENTED_EDGE('',*,*,#984,.T.);
#1379=ORIENTED_EDGE('',*,*,#985,.F.);
#1380=ORIENTED_EDGE('',*,*,#986,.F.);
#1381=ORIENTED_EDGE('',*,*,#987,.F.);
#1382=ORIENTED_EDGE('',*,*,#986,.T.);
#1383=ORIENTED_EDGE('',*,*,#988,.T.);
#1384=ORIENTED_EDGE('',*,*,#967,.T.);
#1385=ORIENTED_EDGE('',*,*,#989,.T.);
#1386=ORIENTED_EDGE('',*,*,#970,.T.);
#1387=ORIENTED_EDGE('',*,*,#990,.T.);
#1388=ORIENTED_EDGE('',*,*,#987,.T.);
#1389=ORIENTED_EDGE('',*,*,#991,.T.);
#1390=ORIENTED_EDGE('',*,*,#992,.F.);
#1391=ORIENTED_EDGE('',*,*,#993,.F.);
#1392=ORIENTED_EDGE('',*,*,#994,.F.);
#1393=ORIENTED_EDGE('',*,*,#993,.T.);
#1394=ORIENTED_EDGE('',*,*,#995,.T.);
#1395=ORIENTED_EDGE('',*,*,#975,.T.);
#1396=ORIENTED_EDGE('',*,*,#996,.T.);
#1397=ORIENTED_EDGE('',*,*,#985,.T.);
#1398=ORIENTED_EDGE('',*,*,#997,.T.);
#1399=ORIENTED_EDGE('',*,*,#994,.T.);
#1400=ORIENTED_EDGE('',*,*,#998,.T.);
#1401=ORIENTED_EDGE('',*,*,#992,.T.);
#1402=ORIENTED_EDGE('',*,*,#999,.T.);
#1403=ORIENTED_EDGE('',*,*,#982,.T.);
#1404=ORIENTED_EDGE('',*,*,#1000,.T.);
#1405=ORIENTED_EDGE('',*,*,#980,.T.);
#1406=ORIENTED_EDGE('',*,*,#1001,.T.);
#1407=ORIENTED_EDGE('',*,*,#972,.T.);
#1408=ORIENTED_EDGE('',*,*,#1002,.T.);
#1409=ORIENTED_EDGE('',*,*,#960,.T.);
#1410=ORIENTED_EDGE('',*,*,#837,.T.);
#1411=ORIENTED_EDGE('',*,*,#965,.T.);
#1412=ORIENTED_EDGE('',*,*,#1003,.T.);
#1413=ORIENTED_EDGE('',*,*,#969,.F.);
#1414=ORIENTED_EDGE('',*,*,#973,.F.);
#1415=ORIENTED_EDGE('',*,*,#991,.F.);
#1416=ORIENTED_EDGE('',*,*,#989,.F.);
#1417=ORIENTED_EDGE('',*,*,#978,.F.);
#1418=ORIENTED_EDGE('',*,*,#995,.F.);
#1419=ORIENTED_EDGE('',*,*,#1000,.F.);
#1420=ORIENTED_EDGE('',*,*,#984,.F.);
#1421=ORIENTED_EDGE('',*,*,#979,.F.);
#1422=ORIENTED_EDGE('',*,*,#988,.F.);
#1423=ORIENTED_EDGE('',*,*,#998,.F.);
#1424=ORIENTED_EDGE('',*,*,#996,.F.);
#1425=ORIENTED_EDGE('',*,*,#983,.F.);
#1426=ORIENTED_EDGE('',*,*,#1002,.F.);
#1427=ORIENTED_EDGE('',*,*,#974,.F.);
#1428=ORIENTED_EDGE('',*,*,#1003,.F.);
#1429=ORIENTED_EDGE('',*,*,#990,.F.);
#1430=ORIENTED_EDGE('',*,*,#1001,.F.);
#1431=ORIENTED_EDGE('',*,*,#999,.F.);
#1432=ORIENTED_EDGE('',*,*,#997,.F.);
#1433=ORIENTED_EDGE('',*,*,#1004,.F.);
#1434=ORIENTED_EDGE('',*,*,#1005,.T.);
#1435=ORIENTED_EDGE('',*,*,#953,.F.);
#1436=ORIENTED_EDGE('',*,*,#1005,.F.);
#1437=ORIENTED_EDGE('',*,*,#1006,.F.);
#1438=ORIENTED_EDGE('',*,*,#1007,.T.);
#1439=ORIENTED_EDGE('',*,*,#954,.F.);
#1440=ORIENTED_EDGE('',*,*,#1007,.F.);
#1441=ORIENTED_EDGE('',*,*,#1008,.F.);
#1442=ORIENTED_EDGE('',*,*,#1009,.T.);
#1443=ORIENTED_EDGE('',*,*,#955,.F.);
#1444=ORIENTED_EDGE('',*,*,#1009,.F.);
#1445=ORIENTED_EDGE('',*,*,#1010,.F.);
#1446=ORIENTED_EDGE('',*,*,#1011,.T.);
#1447=ORIENTED_EDGE('',*,*,#956,.F.);
#1448=ORIENTED_EDGE('',*,*,#1011,.F.);
#1449=ORIENTED_EDGE('',*,*,#1012,.T.);
#1450=ORIENTED_EDGE('',*,*,#1013,.T.);
#1451=ORIENTED_EDGE('',*,*,#1014,.T.);
#1452=ORIENTED_EDGE('',*,*,#1015,.T.);
#1453=ORIENTED_EDGE('',*,*,#1016,.T.);
#1454=ORIENTED_EDGE('',*,*,#1017,.T.);
#1455=ORIENTED_EDGE('',*,*,#1018,.T.);
#1456=ORIENTED_EDGE('',*,*,#1019,.T.);
#1457=ORIENTED_EDGE('',*,*,#1018,.F.);
#1458=ORIENTED_EDGE('',*,*,#1020,.T.);
#1459=ORIENTED_EDGE('',*,*,#1012,.F.);
#1460=ORIENTED_EDGE('',*,*,#1021,.T.);
#1461=ORIENTED_EDGE('',*,*,#1022,.T.);
#1462=ORIENTED_EDGE('',*,*,#1023,.T.);
#1463=ORIENTED_EDGE('',*,*,#1024,.T.);
#1464=ORIENTED_EDGE('',*,*,#1023,.F.);
#1465=ORIENTED_EDGE('',*,*,#1025,.T.);
#1466=ORIENTED_EDGE('',*,*,#1016,.F.);
#1467=ORIENTED_EDGE('',*,*,#1026,.T.);
#1468=ORIENTED_EDGE('',*,*,#1027,.T.);
#1469=ORIENTED_EDGE('',*,*,#1028,.T.);
#1470=ORIENTED_EDGE('',*,*,#1029,.T.);
#1471=ORIENTED_EDGE('',*,*,#1028,.F.);
#1472=ORIENTED_EDGE('',*,*,#1030,.T.);
#1473=ORIENTED_EDGE('',*,*,#1021,.F.);
#1474=ORIENTED_EDGE('',*,*,#1014,.F.);
#1475=ORIENTED_EDGE('',*,*,#1031,.T.);
#1476=ORIENTED_EDGE('',*,*,#1026,.F.);
#1477=ORIENTED_EDGE('',*,*,#1025,.F.);
#1478=ORIENTED_EDGE('',*,*,#1032,.T.);
#1479=ORIENTED_EDGE('',*,*,#947,.T.);
#1480=ORIENTED_EDGE('',*,*,#1033,.T.);
#1481=ORIENTED_EDGE('',*,*,#1022,.F.);
#1482=ORIENTED_EDGE('',*,*,#1034,.F.);
#1483=ORIENTED_EDGE('',*,*,#948,.F.);
#1484=ORIENTED_EDGE('',*,*,#1032,.F.);
#1485=ORIENTED_EDGE('',*,*,#1030,.F.);
#1486=ORIENTED_EDGE('',*,*,#1035,.T.);
#1487=ORIENTED_EDGE('',*,*,#949,.T.);
#1488=ORIENTED_EDGE('',*,*,#1034,.T.);
#1489=ORIENTED_EDGE('',*,*,#1027,.F.);
#1490=ORIENTED_EDGE('',*,*,#1036,.F.);
#1491=ORIENTED_EDGE('',*,*,#950,.F.);
#1492=ORIENTED_EDGE('',*,*,#1035,.F.);
#1493=ORIENTED_EDGE('',*,*,#1015,.F.);
#1494=ORIENTED_EDGE('',*,*,#1029,.F.);
#1495=ORIENTED_EDGE('',*,*,#1024,.F.);
#1496=ORIENTED_EDGE('',*,*,#1019,.F.);
#1497=ORIENTED_EDGE('',*,*,#957,.T.);
#1498=ORIENTED_EDGE('',*,*,#1004,.T.);
#1499=ORIENTED_EDGE('',*,*,#1006,.T.);
#1500=ORIENTED_EDGE('',*,*,#1008,.T.);
#1501=ORIENTED_EDGE('',*,*,#1010,.T.);
#1502=ORIENTED_EDGE('',*,*,#1020,.F.);
#1503=ORIENTED_EDGE('',*,*,#1037,.T.);
#1504=ORIENTED_EDGE('',*,*,#945,.T.);
#1505=ORIENTED_EDGE('',*,*,#1038,.T.);
#1506=ORIENTED_EDGE('',*,*,#1017,.F.);
#1507=ORIENTED_EDGE('',*,*,#1033,.F.);
#1508=ORIENTED_EDGE('',*,*,#946,.F.);
#1509=ORIENTED_EDGE('',*,*,#1037,.F.);
#1510=ORIENTED_EDGE('',*,*,#1031,.F.);
#1511=ORIENTED_EDGE('',*,*,#1039,.T.);
#1512=ORIENTED_EDGE('',*,*,#951,.T.);
#1513=ORIENTED_EDGE('',*,*,#1036,.T.);
#1514=ORIENTED_EDGE('',*,*,#1013,.F.);
#1515=ORIENTED_EDGE('',*,*,#1038,.F.);
#1516=ORIENTED_EDGE('',*,*,#952,.F.);
#1517=ORIENTED_EDGE('',*,*,#1039,.F.);
#1518=CYLINDRICAL_SURFACE('',#1692,1.);
#1519=CYLINDRICAL_SURFACE('',#1699,1.);
#1520=CYLINDRICAL_SURFACE('',#1700,1.);
#1521=CYLINDRICAL_SURFACE('',#1704,1.);
#1522=CYLINDRICAL_SURFACE('',#1709,10.5);
#1523=CYLINDRICAL_SURFACE('',#1712,10.5);
#1524=CYLINDRICAL_SURFACE('',#1719,1.);
#1525=CYLINDRICAL_SURFACE('',#1739,1.);
#1526=CYLINDRICAL_SURFACE('',#1743,1.);
#1527=CYLINDRICAL_SURFACE('',#1748,1.);
#1528=CYLINDRICAL_SURFACE('',#1749,1.);
#1529=CYLINDRICAL_SURFACE('',#1751,5.5);
#1530=CYLINDRICAL_SURFACE('',#1754,1.);
#1531=CYLINDRICAL_SURFACE('',#1758,1.);
#1532=CYLINDRICAL_SURFACE('',#1763,1.);
#1533=CYLINDRICAL_SURFACE('',#1765,5.50000067055227);
#1534=CYLINDRICAL_SURFACE('',#1768,1.);
#1535=CYLINDRICAL_SURFACE('',#1772,1.);
#1536=CYLINDRICAL_SURFACE('',#1773,1.);
#1537=CYLINDRICAL_SURFACE('',#1775,5.5);
#1538=CYLINDRICAL_SURFACE('',#1778,1.);
#1539=CYLINDRICAL_SURFACE('',#1780,5.5);
#1540=CYLINDRICAL_SURFACE('',#1783,1.);
#1541=CYLINDRICAL_SURFACE('',#1786,1.);
#1542=CYLINDRICAL_SURFACE('',#1789,1.);
#1543=CYLINDRICAL_SURFACE('',#1791,1.);
#1544=CYLINDRICAL_SURFACE('',#1793,10.5);
#1545=CYLINDRICAL_SURFACE('',#1795,10.5000006705523);
#1546=CYLINDRICAL_SURFACE('',#1807,3.175);
#1547=CYLINDRICAL_SURFACE('',#1823,1.);
#1548=CYLINDRICAL_SURFACE('',#1828,1.);
#1549=CYLINDRICAL_SURFACE('',#1833,1.);
#1550=CYLINDRICAL_SURFACE('',#1834,1.);
#1551=CYLINDRICAL_SURFACE('',#1839,1.);
#1552=CYLINDRICAL_SURFACE('',#1844,1.);
#1553=CYLINDRICAL_SURFACE('',#1845,1.);
#1554=CYLINDRICAL_SURFACE('',#1850,1.);
#1555=CYLINDRICAL_SURFACE('',#1851,1.);
#1556=CYLINDRICAL_SURFACE('',#1852,1.);
#1557=CYLINDRICAL_SURFACE('',#1853,1.);
#1558=CYLINDRICAL_SURFACE('',#1854,1.);
#1559=CYLINDRICAL_SURFACE('',#1860,1.75);
#1560=CYLINDRICAL_SURFACE('',#1862,1.75);
#1561=CYLINDRICAL_SURFACE('',#1864,1.75);
#1562=CYLINDRICAL_SURFACE('',#1866,1.75);
#1563=CYLINDRICAL_SURFACE('',#1868,1.);
#1564=CYLINDRICAL_SURFACE('',#1871,1.);
#1565=CYLINDRICAL_SURFACE('',#1876,1.);
#1566=CYLINDRICAL_SURFACE('',#1881,1.);
#1567=CYLINDRICAL_SURFACE('',#1888,1.);
#1568=CYLINDRICAL_SURFACE('',#1890,1.);
#1569=CYLINDRICAL_SURFACE('',#1893,1.);
#1570=CYLINDRICAL_SURFACE('',#1895,1.);
#1571=ADVANCED_FACE('',(#179),#1518,.F.);
#1572=ADVANCED_FACE('',(#180),#163,.F.);
#1573=ADVANCED_FACE('',(#181),#164,.F.);
#1574=ADVANCED_FACE('',(#182),#1519,.F.);
#1575=ADVANCED_FACE('',(#183),#1520,.F.);
#1576=ADVANCED_FACE('',(#184),#165,.F.);
#1577=ADVANCED_FACE('',(#185),#1521,.F.);
#1578=ADVANCED_FACE('',(#186),#166,.F.);
#1579=ADVANCED_FACE('',(#187),#43,.T.);
#1580=ADVANCED_FACE('',(#188),#1522,.T.);
#1581=ADVANCED_FACE('',(#189),#44,.T.);
#1582=ADVANCED_FACE('',(#190),#1523,.T.);
#1583=ADVANCED_FACE('',(#191,#31),#45,.F.);
#1584=ADVANCED_FACE('',(#192),#1524,.T.);
#1585=ADVANCED_FACE('',(#193),#167,.T.);
#1586=ADVANCED_FACE('',(#194,#32),#46,.T.);
#1587=ADVANCED_FACE('',(#195),#168,.T.);
#1588=ADVANCED_FACE('',(#196),#1525,.T.);
#1589=ADVANCED_FACE('',(#197),#47,.T.);
#1590=ADVANCED_FACE('',(#198),#1526,.T.);
#1591=ADVANCED_FACE('',(#199),#169,.T.);
#1592=ADVANCED_FACE('',(#200),#1527,.T.);
#1593=ADVANCED_FACE('',(#201),#1528,.T.);
#1594=ADVANCED_FACE('',(#202),#48,.T.);
#1595=ADVANCED_FACE('',(#203),#1529,.F.);
#1596=ADVANCED_FACE('',(#204),#49,.T.);
#1597=ADVANCED_FACE('',(#205),#1530,.T.);
#1598=ADVANCED_FACE('',(#206),#50,.T.);
#1599=ADVANCED_FACE('',(#207),#1531,.T.);
#1600=ADVANCED_FACE('',(#208),#170,.T.);
#1601=ADVANCED_FACE('',(#209),#1532,.T.);
#1602=ADVANCED_FACE('',(#210),#51,.T.);
#1603=ADVANCED_FACE('',(#211),#1533,.F.);
#1604=ADVANCED_FACE('',(#212),#52,.T.);
#1605=ADVANCED_FACE('',(#213),#1534,.T.);
#1606=ADVANCED_FACE('',(#214),#53,.T.);
#1607=ADVANCED_FACE('',(#215),#1535,.T.);
#1608=ADVANCED_FACE('',(#216),#1536,.T.);
#1609=ADVANCED_FACE('',(#217),#54,.T.);
#1610=ADVANCED_FACE('',(#218),#1537,.F.);
#1611=ADVANCED_FACE('',(#219),#55,.T.);
#1612=ADVANCED_FACE('',(#220),#1538,.T.);
#1613=ADVANCED_FACE('',(#221),#56,.T.);
#1614=ADVANCED_FACE('',(#222),#1539,.F.);
#1615=ADVANCED_FACE('',(#223),#57,.T.);
#1616=ADVANCED_FACE('',(#224),#1540,.T.);
#1617=ADVANCED_FACE('',(#225),#171,.T.);
#1618=ADVANCED_FACE('',(#226),#1541,.T.);
#1619=ADVANCED_FACE('',(#227),#172,.T.);
#1620=ADVANCED_FACE('',(#228),#1542,.T.);
#1621=ADVANCED_FACE('',(#229),#173,.T.);
#1622=ADVANCED_FACE('',(#230),#1543,.T.);
#1623=ADVANCED_FACE('',(#231),#174,.T.);
#1624=ADVANCED_FACE('',(#232),#1544,.T.);
#1625=ADVANCED_FACE('',(#233),#58,.T.);
#1626=ADVANCED_FACE('',(#234),#1545,.T.);
#1627=ADVANCED_FACE('',(#235),#59,.T.);
#1628=ADVANCED_FACE('',(#236),#60,.T.);
#1629=ADVANCED_FACE('',(#237,#33,#34,#35,#36,#37),#61,.F.);
#1630=ADVANCED_FACE('',(#238),#1546,.F.);
#1631=ADVANCED_FACE('',(#239),#62,.T.);
#1632=ADVANCED_FACE('',(#240),#175,.F.);
#1633=ADVANCED_FACE('',(#241),#176,.F.);
#1634=ADVANCED_FACE('',(#242),#177,.F.);
#1635=ADVANCED_FACE('',(#243),#1547,.F.);
#1636=ADVANCED_FACE('',(#244),#15,.T.);
#1637=ADVANCED_FACE('',(#245),#1548,.T.);
#1638=ADVANCED_FACE('',(#246),#178,.F.);
#1639=ADVANCED_FACE('',(#247),#1549,.F.);
#1640=ADVANCED_FACE('',(#248),#1550,.F.);
#1641=ADVANCED_FACE('',(#249),#16,.T.);
#1642=ADVANCED_FACE('',(#250),#1551,.T.);
#1643=ADVANCED_FACE('',(#251),#17,.T.);
#1644=ADVANCED_FACE('',(#252),#1552,.T.);
#1645=ADVANCED_FACE('',(#253),#1553,.T.);
#1646=ADVANCED_FACE('',(#254),#18,.T.);
#1647=ADVANCED_FACE('',(#255),#1554,.T.);
#1648=ADVANCED_FACE('',(#256),#1555,.T.);
#1649=ADVANCED_FACE('',(#257),#1556,.T.);
#1650=ADVANCED_FACE('',(#258),#1557,.T.);
#1651=ADVANCED_FACE('',(#259),#1558,.F.);
#1652=ADVANCED_FACE('',(#260),#63,.T.);
#1653=ADVANCED_FACE('',(#261),#64,.T.);
#1654=ADVANCED_FACE('',(#262),#65,.T.);
#1655=ADVANCED_FACE('',(#263),#66,.T.);
#1656=ADVANCED_FACE('',(#264),#67,.T.);
#1657=ADVANCED_FACE('',(#265),#1559,.F.);
#1658=ADVANCED_FACE('',(#266),#1560,.F.);
#1659=ADVANCED_FACE('',(#267),#1561,.F.);
#1660=ADVANCED_FACE('',(#268),#1562,.F.);
#1661=ADVANCED_FACE('',(#269),#1563,.T.);
#1662=ADVANCED_FACE('',(#270),#1564,.T.);
#1663=ADVANCED_FACE('',(#271),#19,.T.);
#1664=ADVANCED_FACE('',(#272),#1565,.T.);
#1665=ADVANCED_FACE('',(#273),#20,.T.);
#1666=ADVANCED_FACE('',(#274),#1566,.T.);
#1667=ADVANCED_FACE('',(#275),#21,.T.);
#1668=ADVANCED_FACE('',(#276),#22,.T.);
#1669=ADVANCED_FACE('',(#277),#1567,.T.);
#1670=ADVANCED_FACE('',(#278),#68,.T.);
#1671=ADVANCED_FACE('',(#279),#1568,.T.);
#1672=ADVANCED_FACE('',(#280),#69,.T.);
#1673=ADVANCED_FACE('',(#281,#38,#39,#40,#41,#42),#70,.T.);
#1674=ADVANCED_FACE('',(#282),#1569,.T.);
#1675=ADVANCED_FACE('',(#283),#71,.T.);
#1676=ADVANCED_FACE('',(#284),#1570,.T.);
#1677=ADVANCED_FACE('',(#285),#72,.T.);
#1678=CLOSED_SHELL('',(#1571,#1572,#1573,#1574,#1575,#1576,#1577,#1578,
#1579,#1580,#1581,#1582,#1583,#1584,#1585,#1586,#1587,#1588,#1589,#1590,
#1591,#1592,#1593,#1594,#1595,#1596,#1597,#1598,#1599,#1600,#1601,#1602,
#1603,#1604,#1605,#1606,#1607,#1608,#1609,#1610,#1611,#1612,#1613,#1614,
#1615,#1616,#1617,#1618,#1619,#1620,#1621,#1622,#1623,#1624,#1625,#1626,
#1627,#1628,#1629,#1630,#1631,#1632,#1633,#1634,#1635,#1636,#1637,#1638,
#1639,#1640,#1641,#1642,#1643,#1644,#1645,#1646,#1647,#1648,#1649,#1650,
#1651,#1652,#1653,#1654,#1655,#1656,#1657,#1658,#1659,#1660,#1661,#1662,
#1663,#1664,#1665,#1666,#1667,#1668,#1669,#1670,#1671,#1672,#1673,#1674,
#1675,#1676,#1677));
#1679=DERIVED_UNIT_ELEMENT(#1681,1.);
#1680=DERIVED_UNIT_ELEMENT(#3180,-3.);
#1681=(
MASS_UNIT()
NAMED_UNIT(*)
SI_UNIT(.KILO.,.GRAM.)
);
#1682=DERIVED_UNIT((#1679,#1680));
#1683=MEASURE_REPRESENTATION_ITEM('density measure',
POSITIVE_RATIO_MEASURE(7850.),#1682);
#1684=PROPERTY_DEFINITION_REPRESENTATION(#1689,#1686);
#1685=PROPERTY_DEFINITION_REPRESENTATION(#1690,#1687);
#1686=REPRESENTATION('material name',(#1688),#3177);
#1687=REPRESENTATION('density',(#1683),#3177);
#1688=DESCRIPTIVE_REPRESENTATION_ITEM('Steel','Steel');
#1689=PROPERTY_DEFINITION('material property','material name',#3187);
#1690=PROPERTY_DEFINITION('material property','density of part',#3187);
#1691=AXIS2_PLACEMENT_3D('',#2426,#1897,#1898);
#1692=AXIS2_PLACEMENT_3D('',#2427,#1899,#1900);
#1693=AXIS2_PLACEMENT_3D('',#2462,#1903,#1904);
#1694=AXIS2_PLACEMENT_3D('',#2464,#1905,#1906);
#1695=AXIS2_PLACEMENT_3D('',#2480,#1907,#1908);
#1696=AXIS2_PLACEMENT_3D('',#2481,#1909,#1910);
#1697=AXIS2_PLACEMENT_3D('',#2484,#1911,#1912);
#1698=AXIS2_PLACEMENT_3D('',#2503,#1913,#1914);
#1699=AXIS2_PLACEMENT_3D('',#2518,#1915,#1916);
#1700=AXIS2_PLACEMENT_3D('',#2521,#1919,#1920);
#1701=AXIS2_PLACEMENT_3D('',#2540,#1923,#1924);
#1702=AXIS2_PLACEMENT_3D('',#2542,#1925,#1926);
#1703=AXIS2_PLACEMENT_3D('',#2544,#1927,#1928);
#1704=AXIS2_PLACEMENT_3D('',#2559,#1929,#1930);
#1705=AXIS2_PLACEMENT_3D('',#2578,#1933,#1934);
#1706=AXIS2_PLACEMENT_3D('',#2579,#1935,#1936);
#1707=AXIS2_PLACEMENT_3D('',#2580,#1937,#1938);
#1708=AXIS2_PLACEMENT_3D('',#2581,#1939,#1940);
#1709=AXIS2_PLACEMENT_3D('',#2587,#1944,#1945);
#1710=AXIS2_PLACEMENT_3D('',#2590,#1947,#1948);
#1711=AXIS2_PLACEMENT_3D('',#2591,#1949,#1950);
#1712=AXIS2_PLACEMENT_3D('',#2595,#1953,#1954);
#1713=AXIS2_PLACEMENT_3D('',#2598,#1956,#1957);
#1714=AXIS2_PLACEMENT_3D('',#2599,#1958,#1959);
#1715=AXIS2_PLACEMENT_3D('',#2602,#1960,#1961);
#1716=AXIS2_PLACEMENT_3D('',#2606,#1963,#1964);
#1717=AXIS2_PLACEMENT_3D('',#2610,#1966,#1967);
#1718=AXIS2_PLACEMENT_3D('',#2614,#1969,#1970);
#1719=AXIS2_PLACEMENT_3D('',#2616,#1972,#1973);
#1720=AXIS2_PLACEMENT_3D('',#2639,#1975,#1976);
#1721=AXIS2_PLACEMENT_3D('',#2642,#1978,#1979);
#1722=AXIS2_PLACEMENT_3D('',#2643,#1980,#1981);
#1723=AXIS2_PLACEMENT_3D('',#2645,#1982,#1983);
#1724=AXIS2_PLACEMENT_3D('',#2656,#1984,#1985);
#1725=AXIS2_PLACEMENT_3D('',#2658,#1986,#1987);
#1726=AXIS2_PLACEMENT_3D('',#2659,#1988,#1989);
#1727=AXIS2_PLACEMENT_3D('',#2660,#1990,#1991);
#1728=AXIS2_PLACEMENT_3D('',#2662,#1992,#1993);
#1729=AXIS2_PLACEMENT_3D('',#2666,#1995,#1996);
#1730=AXIS2_PLACEMENT_3D('',#2670,#1998,#1999);
#1731=AXIS2_PLACEMENT_3D('',#2676,#2002,#2003);
#1732=AXIS2_PLACEMENT_3D('',#2680,#2005,#2006);
#1733=AXIS2_PLACEMENT_3D('',#2684,#2008,#2009);
#1734=AXIS2_PLACEMENT_3D('',#2687,#2011,#2012);
#1735=AXIS2_PLACEMENT_3D('',#2688,#2013,#2014);
#1736=AXIS2_PLACEMENT_3D('',#2690,#2015,#2016);
#1737=AXIS2_PLACEMENT_3D('',#2692,#2017,#2018);
#1738=AXIS2_PLACEMENT_3D('',#2694,#2019,#2020);
#1739=AXIS2_PLACEMENT_3D('',#2703,#2021,#2022);
#1740=AXIS2_PLACEMENT_3D('',#2714,#2023,#2024);
#1741=AXIS2_PLACEMENT_3D('',#2717,#2026,#2027);
#1742=AXIS2_PLACEMENT_3D('',#2718,#2028,#2029);
#1743=AXIS2_PLACEMENT_3D('',#2724,#2033,#2034);
#1744=AXIS2_PLACEMENT_3D('',#2726,#2035,#2036);
#1745=AXIS2_PLACEMENT_3D('',#2728,#2038,#2039);
#1746=AXIS2_PLACEMENT_3D('',#2737,#2040,#2041);
#1747=AXIS2_PLACEMENT_3D('',#2738,#2042,#2043);
#1748=AXIS2_PLACEMENT_3D('',#2739,#2044,#2045);
#1749=AXIS2_PLACEMENT_3D('',#2741,#2047,#2048);
#1750=AXIS2_PLACEMENT_3D('',#2743,#2050,#2051);
#1751=AXIS2_PLACEMENT_3D('',#2749,#2055,#2056);
#1752=AXIS2_PLACEMENT_3D('',#2752,#2058,#2059);
#1753=AXIS2_PLACEMENT_3D('',#2753,#2060,#2061);
#1754=AXIS2_PLACEMENT_3D('',#2755,#2063,#2064);
#1755=AXIS2_PLACEMENT_3D('',#2766,#2065,#2066);
#1756=AXIS2_PLACEMENT_3D('',#2769,#2068,#2069);
#1757=AXIS2_PLACEMENT_3D('',#2770,#2070,#2071);
#1758=AXIS2_PLACEMENT_3D('',#2776,#2075,#2076);
#1759=AXIS2_PLACEMENT_3D('',#2778,#2077,#2078);
#1760=AXIS2_PLACEMENT_3D('',#2780,#2080,#2081);
#1761=AXIS2_PLACEMENT_3D('',#2791,#2082,#2083);
#1762=AXIS2_PLACEMENT_3D('',#2792,#2084,#2085);
#1763=AXIS2_PLACEMENT_3D('',#2793,#2086,#2087);
#1764=AXIS2_PLACEMENT_3D('',#2795,#2089,#2090);
#1765=AXIS2_PLACEMENT_3D('',#2799,#2093,#2094);
#1766=AXIS2_PLACEMENT_3D('',#2802,#2096,#2097);
#1767=AXIS2_PLACEMENT_3D('',#2803,#2098,#2099);
#1768=AXIS2_PLACEMENT_3D('',#2805,#2101,#2102);
#1769=AXIS2_PLACEMENT_3D('',#2807,#2103,#2104);
#1770=AXIS2_PLACEMENT_3D('',#2810,#2106,#2107);
#1771=AXIS2_PLACEMENT_3D('',#2811,#2108,#2109);
#1772=AXIS2_PLACEMENT_3D('',#2817,#2113,#2114);
#1773=AXIS2_PLACEMENT_3D('',#2819,#2116,#2117);
#1774=AXIS2_PLACEMENT_3D('',#2821,#2119,#2120);
#1775=AXIS2_PLACEMENT_3D('',#2825,#2123,#2124);
#1776=AXIS2_PLACEMENT_3D('',#2828,#2126,#2127);
#1777=AXIS2_PLACEMENT_3D('',#2829,#2128,#2129);
#1778=AXIS2_PLACEMENT_3D('',#2831,#2131,#2132);
#1779=AXIS2_PLACEMENT_3D('',#2833,#2134,#2135);
#1780=AXIS2_PLACEMENT_3D('',#2837,#2138,#2139);
#1781=AXIS2_PLACEMENT_3D('',#2840,#2141,#2142);
#1782=AXIS2_PLACEMENT_3D('',#2841,#2143,#2144);
#1783=AXIS2_PLACEMENT_3D('',#2845,#2147,#2148);
#1784=AXIS2_PLACEMENT_3D('',#2874,#2149,#2150);
#1785=AXIS2_PLACEMENT_3D('',#2890,#2151,#2152);
#1786=AXIS2_PLACEMENT_3D('',#2891,#2153,#2154);
#1787=AXIS2_PLACEMENT_3D('',#2908,#2156,#2157);
#1788=AXIS2_PLACEMENT_3D('',#2924,#2158,#2159);
#1789=AXIS2_PLACEMENT_3D('',#2925,#2160,#2161);
#1790=AXIS2_PLACEMENT_3D('',#2941,#2163,#2164);
#1791=AXIS2_PLACEMENT_3D('',#2956,#2165,#2166);
#1792=AXIS2_PLACEMENT_3D('',#2971,#2167,#2168);
#1793=AXIS2_PLACEMENT_3D('',#2972,#2169,#2170);
#1794=AXIS2_PLACEMENT_3D('',#2974,#2172,#2173);
#1795=AXIS2_PLACEMENT_3D('',#2976,#2175,#2176);
#1796=AXIS2_PLACEMENT_3D('',#2978,#2178,#2179);
#1797=AXIS2_PLACEMENT_3D('',#2979,#2180,#2181);
#1798=AXIS2_PLACEMENT_3D('',#2981,#2183,#2184);
#1799=AXIS2_PLACEMENT_3D('',#2984,#2185,#2186);
#1800=AXIS2_PLACEMENT_3D('',#2988,#2188,#2189);
#1801=AXIS2_PLACEMENT_3D('',#2992,#2191,#2192);
#1802=AXIS2_PLACEMENT_3D('',#2996,#2194,#2195);
#1803=AXIS2_PLACEMENT_3D('',#2999,#2197,#2198);
#1804=AXIS2_PLACEMENT_3D('',#3001,#2199,#2200);
#1805=AXIS2_PLACEMENT_3D('',#3003,#2201,#2202);
#1806=AXIS2_PLACEMENT_3D('',#3005,#2203,#2204);
#1807=AXIS2_PLACEMENT_3D('',#3006,#2205,#2206);
#1808=AXIS2_PLACEMENT_3D('',#3008,#2207,#2208);
#1809=AXIS2_PLACEMENT_3D('',#3011,#2210,#2211);
#1810=AXIS2_PLACEMENT_3D('',#3012,#2212,#2213);
#1811=AXIS2_PLACEMENT_3D('',#3013,#2214,#2215);
#1812=AXIS2_PLACEMENT_3D('',#3015,#2216,#2217);
#1813=AXIS2_PLACEMENT_3D('',#3017,#2218,#2219);
#1814=AXIS2_PLACEMENT_3D('',#3018,#2220,#2221);
#1815=AXIS2_PLACEMENT_3D('',#3019,#2222,#2223);
#1816=AXIS2_PLACEMENT_3D('',#3021,#2224,#2225);
#1817=AXIS2_PLACEMENT_3D('',#3023,#2226,#2227);
#1818=AXIS2_PLACEMENT_3D('',#3024,#2228,#2229);
#1819=AXIS2_PLACEMENT_3D('',#3025,#2230,#2231);
#1820=AXIS2_PLACEMENT_3D('',#3027,#2232,#2233);
#1821=AXIS2_PLACEMENT_3D('',#3029,#2234,#2235);
#1822=AXIS2_PLACEMENT_3D('',#3030,#2236,#2237);
#1823=AXIS2_PLACEMENT_3D('',#3031,#2238,#2239);
#1824=AXIS2_PLACEMENT_3D('',#3033,#2241,#2242);
#1825=AXIS2_PLACEMENT_3D('',#3036,#2243,#2244);
#1826=AXIS2_PLACEMENT_3D('',#3038,#2245,#2246);
#1827=AXIS2_PLACEMENT_3D('',#3039,#2247,#2248);
#1828=AXIS2_PLACEMENT_3D('',#3040,#2249,#2250);
#1829=AXIS2_PLACEMENT_3D('',#3043,#2253,#2254);
#1830=AXIS2_PLACEMENT_3D('',#3046,#2255,#2256);
#1831=AXIS2_PLACEMENT_3D('',#3047,#2257,#2258);
#1832=AXIS2_PLACEMENT_3D('',#3048,#2259,#2260);
#1833=AXIS2_PLACEMENT_3D('',#3049,#2261,#2262);
#1834=AXIS2_PLACEMENT_3D('',#3051,#2264,#2265);
#1835=AXIS2_PLACEMENT_3D('',#3053,#2267,#2268);
#1836=AXIS2_PLACEMENT_3D('',#3056,#2269,#2270);
#1837=AXIS2_PLACEMENT_3D('',#3058,#2271,#2272);
#1838=AXIS2_PLACEMENT_3D('',#3059,#2273,#2274);
#1839=AXIS2_PLACEMENT_3D('',#3060,#2275,#2276);
#1840=AXIS2_PLACEMENT_3D('',#3063,#2279,#2280);
#1841=AXIS2_PLACEMENT_3D('',#3066,#2281,#2282);
#1842=AXIS2_PLACEMENT_3D('',#3068,#2283,#2284);
#1843=AXIS2_PLACEMENT_3D('',#3069,#2285,#2286);
#1844=AXIS2_PLACEMENT_3D('',#3070,#2287,#2288);
#1845=AXIS2_PLACEMENT_3D('',#3073,#2291,#2292);
#1846=AXIS2_PLACEMENT_3D('',#3076,#2295,#2296);
#1847=AXIS2_PLACEMENT_3D('',#3079,#2297,#2298);
#1848=AXIS2_PLACEMENT_3D('',#3081,#2299,#2300);
#1849=AXIS2_PLACEMENT_3D('',#3082,#2301,#2302);
#1850=AXIS2_PLACEMENT_3D('',#3083,#2303,#2304);
#1851=AXIS2_PLACEMENT_3D('',#3086,#2307,#2308);
#1852=AXIS2_PLACEMENT_3D('',#3089,#2311,#2312);
#1853=AXIS2_PLACEMENT_3D('',#3092,#2315,#2316);
#1854=AXIS2_PLACEMENT_3D('',#3095,#2319,#2320);
#1855=AXIS2_PLACEMENT_3D('',#3097,#2322,#2323);
#1856=AXIS2_PLACEMENT_3D('',#3098,#2324,#2325);
#1857=AXIS2_PLACEMENT_3D('',#3099,#2326,#2327);
#1858=AXIS2_PLACEMENT_3D('',#3100,#2328,#2329);
#1859=AXIS2_PLACEMENT_3D('',#3101,#2330,#2331);
#1860=AXIS2_PLACEMENT_3D('',#3102,#2332,#2333);
#1861=AXIS2_PLACEMENT_3D('',#3104,#2334,#2335);
#1862=AXIS2_PLACEMENT_3D('',#3106,#2337,#2338);
#1863=AXIS2_PLACEMENT_3D('',#3108,#2339,#2340);
#1864=AXIS2_PLACEMENT_3D('',#3110,#2342,#2343);
#1865=AXIS2_PLACEMENT_3D('',#3112,#2344,#2345);
#1866=AXIS2_PLACEMENT_3D('',#3114,#2347,#2348);
#1867=AXIS2_PLACEMENT_3D('',#3116,#2349,#2350);
#1868=AXIS2_PLACEMENT_3D('',#3118,#2352,#2353);
#1869=AXIS2_PLACEMENT_3D('',#3121,#2354,#2355);
#1870=AXIS2_PLACEMENT_3D('',#3125,#2357,#2358);
#1871=AXIS2_PLACEMENT_3D('',#3127,#2360,#2361);
#1872=AXIS2_PLACEMENT_3D('',#3130,#2362,#2363);
#1873=AXIS2_PLACEMENT_3D('',#3133,#2365,#2366);
#1874=AXIS2_PLACEMENT_3D('',#3135,#2368,#2369);
#1875=AXIS2_PLACEMENT_3D('',#3136,#2370,#2371);
#1876=AXIS2_PLACEMENT_3D('',#3137,#2372,#2373);
#1877=AXIS2_PLACEMENT_3D('',#3140,#2374,#2375);
#1878=AXIS2_PLACEMENT_3D('',#3143,#2377,#2378);
#1879=AXIS2_PLACEMENT_3D('',#3145,#2380,#2381);
#1880=AXIS2_PLACEMENT_3D('',#3146,#2382,#2383);
#1881=AXIS2_PLACEMENT_3D('',#3147,#2384,#2385);
#1882=AXIS2_PLACEMENT_3D('',#3149,#2386,#2387);
#1883=AXIS2_PLACEMENT_3D('',#3152,#2389,#2390);
#1884=AXIS2_PLACEMENT_3D('',#3154,#2392,#2393);
#1885=AXIS2_PLACEMENT_3D('',#3155,#2394,#2395);
#1886=AXIS2_PLACEMENT_3D('',#3156,#2396,#2397);
#1887=AXIS2_PLACEMENT_3D('',#3157,#2398,#2399);
#1888=AXIS2_PLACEMENT_3D('',#3158,#2400,#2401);
#1889=AXIS2_PLACEMENT_3D('',#3161,#2404,#2405);
#1890=AXIS2_PLACEMENT_3D('',#3163,#2407,#2408);
#1891=AXIS2_PLACEMENT_3D('',#3165,#2410,#2411);
#1892=AXIS2_PLACEMENT_3D('',#3167,#2413,#2414);
#1893=AXIS2_PLACEMENT_3D('',#3168,#2415,#2416);
#1894=AXIS2_PLACEMENT_3D('',#3171,#2419,#2420);
#1895=AXIS2_PLACEMENT_3D('',#3172,#2421,#2422);
#1896=AXIS2_PLACEMENT_3D('',#3174,#2424,#2425);
#1897=DIRECTION('axis',(0.,0.,1.));
#1898=DIRECTION('refdir',(1.,0.,0.));
#1899=DIRECTION('center_axis',(-1.,0.,0.));
#1900=DIRECTION('ref_axis',(0.,0.707106781186548,0.707106781186548));
#1901=DIRECTION('',(-1.,0.,0.));
#1902=DIRECTION('',(1.,0.,0.));
#1903=DIRECTION('center_axis',(0.,1.,0.));
#1904=DIRECTION('ref_axis',(0.,0.,1.));
#1905=DIRECTION('center_axis',(0.,1.,0.));
#1906=DIRECTION('ref_axis',(0.707106781186549,0.,-0.707106781186546));
#1907=DIRECTION('center_axis',(0.,-1.,0.));
#1908=DIRECTION('ref_axis',(0.707106781186549,0.,-0.707106781186546));
#1909=DIRECTION('center_axis',(0.,1.,0.));
#1910=DIRECTION('ref_axis',(0.,0.,1.));
#1911=DIRECTION('center_axis',(0.,-1.,0.));
#1912=DIRECTION('ref_axis',(0.70710678118655,0.,0.707106781186545));
#1913=DIRECTION('center_axis',(0.,1.,0.));
#1914=DIRECTION('ref_axis',(0.70710678118655,0.,0.707106781186545));
#1915=DIRECTION('center_axis',(0.,0.,-1.));
#1916=DIRECTION('ref_axis',(-0.707106781186548,0.707106781186548,0.));
#1917=DIRECTION('',(0.,0.,-1.));
#1918=DIRECTION('',(0.,0.,1.));
#1919=DIRECTION('center_axis',(1.,0.,0.));
#1920=DIRECTION('ref_axis',(0.,0.707106781186548,-0.707106781186548));
#1921=DIRECTION('',(-1.,0.,0.));
#1922=DIRECTION('',(1.,0.,0.));
#1923=DIRECTION('center_axis',(0.,1.,0.));
#1924=DIRECTION('ref_axis',(0.,0.,1.));
#1925=DIRECTION('center_axis',(0.,-1.,0.));
#1926=DIRECTION('ref_axis',(-0.707106781186551,0.,0.707106781186545));
#1927=DIRECTION('center_axis',(0.,1.,0.));
#1928=DIRECTION('ref_axis',(-0.70710678118655,0.,0.707106781186545));
#1929=DIRECTION('center_axis',(0.,0.,1.));
#1930=DIRECTION('ref_axis',(0.707106781186548,0.707106781186548,0.));
#1931=DIRECTION('',(0.,0.,-1.));
#1932=DIRECTION('',(0.,0.,1.));
#1933=DIRECTION('center_axis',(0.,1.,0.));
#1934=DIRECTION('ref_axis',(0.,0.,1.));
#1935=DIRECTION('center_axis',(0.,-1.,0.));
#1936=DIRECTION('ref_axis',(-0.707106781186551,0.,-0.707106781186545));
#1937=DIRECTION('center_axis',(0.,1.,0.));
#1938=DIRECTION('ref_axis',(-0.70710678118655,0.,-0.707106781186545));
#1939=DIRECTION('center_axis',(-1.,0.,0.));
#1940=DIRECTION('ref_axis',(0.,0.,-1.));
#1941=DIRECTION('',(0.,-1.,0.));
#1942=DIRECTION('',(0.,0.,-1.));
#1943=DIRECTION('',(0.,-1.,0.));
#1944=DIRECTION('center_axis',(0.,-1.,0.));
#1945=DIRECTION('ref_axis',(1.,0.,0.));
#1946=DIRECTION('',(0.,-1.,0.));
#1947=DIRECTION('center_axis',(0.,-1.,0.));
#1948=DIRECTION('ref_axis',(-0.70710678118655,0.,0.707106781186545));
#1949=DIRECTION('center_axis',(0.,0.,1.));
#1950=DIRECTION('ref_axis',(-1.,0.,0.));
#1951=DIRECTION('',(0.,-1.,0.));
#1952=DIRECTION('',(-1.,0.,0.));
#1953=DIRECTION('center_axis',(0.,-1.,0.));
#1954=DIRECTION('ref_axis',(1.,0.,0.));
#1955=DIRECTION('',(0.,-1.,0.));
#1956=DIRECTION('center_axis',(0.,-1.,0.));
#1957=DIRECTION('ref_axis',(0.70710678118655,0.,0.707106781186545));
#1958=DIRECTION('center_axis',(0.,1.,0.));
#1959=DIRECTION('ref_axis',(-1.,0.,0.));
#1960=DIRECTION('center_axis',(0.,-1.,0.));
#1961=DIRECTION('ref_axis',(0.707106781186547,0.,0.707106781186547));
#1962=DIRECTION('',(0.,0.,1.));
#1963=DIRECTION('center_axis',(0.,-1.,0.));
#1964=DIRECTION('ref_axis',(0.707106781186547,0.,-0.707106781186547));
#1965=DIRECTION('',(1.,0.,0.));
#1966=DIRECTION('center_axis',(0.,-1.,0.));
#1967=DIRECTION('ref_axis',(-0.707106781186547,0.,-0.707106781186547));
#1968=DIRECTION('',(0.,0.,-1.));
#1969=DIRECTION('center_axis',(0.,-1.,0.));
#1970=DIRECTION('ref_axis',(-0.707106781186547,0.,0.707106781186547));
#1971=DIRECTION('',(-1.,0.,0.));
#1972=DIRECTION('center_axis',(1.,0.,0.));
#1973=DIRECTION('ref_axis',(0.,-0.707106781186548,-0.707106781186548));
#1974=DIRECTION('',(-1.,0.,0.));
#1975=DIRECTION('center_axis',(0.707106781186548,0.,-0.707106781186548));
#1976=DIRECTION('ref_axis',(-0.707106781186548,0.,-0.707106781186548));
#1977=DIRECTION('',(1.,0.,0.));
#1978=DIRECTION('center_axis',(-0.707106781186551,0.,-0.707106781186544));
#1979=DIRECTION('ref_axis',(0.707106781186544,0.,-0.707106781186551));
#1980=DIRECTION('center_axis',(0.,1.,0.));
#1981=DIRECTION('ref_axis',(0.,0.,1.));
#1982=DIRECTION('center_axis',(0.,-1.,0.));
#1983=DIRECTION('ref_axis',(0.707106766979158,0.,0.707106795393937));
#1984=DIRECTION('center_axis',(-1.,0.,0.));
#1985=DIRECTION('ref_axis',(0.,0.,-1.));
#1986=DIRECTION('center_axis',(0.,1.,0.));
#1987=DIRECTION('ref_axis',(0.707106766979158,0.,0.707106795393937));
#1988=DIRECTION('center_axis',(0.,0.,1.));
#1989=DIRECTION('ref_axis',(-1.,0.,0.));
#1990=DIRECTION('center_axis',(0.,-1.,0.));
#1991=DIRECTION('ref_axis',(1.,0.,0.));
#1992=DIRECTION('center_axis',(0.,-1.,0.));
#1993=DIRECTION('ref_axis',(-0.707106805577884,0.,0.70710675679521));
#1994=DIRECTION('',(0.,0.,-1.));
#1995=DIRECTION('center_axis',(0.,-1.,0.));
#1996=DIRECTION('ref_axis',(-0.707106781186548,0.,-0.707106781186548));
#1997=DIRECTION('',(1.,0.,0.));
#1998=DIRECTION('center_axis',(0.,-1.,0.));
#1999=DIRECTION('ref_axis',(0.706905159980799,0.,-0.707308344919329));
#2000=DIRECTION('',(0.,0.,1.));
#2001=DIRECTION('',(0.,0.,1.));
#2002=DIRECTION('center_axis',(0.,1.,0.));
#2003=DIRECTION('ref_axis',(-0.70710678118655,0.,0.707106781186545));
#2004=DIRECTION('',(1.,0.,0.));
#2005=DIRECTION('center_axis',(0.,1.,0.));
#2006=DIRECTION('ref_axis',(0.70710678118655,0.,0.707106781186545));
#2007=DIRECTION('',(0.,0.,-1.));
#2008=DIRECTION('center_axis',(0.,1.,0.));
#2009=DIRECTION('ref_axis',(0.707106781186549,0.,-0.707106781186546));
#2010=DIRECTION('',(-1.,0.,0.));
#2011=DIRECTION('center_axis',(0.,1.,0.));
#2012=DIRECTION('ref_axis',(-0.70710678118655,0.,-0.707106781186545));
#2013=DIRECTION('center_axis',(0.,1.,0.));
#2014=DIRECTION('ref_axis',(0.,0.,1.));
#2015=DIRECTION('center_axis',(0.,0.,-1.));
#2016=DIRECTION('ref_axis',(1.,0.,0.));
#2017=DIRECTION('center_axis',(0.,1.,0.));
#2018=DIRECTION('ref_axis',(-0.707106805577885,0.,0.70710675679521));
#2019=DIRECTION('center_axis',(-0.999999999999998,0.,-6.89891255234444E-8));
#2020=DIRECTION('ref_axis',(6.89891255234444E-8,0.,-0.999999999999998));
#2021=DIRECTION('center_axis',(0.,0.,-1.));
#2022=DIRECTION('ref_axis',(-0.707106781186548,-0.707106781186548,0.));
#2023=DIRECTION('center_axis',(-0.707106781186548,0.,-0.707106781186548));
#2024=DIRECTION('ref_axis',(-0.707106781186548,0.,0.707106781186548));
#2025=DIRECTION('',(0.,0.,-1.));
#2026=DIRECTION('center_axis',(-0.707106781186548,0.,0.707106781186548));
#2027=DIRECTION('ref_axis',(-0.707106781186548,0.,-0.707106781186548));
#2028=DIRECTION('center_axis',(-1.,0.,0.));
#2029=DIRECTION('ref_axis',(0.,0.,-1.));
#2030=DIRECTION('',(0.,-1.,0.));
#2031=DIRECTION('',(0.,0.,1.));
#2032=DIRECTION('',(0.,-1.,0.));
#2033=DIRECTION('center_axis',(-1.,0.,0.));
#2034=DIRECTION('ref_axis',(0.,-0.707106781186548,0.707106781186548));
#2035=DIRECTION('center_axis',(0.999999959360474,0.,-0.000285094808720742));
#2036=DIRECTION('ref_axis',(0.000285094808720742,0.,0.999999959360474));
#2037=DIRECTION('',(-1.,0.,0.));
#2038=DIRECTION('center_axis',(0.,1.,0.));
#2039=DIRECTION('ref_axis',(0.706913586164299,0.,-0.707299923438657));
#2040=DIRECTION('center_axis',(0.,0.,1.));
#2041=DIRECTION('ref_axis',(-1.,0.,0.));
#2042=DIRECTION('center_axis',(0.,1.,0.));
#2043=DIRECTION('ref_axis',(0.706905159980799,0.,-0.707308344919329));
#2044=DIRECTION('center_axis',(1.,0.,0.));
#2045=DIRECTION('ref_axis',(0.,-0.707106781186548,-0.707106781186548));
#2046=DIRECTION('',(1.,0.,0.));
#2047=DIRECTION('center_axis',(0.,0.,-1.));
#2048=DIRECTION('ref_axis',(-0.707106781186548,-0.707106781186548,0.));
#2049=DIRECTION('',(0.,0.,-1.));
#2050=DIRECTION('center_axis',(-1.,0.,0.));
#2051=DIRECTION('ref_axis',(0.,0.,-1.));
#2052=DIRECTION('',(0.,-1.,0.));
#2053=DIRECTION('',(0.,0.,1.));
#2054=DIRECTION('',(0.,-1.,0.));
#2055=DIRECTION('center_axis',(0.,-1.,0.));
#2056=DIRECTION('ref_axis',(1.,0.,0.));
#2057=DIRECTION('',(0.,-1.,0.));
#2058=DIRECTION('center_axis',(0.,-1.,0.));
#2059=DIRECTION('ref_axis',(1.,0.,0.));
#2060=DIRECTION('center_axis',(0.,0.,-1.));
#2061=DIRECTION('ref_axis',(1.,0.,0.));
#2062=DIRECTION('',(-1.,0.,0.));
#2063=DIRECTION('center_axis',(-1.,0.,0.));
#2064=DIRECTION('ref_axis',(0.,-0.707106781186548,0.707106781186548));
#2065=DIRECTION('center_axis',(-0.707106781186548,0.,0.707106781186548));
#2066=DIRECTION('ref_axis',(0.707106781186548,0.,0.707106781186548));
#2067=DIRECTION('',(-1.,0.,0.));
#2068=DIRECTION('center_axis',(0.707106781186548,0.,0.707106781186548));
#2069=DIRECTION('ref_axis',(-0.707106781186548,0.,0.707106781186548));
#2070=DIRECTION('center_axis',(0.,0.,1.));
#2071=DIRECTION('ref_axis',(-1.,0.,0.));
#2072=DIRECTION('',(0.,-1.,0.));
#2073=DIRECTION('',(1.,0.,0.));
#2074=DIRECTION('',(0.,-1.,0.));
#2075=DIRECTION('center_axis',(0.,0.,1.));
#2076=DIRECTION('ref_axis',(0.707106781186548,-0.707106781186548,0.));
#2077=DIRECTION('center_axis',(0.,0.,-1.));
#2078=DIRECTION('ref_axis',(1.,0.,0.));
#2079=DIRECTION('',(0.,0.,1.));
#2080=DIRECTION('center_axis',(0.,1.,0.));
#2081=DIRECTION('ref_axis',(0.,0.,1.));
#2082=DIRECTION('center_axis',(1.,0.,0.));
#2083=DIRECTION('ref_axis',(0.,0.,1.));
#2084=DIRECTION('center_axis',(0.,1.,0.));
#2085=DIRECTION('ref_axis',(-0.707106781186547,0.,-0.707106781186547));
#2086=DIRECTION('center_axis',(0.,0.,-1.));
#2087=DIRECTION('ref_axis',(-0.707106781186548,-0.707106781186548,0.));
#2088=DIRECTION('',(0.,0.,-1.));
#2089=DIRECTION('center_axis',(0.,0.,1.));
#2090=DIRECTION('ref_axis',(-1.,0.,0.));
#2091=DIRECTION('',(0.,-1.,0.));
#2092=DIRECTION('',(1.,0.,0.));
#2093=DIRECTION('center_axis',(0.,-1.,0.));
#2094=DIRECTION('ref_axis',(1.,0.,0.));
#2095=DIRECTION('',(0.,-1.,0.));
#2096=DIRECTION('center_axis',(0.,-1.,0.));
#2097=DIRECTION('ref_axis',(1.,0.,0.));
#2098=DIRECTION('center_axis',(-1.,0.,0.));
#2099=DIRECTION('ref_axis',(0.,0.,-1.));
#2100=DIRECTION('',(0.,0.,1.));
#2101=DIRECTION('center_axis',(0.,0.,1.));
#2102=DIRECTION('ref_axis',(0.707106781186548,-0.707106781186548,0.));
#2103=DIRECTION('center_axis',(0.707106781186548,0.,0.707106781186548));
#2104=DIRECTION('ref_axis',(0.707106781186548,0.,-0.707106781186548));
#2105=DIRECTION('',(0.,0.,1.));
#2106=DIRECTION('center_axis',(0.707106781186548,0.,-0.707106781186548));
#2107=DIRECTION('ref_axis',(0.707106781186548,0.,0.707106781186548));
#2108=DIRECTION('center_axis',(1.,0.,0.));
#2109=DIRECTION('ref_axis',(0.,0.,1.));
#2110=DIRECTION('',(0.,-1.,0.));
#2111=DIRECTION('',(0.,0.,-1.));
#2112=DIRECTION('',(0.,-1.,0.));
#2113=DIRECTION('center_axis',(1.,0.,0.));
#2114=DIRECTION('ref_axis',(0.,-0.707106781186548,-0.707106781186548));
#2115=DIRECTION('',(1.,0.,0.));
#2116=DIRECTION('center_axis',(-1.,0.,0.));
#2117=DIRECTION('ref_axis',(0.,-0.707106781186548,0.707106781186548));
#2118=DIRECTION('',(-1.,0.,0.));
#2119=DIRECTION('center_axis',(1.,0.,0.));
#2120=DIRECTION('ref_axis',(0.,0.,1.));
#2121=DIRECTION('',(0.,-1.,0.));
#2122=DIRECTION('',(0.,0.,-1.));
#2123=DIRECTION('center_axis',(0.,-1.,0.));
#2124=DIRECTION('ref_axis',(1.,0.,0.));
#2125=DIRECTION('',(0.,-1.,0.));
#2126=DIRECTION('center_axis',(0.,-1.,0.));
#2127=DIRECTION('ref_axis',(1.,0.,0.));
#2128=DIRECTION('center_axis',(0.,0.,1.));
#2129=DIRECTION('ref_axis',(-1.,0.,0.));
#2130=DIRECTION('',(1.,0.,0.));
#2131=DIRECTION('center_axis',(0.,0.,1.));
#2132=DIRECTION('ref_axis',(0.707106781186548,-0.707106781186548,0.));
#2133=DIRECTION('',(0.,0.,1.));
#2134=DIRECTION('center_axis',(0.,0.,-1.));
#2135=DIRECTION('ref_axis',(1.,0.,0.));
#2136=DIRECTION('',(0.,-1.,0.));
#2137=DIRECTION('',(-1.,0.,0.));
#2138=DIRECTION('center_axis',(0.,-1.,0.));
#2139=DIRECTION('ref_axis',(1.,0.,0.));
#2140=DIRECTION('',(0.,-1.,0.));
#2141=DIRECTION('center_axis',(0.,-1.,0.));
#2142=DIRECTION('ref_axis',(1.,0.,0.));
#2143=DIRECTION('center_axis',(1.,0.,0.));
#2144=DIRECTION('ref_axis',(0.,0.,1.));
#2145=DIRECTION('',(0.,-1.,0.));
#2146=DIRECTION('',(0.,0.,-1.));
#2147=DIRECTION('center_axis',(0.,0.,-1.));
#2148=DIRECTION('ref_axis',(-0.707106781186548,-0.707106781186548,0.));
#2149=DIRECTION('center_axis',(0.,-1.,0.));
#2150=DIRECTION('ref_axis',(0.,0.,-1.));
#2151=DIRECTION('center_axis',(0.,-1.,0.));
#2152=DIRECTION('ref_axis',(-0.70710678118655,0.,-0.707106781186545));
#2153=DIRECTION('center_axis',(1.,0.,0.));
#2154=DIRECTION('ref_axis',(0.,-0.707106781186548,-0.707106781186548));
#2155=DIRECTION('',(1.,0.,0.));
#2156=DIRECTION('center_axis',(0.,-1.,0.));
#2157=DIRECTION('ref_axis',(0.,0.,-1.));
#2158=DIRECTION('center_axis',(0.,-1.,0.));
#2159=DIRECTION('ref_axis',(0.707106781186549,0.,-0.707106781186546));
#2160=DIRECTION('center_axis',(0.,0.,1.));
#2161=DIRECTION('ref_axis',(0.707106781186548,-0.707106781186548,0.));
#2162=DIRECTION('',(0.,0.,1.));
#2163=DIRECTION('center_axis',(0.,-1.,0.));
#2164=DIRECTION('ref_axis',(0.,0.,-1.));
#2165=DIRECTION('center_axis',(-1.,0.,0.));
#2166=DIRECTION('ref_axis',(0.,-0.707106781186548,0.707106781186548));
#2167=DIRECTION('center_axis',(0.,-1.,0.));
#2168=DIRECTION('ref_axis',(0.,0.,-1.));
#2169=DIRECTION('center_axis',(0.,-1.,0.));
#2170=DIRECTION('ref_axis',(1.,0.,0.));
#2171=DIRECTION('',(0.,-1.,0.));
#2172=DIRECTION('center_axis',(0.,0.,-1.));
#2173=DIRECTION('ref_axis',(1.,0.,0.));
#2174=DIRECTION('',(0.,-1.,0.));
#2175=DIRECTION('center_axis',(0.,-1.,0.));
#2176=DIRECTION('ref_axis',(1.,0.,0.));
#2177=DIRECTION('',(0.,-1.,0.));
#2178=DIRECTION('center_axis',(1.,0.,0.));
#2179=DIRECTION('ref_axis',(0.,0.,1.));
#2180=DIRECTION('center_axis',(0.,0.,-1.));
#2181=DIRECTION('ref_axis',(1.,0.,0.));
#2182=DIRECTION('',(-1.,0.,0.));
#2183=DIRECTION('center_axis',(0.,1.,0.));
#2184=DIRECTION('ref_axis',(-1.,0.,0.));
#2185=DIRECTION('center_axis',(0.,1.,0.));
#2186=DIRECTION('ref_axis',(-0.707106781186548,0.,0.707106781186548));
#2187=DIRECTION('',(-1.48029736616688E-16,0.,-1.));
#2188=DIRECTION('center_axis',(0.,1.,0.));
#2189=DIRECTION('ref_axis',(-0.707106781186548,0.,-0.707106781186548));
#2190=DIRECTION('',(1.,0.,1.48029736616688E-16));
#2191=DIRECTION('center_axis',(0.,1.,0.));
#2192=DIRECTION('ref_axis',(0.707106781186548,0.,-0.707106781186548));
#2193=DIRECTION('',(8.14163551391781E-16,0.,1.));
#2194=DIRECTION('center_axis',(0.,1.,0.));
#2195=DIRECTION('ref_axis',(0.707106781186548,0.,0.707106781186548));
#2196=DIRECTION('',(-1.,0.,1.48029736616688E-16));
#2197=DIRECTION('center_axis',(0.,1.,0.));
#2198=DIRECTION('ref_axis',(-1.,0.,0.));
#2199=DIRECTION('center_axis',(0.,1.,0.));
#2200=DIRECTION('ref_axis',(-1.,0.,0.));
#2201=DIRECTION('center_axis',(0.,1.,0.));
#2202=DIRECTION('ref_axis',(-1.,0.,0.));
#2203=DIRECTION('center_axis',(0.,1.,0.));
#2204=DIRECTION('ref_axis',(-1.,0.,0.));
#2205=DIRECTION('center_axis',(0.,-1.,0.));
#2206=DIRECTION('ref_axis',(-1.,0.,0.));
#2207=DIRECTION('center_axis',(0.,-1.,0.));
#2208=DIRECTION('ref_axis',(-1.,0.,0.));
#2209=DIRECTION('',(0.,-1.,0.));
#2210=DIRECTION('center_axis',(0.,-1.,0.));
#2211=DIRECTION('ref_axis',(-1.,0.,0.));
#2212=DIRECTION('center_axis',(0.,1.,0.));
#2213=DIRECTION('ref_axis',(-1.,0.,0.));
#2214=DIRECTION('center_axis',(0.,-1.,0.));
#2215=DIRECTION('ref_axis',(0.,0.,-1.));
#2216=DIRECTION('center_axis',(-1.,0.,0.));
#2217=DIRECTION('ref_axis',(0.,0.,1.));
#2218=DIRECTION('center_axis',(0.,1.,0.));
#2219=DIRECTION('ref_axis',(-1.,0.,0.));
#2220=DIRECTION('center_axis',(0.,0.,-1.));
#2221=DIRECTION('ref_axis',(0.,1.,0.));
#2222=DIRECTION('center_axis',(0.,-1.,0.));
#2223=DIRECTION('ref_axis',(0.,0.,-1.));
#2224=DIRECTION('center_axis',(0.,0.,-1.));
#2225=DIRECTION('ref_axis',(-1.,0.,0.));
#2226=DIRECTION('center_axis',(0.,1.,0.));
#2227=DIRECTION('ref_axis',(0.,0.,-1.));
#2228=DIRECTION('center_axis',(1.,0.,0.));
#2229=DIRECTION('ref_axis',(0.,1.,0.));
#2230=DIRECTION('center_axis',(0.,-1.,0.));
#2231=DIRECTION('ref_axis',(0.,0.,-1.));
#2232=DIRECTION('center_axis',(0.,0.,1.));
#2233=DIRECTION('ref_axis',(1.,0.,0.));
#2234=DIRECTION('center_axis',(0.,1.,0.));
#2235=DIRECTION('ref_axis',(0.,0.,1.));
#2236=DIRECTION('center_axis',(-1.,0.,0.));
#2237=DIRECTION('ref_axis',(0.,1.,0.));
#2238=DIRECTION('center_axis',(0.,0.,1.));
#2239=DIRECTION('ref_axis',(0.707106781186549,0.707106781186546,0.));
#2240=DIRECTION('',(0.,0.,1.));
#2241=DIRECTION('center_axis',(-0.816496580927726,0.408248290463866,0.40824829046386));
#2242=DIRECTION('ref_axis',(-0.577350269189625,-0.577350269189628,-0.577350269189625));
#2243=DIRECTION('center_axis',(0.,0.,-1.));
#2244=DIRECTION('ref_axis',(-1.,0.,0.));
#2245=DIRECTION('center_axis',(0.,-1.,0.));
#2246=DIRECTION('ref_axis',(0.,0.,-1.));
#2247=DIRECTION('center_axis',(-1.,0.,-1.11022302462516E-15));
#2248=DIRECTION('ref_axis',(0.,-1.,0.));
#2249=DIRECTION('center_axis',(0.,-1.,0.));
#2250=DIRECTION('ref_axis',(-0.707106781186548,0.,-0.707106781186548));
#2251=DIRECTION('',(0.,1.,0.));
#2252=DIRECTION('',(0.,-1.,0.));
#2253=DIRECTION('center_axis',(0.,1.,0.));
#2254=DIRECTION('ref_axis',(0.,0.,1.));
#2255=DIRECTION('center_axis',(0.,1.,0.));
#2256=DIRECTION('ref_axis',(1.,0.,0.));
#2257=DIRECTION('center_axis',(0.,0.,1.));
#2258=DIRECTION('ref_axis',(0.,1.,0.));
#2259=DIRECTION('center_axis',(1.,0.,0.));
#2260=DIRECTION('ref_axis',(0.,0.,-1.));
#2261=DIRECTION('center_axis',(0.,0.,-1.));
#2262=DIRECTION('ref_axis',(-0.707106781186549,0.707106781186546,0.));
#2263=DIRECTION('',(0.,0.,-1.));
#2264=DIRECTION('center_axis',(1.,0.,0.));
#2265=DIRECTION('ref_axis',(0.,0.707106781186546,-0.707106781186549));
#2266=DIRECTION('',(1.,0.,0.));
#2267=DIRECTION('center_axis',(-0.816496580927726,-0.408248290463866,-0.40824829046386));
#2268=DIRECTION('ref_axis',(0.577350269189625,-0.577350269189628,-0.577350269189625));
#2269=DIRECTION('center_axis',(1.,0.,0.));
#2270=DIRECTION('ref_axis',(0.,0.,-1.));
#2271=DIRECTION('center_axis',(0.,-1.,0.));
#2272=DIRECTION('ref_axis',(1.,0.,0.));
#2273=DIRECTION('center_axis',(1.11022302462516E-15,0.,-1.));
#2274=DIRECTION('ref_axis',(0.,-1.,0.));
#2275=DIRECTION('center_axis',(0.,-1.,0.));
#2276=DIRECTION('ref_axis',(0.707106781186548,0.,-0.707106781186548));
#2277=DIRECTION('',(0.,1.,0.));
#2278=DIRECTION('',(0.,-1.,0.));
#2279=DIRECTION('center_axis',(-0.816496580927726,0.408248290463866,-0.40824829046386));
#2280=DIRECTION('ref_axis',(-0.577350269189625,-0.577350269189628,0.577350269189625));
#2281=DIRECTION('center_axis',(-1.,0.,0.));
#2282=DIRECTION('ref_axis',(0.,0.,1.));
#2283=DIRECTION('center_axis',(0.,-1.,0.));
#2284=DIRECTION('ref_axis',(-1.,0.,0.));
#2285=DIRECTION('center_axis',(-1.11022302462516E-15,0.,1.));
#2286=DIRECTION('ref_axis',(0.,-1.,0.));
#2287=DIRECTION('center_axis',(0.,-1.,0.));
#2288=DIRECTION('ref_axis',(-0.707106781186548,0.,0.707106781186548));
#2289=DIRECTION('',(0.,1.,0.));
#2290=DIRECTION('',(0.,-1.,0.));
#2291=DIRECTION('center_axis',(0.,0.,-1.));
#2292=DIRECTION('ref_axis',(-0.707106781186542,-0.707106781186553,0.));
#2293=DIRECTION('',(0.,0.,1.));
#2294=DIRECTION('',(0.,0.,-1.));
#2295=DIRECTION('center_axis',(-0.816496580927725,-0.408248290463865,0.408248290463862));
#2296=DIRECTION('ref_axis',(0.577350269189625,-0.577350269189628,0.577350269189625));
#2297=DIRECTION('center_axis',(0.,0.,1.));
#2298=DIRECTION('ref_axis',(1.,0.,0.));
#2299=DIRECTION('center_axis',(0.,-1.,0.));
#2300=DIRECTION('ref_axis',(0.,0.,1.));
#2301=DIRECTION('center_axis',(1.,0.,1.11022302462516E-15));
#2302=DIRECTION('ref_axis',(0.,-1.,0.));
#2303=DIRECTION('center_axis',(0.,-1.,0.));
#2304=DIRECTION('ref_axis',(0.707106781186548,0.,0.707106781186548));
#2305=DIRECTION('',(0.,1.,0.));
#2306=DIRECTION('',(0.,-1.,0.));
#2307=DIRECTION('center_axis',(-1.,0.,0.));
#2308=DIRECTION('ref_axis',(0.,-0.707106781186553,0.707106781186542));
#2309=DIRECTION('',(1.,0.,0.));
#2310=DIRECTION('',(-1.,0.,0.));
#2311=DIRECTION('center_axis',(0.,0.,1.));
#2312=DIRECTION('ref_axis',(0.707106781186542,-0.707106781186553,0.));
#2313=DIRECTION('',(0.,0.,-1.));
#2314=DIRECTION('',(0.,0.,1.));
#2315=DIRECTION('center_axis',(1.,0.,0.));
#2316=DIRECTION('ref_axis',(0.,-0.707106781186553,-0.707106781186542));
#2317=DIRECTION('',(-1.,0.,0.));
#2318=DIRECTION('',(1.,0.,0.));
#2319=DIRECTION('center_axis',(-1.,0.,0.));
#2320=DIRECTION('ref_axis',(0.,0.707106781186546,0.707106781186549));
#2321=DIRECTION('',(-1.,0.,0.));
#2322=DIRECTION('center_axis',(-1.,0.,0.));
#2323=DIRECTION('ref_axis',(0.,0.,-1.));
#2324=DIRECTION('center_axis',(1.,0.,0.));
#2325=DIRECTION('ref_axis',(0.,0.,1.));
#2326=DIRECTION('center_axis',(0.,0.,1.));
#2327=DIRECTION('ref_axis',(-1.,0.,0.));
#2328=DIRECTION('center_axis',(0.,0.,-1.));
#2329=DIRECTION('ref_axis',(1.,0.,0.));
#2330=DIRECTION('center_axis',(0.,-1.,0.));
#2331=DIRECTION('ref_axis',(0.,0.,-1.));
#2332=DIRECTION('center_axis',(0.,-1.,0.));
#2333=DIRECTION('ref_axis',(-1.,0.,0.));
#2334=DIRECTION('center_axis',(0.,-1.,0.));
#2335=DIRECTION('ref_axis',(-1.,0.,0.));
#2336=DIRECTION('',(0.,-1.,0.));
#2337=DIRECTION('center_axis',(0.,-1.,0.));
#2338=DIRECTION('ref_axis',(-1.,0.,0.));
#2339=DIRECTION('center_axis',(0.,-1.,0.));
#2340=DIRECTION('ref_axis',(-1.,0.,0.));
#2341=DIRECTION('',(0.,-1.,0.));
#2342=DIRECTION('center_axis',(0.,-1.,0.));
#2343=DIRECTION('ref_axis',(-1.,0.,0.));
#2344=DIRECTION('center_axis',(0.,-1.,0.));
#2345=DIRECTION('ref_axis',(-1.,0.,0.));
#2346=DIRECTION('',(0.,-1.,0.));
#2347=DIRECTION('center_axis',(0.,-1.,0.));
#2348=DIRECTION('ref_axis',(-1.,0.,0.));
#2349=DIRECTION('center_axis',(0.,-1.,0.));
#2350=DIRECTION('ref_axis',(-1.,0.,0.));
#2351=DIRECTION('',(0.,-1.,0.));
#2352=DIRECTION('center_axis',(1.,0.,-1.48029736616688E-16));
#2353=DIRECTION('ref_axis',(0.,0.707106781186548,0.707106781186548));
#2354=DIRECTION('center_axis',(1.,0.,0.));
#2355=DIRECTION('ref_axis',(0.,1.,0.));
#2356=DIRECTION('',(1.,0.,-1.48029736616688E-16));
#2357=DIRECTION('center_axis',(-1.,0.,0.));
#2358=DIRECTION('ref_axis',(0.,0.,1.));
#2359=DIRECTION('',(-1.,0.,1.48029736616688E-16));
#2360=DIRECTION('center_axis',(1.48029736616688E-16,0.,1.));
#2361=DIRECTION('ref_axis',(-0.707106781186548,0.707106781186548,0.));
#2362=DIRECTION('center_axis',(0.,0.,1.));
#2363=DIRECTION('ref_axis',(0.,1.,0.));
#2364=DIRECTION('',(1.48029736616688E-16,0.,1.));
#2365=DIRECTION('center_axis',(0.,0.,-1.));
#2366=DIRECTION('ref_axis',(-1.,0.,0.));
#2367=DIRECTION('',(-1.48029736616688E-16,0.,-1.));
#2368=DIRECTION('center_axis',(-0.408248290463867,-0.816496580927726,0.40824829046386));
#2369=DIRECTION('ref_axis',(-0.577350269189626,0.577350269189626,0.577350269189626));
#2370=DIRECTION('center_axis',(0.,1.,0.));
#2371=DIRECTION('ref_axis',(-0.707106781186548,0.,0.707106781186548));
#2372=DIRECTION('center_axis',(-1.,0.,-1.48029736616688E-16));
#2373=DIRECTION('ref_axis',(0.,0.707106781186548,-0.707106781186548));
#2374=DIRECTION('center_axis',(-1.,0.,0.));
#2375=DIRECTION('ref_axis',(0.,1.,0.));
#2376=DIRECTION('',(-1.,0.,-1.48029736616688E-16));
#2377=DIRECTION('center_axis',(1.,0.,8.8817841970012E-15));
#2378=DIRECTION('ref_axis',(8.8817841970012E-15,0.,-1.));
#2379=DIRECTION('',(1.,0.,1.48029736616688E-16));
#2380=DIRECTION('center_axis',(-0.408248290463859,-0.816496580927726,-0.408248290463867));
#2381=DIRECTION('ref_axis',(-0.577350269189621,0.577350269189628,-0.577350269189628));
#2382=DIRECTION('center_axis',(0.,1.,0.));
#2383=DIRECTION('ref_axis',(-0.707106781186548,0.,-0.707106781186548));
#2384=DIRECTION('center_axis',(-8.14163551391781E-16,0.,-1.));
#2385=DIRECTION('ref_axis',(0.707106781186548,0.707106781186548,0.));
#2386=DIRECTION('center_axis',(0.,0.,-1.));
#2387=DIRECTION('ref_axis',(0.,1.,0.));
#2388=DIRECTION('',(-8.14163551391781E-16,0.,-1.));
#2389=DIRECTION('center_axis',(0.,0.,1.));
#2390=DIRECTION('ref_axis',(1.,0.,0.));
#2391=DIRECTION('',(8.14163551391781E-16,0.,1.));
#2392=DIRECTION('center_axis',(0.408248290463859,-0.816496580927726,-0.408248290463867));
#2393=DIRECTION('ref_axis',(0.577350269189621,0.577350269189628,-0.577350269189628));
#2394=DIRECTION('center_axis',(0.,1.,0.));
#2395=DIRECTION('ref_axis',(0.707106781186548,0.,-0.707106781186548));
#2396=DIRECTION('center_axis',(0.408248290463859,-0.816496580927726,0.408248290463867));
#2397=DIRECTION('ref_axis',(0.577350269189626,0.577350269189626,0.577350269189626));
#2398=DIRECTION('center_axis',(0.,1.,0.));
#2399=DIRECTION('ref_axis',(0.707106781186548,0.,0.707106781186548));
#2400=DIRECTION('center_axis',(0.,1.,0.));
#2401=DIRECTION('ref_axis',(-0.707106781186548,0.,-0.707106781186548));
#2402=DIRECTION('',(0.,-1.,0.));
#2403=DIRECTION('',(0.,1.,0.));
#2404=DIRECTION('center_axis',(1.48029736616688E-16,0.,-1.));
#2405=DIRECTION('ref_axis',(-1.,0.,-1.48029736616688E-16));
#2406=DIRECTION('',(0.,1.,0.));
#2407=DIRECTION('center_axis',(0.,1.,0.));
#2408=DIRECTION('ref_axis',(0.707106781186548,0.,-0.707106781186548));
#2409=DIRECTION('',(0.,-1.,0.));
#2410=DIRECTION('center_axis',(1.,0.,-8.14163551391781E-16));
#2411=DIRECTION('ref_axis',(-8.14163551391781E-16,0.,-1.));
#2412=DIRECTION('',(0.,1.,0.));
#2413=DIRECTION('center_axis',(0.,1.,0.));
#2414=DIRECTION('ref_axis',(0.,0.,1.));
#2415=DIRECTION('center_axis',(0.,1.,0.));
#2416=DIRECTION('ref_axis',(-0.707106781186548,0.,0.707106781186548));
#2417=DIRECTION('',(0.,-1.,0.));
#2418=DIRECTION('',(0.,1.,0.));
#2419=DIRECTION('center_axis',(-1.,0.,1.48029736616688E-16));
#2420=DIRECTION('ref_axis',(1.48029736616688E-16,0.,1.));
#2421=DIRECTION('center_axis',(0.,1.,0.));
#2422=DIRECTION('ref_axis',(0.707106781186548,0.,0.707106781186548));
#2423=DIRECTION('',(0.,-1.,0.));
#2424=DIRECTION('center_axis',(1.48029736616688E-16,0.,1.));
#2425=DIRECTION('ref_axis',(1.,0.,-1.48029736616688E-16));
#2426=CARTESIAN_POINT('',(0.,0.,0.));
#2427=CARTESIAN_POINT('Origin',(-22.7565831386648,59.,49.5));
#2428=CARTESIAN_POINT('',(45.5131670194949,59.,50.5));
#2429=CARTESIAN_POINT('',(-45.5131662773295,59.,50.5));
#2430=CARTESIAN_POINT('',(-22.7565831386648,59.,50.5));
#2431=CARTESIAN_POINT('',(-44.9004942981004,60.,49.5));
#2432=CARTESIAN_POINT('Ctrl Pts',(-45.5131662773295,59.,50.5));
#2433=CARTESIAN_POINT('Ctrl Pts',(-45.5131662773295,59.1110542924878,50.5));
#2434=CARTESIAN_POINT('Ctrl Pts',(-45.5014612511748,59.2201568874656,50.4815222959511));
#2435=CARTESIAN_POINT('Ctrl Pts',(-45.4553238395434,59.4345206152414,50.4083121091678));
#2436=CARTESIAN_POINT('Ctrl Pts',(-45.4198765829671,59.535517145295,50.3519288114419));
#2437=CARTESIAN_POINT('Ctrl Pts',(-45.3253628028778,59.7257700812877,50.2003339527122));
#2438=CARTESIAN_POINT('Ctrl Pts',(-45.2641341544569,59.8085575987961,50.1014438424188));
#2439=CARTESIAN_POINT('Ctrl Pts',(-45.1519235958121,59.9124717822537,49.9181261733028));
#2440=CARTESIAN_POINT('Ctrl Pts',(-45.103656952661,59.9446617751661,49.8387359951493));
#2441=CARTESIAN_POINT('Ctrl Pts',(-45.0045780056615,59.9883634630372,49.6745033484833));
#2442=CARTESIAN_POINT('Ctrl Pts',(-44.9537283621182,59.9996094540992,49.5895832968346));
#2443=CARTESIAN_POINT('Ctrl Pts',(-44.9022652760004,59.9999966679389,49.5029808038916));
#2444=CARTESIAN_POINT('Ctrl Pts',(-44.9013797439902,60.,49.5014904274688));
#2445=CARTESIAN_POINT('Ctrl Pts',(-44.9004942981004,60.,49.5));
#2446=CARTESIAN_POINT('',(44.9004950616379,60.,49.5));
#2447=CARTESIAN_POINT('',(-22.7565831386648,60.,49.5));
#2448=CARTESIAN_POINT('Ctrl Pts',(45.5131670194949,59.,50.5));
#2449=CARTESIAN_POINT('Ctrl Pts',(45.5131670194949,59.1110542935034,50.5));
#2450=CARTESIAN_POINT('Ctrl Pts',(45.501461993517,59.2201568895177,50.4815222956128));
#2451=CARTESIAN_POINT('Ctrl Pts',(45.4553245826383,59.4345206188232,50.4083121075527));
#2452=CARTESIAN_POINT('Ctrl Pts',(45.4198773267273,59.5355171494321,50.3519288089739));
#2453=CARTESIAN_POINT('Ctrl Pts',(45.3253635487641,59.7257700854317,50.2003339484406));
#2454=CARTESIAN_POINT('Ctrl Pts',(45.2641349020235,59.8085576025915,50.1014438374249));
#2455=CARTESIAN_POINT('Ctrl Pts',(45.1519243472818,59.912471784471,49.9181261682127));
#2456=CARTESIAN_POINT('Ctrl Pts',(45.103657706395,59.9446617765742,49.8387359909635));
#2457=CARTESIAN_POINT('Ctrl Pts',(45.0045787641589,59.9883634633137,49.6745033463237));
#2458=CARTESIAN_POINT('Ctrl Pts',(44.9537291232821,59.9996094541026,49.5895832960096));
#2459=CARTESIAN_POINT('Ctrl Pts',(44.9022660394646,59.9999966679389,49.5029808038812));
#2460=CARTESIAN_POINT('Ctrl Pts',(44.9013805075038,60.,49.5014904274826));
#2461=CARTESIAN_POINT('Ctrl Pts',(44.9004950616379,60.,49.5));
#2462=CARTESIAN_POINT('Origin',(-55.,59.,55.));
#2463=CARTESIAN_POINT('',(-50.5,59.,45.5131662773296));
#2464=CARTESIAN_POINT('Origin',(-55.,59.,55.));
#2465=CARTESIAN_POINT('',(-49.5,60.,44.9004942981005));
#2466=CARTESIAN_POINT('Ctrl Pts',(-50.5,59.,45.5131662773296));
#2467=CARTESIAN_POINT('Ctrl Pts',(-50.5,59.1110542924878,45.5131662773296));
#2468=CARTESIAN_POINT('Ctrl Pts',(-50.4815222959511,59.2201568874656,45.5014612511748));
#2469=CARTESIAN_POINT('Ctrl Pts',(-50.4083121091677,59.4345206152414,45.4553238395434));
#2470=CARTESIAN_POINT('Ctrl Pts',(-50.3519288114419,59.535517145295,45.4198765829671));
#2471=CARTESIAN_POINT('Ctrl Pts',(-50.2003339527122,59.7257700812877,45.3253628028779));
#2472=CARTESIAN_POINT('Ctrl Pts',(-50.1014438424188,59.8085575987961,45.264134154457));
#2473=CARTESIAN_POINT('Ctrl Pts',(-49.9181261733027,59.9124717822537,45.1519235958121));
#2474=CARTESIAN_POINT('Ctrl Pts',(-49.8387359951493,59.9446617751661,45.103656952661));
#2475=CARTESIAN_POINT('Ctrl Pts',(-49.6745033484833,59.9883634630372,45.0045780056615));
#2476=CARTESIAN_POINT('Ctrl Pts',(-49.5895832968349,59.9996094540992,44.9537283621184));
#2477=CARTESIAN_POINT('Ctrl Pts',(-49.5029808038915,59.9999966679389,44.9022652760004));
#2478=CARTESIAN_POINT('Ctrl Pts',(-49.5014904274688,60.,44.9013797439902));
#2479=CARTESIAN_POINT('Ctrl Pts',(-49.5,60.,44.9004942981005));
#2480=CARTESIAN_POINT('Origin',(-55.,60.,55.));
#2481=CARTESIAN_POINT('Origin',(-55.,59.,-55.));
#2482=CARTESIAN_POINT('',(-44.9004950616379,60.,-49.5));
#2483=CARTESIAN_POINT('',(-49.5,60.,-44.9004950616379));
#2484=CARTESIAN_POINT('Origin',(-55.,60.,-55.));
#2485=CARTESIAN_POINT('',(-50.5,59.,-45.5131670194949));
#2486=CARTESIAN_POINT('Ctrl Pts',(-49.5,60.,-44.9004950616379));
#2487=CARTESIAN_POINT('Ctrl Pts',(-49.5014904274826,60.,-44.9013805075039));
#2488=CARTESIAN_POINT('Ctrl Pts',(-49.5029808038811,59.9999966679389,-44.9022660394646));
#2489=CARTESIAN_POINT('Ctrl Pts',(-49.5814722208584,59.9996457200396,-44.9489091587511));
#2490=CARTESIAN_POINT('Ctrl Pts',(-49.6583156916148,59.9904082195795,-44.994888258046));
#2491=CARTESIAN_POINT('Ctrl Pts',(-49.8078336096129,59.954509634665,-45.0849607137369));
#2492=CARTESIAN_POINT('Ctrl Pts',(-49.8805616407121,59.9280229655414,-45.1290801112918));
#2493=CARTESIAN_POINT('Ctrl Pts',(-50.0629603555594,59.8361006427392,-45.2404289319014));
#2494=CARTESIAN_POINT('Ctrl Pts',(-50.1670876848764,59.7567622362939,-45.3047485431619));
#2495=CARTESIAN_POINT('Ctrl Pts',(-50.3286597473262,59.5710689420155,-45.4053025788204));
#2496=CARTESIAN_POINT('Ctrl Pts',(-50.3898622398667,59.4714862374671,-45.4437254940341));
#2497=CARTESIAN_POINT('Ctrl Pts',(-50.4719454616817,59.2591144268365,-45.4954082983481));
#2498=CARTESIAN_POINT('Ctrl Pts',(-50.4948214325461,59.1507739818489,-45.5098919633677));
#2499=CARTESIAN_POINT('Ctrl Pts',(-50.4997408030817,59.0263126858801,-45.5130030846593));
#2500=CARTESIAN_POINT('Ctrl Pts',(-50.5,59.0131455078532,-45.5131670194949));
#2501=CARTESIAN_POINT('Ctrl Pts',(-50.5,59.,-45.5131670194949));
#2502=CARTESIAN_POINT('',(-45.5131670194949,59.,-50.5));
#2503=CARTESIAN_POINT('Origin',(-55.,59.,-55.));
#2504=CARTESIAN_POINT('Ctrl Pts',(-45.5131670194949,59.,-50.5));
#2505=CARTESIAN_POINT('Ctrl Pts',(-45.5131670194949,59.1110542935034,-50.5));
#2506=CARTESIAN_POINT('Ctrl Pts',(-45.501461993517,59.2201568895178,-50.4815222956128));
#2507=CARTESIAN_POINT('Ctrl Pts',(-45.4553245826383,59.4345206188232,-50.4083121075527));
#2508=CARTESIAN_POINT('Ctrl Pts',(-45.4198773267273,59.5355171494321,-50.3519288089738));
#2509=CARTESIAN_POINT('Ctrl Pts',(-45.3253635487641,59.7257700854317,-50.2003339484406));
#2510=CARTESIAN_POINT('Ctrl Pts',(-45.2641349020236,59.8085576025915,-50.1014438374249));
#2511=CARTESIAN_POINT('Ctrl Pts',(-45.1519243472819,59.912471784471,-49.9181261682127));
#2512=CARTESIAN_POINT('Ctrl Pts',(-45.103657706395,59.9446617765742,-49.8387359909635));
#2513=CARTESIAN_POINT('Ctrl Pts',(-45.0045787641589,59.9883634633137,-49.6745033463236));
#2514=CARTESIAN_POINT('Ctrl Pts',(-44.9537291232816,59.9996094541026,-49.589583296009));
#2515=CARTESIAN_POINT('Ctrl Pts',(-44.9022660394646,59.9999966679389,-49.5029808038811));
#2516=CARTESIAN_POINT('Ctrl Pts',(-44.9013805075039,60.,-49.5014904274826));
#2517=CARTESIAN_POINT('Ctrl Pts',(-44.9004950616379,60.,-49.5));
#2518=CARTESIAN_POINT('Origin',(-49.5,59.,-22.7565835097474));
#2519=CARTESIAN_POINT('',(-50.5,59.,-22.7565835097474));
#2520=CARTESIAN_POINT('',(-49.5,60.,-22.7565835097474));
#2521=CARTESIAN_POINT('Origin',(22.7565835097474,59.,-49.5));
#2522=CARTESIAN_POINT('',(44.9004950616379,60.,-49.5));
#2523=CARTESIAN_POINT('',(22.7565835097474,60.,-49.5));
#2524=CARTESIAN_POINT('',(45.5131670194948,59.,-50.5));
#2525=CARTESIAN_POINT('',(22.7565835097474,59.,-50.5));
#2526=CARTESIAN_POINT('Ctrl Pts',(45.5131670194948,59.,-50.5));
#2527=CARTESIAN_POINT('Ctrl Pts',(45.5131670194948,59.1110542935034,-50.5));
#2528=CARTESIAN_POINT('Ctrl Pts',(45.501461993517,59.2201568895177,-50.4815222956128));
#2529=CARTESIAN_POINT('Ctrl Pts',(45.4553245826383,59.4345206188232,-50.4083121075527));
#2530=CARTESIAN_POINT('Ctrl Pts',(45.4198773267273,59.5355171494321,-50.3519288089738));
#2531=CARTESIAN_POINT('Ctrl Pts',(45.3253635487641,59.7257700854317,-50.2003339484405));
#2532=CARTESIAN_POINT('Ctrl Pts',(45.2641349020235,59.8085576025915,-50.1014438374249));
#2533=CARTESIAN_POINT('Ctrl Pts',(45.1519243472819,59.912471784471,-49.9181261682127));
#2534=CARTESIAN_POINT('Ctrl Pts',(45.103657706395,59.9446617765742,-49.8387359909636));
#2535=CARTESIAN_POINT('Ctrl Pts',(45.0045787641589,59.9883634633137,-49.6745033463237));
#2536=CARTESIAN_POINT('Ctrl Pts',(44.953729123282,59.9996094541026,-49.5895832960095));
#2537=CARTESIAN_POINT('Ctrl Pts',(44.9022660394646,59.9999966679389,-49.5029808038811));
#2538=CARTESIAN_POINT('Ctrl Pts',(44.9013805075038,60.,-49.5014904274826));
#2539=CARTESIAN_POINT('Ctrl Pts',(44.9004950616379,60.,-49.5));
#2540=CARTESIAN_POINT('Origin',(55.,59.,-55.));
#2541=CARTESIAN_POINT('',(49.4999999999999,60.,-44.9004950616379));
#2542=CARTESIAN_POINT('Origin',(55.,60.,-55.));
#2543=CARTESIAN_POINT('',(50.4999999999999,59.,-45.5131670194949));
#2544=CARTESIAN_POINT('Origin',(55.,59.,-55.));
#2545=CARTESIAN_POINT('Ctrl Pts',(50.4999999999999,59.,-45.5131670194949));
#2546=CARTESIAN_POINT('Ctrl Pts',(50.4999999999999,59.1110542935034,-45.5131670194949));
#2547=CARTESIAN_POINT('Ctrl Pts',(50.4815222956127,59.2201568895178,-45.501461993517));
#2548=CARTESIAN_POINT('Ctrl Pts',(50.4083121075526,59.4345206188232,-45.4553245826384));
#2549=CARTESIAN_POINT('Ctrl Pts',(50.3519288089738,59.5355171494321,-45.4198773267273));
#2550=CARTESIAN_POINT('Ctrl Pts',(50.2003339484405,59.7257700854317,-45.3253635487641));
#2551=CARTESIAN_POINT('Ctrl Pts',(50.1014438374248,59.8085576025915,-45.2641349020235));
#2552=CARTESIAN_POINT('Ctrl Pts',(49.9181261682126,59.912471784471,-45.1519243472819));
#2553=CARTESIAN_POINT('Ctrl Pts',(49.8387359909634,59.9446617765742,-45.1036577063951));
#2554=CARTESIAN_POINT('Ctrl Pts',(49.6745033463237,59.9883634633137,-45.004578764159));
#2555=CARTESIAN_POINT('Ctrl Pts',(49.58958329601,59.9996094541026,-44.9537291232824));
#2556=CARTESIAN_POINT('Ctrl Pts',(49.502980803881,59.9999966679389,-44.9022660394646));
#2557=CARTESIAN_POINT('Ctrl Pts',(49.5014904274826,60.,-44.9013805075039));
#2558=CARTESIAN_POINT('Ctrl Pts',(49.4999999999999,60.,-44.9004950616379));
#2559=CARTESIAN_POINT('Origin',(49.4999999999999,59.,22.7565835097475));
#2560=CARTESIAN_POINT('',(49.4999999999999,60.,44.900495061638));
#2561=CARTESIAN_POINT('',(49.4999999999999,60.,22.7565835097475));
#2562=CARTESIAN_POINT('',(50.4999999999999,59.,45.5131670194949));
#2563=CARTESIAN_POINT('',(50.4999999999999,59.,22.7565835097475));
#2564=CARTESIAN_POINT('Ctrl Pts',(50.4999999999999,59.,45.5131670194949));
#2565=CARTESIAN_POINT('Ctrl Pts',(50.4999999999999,59.1110542935034,45.5131670194949));
#2566=CARTESIAN_POINT('Ctrl Pts',(50.4815222956127,59.2201568895178,45.5014619935171));
#2567=CARTESIAN_POINT('Ctrl Pts',(50.4083121075526,59.4345206188232,45.4553245826384));
#2568=CARTESIAN_POINT('Ctrl Pts',(50.3519288089738,59.5355171494321,45.4198773267273));
#2569=CARTESIAN_POINT('Ctrl Pts',(50.2003339484405,59.7257700854317,45.3253635487641));
#2570=CARTESIAN_POINT('Ctrl Pts',(50.1014438374248,59.8085576025915,45.2641349020236));
#2571=CARTESIAN_POINT('Ctrl Pts',(49.9181261682126,59.912471784471,45.1519243472819));
#2572=CARTESIAN_POINT('Ctrl Pts',(49.8387359909634,59.9446617765742,45.1036577063951));
#2573=CARTESIAN_POINT('Ctrl Pts',(49.6745033463236,59.9883634633137,45.004578764159));
#2574=CARTESIAN_POINT('Ctrl Pts',(49.5895832960095,59.9996094541026,44.9537291232821));
#2575=CARTESIAN_POINT('Ctrl Pts',(49.502980803881,59.9999966679389,44.9022660394647));
#2576=CARTESIAN_POINT('Ctrl Pts',(49.5014904274826,60.,44.9013805075039));
#2577=CARTESIAN_POINT('Ctrl Pts',(49.4999999999999,60.,44.900495061638));
#2578=CARTESIAN_POINT('Origin',(55.,59.,55.));
#2579=CARTESIAN_POINT('Origin',(55.,60.,55.));
#2580=CARTESIAN_POINT('Origin',(55.,59.,55.));
#2581=CARTESIAN_POINT('Origin',(50.4999999999999,60.,45.5131670194949));
#2582=CARTESIAN_POINT('',(50.4999999999999,56.,-45.5131670194949));
#2583=CARTESIAN_POINT('',(50.4999999999999,60.,-45.5131670194949));
#2584=CARTESIAN_POINT('',(50.4999999999999,56.,45.5131670194949));
#2585=CARTESIAN_POINT('',(50.4999999999999,56.,22.7565835097475));
#2586=CARTESIAN_POINT('',(50.4999999999999,60.,45.5131670194949));
#2587=CARTESIAN_POINT('Origin',(55.,60.,-55.));
#2588=CARTESIAN_POINT('',(45.5131670194948,56.,-50.5));
#2589=CARTESIAN_POINT('',(45.5131670194948,60.,-50.5));
#2590=CARTESIAN_POINT('Origin',(55.,56.,-55.));
#2591=CARTESIAN_POINT('Origin',(45.5131670194949,60.,-50.5));
#2592=CARTESIAN_POINT('',(-45.5131670194949,56.,-50.5));
#2593=CARTESIAN_POINT('',(-45.5131670194949,60.,-50.5));
#2594=CARTESIAN_POINT('',(22.7565835097474,56.,-50.5));
#2595=CARTESIAN_POINT('Origin',(-55.,60.,-55.));
#2596=CARTESIAN_POINT('',(-50.5,56.,-45.5131670194949));
#2597=CARTESIAN_POINT('',(-50.5,60.,-45.5131670194949));
#2598=CARTESIAN_POINT('Origin',(-55.,56.,-55.));
#2599=CARTESIAN_POINT('Origin',(0.,60.,1.77635683940025E-14));
#2600=CARTESIAN_POINT('',(11.,60.,9.));
#2601=CARTESIAN_POINT('',(9.,60.,11.));
#2602=CARTESIAN_POINT('Origin',(9.,60.,9.));
#2603=CARTESIAN_POINT('',(11.,60.,-9.));
#2604=CARTESIAN_POINT('',(11.,60.,-4.99999999999999));
#2605=CARTESIAN_POINT('',(9.,60.,-11.));
#2606=CARTESIAN_POINT('Origin',(9.,60.,-9.));
#2607=CARTESIAN_POINT('',(-9.,60.,-11.));
#2608=CARTESIAN_POINT('',(-5.,60.,-11.));
#2609=CARTESIAN_POINT('',(-11.,60.,-9.));
#2610=CARTESIAN_POINT('Origin',(-9.,60.,-9.));
#2611=CARTESIAN_POINT('',(-11.,60.,9.));
#2612=CARTESIAN_POINT('',(-11.,60.,5.00000000000001));
#2613=CARTESIAN_POINT('',(-9.,60.,11.));
#2614=CARTESIAN_POINT('Origin',(-9.,60.,9.));
#2615=CARTESIAN_POINT('',(5.,60.,11.));
#2616=CARTESIAN_POINT('Origin',(-24.75,56.,-54.5));
#2617=CARTESIAN_POINT('',(49.,55.1339745962155,-55.));
#2618=CARTESIAN_POINT('',(48.5192593015921,55.,-54.5));
#2619=CARTESIAN_POINT('Ctrl Pts',(49.,55.1339745962156,-55.));
#2620=CARTESIAN_POINT('Ctrl Pts',(48.9446655812853,55.1020272546752,-54.9446655812853));
#2621=CARTESIAN_POINT('Ctrl Pts',(48.8879218286337,55.0758937561802,-54.8871460813222));
#2622=CARTESIAN_POINT('Ctrl Pts',(48.7293589175191,55.019189508631,-54.7241140932594));
#2623=CARTESIAN_POINT('Ctrl Pts',(48.6254466577787,55.0005013787538,-54.6146237605479));
#2624=CARTESIAN_POINT('Ctrl Pts',(48.5220132672333,55.0000033175704,-54.5029741489289));
#2625=CARTESIAN_POINT('Ctrl Pts',(48.5206361656518,55.,-54.501487183158));
#2626=CARTESIAN_POINT('Ctrl Pts',(48.5192593015921,55.,-54.5));
#2627=CARTESIAN_POINT('',(-48.5192593015922,55.,-54.5));
#2628=CARTESIAN_POINT('',(-24.75,55.,-54.5));
#2629=CARTESIAN_POINT('',(-49.,55.1339745962155,-55.));
#2630=CARTESIAN_POINT('Ctrl Pts',(-48.5192593015922,55.,-54.5));
#2631=CARTESIAN_POINT('Ctrl Pts',(-48.5206361656519,55.,-54.501487183158));
#2632=CARTESIAN_POINT('Ctrl Pts',(-48.5220132672333,55.0000033175704,-54.5029741489289));
#2633=CARTESIAN_POINT('Ctrl Pts',(-48.6432652212042,55.0005871802028,-54.633857739784));
#2634=CARTESIAN_POINT('Ctrl Pts',(-48.765867971135,55.0262679496248,-54.7624661799903));
#2635=CARTESIAN_POINT('Ctrl Pts',(-48.9231172387778,55.0927358615942,-54.9227510402733));
#2636=CARTESIAN_POINT('Ctrl Pts',(-48.9618660437282,55.1119579462967,-54.9618660437281));
#2637=CARTESIAN_POINT('Ctrl Pts',(-49.,55.1339745962155,-55.));
#2638=CARTESIAN_POINT('',(-49.5,56.,-55.5));
#2639=CARTESIAN_POINT('Origin',(-48.5,56.,-54.5));
#2640=CARTESIAN_POINT('',(49.4999999999999,56.,-55.5));
#2641=CARTESIAN_POINT('',(-24.75,56.,-55.5));
#2642=CARTESIAN_POINT('Origin',(48.4999999999999,56.,-54.5));
#2643=CARTESIAN_POINT('Origin',(-55.,56.,-55.));
#2644=CARTESIAN_POINT('',(-54.5,55.,-48.5192593015921));
#2645=CARTESIAN_POINT('Origin',(-55.,55.,-55.));
#2646=CARTESIAN_POINT('',(-55.0000002210151,55.1339747238187,-49.0000002210151));
#2647=CARTESIAN_POINT('Ctrl Pts',(-55.0000002210151,55.1339747238187,-49.0000002210151));
#2648=CARTESIAN_POINT('Ctrl Pts',(-54.9446657344321,55.1020273242656,-48.9446657323938));
#2649=CARTESIAN_POINT('Ctrl Pts',(-54.8871461593927,55.0758937833338,-48.887921904564));
#2650=CARTESIAN_POINT('Ctrl Pts',(-54.7241140932579,55.0191895086306,-48.7293589175176));
#2651=CARTESIAN_POINT('Ctrl Pts',(-54.614623760545,55.0005013787536,-48.6254466577759));
#2652=CARTESIAN_POINT('Ctrl Pts',(-54.5029741489276,55.0000033175704,-48.5220132672321));
#2653=CARTESIAN_POINT('Ctrl Pts',(-54.5014871831573,55.,-48.5206361656512));
#2654=CARTESIAN_POINT('Ctrl Pts',(-54.5,55.,-48.5192593015921));
#2655=CARTESIAN_POINT('',(-55.0000002210151,56.,-49.5));
#2656=CARTESIAN_POINT('Origin',(-55.0000002210151,56.,-48.5));
#2657=CARTESIAN_POINT('',(-49.5,56.,-55.));
#2658=CARTESIAN_POINT('Origin',(-55.,56.,-55.));
#2659=CARTESIAN_POINT('Origin',(-48.5,56.,-55.));
#2660=CARTESIAN_POINT('Origin',(-3.5527136788005E-14,55.,8.88178419700125E-15));
#2661=CARTESIAN_POINT('',(54.4999999999999,55.,-48.5192593015921));
#2662=CARTESIAN_POINT('Origin',(55.,55.,-55.));
#2663=CARTESIAN_POINT('',(54.4999999999999,55.,48.5192593015922));
#2664=CARTESIAN_POINT('',(54.4999999999999,55.,-24.75));
#2665=CARTESIAN_POINT('',(48.5192593015921,55.,54.5));
#2666=CARTESIAN_POINT('Origin',(55.,55.,55.));
#2667=CARTESIAN_POINT('',(-48.5192586290472,55.,54.5));
#2668=CARTESIAN_POINT('',(24.7499999999999,55.,54.5));
#2669=CARTESIAN_POINT('',(-54.5,55.,48.5192586290472));
#2670=CARTESIAN_POINT('Origin',(-55.,55.,55.));
#2671=CARTESIAN_POINT('',(-54.5,55.,24.75));
#2672=CARTESIAN_POINT('',(51.4999999999999,55.,-46.1682391336722));
#2673=CARTESIAN_POINT('',(51.4999999999999,55.,46.1682391336722));
#2674=CARTESIAN_POINT('',(51.4999999999999,55.,22.7565835097475));
#2675=CARTESIAN_POINT('',(46.1682391336721,55.,-51.5));
#2676=CARTESIAN_POINT('Origin',(55.,55.,-55.));
#2677=CARTESIAN_POINT('',(-46.1682391336722,55.,-51.5));
#2678=CARTESIAN_POINT('',(22.7565835097474,55.,-51.5));
#2679=CARTESIAN_POINT('',(-51.5,55.,-46.1682391336722));
#2680=CARTESIAN_POINT('Origin',(-55.,55.,-55.));
#2681=CARTESIAN_POINT('',(-51.5,55.,46.1682384123838));
#2682=CARTESIAN_POINT('',(-51.5,55.,-22.7565835097474));
#2683=CARTESIAN_POINT('',(-46.1682384123838,55.,51.5));
#2684=CARTESIAN_POINT('Origin',(-55.,55.,55.));
#2685=CARTESIAN_POINT('',(46.1682391336721,55.,51.5));
#2686=CARTESIAN_POINT('',(-22.7565831386648,55.,51.5));
#2687=CARTESIAN_POINT('Origin',(55.,55.,55.));
#2688=CARTESIAN_POINT('Origin',(55.,56.,-55.));
#2689=CARTESIAN_POINT('',(49.5,56.,-55.));
#2690=CARTESIAN_POINT('Origin',(48.4999999999999,56.,-55.));
#2691=CARTESIAN_POINT('',(54.9999996205598,56.,-49.5));
#2692=CARTESIAN_POINT('Origin',(55.,56.,-55.));
#2693=CARTESIAN_POINT('',(54.9999995860652,55.1339743572304,-48.9999995860653));
#2694=CARTESIAN_POINT('Origin',(54.9999995515707,56.,-48.5));
#2695=CARTESIAN_POINT('Ctrl Pts',(54.4999999999999,55.,-48.5192593015921));
#2696=CARTESIAN_POINT('Ctrl Pts',(54.5014871831583,55.,-48.5206361656522));
#2697=CARTESIAN_POINT('Ctrl Pts',(54.5029741489304,55.0000033175704,-48.5220132672348));
#2698=CARTESIAN_POINT('Ctrl Pts',(54.6338577397792,55.0005871802031,-48.6432652211996));
#2699=CARTESIAN_POINT('Ctrl Pts',(54.7624661799904,55.0262679496247,-48.7658679711351));
#2700=CARTESIAN_POINT('Ctrl Pts',(54.9227508966467,55.0927358020343,-48.9231170978712));
#2701=CARTESIAN_POINT('Ctrl Pts',(54.9618657606849,55.1119578071843,-48.9618657633158));
#2702=CARTESIAN_POINT('Ctrl Pts',(54.9999995860652,55.1339743572304,-48.9999995860653));
#2703=CARTESIAN_POINT('Origin',(-54.5,56.,24.75));
#2704=CARTESIAN_POINT('',(-55.0017100815082,55.1349641659948,49.0017096547237));
#2705=CARTESIAN_POINT('Ctrl Pts',(-54.5,55.,48.5192586290472));
#2706=CARTESIAN_POINT('Ctrl Pts',(-54.5014670340176,55.,48.5206168386385));
#2707=CARTESIAN_POINT('Ctrl Pts',(-54.5029338565729,55.0000032282832,48.5219752794302));
#2708=CARTESIAN_POINT('Ctrl Pts',(-54.6148757137252,55.0004958283763,48.6256785137411));
#2709=CARTESIAN_POINT('Ctrl Pts',(-54.7246768487969,55.0192820272112,48.7298922444463));
#2710=CARTESIAN_POINT('Ctrl Pts',(-54.8882926279598,55.0763513164973,48.8890438671292));
#2711=CARTESIAN_POINT('Ctrl Pts',(-54.9461108732871,55.1027173130994,48.9460945931967));
#2712=CARTESIAN_POINT('Ctrl Pts',(-55.0017100815082,55.1349641659948,49.0017096547237));
#2713=CARTESIAN_POINT('',(-55.5,56.,49.5));
#2714=CARTESIAN_POINT('Origin',(-54.5,56.,48.5));
#2715=CARTESIAN_POINT('',(-55.5,56.,-49.5));
#2716=CARTESIAN_POINT('',(-55.5,56.,24.75));
#2717=CARTESIAN_POINT('Origin',(-54.5,56.,-48.5));
#2718=CARTESIAN_POINT('Origin',(-55.5,60.,49.5));
#2719=CARTESIAN_POINT('',(-55.5,60.,49.5));
#2720=CARTESIAN_POINT('',(-55.5,60.,49.5));
#2721=CARTESIAN_POINT('',(-55.5,60.,-49.5));
#2722=CARTESIAN_POINT('',(-55.5,60.,24.75));
#2723=CARTESIAN_POINT('',(-55.5,60.,-49.5));
#2724=CARTESIAN_POINT('Origin',(-27.5007840108196,56.,48.5));
#2725=CARTESIAN_POINT('',(-55.0015680216392,56.,49.4999995529652));
#2726=CARTESIAN_POINT('Origin',(-55.0018531164479,56.,48.4999995936047));
#2727=CARTESIAN_POINT('',(-27.5007840108196,56.,49.5));
#2728=CARTESIAN_POINT('Origin',(-55.,56.,55.));
#2729=CARTESIAN_POINT('',(-48.9984310815287,55.1330711892568,54.9984319784117));
#2730=CARTESIAN_POINT('Ctrl Pts',(-48.9984313277455,55.1330710828931,54.998431793412));
#2731=CARTESIAN_POINT('Ctrl Pts',(-48.8461373473585,55.0454883553775,54.8460980134927));
#2732=CARTESIAN_POINT('Ctrl Pts',(-48.6820034705867,55.0007631471096,54.6756753958369));
#2733=CARTESIAN_POINT('Ctrl Pts',(-48.5219744493329,55.0000032263108,54.5029329602499));
#2734=CARTESIAN_POINT('Ctrl Pts',(-48.5206164237067,55.,54.50146658584));
#2735=CARTESIAN_POINT('Ctrl Pts',(-48.5192586290472,55.,54.5));
#2736=CARTESIAN_POINT('',(-49.4999995529652,56.,54.9984319784117));
#2737=CARTESIAN_POINT('Origin',(-48.5,56.,54.9984319784117));
#2738=CARTESIAN_POINT('Origin',(-55.,56.,55.));
#2739=CARTESIAN_POINT('Origin',(-27.75,56.,-48.5));
#2740=CARTESIAN_POINT('',(-27.75,56.,-49.5));
#2741=CARTESIAN_POINT('Origin',(-48.5,56.,-27.5));
#2742=CARTESIAN_POINT('',(-49.5,56.,-27.5));
#2743=CARTESIAN_POINT('Origin',(-49.5,60.,-55.));
#2744=CARTESIAN_POINT('',(-49.5,60.,-55.));
#2745=CARTESIAN_POINT('',(-49.5,60.,-55.));
#2746=CARTESIAN_POINT('',(-49.5,60.,-55.5));
#2747=CARTESIAN_POINT('',(-49.5,60.,-27.5));
#2748=CARTESIAN_POINT('',(-49.5,60.,-55.5));
#2749=CARTESIAN_POINT('Origin',(-55.,60.,-55.));
#2750=CARTESIAN_POINT('',(-55.0000002210151,60.,-49.5));
#2751=CARTESIAN_POINT('',(-55.0000002210151,60.,-49.5));
#2752=CARTESIAN_POINT('Origin',(-55.,60.,-55.));
#2753=CARTESIAN_POINT('Origin',(-55.5,60.,-49.5));
#2754=CARTESIAN_POINT('',(-27.75,60.,-49.5));
#2755=CARTESIAN_POINT('Origin',(24.7499999999999,56.,54.5));
#2756=CARTESIAN_POINT('',(49.,55.1339745962155,55.));
#2757=CARTESIAN_POINT('Ctrl Pts',(48.5192593015921,55.,54.5));
#2758=CARTESIAN_POINT('Ctrl Pts',(48.5206361656519,55.,54.501487183158));
#2759=CARTESIAN_POINT('Ctrl Pts',(48.5220132672333,55.0000033175704,54.5029741489289));
#2760=CARTESIAN_POINT('Ctrl Pts',(48.6432652212052,55.0005871802028,54.6338577397851));
#2761=CARTESIAN_POINT('Ctrl Pts',(48.7658679711352,55.0262679496249,54.7624661799905));
#2762=CARTESIAN_POINT('Ctrl Pts',(48.9231172387777,55.0927358615942,54.9227510402734));
#2763=CARTESIAN_POINT('Ctrl Pts',(48.9618660437282,55.1119579462967,54.9618660437282));
#2764=CARTESIAN_POINT('Ctrl Pts',(49.,55.1339745962155,55.));
#2765=CARTESIAN_POINT('',(49.4999999999999,56.,55.5));
#2766=CARTESIAN_POINT('Origin',(48.4999999999999,56.,54.5));
#2767=CARTESIAN_POINT('',(-49.5,56.,55.5));
#2768=CARTESIAN_POINT('',(24.7499999999999,56.,55.5));
#2769=CARTESIAN_POINT('Origin',(-48.5,56.,54.5));
#2770=CARTESIAN_POINT('Origin',(49.4999999999999,60.,55.5));
#2771=CARTESIAN_POINT('',(49.4999999999999,60.,55.5));
#2772=CARTESIAN_POINT('',(49.4999999999999,60.,55.5));
#2773=CARTESIAN_POINT('',(-49.5,60.,55.5));
#2774=CARTESIAN_POINT('',(24.75,60.,55.5));
#2775=CARTESIAN_POINT('',(-49.5,60.,55.5));
#2776=CARTESIAN_POINT('Origin',(48.4999999999999,56.,27.5));
#2777=CARTESIAN_POINT('',(49.5,56.,55.));
#2778=CARTESIAN_POINT('Origin',(48.5,56.,55.));
#2779=CARTESIAN_POINT('',(49.4999999999999,56.,27.5));
#2780=CARTESIAN_POINT('Origin',(55.,56.,55.));
#2781=CARTESIAN_POINT('',(55.,55.1339745962156,49.0000000000001));
#2782=CARTESIAN_POINT('Ctrl Pts',(55.,55.1339745962156,49.0000000000001));
#2783=CARTESIAN_POINT('Ctrl Pts',(54.9446655812853,55.1020272546752,48.9446655812854));
#2784=CARTESIAN_POINT('Ctrl Pts',(54.8871460813222,55.0758937561802,48.8879218286338));
#2785=CARTESIAN_POINT('Ctrl Pts',(54.7241140932583,55.0191895086306,48.7293589175182));
#2786=CARTESIAN_POINT('Ctrl Pts',(54.6146237605426,55.0005013787538,48.6254466577736));
#2787=CARTESIAN_POINT('Ctrl Pts',(54.502974148929,55.0000033175704,48.5220132672335));
#2788=CARTESIAN_POINT('Ctrl Pts',(54.5014871831577,55.,48.5206361656517));
#2789=CARTESIAN_POINT('Ctrl Pts',(54.4999999999999,55.,48.5192593015922));
#2790=CARTESIAN_POINT('',(55.,56.,49.5));
#2791=CARTESIAN_POINT('Origin',(55.,56.,48.5));
#2792=CARTESIAN_POINT('Origin',(55.,56.,55.));
#2793=CARTESIAN_POINT('Origin',(-48.5,56.,27.75));
#2794=CARTESIAN_POINT('',(-49.5,56.,27.75));
#2795=CARTESIAN_POINT('Origin',(-55.0015680216392,60.,49.5));
#2796=CARTESIAN_POINT('',(-55.0015680216392,60.,49.4999995529652));
#2797=CARTESIAN_POINT('',(-55.0015680216392,60.,49.4999995529652));
#2798=CARTESIAN_POINT('',(-27.5007840108196,60.,49.5));
#2799=CARTESIAN_POINT('Origin',(-55.,60.,55.));
#2800=CARTESIAN_POINT('',(-49.4999995529652,60.,54.9984319784117));
#2801=CARTESIAN_POINT('',(-49.4999995529652,60.,54.9984319784117));
#2802=CARTESIAN_POINT('Origin',(-55.,60.,55.));
#2803=CARTESIAN_POINT('Origin',(-49.5,60.,55.5));
#2804=CARTESIAN_POINT('',(-49.5,60.,27.75));
#2805=CARTESIAN_POINT('Origin',(54.4999999999999,56.,-24.75));
#2806=CARTESIAN_POINT('',(55.4999999999999,56.,-49.5));
#2807=CARTESIAN_POINT('Origin',(54.4999999999999,56.,-48.5));
#2808=CARTESIAN_POINT('',(55.4999999999999,56.,49.5));
#2809=CARTESIAN_POINT('',(55.4999999999999,56.,-24.75));
#2810=CARTESIAN_POINT('Origin',(54.4999999999999,56.,48.5));
#2811=CARTESIAN_POINT('Origin',(55.4999999999999,60.,-49.5));
#2812=CARTESIAN_POINT('',(55.4999999999999,60.,-49.5));
#2813=CARTESIAN_POINT('',(55.4999999999999,60.,-49.5));
#2814=CARTESIAN_POINT('',(55.4999999999999,60.,49.5));
#2815=CARTESIAN_POINT('',(55.4999999999999,60.,-24.75));
#2816=CARTESIAN_POINT('',(55.4999999999999,60.,49.5));
#2817=CARTESIAN_POINT('Origin',(27.4999998102799,56.,-48.5));
#2818=CARTESIAN_POINT('',(27.4999998102799,56.,-49.5));
#2819=CARTESIAN_POINT('Origin',(27.7499999999999,56.,48.5));
#2820=CARTESIAN_POINT('',(27.7499999999999,56.,49.5));
#2821=CARTESIAN_POINT('Origin',(49.4999999999999,60.,55.));
#2822=CARTESIAN_POINT('',(49.5,60.,55.));
#2823=CARTESIAN_POINT('',(49.5,60.,55.));
#2824=CARTESIAN_POINT('',(49.4999999999999,60.,27.5));
#2825=CARTESIAN_POINT('Origin',(55.,60.,55.));
#2826=CARTESIAN_POINT('',(55.,60.,49.5));
#2827=CARTESIAN_POINT('',(55.,60.,49.5));
#2828=CARTESIAN_POINT('Origin',(55.,60.,55.));
#2829=CARTESIAN_POINT('Origin',(55.4999999999999,60.,49.5));
#2830=CARTESIAN_POINT('',(27.75,60.,49.5));
#2831=CARTESIAN_POINT('Origin',(48.4999999999999,56.,-27.75));
#2832=CARTESIAN_POINT('',(49.4999999999999,56.,-27.75));
#2833=CARTESIAN_POINT('Origin',(54.9999996205598,60.,-49.5));
#2834=CARTESIAN_POINT('',(54.9999996205598,60.,-49.5));
#2835=CARTESIAN_POINT('',(54.9999996205598,60.,-49.5));
#2836=CARTESIAN_POINT('',(27.4999998102799,60.,-49.5));
#2837=CARTESIAN_POINT('Origin',(55.,60.,-55.));
#2838=CARTESIAN_POINT('',(49.5,60.,-55.));
#2839=CARTESIAN_POINT('',(49.5,60.,-55.));
#2840=CARTESIAN_POINT('Origin',(55.,60.,-55.));
#2841=CARTESIAN_POINT('Origin',(49.4999999999999,60.,-55.5));
#2842=CARTESIAN_POINT('',(49.4999999999999,60.,-55.5));
#2843=CARTESIAN_POINT('',(49.4999999999999,60.,-55.5));
#2844=CARTESIAN_POINT('',(49.4999999999999,60.,-27.75));
#2845=CARTESIAN_POINT('Origin',(51.4999999999999,56.,22.7565835097475));
#2846=CARTESIAN_POINT('Ctrl Pts',(51.4999999999999,55.,46.1682391336722));
#2847=CARTESIAN_POINT('Ctrl Pts',(51.4985118876216,55.,46.1672281603901));
#2848=CARTESIAN_POINT('Ctrl Pts',(51.4970236941277,55.0000033217176,46.1662173055902));
#2849=CARTESIAN_POINT('Ctrl Pts',(51.4098190657758,55.0003926567133,46.1069937623871));
#2850=CARTESIAN_POINT('Ctrl Pts',(51.3237988292312,55.0117976326167,46.049159017331));
#2851=CARTESIAN_POINT('Ctrl Pts',(51.1575717066152,55.0566154977923,45.9384255715791));
#2852=CARTESIAN_POINT('Ctrl Pts',(51.0772332302433,55.0895095357909,45.8854134459532));
#2853=CARTESIAN_POINT('Ctrl Pts',(50.8951377469384,55.1943443075732,45.7661949046511));
#2854=CARTESIAN_POINT('Ctrl Pts',(50.7977448191263,55.2762662849619,45.7032391840718));
#2855=CARTESIAN_POINT('Ctrl Pts',(50.6475857993814,55.4654172712277,45.6068672357408));
#2856=CARTESIAN_POINT('Ctrl Pts',(50.5915430905548,55.5659031748158,45.571211059737));
#2857=CARTESIAN_POINT('Ctrl Pts',(50.518488613122,55.7798113499797,45.5248411503809));
#2858=CARTESIAN_POINT('Ctrl Pts',(50.4999999999999,55.8889581033733,45.5131670194949));
#2859=CARTESIAN_POINT('Ctrl Pts',(50.4999999999999,56.,45.5131670194949));
#2860=CARTESIAN_POINT('Ctrl Pts',(51.500000000001,55.,-46.1682391336722));
#2861=CARTESIAN_POINT('Ctrl Pts',(51.4985118876254,55.,-46.1672281603919));
#2862=CARTESIAN_POINT('Ctrl Pts',(51.4970236941251,55.0000033217176,-46.1662173055884));
#2863=CARTESIAN_POINT('Ctrl Pts',(51.4098190657748,55.0003926567133,-46.1069937623863));
#2864=CARTESIAN_POINT('Ctrl Pts',(51.323798829231,55.0117976326167,-46.0491590173309));
#2865=CARTESIAN_POINT('Ctrl Pts',(51.1575717066152,55.0566154977923,-45.9384255715791));
#2866=CARTESIAN_POINT('Ctrl Pts',(51.0772332302433,55.0895095357909,-45.8854134459531));
#2867=CARTESIAN_POINT('Ctrl Pts',(50.8951377469384,55.1943443075732,-45.766194904651));
#2868=CARTESIAN_POINT('Ctrl Pts',(50.7977448191263,55.2762662849619,-45.7032391840717));
#2869=CARTESIAN_POINT('Ctrl Pts',(50.6475857993814,55.4654172712277,-45.6068672357408));
#2870=CARTESIAN_POINT('Ctrl Pts',(50.5915430905548,55.5659031748158,-45.5712110597369));
#2871=CARTESIAN_POINT('Ctrl Pts',(50.518488613122,55.7798113499798,-45.5248411503808));
#2872=CARTESIAN_POINT('Ctrl Pts',(50.4999999999999,55.8889581033733,-45.5131670194949));
#2873=CARTESIAN_POINT('Ctrl Pts',(50.4999999999999,56.,-45.5131670194949));
#2874=CARTESIAN_POINT('Origin',(55.,56.,55.));
#2875=CARTESIAN_POINT('',(45.5131670194949,56.,50.5));
#2876=CARTESIAN_POINT('Ctrl Pts',(46.1682391336721,55.,51.5));
#2877=CARTESIAN_POINT('Ctrl Pts',(46.16722816039,55.,51.4985118876217));
#2878=CARTESIAN_POINT('Ctrl Pts',(46.1662173055902,55.0000033217176,51.4970236941279));
#2879=CARTESIAN_POINT('Ctrl Pts',(46.1069937623865,55.0003926567133,51.4098190657751));
#2880=CARTESIAN_POINT('Ctrl Pts',(46.0491590173309,55.0117976326167,51.3237988292312));
#2881=CARTESIAN_POINT('Ctrl Pts',(45.938425571579,55.0566154977923,51.1575717066152));
#2882=CARTESIAN_POINT('Ctrl Pts',(45.8854134459531,55.0895095357909,51.0772332302434));
#2883=CARTESIAN_POINT('Ctrl Pts',(45.766194904651,55.1943443075732,50.8951377469386));
#2884=CARTESIAN_POINT('Ctrl Pts',(45.7032391840717,55.2762662849619,50.7977448191264));
#2885=CARTESIAN_POINT('Ctrl Pts',(45.6068672357407,55.4654172712277,50.6475857993814));
#2886=CARTESIAN_POINT('Ctrl Pts',(45.5712110597369,55.5659031748158,50.5915430905549));
#2887=CARTESIAN_POINT('Ctrl Pts',(45.5248411503808,55.7798113499797,50.5184886131222));
#2888=CARTESIAN_POINT('Ctrl Pts',(45.5131670194949,55.8889581033732,50.5));
#2889=CARTESIAN_POINT('Ctrl Pts',(45.5131670194949,56.,50.5));
#2890=CARTESIAN_POINT('Origin',(55.,56.,55.));
#2891=CARTESIAN_POINT('Origin',(-22.7565831386648,56.,51.5));
#2892=CARTESIAN_POINT('',(-45.5131662773295,56.,50.5));
#2893=CARTESIAN_POINT('Ctrl Pts',(-46.1682384123838,55.,51.5));
#2894=CARTESIAN_POINT('Ctrl Pts',(-46.1672274390713,55.,51.4985118876217));
#2895=CARTESIAN_POINT('Ctrl Pts',(-46.1662165842411,55.0000033217176,51.4970236941281));
#2896=CARTESIAN_POINT('Ctrl Pts',(-46.1069930385205,55.0003926567181,51.4098190646938));
#2897=CARTESIAN_POINT('Ctrl Pts',(-46.0491582909623,55.0117976329034,51.323798827052));
#2898=CARTESIAN_POINT('Ctrl Pts',(-45.9384248405016,55.056615499197,51.1575717024945));
#2899=CARTESIAN_POINT('Ctrl Pts',(-45.8854127126347,55.0895095379995,51.0772332252338));
#2900=CARTESIAN_POINT('Ctrl Pts',(-45.7661941676251,55.194344311353,50.8951377420048));
#2901=CARTESIAN_POINT('Ctrl Pts',(-45.7032384454717,55.2762662890877,50.797744814897));
#2902=CARTESIAN_POINT('Ctrl Pts',(-45.6068664951368,55.4654172753464,50.6475857969274));
#2903=CARTESIAN_POINT('Ctrl Pts',(-45.571210318487,55.5659031783896,50.5915430889441));
#2904=CARTESIAN_POINT('Ctrl Pts',(-45.5248404083944,55.7798113520326,50.5184886127835));
#2905=CARTESIAN_POINT('Ctrl Pts',(-45.5131662773295,55.8889581043885,50.5));
#2906=CARTESIAN_POINT('Ctrl Pts',(-45.5131662773295,56.,50.5));
#2907=CARTESIAN_POINT('',(-22.7565831386648,56.,50.5));
#2908=CARTESIAN_POINT('Origin',(-55.,56.,55.));
#2909=CARTESIAN_POINT('',(-50.5,56.,45.5131662773296));
#2910=CARTESIAN_POINT('Ctrl Pts',(-51.5000000000011,55.,46.1682384123838));
#2911=CARTESIAN_POINT('Ctrl Pts',(-51.4985118876255,55.,46.1672274390731));
#2912=CARTESIAN_POINT('Ctrl Pts',(-51.4970236941254,55.0000033217176,46.1662165842393));
#2913=CARTESIAN_POINT('Ctrl Pts',(-51.4098190646959,55.0003926567181,46.1069930385218));
#2914=CARTESIAN_POINT('Ctrl Pts',(-51.3237988270523,55.0117976329033,46.0491582909626));
#2915=CARTESIAN_POINT('Ctrl Pts',(-51.1575717024945,55.056615499197,45.9384248405017));
#2916=CARTESIAN_POINT('Ctrl Pts',(-51.0772332252338,55.0895095379995,45.8854127126347));
#2917=CARTESIAN_POINT('Ctrl Pts',(-50.8951377420048,55.194344311353,45.7661941676251));
#2918=CARTESIAN_POINT('Ctrl Pts',(-50.7977448148969,55.2762662890877,45.7032384454717));
#2919=CARTESIAN_POINT('Ctrl Pts',(-50.6475857969274,55.4654172753464,45.6068664951368));
#2920=CARTESIAN_POINT('Ctrl Pts',(-50.5915430889441,55.5659031783896,45.571210318487));
#2921=CARTESIAN_POINT('Ctrl Pts',(-50.5184886127835,55.7798113520326,45.5248404083944));
#2922=CARTESIAN_POINT('Ctrl Pts',(-50.5,55.8889581043885,45.5131662773296));
#2923=CARTESIAN_POINT('Ctrl Pts',(-50.5,56.,45.5131662773296));
#2924=CARTESIAN_POINT('Origin',(-55.,56.,55.));
#2925=CARTESIAN_POINT('Origin',(-51.5,56.,-22.7565835097474));
#2926=CARTESIAN_POINT('Ctrl Pts',(-51.5,55.,-46.1682391336721));
#2927=CARTESIAN_POINT('Ctrl Pts',(-51.4985118876216,55.,-46.16722816039));
#2928=CARTESIAN_POINT('Ctrl Pts',(-51.4970236941278,55.0000033217176,-46.1662173055902));
#2929=CARTESIAN_POINT('Ctrl Pts',(-51.4098190657759,55.0003926567133,-46.106993762387));
#2930=CARTESIAN_POINT('Ctrl Pts',(-51.3237988292313,55.0117976326167,-46.049159017331));
#2931=CARTESIAN_POINT('Ctrl Pts',(-51.1575717066152,55.0566154977923,-45.938425571579));
#2932=CARTESIAN_POINT('Ctrl Pts',(-51.0772332302434,55.0895095357909,-45.8854134459531));
#2933=CARTESIAN_POINT('Ctrl Pts',(-50.8951377469385,55.1943443075732,-45.766194904651));
#2934=CARTESIAN_POINT('Ctrl Pts',(-50.7977448191264,55.2762662849619,-45.7032391840717));
#2935=CARTESIAN_POINT('Ctrl Pts',(-50.6475857993814,55.4654172712277,-45.6068672357408));
#2936=CARTESIAN_POINT('Ctrl Pts',(-50.5915430905549,55.5659031748158,-45.5712110597369));
#2937=CARTESIAN_POINT('Ctrl Pts',(-50.5184886131221,55.7798113499797,-45.5248411503808));
#2938=CARTESIAN_POINT('Ctrl Pts',(-50.5,55.8889581033732,-45.5131670194949));
#2939=CARTESIAN_POINT('Ctrl Pts',(-50.5,56.,-45.5131670194949));
#2940=CARTESIAN_POINT('',(-50.5,56.,-22.7565835097474));
#2941=CARTESIAN_POINT('Origin',(-55.,56.,-55.));
#2942=CARTESIAN_POINT('Ctrl Pts',(-46.1682391336722,55.,-51.5));
#2943=CARTESIAN_POINT('Ctrl Pts',(-46.16722816039,55.,-51.4985118876217));
#2944=CARTESIAN_POINT('Ctrl Pts',(-46.1662173055902,55.0000033217176,-51.4970236941278));
#2945=CARTESIAN_POINT('Ctrl Pts',(-46.1069937623863,55.0003926567133,-51.4098190657748));
#2946=CARTESIAN_POINT('Ctrl Pts',(-46.0491590173308,55.0117976326167,-51.3237988292311));
#2947=CARTESIAN_POINT('Ctrl Pts',(-45.938425571579,55.0566154977923,-51.1575717066152));
#2948=CARTESIAN_POINT('Ctrl Pts',(-45.8854134459531,55.0895095357909,-51.0772332302434));
#2949=CARTESIAN_POINT('Ctrl Pts',(-45.766194904651,55.1943443075732,-50.8951377469385));
#2950=CARTESIAN_POINT('Ctrl Pts',(-45.7032391840717,55.2762662849619,-50.7977448191264));
#2951=CARTESIAN_POINT('Ctrl Pts',(-45.6068672357408,55.4654172712277,-50.6475857993815));
#2952=CARTESIAN_POINT('Ctrl Pts',(-45.5712110597369,55.5659031748158,-50.5915430905549));
#2953=CARTESIAN_POINT('Ctrl Pts',(-45.5248411503808,55.7798113499797,-50.5184886131221));
#2954=CARTESIAN_POINT('Ctrl Pts',(-45.5131670194949,55.8889581033733,-50.5));
#2955=CARTESIAN_POINT('Ctrl Pts',(-45.5131670194949,56.,-50.5));
#2956=CARTESIAN_POINT('Origin',(22.7565835097474,56.,-51.5));
#2957=CARTESIAN_POINT('Ctrl Pts',(46.1682391336721,55.,-51.5));
#2958=CARTESIAN_POINT('Ctrl Pts',(46.16722816039,55.,-51.4985118876217));
#2959=CARTESIAN_POINT('Ctrl Pts',(46.1662173055902,55.0000033217176,-51.4970236941278));
#2960=CARTESIAN_POINT('Ctrl Pts',(46.1069937623863,55.0003926567133,-51.4098190657748));
#2961=CARTESIAN_POINT('Ctrl Pts',(46.0491590173308,55.0117976326167,-51.3237988292311));
#2962=CARTESIAN_POINT('Ctrl Pts',(45.938425571579,55.0566154977923,-51.1575717066153));
#2963=CARTESIAN_POINT('Ctrl Pts',(45.8854134459531,55.0895095357909,-51.0772332302434));
#2964=CARTESIAN_POINT('Ctrl Pts',(45.766194904651,55.1943443075732,-50.8951377469385));
#2965=CARTESIAN_POINT('Ctrl Pts',(45.7032391840717,55.2762662849619,-50.7977448191264));
#2966=CARTESIAN_POINT('Ctrl Pts',(45.6068672357408,55.4654172712277,-50.6475857993815));
#2967=CARTESIAN_POINT('Ctrl Pts',(45.5712110597369,55.5659031748158,-50.5915430905549));
#2968=CARTESIAN_POINT('Ctrl Pts',(45.5248411503808,55.7798113499798,-50.5184886131221));
#2969=CARTESIAN_POINT('Ctrl Pts',(45.5131670194948,55.8889581033733,-50.5));
#2970=CARTESIAN_POINT('Ctrl Pts',(45.5131670194948,56.,-50.5));
#2971=CARTESIAN_POINT('Origin',(55.,56.,-55.));
#2972=CARTESIAN_POINT('Origin',(55.,60.,55.));
#2973=CARTESIAN_POINT('',(45.5131670194949,60.,50.5));
#2974=CARTESIAN_POINT('Origin',(-45.5131662773295,60.,50.5));
#2975=CARTESIAN_POINT('',(-45.5131662773295,60.,50.5));
#2976=CARTESIAN_POINT('Origin',(-55.,60.,55.));
#2977=CARTESIAN_POINT('',(-50.5,60.,45.5131662773296));
#2978=CARTESIAN_POINT('Origin',(-50.5,60.,-45.5131670194949));
#2979=CARTESIAN_POINT('Origin',(-49.5,60.,-55.5));
#2980=CARTESIAN_POINT('',(-24.75,60.,-55.5));
#2981=CARTESIAN_POINT('Origin',(0.,60.,1.77635683940025E-14));
#2982=CARTESIAN_POINT('',(-60.,60.,59.));
#2983=CARTESIAN_POINT('',(-59.,60.,60.));
#2984=CARTESIAN_POINT('Origin',(-59.,60.,59.));
#2985=CARTESIAN_POINT('',(-60.,60.,-59.));
#2986=CARTESIAN_POINT('',(-60.,60.,60.));
#2987=CARTESIAN_POINT('',(-59.,60.,-60.));
#2988=CARTESIAN_POINT('Origin',(-59.,60.,-59.));
#2989=CARTESIAN_POINT('',(58.9999999999999,60.,-60.));
#2990=CARTESIAN_POINT('',(-60.,60.,-60.));
#2991=CARTESIAN_POINT('',(59.9999999999999,60.,-59.));
#2992=CARTESIAN_POINT('Origin',(58.9999999999999,60.,-59.));
#2993=CARTESIAN_POINT('',(60.,60.,59.));
#2994=CARTESIAN_POINT('',(59.9999999999999,60.,-60.));
#2995=CARTESIAN_POINT('',(59.,60.,60.));
#2996=CARTESIAN_POINT('Origin',(59.,60.,59.));
#2997=CARTESIAN_POINT('',(60.,60.,60.));
#2998=CARTESIAN_POINT('',(56.75,60.,-55.));
#2999=CARTESIAN_POINT('Origin',(55.,60.,-55.));
#3000=CARTESIAN_POINT('',(-53.25,60.,-55.));
#3001=CARTESIAN_POINT('Origin',(-55.,60.,-55.));
#3002=CARTESIAN_POINT('',(56.75,60.,55.));
#3003=CARTESIAN_POINT('Origin',(55.,60.,55.));
#3004=CARTESIAN_POINT('',(-53.25,60.,55.));
#3005=CARTESIAN_POINT('Origin',(-55.,60.,55.));
#3006=CARTESIAN_POINT('Origin',(0.,64.,0.));
#3007=CARTESIAN_POINT('',(3.175,64.,-3.88825358729285E-16));
#3008=CARTESIAN_POINT('Origin',(0.,64.,0.));
#3009=CARTESIAN_POINT('',(3.175,56.,-3.88825358729285E-16));
#3010=CARTESIAN_POINT('',(3.175,64.,3.88825358729285E-16));
#3011=CARTESIAN_POINT('Origin',(0.,56.,0.));
#3012=CARTESIAN_POINT('Origin',(0.,56.,0.));
#3013=CARTESIAN_POINT('Origin',(-9.,59.,-9.));
#3014=CARTESIAN_POINT('',(-9.,59.,-10.));
#3015=CARTESIAN_POINT('Origin',(-9.,59.,-11.));
#3016=CARTESIAN_POINT('',(-10.,59.,-9.));
#3017=CARTESIAN_POINT('Origin',(-9.,59.,-9.));
#3018=CARTESIAN_POINT('Origin',(-11.,59.,-9.));
#3019=CARTESIAN_POINT('Origin',(9.,59.,-9.));
#3020=CARTESIAN_POINT('',(10.,59.,-9.));
#3021=CARTESIAN_POINT('Origin',(11.,59.,-9.));
#3022=CARTESIAN_POINT('',(9.,59.,-10.));
#3023=CARTESIAN_POINT('Origin',(9.,59.,-9.));
#3024=CARTESIAN_POINT('Origin',(9.,59.,-11.));
#3025=CARTESIAN_POINT('Origin',(-9.,59.,9.));
#3026=CARTESIAN_POINT('',(-10.,59.,9.));
#3027=CARTESIAN_POINT('Origin',(-11.,59.,9.));
#3028=CARTESIAN_POINT('',(-9.,59.,10.));
#3029=CARTESIAN_POINT('Origin',(-9.,59.,9.));
#3030=CARTESIAN_POINT('Origin',(-9.,59.,11.));
#3031=CARTESIAN_POINT('Origin',(-11.,59.,5.00000000000001));
#3032=CARTESIAN_POINT('',(-10.,59.,5.00000000000001));
#3033=CARTESIAN_POINT('Origin',(-9.,53.,-9.));
#3034=CARTESIAN_POINT('',(-10.,53.,-9.));
#3035=CARTESIAN_POINT('',(-9.,52.,-9.));
#3036=CARTESIAN_POINT('Origin',(-9.,53.,-9.));
#3037=CARTESIAN_POINT('',(-9.,53.,-10.));
#3038=CARTESIAN_POINT('Origin',(-9.,53.,-9.));
#3039=CARTESIAN_POINT('Origin',(-9.,53.,-9.));
#3040=CARTESIAN_POINT('Origin',(-9.,60.,-9.));
#3041=CARTESIAN_POINT('',(-10.,60.,-9.));
#3042=CARTESIAN_POINT('',(-9.,60.,-10.));
#3043=CARTESIAN_POINT('Origin',(9.,59.,9.));
#3044=CARTESIAN_POINT('',(10.,59.,9.));
#3045=CARTESIAN_POINT('',(9.,59.,10.));
#3046=CARTESIAN_POINT('Origin',(9.,59.,9.));
#3047=CARTESIAN_POINT('Origin',(11.,59.,9.));
#3048=CARTESIAN_POINT('Origin',(9.,59.,11.));
#3049=CARTESIAN_POINT('Origin',(11.,59.,-4.99999999999999));
#3050=CARTESIAN_POINT('',(10.,59.,-4.99999999999999));
#3051=CARTESIAN_POINT('Origin',(5.,59.,11.));
#3052=CARTESIAN_POINT('',(5.,59.,10.));
#3053=CARTESIAN_POINT('Origin',(9.,53.,-9.));
#3054=CARTESIAN_POINT('',(9.,53.,-10.));
#3055=CARTESIAN_POINT('',(9.,52.,-9.));
#3056=CARTESIAN_POINT('Origin',(9.,53.,-9.));
#3057=CARTESIAN_POINT('',(10.,53.,-9.));
#3058=CARTESIAN_POINT('Origin',(9.,53.,-9.));
#3059=CARTESIAN_POINT('Origin',(9.,53.,-9.));
#3060=CARTESIAN_POINT('Origin',(9.,60.,-9.));
#3061=CARTESIAN_POINT('',(9.,60.,-10.));
#3062=CARTESIAN_POINT('',(10.,60.,-9.));
#3063=CARTESIAN_POINT('Origin',(-9.,53.,9.));
#3064=CARTESIAN_POINT('',(-9.,53.,10.));
#3065=CARTESIAN_POINT('',(-9.,52.,9.));
#3066=CARTESIAN_POINT('Origin',(-9.,53.,9.));
#3067=CARTESIAN_POINT('',(-10.,53.,9.));
#3068=CARTESIAN_POINT('Origin',(-9.,53.,9.));
#3069=CARTESIAN_POINT('Origin',(-9.,53.,9.));
#3070=CARTESIAN_POINT('Origin',(-9.,60.,9.));
#3071=CARTESIAN_POINT('',(-9.,60.,10.));
#3072=CARTESIAN_POINT('',(-10.,60.,9.));
#3073=CARTESIAN_POINT('Origin',(-9.,53.,5.));
#3074=CARTESIAN_POINT('',(-9.,52.,5.));
#3075=CARTESIAN_POINT('',(-10.,53.,5.));
#3076=CARTESIAN_POINT('Origin',(9.,53.,9.));
#3077=CARTESIAN_POINT('',(10.,53.,9.));
#3078=CARTESIAN_POINT('',(9.,52.,9.));
#3079=CARTESIAN_POINT('Origin',(9.,53.,9.));
#3080=CARTESIAN_POINT('',(9.,53.,10.));
#3081=CARTESIAN_POINT('Origin',(9.,53.,9.));
#3082=CARTESIAN_POINT('Origin',(9.,53.,9.));
#3083=CARTESIAN_POINT('Origin',(9.,60.,9.));
#3084=CARTESIAN_POINT('',(10.,60.,9.));
#3085=CARTESIAN_POINT('',(9.,60.,10.));
#3086=CARTESIAN_POINT('Origin',(5.,53.,9.));
#3087=CARTESIAN_POINT('',(5.,52.,9.));
#3088=CARTESIAN_POINT('',(5.,53.,10.));
#3089=CARTESIAN_POINT('Origin',(9.,53.,-5.));
#3090=CARTESIAN_POINT('',(9.,52.,-5.));
#3091=CARTESIAN_POINT('',(10.,53.,-5.));
#3092=CARTESIAN_POINT('Origin',(-5.,53.,-9.));
#3093=CARTESIAN_POINT('',(-5.,52.,-9.));
#3094=CARTESIAN_POINT('',(-5.,53.,-10.));
#3095=CARTESIAN_POINT('Origin',(-5.,59.,-11.));
#3096=CARTESIAN_POINT('',(-5.,59.,-10.));
#3097=CARTESIAN_POINT('Origin',(-10.,60.,10.));
#3098=CARTESIAN_POINT('Origin',(10.,60.,-10.));
#3099=CARTESIAN_POINT('Origin',(10.,60.,10.));
#3100=CARTESIAN_POINT('Origin',(-10.,60.,-10.));
#3101=CARTESIAN_POINT('Origin',(0.,52.,0.));
#3102=CARTESIAN_POINT('Origin',(55.,64.,-55.));
#3103=CARTESIAN_POINT('',(56.75,64.,-55.));
#3104=CARTESIAN_POINT('Origin',(55.,64.,-55.));
#3105=CARTESIAN_POINT('',(56.75,64.,-55.));
#3106=CARTESIAN_POINT('Origin',(-55.,64.,-55.));
#3107=CARTESIAN_POINT('',(-53.25,64.,-55.));
#3108=CARTESIAN_POINT('Origin',(-55.,64.,-55.));
#3109=CARTESIAN_POINT('',(-53.25,64.,-55.));
#3110=CARTESIAN_POINT('Origin',(55.,64.,55.));
#3111=CARTESIAN_POINT('',(56.75,64.,55.));
#3112=CARTESIAN_POINT('Origin',(55.,64.,55.));
#3113=CARTESIAN_POINT('',(56.75,64.,55.));
#3114=CARTESIAN_POINT('Origin',(-55.,64.,55.));
#3115=CARTESIAN_POINT('',(-53.25,64.,55.));
#3116=CARTESIAN_POINT('Origin',(-55.,64.,55.));
#3117=CARTESIAN_POINT('',(-53.25,64.,55.));
#3118=CARTESIAN_POINT('Origin',(-30.,63.,59.));
#3119=CARTESIAN_POINT('',(-59.,64.,59.));
#3120=CARTESIAN_POINT('',(-59.,63.,60.));
#3121=CARTESIAN_POINT('Origin',(-59.,63.,59.));
#3122=CARTESIAN_POINT('',(59.,63.,60.));
#3123=CARTESIAN_POINT('',(-30.,63.,60.));
#3124=CARTESIAN_POINT('',(59.,64.,59.));
#3125=CARTESIAN_POINT('Origin',(59.,63.,59.));
#3126=CARTESIAN_POINT('',(-30.,64.,59.));
#3127=CARTESIAN_POINT('Origin',(-59.,63.,-30.));
#3128=CARTESIAN_POINT('',(-59.,64.,-59.));
#3129=CARTESIAN_POINT('',(-60.,63.,-59.));
#3130=CARTESIAN_POINT('Origin',(-59.,63.,-59.));
#3131=CARTESIAN_POINT('',(-60.,63.,59.));
#3132=CARTESIAN_POINT('',(-60.,63.,-30.));
#3133=CARTESIAN_POINT('Origin',(-59.,63.,59.));
#3134=CARTESIAN_POINT('',(-59.,64.,-30.));
#3135=CARTESIAN_POINT('Origin',(-59.,63.,59.));
#3136=CARTESIAN_POINT('Origin',(-59.,63.,59.));
#3137=CARTESIAN_POINT('Origin',(30.,63.,-59.));
#3138=CARTESIAN_POINT('',(58.9999999999999,64.,-59.));
#3139=CARTESIAN_POINT('',(58.9999999999999,63.,-60.));
#3140=CARTESIAN_POINT('Origin',(58.9999999999999,63.,-59.));
#3141=CARTESIAN_POINT('',(-59.,63.,-60.));
#3142=CARTESIAN_POINT('',(30.,63.,-60.));
#3143=CARTESIAN_POINT('Origin',(-59.,63.,-59.));
#3144=CARTESIAN_POINT('',(30.,64.,-59.));
#3145=CARTESIAN_POINT('Origin',(-59.,63.,-59.));
#3146=CARTESIAN_POINT('Origin',(-59.,63.,-59.));
#3147=CARTESIAN_POINT('Origin',(59.,63.,30.));
#3148=CARTESIAN_POINT('',(60.,63.,59.));
#3149=CARTESIAN_POINT('Origin',(59.,63.,59.));
#3150=CARTESIAN_POINT('',(59.9999999999999,63.,-59.));
#3151=CARTESIAN_POINT('',(60.,63.,30.));
#3152=CARTESIAN_POINT('Origin',(58.9999999999999,63.,-59.));
#3153=CARTESIAN_POINT('',(59.,64.,30.));
#3154=CARTESIAN_POINT('Origin',(58.9999999999999,63.,-59.));
#3155=CARTESIAN_POINT('Origin',(58.9999999999999,63.,-59.));
#3156=CARTESIAN_POINT('Origin',(59.,63.,59.));
#3157=CARTESIAN_POINT('Origin',(59.,63.,59.));
#3158=CARTESIAN_POINT('Origin',(-59.,60.,-59.));
#3159=CARTESIAN_POINT('',(-59.,60.,-60.));
#3160=CARTESIAN_POINT('',(-60.,60.,-59.));
#3161=CARTESIAN_POINT('Origin',(59.9999999999999,60.,-60.));
#3162=CARTESIAN_POINT('',(58.9999999999999,60.,-60.));
#3163=CARTESIAN_POINT('Origin',(58.9999999999999,60.,-59.));
#3164=CARTESIAN_POINT('',(59.9999999999999,60.,-59.));
#3165=CARTESIAN_POINT('Origin',(60.,60.,60.));
#3166=CARTESIAN_POINT('',(60.,60.,59.));
#3167=CARTESIAN_POINT('Origin',(0.,64.,1.77635683940025E-14));
#3168=CARTESIAN_POINT('Origin',(-59.,60.,59.));
#3169=CARTESIAN_POINT('',(-60.,60.,59.));
#3170=CARTESIAN_POINT('',(-59.,60.,60.));
#3171=CARTESIAN_POINT('Origin',(-60.,60.,-60.));
#3172=CARTESIAN_POINT('Origin',(59.,60.,59.));
#3173=CARTESIAN_POINT('',(59.,60.,60.));
#3174=CARTESIAN_POINT('Origin',(-60.,60.,60.));
#3175=UNCERTAINTY_MEASURE_WITH_UNIT(LENGTH_MEASURE(0.01),#3179,
'DISTANCE_ACCURACY_VALUE',
'Maximum model space distance between geometric entities at asserted c
onnectivities');
#3176=UNCERTAINTY_MEASURE_WITH_UNIT(LENGTH_MEASURE(0.01),#3179,
'DISTANCE_ACCURACY_VALUE',
'Maximum model space distance between geometric entities at asserted c
onnectivities');
#3177=(
GEOMETRIC_REPRESENTATION_CONTEXT(3)
GLOBAL_UNCERTAINTY_ASSIGNED_CONTEXT((#3175))
GLOBAL_UNIT_ASSIGNED_CONTEXT((#3179,#3181,#3182))
REPRESENTATION_CONTEXT('','3D')
);
#3178=(
GEOMETRIC_REPRESENTATION_CONTEXT(3)
GLOBAL_UNCERTAINTY_ASSIGNED_CONTEXT((#3176))
GLOBAL_UNIT_ASSIGNED_CONTEXT((#3179,#3181,#3182))
REPRESENTATION_CONTEXT('','3D')
);
#3179=(
LENGTH_UNIT()
NAMED_UNIT(*)
SI_UNIT(.MILLI.,.METRE.)
);
#3180=(
LENGTH_UNIT()
NAMED_UNIT(*)
SI_UNIT($,.METRE.)
);
#3181=(
NAMED_UNIT(*)
PLANE_ANGLE_UNIT()
SI_UNIT($,.RADIAN.)
);
#3182=(
NAMED_UNIT(*)
SI_UNIT($,.STERADIAN.)
SOLID_ANGLE_UNIT()
);
#3183=SHAPE_DEFINITION_REPRESENTATION(#3184,#3185);
#3184=PRODUCT_DEFINITION_SHAPE('',$,#3187);
#3185=SHAPE_REPRESENTATION('',(#1691),#3177);
#3186=PRODUCT_DEFINITION_CONTEXT('part definition',#3191,'design');
#3187=PRODUCT_DEFINITION('lid','lid',#3188,#3186);
#3188=PRODUCT_DEFINITION_FORMATION('',$,#3193);
#3189=PRODUCT_RELATED_PRODUCT_CATEGORY('lid','lid',(#3193));
#3190=APPLICATION_PROTOCOL_DEFINITION('international standard',
'automotive_design',2009,#3191);
#3191=APPLICATION_CONTEXT(
'Core Data for Automotive Mechanical Design Process');
#3192=PRODUCT_CONTEXT('part definition',#3191,'mechanical');
#3193=PRODUCT('lid','lid',$,(#3192));
#3194=PRESENTATION_STYLE_ASSIGNMENT((#3196));
#3195=PRESENTATION_STYLE_ASSIGNMENT((#3197));
#3196=SURFACE_STYLE_USAGE(.BOTH.,#3198);
#3197=SURFACE_STYLE_USAGE(.BOTH.,#3199);
#3198=SURFACE_SIDE_STYLE('',(#3200));
#3199=SURFACE_SIDE_STYLE('',(#3201));
#3200=SURFACE_STYLE_FILL_AREA(#3202);
#3201=SURFACE_STYLE_FILL_AREA(#3203);
#3202=FILL_AREA_STYLE('Steel - Satin',(#3204));
#3203=FILL_AREA_STYLE('Aluminum - Bead Blasted',(#3205));
#3204=FILL_AREA_STYLE_COLOUR('Steel - Satin',#3206);
#3205=FILL_AREA_STYLE_COLOUR('Aluminum - Bead Blasted',#3207);
#3206=COLOUR_RGB('Steel - Satin',0.627450980392157,0.627450980392157,0.627450980392157);
#3207=COLOUR_RGB('Aluminum - Bead Blasted',0.96078431372549,0.96078431372549,
0.964705882352941);
ENDSEC;
END-ISO-10303-21;
