ISO-10303-21;
HEADER;
/* Generated by software containing ST-Developer
 * from STEP Tools, Inc. (www.steptools.com) 
 */

FILE_DESCRIPTION(
/* description */ (''),
/* implementation_level */ '2;1');

FILE_NAME(
/* name */ 'shield_lid.step',
/* time_stamp */ '2024-03-11T22:03:50+09:00',
/* author */ (''),
/* organization */ (''),
/* preprocessor_version */ 'ST-DEVELOPER v20',
/* originating_system */ 'Autodesk Translation Framework v12.20.1.177',

/* authorisation */ '');

FILE_SCHEMA (('AUTOMOTIVE_DESIGN { 1 0 10303 214 3 1 1 }'));
ENDSEC;

DATA;
#10=MECHANICAL_DESIGN_GEOMETRIC_PRESENTATION_REPRESENTATION('',(#17),#3190);
#11=ITEM_DEFINED_TRANSFORMATION($,$,#1696,#1902);
#12=(
REPRESENTATION_RELATIONSHIP($,$,#3201,#3200)
REPRESENTATION_RELATIONSHIP_WITH_TRANSFORMATION(#11)
SHAPE_REPRESENTATION_RELATIONSHIP()
);
#13=CONTEXT_DEPENDENT_SHAPE_REPRESENTATION(#12,#3199);
#14=NEXT_ASSEMBLY_USAGE_OCCURRENCE('lid:1','lid:1','lid:1',#3203,#3204,
'lid:1');
#15=SHAPE_REPRESENTATION_RELATIONSHIP('SRR','None',#3201,#16);
#16=ADVANCED_BREP_SHAPE_REPRESENTATION('',(#18),#3189);
#17=STYLED_ITEM('',(#3215),#18);
#18=MANIFOLD_SOLID_BREP('Body2',#1682);
#19=SPHERICAL_SURFACE('',#1829,1.);
#20=SPHERICAL_SURFACE('',#1840,1.);
#21=SPHERICAL_SURFACE('',#1845,1.);
#22=SPHERICAL_SURFACE('',#1851,1.);
#23=SPHERICAL_SURFACE('',#1879,1.);
#24=SPHERICAL_SURFACE('',#1884,1.);
#25=SPHERICAL_SURFACE('',#1889,1.);
#26=SPHERICAL_SURFACE('',#1891,1.);
#27=ELLIPSE('',#1725,1.41421356237309,1.);
#28=ELLIPSE('',#1726,1.4142135623731,1.);
#29=ELLIPSE('',#1745,1.4142135623731,1.);
#30=ELLIPSE('',#1746,1.4142135623731,1.);
#31=ELLIPSE('',#1760,1.41421356237309,1.);
#32=ELLIPSE('',#1761,1.4142135623731,1.);
#33=ELLIPSE('',#1774,1.4142135623731,1.);
#34=ELLIPSE('',#1775,1.4142135623731,1.);
#35=FACE_BOUND('',#303,.T.);
#36=FACE_BOUND('',#307,.T.);
#37=FACE_BOUND('',#351,.T.);
#38=FACE_BOUND('',#352,.T.);
#39=FACE_BOUND('',#353,.T.);
#40=FACE_BOUND('',#354,.T.);
#41=FACE_BOUND('',#355,.T.);
#42=FACE_BOUND('',#400,.T.);
#43=FACE_BOUND('',#401,.T.);
#44=FACE_BOUND('',#402,.T.);
#45=FACE_BOUND('',#403,.T.);
#46=FACE_BOUND('',#404,.T.);
#47=PLANE('',#1713);
#48=PLANE('',#1716);
#49=PLANE('',#1719);
#50=PLANE('',#1732);
#51=PLANE('',#1747);
#52=PLANE('',#1755);
#53=PLANE('',#1758);
#54=PLANE('',#1762);
#55=PLANE('',#1769);
#56=PLANE('',#1772);
#57=PLANE('',#1776);
#58=PLANE('',#1779);
#59=PLANE('',#1782);
#60=PLANE('',#1784);
#61=PLANE('',#1787);
#62=PLANE('',#1799);
#63=PLANE('',#1801);
#64=PLANE('',#1802);
#65=PLANE('',#1803);
#66=PLANE('',#1815);
#67=PLANE('',#1860);
#68=PLANE('',#1861);
#69=PLANE('',#1862);
#70=PLANE('',#1863);
#71=PLANE('',#1864);
#72=PLANE('',#1894);
#73=PLANE('',#1896);
#74=PLANE('',#1897);
#75=PLANE('',#1899);
#76=PLANE('',#1901);
#77=CIRCLE('',#1699,10.5000006705523);
#78=CIRCLE('',#1700,11.5000006705523);
#79=CIRCLE('',#1702,11.5);
#80=CIRCLE('',#1703,10.5);
#81=CIRCLE('',#1707,11.5);
#82=CIRCLE('',#1708,10.5);
#83=CIRCLE('',#1711,11.5);
#84=CIRCLE('',#1712,10.5);
#85=CIRCLE('',#1715,10.5);
#86=CIRCLE('',#1718,10.5);
#87=CIRCLE('',#1720,2.);
#88=CIRCLE('',#1721,2.);
#89=CIRCLE('',#1722,2.);
#90=CIRCLE('',#1723,2.);
#91=CIRCLE('',#1728,6.5);
#92=CIRCLE('',#1729,0.999999999999996);
#93=CIRCLE('',#1730,5.5);
#94=CIRCLE('',#1731,0.999999999999996);
#95=CIRCLE('',#1733,6.49999999999999);
#96=CIRCLE('',#1734,6.5);
#97=CIRCLE('',#1735,6.50000067055227);
#98=CIRCLE('',#1736,9.49999999999999);
#99=CIRCLE('',#1737,9.5);
#100=CIRCLE('',#1738,9.50000067055227);
#101=CIRCLE('',#1739,9.50000000000001);
#102=CIRCLE('',#1741,1.00000000000004);
#103=CIRCLE('',#1742,5.49999999999999);
#104=CIRCLE('',#1743,1.00000000000001);
#105=CIRCLE('',#1749,1.);
#106=CIRCLE('',#1751,0.99999955296517);
#107=CIRCLE('',#1752,5.50000067055227);
#108=CIRCLE('',#1757,5.5);
#109=CIRCLE('',#1764,0.999999999999996);
#110=CIRCLE('',#1766,1.);
#111=CIRCLE('',#1767,5.5);
#112=CIRCLE('',#1771,5.50000067055227);
#113=CIRCLE('',#1781,5.5);
#114=CIRCLE('',#1786,5.49999999999999);
#115=CIRCLE('',#1790,10.5);
#116=CIRCLE('',#1793,10.5000006705523);
#117=CIRCLE('',#1804,1.);
#118=CIRCLE('',#1805,1.);
#119=CIRCLE('',#1806,1.);
#120=CIRCLE('',#1807,1.);
#121=CIRCLE('',#1808,1.75);
#122=CIRCLE('',#1809,1.75);
#123=CIRCLE('',#1810,1.75);
#124=CIRCLE('',#1811,1.75);
#125=CIRCLE('',#1813,3.175);
#126=CIRCLE('',#1814,3.175);
#127=CIRCLE('',#1817,1.);
#128=CIRCLE('',#1818,1.);
#129=CIRCLE('',#1819,0.999999999999996);
#130=CIRCLE('',#1821,1.);
#131=CIRCLE('',#1822,1.);
#132=CIRCLE('',#1823,0.999999999999996);
#133=CIRCLE('',#1825,1.);
#134=CIRCLE('',#1826,1.);
#135=CIRCLE('',#1827,0.999999999999996);
#136=CIRCLE('',#1830,1.);
#137=CIRCLE('',#1831,1.);
#138=CIRCLE('',#1832,1.00000000000001);
#139=CIRCLE('',#1835,1.);
#140=CIRCLE('',#1836,0.999999999999996);
#141=CIRCLE('',#1837,1.);
#142=CIRCLE('',#1841,1.);
#143=CIRCLE('',#1842,1.);
#144=CIRCLE('',#1843,1.00000000000001);
#145=CIRCLE('',#1846,1.);
#146=CIRCLE('',#1847,1.);
#147=CIRCLE('',#1848,1.00000000000001);
#148=CIRCLE('',#1852,1.);
#149=CIRCLE('',#1853,1.);
#150=CIRCLE('',#1854,1.00000000000001);
#151=CIRCLE('',#1866,1.75);
#152=CIRCLE('',#1868,1.75);
#153=CIRCLE('',#1870,1.75);
#154=CIRCLE('',#1872,1.75);
#155=CIRCLE('',#1874,0.999999999999996);
#156=CIRCLE('',#1875,1.);
#157=CIRCLE('',#1877,0.999999999999996);
#158=CIRCLE('',#1878,1.);
#159=CIRCLE('',#1880,0.999999999999998);
#160=CIRCLE('',#1882,0.999999999999996);
#161=CIRCLE('',#1883,1.);
#162=CIRCLE('',#1885,0.999999999999998);
#163=CIRCLE('',#1887,0.999999999999996);
#164=CIRCLE('',#1888,1.);
#165=CIRCLE('',#1890,0.999999999999998);
#166=CIRCLE('',#1892,1.);
#167=TOROIDAL_SURFACE('',#1698,11.5000006705523,1.);
#168=TOROIDAL_SURFACE('',#1701,11.5,1.);
#169=TOROIDAL_SURFACE('',#1706,11.5,1.);
#170=TOROIDAL_SURFACE('',#1710,11.5,1.);
#171=TOROIDAL_SURFACE('',#1727,6.5,1.);
#172=TOROIDAL_SURFACE('',#1740,6.49999999999999,1.);
#173=TOROIDAL_SURFACE('',#1750,6.50000067055227,1.);
#174=TOROIDAL_SURFACE('',#1765,6.5,1.);
#175=TOROIDAL_SURFACE('',#1789,9.5,1.);
#176=TOROIDAL_SURFACE('',#1792,9.50000067055227,1.);
#177=TOROIDAL_SURFACE('',#1795,9.5,1.);
#178=TOROIDAL_SURFACE('',#1797,9.5,1.);
#179=TOROIDAL_SURFACE('',#1816,2.,0.999999999999996);
#180=TOROIDAL_SURFACE('',#1820,2.,0.999999999999996);
#181=TOROIDAL_SURFACE('',#1824,2.,0.999999999999996);
#182=TOROIDAL_SURFACE('',#1834,2.,1.);
#183=FACE_OUTER_BOUND('',#290,.T.);
#184=FACE_OUTER_BOUND('',#291,.T.);
#185=FACE_OUTER_BOUND('',#292,.T.);
#186=FACE_OUTER_BOUND('',#293,.T.);
#187=FACE_OUTER_BOUND('',#294,.T.);
#188=FACE_OUTER_BOUND('',#295,.T.);
#189=FACE_OUTER_BOUND('',#296,.T.);
#190=FACE_OUTER_BOUND('',#297,.T.);
#191=FACE_OUTER_BOUND('',#298,.T.);
#192=FACE_OUTER_BOUND('',#299,.T.);
#193=FACE_OUTER_BOUND('',#300,.T.);
#194=FACE_OUTER_BOUND('',#301,.T.);
#195=FACE_OUTER_BOUND('',#302,.T.);
#196=FACE_OUTER_BOUND('',#304,.T.);
#197=FACE_OUTER_BOUND('',#305,.T.);
#198=FACE_OUTER_BOUND('',#306,.T.);
#199=FACE_OUTER_BOUND('',#308,.T.);
#200=FACE_OUTER_BOUND('',#309,.T.);
#201=FACE_OUTER_BOUND('',#310,.T.);
#202=FACE_OUTER_BOUND('',#311,.T.);
#203=FACE_OUTER_BOUND('',#312,.T.);
#204=FACE_OUTER_BOUND('',#313,.T.);
#205=FACE_OUTER_BOUND('',#314,.T.);
#206=FACE_OUTER_BOUND('',#315,.T.);
#207=FACE_OUTER_BOUND('',#316,.T.);
#208=FACE_OUTER_BOUND('',#317,.T.);
#209=FACE_OUTER_BOUND('',#318,.T.);
#210=FACE_OUTER_BOUND('',#319,.T.);
#211=FACE_OUTER_BOUND('',#320,.T.);
#212=FACE_OUTER_BOUND('',#321,.T.);
#213=FACE_OUTER_BOUND('',#322,.T.);
#214=FACE_OUTER_BOUND('',#323,.T.);
#215=FACE_OUTER_BOUND('',#324,.T.);
#216=FACE_OUTER_BOUND('',#325,.T.);
#217=FACE_OUTER_BOUND('',#326,.T.);
#218=FACE_OUTER_BOUND('',#327,.T.);
#219=FACE_OUTER_BOUND('',#328,.T.);
#220=FACE_OUTER_BOUND('',#329,.T.);
#221=FACE_OUTER_BOUND('',#330,.T.);
#222=FACE_OUTER_BOUND('',#331,.T.);
#223=FACE_OUTER_BOUND('',#332,.T.);
#224=FACE_OUTER_BOUND('',#333,.T.);
#225=FACE_OUTER_BOUND('',#334,.T.);
#226=FACE_OUTER_BOUND('',#335,.T.);
#227=FACE_OUTER_BOUND('',#336,.T.);
#228=FACE_OUTER_BOUND('',#337,.T.);
#229=FACE_OUTER_BOUND('',#338,.T.);
#230=FACE_OUTER_BOUND('',#339,.T.);
#231=FACE_OUTER_BOUND('',#340,.T.);
#232=FACE_OUTER_BOUND('',#341,.T.);
#233=FACE_OUTER_BOUND('',#342,.T.);
#234=FACE_OUTER_BOUND('',#343,.T.);
#235=FACE_OUTER_BOUND('',#344,.T.);
#236=FACE_OUTER_BOUND('',#345,.T.);
#237=FACE_OUTER_BOUND('',#346,.T.);
#238=FACE_OUTER_BOUND('',#347,.T.);
#239=FACE_OUTER_BOUND('',#348,.T.);
#240=FACE_OUTER_BOUND('',#349,.T.);
#241=FACE_OUTER_BOUND('',#350,.T.);
#242=FACE_OUTER_BOUND('',#356,.T.);
#243=FACE_OUTER_BOUND('',#357,.T.);
#244=FACE_OUTER_BOUND('',#358,.T.);
#245=FACE_OUTER_BOUND('',#359,.T.);
#246=FACE_OUTER_BOUND('',#360,.T.);
#247=FACE_OUTER_BOUND('',#361,.T.);
#248=FACE_OUTER_BOUND('',#362,.T.);
#249=FACE_OUTER_BOUND('',#363,.T.);
#250=FACE_OUTER_BOUND('',#364,.T.);
#251=FACE_OUTER_BOUND('',#365,.T.);
#252=FACE_OUTER_BOUND('',#366,.T.);
#253=FACE_OUTER_BOUND('',#367,.T.);
#254=FACE_OUTER_BOUND('',#368,.T.);
#255=FACE_OUTER_BOUND('',#369,.T.);
#256=FACE_OUTER_BOUND('',#370,.T.);
#257=FACE_OUTER_BOUND('',#371,.T.);
#258=FACE_OUTER_BOUND('',#372,.T.);
#259=FACE_OUTER_BOUND('',#373,.T.);
#260=FACE_OUTER_BOUND('',#374,.T.);
#261=FACE_OUTER_BOUND('',#375,.T.);
#262=FACE_OUTER_BOUND('',#376,.T.);
#263=FACE_OUTER_BOUND('',#377,.T.);
#264=FACE_OUTER_BOUND('',#378,.T.);
#265=FACE_OUTER_BOUND('',#379,.T.);
#266=FACE_OUTER_BOUND('',#380,.T.);
#267=FACE_OUTER_BOUND('',#381,.T.);
#268=FACE_OUTER_BOUND('',#382,.T.);
#269=FACE_OUTER_BOUND('',#383,.T.);
#270=FACE_OUTER_BOUND('',#384,.T.);
#271=FACE_OUTER_BOUND('',#385,.T.);
#272=FACE_OUTER_BOUND('',#386,.T.);
#273=FACE_OUTER_BOUND('',#387,.T.);
#274=FACE_OUTER_BOUND('',#388,.T.);
#275=FACE_OUTER_BOUND('',#389,.T.);
#276=FACE_OUTER_BOUND('',#390,.T.);
#277=FACE_OUTER_BOUND('',#391,.T.);
#278=FACE_OUTER_BOUND('',#392,.T.);
#279=FACE_OUTER_BOUND('',#393,.T.);
#280=FACE_OUTER_BOUND('',#394,.T.);
#281=FACE_OUTER_BOUND('',#395,.T.);
#282=FACE_OUTER_BOUND('',#396,.T.);
#283=FACE_OUTER_BOUND('',#397,.T.);
#284=FACE_OUTER_BOUND('',#398,.T.);
#285=FACE_OUTER_BOUND('',#399,.T.);
#286=FACE_OUTER_BOUND('',#405,.T.);
#287=FACE_OUTER_BOUND('',#406,.T.);
#288=FACE_OUTER_BOUND('',#407,.T.);
#289=FACE_OUTER_BOUND('',#408,.T.);
#290=EDGE_LOOP('',(#1044,#1045,#1046,#1047));
#291=EDGE_LOOP('',(#1048,#1049,#1050,#1051));
#292=EDGE_LOOP('',(#1052,#1053,#1054,#1055));
#293=EDGE_LOOP('',(#1056,#1057,#1058,#1059));
#294=EDGE_LOOP('',(#1060,#1061,#1062,#1063));
#295=EDGE_LOOP('',(#1064,#1065,#1066,#1067));
#296=EDGE_LOOP('',(#1068,#1069,#1070,#1071));
#297=EDGE_LOOP('',(#1072,#1073,#1074,#1075));
#298=EDGE_LOOP('',(#1076,#1077,#1078,#1079));
#299=EDGE_LOOP('',(#1080,#1081,#1082,#1083));
#300=EDGE_LOOP('',(#1084,#1085,#1086,#1087));
#301=EDGE_LOOP('',(#1088,#1089,#1090,#1091));
#302=EDGE_LOOP('',(#1092,#1093,#1094,#1095,#1096,#1097,#1098,#1099));
#303=EDGE_LOOP('',(#1100,#1101,#1102,#1103,#1104,#1105,#1106,#1107));
#304=EDGE_LOOP('',(#1108,#1109,#1110,#1111,#1112,#1113));
#305=EDGE_LOOP('',(#1114,#1115,#1116,#1117,#1118,#1119));
#306=EDGE_LOOP('',(#1120,#1121,#1122,#1123,#1124,#1125,#1126,#1127));
#307=EDGE_LOOP('',(#1128,#1129,#1130,#1131,#1132,#1133,#1134,#1135));
#308=EDGE_LOOP('',(#1136,#1137,#1138,#1139,#1140,#1141));
#309=EDGE_LOOP('',(#1142,#1143,#1144,#1145,#1146,#1147));
#310=EDGE_LOOP('',(#1148,#1149,#1150,#1151));
#311=EDGE_LOOP('',(#1152,#1153,#1154));
#312=EDGE_LOOP('',(#1155,#1156,#1157,#1158,#1159,#1160));
#313=EDGE_LOOP('',(#1161,#1162,#1163));
#314=EDGE_LOOP('',(#1164,#1165,#1166));
#315=EDGE_LOOP('',(#1167,#1168,#1169,#1170));
#316=EDGE_LOOP('',(#1171,#1172,#1173,#1174));
#317=EDGE_LOOP('',(#1175,#1176,#1177,#1178));
#318=EDGE_LOOP('',(#1179,#1180,#1181,#1182,#1183,#1184));
#319=EDGE_LOOP('',(#1185,#1186,#1187,#1188));
#320=EDGE_LOOP('',(#1189,#1190,#1191));
#321=EDGE_LOOP('',(#1192,#1193,#1194,#1195,#1196,#1197));
#322=EDGE_LOOP('',(#1198,#1199,#1200));
#323=EDGE_LOOP('',(#1201,#1202,#1203,#1204));
#324=EDGE_LOOP('',(#1205,#1206,#1207,#1208));
#325=EDGE_LOOP('',(#1209,#1210,#1211,#1212));
#326=EDGE_LOOP('',(#1213,#1214,#1215,#1216,#1217,#1218));
#327=EDGE_LOOP('',(#1219,#1220,#1221,#1222));
#328=EDGE_LOOP('',(#1223,#1224,#1225));
#329=EDGE_LOOP('',(#1226,#1227,#1228));
#330=EDGE_LOOP('',(#1229,#1230,#1231,#1232));
#331=EDGE_LOOP('',(#1233,#1234,#1235,#1236));
#332=EDGE_LOOP('',(#1237,#1238,#1239,#1240));
#333=EDGE_LOOP('',(#1241,#1242,#1243));
#334=EDGE_LOOP('',(#1244,#1245,#1246,#1247));
#335=EDGE_LOOP('',(#1248,#1249,#1250,#1251));
#336=EDGE_LOOP('',(#1252,#1253,#1254,#1255));
#337=EDGE_LOOP('',(#1256,#1257,#1258,#1259));
#338=EDGE_LOOP('',(#1260,#1261,#1262,#1263));
#339=EDGE_LOOP('',(#1264,#1265,#1266,#1267));
#340=EDGE_LOOP('',(#1268,#1269,#1270,#1271));
#341=EDGE_LOOP('',(#1272,#1273,#1274,#1275));
#342=EDGE_LOOP('',(#1276,#1277,#1278,#1279));
#343=EDGE_LOOP('',(#1280,#1281,#1282,#1283));
#344=EDGE_LOOP('',(#1284,#1285,#1286,#1287));
#345=EDGE_LOOP('',(#1288,#1289,#1290,#1291));
#346=EDGE_LOOP('',(#1292,#1293,#1294,#1295));
#347=EDGE_LOOP('',(#1296,#1297,#1298,#1299));
#348=EDGE_LOOP('',(#1300,#1301,#1302,#1303));
#349=EDGE_LOOP('',(#1304,#1305,#1306,#1307));
#350=EDGE_LOOP('',(#1308,#1309,#1310,#1311,#1312,#1313,#1314,#1315));
#351=EDGE_LOOP('',(#1316));
#352=EDGE_LOOP('',(#1317));
#353=EDGE_LOOP('',(#1318));
#354=EDGE_LOOP('',(#1319));
#355=EDGE_LOOP('',(#1320,#1321,#1322,#1323,#1324,#1325,#1326,#1327,#1328,
#1329,#1330,#1331,#1332,#1333,#1334,#1335));
#356=EDGE_LOOP('',(#1336,#1337,#1338,#1339));
#357=EDGE_LOOP('',(#1340));
#358=EDGE_LOOP('',(#1341,#1342,#1343,#1344));
#359=EDGE_LOOP('',(#1345,#1346,#1347,#1348));
#360=EDGE_LOOP('',(#1349,#1350,#1351,#1352));
#361=EDGE_LOOP('',(#1353,#1354,#1355,#1356));
#362=EDGE_LOOP('',(#1357,#1358,#1359));
#363=EDGE_LOOP('',(#1360,#1361,#1362,#1363));
#364=EDGE_LOOP('',(#1364,#1365,#1366,#1367));
#365=EDGE_LOOP('',(#1368,#1369,#1370,#1371));
#366=EDGE_LOOP('',(#1372,#1373,#1374,#1375));
#367=EDGE_LOOP('',(#1376,#1377,#1378));
#368=EDGE_LOOP('',(#1379,#1380,#1381,#1382));
#369=EDGE_LOOP('',(#1383,#1384,#1385));
#370=EDGE_LOOP('',(#1386,#1387,#1388,#1389));
#371=EDGE_LOOP('',(#1390,#1391,#1392,#1393));
#372=EDGE_LOOP('',(#1394,#1395,#1396));
#373=EDGE_LOOP('',(#1397,#1398,#1399,#1400));
#374=EDGE_LOOP('',(#1401,#1402,#1403,#1404));
#375=EDGE_LOOP('',(#1405,#1406,#1407,#1408));
#376=EDGE_LOOP('',(#1409,#1410,#1411,#1412));
#377=EDGE_LOOP('',(#1413,#1414,#1415,#1416));
#378=EDGE_LOOP('',(#1417,#1418,#1419,#1420));
#379=EDGE_LOOP('',(#1421,#1422,#1423,#1424));
#380=EDGE_LOOP('',(#1425,#1426,#1427,#1428));
#381=EDGE_LOOP('',(#1429,#1430,#1431,#1432));
#382=EDGE_LOOP('',(#1433,#1434,#1435,#1436));
#383=EDGE_LOOP('',(#1437,#1438,#1439,#1440));
#384=EDGE_LOOP('',(#1441,#1442,#1443,#1444));
#385=EDGE_LOOP('',(#1445,#1446,#1447,#1448));
#386=EDGE_LOOP('',(#1449,#1450,#1451,#1452));
#387=EDGE_LOOP('',(#1453,#1454,#1455,#1456));
#388=EDGE_LOOP('',(#1457,#1458,#1459,#1460));
#389=EDGE_LOOP('',(#1461,#1462,#1463));
#390=EDGE_LOOP('',(#1464,#1465,#1466,#1467));
#391=EDGE_LOOP('',(#1468,#1469,#1470));
#392=EDGE_LOOP('',(#1471,#1472,#1473,#1474));
#393=EDGE_LOOP('',(#1475,#1476,#1477));
#394=EDGE_LOOP('',(#1478,#1479,#1480));
#395=EDGE_LOOP('',(#1481,#1482,#1483,#1484));
#396=EDGE_LOOP('',(#1485,#1486,#1487,#1488));
#397=EDGE_LOOP('',(#1489,#1490,#1491,#1492));
#398=EDGE_LOOP('',(#1493,#1494,#1495,#1496));
#399=EDGE_LOOP('',(#1497,#1498,#1499,#1500));
#400=EDGE_LOOP('',(#1501));
#401=EDGE_LOOP('',(#1502));
#402=EDGE_LOOP('',(#1503));
#403=EDGE_LOOP('',(#1504));
#404=EDGE_LOOP('',(#1505));
#405=EDGE_LOOP('',(#1506,#1507,#1508,#1509));
#406=EDGE_LOOP('',(#1510,#1511,#1512,#1513));
#407=EDGE_LOOP('',(#1514,#1515,#1516,#1517));
#408=EDGE_LOOP('',(#1518,#1519,#1520,#1521));
#409=B_SPLINE_CURVE_WITH_KNOTS('',3,(#2443,#2444,#2445,#2446,#2447,#2448,
#2449,#2450,#2451,#2452,#2453,#2454,#2455,#2456),.UNSPECIFIED.,.F.,.F.,
(4,2,2,2,2,2,4),(0.,0.0333162877463443,0.0693125724731284,0.111446193662236,
0.140625859705903,0.170183403857106,0.170700956422978),.UNSPECIFIED.);
#410=B_SPLINE_CURVE_WITH_KNOTS('',3,(#2459,#2460,#2461,#2462,#2463,#2464,
#2465,#2466,#2467,#2468,#2469,#2470,#2471,#2472),.UNSPECIFIED.,.F.,.F.,
(4,2,2,2,2,2,4),(-0.17101503805177,-0.137535943325917,-0.101363755387866,
-0.059024239978178,-0.0297019822995264,0.,0.00052008168747074),
 .UNSPECIFIED.);
#411=B_SPLINE_CURVE_WITH_KNOTS('',3,(#2477,#2478,#2479,#2480,#2481,#2482,
#2483,#2484,#2485,#2486,#2487,#2488,#2489,#2490),.UNSPECIFIED.,.F.,.F.,
(4,2,2,2,2,2,4),(-0.171015038288141,-0.137535943996764,-0.101363756396441,
-0.0590242410408605,-0.0297019828617761,0.,0.000520081687533791),
 .UNSPECIFIED.);
#412=B_SPLINE_CURVE_WITH_KNOTS('',3,(#2497,#2498,#2499,#2500,#2501,#2502,
#2503,#2504,#2505,#2506,#2507,#2508,#2509,#2510,#2511,#2512),
 .UNSPECIFIED.,.F.,.F.,(4,2,2,2,2,2,2,4),(-0.342630772704737,-0.342110606494399,
-0.315234815731862,-0.288635231732985,-0.245407033800614,-0.208645780170233,
-0.175054511007056,-0.171075407477262),.UNSPECIFIED.);
#413=B_SPLINE_CURVE_WITH_KNOTS('',3,(#2515,#2516,#2517,#2518,#2519,#2520,
#2521,#2522,#2523,#2524,#2525,#2526,#2527,#2528),.UNSPECIFIED.,.F.,.F.,
(4,2,2,2,2,2,4),(-0.171015038047508,-0.137535943322501,-0.101363755385381,
-0.0590242399767826,-0.0297019822988829,0.,0.000520081687446407),
 .UNSPECIFIED.);
#414=B_SPLINE_CURVE_WITH_KNOTS('',3,(#2537,#2538,#2539,#2540,#2541,#2542,
#2543,#2544,#2545,#2546,#2547,#2548,#2549,#2550),.UNSPECIFIED.,.F.,.F.,
(4,2,2,2,2,2,4),(0.,0.0333162880510167,0.0693125729759008,0.111446194057353,
0.14062585949118,0.170183402969594,0.170700955533416),.UNSPECIFIED.);
#415=B_SPLINE_CURVE_WITH_KNOTS('',3,(#2556,#2557,#2558,#2559,#2560,#2561,
#2562,#2563,#2564,#2565,#2566,#2567,#2568,#2569),.UNSPECIFIED.,.F.,.F.,
(4,2,2,2,2,2,4),(-0.171015038052134,-0.137535943326208,-0.10136375538808,
-0.0590242399782991,-0.0297019822995862,0.,0.00052008168747564),
 .UNSPECIFIED.);
#416=B_SPLINE_CURVE_WITH_KNOTS('',3,(#2575,#2576,#2577,#2578,#2579,#2580,
#2581,#2582,#2583,#2584,#2585,#2586,#2587,#2588),.UNSPECIFIED.,.F.,.F.,
(4,2,2,2,2,2,4),(0.,0.033316288051024,0.0693125729759287,0.111446194057395,
0.140625859491228,0.170183402969741,0.170700955533557),.UNSPECIFIED.);
#417=B_SPLINE_CURVE_WITH_KNOTS('',3,(#2630,#2631,#2632,#2633,#2634,#2635,
#2636,#2637),.UNSPECIFIED.,.F.,.F.,(4,2,2,4),(-0.0703572609464768,-0.0450515104902997,
0.,0.000608006706257668),.UNSPECIFIED.);
#418=B_SPLINE_CURVE_WITH_KNOTS('',3,(#2641,#2642,#2643,#2644,#2645,#2646,
#2647,#2648),.UNSPECIFIED.,.F.,.F.,(4,2,2,4),(-0.189415460675325,-0.188813780027425,
-0.136447046150355,-0.119209284047045),.UNSPECIFIED.);
#419=B_SPLINE_CURVE_WITH_KNOTS('',3,(#2658,#2659,#2660,#2661,#2662,#2663,
#2664,#2665),.UNSPECIFIED.,.F.,.F.,(4,2,2,4),(-0.070357234330116,-0.0450515104922007,
0.,0.000608006705744778),.UNSPECIFIED.);
#420=B_SPLINE_CURVE_WITH_KNOTS('',3,(#2706,#2707,#2708,#2709,#2710,#2711,
#2712,#2713),.UNSPECIFIED.,.F.,.F.,(4,2,2,4),(-0.189415460675541,-0.188813780027879,
-0.136447046150703,-0.119209305412987),.UNSPECIFIED.);
#421=B_SPLINE_CURVE_WITH_KNOTS('',3,(#2716,#2717,#2718,#2719,#2720,#2721),
 .UNSPECIFIED.,.F.,.F.,(4,2,4),(-0.0703735116980856,-0.0697895801890543,
-4.019119575778E-5),.UNSPECIFIED.);
#422=B_SPLINE_CURVE_WITH_KNOTS('',3,(#2739,#2740,#2741,#2742,#2743,#2744),
 .UNSPECIFIED.,.F.,.F.,(4,2,4),(-0.0700569282999891,0.,0.000586322595246908),
 .UNSPECIFIED.);
#423=B_SPLINE_CURVE_WITH_KNOTS('',3,(#2766,#2767,#2768,#2769,#2770,#2771,
#2772,#2773),.UNSPECIFIED.,.F.,.F.,(4,2,2,4),(-0.189415460675509,-0.188813780027624,
-0.136447046150437,-0.119209284047118),.UNSPECIFIED.);
#424=B_SPLINE_CURVE_WITH_KNOTS('',3,(#2791,#2792,#2793,#2794,#2795,#2796,
#2797,#2798),.UNSPECIFIED.,.F.,.F.,(4,2,2,4),(-0.070357241139717,-0.0450515104949091,
0.,0.000608006705887901),.UNSPECIFIED.);
#425=B_SPLINE_CURVE_WITH_KNOTS('',3,(#2855,#2856,#2857,#2858,#2859,#2860,
#2861,#2862,#2863,#2864,#2865,#2866,#2867,#2868),.UNSPECIFIED.,.F.,.F.,
(4,2,2,2,2,2,4),(-0.000539712043381916,0.,0.031084652254919,0.0614246750045438,
0.103618053404186,0.139687163836099,0.173187776817512),.UNSPECIFIED.);
#426=B_SPLINE_CURVE_WITH_KNOTS('',3,(#2869,#2870,#2871,#2872,#2873,#2874,
#2875,#2876,#2877,#2878,#2879,#2880,#2881,#2882),.UNSPECIFIED.,.F.,.F.,
(4,2,2,2,2,2,4),(-0.346915265672772,-0.346375553630318,-0.315290901375837,
-0.284950878626759,-0.242757500227714,-0.206688389796314,-0.173187776815375),
 .UNSPECIFIED.);
#427=B_SPLINE_CURVE_WITH_KNOTS('',3,(#2885,#2886,#2887,#2888,#2889,#2890,
#2891,#2892,#2893,#2894,#2895,#2896,#2897,#2898),.UNSPECIFIED.,.F.,.F.,
(4,2,2,2,2,2,4),(-0.34691526566838,-0.346375553625948,-0.315290901371876,
-0.284950878623185,-0.242757500224684,-0.206688389793744,-0.173187776813228),
 .UNSPECIFIED.);
#428=B_SPLINE_CURVE_WITH_KNOTS('',3,(#2902,#2903,#2904,#2905,#2906,#2907,
#2908,#2909,#2910,#2911,#2912,#2913,#2914,#2915),.UNSPECIFIED.,.F.,.F.,
(4,2,2,2,2,2,4),(-0.000539712047574392,0.,0.0310846529418883,0.0614246763198378,
0.103618054836774,0.1396871650825,0.173187777767456),.UNSPECIFIED.);
#429=B_SPLINE_CURVE_WITH_KNOTS('',3,(#2919,#2920,#2921,#2922,#2923,#2924,
#2925,#2926,#2927,#2928,#2929,#2930,#2931,#2932),.UNSPECIFIED.,.F.,.F.,
(4,2,2,2,2,2,4),(-0.346915267582768,-0.346375555535426,-0.315290902593384,
-0.284950879215312,-0.242757500698386,-0.206688390452669,-0.173187777767714),
 .UNSPECIFIED.);
#430=B_SPLINE_CURVE_WITH_KNOTS('',3,(#2935,#2936,#2937,#2938,#2939,#2940,
#2941,#2942,#2943,#2944,#2945,#2946,#2947,#2948),.UNSPECIFIED.,.F.,.F.,
(4,2,2,2,2,2,4),(-0.000539712040825082,0.,0.0310846522551262,0.061424675004966,
0.103618053404905,0.139687163837073,0.17318777681872),.UNSPECIFIED.);
#431=B_SPLINE_CURVE_WITH_KNOTS('',3,(#2951,#2952,#2953,#2954,#2955,#2956,
#2957,#2958,#2959,#2960,#2961,#2962,#2963,#2964),.UNSPECIFIED.,.F.,.F.,
(4,2,2,2,2,2,4),(-0.346915265670251,-0.34637555362784,-0.315290901373416,
-0.284950878624579,-0.242757500225874,-0.206688389794759,-0.173187776814086),
 .UNSPECIFIED.);
#432=B_SPLINE_CURVE_WITH_KNOTS('',3,(#2966,#2967,#2968,#2969,#2970,#2971,
#2972,#2973,#2974,#2975,#2976,#2977,#2978,#2979),.UNSPECIFIED.,.F.,.F.,
(4,2,2,2,2,2,4),(-0.000539712042207196,0.,0.0310846522545457,0.0614246750037329,
0.10361805340276,0.139687163834141,0.173187776815071),.UNSPECIFIED.);
#433=LINE('',#2441,#550);
#434=LINE('',#2458,#551);
#435=LINE('',#2530,#552);
#436=LINE('',#2531,#553);
#437=LINE('',#2534,#554);
#438=LINE('',#2536,#555);
#439=LINE('',#2572,#556);
#440=LINE('',#2574,#557);
#441=LINE('',#2594,#558);
#442=LINE('',#2596,#559);
#443=LINE('',#2597,#560);
#444=LINE('',#2600,#561);
#445=LINE('',#2604,#562);
#446=LINE('',#2605,#563);
#447=LINE('',#2608,#564);
#448=LINE('',#2615,#565);
#449=LINE('',#2619,#566);
#450=LINE('',#2623,#567);
#451=LINE('',#2626,#568);
#452=LINE('',#2639,#569);
#453=LINE('',#2652,#570);
#454=LINE('',#2675,#571);
#455=LINE('',#2679,#572);
#456=LINE('',#2682,#573);
#457=LINE('',#2685,#574);
#458=LINE('',#2689,#575);
#459=LINE('',#2693,#576);
#460=LINE('',#2697,#577);
#461=LINE('',#2725,#578);
#462=LINE('',#2729,#579);
#463=LINE('',#2731,#580);
#464=LINE('',#2732,#581);
#465=LINE('',#2736,#582);
#466=LINE('',#2749,#583);
#467=LINE('',#2751,#584);
#468=LINE('',#2754,#585);
#469=LINE('',#2756,#586);
#470=LINE('',#2757,#587);
#471=LINE('',#2760,#588);
#472=LINE('',#2763,#589);
#473=LINE('',#2777,#590);
#474=LINE('',#2781,#591);
#475=LINE('',#2783,#592);
#476=LINE('',#2784,#593);
#477=LINE('',#2788,#594);
#478=LINE('',#2803,#595);
#479=LINE('',#2806,#596);
#480=LINE('',#2807,#597);
#481=LINE('',#2810,#598);
#482=LINE('',#2813,#599);
#483=LINE('',#2818,#600);
#484=LINE('',#2822,#601);
#485=LINE('',#2824,#602);
#486=LINE('',#2825,#603);
#487=LINE('',#2827,#604);
#488=LINE('',#2829,#605);
#489=LINE('',#2832,#606);
#490=LINE('',#2833,#607);
#491=LINE('',#2836,#608);
#492=LINE('',#2839,#609);
#493=LINE('',#2841,#610);
#494=LINE('',#2844,#611);
#495=LINE('',#2845,#612);
#496=LINE('',#2848,#613);
#497=LINE('',#2852,#614);
#498=LINE('',#2853,#615);
#499=LINE('',#2916,#616);
#500=LINE('',#2949,#617);
#501=LINE('',#2982,#618);
#502=LINE('',#2984,#619);
#503=LINE('',#2986,#620);
#504=LINE('',#2989,#621);
#505=LINE('',#2995,#622);
#506=LINE('',#2999,#623);
#507=LINE('',#3003,#624);
#508=LINE('',#3006,#625);
#509=LINE('',#3019,#626);
#510=LINE('',#3041,#627);
#511=LINE('',#3050,#628);
#512=LINE('',#3051,#629);
#513=LINE('',#3059,#630);
#514=LINE('',#3061,#631);
#515=LINE('',#3070,#632);
#516=LINE('',#3071,#633);
#517=LINE('',#3080,#634);
#518=LINE('',#3081,#635);
#519=LINE('',#3083,#636);
#520=LINE('',#3084,#637);
#521=LINE('',#3093,#638);
#522=LINE('',#3094,#639);
#523=LINE('',#3096,#640);
#524=LINE('',#3097,#641);
#525=LINE('',#3099,#642);
#526=LINE('',#3100,#643);
#527=LINE('',#3102,#644);
#528=LINE('',#3103,#645);
#529=LINE('',#3105,#646);
#530=LINE('',#3114,#647);
#531=LINE('',#3118,#648);
#532=LINE('',#3122,#649);
#533=LINE('',#3126,#650);
#534=LINE('',#3132,#651);
#535=LINE('',#3135,#652);
#536=LINE('',#3141,#653);
#537=LINE('',#3143,#654);
#538=LINE('',#3151,#655);
#539=LINE('',#3153,#656);
#540=LINE('',#3160,#657);
#541=LINE('',#3162,#658);
#542=LINE('',#3168,#659);
#543=LINE('',#3169,#660);
#544=LINE('',#3171,#661);
#545=LINE('',#3173,#662);
#546=LINE('',#3175,#663);
#547=LINE('',#3178,#664);
#548=LINE('',#3179,#665);
#549=LINE('',#3182,#666);
#550=VECTOR('',#1909,10.);
#551=VECTOR('',#1910,10.);
#552=VECTOR('',#1925,10.);
#553=VECTOR('',#1926,10.);
#554=VECTOR('',#1929,10.);
#555=VECTOR('',#1930,10.);
#556=VECTOR('',#1939,10.);
#557=VECTOR('',#1940,10.);
#558=VECTOR('',#1949,10.);
#559=VECTOR('',#1950,10.);
#560=VECTOR('',#1951,10.);
#561=VECTOR('',#1954,10.);
#562=VECTOR('',#1959,10.);
#563=VECTOR('',#1960,10.);
#564=VECTOR('',#1963,10.);
#565=VECTOR('',#1970,10.);
#566=VECTOR('',#1973,10.);
#567=VECTOR('',#1976,10.);
#568=VECTOR('',#1979,10.);
#569=VECTOR('',#1982,10.);
#570=VECTOR('',#1985,10.);
#571=VECTOR('',#2002,10.);
#572=VECTOR('',#2005,10.);
#573=VECTOR('',#2008,10.);
#574=VECTOR('',#2009,10.);
#575=VECTOR('',#2012,10.);
#576=VECTOR('',#2015,10.);
#577=VECTOR('',#2018,10.);
#578=VECTOR('',#2033,10.);
#579=VECTOR('',#2038,10.);
#580=VECTOR('',#2039,10.);
#581=VECTOR('',#2040,10.);
#582=VECTOR('',#2045,10.);
#583=VECTOR('',#2054,10.);
#584=VECTOR('',#2057,10.);
#585=VECTOR('',#2060,10.);
#586=VECTOR('',#2061,10.);
#587=VECTOR('',#2062,10.);
#588=VECTOR('',#2065,10.);
#589=VECTOR('',#2070,10.);
#590=VECTOR('',#2075,10.);
#591=VECTOR('',#2080,10.);
#592=VECTOR('',#2081,10.);
#593=VECTOR('',#2082,10.);
#594=VECTOR('',#2087,10.);
#595=VECTOR('',#2096,10.);
#596=VECTOR('',#2099,10.);
#597=VECTOR('',#2100,10.);
#598=VECTOR('',#2103,10.);
#599=VECTOR('',#2108,10.);
#600=VECTOR('',#2113,10.);
#601=VECTOR('',#2118,10.);
#602=VECTOR('',#2119,10.);
#603=VECTOR('',#2120,10.);
#604=VECTOR('',#2123,10.);
#605=VECTOR('',#2126,10.);
#606=VECTOR('',#2129,10.);
#607=VECTOR('',#2130,10.);
#608=VECTOR('',#2133,10.);
#609=VECTOR('',#2138,10.);
#610=VECTOR('',#2141,10.);
#611=VECTOR('',#2144,10.);
#612=VECTOR('',#2145,10.);
#613=VECTOR('',#2148,10.);
#614=VECTOR('',#2153,10.);
#615=VECTOR('',#2154,10.);
#616=VECTOR('',#2163,10.);
#617=VECTOR('',#2170,10.);
#618=VECTOR('',#2179,10.);
#619=VECTOR('',#2182,10.);
#620=VECTOR('',#2185,10.);
#621=VECTOR('',#2190,10.);
#622=VECTOR('',#2195,10.);
#623=VECTOR('',#2198,10.);
#624=VECTOR('',#2201,10.);
#625=VECTOR('',#2204,10.);
#626=VECTOR('',#2217,3.175);
#627=VECTOR('',#2248,10.);
#628=VECTOR('',#2259,10.);
#629=VECTOR('',#2260,10.);
#630=VECTOR('',#2271,10.);
#631=VECTOR('',#2274,10.);
#632=VECTOR('',#2285,10.);
#633=VECTOR('',#2286,10.);
#634=VECTOR('',#2297,10.);
#635=VECTOR('',#2298,10.);
#636=VECTOR('',#2301,10.);
#637=VECTOR('',#2302,10.);
#638=VECTOR('',#2313,10.);
#639=VECTOR('',#2314,10.);
#640=VECTOR('',#2317,10.);
#641=VECTOR('',#2318,10.);
#642=VECTOR('',#2321,10.);
#643=VECTOR('',#2322,10.);
#644=VECTOR('',#2325,10.);
#645=VECTOR('',#2326,10.);
#646=VECTOR('',#2329,10.);
#647=VECTOR('',#2344,1.75);
#648=VECTOR('',#2349,1.75);
#649=VECTOR('',#2354,1.75);
#650=VECTOR('',#2359,1.75);
#651=VECTOR('',#2364,10.);
#652=VECTOR('',#2367,10.);
#653=VECTOR('',#2372,10.);
#654=VECTOR('',#2375,10.);
#655=VECTOR('',#2384,10.);
#656=VECTOR('',#2387,10.);
#657=VECTOR('',#2396,10.);
#658=VECTOR('',#2399,10.);
#659=VECTOR('',#2410,10.);
#660=VECTOR('',#2411,10.);
#661=VECTOR('',#2414,10.);
#662=VECTOR('',#2417,10.);
#663=VECTOR('',#2420,10.);
#664=VECTOR('',#2425,10.);
#665=VECTOR('',#2426,10.);
#666=VECTOR('',#2431,10.);
#667=VERTEX_POINT('',#2439);
#668=VERTEX_POINT('',#2440);
#669=VERTEX_POINT('',#2442);
#670=VERTEX_POINT('',#2457);
#671=VERTEX_POINT('',#2474);
#672=VERTEX_POINT('',#2476);
#673=VERTEX_POINT('',#2493);
#674=VERTEX_POINT('',#2494);
#675=VERTEX_POINT('',#2496);
#676=VERTEX_POINT('',#2513);
#677=VERTEX_POINT('',#2533);
#678=VERTEX_POINT('',#2535);
#679=VERTEX_POINT('',#2552);
#680=VERTEX_POINT('',#2554);
#681=VERTEX_POINT('',#2571);
#682=VERTEX_POINT('',#2573);
#683=VERTEX_POINT('',#2593);
#684=VERTEX_POINT('',#2595);
#685=VERTEX_POINT('',#2599);
#686=VERTEX_POINT('',#2603);
#687=VERTEX_POINT('',#2607);
#688=VERTEX_POINT('',#2611);
#689=VERTEX_POINT('',#2612);
#690=VERTEX_POINT('',#2614);
#691=VERTEX_POINT('',#2616);
#692=VERTEX_POINT('',#2618);
#693=VERTEX_POINT('',#2620);
#694=VERTEX_POINT('',#2622);
#695=VERTEX_POINT('',#2624);
#696=VERTEX_POINT('',#2628);
#697=VERTEX_POINT('',#2629);
#698=VERTEX_POINT('',#2638);
#699=VERTEX_POINT('',#2640);
#700=VERTEX_POINT('',#2649);
#701=VERTEX_POINT('',#2651);
#702=VERTEX_POINT('',#2655);
#703=VERTEX_POINT('',#2657);
#704=VERTEX_POINT('',#2666);
#705=VERTEX_POINT('',#2668);
#706=VERTEX_POINT('',#2672);
#707=VERTEX_POINT('',#2674);
#708=VERTEX_POINT('',#2676);
#709=VERTEX_POINT('',#2678);
#710=VERTEX_POINT('',#2680);
#711=VERTEX_POINT('',#2683);
#712=VERTEX_POINT('',#2684);
#713=VERTEX_POINT('',#2686);
#714=VERTEX_POINT('',#2688);
#715=VERTEX_POINT('',#2690);
#716=VERTEX_POINT('',#2692);
#717=VERTEX_POINT('',#2694);
#718=VERTEX_POINT('',#2696);
#719=VERTEX_POINT('',#2700);
#720=VERTEX_POINT('',#2702);
#721=VERTEX_POINT('',#2704);
#722=VERTEX_POINT('',#2715);
#723=VERTEX_POINT('',#2722);
#724=VERTEX_POINT('',#2724);
#725=VERTEX_POINT('',#2728);
#726=VERTEX_POINT('',#2730);
#727=VERTEX_POINT('',#2734);
#728=VERTEX_POINT('',#2738);
#729=VERTEX_POINT('',#2745);
#730=VERTEX_POINT('',#2753);
#731=VERTEX_POINT('',#2755);
#732=VERTEX_POINT('',#2759);
#733=VERTEX_POINT('',#2765);
#734=VERTEX_POINT('',#2774);
#735=VERTEX_POINT('',#2776);
#736=VERTEX_POINT('',#2780);
#737=VERTEX_POINT('',#2782);
#738=VERTEX_POINT('',#2786);
#739=VERTEX_POINT('',#2790);
#740=VERTEX_POINT('',#2799);
#741=VERTEX_POINT('',#2805);
#742=VERTEX_POINT('',#2809);
#743=VERTEX_POINT('',#2815);
#744=VERTEX_POINT('',#2817);
#745=VERTEX_POINT('',#2821);
#746=VERTEX_POINT('',#2823);
#747=VERTEX_POINT('',#2831);
#748=VERTEX_POINT('',#2835);
#749=VERTEX_POINT('',#2843);
#750=VERTEX_POINT('',#2847);
#751=VERTEX_POINT('',#2851);
#752=VERTEX_POINT('',#2884);
#753=VERTEX_POINT('',#2901);
#754=VERTEX_POINT('',#2918);
#755=VERTEX_POINT('',#2991);
#756=VERTEX_POINT('',#2992);
#757=VERTEX_POINT('',#2994);
#758=VERTEX_POINT('',#2996);
#759=VERTEX_POINT('',#2998);
#760=VERTEX_POINT('',#3000);
#761=VERTEX_POINT('',#3002);
#762=VERTEX_POINT('',#3004);
#763=VERTEX_POINT('',#3007);
#764=VERTEX_POINT('',#3009);
#765=VERTEX_POINT('',#3011);
#766=VERTEX_POINT('',#3013);
#767=VERTEX_POINT('',#3016);
#768=VERTEX_POINT('',#3018);
#769=VERTEX_POINT('',#3023);
#770=VERTEX_POINT('',#3025);
#771=VERTEX_POINT('',#3029);
#772=VERTEX_POINT('',#3031);
#773=VERTEX_POINT('',#3035);
#774=VERTEX_POINT('',#3037);
#775=VERTEX_POINT('',#3043);
#776=VERTEX_POINT('',#3044);
#777=VERTEX_POINT('',#3046);
#778=VERTEX_POINT('',#3053);
#779=VERTEX_POINT('',#3054);
#780=VERTEX_POINT('',#3063);
#781=VERTEX_POINT('',#3064);
#782=VERTEX_POINT('',#3066);
#783=VERTEX_POINT('',#3073);
#784=VERTEX_POINT('',#3074);
#785=VERTEX_POINT('',#3076);
#786=VERTEX_POINT('',#3086);
#787=VERTEX_POINT('',#3087);
#788=VERTEX_POINT('',#3089);
#789=VERTEX_POINT('',#3112);
#790=VERTEX_POINT('',#3116);
#791=VERTEX_POINT('',#3120);
#792=VERTEX_POINT('',#3124);
#793=VERTEX_POINT('',#3128);
#794=VERTEX_POINT('',#3129);
#795=VERTEX_POINT('',#3131);
#796=VERTEX_POINT('',#3133);
#797=VERTEX_POINT('',#3137);
#798=VERTEX_POINT('',#3138);
#799=VERTEX_POINT('',#3140);
#800=VERTEX_POINT('',#3147);
#801=VERTEX_POINT('',#3148);
#802=VERTEX_POINT('',#3150);
#803=VERTEX_POINT('',#3157);
#804=VERTEX_POINT('',#3159);
#805=EDGE_CURVE('',#667,#668,#433,.T.);
#806=EDGE_CURVE('',#668,#669,#409,.T.);
#807=EDGE_CURVE('',#669,#670,#434,.T.);
#808=EDGE_CURVE('',#667,#670,#410,.T.);
#809=EDGE_CURVE('',#668,#671,#77,.T.);
#810=EDGE_CURVE('',#671,#672,#411,.T.);
#811=EDGE_CURVE('',#672,#669,#78,.T.);
#812=EDGE_CURVE('',#673,#674,#79,.T.);
#813=EDGE_CURVE('',#674,#675,#412,.T.);
#814=EDGE_CURVE('',#675,#676,#80,.T.);
#815=EDGE_CURVE('',#676,#673,#413,.T.);
#816=EDGE_CURVE('',#671,#675,#435,.T.);
#817=EDGE_CURVE('',#674,#672,#436,.T.);
#818=EDGE_CURVE('',#677,#673,#437,.T.);
#819=EDGE_CURVE('',#676,#678,#438,.T.);
#820=EDGE_CURVE('',#678,#677,#414,.T.);
#821=EDGE_CURVE('',#679,#677,#81,.T.);
#822=EDGE_CURVE('',#678,#680,#82,.T.);
#823=EDGE_CURVE('',#680,#679,#415,.T.);
#824=EDGE_CURVE('',#681,#679,#439,.T.);
#825=EDGE_CURVE('',#680,#682,#440,.T.);
#826=EDGE_CURVE('',#682,#681,#416,.T.);
#827=EDGE_CURVE('',#670,#681,#83,.T.);
#828=EDGE_CURVE('',#682,#667,#84,.T.);
#829=EDGE_CURVE('',#680,#683,#441,.T.);
#830=EDGE_CURVE('',#684,#683,#442,.T.);
#831=EDGE_CURVE('',#682,#684,#443,.T.);
#832=EDGE_CURVE('',#678,#685,#444,.T.);
#833=EDGE_CURVE('',#683,#685,#85,.T.);
#834=EDGE_CURVE('',#676,#686,#445,.T.);
#835=EDGE_CURVE('',#685,#686,#446,.T.);
#836=EDGE_CURVE('',#675,#687,#447,.T.);
#837=EDGE_CURVE('',#686,#687,#86,.T.);
#838=EDGE_CURVE('',#688,#689,#87,.T.);
#839=EDGE_CURVE('',#690,#688,#448,.T.);
#840=EDGE_CURVE('',#691,#690,#88,.T.);
#841=EDGE_CURVE('',#692,#691,#449,.T.);
#842=EDGE_CURVE('',#693,#692,#89,.T.);
#843=EDGE_CURVE('',#694,#693,#450,.T.);
#844=EDGE_CURVE('',#695,#694,#90,.T.);
#845=EDGE_CURVE('',#689,#695,#451,.T.);
#846=EDGE_CURVE('',#696,#697,#417,.T.);
#847=EDGE_CURVE('',#697,#698,#452,.T.);
#848=EDGE_CURVE('',#698,#699,#418,.T.);
#849=EDGE_CURVE('',#699,#700,#27,.T.);
#850=EDGE_CURVE('',#700,#701,#453,.T.);
#851=EDGE_CURVE('',#701,#696,#28,.T.);
#852=EDGE_CURVE('',#698,#702,#91,.T.);
#853=EDGE_CURVE('',#703,#702,#419,.T.);
#854=EDGE_CURVE('',#704,#703,#92,.T.);
#855=EDGE_CURVE('',#704,#705,#93,.T.);
#856=EDGE_CURVE('',#705,#699,#94,.T.);
#857=EDGE_CURVE('',#706,#697,#95,.T.);
#858=EDGE_CURVE('',#707,#706,#454,.T.);
#859=EDGE_CURVE('',#708,#707,#96,.T.);
#860=EDGE_CURVE('',#709,#708,#455,.T.);
#861=EDGE_CURVE('',#710,#709,#97,.T.);
#862=EDGE_CURVE('',#702,#710,#456,.T.);
#863=EDGE_CURVE('',#711,#712,#457,.T.);
#864=EDGE_CURVE('',#713,#711,#98,.T.);
#865=EDGE_CURVE('',#714,#713,#458,.T.);
#866=EDGE_CURVE('',#715,#714,#99,.T.);
#867=EDGE_CURVE('',#716,#715,#459,.T.);
#868=EDGE_CURVE('',#717,#716,#100,.T.);
#869=EDGE_CURVE('',#718,#717,#460,.T.);
#870=EDGE_CURVE('',#712,#718,#101,.T.);
#871=EDGE_CURVE('',#719,#696,#102,.T.);
#872=EDGE_CURVE('',#719,#720,#103,.T.);
#873=EDGE_CURVE('',#720,#721,#104,.T.);
#874=EDGE_CURVE('',#706,#721,#420,.T.);
#875=EDGE_CURVE('',#710,#722,#421,.T.);
#876=EDGE_CURVE('',#722,#723,#29,.T.);
#877=EDGE_CURVE('',#723,#724,#461,.T.);
#878=EDGE_CURVE('',#724,#703,#30,.T.);
#879=EDGE_CURVE('',#725,#723,#462,.T.);
#880=EDGE_CURVE('',#726,#725,#463,.T.);
#881=EDGE_CURVE('',#726,#724,#464,.T.);
#882=EDGE_CURVE('',#727,#722,#105,.T.);
#883=EDGE_CURVE('',#727,#723,#465,.T.);
#884=EDGE_CURVE('',#728,#709,#422,.T.);
#885=EDGE_CURVE('',#729,#728,#106,.T.);
#886=EDGE_CURVE('',#729,#727,#107,.T.);
#887=EDGE_CURVE('',#724,#704,#466,.T.);
#888=EDGE_CURVE('',#705,#700,#467,.T.);
#889=EDGE_CURVE('',#730,#705,#468,.T.);
#890=EDGE_CURVE('',#731,#730,#469,.T.);
#891=EDGE_CURVE('',#731,#700,#470,.T.);
#892=EDGE_CURVE('',#732,#704,#471,.T.);
#893=EDGE_CURVE('',#730,#732,#108,.T.);
#894=EDGE_CURVE('',#732,#726,#472,.T.);
#895=EDGE_CURVE('',#708,#733,#423,.T.);
#896=EDGE_CURVE('',#733,#734,#31,.T.);
#897=EDGE_CURVE('',#734,#735,#473,.T.);
#898=EDGE_CURVE('',#735,#728,#32,.T.);
#899=EDGE_CURVE('',#736,#734,#474,.T.);
#900=EDGE_CURVE('',#737,#736,#475,.T.);
#901=EDGE_CURVE('',#737,#735,#476,.T.);
#902=EDGE_CURVE('',#738,#733,#109,.T.);
#903=EDGE_CURVE('',#738,#734,#477,.T.);
#904=EDGE_CURVE('',#739,#707,#424,.T.);
#905=EDGE_CURVE('',#740,#739,#110,.T.);
#906=EDGE_CURVE('',#740,#738,#111,.T.);
#907=EDGE_CURVE('',#735,#729,#478,.T.);
#908=EDGE_CURVE('',#741,#727,#479,.T.);
#909=EDGE_CURVE('',#725,#741,#480,.T.);
#910=EDGE_CURVE('',#742,#729,#481,.T.);
#911=EDGE_CURVE('',#741,#742,#112,.T.);
#912=EDGE_CURVE('',#742,#737,#482,.T.);
#913=EDGE_CURVE('',#721,#743,#33,.T.);
#914=EDGE_CURVE('',#743,#744,#483,.T.);
#915=EDGE_CURVE('',#744,#739,#34,.T.);
#916=EDGE_CURVE('',#745,#743,#484,.T.);
#917=EDGE_CURVE('',#746,#745,#485,.T.);
#918=EDGE_CURVE('',#746,#744,#486,.T.);
#919=EDGE_CURVE('',#720,#743,#487,.T.);
#920=EDGE_CURVE('',#744,#740,#488,.T.);
#921=EDGE_CURVE('',#747,#738,#489,.T.);
#922=EDGE_CURVE('',#736,#747,#490,.T.);
#923=EDGE_CURVE('',#748,#740,#491,.T.);
#924=EDGE_CURVE('',#747,#748,#113,.T.);
#925=EDGE_CURVE('',#748,#746,#492,.T.);
#926=EDGE_CURVE('',#701,#719,#493,.T.);
#927=EDGE_CURVE('',#749,#720,#494,.T.);
#928=EDGE_CURVE('',#745,#749,#495,.T.);
#929=EDGE_CURVE('',#750,#719,#496,.T.);
#930=EDGE_CURVE('',#749,#750,#114,.T.);
#931=EDGE_CURVE('',#751,#701,#497,.T.);
#932=EDGE_CURVE('',#750,#751,#498,.T.);
#933=EDGE_CURVE('',#712,#684,#425,.T.);
#934=EDGE_CURVE('',#711,#683,#426,.T.);
#935=EDGE_CURVE('',#718,#752,#427,.T.);
#936=EDGE_CURVE('',#752,#684,#115,.T.);
#937=EDGE_CURVE('',#717,#753,#428,.T.);
#938=EDGE_CURVE('',#753,#752,#499,.T.);
#939=EDGE_CURVE('',#716,#754,#429,.T.);
#940=EDGE_CURVE('',#754,#753,#116,.T.);
#941=EDGE_CURVE('',#715,#687,#430,.T.);
#942=EDGE_CURVE('',#687,#754,#500,.T.);
#943=EDGE_CURVE('',#714,#686,#431,.T.);
#944=EDGE_CURVE('',#713,#685,#432,.T.);
#945=EDGE_CURVE('',#667,#752,#501,.T.);
#946=EDGE_CURVE('',#668,#753,#502,.T.);
#947=EDGE_CURVE('',#671,#754,#503,.T.);
#948=EDGE_CURVE('',#751,#731,#504,.T.);
#949=EDGE_CURVE('',#755,#756,#117,.T.);
#950=EDGE_CURVE('',#755,#757,#505,.T.);
#951=EDGE_CURVE('',#758,#757,#118,.T.);
#952=EDGE_CURVE('',#758,#759,#506,.T.);
#953=EDGE_CURVE('',#760,#759,#119,.T.);
#954=EDGE_CURVE('',#760,#761,#507,.T.);
#955=EDGE_CURVE('',#762,#761,#120,.T.);
#956=EDGE_CURVE('',#762,#756,#508,.T.);
#957=EDGE_CURVE('',#763,#763,#121,.T.);
#958=EDGE_CURVE('',#764,#764,#122,.T.);
#959=EDGE_CURVE('',#765,#765,#123,.T.);
#960=EDGE_CURVE('',#766,#766,#124,.T.);
#961=EDGE_CURVE('',#767,#767,#125,.T.);
#962=EDGE_CURVE('',#767,#768,#509,.T.);
#963=EDGE_CURVE('',#768,#768,#126,.T.);
#964=EDGE_CURVE('',#769,#692,#127,.T.);
#965=EDGE_CURVE('',#770,#769,#128,.F.);
#966=EDGE_CURVE('',#693,#770,#129,.T.);
#967=EDGE_CURVE('',#771,#690,#130,.T.);
#968=EDGE_CURVE('',#772,#771,#131,.F.);
#969=EDGE_CURVE('',#691,#772,#132,.T.);
#970=EDGE_CURVE('',#773,#694,#133,.T.);
#971=EDGE_CURVE('',#774,#773,#134,.F.);
#972=EDGE_CURVE('',#695,#774,#135,.T.);
#973=EDGE_CURVE('',#770,#773,#510,.T.);
#974=EDGE_CURVE('',#775,#776,#136,.F.);
#975=EDGE_CURVE('',#777,#775,#137,.F.);
#976=EDGE_CURVE('',#776,#777,#138,.F.);
#977=EDGE_CURVE('',#775,#770,#511,.T.);
#978=EDGE_CURVE('',#769,#777,#512,.T.);
#979=EDGE_CURVE('',#778,#779,#139,.F.);
#980=EDGE_CURVE('',#688,#778,#140,.T.);
#981=EDGE_CURVE('',#779,#689,#141,.T.);
#982=EDGE_CURVE('',#778,#771,#513,.T.);
#983=EDGE_CURVE('',#774,#779,#514,.T.);
#984=EDGE_CURVE('',#780,#781,#142,.F.);
#985=EDGE_CURVE('',#782,#780,#143,.F.);
#986=EDGE_CURVE('',#781,#782,#144,.F.);
#987=EDGE_CURVE('',#780,#772,#515,.T.);
#988=EDGE_CURVE('',#771,#782,#516,.T.);
#989=EDGE_CURVE('',#783,#784,#145,.F.);
#990=EDGE_CURVE('',#785,#783,#146,.F.);
#991=EDGE_CURVE('',#784,#785,#147,.F.);
#992=EDGE_CURVE('',#783,#774,#517,.T.);
#993=EDGE_CURVE('',#773,#785,#518,.T.);
#994=EDGE_CURVE('',#776,#784,#519,.T.);
#995=EDGE_CURVE('',#785,#775,#520,.T.);
#996=EDGE_CURVE('',#786,#787,#148,.F.);
#997=EDGE_CURVE('',#788,#786,#149,.F.);
#998=EDGE_CURVE('',#787,#788,#150,.F.);
#999=EDGE_CURVE('',#786,#778,#521,.T.);
#1000=EDGE_CURVE('',#779,#788,#522,.T.);
#1001=EDGE_CURVE('',#784,#787,#523,.T.);
#1002=EDGE_CURVE('',#788,#783,#524,.T.);
#1003=EDGE_CURVE('',#787,#781,#525,.T.);
#1004=EDGE_CURVE('',#782,#786,#526,.T.);
#1005=EDGE_CURVE('',#781,#776,#527,.T.);
#1006=EDGE_CURVE('',#777,#780,#528,.T.);
#1007=EDGE_CURVE('',#772,#769,#529,.T.);
#1008=EDGE_CURVE('',#789,#789,#151,.T.);
#1009=EDGE_CURVE('',#789,#763,#530,.T.);
#1010=EDGE_CURVE('',#790,#790,#152,.T.);
#1011=EDGE_CURVE('',#790,#764,#531,.T.);
#1012=EDGE_CURVE('',#791,#791,#153,.T.);
#1013=EDGE_CURVE('',#791,#765,#532,.T.);
#1014=EDGE_CURVE('',#792,#792,#154,.T.);
#1015=EDGE_CURVE('',#792,#766,#533,.T.);
#1016=EDGE_CURVE('',#793,#794,#155,.T.);
#1017=EDGE_CURVE('',#794,#795,#534,.T.);
#1018=EDGE_CURVE('',#795,#796,#156,.T.);
#1019=EDGE_CURVE('',#796,#793,#535,.T.);
#1020=EDGE_CURVE('',#797,#798,#157,.T.);
#1021=EDGE_CURVE('',#798,#799,#536,.T.);
#1022=EDGE_CURVE('',#799,#793,#158,.T.);
#1023=EDGE_CURVE('',#793,#797,#537,.T.);
#1024=EDGE_CURVE('',#799,#794,#159,.T.);
#1025=EDGE_CURVE('',#800,#801,#160,.T.);
#1026=EDGE_CURVE('',#801,#802,#538,.T.);
#1027=EDGE_CURVE('',#802,#797,#161,.T.);
#1028=EDGE_CURVE('',#797,#800,#539,.T.);
#1029=EDGE_CURVE('',#802,#798,#162,.T.);
#1030=EDGE_CURVE('',#796,#803,#163,.T.);
#1031=EDGE_CURVE('',#803,#804,#540,.T.);
#1032=EDGE_CURVE('',#804,#800,#164,.T.);
#1033=EDGE_CURVE('',#800,#796,#541,.T.);
#1034=EDGE_CURVE('',#804,#801,#165,.T.);
#1035=EDGE_CURVE('',#795,#803,#166,.T.);
#1036=EDGE_CURVE('',#802,#758,#542,.T.);
#1037=EDGE_CURVE('',#757,#798,#543,.T.);
#1038=EDGE_CURVE('',#759,#801,#544,.T.);
#1039=EDGE_CURVE('',#804,#760,#545,.T.);
#1040=EDGE_CURVE('',#761,#803,#546,.T.);
#1041=EDGE_CURVE('',#799,#755,#547,.T.);
#1042=EDGE_CURVE('',#756,#794,#548,.T.);
#1043=EDGE_CURVE('',#795,#762,#549,.T.);
#1044=ORIENTED_EDGE('',*,*,#805,.T.);
#1045=ORIENTED_EDGE('',*,*,#806,.T.);
#1046=ORIENTED_EDGE('',*,*,#807,.T.);
#1047=ORIENTED_EDGE('',*,*,#808,.F.);
#1048=ORIENTED_EDGE('',*,*,#809,.T.);
#1049=ORIENTED_EDGE('',*,*,#810,.T.);
#1050=ORIENTED_EDGE('',*,*,#811,.T.);
#1051=ORIENTED_EDGE('',*,*,#806,.F.);
#1052=ORIENTED_EDGE('',*,*,#812,.T.);
#1053=ORIENTED_EDGE('',*,*,#813,.T.);
#1054=ORIENTED_EDGE('',*,*,#814,.T.);
#1055=ORIENTED_EDGE('',*,*,#815,.T.);
#1056=ORIENTED_EDGE('',*,*,#816,.T.);
#1057=ORIENTED_EDGE('',*,*,#813,.F.);
#1058=ORIENTED_EDGE('',*,*,#817,.T.);
#1059=ORIENTED_EDGE('',*,*,#810,.F.);
#1060=ORIENTED_EDGE('',*,*,#818,.T.);
#1061=ORIENTED_EDGE('',*,*,#815,.F.);
#1062=ORIENTED_EDGE('',*,*,#819,.T.);
#1063=ORIENTED_EDGE('',*,*,#820,.T.);
#1064=ORIENTED_EDGE('',*,*,#821,.T.);
#1065=ORIENTED_EDGE('',*,*,#820,.F.);
#1066=ORIENTED_EDGE('',*,*,#822,.T.);
#1067=ORIENTED_EDGE('',*,*,#823,.T.);
#1068=ORIENTED_EDGE('',*,*,#824,.T.);
#1069=ORIENTED_EDGE('',*,*,#823,.F.);
#1070=ORIENTED_EDGE('',*,*,#825,.T.);
#1071=ORIENTED_EDGE('',*,*,#826,.T.);
#1072=ORIENTED_EDGE('',*,*,#827,.T.);
#1073=ORIENTED_EDGE('',*,*,#826,.F.);
#1074=ORIENTED_EDGE('',*,*,#828,.T.);
#1075=ORIENTED_EDGE('',*,*,#808,.T.);
#1076=ORIENTED_EDGE('',*,*,#825,.F.);
#1077=ORIENTED_EDGE('',*,*,#829,.T.);
#1078=ORIENTED_EDGE('',*,*,#830,.F.);
#1079=ORIENTED_EDGE('',*,*,#831,.F.);
#1080=ORIENTED_EDGE('',*,*,#822,.F.);
#1081=ORIENTED_EDGE('',*,*,#832,.T.);
#1082=ORIENTED_EDGE('',*,*,#833,.F.);
#1083=ORIENTED_EDGE('',*,*,#829,.F.);
#1084=ORIENTED_EDGE('',*,*,#819,.F.);
#1085=ORIENTED_EDGE('',*,*,#834,.T.);
#1086=ORIENTED_EDGE('',*,*,#835,.F.);
#1087=ORIENTED_EDGE('',*,*,#832,.F.);
#1088=ORIENTED_EDGE('',*,*,#814,.F.);
#1089=ORIENTED_EDGE('',*,*,#836,.T.);
#1090=ORIENTED_EDGE('',*,*,#837,.F.);
#1091=ORIENTED_EDGE('',*,*,#834,.F.);
#1092=ORIENTED_EDGE('',*,*,#812,.F.);
#1093=ORIENTED_EDGE('',*,*,#818,.F.);
#1094=ORIENTED_EDGE('',*,*,#821,.F.);
#1095=ORIENTED_EDGE('',*,*,#824,.F.);
#1096=ORIENTED_EDGE('',*,*,#827,.F.);
#1097=ORIENTED_EDGE('',*,*,#807,.F.);
#1098=ORIENTED_EDGE('',*,*,#811,.F.);
#1099=ORIENTED_EDGE('',*,*,#817,.F.);
#1100=ORIENTED_EDGE('',*,*,#838,.F.);
#1101=ORIENTED_EDGE('',*,*,#839,.F.);
#1102=ORIENTED_EDGE('',*,*,#840,.F.);
#1103=ORIENTED_EDGE('',*,*,#841,.F.);
#1104=ORIENTED_EDGE('',*,*,#842,.F.);
#1105=ORIENTED_EDGE('',*,*,#843,.F.);
#1106=ORIENTED_EDGE('',*,*,#844,.F.);
#1107=ORIENTED_EDGE('',*,*,#845,.F.);
#1108=ORIENTED_EDGE('',*,*,#846,.T.);
#1109=ORIENTED_EDGE('',*,*,#847,.T.);
#1110=ORIENTED_EDGE('',*,*,#848,.T.);
#1111=ORIENTED_EDGE('',*,*,#849,.T.);
#1112=ORIENTED_EDGE('',*,*,#850,.T.);
#1113=ORIENTED_EDGE('',*,*,#851,.T.);
#1114=ORIENTED_EDGE('',*,*,#848,.F.);
#1115=ORIENTED_EDGE('',*,*,#852,.T.);
#1116=ORIENTED_EDGE('',*,*,#853,.F.);
#1117=ORIENTED_EDGE('',*,*,#854,.F.);
#1118=ORIENTED_EDGE('',*,*,#855,.T.);
#1119=ORIENTED_EDGE('',*,*,#856,.T.);
#1120=ORIENTED_EDGE('',*,*,#847,.F.);
#1121=ORIENTED_EDGE('',*,*,#857,.F.);
#1122=ORIENTED_EDGE('',*,*,#858,.F.);
#1123=ORIENTED_EDGE('',*,*,#859,.F.);
#1124=ORIENTED_EDGE('',*,*,#860,.F.);
#1125=ORIENTED_EDGE('',*,*,#861,.F.);
#1126=ORIENTED_EDGE('',*,*,#862,.F.);
#1127=ORIENTED_EDGE('',*,*,#852,.F.);
#1128=ORIENTED_EDGE('',*,*,#863,.F.);
#1129=ORIENTED_EDGE('',*,*,#864,.F.);
#1130=ORIENTED_EDGE('',*,*,#865,.F.);
#1131=ORIENTED_EDGE('',*,*,#866,.F.);
#1132=ORIENTED_EDGE('',*,*,#867,.F.);
#1133=ORIENTED_EDGE('',*,*,#868,.F.);
#1134=ORIENTED_EDGE('',*,*,#869,.F.);
#1135=ORIENTED_EDGE('',*,*,#870,.F.);
#1136=ORIENTED_EDGE('',*,*,#846,.F.);
#1137=ORIENTED_EDGE('',*,*,#871,.F.);
#1138=ORIENTED_EDGE('',*,*,#872,.T.);
#1139=ORIENTED_EDGE('',*,*,#873,.T.);
#1140=ORIENTED_EDGE('',*,*,#874,.F.);
#1141=ORIENTED_EDGE('',*,*,#857,.T.);
#1142=ORIENTED_EDGE('',*,*,#853,.T.);
#1143=ORIENTED_EDGE('',*,*,#862,.T.);
#1144=ORIENTED_EDGE('',*,*,#875,.T.);
#1145=ORIENTED_EDGE('',*,*,#876,.T.);
#1146=ORIENTED_EDGE('',*,*,#877,.T.);
#1147=ORIENTED_EDGE('',*,*,#878,.T.);
#1148=ORIENTED_EDGE('',*,*,#877,.F.);
#1149=ORIENTED_EDGE('',*,*,#879,.F.);
#1150=ORIENTED_EDGE('',*,*,#880,.F.);
#1151=ORIENTED_EDGE('',*,*,#881,.T.);
#1152=ORIENTED_EDGE('',*,*,#876,.F.);
#1153=ORIENTED_EDGE('',*,*,#882,.F.);
#1154=ORIENTED_EDGE('',*,*,#883,.T.);
#1155=ORIENTED_EDGE('',*,*,#875,.F.);
#1156=ORIENTED_EDGE('',*,*,#861,.T.);
#1157=ORIENTED_EDGE('',*,*,#884,.F.);
#1158=ORIENTED_EDGE('',*,*,#885,.F.);
#1159=ORIENTED_EDGE('',*,*,#886,.T.);
#1160=ORIENTED_EDGE('',*,*,#882,.T.);
#1161=ORIENTED_EDGE('',*,*,#878,.F.);
#1162=ORIENTED_EDGE('',*,*,#887,.T.);
#1163=ORIENTED_EDGE('',*,*,#854,.T.);
#1164=ORIENTED_EDGE('',*,*,#849,.F.);
#1165=ORIENTED_EDGE('',*,*,#856,.F.);
#1166=ORIENTED_EDGE('',*,*,#888,.T.);
#1167=ORIENTED_EDGE('',*,*,#888,.F.);
#1168=ORIENTED_EDGE('',*,*,#889,.F.);
#1169=ORIENTED_EDGE('',*,*,#890,.F.);
#1170=ORIENTED_EDGE('',*,*,#891,.T.);
#1171=ORIENTED_EDGE('',*,*,#855,.F.);
#1172=ORIENTED_EDGE('',*,*,#892,.F.);
#1173=ORIENTED_EDGE('',*,*,#893,.F.);
#1174=ORIENTED_EDGE('',*,*,#889,.T.);
#1175=ORIENTED_EDGE('',*,*,#887,.F.);
#1176=ORIENTED_EDGE('',*,*,#881,.F.);
#1177=ORIENTED_EDGE('',*,*,#894,.F.);
#1178=ORIENTED_EDGE('',*,*,#892,.T.);
#1179=ORIENTED_EDGE('',*,*,#884,.T.);
#1180=ORIENTED_EDGE('',*,*,#860,.T.);
#1181=ORIENTED_EDGE('',*,*,#895,.T.);
#1182=ORIENTED_EDGE('',*,*,#896,.T.);
#1183=ORIENTED_EDGE('',*,*,#897,.T.);
#1184=ORIENTED_EDGE('',*,*,#898,.T.);
#1185=ORIENTED_EDGE('',*,*,#897,.F.);
#1186=ORIENTED_EDGE('',*,*,#899,.F.);
#1187=ORIENTED_EDGE('',*,*,#900,.F.);
#1188=ORIENTED_EDGE('',*,*,#901,.T.);
#1189=ORIENTED_EDGE('',*,*,#896,.F.);
#1190=ORIENTED_EDGE('',*,*,#902,.F.);
#1191=ORIENTED_EDGE('',*,*,#903,.T.);
#1192=ORIENTED_EDGE('',*,*,#895,.F.);
#1193=ORIENTED_EDGE('',*,*,#859,.T.);
#1194=ORIENTED_EDGE('',*,*,#904,.F.);
#1195=ORIENTED_EDGE('',*,*,#905,.F.);
#1196=ORIENTED_EDGE('',*,*,#906,.T.);
#1197=ORIENTED_EDGE('',*,*,#902,.T.);
#1198=ORIENTED_EDGE('',*,*,#898,.F.);
#1199=ORIENTED_EDGE('',*,*,#907,.T.);
#1200=ORIENTED_EDGE('',*,*,#885,.T.);
#1201=ORIENTED_EDGE('',*,*,#883,.F.);
#1202=ORIENTED_EDGE('',*,*,#908,.F.);
#1203=ORIENTED_EDGE('',*,*,#909,.F.);
#1204=ORIENTED_EDGE('',*,*,#879,.T.);
#1205=ORIENTED_EDGE('',*,*,#886,.F.);
#1206=ORIENTED_EDGE('',*,*,#910,.F.);
#1207=ORIENTED_EDGE('',*,*,#911,.F.);
#1208=ORIENTED_EDGE('',*,*,#908,.T.);
#1209=ORIENTED_EDGE('',*,*,#907,.F.);
#1210=ORIENTED_EDGE('',*,*,#901,.F.);
#1211=ORIENTED_EDGE('',*,*,#912,.F.);
#1212=ORIENTED_EDGE('',*,*,#910,.T.);
#1213=ORIENTED_EDGE('',*,*,#904,.T.);
#1214=ORIENTED_EDGE('',*,*,#858,.T.);
#1215=ORIENTED_EDGE('',*,*,#874,.T.);
#1216=ORIENTED_EDGE('',*,*,#913,.T.);
#1217=ORIENTED_EDGE('',*,*,#914,.T.);
#1218=ORIENTED_EDGE('',*,*,#915,.T.);
#1219=ORIENTED_EDGE('',*,*,#914,.F.);
#1220=ORIENTED_EDGE('',*,*,#916,.F.);
#1221=ORIENTED_EDGE('',*,*,#917,.F.);
#1222=ORIENTED_EDGE('',*,*,#918,.T.);
#1223=ORIENTED_EDGE('',*,*,#913,.F.);
#1224=ORIENTED_EDGE('',*,*,#873,.F.);
#1225=ORIENTED_EDGE('',*,*,#919,.T.);
#1226=ORIENTED_EDGE('',*,*,#915,.F.);
#1227=ORIENTED_EDGE('',*,*,#920,.T.);
#1228=ORIENTED_EDGE('',*,*,#905,.T.);
#1229=ORIENTED_EDGE('',*,*,#903,.F.);
#1230=ORIENTED_EDGE('',*,*,#921,.F.);
#1231=ORIENTED_EDGE('',*,*,#922,.F.);
#1232=ORIENTED_EDGE('',*,*,#899,.T.);
#1233=ORIENTED_EDGE('',*,*,#906,.F.);
#1234=ORIENTED_EDGE('',*,*,#923,.F.);
#1235=ORIENTED_EDGE('',*,*,#924,.F.);
#1236=ORIENTED_EDGE('',*,*,#921,.T.);
#1237=ORIENTED_EDGE('',*,*,#920,.F.);
#1238=ORIENTED_EDGE('',*,*,#918,.F.);
#1239=ORIENTED_EDGE('',*,*,#925,.F.);
#1240=ORIENTED_EDGE('',*,*,#923,.T.);
#1241=ORIENTED_EDGE('',*,*,#851,.F.);
#1242=ORIENTED_EDGE('',*,*,#926,.T.);
#1243=ORIENTED_EDGE('',*,*,#871,.T.);
#1244=ORIENTED_EDGE('',*,*,#919,.F.);
#1245=ORIENTED_EDGE('',*,*,#927,.F.);
#1246=ORIENTED_EDGE('',*,*,#928,.F.);
#1247=ORIENTED_EDGE('',*,*,#916,.T.);
#1248=ORIENTED_EDGE('',*,*,#872,.F.);
#1249=ORIENTED_EDGE('',*,*,#929,.F.);
#1250=ORIENTED_EDGE('',*,*,#930,.F.);
#1251=ORIENTED_EDGE('',*,*,#927,.T.);
#1252=ORIENTED_EDGE('',*,*,#926,.F.);
#1253=ORIENTED_EDGE('',*,*,#931,.F.);
#1254=ORIENTED_EDGE('',*,*,#932,.F.);
#1255=ORIENTED_EDGE('',*,*,#929,.T.);
#1256=ORIENTED_EDGE('',*,*,#863,.T.);
#1257=ORIENTED_EDGE('',*,*,#933,.T.);
#1258=ORIENTED_EDGE('',*,*,#830,.T.);
#1259=ORIENTED_EDGE('',*,*,#934,.F.);
#1260=ORIENTED_EDGE('',*,*,#870,.T.);
#1261=ORIENTED_EDGE('',*,*,#935,.T.);
#1262=ORIENTED_EDGE('',*,*,#936,.T.);
#1263=ORIENTED_EDGE('',*,*,#933,.F.);
#1264=ORIENTED_EDGE('',*,*,#869,.T.);
#1265=ORIENTED_EDGE('',*,*,#937,.T.);
#1266=ORIENTED_EDGE('',*,*,#938,.T.);
#1267=ORIENTED_EDGE('',*,*,#935,.F.);
#1268=ORIENTED_EDGE('',*,*,#868,.T.);
#1269=ORIENTED_EDGE('',*,*,#939,.T.);
#1270=ORIENTED_EDGE('',*,*,#940,.T.);
#1271=ORIENTED_EDGE('',*,*,#937,.F.);
#1272=ORIENTED_EDGE('',*,*,#867,.T.);
#1273=ORIENTED_EDGE('',*,*,#941,.T.);
#1274=ORIENTED_EDGE('',*,*,#942,.T.);
#1275=ORIENTED_EDGE('',*,*,#939,.F.);
#1276=ORIENTED_EDGE('',*,*,#837,.T.);
#1277=ORIENTED_EDGE('',*,*,#941,.F.);
#1278=ORIENTED_EDGE('',*,*,#866,.T.);
#1279=ORIENTED_EDGE('',*,*,#943,.T.);
#1280=ORIENTED_EDGE('',*,*,#835,.T.);
#1281=ORIENTED_EDGE('',*,*,#943,.F.);
#1282=ORIENTED_EDGE('',*,*,#865,.T.);
#1283=ORIENTED_EDGE('',*,*,#944,.T.);
#1284=ORIENTED_EDGE('',*,*,#833,.T.);
#1285=ORIENTED_EDGE('',*,*,#944,.F.);
#1286=ORIENTED_EDGE('',*,*,#864,.T.);
#1287=ORIENTED_EDGE('',*,*,#934,.T.);
#1288=ORIENTED_EDGE('',*,*,#828,.F.);
#1289=ORIENTED_EDGE('',*,*,#831,.T.);
#1290=ORIENTED_EDGE('',*,*,#936,.F.);
#1291=ORIENTED_EDGE('',*,*,#945,.F.);
#1292=ORIENTED_EDGE('',*,*,#805,.F.);
#1293=ORIENTED_EDGE('',*,*,#945,.T.);
#1294=ORIENTED_EDGE('',*,*,#938,.F.);
#1295=ORIENTED_EDGE('',*,*,#946,.F.);
#1296=ORIENTED_EDGE('',*,*,#809,.F.);
#1297=ORIENTED_EDGE('',*,*,#946,.T.);
#1298=ORIENTED_EDGE('',*,*,#940,.F.);
#1299=ORIENTED_EDGE('',*,*,#947,.F.);
#1300=ORIENTED_EDGE('',*,*,#816,.F.);
#1301=ORIENTED_EDGE('',*,*,#947,.T.);
#1302=ORIENTED_EDGE('',*,*,#942,.F.);
#1303=ORIENTED_EDGE('',*,*,#836,.F.);
#1304=ORIENTED_EDGE('',*,*,#850,.F.);
#1305=ORIENTED_EDGE('',*,*,#891,.F.);
#1306=ORIENTED_EDGE('',*,*,#948,.F.);
#1307=ORIENTED_EDGE('',*,*,#931,.T.);
#1308=ORIENTED_EDGE('',*,*,#949,.F.);
#1309=ORIENTED_EDGE('',*,*,#950,.T.);
#1310=ORIENTED_EDGE('',*,*,#951,.F.);
#1311=ORIENTED_EDGE('',*,*,#952,.T.);
#1312=ORIENTED_EDGE('',*,*,#953,.F.);
#1313=ORIENTED_EDGE('',*,*,#954,.T.);
#1314=ORIENTED_EDGE('',*,*,#955,.F.);
#1315=ORIENTED_EDGE('',*,*,#956,.T.);
#1316=ORIENTED_EDGE('',*,*,#957,.T.);
#1317=ORIENTED_EDGE('',*,*,#958,.T.);
#1318=ORIENTED_EDGE('',*,*,#959,.T.);
#1319=ORIENTED_EDGE('',*,*,#960,.T.);
#1320=ORIENTED_EDGE('',*,*,#930,.T.);
#1321=ORIENTED_EDGE('',*,*,#932,.T.);
#1322=ORIENTED_EDGE('',*,*,#948,.T.);
#1323=ORIENTED_EDGE('',*,*,#890,.T.);
#1324=ORIENTED_EDGE('',*,*,#893,.T.);
#1325=ORIENTED_EDGE('',*,*,#894,.T.);
#1326=ORIENTED_EDGE('',*,*,#880,.T.);
#1327=ORIENTED_EDGE('',*,*,#909,.T.);
#1328=ORIENTED_EDGE('',*,*,#911,.T.);
#1329=ORIENTED_EDGE('',*,*,#912,.T.);
#1330=ORIENTED_EDGE('',*,*,#900,.T.);
#1331=ORIENTED_EDGE('',*,*,#922,.T.);
#1332=ORIENTED_EDGE('',*,*,#924,.T.);
#1333=ORIENTED_EDGE('',*,*,#925,.T.);
#1334=ORIENTED_EDGE('',*,*,#917,.T.);
#1335=ORIENTED_EDGE('',*,*,#928,.T.);
#1336=ORIENTED_EDGE('',*,*,#961,.F.);
#1337=ORIENTED_EDGE('',*,*,#962,.T.);
#1338=ORIENTED_EDGE('',*,*,#963,.T.);
#1339=ORIENTED_EDGE('',*,*,#962,.F.);
#1340=ORIENTED_EDGE('',*,*,#963,.F.);
#1341=ORIENTED_EDGE('',*,*,#842,.T.);
#1342=ORIENTED_EDGE('',*,*,#964,.F.);
#1343=ORIENTED_EDGE('',*,*,#965,.F.);
#1344=ORIENTED_EDGE('',*,*,#966,.F.);
#1345=ORIENTED_EDGE('',*,*,#840,.T.);
#1346=ORIENTED_EDGE('',*,*,#967,.F.);
#1347=ORIENTED_EDGE('',*,*,#968,.F.);
#1348=ORIENTED_EDGE('',*,*,#969,.F.);
#1349=ORIENTED_EDGE('',*,*,#844,.T.);
#1350=ORIENTED_EDGE('',*,*,#970,.F.);
#1351=ORIENTED_EDGE('',*,*,#971,.F.);
#1352=ORIENTED_EDGE('',*,*,#972,.F.);
#1353=ORIENTED_EDGE('',*,*,#970,.T.);
#1354=ORIENTED_EDGE('',*,*,#843,.T.);
#1355=ORIENTED_EDGE('',*,*,#966,.T.);
#1356=ORIENTED_EDGE('',*,*,#973,.T.);
#1357=ORIENTED_EDGE('',*,*,#974,.F.);
#1358=ORIENTED_EDGE('',*,*,#975,.F.);
#1359=ORIENTED_EDGE('',*,*,#976,.F.);
#1360=ORIENTED_EDGE('',*,*,#975,.T.);
#1361=ORIENTED_EDGE('',*,*,#977,.T.);
#1362=ORIENTED_EDGE('',*,*,#965,.T.);
#1363=ORIENTED_EDGE('',*,*,#978,.T.);
#1364=ORIENTED_EDGE('',*,*,#979,.F.);
#1365=ORIENTED_EDGE('',*,*,#980,.F.);
#1366=ORIENTED_EDGE('',*,*,#838,.T.);
#1367=ORIENTED_EDGE('',*,*,#981,.F.);
#1368=ORIENTED_EDGE('',*,*,#967,.T.);
#1369=ORIENTED_EDGE('',*,*,#839,.T.);
#1370=ORIENTED_EDGE('',*,*,#980,.T.);
#1371=ORIENTED_EDGE('',*,*,#982,.T.);
#1372=ORIENTED_EDGE('',*,*,#981,.T.);
#1373=ORIENTED_EDGE('',*,*,#845,.T.);
#1374=ORIENTED_EDGE('',*,*,#972,.T.);
#1375=ORIENTED_EDGE('',*,*,#983,.T.);
#1376=ORIENTED_EDGE('',*,*,#984,.F.);
#1377=ORIENTED_EDGE('',*,*,#985,.F.);
#1378=ORIENTED_EDGE('',*,*,#986,.F.);
#1379=ORIENTED_EDGE('',*,*,#985,.T.);
#1380=ORIENTED_EDGE('',*,*,#987,.T.);
#1381=ORIENTED_EDGE('',*,*,#968,.T.);
#1382=ORIENTED_EDGE('',*,*,#988,.T.);
#1383=ORIENTED_EDGE('',*,*,#989,.F.);
#1384=ORIENTED_EDGE('',*,*,#990,.F.);
#1385=ORIENTED_EDGE('',*,*,#991,.F.);
#1386=ORIENTED_EDGE('',*,*,#990,.T.);
#1387=ORIENTED_EDGE('',*,*,#992,.T.);
#1388=ORIENTED_EDGE('',*,*,#971,.T.);
#1389=ORIENTED_EDGE('',*,*,#993,.T.);
#1390=ORIENTED_EDGE('',*,*,#974,.T.);
#1391=ORIENTED_EDGE('',*,*,#994,.T.);
#1392=ORIENTED_EDGE('',*,*,#991,.T.);
#1393=ORIENTED_EDGE('',*,*,#995,.T.);
#1394=ORIENTED_EDGE('',*,*,#996,.F.);
#1395=ORIENTED_EDGE('',*,*,#997,.F.);
#1396=ORIENTED_EDGE('',*,*,#998,.F.);
#1397=ORIENTED_EDGE('',*,*,#997,.T.);
#1398=ORIENTED_EDGE('',*,*,#999,.T.);
#1399=ORIENTED_EDGE('',*,*,#979,.T.);
#1400=ORIENTED_EDGE('',*,*,#1000,.T.);
#1401=ORIENTED_EDGE('',*,*,#989,.T.);
#1402=ORIENTED_EDGE('',*,*,#1001,.T.);
#1403=ORIENTED_EDGE('',*,*,#998,.T.);
#1404=ORIENTED_EDGE('',*,*,#1002,.T.);
#1405=ORIENTED_EDGE('',*,*,#996,.T.);
#1406=ORIENTED_EDGE('',*,*,#1003,.T.);
#1407=ORIENTED_EDGE('',*,*,#986,.T.);
#1408=ORIENTED_EDGE('',*,*,#1004,.T.);
#1409=ORIENTED_EDGE('',*,*,#984,.T.);
#1410=ORIENTED_EDGE('',*,*,#1005,.T.);
#1411=ORIENTED_EDGE('',*,*,#976,.T.);
#1412=ORIENTED_EDGE('',*,*,#1006,.T.);
#1413=ORIENTED_EDGE('',*,*,#964,.T.);
#1414=ORIENTED_EDGE('',*,*,#841,.T.);
#1415=ORIENTED_EDGE('',*,*,#969,.T.);
#1416=ORIENTED_EDGE('',*,*,#1007,.T.);
#1417=ORIENTED_EDGE('',*,*,#973,.F.);
#1418=ORIENTED_EDGE('',*,*,#977,.F.);
#1419=ORIENTED_EDGE('',*,*,#995,.F.);
#1420=ORIENTED_EDGE('',*,*,#993,.F.);
#1421=ORIENTED_EDGE('',*,*,#982,.F.);
#1422=ORIENTED_EDGE('',*,*,#999,.F.);
#1423=ORIENTED_EDGE('',*,*,#1004,.F.);
#1424=ORIENTED_EDGE('',*,*,#988,.F.);
#1425=ORIENTED_EDGE('',*,*,#983,.F.);
#1426=ORIENTED_EDGE('',*,*,#992,.F.);
#1427=ORIENTED_EDGE('',*,*,#1002,.F.);
#1428=ORIENTED_EDGE('',*,*,#1000,.F.);
#1429=ORIENTED_EDGE('',*,*,#987,.F.);
#1430=ORIENTED_EDGE('',*,*,#1006,.F.);
#1431=ORIENTED_EDGE('',*,*,#978,.F.);
#1432=ORIENTED_EDGE('',*,*,#1007,.F.);
#1433=ORIENTED_EDGE('',*,*,#994,.F.);
#1434=ORIENTED_EDGE('',*,*,#1005,.F.);
#1435=ORIENTED_EDGE('',*,*,#1003,.F.);
#1436=ORIENTED_EDGE('',*,*,#1001,.F.);
#1437=ORIENTED_EDGE('',*,*,#1008,.F.);
#1438=ORIENTED_EDGE('',*,*,#1009,.T.);
#1439=ORIENTED_EDGE('',*,*,#957,.F.);
#1440=ORIENTED_EDGE('',*,*,#1009,.F.);
#1441=ORIENTED_EDGE('',*,*,#1010,.F.);
#1442=ORIENTED_EDGE('',*,*,#1011,.T.);
#1443=ORIENTED_EDGE('',*,*,#958,.F.);
#1444=ORIENTED_EDGE('',*,*,#1011,.F.);
#1445=ORIENTED_EDGE('',*,*,#1012,.F.);
#1446=ORIENTED_EDGE('',*,*,#1013,.T.);
#1447=ORIENTED_EDGE('',*,*,#959,.F.);
#1448=ORIENTED_EDGE('',*,*,#1013,.F.);
#1449=ORIENTED_EDGE('',*,*,#1014,.F.);
#1450=ORIENTED_EDGE('',*,*,#1015,.T.);
#1451=ORIENTED_EDGE('',*,*,#960,.F.);
#1452=ORIENTED_EDGE('',*,*,#1015,.F.);
#1453=ORIENTED_EDGE('',*,*,#1016,.T.);
#1454=ORIENTED_EDGE('',*,*,#1017,.T.);
#1455=ORIENTED_EDGE('',*,*,#1018,.T.);
#1456=ORIENTED_EDGE('',*,*,#1019,.T.);
#1457=ORIENTED_EDGE('',*,*,#1020,.T.);
#1458=ORIENTED_EDGE('',*,*,#1021,.T.);
#1459=ORIENTED_EDGE('',*,*,#1022,.T.);
#1460=ORIENTED_EDGE('',*,*,#1023,.T.);
#1461=ORIENTED_EDGE('',*,*,#1022,.F.);
#1462=ORIENTED_EDGE('',*,*,#1024,.T.);
#1463=ORIENTED_EDGE('',*,*,#1016,.F.);
#1464=ORIENTED_EDGE('',*,*,#1025,.T.);
#1465=ORIENTED_EDGE('',*,*,#1026,.T.);
#1466=ORIENTED_EDGE('',*,*,#1027,.T.);
#1467=ORIENTED_EDGE('',*,*,#1028,.T.);
#1468=ORIENTED_EDGE('',*,*,#1027,.F.);
#1469=ORIENTED_EDGE('',*,*,#1029,.T.);
#1470=ORIENTED_EDGE('',*,*,#1020,.F.);
#1471=ORIENTED_EDGE('',*,*,#1030,.T.);
#1472=ORIENTED_EDGE('',*,*,#1031,.T.);
#1473=ORIENTED_EDGE('',*,*,#1032,.T.);
#1474=ORIENTED_EDGE('',*,*,#1033,.T.);
#1475=ORIENTED_EDGE('',*,*,#1032,.F.);
#1476=ORIENTED_EDGE('',*,*,#1034,.T.);
#1477=ORIENTED_EDGE('',*,*,#1025,.F.);
#1478=ORIENTED_EDGE('',*,*,#1018,.F.);
#1479=ORIENTED_EDGE('',*,*,#1035,.T.);
#1480=ORIENTED_EDGE('',*,*,#1030,.F.);
#1481=ORIENTED_EDGE('',*,*,#1029,.F.);
#1482=ORIENTED_EDGE('',*,*,#1036,.T.);
#1483=ORIENTED_EDGE('',*,*,#951,.T.);
#1484=ORIENTED_EDGE('',*,*,#1037,.T.);
#1485=ORIENTED_EDGE('',*,*,#1026,.F.);
#1486=ORIENTED_EDGE('',*,*,#1038,.F.);
#1487=ORIENTED_EDGE('',*,*,#952,.F.);
#1488=ORIENTED_EDGE('',*,*,#1036,.F.);
#1489=ORIENTED_EDGE('',*,*,#1034,.F.);
#1490=ORIENTED_EDGE('',*,*,#1039,.T.);
#1491=ORIENTED_EDGE('',*,*,#953,.T.);
#1492=ORIENTED_EDGE('',*,*,#1038,.T.);
#1493=ORIENTED_EDGE('',*,*,#1031,.F.);
#1494=ORIENTED_EDGE('',*,*,#1040,.F.);
#1495=ORIENTED_EDGE('',*,*,#954,.F.);
#1496=ORIENTED_EDGE('',*,*,#1039,.F.);
#1497=ORIENTED_EDGE('',*,*,#1019,.F.);
#1498=ORIENTED_EDGE('',*,*,#1033,.F.);
#1499=ORIENTED_EDGE('',*,*,#1028,.F.);
#1500=ORIENTED_EDGE('',*,*,#1023,.F.);
#1501=ORIENTED_EDGE('',*,*,#961,.T.);
#1502=ORIENTED_EDGE('',*,*,#1008,.T.);
#1503=ORIENTED_EDGE('',*,*,#1010,.T.);
#1504=ORIENTED_EDGE('',*,*,#1012,.T.);
#1505=ORIENTED_EDGE('',*,*,#1014,.T.);
#1506=ORIENTED_EDGE('',*,*,#1024,.F.);
#1507=ORIENTED_EDGE('',*,*,#1041,.T.);
#1508=ORIENTED_EDGE('',*,*,#949,.T.);
#1509=ORIENTED_EDGE('',*,*,#1042,.T.);
#1510=ORIENTED_EDGE('',*,*,#1021,.F.);
#1511=ORIENTED_EDGE('',*,*,#1037,.F.);
#1512=ORIENTED_EDGE('',*,*,#950,.F.);
#1513=ORIENTED_EDGE('',*,*,#1041,.F.);
#1514=ORIENTED_EDGE('',*,*,#1035,.F.);
#1515=ORIENTED_EDGE('',*,*,#1043,.T.);
#1516=ORIENTED_EDGE('',*,*,#955,.T.);
#1517=ORIENTED_EDGE('',*,*,#1040,.T.);
#1518=ORIENTED_EDGE('',*,*,#1017,.F.);
#1519=ORIENTED_EDGE('',*,*,#1042,.F.);
#1520=ORIENTED_EDGE('',*,*,#956,.F.);
#1521=ORIENTED_EDGE('',*,*,#1043,.F.);
#1522=CYLINDRICAL_SURFACE('',#1697,1.);
#1523=CYLINDRICAL_SURFACE('',#1704,1.);
#1524=CYLINDRICAL_SURFACE('',#1705,1.);
#1525=CYLINDRICAL_SURFACE('',#1709,1.);
#1526=CYLINDRICAL_SURFACE('',#1714,10.5);
#1527=CYLINDRICAL_SURFACE('',#1717,10.5);
#1528=CYLINDRICAL_SURFACE('',#1724,1.);
#1529=CYLINDRICAL_SURFACE('',#1744,1.);
#1530=CYLINDRICAL_SURFACE('',#1748,1.);
#1531=CYLINDRICAL_SURFACE('',#1753,1.);
#1532=CYLINDRICAL_SURFACE('',#1754,1.);
#1533=CYLINDRICAL_SURFACE('',#1756,5.5);
#1534=CYLINDRICAL_SURFACE('',#1759,1.);
#1535=CYLINDRICAL_SURFACE('',#1763,1.);
#1536=CYLINDRICAL_SURFACE('',#1768,1.);
#1537=CYLINDRICAL_SURFACE('',#1770,5.50000067055227);
#1538=CYLINDRICAL_SURFACE('',#1773,1.);
#1539=CYLINDRICAL_SURFACE('',#1777,1.);
#1540=CYLINDRICAL_SURFACE('',#1778,1.);
#1541=CYLINDRICAL_SURFACE('',#1780,5.5);
#1542=CYLINDRICAL_SURFACE('',#1783,1.);
#1543=CYLINDRICAL_SURFACE('',#1785,5.49999999999999);
#1544=CYLINDRICAL_SURFACE('',#1788,1.);
#1545=CYLINDRICAL_SURFACE('',#1791,1.);
#1546=CYLINDRICAL_SURFACE('',#1794,1.);
#1547=CYLINDRICAL_SURFACE('',#1796,1.);
#1548=CYLINDRICAL_SURFACE('',#1798,10.5);
#1549=CYLINDRICAL_SURFACE('',#1800,10.5000006705523);
#1550=CYLINDRICAL_SURFACE('',#1812,3.175);
#1551=CYLINDRICAL_SURFACE('',#1828,1.);
#1552=CYLINDRICAL_SURFACE('',#1833,1.);
#1553=CYLINDRICAL_SURFACE('',#1838,1.);
#1554=CYLINDRICAL_SURFACE('',#1839,1.);
#1555=CYLINDRICAL_SURFACE('',#1844,1.);
#1556=CYLINDRICAL_SURFACE('',#1849,1.);
#1557=CYLINDRICAL_SURFACE('',#1850,1.);
#1558=CYLINDRICAL_SURFACE('',#1855,1.);
#1559=CYLINDRICAL_SURFACE('',#1856,1.);
#1560=CYLINDRICAL_SURFACE('',#1857,1.);
#1561=CYLINDRICAL_SURFACE('',#1858,1.);
#1562=CYLINDRICAL_SURFACE('',#1859,1.);
#1563=CYLINDRICAL_SURFACE('',#1865,1.75);
#1564=CYLINDRICAL_SURFACE('',#1867,1.75);
#1565=CYLINDRICAL_SURFACE('',#1869,1.75);
#1566=CYLINDRICAL_SURFACE('',#1871,1.75);
#1567=CYLINDRICAL_SURFACE('',#1873,1.);
#1568=CYLINDRICAL_SURFACE('',#1876,1.);
#1569=CYLINDRICAL_SURFACE('',#1881,1.);
#1570=CYLINDRICAL_SURFACE('',#1886,1.);
#1571=CYLINDRICAL_SURFACE('',#1893,1.);
#1572=CYLINDRICAL_SURFACE('',#1895,1.);
#1573=CYLINDRICAL_SURFACE('',#1898,1.);
#1574=CYLINDRICAL_SURFACE('',#1900,1.);
#1575=ADVANCED_FACE('',(#183),#1522,.F.);
#1576=ADVANCED_FACE('',(#184),#167,.F.);
#1577=ADVANCED_FACE('',(#185),#168,.F.);
#1578=ADVANCED_FACE('',(#186),#1523,.F.);
#1579=ADVANCED_FACE('',(#187),#1524,.F.);
#1580=ADVANCED_FACE('',(#188),#169,.F.);
#1581=ADVANCED_FACE('',(#189),#1525,.F.);
#1582=ADVANCED_FACE('',(#190),#170,.F.);
#1583=ADVANCED_FACE('',(#191),#47,.T.);
#1584=ADVANCED_FACE('',(#192),#1526,.T.);
#1585=ADVANCED_FACE('',(#193),#48,.T.);
#1586=ADVANCED_FACE('',(#194),#1527,.T.);
#1587=ADVANCED_FACE('',(#195,#35),#49,.F.);
#1588=ADVANCED_FACE('',(#196),#1528,.T.);
#1589=ADVANCED_FACE('',(#197),#171,.T.);
#1590=ADVANCED_FACE('',(#198,#36),#50,.T.);
#1591=ADVANCED_FACE('',(#199),#172,.T.);
#1592=ADVANCED_FACE('',(#200),#1529,.T.);
#1593=ADVANCED_FACE('',(#201),#51,.T.);
#1594=ADVANCED_FACE('',(#202),#1530,.T.);
#1595=ADVANCED_FACE('',(#203),#173,.T.);
#1596=ADVANCED_FACE('',(#204),#1531,.T.);
#1597=ADVANCED_FACE('',(#205),#1532,.T.);
#1598=ADVANCED_FACE('',(#206),#52,.T.);
#1599=ADVANCED_FACE('',(#207),#1533,.F.);
#1600=ADVANCED_FACE('',(#208),#53,.T.);
#1601=ADVANCED_FACE('',(#209),#1534,.T.);
#1602=ADVANCED_FACE('',(#210),#54,.T.);
#1603=ADVANCED_FACE('',(#211),#1535,.T.);
#1604=ADVANCED_FACE('',(#212),#174,.T.);
#1605=ADVANCED_FACE('',(#213),#1536,.T.);
#1606=ADVANCED_FACE('',(#214),#55,.T.);
#1607=ADVANCED_FACE('',(#215),#1537,.F.);
#1608=ADVANCED_FACE('',(#216),#56,.T.);
#1609=ADVANCED_FACE('',(#217),#1538,.T.);
#1610=ADVANCED_FACE('',(#218),#57,.T.);
#1611=ADVANCED_FACE('',(#219),#1539,.T.);
#1612=ADVANCED_FACE('',(#220),#1540,.T.);
#1613=ADVANCED_FACE('',(#221),#58,.T.);
#1614=ADVANCED_FACE('',(#222),#1541,.F.);
#1615=ADVANCED_FACE('',(#223),#59,.T.);
#1616=ADVANCED_FACE('',(#224),#1542,.T.);
#1617=ADVANCED_FACE('',(#225),#60,.T.);
#1618=ADVANCED_FACE('',(#226),#1543,.F.);
#1619=ADVANCED_FACE('',(#227),#61,.T.);
#1620=ADVANCED_FACE('',(#228),#1544,.T.);
#1621=ADVANCED_FACE('',(#229),#175,.T.);
#1622=ADVANCED_FACE('',(#230),#1545,.T.);
#1623=ADVANCED_FACE('',(#231),#176,.T.);
#1624=ADVANCED_FACE('',(#232),#1546,.T.);
#1625=ADVANCED_FACE('',(#233),#177,.T.);
#1626=ADVANCED_FACE('',(#234),#1547,.T.);
#1627=ADVANCED_FACE('',(#235),#178,.T.);
#1628=ADVANCED_FACE('',(#236),#1548,.T.);
#1629=ADVANCED_FACE('',(#237),#62,.T.);
#1630=ADVANCED_FACE('',(#238),#1549,.T.);
#1631=ADVANCED_FACE('',(#239),#63,.T.);
#1632=ADVANCED_FACE('',(#240),#64,.T.);
#1633=ADVANCED_FACE('',(#241,#37,#38,#39,#40,#41),#65,.F.);
#1634=ADVANCED_FACE('',(#242),#1550,.F.);
#1635=ADVANCED_FACE('',(#243),#66,.T.);
#1636=ADVANCED_FACE('',(#244),#179,.F.);
#1637=ADVANCED_FACE('',(#245),#180,.F.);
#1638=ADVANCED_FACE('',(#246),#181,.F.);
#1639=ADVANCED_FACE('',(#247),#1551,.F.);
#1640=ADVANCED_FACE('',(#248),#19,.T.);
#1641=ADVANCED_FACE('',(#249),#1552,.T.);
#1642=ADVANCED_FACE('',(#250),#182,.F.);
#1643=ADVANCED_FACE('',(#251),#1553,.F.);
#1644=ADVANCED_FACE('',(#252),#1554,.F.);
#1645=ADVANCED_FACE('',(#253),#20,.T.);
#1646=ADVANCED_FACE('',(#254),#1555,.T.);
#1647=ADVANCED_FACE('',(#255),#21,.T.);
#1648=ADVANCED_FACE('',(#256),#1556,.T.);
#1649=ADVANCED_FACE('',(#257),#1557,.T.);
#1650=ADVANCED_FACE('',(#258),#22,.T.);
#1651=ADVANCED_FACE('',(#259),#1558,.T.);
#1652=ADVANCED_FACE('',(#260),#1559,.T.);
#1653=ADVANCED_FACE('',(#261),#1560,.T.);
#1654=ADVANCED_FACE('',(#262),#1561,.T.);
#1655=ADVANCED_FACE('',(#263),#1562,.F.);
#1656=ADVANCED_FACE('',(#264),#67,.T.);
#1657=ADVANCED_FACE('',(#265),#68,.T.);
#1658=ADVANCED_FACE('',(#266),#69,.T.);
#1659=ADVANCED_FACE('',(#267),#70,.T.);
#1660=ADVANCED_FACE('',(#268),#71,.T.);
#1661=ADVANCED_FACE('',(#269),#1563,.F.);
#1662=ADVANCED_FACE('',(#270),#1564,.F.);
#1663=ADVANCED_FACE('',(#271),#1565,.F.);
#1664=ADVANCED_FACE('',(#272),#1566,.F.);
#1665=ADVANCED_FACE('',(#273),#1567,.T.);
#1666=ADVANCED_FACE('',(#274),#1568,.T.);
#1667=ADVANCED_FACE('',(#275),#23,.T.);
#1668=ADVANCED_FACE('',(#276),#1569,.T.);
#1669=ADVANCED_FACE('',(#277),#24,.T.);
#1670=ADVANCED_FACE('',(#278),#1570,.T.);
#1671=ADVANCED_FACE('',(#279),#25,.T.);
#1672=ADVANCED_FACE('',(#280),#26,.T.);
#1673=ADVANCED_FACE('',(#281),#1571,.T.);
#1674=ADVANCED_FACE('',(#282),#72,.T.);
#1675=ADVANCED_FACE('',(#283),#1572,.T.);
#1676=ADVANCED_FACE('',(#284),#73,.T.);
#1677=ADVANCED_FACE('',(#285,#42,#43,#44,#45,#46),#74,.T.);
#1678=ADVANCED_FACE('',(#286),#1573,.T.);
#1679=ADVANCED_FACE('',(#287),#75,.T.);
#1680=ADVANCED_FACE('',(#288),#1574,.T.);
#1681=ADVANCED_FACE('',(#289),#76,.T.);
#1682=CLOSED_SHELL('',(#1575,#1576,#1577,#1578,#1579,#1580,#1581,#1582,
#1583,#1584,#1585,#1586,#1587,#1588,#1589,#1590,#1591,#1592,#1593,#1594,
#1595,#1596,#1597,#1598,#1599,#1600,#1601,#1602,#1603,#1604,#1605,#1606,
#1607,#1608,#1609,#1610,#1611,#1612,#1613,#1614,#1615,#1616,#1617,#1618,
#1619,#1620,#1621,#1622,#1623,#1624,#1625,#1626,#1627,#1628,#1629,#1630,
#1631,#1632,#1633,#1634,#1635,#1636,#1637,#1638,#1639,#1640,#1641,#1642,
#1643,#1644,#1645,#1646,#1647,#1648,#1649,#1650,#1651,#1652,#1653,#1654,
#1655,#1656,#1657,#1658,#1659,#1660,#1661,#1662,#1663,#1664,#1665,#1666,
#1667,#1668,#1669,#1670,#1671,#1672,#1673,#1674,#1675,#1676,#1677,#1678,
#1679,#1680,#1681));
#1683=DERIVED_UNIT_ELEMENT(#1685,1.);
#1684=DERIVED_UNIT_ELEMENT(#3192,-3.);
#1685=(
MASS_UNIT()
NAMED_UNIT(*)
SI_UNIT(.KILO.,.GRAM.)
);
#1686=DERIVED_UNIT((#1683,#1684));
#1687=MEASURE_REPRESENTATION_ITEM('density measure',
POSITIVE_RATIO_MEASURE(7850.),#1686);
#1688=PROPERTY_DEFINITION_REPRESENTATION(#1693,#1690);
#1689=PROPERTY_DEFINITION_REPRESENTATION(#1694,#1691);
#1690=REPRESENTATION('material name',(#1692),#3189);
#1691=REPRESENTATION('density',(#1687),#3189);
#1692=DESCRIPTIVE_REPRESENTATION_ITEM('Steel','Steel');
#1693=PROPERTY_DEFINITION('material property','material name',#3204);
#1694=PROPERTY_DEFINITION('material property','density of part',#3204);
#1695=AXIS2_PLACEMENT_3D('',#2436,#1903,#1904);
#1696=AXIS2_PLACEMENT_3D('',#2437,#1905,#1906);
#1697=AXIS2_PLACEMENT_3D('',#2438,#1907,#1908);
#1698=AXIS2_PLACEMENT_3D('',#2473,#1911,#1912);
#1699=AXIS2_PLACEMENT_3D('',#2475,#1913,#1914);
#1700=AXIS2_PLACEMENT_3D('',#2491,#1915,#1916);
#1701=AXIS2_PLACEMENT_3D('',#2492,#1917,#1918);
#1702=AXIS2_PLACEMENT_3D('',#2495,#1919,#1920);
#1703=AXIS2_PLACEMENT_3D('',#2514,#1921,#1922);
#1704=AXIS2_PLACEMENT_3D('',#2529,#1923,#1924);
#1705=AXIS2_PLACEMENT_3D('',#2532,#1927,#1928);
#1706=AXIS2_PLACEMENT_3D('',#2551,#1931,#1932);
#1707=AXIS2_PLACEMENT_3D('',#2553,#1933,#1934);
#1708=AXIS2_PLACEMENT_3D('',#2555,#1935,#1936);
#1709=AXIS2_PLACEMENT_3D('',#2570,#1937,#1938);
#1710=AXIS2_PLACEMENT_3D('',#2589,#1941,#1942);
#1711=AXIS2_PLACEMENT_3D('',#2590,#1943,#1944);
#1712=AXIS2_PLACEMENT_3D('',#2591,#1945,#1946);
#1713=AXIS2_PLACEMENT_3D('',#2592,#1947,#1948);
#1714=AXIS2_PLACEMENT_3D('',#2598,#1952,#1953);
#1715=AXIS2_PLACEMENT_3D('',#2601,#1955,#1956);
#1716=AXIS2_PLACEMENT_3D('',#2602,#1957,#1958);
#1717=AXIS2_PLACEMENT_3D('',#2606,#1961,#1962);
#1718=AXIS2_PLACEMENT_3D('',#2609,#1964,#1965);
#1719=AXIS2_PLACEMENT_3D('',#2610,#1966,#1967);
#1720=AXIS2_PLACEMENT_3D('',#2613,#1968,#1969);
#1721=AXIS2_PLACEMENT_3D('',#2617,#1971,#1972);
#1722=AXIS2_PLACEMENT_3D('',#2621,#1974,#1975);
#1723=AXIS2_PLACEMENT_3D('',#2625,#1977,#1978);
#1724=AXIS2_PLACEMENT_3D('',#2627,#1980,#1981);
#1725=AXIS2_PLACEMENT_3D('',#2650,#1983,#1984);
#1726=AXIS2_PLACEMENT_3D('',#2653,#1986,#1987);
#1727=AXIS2_PLACEMENT_3D('',#2654,#1988,#1989);
#1728=AXIS2_PLACEMENT_3D('',#2656,#1990,#1991);
#1729=AXIS2_PLACEMENT_3D('',#2667,#1992,#1993);
#1730=AXIS2_PLACEMENT_3D('',#2669,#1994,#1995);
#1731=AXIS2_PLACEMENT_3D('',#2670,#1996,#1997);
#1732=AXIS2_PLACEMENT_3D('',#2671,#1998,#1999);
#1733=AXIS2_PLACEMENT_3D('',#2673,#2000,#2001);
#1734=AXIS2_PLACEMENT_3D('',#2677,#2003,#2004);
#1735=AXIS2_PLACEMENT_3D('',#2681,#2006,#2007);
#1736=AXIS2_PLACEMENT_3D('',#2687,#2010,#2011);
#1737=AXIS2_PLACEMENT_3D('',#2691,#2013,#2014);
#1738=AXIS2_PLACEMENT_3D('',#2695,#2016,#2017);
#1739=AXIS2_PLACEMENT_3D('',#2698,#2019,#2020);
#1740=AXIS2_PLACEMENT_3D('',#2699,#2021,#2022);
#1741=AXIS2_PLACEMENT_3D('',#2701,#2023,#2024);
#1742=AXIS2_PLACEMENT_3D('',#2703,#2025,#2026);
#1743=AXIS2_PLACEMENT_3D('',#2705,#2027,#2028);
#1744=AXIS2_PLACEMENT_3D('',#2714,#2029,#2030);
#1745=AXIS2_PLACEMENT_3D('',#2723,#2031,#2032);
#1746=AXIS2_PLACEMENT_3D('',#2726,#2034,#2035);
#1747=AXIS2_PLACEMENT_3D('',#2727,#2036,#2037);
#1748=AXIS2_PLACEMENT_3D('',#2733,#2041,#2042);
#1749=AXIS2_PLACEMENT_3D('',#2735,#2043,#2044);
#1750=AXIS2_PLACEMENT_3D('',#2737,#2046,#2047);
#1751=AXIS2_PLACEMENT_3D('',#2746,#2048,#2049);
#1752=AXIS2_PLACEMENT_3D('',#2747,#2050,#2051);
#1753=AXIS2_PLACEMENT_3D('',#2748,#2052,#2053);
#1754=AXIS2_PLACEMENT_3D('',#2750,#2055,#2056);
#1755=AXIS2_PLACEMENT_3D('',#2752,#2058,#2059);
#1756=AXIS2_PLACEMENT_3D('',#2758,#2063,#2064);
#1757=AXIS2_PLACEMENT_3D('',#2761,#2066,#2067);
#1758=AXIS2_PLACEMENT_3D('',#2762,#2068,#2069);
#1759=AXIS2_PLACEMENT_3D('',#2764,#2071,#2072);
#1760=AXIS2_PLACEMENT_3D('',#2775,#2073,#2074);
#1761=AXIS2_PLACEMENT_3D('',#2778,#2076,#2077);
#1762=AXIS2_PLACEMENT_3D('',#2779,#2078,#2079);
#1763=AXIS2_PLACEMENT_3D('',#2785,#2083,#2084);
#1764=AXIS2_PLACEMENT_3D('',#2787,#2085,#2086);
#1765=AXIS2_PLACEMENT_3D('',#2789,#2088,#2089);
#1766=AXIS2_PLACEMENT_3D('',#2800,#2090,#2091);
#1767=AXIS2_PLACEMENT_3D('',#2801,#2092,#2093);
#1768=AXIS2_PLACEMENT_3D('',#2802,#2094,#2095);
#1769=AXIS2_PLACEMENT_3D('',#2804,#2097,#2098);
#1770=AXIS2_PLACEMENT_3D('',#2808,#2101,#2102);
#1771=AXIS2_PLACEMENT_3D('',#2811,#2104,#2105);
#1772=AXIS2_PLACEMENT_3D('',#2812,#2106,#2107);
#1773=AXIS2_PLACEMENT_3D('',#2814,#2109,#2110);
#1774=AXIS2_PLACEMENT_3D('',#2816,#2111,#2112);
#1775=AXIS2_PLACEMENT_3D('',#2819,#2114,#2115);
#1776=AXIS2_PLACEMENT_3D('',#2820,#2116,#2117);
#1777=AXIS2_PLACEMENT_3D('',#2826,#2121,#2122);
#1778=AXIS2_PLACEMENT_3D('',#2828,#2124,#2125);
#1779=AXIS2_PLACEMENT_3D('',#2830,#2127,#2128);
#1780=AXIS2_PLACEMENT_3D('',#2834,#2131,#2132);
#1781=AXIS2_PLACEMENT_3D('',#2837,#2134,#2135);
#1782=AXIS2_PLACEMENT_3D('',#2838,#2136,#2137);
#1783=AXIS2_PLACEMENT_3D('',#2840,#2139,#2140);
#1784=AXIS2_PLACEMENT_3D('',#2842,#2142,#2143);
#1785=AXIS2_PLACEMENT_3D('',#2846,#2146,#2147);
#1786=AXIS2_PLACEMENT_3D('',#2849,#2149,#2150);
#1787=AXIS2_PLACEMENT_3D('',#2850,#2151,#2152);
#1788=AXIS2_PLACEMENT_3D('',#2854,#2155,#2156);
#1789=AXIS2_PLACEMENT_3D('',#2883,#2157,#2158);
#1790=AXIS2_PLACEMENT_3D('',#2899,#2159,#2160);
#1791=AXIS2_PLACEMENT_3D('',#2900,#2161,#2162);
#1792=AXIS2_PLACEMENT_3D('',#2917,#2164,#2165);
#1793=AXIS2_PLACEMENT_3D('',#2933,#2166,#2167);
#1794=AXIS2_PLACEMENT_3D('',#2934,#2168,#2169);
#1795=AXIS2_PLACEMENT_3D('',#2950,#2171,#2172);
#1796=AXIS2_PLACEMENT_3D('',#2965,#2173,#2174);
#1797=AXIS2_PLACEMENT_3D('',#2980,#2175,#2176);
#1798=AXIS2_PLACEMENT_3D('',#2981,#2177,#2178);
#1799=AXIS2_PLACEMENT_3D('',#2983,#2180,#2181);
#1800=AXIS2_PLACEMENT_3D('',#2985,#2183,#2184);
#1801=AXIS2_PLACEMENT_3D('',#2987,#2186,#2187);
#1802=AXIS2_PLACEMENT_3D('',#2988,#2188,#2189);
#1803=AXIS2_PLACEMENT_3D('',#2990,#2191,#2192);
#1804=AXIS2_PLACEMENT_3D('',#2993,#2193,#2194);
#1805=AXIS2_PLACEMENT_3D('',#2997,#2196,#2197);
#1806=AXIS2_PLACEMENT_3D('',#3001,#2199,#2200);
#1807=AXIS2_PLACEMENT_3D('',#3005,#2202,#2203);
#1808=AXIS2_PLACEMENT_3D('',#3008,#2205,#2206);
#1809=AXIS2_PLACEMENT_3D('',#3010,#2207,#2208);
#1810=AXIS2_PLACEMENT_3D('',#3012,#2209,#2210);
#1811=AXIS2_PLACEMENT_3D('',#3014,#2211,#2212);
#1812=AXIS2_PLACEMENT_3D('',#3015,#2213,#2214);
#1813=AXIS2_PLACEMENT_3D('',#3017,#2215,#2216);
#1814=AXIS2_PLACEMENT_3D('',#3020,#2218,#2219);
#1815=AXIS2_PLACEMENT_3D('',#3021,#2220,#2221);
#1816=AXIS2_PLACEMENT_3D('',#3022,#2222,#2223);
#1817=AXIS2_PLACEMENT_3D('',#3024,#2224,#2225);
#1818=AXIS2_PLACEMENT_3D('',#3026,#2226,#2227);
#1819=AXIS2_PLACEMENT_3D('',#3027,#2228,#2229);
#1820=AXIS2_PLACEMENT_3D('',#3028,#2230,#2231);
#1821=AXIS2_PLACEMENT_3D('',#3030,#2232,#2233);
#1822=AXIS2_PLACEMENT_3D('',#3032,#2234,#2235);
#1823=AXIS2_PLACEMENT_3D('',#3033,#2236,#2237);
#1824=AXIS2_PLACEMENT_3D('',#3034,#2238,#2239);
#1825=AXIS2_PLACEMENT_3D('',#3036,#2240,#2241);
#1826=AXIS2_PLACEMENT_3D('',#3038,#2242,#2243);
#1827=AXIS2_PLACEMENT_3D('',#3039,#2244,#2245);
#1828=AXIS2_PLACEMENT_3D('',#3040,#2246,#2247);
#1829=AXIS2_PLACEMENT_3D('',#3042,#2249,#2250);
#1830=AXIS2_PLACEMENT_3D('',#3045,#2251,#2252);
#1831=AXIS2_PLACEMENT_3D('',#3047,#2253,#2254);
#1832=AXIS2_PLACEMENT_3D('',#3048,#2255,#2256);
#1833=AXIS2_PLACEMENT_3D('',#3049,#2257,#2258);
#1834=AXIS2_PLACEMENT_3D('',#3052,#2261,#2262);
#1835=AXIS2_PLACEMENT_3D('',#3055,#2263,#2264);
#1836=AXIS2_PLACEMENT_3D('',#3056,#2265,#2266);
#1837=AXIS2_PLACEMENT_3D('',#3057,#2267,#2268);
#1838=AXIS2_PLACEMENT_3D('',#3058,#2269,#2270);
#1839=AXIS2_PLACEMENT_3D('',#3060,#2272,#2273);
#1840=AXIS2_PLACEMENT_3D('',#3062,#2275,#2276);
#1841=AXIS2_PLACEMENT_3D('',#3065,#2277,#2278);
#1842=AXIS2_PLACEMENT_3D('',#3067,#2279,#2280);
#1843=AXIS2_PLACEMENT_3D('',#3068,#2281,#2282);
#1844=AXIS2_PLACEMENT_3D('',#3069,#2283,#2284);
#1845=AXIS2_PLACEMENT_3D('',#3072,#2287,#2288);
#1846=AXIS2_PLACEMENT_3D('',#3075,#2289,#2290);
#1847=AXIS2_PLACEMENT_3D('',#3077,#2291,#2292);
#1848=AXIS2_PLACEMENT_3D('',#3078,#2293,#2294);
#1849=AXIS2_PLACEMENT_3D('',#3079,#2295,#2296);
#1850=AXIS2_PLACEMENT_3D('',#3082,#2299,#2300);
#1851=AXIS2_PLACEMENT_3D('',#3085,#2303,#2304);
#1852=AXIS2_PLACEMENT_3D('',#3088,#2305,#2306);
#1853=AXIS2_PLACEMENT_3D('',#3090,#2307,#2308);
#1854=AXIS2_PLACEMENT_3D('',#3091,#2309,#2310);
#1855=AXIS2_PLACEMENT_3D('',#3092,#2311,#2312);
#1856=AXIS2_PLACEMENT_3D('',#3095,#2315,#2316);
#1857=AXIS2_PLACEMENT_3D('',#3098,#2319,#2320);
#1858=AXIS2_PLACEMENT_3D('',#3101,#2323,#2324);
#1859=AXIS2_PLACEMENT_3D('',#3104,#2327,#2328);
#1860=AXIS2_PLACEMENT_3D('',#3106,#2330,#2331);
#1861=AXIS2_PLACEMENT_3D('',#3107,#2332,#2333);
#1862=AXIS2_PLACEMENT_3D('',#3108,#2334,#2335);
#1863=AXIS2_PLACEMENT_3D('',#3109,#2336,#2337);
#1864=AXIS2_PLACEMENT_3D('',#3110,#2338,#2339);
#1865=AXIS2_PLACEMENT_3D('',#3111,#2340,#2341);
#1866=AXIS2_PLACEMENT_3D('',#3113,#2342,#2343);
#1867=AXIS2_PLACEMENT_3D('',#3115,#2345,#2346);
#1868=AXIS2_PLACEMENT_3D('',#3117,#2347,#2348);
#1869=AXIS2_PLACEMENT_3D('',#3119,#2350,#2351);
#1870=AXIS2_PLACEMENT_3D('',#3121,#2352,#2353);
#1871=AXIS2_PLACEMENT_3D('',#3123,#2355,#2356);
#1872=AXIS2_PLACEMENT_3D('',#3125,#2357,#2358);
#1873=AXIS2_PLACEMENT_3D('',#3127,#2360,#2361);
#1874=AXIS2_PLACEMENT_3D('',#3130,#2362,#2363);
#1875=AXIS2_PLACEMENT_3D('',#3134,#2365,#2366);
#1876=AXIS2_PLACEMENT_3D('',#3136,#2368,#2369);
#1877=AXIS2_PLACEMENT_3D('',#3139,#2370,#2371);
#1878=AXIS2_PLACEMENT_3D('',#3142,#2373,#2374);
#1879=AXIS2_PLACEMENT_3D('',#3144,#2376,#2377);
#1880=AXIS2_PLACEMENT_3D('',#3145,#2378,#2379);
#1881=AXIS2_PLACEMENT_3D('',#3146,#2380,#2381);
#1882=AXIS2_PLACEMENT_3D('',#3149,#2382,#2383);
#1883=AXIS2_PLACEMENT_3D('',#3152,#2385,#2386);
#1884=AXIS2_PLACEMENT_3D('',#3154,#2388,#2389);
#1885=AXIS2_PLACEMENT_3D('',#3155,#2390,#2391);
#1886=AXIS2_PLACEMENT_3D('',#3156,#2392,#2393);
#1887=AXIS2_PLACEMENT_3D('',#3158,#2394,#2395);
#1888=AXIS2_PLACEMENT_3D('',#3161,#2397,#2398);
#1889=AXIS2_PLACEMENT_3D('',#3163,#2400,#2401);
#1890=AXIS2_PLACEMENT_3D('',#3164,#2402,#2403);
#1891=AXIS2_PLACEMENT_3D('',#3165,#2404,#2405);
#1892=AXIS2_PLACEMENT_3D('',#3166,#2406,#2407);
#1893=AXIS2_PLACEMENT_3D('',#3167,#2408,#2409);
#1894=AXIS2_PLACEMENT_3D('',#3170,#2412,#2413);
#1895=AXIS2_PLACEMENT_3D('',#3172,#2415,#2416);
#1896=AXIS2_PLACEMENT_3D('',#3174,#2418,#2419);
#1897=AXIS2_PLACEMENT_3D('',#3176,#2421,#2422);
#1898=AXIS2_PLACEMENT_3D('',#3177,#2423,#2424);
#1899=AXIS2_PLACEMENT_3D('',#3180,#2427,#2428);
#1900=AXIS2_PLACEMENT_3D('',#3181,#2429,#2430);
#1901=AXIS2_PLACEMENT_3D('',#3183,#2432,#2433);
#1902=AXIS2_PLACEMENT_3D('',#3184,#2434,#2435);
#1903=DIRECTION('axis',(0.,0.,1.));
#1904=DIRECTION('refdir',(1.,0.,0.));
#1905=DIRECTION('axis',(0.,0.,1.));
#1906=DIRECTION('refdir',(1.,0.,0.));
#1907=DIRECTION('center_axis',(-1.,0.,0.));
#1908=DIRECTION('ref_axis',(0.,0.707106781186544,0.707106781186551));
#1909=DIRECTION('',(-1.,0.,0.));
#1910=DIRECTION('',(1.,0.,0.));
#1911=DIRECTION('center_axis',(0.,1.,0.));
#1912=DIRECTION('ref_axis',(0.,0.,1.));
#1913=DIRECTION('center_axis',(0.,1.,0.));
#1914=DIRECTION('ref_axis',(0.707106781186548,0.,-0.707106781186547));
#1915=DIRECTION('center_axis',(0.,-1.,0.));
#1916=DIRECTION('ref_axis',(0.707106781186548,0.,-0.707106781186547));
#1917=DIRECTION('center_axis',(0.,1.,0.));
#1918=DIRECTION('ref_axis',(0.,0.,1.));
#1919=DIRECTION('center_axis',(0.,-1.,0.));
#1920=DIRECTION('ref_axis',(0.707106781186548,0.,0.707106781186547));
#1921=DIRECTION('center_axis',(0.,1.,0.));
#1922=DIRECTION('ref_axis',(0.707106781186548,0.,0.707106781186547));
#1923=DIRECTION('center_axis',(0.,0.,-1.));
#1924=DIRECTION('ref_axis',(-0.707106781186551,0.707106781186544,0.));
#1925=DIRECTION('',(0.,0.,-1.));
#1926=DIRECTION('',(0.,0.,1.));
#1927=DIRECTION('center_axis',(1.,0.,0.));
#1928=DIRECTION('ref_axis',(0.,0.707106781186544,-0.707106781186551));
#1929=DIRECTION('',(-1.,0.,0.));
#1930=DIRECTION('',(1.,0.,0.));
#1931=DIRECTION('center_axis',(0.,1.,0.));
#1932=DIRECTION('ref_axis',(0.,0.,1.));
#1933=DIRECTION('center_axis',(0.,-1.,0.));
#1934=DIRECTION('ref_axis',(-0.707106781186548,0.,0.707106781186547));
#1935=DIRECTION('center_axis',(0.,1.,0.));
#1936=DIRECTION('ref_axis',(-0.707106781186548,0.,0.707106781186547));
#1937=DIRECTION('center_axis',(0.,0.,1.));
#1938=DIRECTION('ref_axis',(0.707106781186548,0.707106781186548,0.));
#1939=DIRECTION('',(0.,0.,-1.));
#1940=DIRECTION('',(0.,0.,1.));
#1941=DIRECTION('center_axis',(0.,1.,0.));
#1942=DIRECTION('ref_axis',(0.,0.,1.));
#1943=DIRECTION('center_axis',(0.,-1.,0.));
#1944=DIRECTION('ref_axis',(-0.707106781186549,0.,-0.707106781186546));
#1945=DIRECTION('center_axis',(0.,1.,0.));
#1946=DIRECTION('ref_axis',(-0.707106781186549,0.,-0.707106781186546));
#1947=DIRECTION('center_axis',(-1.,0.,0.));
#1948=DIRECTION('ref_axis',(0.,0.,-1.));
#1949=DIRECTION('',(0.,-1.,0.));
#1950=DIRECTION('',(0.,0.,-1.));
#1951=DIRECTION('',(0.,-1.,0.));
#1952=DIRECTION('center_axis',(0.,-1.,0.));
#1953=DIRECTION('ref_axis',(1.,0.,0.));
#1954=DIRECTION('',(0.,-1.,0.));
#1955=DIRECTION('center_axis',(0.,-1.,0.));
#1956=DIRECTION('ref_axis',(-0.707106781186548,0.,0.707106781186547));
#1957=DIRECTION('center_axis',(0.,0.,1.));
#1958=DIRECTION('ref_axis',(-1.,0.,0.));
#1959=DIRECTION('',(0.,-1.,0.));
#1960=DIRECTION('',(-1.,0.,0.));
#1961=DIRECTION('center_axis',(0.,-1.,0.));
#1962=DIRECTION('ref_axis',(1.,0.,0.));
#1963=DIRECTION('',(0.,-1.,0.));
#1964=DIRECTION('center_axis',(0.,-1.,0.));
#1965=DIRECTION('ref_axis',(0.707106781186548,0.,0.707106781186547));
#1966=DIRECTION('center_axis',(0.,1.,0.));
#1967=DIRECTION('ref_axis',(-1.,0.,0.));
#1968=DIRECTION('center_axis',(0.,-1.,0.));
#1969=DIRECTION('ref_axis',(0.707106781186547,0.,0.707106781186547));
#1970=DIRECTION('',(0.,0.,1.));
#1971=DIRECTION('center_axis',(0.,-1.,0.));
#1972=DIRECTION('ref_axis',(0.707106781186547,0.,-0.707106781186547));
#1973=DIRECTION('',(1.,0.,0.));
#1974=DIRECTION('center_axis',(0.,-1.,0.));
#1975=DIRECTION('ref_axis',(-0.707106781186547,0.,-0.707106781186547));
#1976=DIRECTION('',(0.,0.,-1.));
#1977=DIRECTION('center_axis',(0.,-1.,0.));
#1978=DIRECTION('ref_axis',(-0.707106781186547,0.,0.707106781186547));
#1979=DIRECTION('',(-1.,0.,0.));
#1980=DIRECTION('center_axis',(1.,0.,0.));
#1981=DIRECTION('ref_axis',(0.,-0.707106781186544,-0.707106781186551));
#1982=DIRECTION('',(-1.,0.,0.));
#1983=DIRECTION('center_axis',(0.707106781186548,0.,-0.707106781186548));
#1984=DIRECTION('ref_axis',(-0.707106781186547,4.9065389333868E-17,-0.707106781186547));
#1985=DIRECTION('',(1.,0.,0.));
#1986=DIRECTION('center_axis',(-0.707106781186546,0.,-0.707106781186549));
#1987=DIRECTION('ref_axis',(0.707106781186549,4.90653893338679E-17,-0.707106781186546));
#1988=DIRECTION('center_axis',(0.,1.,0.));
#1989=DIRECTION('ref_axis',(0.,0.,1.));
#1990=DIRECTION('center_axis',(0.,-1.,0.));
#1991=DIRECTION('ref_axis',(0.707106792411646,0.,0.707106769961449));
#1992=DIRECTION('center_axis',(-1.,0.,0.));
#1993=DIRECTION('ref_axis',(0.,0.,-1.));
#1994=DIRECTION('center_axis',(0.,1.,0.));
#1995=DIRECTION('ref_axis',(0.707106792411646,0.,0.707106769961449));
#1996=DIRECTION('center_axis',(0.,0.,1.));
#1997=DIRECTION('ref_axis',(-1.,0.,0.));
#1998=DIRECTION('center_axis',(0.,-1.,0.));
#1999=DIRECTION('ref_axis',(1.,0.,0.));
#2000=DIRECTION('center_axis',(0.,-1.,0.));
#2001=DIRECTION('ref_axis',(-0.707106789542046,0.,0.707106772831049));
#2002=DIRECTION('',(0.,0.,-1.));
#2003=DIRECTION('center_axis',(0.,-1.,0.));
#2004=DIRECTION('ref_axis',(-0.707106789542046,0.,-0.707106772831049));
#2005=DIRECTION('',(1.,0.,0.));
#2006=DIRECTION('center_axis',(0.,-1.,0.));
#2007=DIRECTION('ref_axis',(0.707106781188672,0.,-0.707106781184423));
#2008=DIRECTION('',(0.,0.,1.));
#2009=DIRECTION('',(0.,0.,1.));
#2010=DIRECTION('center_axis',(0.,1.,0.));
#2011=DIRECTION('ref_axis',(-0.707106781186549,0.,0.707106781186547));
#2012=DIRECTION('',(1.,0.,0.));
#2013=DIRECTION('center_axis',(0.,1.,0.));
#2014=DIRECTION('ref_axis',(0.707106781186548,0.,0.707106781186547));
#2015=DIRECTION('',(0.,0.,-1.));
#2016=DIRECTION('center_axis',(0.,1.,0.));
#2017=DIRECTION('ref_axis',(0.707106781186548,0.,-0.707106781186547));
#2018=DIRECTION('',(-1.,0.,0.));
#2019=DIRECTION('center_axis',(0.,1.,0.));
#2020=DIRECTION('ref_axis',(-0.707106781186549,0.,-0.707106781186546));
#2021=DIRECTION('center_axis',(0.,1.,0.));
#2022=DIRECTION('ref_axis',(0.,0.,1.));
#2023=DIRECTION('center_axis',(0.,0.,-1.));
#2024=DIRECTION('ref_axis',(1.,0.,0.));
#2025=DIRECTION('center_axis',(0.,1.,0.));
#2026=DIRECTION('ref_axis',(-0.707106789542046,0.,0.707106772831049));
#2027=DIRECTION('center_axis',(-1.,0.,-2.36329178449067E-8));
#2028=DIRECTION('ref_axis',(2.36329178449067E-8,0.,-1.));
#2029=DIRECTION('center_axis',(0.,0.,-1.));
#2030=DIRECTION('ref_axis',(-0.707106781186551,-0.707106781186544,0.));
#2031=DIRECTION('center_axis',(-0.707106781186549,0.,-0.707106781186546));
#2032=DIRECTION('ref_axis',(-0.707106781186546,4.90653893338679E-17,0.707106781186549));
#2033=DIRECTION('',(0.,0.,-1.));
#2034=DIRECTION('center_axis',(-0.707106781186549,0.,0.707106781186546));
#2035=DIRECTION('ref_axis',(-0.707106781186546,4.90653893338679E-17,-0.707106781186549));
#2036=DIRECTION('center_axis',(-1.,0.,0.));
#2037=DIRECTION('ref_axis',(0.,0.,-1.));
#2038=DIRECTION('',(0.,-1.,0.));
#2039=DIRECTION('',(0.,0.,1.));
#2040=DIRECTION('',(0.,-1.,0.));
#2041=DIRECTION('center_axis',(-1.,0.,0.));
#2042=DIRECTION('ref_axis',(0.,-0.707106781186544,0.707106781186551));
#2043=DIRECTION('center_axis',(0.999999959360474,0.,0.000285094810661413));
#2044=DIRECTION('ref_axis',(-0.000285094810661413,0.,0.999999959360474));
#2045=DIRECTION('',(-1.,0.,0.));
#2046=DIRECTION('center_axis',(0.,1.,0.));
#2047=DIRECTION('ref_axis',(0.,0.,1.));
#2048=DIRECTION('center_axis',(0.,0.,1.));
#2049=DIRECTION('ref_axis',(-1.,0.,0.));
#2050=DIRECTION('center_axis',(0.,1.,0.));
#2051=DIRECTION('ref_axis',(0.707106781188672,0.,-0.707106781184423));
#2052=DIRECTION('center_axis',(1.,0.,0.));
#2053=DIRECTION('ref_axis',(0.,-0.707106781186544,-0.707106781186551));
#2054=DIRECTION('',(1.,0.,0.));
#2055=DIRECTION('center_axis',(0.,0.,-1.));
#2056=DIRECTION('ref_axis',(-0.707106781186551,-0.707106781186544,0.));
#2057=DIRECTION('',(0.,0.,-1.));
#2058=DIRECTION('center_axis',(-1.,0.,0.));
#2059=DIRECTION('ref_axis',(0.,0.,-1.));
#2060=DIRECTION('',(0.,-1.,0.));
#2061=DIRECTION('',(0.,0.,1.));
#2062=DIRECTION('',(0.,-1.,0.));
#2063=DIRECTION('center_axis',(0.,-1.,0.));
#2064=DIRECTION('ref_axis',(1.,0.,0.));
#2065=DIRECTION('',(0.,-1.,0.));
#2066=DIRECTION('center_axis',(0.,-1.,0.));
#2067=DIRECTION('ref_axis',(1.,0.,0.));
#2068=DIRECTION('center_axis',(0.,0.,-1.));
#2069=DIRECTION('ref_axis',(1.,0.,0.));
#2070=DIRECTION('',(-1.,0.,0.));
#2071=DIRECTION('center_axis',(-1.,0.,0.));
#2072=DIRECTION('ref_axis',(0.,-0.707106781186544,0.707106781186551));
#2073=DIRECTION('center_axis',(-0.707106781186548,0.,0.707106781186548));
#2074=DIRECTION('ref_axis',(0.707106781186547,4.9065389333868E-17,0.707106781186547));
#2075=DIRECTION('',(-1.,0.,0.));
#2076=DIRECTION('center_axis',(0.707106781186546,0.,0.707106781186549));
#2077=DIRECTION('ref_axis',(-0.707106781186549,4.90653893338679E-17,0.707106781186546));
#2078=DIRECTION('center_axis',(0.,0.,1.));
#2079=DIRECTION('ref_axis',(-1.,0.,0.));
#2080=DIRECTION('',(0.,-1.,0.));
#2081=DIRECTION('',(1.,0.,0.));
#2082=DIRECTION('',(0.,-1.,0.));
#2083=DIRECTION('center_axis',(0.,0.,1.));
#2084=DIRECTION('ref_axis',(0.707106781186551,-0.707106781186544,0.));
#2085=DIRECTION('center_axis',(0.,0.,-1.));
#2086=DIRECTION('ref_axis',(1.,0.,0.));
#2087=DIRECTION('',(0.,0.,1.));
#2088=DIRECTION('center_axis',(0.,1.,0.));
#2089=DIRECTION('ref_axis',(0.,0.,1.));
#2090=DIRECTION('center_axis',(1.,0.,0.));
#2091=DIRECTION('ref_axis',(0.,0.,1.));
#2092=DIRECTION('center_axis',(0.,1.,0.));
#2093=DIRECTION('ref_axis',(-0.707106789542046,0.,-0.707106772831049));
#2094=DIRECTION('center_axis',(0.,0.,-1.));
#2095=DIRECTION('ref_axis',(-0.707106781186551,-0.707106781186544,0.));
#2096=DIRECTION('',(0.,0.,-1.));
#2097=DIRECTION('center_axis',(0.,0.,1.));
#2098=DIRECTION('ref_axis',(-1.,0.,0.));
#2099=DIRECTION('',(0.,-1.,0.));
#2100=DIRECTION('',(1.,0.,0.));
#2101=DIRECTION('center_axis',(0.,-1.,0.));
#2102=DIRECTION('ref_axis',(1.,0.,0.));
#2103=DIRECTION('',(0.,-1.,0.));
#2104=DIRECTION('center_axis',(0.,-1.,0.));
#2105=DIRECTION('ref_axis',(1.,0.,0.));
#2106=DIRECTION('center_axis',(-1.,0.,0.));
#2107=DIRECTION('ref_axis',(0.,0.,-1.));
#2108=DIRECTION('',(0.,0.,1.));
#2109=DIRECTION('center_axis',(0.,0.,1.));
#2110=DIRECTION('ref_axis',(0.707106781186548,-0.707106781186548,0.));
#2111=DIRECTION('center_axis',(0.707106781186549,0.,0.707106781186546));
#2112=DIRECTION('ref_axis',(0.707106781186546,0.,-0.707106781186549));
#2113=DIRECTION('',(0.,0.,1.));
#2114=DIRECTION('center_axis',(0.707106781186551,0.,-0.707106781186544));
#2115=DIRECTION('ref_axis',(0.707106781186544,0.,0.707106781186551));
#2116=DIRECTION('center_axis',(1.,0.,0.));
#2117=DIRECTION('ref_axis',(0.,0.,1.));
#2118=DIRECTION('',(0.,-1.,0.));
#2119=DIRECTION('',(0.,0.,-1.));
#2120=DIRECTION('',(0.,-1.,0.));
#2121=DIRECTION('center_axis',(1.,0.,0.));
#2122=DIRECTION('ref_axis',(0.,-0.707106781186544,-0.707106781186551));
#2123=DIRECTION('',(1.,0.,0.));
#2124=DIRECTION('center_axis',(-1.,0.,0.));
#2125=DIRECTION('ref_axis',(0.,-0.707106781186544,0.707106781186551));
#2126=DIRECTION('',(-1.,0.,0.));
#2127=DIRECTION('center_axis',(1.,0.,0.));
#2128=DIRECTION('ref_axis',(0.,0.,1.));
#2129=DIRECTION('',(0.,-1.,0.));
#2130=DIRECTION('',(0.,0.,-1.));
#2131=DIRECTION('center_axis',(0.,-1.,0.));
#2132=DIRECTION('ref_axis',(1.,0.,0.));
#2133=DIRECTION('',(0.,-1.,0.));
#2134=DIRECTION('center_axis',(0.,-1.,0.));
#2135=DIRECTION('ref_axis',(1.,0.,0.));
#2136=DIRECTION('center_axis',(0.,0.,1.));
#2137=DIRECTION('ref_axis',(-1.,0.,0.));
#2138=DIRECTION('',(1.,0.,0.));
#2139=DIRECTION('center_axis',(0.,0.,1.));
#2140=DIRECTION('ref_axis',(0.707106781186551,-0.707106781186544,0.));
#2141=DIRECTION('',(0.,0.,1.));
#2142=DIRECTION('center_axis',(0.,0.,-1.));
#2143=DIRECTION('ref_axis',(1.,0.,0.));
#2144=DIRECTION('',(0.,-1.,0.));
#2145=DIRECTION('',(-1.,0.,0.));
#2146=DIRECTION('center_axis',(0.,-1.,0.));
#2147=DIRECTION('ref_axis',(1.,0.,0.));
#2148=DIRECTION('',(0.,-1.,0.));
#2149=DIRECTION('center_axis',(0.,-1.,0.));
#2150=DIRECTION('ref_axis',(1.,0.,0.));
#2151=DIRECTION('center_axis',(1.,0.,0.));
#2152=DIRECTION('ref_axis',(0.,0.,1.));
#2153=DIRECTION('',(0.,-1.,0.));
#2154=DIRECTION('',(0.,0.,-1.));
#2155=DIRECTION('center_axis',(0.,0.,-1.));
#2156=DIRECTION('ref_axis',(-0.707106781186548,-0.707106781186548,0.));
#2157=DIRECTION('center_axis',(0.,-1.,0.));
#2158=DIRECTION('ref_axis',(0.,0.,-1.));
#2159=DIRECTION('center_axis',(0.,-1.,0.));
#2160=DIRECTION('ref_axis',(-0.707106781186549,0.,-0.707106781186546));
#2161=DIRECTION('center_axis',(1.,0.,0.));
#2162=DIRECTION('ref_axis',(0.,-0.707106781186544,-0.707106781186551));
#2163=DIRECTION('',(1.,0.,0.));
#2164=DIRECTION('center_axis',(0.,-1.,0.));
#2165=DIRECTION('ref_axis',(0.,0.,-1.));
#2166=DIRECTION('center_axis',(0.,-1.,0.));
#2167=DIRECTION('ref_axis',(0.707106781186548,0.,-0.707106781186547));
#2168=DIRECTION('center_axis',(0.,0.,1.));
#2169=DIRECTION('ref_axis',(0.707106781186551,-0.707106781186544,0.));
#2170=DIRECTION('',(0.,0.,1.));
#2171=DIRECTION('center_axis',(0.,-1.,0.));
#2172=DIRECTION('ref_axis',(0.,0.,-1.));
#2173=DIRECTION('center_axis',(-1.,0.,0.));
#2174=DIRECTION('ref_axis',(0.,-0.707106781186544,0.707106781186551));
#2175=DIRECTION('center_axis',(0.,-1.,0.));
#2176=DIRECTION('ref_axis',(0.,0.,-1.));
#2177=DIRECTION('center_axis',(0.,-1.,0.));
#2178=DIRECTION('ref_axis',(1.,0.,0.));
#2179=DIRECTION('',(0.,-1.,0.));
#2180=DIRECTION('center_axis',(0.,0.,-1.));
#2181=DIRECTION('ref_axis',(1.,0.,0.));
#2182=DIRECTION('',(0.,-1.,0.));
#2183=DIRECTION('center_axis',(0.,-1.,0.));
#2184=DIRECTION('ref_axis',(1.,0.,0.));
#2185=DIRECTION('',(0.,-1.,0.));
#2186=DIRECTION('center_axis',(1.,0.,0.));
#2187=DIRECTION('ref_axis',(0.,0.,1.));
#2188=DIRECTION('center_axis',(0.,0.,-1.));
#2189=DIRECTION('ref_axis',(1.,0.,0.));
#2190=DIRECTION('',(-1.,0.,0.));
#2191=DIRECTION('center_axis',(0.,1.,0.));
#2192=DIRECTION('ref_axis',(-1.,0.,0.));
#2193=DIRECTION('center_axis',(0.,1.,0.));
#2194=DIRECTION('ref_axis',(-0.707106781186548,0.,0.707106781186548));
#2195=DIRECTION('',(-1.11022302462516E-16,0.,-1.));
#2196=DIRECTION('center_axis',(0.,1.,0.));
#2197=DIRECTION('ref_axis',(-0.707106781186548,0.,-0.707106781186548));
#2198=DIRECTION('',(1.,0.,1.11022302462516E-16));
#2199=DIRECTION('center_axis',(0.,1.,0.));
#2200=DIRECTION('ref_axis',(0.707106781186548,0.,-0.707106781186548));
#2201=DIRECTION('',(5.55111512312578E-16,0.,1.));
#2202=DIRECTION('center_axis',(0.,1.,0.));
#2203=DIRECTION('ref_axis',(0.707106781186551,0.,0.707106781186544));
#2204=DIRECTION('',(-1.,0.,1.11022302462516E-16));
#2205=DIRECTION('center_axis',(0.,1.,0.));
#2206=DIRECTION('ref_axis',(-1.,0.,0.));
#2207=DIRECTION('center_axis',(0.,1.,0.));
#2208=DIRECTION('ref_axis',(-1.,0.,0.));
#2209=DIRECTION('center_axis',(0.,1.,0.));
#2210=DIRECTION('ref_axis',(-1.,0.,0.));
#2211=DIRECTION('center_axis',(0.,1.,0.));
#2212=DIRECTION('ref_axis',(-1.,0.,0.));
#2213=DIRECTION('center_axis',(0.,-1.,0.));
#2214=DIRECTION('ref_axis',(-1.,0.,0.));
#2215=DIRECTION('center_axis',(0.,-1.,0.));
#2216=DIRECTION('ref_axis',(-1.,0.,0.));
#2217=DIRECTION('',(0.,-1.,0.));
#2218=DIRECTION('center_axis',(0.,-1.,0.));
#2219=DIRECTION('ref_axis',(-1.,0.,0.));
#2220=DIRECTION('center_axis',(0.,1.,0.));
#2221=DIRECTION('ref_axis',(-1.,0.,0.));
#2222=DIRECTION('center_axis',(0.,-1.,0.));
#2223=DIRECTION('ref_axis',(0.,0.,-1.));
#2224=DIRECTION('center_axis',(-1.,0.,0.));
#2225=DIRECTION('ref_axis',(0.,0.,1.));
#2226=DIRECTION('center_axis',(0.,1.,0.));
#2227=DIRECTION('ref_axis',(-1.,0.,0.));
#2228=DIRECTION('center_axis',(0.,0.,-1.));
#2229=DIRECTION('ref_axis',(0.,1.,0.));
#2230=DIRECTION('center_axis',(0.,-1.,0.));
#2231=DIRECTION('ref_axis',(0.,0.,-1.));
#2232=DIRECTION('center_axis',(0.,0.,-1.));
#2233=DIRECTION('ref_axis',(-1.,0.,0.));
#2234=DIRECTION('center_axis',(0.,1.,0.));
#2235=DIRECTION('ref_axis',(0.,0.,-1.));
#2236=DIRECTION('center_axis',(1.,0.,0.));
#2237=DIRECTION('ref_axis',(0.,1.,0.));
#2238=DIRECTION('center_axis',(0.,-1.,0.));
#2239=DIRECTION('ref_axis',(0.,0.,-1.));
#2240=DIRECTION('center_axis',(0.,0.,1.));
#2241=DIRECTION('ref_axis',(1.,0.,0.));
#2242=DIRECTION('center_axis',(0.,1.,0.));
#2243=DIRECTION('ref_axis',(0.,0.,1.));
#2244=DIRECTION('center_axis',(-1.,0.,0.));
#2245=DIRECTION('ref_axis',(0.,1.,0.));
#2246=DIRECTION('center_axis',(0.,0.,1.));
#2247=DIRECTION('ref_axis',(0.707106781186549,0.707106781186546,0.));
#2248=DIRECTION('',(0.,0.,1.));
#2249=DIRECTION('center_axis',(-0.816496580927726,0.408248290463866,0.40824829046386));
#2250=DIRECTION('ref_axis',(-0.577350269189625,-0.577350269189628,-0.577350269189625));
#2251=DIRECTION('center_axis',(0.,0.,-1.));
#2252=DIRECTION('ref_axis',(-1.,0.,0.));
#2253=DIRECTION('center_axis',(0.,-1.,0.));
#2254=DIRECTION('ref_axis',(0.,0.,-1.));
#2255=DIRECTION('center_axis',(-1.,0.,-1.11022302462516E-15));
#2256=DIRECTION('ref_axis',(0.,-1.,0.));
#2257=DIRECTION('center_axis',(0.,-1.,0.));
#2258=DIRECTION('ref_axis',(-0.707106781186548,0.,-0.707106781186548));
#2259=DIRECTION('',(0.,1.,0.));
#2260=DIRECTION('',(0.,-1.,0.));
#2261=DIRECTION('center_axis',(0.,1.,0.));
#2262=DIRECTION('ref_axis',(0.,0.,1.));
#2263=DIRECTION('center_axis',(0.,1.,0.));
#2264=DIRECTION('ref_axis',(1.,0.,0.));
#2265=DIRECTION('center_axis',(0.,0.,1.));
#2266=DIRECTION('ref_axis',(0.,1.,0.));
#2267=DIRECTION('center_axis',(1.,0.,0.));
#2268=DIRECTION('ref_axis',(0.,0.,-1.));
#2269=DIRECTION('center_axis',(0.,0.,-1.));
#2270=DIRECTION('ref_axis',(-0.707106781186549,0.707106781186546,0.));
#2271=DIRECTION('',(0.,0.,-1.));
#2272=DIRECTION('center_axis',(1.,0.,0.));
#2273=DIRECTION('ref_axis',(0.,0.707106781186546,-0.707106781186549));
#2274=DIRECTION('',(1.,0.,0.));
#2275=DIRECTION('center_axis',(-0.816496580927726,-0.408248290463866,-0.40824829046386));
#2276=DIRECTION('ref_axis',(0.577350269189625,-0.577350269189628,-0.577350269189625));
#2277=DIRECTION('center_axis',(1.,0.,0.));
#2278=DIRECTION('ref_axis',(0.,0.,-1.));
#2279=DIRECTION('center_axis',(0.,-1.,0.));
#2280=DIRECTION('ref_axis',(1.,0.,0.));
#2281=DIRECTION('center_axis',(1.11022302462516E-15,0.,-1.));
#2282=DIRECTION('ref_axis',(0.,-1.,0.));
#2283=DIRECTION('center_axis',(0.,-1.,0.));
#2284=DIRECTION('ref_axis',(0.707106781186548,0.,-0.707106781186548));
#2285=DIRECTION('',(0.,1.,0.));
#2286=DIRECTION('',(0.,-1.,0.));
#2287=DIRECTION('center_axis',(-0.816496580927726,0.408248290463866,-0.40824829046386));
#2288=DIRECTION('ref_axis',(-0.577350269189625,-0.577350269189628,0.577350269189625));
#2289=DIRECTION('center_axis',(-1.,0.,0.));
#2290=DIRECTION('ref_axis',(0.,0.,1.));
#2291=DIRECTION('center_axis',(0.,-1.,0.));
#2292=DIRECTION('ref_axis',(-1.,0.,0.));
#2293=DIRECTION('center_axis',(-1.11022302462516E-15,0.,1.));
#2294=DIRECTION('ref_axis',(0.,-1.,0.));
#2295=DIRECTION('center_axis',(0.,-1.,0.));
#2296=DIRECTION('ref_axis',(-0.707106781186548,0.,0.707106781186548));
#2297=DIRECTION('',(0.,1.,0.));
#2298=DIRECTION('',(0.,-1.,0.));
#2299=DIRECTION('center_axis',(0.,0.,-1.));
#2300=DIRECTION('ref_axis',(-0.707106781186542,-0.707106781186553,0.));
#2301=DIRECTION('',(0.,0.,1.));
#2302=DIRECTION('',(0.,0.,-1.));
#2303=DIRECTION('center_axis',(-0.816496580927725,-0.408248290463865,0.408248290463862));
#2304=DIRECTION('ref_axis',(0.577350269189625,-0.577350269189628,0.577350269189625));
#2305=DIRECTION('center_axis',(0.,0.,1.));
#2306=DIRECTION('ref_axis',(1.,0.,0.));
#2307=DIRECTION('center_axis',(0.,-1.,0.));
#2308=DIRECTION('ref_axis',(0.,0.,1.));
#2309=DIRECTION('center_axis',(1.,0.,1.11022302462516E-15));
#2310=DIRECTION('ref_axis',(0.,-1.,0.));
#2311=DIRECTION('center_axis',(0.,-1.,0.));
#2312=DIRECTION('ref_axis',(0.707106781186548,0.,0.707106781186548));
#2313=DIRECTION('',(0.,1.,0.));
#2314=DIRECTION('',(0.,-1.,0.));
#2315=DIRECTION('center_axis',(-1.,0.,0.));
#2316=DIRECTION('ref_axis',(0.,-0.707106781186553,0.707106781186542));
#2317=DIRECTION('',(1.,0.,0.));
#2318=DIRECTION('',(-1.,0.,0.));
#2319=DIRECTION('center_axis',(0.,0.,1.));
#2320=DIRECTION('ref_axis',(0.707106781186542,-0.707106781186553,0.));
#2321=DIRECTION('',(0.,0.,-1.));
#2322=DIRECTION('',(0.,0.,1.));
#2323=DIRECTION('center_axis',(1.,0.,0.));
#2324=DIRECTION('ref_axis',(0.,-0.707106781186553,-0.707106781186542));
#2325=DIRECTION('',(-1.,0.,0.));
#2326=DIRECTION('',(1.,0.,0.));
#2327=DIRECTION('center_axis',(-1.,0.,0.));
#2328=DIRECTION('ref_axis',(0.,0.707106781186546,0.707106781186549));
#2329=DIRECTION('',(-1.,0.,0.));
#2330=DIRECTION('center_axis',(-1.,0.,0.));
#2331=DIRECTION('ref_axis',(0.,0.,-1.));
#2332=DIRECTION('center_axis',(1.,0.,0.));
#2333=DIRECTION('ref_axis',(0.,0.,1.));
#2334=DIRECTION('center_axis',(0.,0.,1.));
#2335=DIRECTION('ref_axis',(-1.,0.,0.));
#2336=DIRECTION('center_axis',(0.,0.,-1.));
#2337=DIRECTION('ref_axis',(1.,0.,0.));
#2338=DIRECTION('center_axis',(0.,-1.,0.));
#2339=DIRECTION('ref_axis',(0.,0.,-1.));
#2340=DIRECTION('center_axis',(0.,-1.,0.));
#2341=DIRECTION('ref_axis',(-1.,0.,0.));
#2342=DIRECTION('center_axis',(0.,-1.,0.));
#2343=DIRECTION('ref_axis',(-1.,0.,0.));
#2344=DIRECTION('',(0.,-1.,0.));
#2345=DIRECTION('center_axis',(0.,-1.,0.));
#2346=DIRECTION('ref_axis',(-1.,0.,0.));
#2347=DIRECTION('center_axis',(0.,-1.,0.));
#2348=DIRECTION('ref_axis',(-1.,0.,0.));
#2349=DIRECTION('',(0.,-1.,0.));
#2350=DIRECTION('center_axis',(0.,-1.,0.));
#2351=DIRECTION('ref_axis',(-1.,0.,0.));
#2352=DIRECTION('center_axis',(0.,-1.,0.));
#2353=DIRECTION('ref_axis',(-1.,0.,0.));
#2354=DIRECTION('',(0.,-1.,0.));
#2355=DIRECTION('center_axis',(0.,-1.,0.));
#2356=DIRECTION('ref_axis',(-1.,0.,0.));
#2357=DIRECTION('center_axis',(0.,-1.,0.));
#2358=DIRECTION('ref_axis',(-1.,0.,0.));
#2359=DIRECTION('',(0.,-1.,0.));
#2360=DIRECTION('center_axis',(1.,0.,-1.11022302462516E-16));
#2361=DIRECTION('ref_axis',(0.,0.707106781186544,0.707106781186551));
#2362=DIRECTION('center_axis',(1.,0.,0.));
#2363=DIRECTION('ref_axis',(0.,1.,0.));
#2364=DIRECTION('',(1.,0.,-1.11022302462516E-16));
#2365=DIRECTION('center_axis',(-1.,0.,4.44089209850062E-15));
#2366=DIRECTION('ref_axis',(4.44089209850062E-15,0.,1.));
#2367=DIRECTION('',(-1.,0.,1.11022302462516E-16));
#2368=DIRECTION('center_axis',(1.11022302462516E-16,0.,1.));
#2369=DIRECTION('ref_axis',(-0.707106781186551,0.707106781186544,0.));
#2370=DIRECTION('center_axis',(0.,0.,1.));
#2371=DIRECTION('ref_axis',(0.,1.,0.));
#2372=DIRECTION('',(1.11022302462516E-16,0.,1.));
#2373=DIRECTION('center_axis',(-4.44089209850062E-15,0.,-1.));
#2374=DIRECTION('ref_axis',(-1.,0.,4.44089209850062E-15));
#2375=DIRECTION('',(-1.11022302462516E-16,0.,-1.));
#2376=DIRECTION('center_axis',(-0.408248290463867,0.408248290463859,-0.816496580927726));
#2377=DIRECTION('ref_axis',(-0.577350269189631,0.577350269189623,0.577350269189623));
#2378=DIRECTION('center_axis',(0.,1.,0.));
#2379=DIRECTION('ref_axis',(-0.707106781186548,0.,0.707106781186548));
#2380=DIRECTION('center_axis',(-1.,0.,-1.11022302462516E-16));
#2381=DIRECTION('ref_axis',(0.,0.707106781186548,-0.707106781186548));
#2382=DIRECTION('center_axis',(-1.,0.,0.));
#2383=DIRECTION('ref_axis',(0.,1.,0.));
#2384=DIRECTION('',(-1.,0.,-1.11022302462516E-16));
#2385=DIRECTION('center_axis',(1.,0.,-4.44089209850062E-15));
#2386=DIRECTION('ref_axis',(-4.44089209850062E-15,0.,-1.));
#2387=DIRECTION('',(1.,0.,1.11022302462516E-16));
#2388=DIRECTION('center_axis',(-0.408248290463859,-0.816496580927726,-0.408248290463867));
#2389=DIRECTION('ref_axis',(-0.577350269189623,0.577350269189623,-0.577350269189631));
#2390=DIRECTION('center_axis',(0.,1.,0.));
#2391=DIRECTION('ref_axis',(-0.707106781186548,0.,-0.707106781186548));
#2392=DIRECTION('center_axis',(-5.55111512312578E-16,0.,-1.));
#2393=DIRECTION('ref_axis',(0.707106781186551,0.707106781186544,0.));
#2394=DIRECTION('center_axis',(0.,0.,-1.));
#2395=DIRECTION('ref_axis',(0.,1.,0.));
#2396=DIRECTION('',(-5.55111512312578E-16,0.,-1.));
#2397=DIRECTION('center_axis',(4.44089209850062E-15,0.,1.));
#2398=DIRECTION('ref_axis',(1.,0.,-4.44089209850062E-15));
#2399=DIRECTION('',(5.55111512312578E-16,0.,1.));
#2400=DIRECTION('center_axis',(0.408248290463861,-0.816496580927728,-0.408248290463861));
#2401=DIRECTION('ref_axis',(0.577350269189623,0.577350269189623,-0.577350269189631));
#2402=DIRECTION('center_axis',(0.,1.,0.));
#2403=DIRECTION('ref_axis',(0.707106781186548,0.,-0.707106781186548));
#2404=DIRECTION('center_axis',(0.408248290463861,-0.816496580927728,0.408248290463861));
#2405=DIRECTION('ref_axis',(0.577350269189626,0.577350269189626,0.577350269189626));
#2406=DIRECTION('center_axis',(0.,1.,0.));
#2407=DIRECTION('ref_axis',(0.70710678118655,0.,0.707106781186545));
#2408=DIRECTION('center_axis',(0.,1.,0.));
#2409=DIRECTION('ref_axis',(-0.707106781186548,0.,-0.707106781186548));
#2410=DIRECTION('',(0.,-1.,0.));
#2411=DIRECTION('',(0.,1.,0.));
#2412=DIRECTION('center_axis',(1.11022302462516E-16,0.,-1.));
#2413=DIRECTION('ref_axis',(-1.,0.,-1.11022302462516E-16));
#2414=DIRECTION('',(0.,1.,0.));
#2415=DIRECTION('center_axis',(0.,1.,0.));
#2416=DIRECTION('ref_axis',(0.707106781186548,0.,-0.707106781186548));
#2417=DIRECTION('',(0.,-1.,0.));
#2418=DIRECTION('center_axis',(1.,0.,-5.55111512312578E-16));
#2419=DIRECTION('ref_axis',(-5.55111512312578E-16,0.,-1.));
#2420=DIRECTION('',(0.,1.,0.));
#2421=DIRECTION('center_axis',(0.,1.,0.));
#2422=DIRECTION('ref_axis',(0.,0.,1.));
#2423=DIRECTION('center_axis',(0.,1.,0.));
#2424=DIRECTION('ref_axis',(-0.707106781186548,0.,0.707106781186548));
#2425=DIRECTION('',(0.,-1.,0.));
#2426=DIRECTION('',(0.,1.,0.));
#2427=DIRECTION('center_axis',(-1.,0.,1.11022302462516E-16));
#2428=DIRECTION('ref_axis',(1.11022302462516E-16,0.,1.));
#2429=DIRECTION('center_axis',(0.,1.,0.));
#2430=DIRECTION('ref_axis',(0.707106781186551,0.,0.707106781186544));
#2431=DIRECTION('',(0.,-1.,0.));
#2432=DIRECTION('center_axis',(1.11022302462516E-16,0.,1.));
#2433=DIRECTION('ref_axis',(1.,0.,-1.11022302462516E-16));
#2434=DIRECTION('',(0.,0.,1.));
#2435=DIRECTION('',(1.,0.,0.));
#2436=CARTESIAN_POINT('',(0.,0.,0.));
#2437=CARTESIAN_POINT('',(0.,0.,0.));
#2438=CARTESIAN_POINT('Origin',(-12.7565831386648,59.,29.5));
#2439=CARTESIAN_POINT('',(25.5131670194949,59.,30.5));
#2440=CARTESIAN_POINT('',(-25.5131662773295,59.,30.5));
#2441=CARTESIAN_POINT('',(-12.7565831386648,59.,30.5));
#2442=CARTESIAN_POINT('',(-24.9004942981004,60.,29.5));
#2443=CARTESIAN_POINT('Ctrl Pts',(-25.5131662773295,59.,30.5));
#2444=CARTESIAN_POINT('Ctrl Pts',(-25.5131662773295,59.1110542924878,30.5));
#2445=CARTESIAN_POINT('Ctrl Pts',(-25.5014612511747,59.2201568874656,30.481522295951));
#2446=CARTESIAN_POINT('Ctrl Pts',(-25.4553238395434,59.4345206152414,30.4083121091677));
#2447=CARTESIAN_POINT('Ctrl Pts',(-25.419876582967,59.535517145295,30.3519288114419));
#2448=CARTESIAN_POINT('Ctrl Pts',(-25.3253628028778,59.7257700812877,30.2003339527122));
#2449=CARTESIAN_POINT('Ctrl Pts',(-25.2641341544569,59.8085575987961,30.1014438424188));
#2450=CARTESIAN_POINT('Ctrl Pts',(-25.1519235958121,59.9124717822537,29.9181261733027));
#2451=CARTESIAN_POINT('Ctrl Pts',(-25.103656952661,59.9446617751661,29.8387359951493));
#2452=CARTESIAN_POINT('Ctrl Pts',(-25.0045780056615,59.9883634630372,29.6745033484833));
#2453=CARTESIAN_POINT('Ctrl Pts',(-24.9537283621183,59.9996094540992,29.5895832968349));
#2454=CARTESIAN_POINT('Ctrl Pts',(-24.9022652760004,59.9999966679389,29.5029808038915));
#2455=CARTESIAN_POINT('Ctrl Pts',(-24.9013797439902,60.,29.5014904274688));
#2456=CARTESIAN_POINT('Ctrl Pts',(-24.9004942981004,60.,29.5));
#2457=CARTESIAN_POINT('',(24.9004950616379,60.,29.5));
#2458=CARTESIAN_POINT('',(-12.7565831386648,60.,29.5));
#2459=CARTESIAN_POINT('Ctrl Pts',(25.5131670194949,59.,30.5));
#2460=CARTESIAN_POINT('Ctrl Pts',(25.5131670194949,59.1110542935034,30.5));
#2461=CARTESIAN_POINT('Ctrl Pts',(25.501461993517,59.2201568895178,30.4815222956128));
#2462=CARTESIAN_POINT('Ctrl Pts',(25.4553245826383,59.4345206188232,30.4083121075527));
#2463=CARTESIAN_POINT('Ctrl Pts',(25.4198773267273,59.5355171494321,30.3519288089738));
#2464=CARTESIAN_POINT('Ctrl Pts',(25.3253635487641,59.7257700854317,30.2003339484405));
#2465=CARTESIAN_POINT('Ctrl Pts',(25.2641349020235,59.8085576025915,30.1014438374249));
#2466=CARTESIAN_POINT('Ctrl Pts',(25.1519243472819,59.912471784471,29.9181261682127));
#2467=CARTESIAN_POINT('Ctrl Pts',(25.103657706395,59.9446617765742,29.8387359909635));
#2468=CARTESIAN_POINT('Ctrl Pts',(25.0045787641591,59.9883634633136,29.6745033463239));
#2469=CARTESIAN_POINT('Ctrl Pts',(24.9537291232829,59.9996094541026,29.5895832960107));
#2470=CARTESIAN_POINT('Ctrl Pts',(24.9022660394646,59.9999966679389,29.502980803881));
#2471=CARTESIAN_POINT('Ctrl Pts',(24.9013805075039,60.,29.5014904274827));
#2472=CARTESIAN_POINT('Ctrl Pts',(24.9004950616379,60.,29.5));
#2473=CARTESIAN_POINT('Origin',(-35.,59.,35.));
#2474=CARTESIAN_POINT('',(-30.5,59.,25.5131662773295));
#2475=CARTESIAN_POINT('Origin',(-35.,59.,35.));
#2476=CARTESIAN_POINT('',(-29.5,60.,24.9004942981004));
#2477=CARTESIAN_POINT('Ctrl Pts',(-30.5,59.,25.5131662773295));
#2478=CARTESIAN_POINT('Ctrl Pts',(-30.5,59.1110542924878,25.5131662773295));
#2479=CARTESIAN_POINT('Ctrl Pts',(-30.481522295951,59.2201568874656,25.5014612511747));
#2480=CARTESIAN_POINT('Ctrl Pts',(-30.4083121091677,59.4345206152414,25.4553238395434));
#2481=CARTESIAN_POINT('Ctrl Pts',(-30.3519288114419,59.535517145295,25.4198765829671));
#2482=CARTESIAN_POINT('Ctrl Pts',(-30.2003339527122,59.7257700812877,25.3253628028778));
#2483=CARTESIAN_POINT('Ctrl Pts',(-30.1014438424188,59.8085575987961,25.2641341544569));
#2484=CARTESIAN_POINT('Ctrl Pts',(-29.9181261733027,59.9124717822537,25.1519235958121));
#2485=CARTESIAN_POINT('Ctrl Pts',(-29.8387359951493,59.9446617751661,25.103656952661));
#2486=CARTESIAN_POINT('Ctrl Pts',(-29.6745033484833,59.9883634630372,25.0045780056615));
#2487=CARTESIAN_POINT('Ctrl Pts',(-29.5895832968349,59.9996094540992,24.9537283621184));
#2488=CARTESIAN_POINT('Ctrl Pts',(-29.5029808038915,59.9999966679389,24.9022652760004));
#2489=CARTESIAN_POINT('Ctrl Pts',(-29.5014904274688,60.,24.9013797439902));
#2490=CARTESIAN_POINT('Ctrl Pts',(-29.5,60.,24.9004942981004));
#2491=CARTESIAN_POINT('Origin',(-35.,60.,35.));
#2492=CARTESIAN_POINT('Origin',(-35.,59.,-35.));
#2493=CARTESIAN_POINT('',(-24.9004950616379,60.,-29.5));
#2494=CARTESIAN_POINT('',(-29.5,60.,-24.9004950616379));
#2495=CARTESIAN_POINT('Origin',(-35.,60.,-35.));
#2496=CARTESIAN_POINT('',(-30.5,59.,-25.5131670194949));
#2497=CARTESIAN_POINT('Ctrl Pts',(-29.5,60.,-24.9004950616379));
#2498=CARTESIAN_POINT('Ctrl Pts',(-29.5014904274827,60.,-24.9013805075039));
#2499=CARTESIAN_POINT('Ctrl Pts',(-29.502980803881,59.9999966679389,-24.9022660394646));
#2500=CARTESIAN_POINT('Ctrl Pts',(-29.5814722208591,59.9996457200396,-24.9489091587517));
#2501=CARTESIAN_POINT('Ctrl Pts',(-29.6583156916149,59.9904082195795,-24.9948882580461));
#2502=CARTESIAN_POINT('Ctrl Pts',(-29.807833609613,59.954509634665,-25.084960713737));
#2503=CARTESIAN_POINT('Ctrl Pts',(-29.8805616407121,59.9280229655414,-25.1290801112918));
#2504=CARTESIAN_POINT('Ctrl Pts',(-30.0629603555592,59.8361006427392,-25.2404289319014));
#2505=CARTESIAN_POINT('Ctrl Pts',(-30.1670876848763,59.756762236294,-25.3047485431619));
#2506=CARTESIAN_POINT('Ctrl Pts',(-30.3286597473262,59.5710689420155,-25.4053025788203));
#2507=CARTESIAN_POINT('Ctrl Pts',(-30.3898622398667,59.4714862374672,-25.4437254940341));
#2508=CARTESIAN_POINT('Ctrl Pts',(-30.4719454616817,59.2591144268365,-25.4954082983481));
#2509=CARTESIAN_POINT('Ctrl Pts',(-30.4948214325461,59.1507739818489,-25.5098919633678));
#2510=CARTESIAN_POINT('Ctrl Pts',(-30.4997408030817,59.0263126858802,-25.5130030846593));
#2511=CARTESIAN_POINT('Ctrl Pts',(-30.5,59.0131455078532,-25.5131670194949));
#2512=CARTESIAN_POINT('Ctrl Pts',(-30.5,59.,-25.5131670194949));
#2513=CARTESIAN_POINT('',(-25.5131670194949,59.,-30.5));
#2514=CARTESIAN_POINT('Origin',(-35.,59.,-35.));
#2515=CARTESIAN_POINT('Ctrl Pts',(-25.5131670194949,59.,-30.5));
#2516=CARTESIAN_POINT('Ctrl Pts',(-25.5131670194949,59.1110542935034,-30.5));
#2517=CARTESIAN_POINT('Ctrl Pts',(-25.501461993517,59.2201568895177,-30.4815222956128));
#2518=CARTESIAN_POINT('Ctrl Pts',(-25.4553245826383,59.4345206188232,-30.4083121075527));
#2519=CARTESIAN_POINT('Ctrl Pts',(-25.4198773267273,59.5355171494321,-30.3519288089738));
#2520=CARTESIAN_POINT('Ctrl Pts',(-25.3253635487641,59.7257700854317,-30.2003339484405));
#2521=CARTESIAN_POINT('Ctrl Pts',(-25.2641349020235,59.8085576025915,-30.1014438374249));
#2522=CARTESIAN_POINT('Ctrl Pts',(-25.1519243472819,59.912471784471,-29.9181261682127));
#2523=CARTESIAN_POINT('Ctrl Pts',(-25.1036577063951,59.9446617765742,-29.8387359909635));
#2524=CARTESIAN_POINT('Ctrl Pts',(-25.0045787641589,59.9883634633137,-29.6745033463236));
#2525=CARTESIAN_POINT('Ctrl Pts',(-24.9537291232817,59.9996094541026,-29.5895832960089));
#2526=CARTESIAN_POINT('Ctrl Pts',(-24.9022660394646,59.9999966679389,-29.5029808038811));
#2527=CARTESIAN_POINT('Ctrl Pts',(-24.9013805075039,60.,-29.5014904274826));
#2528=CARTESIAN_POINT('Ctrl Pts',(-24.9004950616379,60.,-29.5));
#2529=CARTESIAN_POINT('Origin',(-29.5,59.,-12.7565835097474));
#2530=CARTESIAN_POINT('',(-30.5,59.,-12.7565835097474));
#2531=CARTESIAN_POINT('',(-29.5,60.,-12.7565835097474));
#2532=CARTESIAN_POINT('Origin',(12.7565835097474,59.,-29.5));
#2533=CARTESIAN_POINT('',(24.9004950616379,60.,-29.5));
#2534=CARTESIAN_POINT('',(12.7565835097474,60.,-29.5));
#2535=CARTESIAN_POINT('',(25.5131670194949,59.,-30.5));
#2536=CARTESIAN_POINT('',(12.7565835097474,59.,-30.5));
#2537=CARTESIAN_POINT('Ctrl Pts',(25.5131670194949,59.,-30.5));
#2538=CARTESIAN_POINT('Ctrl Pts',(25.5131670194949,59.1110542935034,-30.5));
#2539=CARTESIAN_POINT('Ctrl Pts',(25.501461993517,59.2201568895177,-30.4815222956128));
#2540=CARTESIAN_POINT('Ctrl Pts',(25.4553245826383,59.4345206188233,-30.4083121075527));
#2541=CARTESIAN_POINT('Ctrl Pts',(25.4198773267273,59.5355171494321,-30.3519288089738));
#2542=CARTESIAN_POINT('Ctrl Pts',(25.3253635487641,59.7257700854317,-30.2003339484405));
#2543=CARTESIAN_POINT('Ctrl Pts',(25.2641349020236,59.8085576025915,-30.1014438374249));
#2544=CARTESIAN_POINT('Ctrl Pts',(25.1519243472819,59.912471784471,-29.9181261682127));
#2545=CARTESIAN_POINT('Ctrl Pts',(25.103657706395,59.9446617765742,-29.8387359909635));
#2546=CARTESIAN_POINT('Ctrl Pts',(25.0045787641591,59.9883634633136,-29.6745033463239));
#2547=CARTESIAN_POINT('Ctrl Pts',(24.9537291232828,59.9996094541026,-29.5895832960105));
#2548=CARTESIAN_POINT('Ctrl Pts',(24.9022660394646,59.9999966679389,-29.5029808038811));
#2549=CARTESIAN_POINT('Ctrl Pts',(24.9013805075039,60.,-29.5014904274827));
#2550=CARTESIAN_POINT('Ctrl Pts',(24.9004950616379,60.,-29.5));
#2551=CARTESIAN_POINT('Origin',(35.,59.,-35.));
#2552=CARTESIAN_POINT('',(29.5,60.,-24.9004950616379));
#2553=CARTESIAN_POINT('Origin',(35.,60.,-35.));
#2554=CARTESIAN_POINT('',(30.5,59.,-25.5131670194949));
#2555=CARTESIAN_POINT('Origin',(35.,59.,-35.));
#2556=CARTESIAN_POINT('Ctrl Pts',(30.5,59.,-25.5131670194949));
#2557=CARTESIAN_POINT('Ctrl Pts',(30.5,59.1110542935034,-25.5131670194949));
#2558=CARTESIAN_POINT('Ctrl Pts',(30.4815222956128,59.2201568895177,-25.501461993517));
#2559=CARTESIAN_POINT('Ctrl Pts',(30.4083121075526,59.4345206188232,-25.4553245826384));
#2560=CARTESIAN_POINT('Ctrl Pts',(30.3519288089738,59.5355171494321,-25.4198773267273));
#2561=CARTESIAN_POINT('Ctrl Pts',(30.2003339484405,59.7257700854317,-25.3253635487641));
#2562=CARTESIAN_POINT('Ctrl Pts',(30.1014438374249,59.8085576025915,-25.2641349020236));
#2563=CARTESIAN_POINT('Ctrl Pts',(29.9181261682127,59.912471784471,-25.1519243472819));
#2564=CARTESIAN_POINT('Ctrl Pts',(29.8387359909635,59.9446617765742,-25.103657706395));
#2565=CARTESIAN_POINT('Ctrl Pts',(29.6745033463239,59.9883634633136,-25.0045787641591));
#2566=CARTESIAN_POINT('Ctrl Pts',(29.5895832960108,59.9996094541026,-24.9537291232831));
#2567=CARTESIAN_POINT('Ctrl Pts',(29.502980803881,59.9999966679389,-24.9022660394646));
#2568=CARTESIAN_POINT('Ctrl Pts',(29.5014904274827,60.,-24.9013805075039));
#2569=CARTESIAN_POINT('Ctrl Pts',(29.5,60.,-24.9004950616379));
#2570=CARTESIAN_POINT('Origin',(29.5,59.,12.7565835097474));
#2571=CARTESIAN_POINT('',(29.5,60.,24.9004950616379));
#2572=CARTESIAN_POINT('',(29.5,60.,12.7565835097474));
#2573=CARTESIAN_POINT('',(30.5,59.,25.5131670194949));
#2574=CARTESIAN_POINT('',(30.5,59.,12.7565835097474));
#2575=CARTESIAN_POINT('Ctrl Pts',(30.5,59.,25.5131670194949));
#2576=CARTESIAN_POINT('Ctrl Pts',(30.5,59.1110542935034,25.5131670194949));
#2577=CARTESIAN_POINT('Ctrl Pts',(30.4815222956128,59.2201568895177,25.501461993517));
#2578=CARTESIAN_POINT('Ctrl Pts',(30.4083121075526,59.4345206188232,25.4553245826384));
#2579=CARTESIAN_POINT('Ctrl Pts',(30.3519288089738,59.5355171494321,25.4198773267273));
#2580=CARTESIAN_POINT('Ctrl Pts',(30.2003339484405,59.7257700854317,25.3253635487641));
#2581=CARTESIAN_POINT('Ctrl Pts',(30.1014438374249,59.8085576025915,25.2641349020236));
#2582=CARTESIAN_POINT('Ctrl Pts',(29.9181261682127,59.912471784471,25.1519243472819));
#2583=CARTESIAN_POINT('Ctrl Pts',(29.8387359909635,59.9446617765742,25.103657706395));
#2584=CARTESIAN_POINT('Ctrl Pts',(29.6745033463236,59.9883634633137,25.0045787641589));
#2585=CARTESIAN_POINT('Ctrl Pts',(29.5895832960092,59.9996094541026,24.953729123282));
#2586=CARTESIAN_POINT('Ctrl Pts',(29.5029808038811,59.9999966679389,24.9022660394646));
#2587=CARTESIAN_POINT('Ctrl Pts',(29.5014904274826,60.,24.9013805075039));
#2588=CARTESIAN_POINT('Ctrl Pts',(29.5,60.,24.9004950616379));
#2589=CARTESIAN_POINT('Origin',(35.,59.,35.));
#2590=CARTESIAN_POINT('Origin',(35.,60.,35.));
#2591=CARTESIAN_POINT('Origin',(35.,59.,35.));
#2592=CARTESIAN_POINT('Origin',(30.5,60.,25.5131670194949));
#2593=CARTESIAN_POINT('',(30.5,56.,-25.5131670194949));
#2594=CARTESIAN_POINT('',(30.5,60.,-25.5131670194949));
#2595=CARTESIAN_POINT('',(30.5,56.,25.5131670194949));
#2596=CARTESIAN_POINT('',(30.5,56.,12.7565835097474));
#2597=CARTESIAN_POINT('',(30.5,60.,25.5131670194949));
#2598=CARTESIAN_POINT('Origin',(35.,60.,-35.));
#2599=CARTESIAN_POINT('',(25.5131670194949,56.,-30.5));
#2600=CARTESIAN_POINT('',(25.5131670194949,60.,-30.5));
#2601=CARTESIAN_POINT('Origin',(35.,56.,-35.));
#2602=CARTESIAN_POINT('Origin',(25.5131670194949,60.,-30.5));
#2603=CARTESIAN_POINT('',(-25.5131670194949,56.,-30.5));
#2604=CARTESIAN_POINT('',(-25.5131670194949,60.,-30.5));
#2605=CARTESIAN_POINT('',(12.7565835097474,56.,-30.5));
#2606=CARTESIAN_POINT('Origin',(-35.,60.,-35.));
#2607=CARTESIAN_POINT('',(-30.5,56.,-25.5131670194949));
#2608=CARTESIAN_POINT('',(-30.5,60.,-25.5131670194949));
#2609=CARTESIAN_POINT('Origin',(-35.,56.,-35.));
#2610=CARTESIAN_POINT('Origin',(8.88178419700125E-15,60.,0.));
#2611=CARTESIAN_POINT('',(11.,60.,9.));
#2612=CARTESIAN_POINT('',(9.,60.,11.));
#2613=CARTESIAN_POINT('Origin',(9.,60.,9.));
#2614=CARTESIAN_POINT('',(11.,60.,-9.));
#2615=CARTESIAN_POINT('',(11.,60.,-5.));
#2616=CARTESIAN_POINT('',(9.,60.,-11.));
#2617=CARTESIAN_POINT('Origin',(9.,60.,-9.));
#2618=CARTESIAN_POINT('',(-9.,60.,-11.));
#2619=CARTESIAN_POINT('',(-5.,60.,-11.));
#2620=CARTESIAN_POINT('',(-11.,60.,-9.));
#2621=CARTESIAN_POINT('Origin',(-9.,60.,-9.));
#2622=CARTESIAN_POINT('',(-11.,60.,9.));
#2623=CARTESIAN_POINT('',(-11.,60.,5.));
#2624=CARTESIAN_POINT('',(-9.,60.,11.));
#2625=CARTESIAN_POINT('Origin',(-9.,60.,9.));
#2626=CARTESIAN_POINT('',(5.,60.,11.));
#2627=CARTESIAN_POINT('Origin',(-14.75,56.,-34.5));
#2628=CARTESIAN_POINT('',(29.,55.1339745962156,-35.));
#2629=CARTESIAN_POINT('',(28.5192593015921,55.,-34.5));
#2630=CARTESIAN_POINT('Ctrl Pts',(29.,55.1339745962156,-35.));
#2631=CARTESIAN_POINT('Ctrl Pts',(28.9446655812856,55.1020272546754,-34.9446655812856));
#2632=CARTESIAN_POINT('Ctrl Pts',(28.8879218286343,55.0758937561804,-34.8871460813229));
#2633=CARTESIAN_POINT('Ctrl Pts',(28.7293589175198,55.0191895086311,-34.7241140932601));
#2634=CARTESIAN_POINT('Ctrl Pts',(28.6254466577771,55.000501378754,-34.6146237605463));
#2635=CARTESIAN_POINT('Ctrl Pts',(28.5220132672346,55.0000033175704,-34.5029741489303));
#2636=CARTESIAN_POINT('Ctrl Pts',(28.5206361656523,55.,-34.5014871831585));
#2637=CARTESIAN_POINT('Ctrl Pts',(28.5192593015921,55.,-34.5));
#2638=CARTESIAN_POINT('',(-28.5192593015921,55.,-34.5));
#2639=CARTESIAN_POINT('',(-14.75,55.,-34.5));
#2640=CARTESIAN_POINT('',(-29.,55.1339745962156,-35.));
#2641=CARTESIAN_POINT('Ctrl Pts',(-28.5192593015922,55.,-34.5));
#2642=CARTESIAN_POINT('Ctrl Pts',(-28.5206361656524,55.,-34.5014871831586));
#2643=CARTESIAN_POINT('Ctrl Pts',(-28.5220132672346,55.0000033175704,-34.5029741489303));
#2644=CARTESIAN_POINT('Ctrl Pts',(-28.6432652212041,55.0005871802031,-34.633857739784));
#2645=CARTESIAN_POINT('Ctrl Pts',(-28.765867971136,55.0262679496251,-34.7624661799913));
#2646=CARTESIAN_POINT('Ctrl Pts',(-28.9231172387784,55.0927358615945,-34.922751040274));
#2647=CARTESIAN_POINT('Ctrl Pts',(-28.9618660437284,55.1119579462969,-34.9618660437285));
#2648=CARTESIAN_POINT('Ctrl Pts',(-29.,55.1339745962156,-35.));
#2649=CARTESIAN_POINT('',(-29.5,56.,-35.5));
#2650=CARTESIAN_POINT('Origin',(-28.5,56.,-34.5));
#2651=CARTESIAN_POINT('',(29.5,56.,-35.5));
#2652=CARTESIAN_POINT('',(-14.75,56.,-35.5));
#2653=CARTESIAN_POINT('Origin',(28.5,56.,-34.5));
#2654=CARTESIAN_POINT('Origin',(-35.,56.,-35.));
#2655=CARTESIAN_POINT('',(-34.5,55.,-28.5192593015921));
#2656=CARTESIAN_POINT('Origin',(-35.,55.,-35.));
#2657=CARTESIAN_POINT('',(-34.9999998253784,55.1339744953978,-28.9999998253785));
#2658=CARTESIAN_POINT('Ctrl Pts',(-34.9999998253784,55.1339744953978,-28.9999998253785));
#2659=CARTESIAN_POINT('Ctrl Pts',(-34.9446654602852,55.1020271996923,-28.9446654618957));
#2660=CARTESIAN_POINT('Ctrl Pts',(-34.8871460196386,55.0758937347259,-28.8879217686409));
#2661=CARTESIAN_POINT('Ctrl Pts',(-34.7241140932582,55.0191895086307,-28.729358917518));
#2662=CARTESIAN_POINT('Ctrl Pts',(-34.6146237605469,55.0005013787536,-28.6254466577777));
#2663=CARTESIAN_POINT('Ctrl Pts',(-34.5029741489276,55.0000033175704,-28.5220132672321));
#2664=CARTESIAN_POINT('Ctrl Pts',(-34.5014871831573,55.,-28.5206361656512));
#2665=CARTESIAN_POINT('Ctrl Pts',(-34.5,55.,-28.5192593015921));
#2666=CARTESIAN_POINT('',(-34.9999998253784,56.,-29.5));
#2667=CARTESIAN_POINT('Origin',(-34.9999998253784,56.,-28.5));
#2668=CARTESIAN_POINT('',(-29.5,56.,-35.));
#2669=CARTESIAN_POINT('Origin',(-35.,56.,-35.));
#2670=CARTESIAN_POINT('Origin',(-28.5,56.,-35.));
#2671=CARTESIAN_POINT('Origin',(-8.88178419700125E-15,55.,0.));
#2672=CARTESIAN_POINT('',(34.5,55.,-28.5192593015922));
#2673=CARTESIAN_POINT('Origin',(35.,55.,-35.));
#2674=CARTESIAN_POINT('',(34.5,55.,28.5192593015921));
#2675=CARTESIAN_POINT('',(34.5,55.,-14.75));
#2676=CARTESIAN_POINT('',(28.5192593015921,55.,34.5));
#2677=CARTESIAN_POINT('Origin',(35.,55.,35.));
#2678=CARTESIAN_POINT('',(-28.5192586290472,55.,34.5));
#2679=CARTESIAN_POINT('',(14.75,55.,34.5));
#2680=CARTESIAN_POINT('',(-34.5,55.,28.5192586290472));
#2681=CARTESIAN_POINT('Origin',(-35.,55.,35.));
#2682=CARTESIAN_POINT('',(-34.5,55.,14.75));
#2683=CARTESIAN_POINT('',(31.5,55.,-26.1682391336722));
#2684=CARTESIAN_POINT('',(31.4999999999992,55.,26.1682391336725));
#2685=CARTESIAN_POINT('',(31.5,55.,12.7565835097474));
#2686=CARTESIAN_POINT('',(26.1682391336722,55.,-31.5));
#2687=CARTESIAN_POINT('Origin',(35.,55.,-35.));
#2688=CARTESIAN_POINT('',(-26.1682391336722,55.,-31.5));
#2689=CARTESIAN_POINT('',(12.7565835097474,55.,-31.5));
#2690=CARTESIAN_POINT('',(-31.5000000000009,55.,-26.1682391336718));
#2691=CARTESIAN_POINT('Origin',(-35.,55.,-35.));
#2692=CARTESIAN_POINT('',(-31.5,55.,26.1682384123838));
#2693=CARTESIAN_POINT('',(-31.5,55.,-12.7565835097474));
#2694=CARTESIAN_POINT('',(-26.1682384123838,55.,31.5));
#2695=CARTESIAN_POINT('Origin',(-35.,55.,35.));
#2696=CARTESIAN_POINT('',(26.1682391336722,55.,31.5));
#2697=CARTESIAN_POINT('',(-12.7565831386648,55.,31.5));
#2698=CARTESIAN_POINT('Origin',(35.,55.,35.));
#2699=CARTESIAN_POINT('Origin',(35.,56.,-35.));
#2700=CARTESIAN_POINT('',(29.5,56.,-35.));
#2701=CARTESIAN_POINT('Origin',(28.5,56.,-35.));
#2702=CARTESIAN_POINT('',(34.9999998700189,56.,-29.5));
#2703=CARTESIAN_POINT('Origin',(35.,56.,-35.));
#2704=CARTESIAN_POINT('',(34.9999998582025,55.1339745143488,-28.9999998582025));
#2705=CARTESIAN_POINT('Origin',(34.999999846386,56.,-28.5));
#2706=CARTESIAN_POINT('Ctrl Pts',(34.5,55.,-28.5192593015922));
#2707=CARTESIAN_POINT('Ctrl Pts',(34.501487183158,55.,-28.5206361656519));
#2708=CARTESIAN_POINT('Ctrl Pts',(34.5029741489288,55.0000033175704,-28.5220132672333));
#2709=CARTESIAN_POINT('Ctrl Pts',(34.6338577397839,55.0005871802028,-28.6432652212041));
#2710=CARTESIAN_POINT('Ctrl Pts',(34.7624661799903,55.0262679496248,-28.765867971135));
#2711=CARTESIAN_POINT('Ctrl Pts',(34.9227509910724,55.0927358411912,-28.9231171905086));
#2712=CARTESIAN_POINT('Ctrl Pts',(34.9618659467687,55.1119578986423,-28.96186594767));
#2713=CARTESIAN_POINT('Ctrl Pts',(34.9999998582025,55.1339745143488,-28.9999998582025));
#2714=CARTESIAN_POINT('Origin',(-34.5,56.,14.75));
#2715=CARTESIAN_POINT('',(-34.9982889431314,55.1329889682634,28.9982885164859));
#2716=CARTESIAN_POINT('Ctrl Pts',(-34.5,55.,28.5192586290472));
#2717=CARTESIAN_POINT('Ctrl Pts',(-34.5014341445847,55.,28.5205863889403));
#2718=CARTESIAN_POINT('Ctrl Pts',(-34.5028680869913,55.0000030851559,28.5219143696971));
#2719=CARTESIAN_POINT('Ctrl Pts',(-34.675557887343,55.0007459720063,28.6818924031422));
#2720=CARTESIAN_POINT('Ctrl Pts',(-34.845963138857,55.04544421826,28.8460061333192));
#2721=CARTESIAN_POINT('Ctrl Pts',(-34.9982889431314,55.1329889682634,28.9982885164859));
#2722=CARTESIAN_POINT('',(-35.5,56.,29.5));
#2723=CARTESIAN_POINT('Origin',(-34.5,56.,28.5));
#2724=CARTESIAN_POINT('',(-35.5,56.,-29.5));
#2725=CARTESIAN_POINT('',(-35.5,56.,14.75));
#2726=CARTESIAN_POINT('Origin',(-34.5,56.,-28.5));
#2727=CARTESIAN_POINT('Origin',(-35.5,60.,29.5));
#2728=CARTESIAN_POINT('',(-35.5,60.,29.5));
#2729=CARTESIAN_POINT('',(-35.5,60.,29.5));
#2730=CARTESIAN_POINT('',(-35.5,60.,-29.5));
#2731=CARTESIAN_POINT('',(-35.5,60.,14.75));
#2732=CARTESIAN_POINT('',(-35.5,60.,-29.5));
#2733=CARTESIAN_POINT('Origin',(-17.4992159891751,56.,28.5));
#2734=CARTESIAN_POINT('',(-34.9984319783502,56.,29.4999995529652));
#2735=CARTESIAN_POINT('Origin',(-34.9981468835395,56.,28.4999995936047));
#2736=CARTESIAN_POINT('',(-17.4992159891751,56.,29.5));
#2737=CARTESIAN_POINT('Origin',(-35.,56.,35.));
#2738=CARTESIAN_POINT('',(-28.9984310815003,55.1330711892404,34.9984319783832));
#2739=CARTESIAN_POINT('Ctrl Pts',(-28.998431327717,55.1330710828768,34.9984317933835));
#2740=CARTESIAN_POINT('Ctrl Pts',(-28.8461089255629,55.0454720102966,34.8460695842688));
#2741=CARTESIAN_POINT('Ctrl Pts',(-28.6819419969907,55.0007462019363,34.6756114219593));
#2742=CARTESIAN_POINT('Ctrl Pts',(-28.5219143683758,55.0000030851528,34.502868085564));
#2743=CARTESIAN_POINT('Ctrl Pts',(-28.5205863882713,55.,34.5014341438621));
#2744=CARTESIAN_POINT('Ctrl Pts',(-28.5192586290472,55.,34.5));
#2745=CARTESIAN_POINT('',(-29.4999995529652,56.,34.9984319783832));
#2746=CARTESIAN_POINT('Origin',(-28.5,56.,34.9984319783832));
#2747=CARTESIAN_POINT('Origin',(-35.,56.,35.));
#2748=CARTESIAN_POINT('Origin',(-17.75,56.,-28.5));
#2749=CARTESIAN_POINT('',(-17.75,56.,-29.5));
#2750=CARTESIAN_POINT('Origin',(-28.5,56.,-17.5));
#2751=CARTESIAN_POINT('',(-29.5,56.,-17.5));
#2752=CARTESIAN_POINT('Origin',(-29.5,60.,-35.));
#2753=CARTESIAN_POINT('',(-29.5,60.,-35.));
#2754=CARTESIAN_POINT('',(-29.5,60.,-35.));
#2755=CARTESIAN_POINT('',(-29.5,60.,-35.5));
#2756=CARTESIAN_POINT('',(-29.5,60.,-17.5));
#2757=CARTESIAN_POINT('',(-29.5,60.,-35.5));
#2758=CARTESIAN_POINT('Origin',(-35.,60.,-35.));
#2759=CARTESIAN_POINT('',(-34.9999998253784,60.,-29.5));
#2760=CARTESIAN_POINT('',(-34.9999998253784,60.,-29.5));
#2761=CARTESIAN_POINT('Origin',(-35.,60.,-35.));
#2762=CARTESIAN_POINT('Origin',(-35.5,60.,-29.5));
#2763=CARTESIAN_POINT('',(-17.75,60.,-29.5));
#2764=CARTESIAN_POINT('Origin',(14.75,56.,34.5));
#2765=CARTESIAN_POINT('',(29.,55.1339745962156,35.));
#2766=CARTESIAN_POINT('Ctrl Pts',(28.5192593015921,55.,34.5));
#2767=CARTESIAN_POINT('Ctrl Pts',(28.5206361656524,55.,34.5014871831585));
#2768=CARTESIAN_POINT('Ctrl Pts',(28.5220132672346,55.0000033175704,34.5029741489303));
#2769=CARTESIAN_POINT('Ctrl Pts',(28.643265221203,55.0005871802031,34.6338577397828));
#2770=CARTESIAN_POINT('Ctrl Pts',(28.7658679711357,55.026267949625,34.7624661799911));
#2771=CARTESIAN_POINT('Ctrl Pts',(28.9231172387783,55.0927358615945,34.922751040274));
#2772=CARTESIAN_POINT('Ctrl Pts',(28.9618660437285,55.1119579462969,34.9618660437285));
#2773=CARTESIAN_POINT('Ctrl Pts',(29.,55.1339745962156,35.));
#2774=CARTESIAN_POINT('',(29.5,56.,35.5));
#2775=CARTESIAN_POINT('Origin',(28.5,56.,34.5));
#2776=CARTESIAN_POINT('',(-29.5,56.,35.5));
#2777=CARTESIAN_POINT('',(14.75,56.,35.5));
#2778=CARTESIAN_POINT('Origin',(-28.5,56.,34.5));
#2779=CARTESIAN_POINT('Origin',(29.5,60.,35.5));
#2780=CARTESIAN_POINT('',(29.5,60.,35.5));
#2781=CARTESIAN_POINT('',(29.5,60.,35.5));
#2782=CARTESIAN_POINT('',(-29.5,60.,35.5));
#2783=CARTESIAN_POINT('',(14.75,60.,35.5));
#2784=CARTESIAN_POINT('',(-29.5,60.,35.5));
#2785=CARTESIAN_POINT('Origin',(28.5,56.,17.5));
#2786=CARTESIAN_POINT('',(29.5,56.,35.));
#2787=CARTESIAN_POINT('Origin',(28.5,56.,35.));
#2788=CARTESIAN_POINT('',(29.5,56.,17.5));
#2789=CARTESIAN_POINT('Origin',(35.,56.,35.));
#2790=CARTESIAN_POINT('',(34.999999870019,55.133974521171,28.999999870019));
#2791=CARTESIAN_POINT('Ctrl Pts',(34.999999870019,55.133974521171,28.999999870019));
#2792=CARTESIAN_POINT('Ctrl Pts',(34.9446654912178,55.1020272137481,28.9446654924165));
#2793=CARTESIAN_POINT('Ctrl Pts',(34.8871460354073,55.0758937402104,28.8879217839774));
#2794=CARTESIAN_POINT('Ctrl Pts',(34.7241140932594,55.0191895086311,28.7293589175192));
#2795=CARTESIAN_POINT('Ctrl Pts',(34.6146237605534,55.0005013787536,28.625446657784));
#2796=CARTESIAN_POINT('Ctrl Pts',(34.5029741489273,55.0000033175704,28.5220132672318));
#2797=CARTESIAN_POINT('Ctrl Pts',(34.5014871831576,55.,28.5206361656515));
#2798=CARTESIAN_POINT('Ctrl Pts',(34.5,55.,28.5192593015921));
#2799=CARTESIAN_POINT('',(34.999999870019,56.,29.5));
#2800=CARTESIAN_POINT('Origin',(34.999999870019,56.,28.5));
#2801=CARTESIAN_POINT('Origin',(35.,56.,35.));
#2802=CARTESIAN_POINT('Origin',(-28.5,56.,17.75));
#2803=CARTESIAN_POINT('',(-29.5,56.,17.75));
#2804=CARTESIAN_POINT('Origin',(-34.9984319783502,60.,29.5));
#2805=CARTESIAN_POINT('',(-34.9984319783502,60.,29.4999995529652));
#2806=CARTESIAN_POINT('',(-34.9984319783502,60.,29.4999995529652));
#2807=CARTESIAN_POINT('',(-17.4992159891751,60.,29.5));
#2808=CARTESIAN_POINT('Origin',(-35.,60.,35.));
#2809=CARTESIAN_POINT('',(-29.4999995529652,60.,34.9984319783832));
#2810=CARTESIAN_POINT('',(-29.4999995529652,60.,34.9984319783832));
#2811=CARTESIAN_POINT('Origin',(-35.,60.,35.));
#2812=CARTESIAN_POINT('Origin',(-29.5,60.,35.5));
#2813=CARTESIAN_POINT('',(-29.5,60.,17.75));
#2814=CARTESIAN_POINT('Origin',(34.5,56.,-14.75));
#2815=CARTESIAN_POINT('',(35.5,56.,-29.5));
#2816=CARTESIAN_POINT('Origin',(34.5,56.,-28.5));
#2817=CARTESIAN_POINT('',(35.5,56.,29.5));
#2818=CARTESIAN_POINT('',(35.5,56.,-14.75));
#2819=CARTESIAN_POINT('Origin',(34.5,56.,28.5));
#2820=CARTESIAN_POINT('Origin',(35.5,60.,-29.5));
#2821=CARTESIAN_POINT('',(35.5,60.,-29.5));
#2822=CARTESIAN_POINT('',(35.5,60.,-29.5));
#2823=CARTESIAN_POINT('',(35.5,60.,29.5));
#2824=CARTESIAN_POINT('',(35.5,60.,-14.75));
#2825=CARTESIAN_POINT('',(35.5,60.,29.5));
#2826=CARTESIAN_POINT('Origin',(17.4999999350095,56.,-28.5));
#2827=CARTESIAN_POINT('',(17.4999999350095,56.,-29.5));
#2828=CARTESIAN_POINT('Origin',(17.75,56.,28.5));
#2829=CARTESIAN_POINT('',(17.75,56.,29.5));
#2830=CARTESIAN_POINT('Origin',(29.5,60.,35.));
#2831=CARTESIAN_POINT('',(29.5,60.,35.));
#2832=CARTESIAN_POINT('',(29.5,60.,35.));
#2833=CARTESIAN_POINT('',(29.5,60.,17.5));
#2834=CARTESIAN_POINT('Origin',(35.,60.,35.));
#2835=CARTESIAN_POINT('',(34.999999870019,60.,29.5));
#2836=CARTESIAN_POINT('',(34.999999870019,60.,29.5));
#2837=CARTESIAN_POINT('Origin',(35.,60.,35.));
#2838=CARTESIAN_POINT('Origin',(35.5,60.,29.5));
#2839=CARTESIAN_POINT('',(17.75,60.,29.5));
#2840=CARTESIAN_POINT('Origin',(28.5,56.,-17.75));
#2841=CARTESIAN_POINT('',(29.5,56.,-17.75));
#2842=CARTESIAN_POINT('Origin',(34.9999998700189,60.,-29.5));
#2843=CARTESIAN_POINT('',(34.9999998700189,60.,-29.5));
#2844=CARTESIAN_POINT('',(34.9999998700189,60.,-29.5));
#2845=CARTESIAN_POINT('',(17.4999999350095,60.,-29.5));
#2846=CARTESIAN_POINT('Origin',(35.,60.,-35.));
#2847=CARTESIAN_POINT('',(29.5,60.,-35.));
#2848=CARTESIAN_POINT('',(29.5,60.,-35.));
#2849=CARTESIAN_POINT('Origin',(35.,60.,-35.));
#2850=CARTESIAN_POINT('Origin',(29.5,60.,-35.5));
#2851=CARTESIAN_POINT('',(29.5,60.,-35.5));
#2852=CARTESIAN_POINT('',(29.5,60.,-35.5));
#2853=CARTESIAN_POINT('',(29.5,60.,-17.75));
#2854=CARTESIAN_POINT('Origin',(31.5,56.,12.7565835097474));
#2855=CARTESIAN_POINT('Ctrl Pts',(31.4999999999992,55.,26.1682391336725));
#2856=CARTESIAN_POINT('Ctrl Pts',(31.4985118876176,55.,26.1672281603881));
#2857=CARTESIAN_POINT('Ctrl Pts',(31.4970236941311,55.0000033217176,26.1662173055924));
#2858=CARTESIAN_POINT('Ctrl Pts',(31.409819065774,55.0003926567133,26.1069937623859));
#2859=CARTESIAN_POINT('Ctrl Pts',(31.3237988292309,55.0117976326168,26.0491590173308));
#2860=CARTESIAN_POINT('Ctrl Pts',(31.1575717066152,55.0566154977923,25.938425571579));
#2861=CARTESIAN_POINT('Ctrl Pts',(31.0772332302433,55.0895095357909,25.8854134459531));
#2862=CARTESIAN_POINT('Ctrl Pts',(30.8951377469385,55.1943443075732,25.766194904651));
#2863=CARTESIAN_POINT('Ctrl Pts',(30.7977448191264,55.2762662849619,25.7032391840717));
#2864=CARTESIAN_POINT('Ctrl Pts',(30.6475857993814,55.4654172712277,25.6068672357408));
#2865=CARTESIAN_POINT('Ctrl Pts',(30.5915430905548,55.5659031748158,25.5712110597369));
#2866=CARTESIAN_POINT('Ctrl Pts',(30.5184886131221,55.7798113499797,25.5248411503808));
#2867=CARTESIAN_POINT('Ctrl Pts',(30.5,55.8889581033733,25.5131670194949));
#2868=CARTESIAN_POINT('Ctrl Pts',(30.5,56.,25.5131670194949));
#2869=CARTESIAN_POINT('Ctrl Pts',(31.5,55.,-26.1682391336722));
#2870=CARTESIAN_POINT('Ctrl Pts',(31.4985118876209,55.,-26.1672281603896));
#2871=CARTESIAN_POINT('Ctrl Pts',(31.4970236941265,55.0000033217176,-26.1662173055893));
#2872=CARTESIAN_POINT('Ctrl Pts',(31.4098190657742,55.0003926567135,-26.106993762386));
#2873=CARTESIAN_POINT('Ctrl Pts',(31.32379882923,55.0117976326169,-26.0491590173301));
#2874=CARTESIAN_POINT('Ctrl Pts',(31.1575717066145,55.0566154977925,-25.9384255715786));
#2875=CARTESIAN_POINT('Ctrl Pts',(31.077233230243,55.0895095357911,-25.8854134459529));
#2876=CARTESIAN_POINT('Ctrl Pts',(30.8951377469385,55.1943443075732,-25.766194904651));
#2877=CARTESIAN_POINT('Ctrl Pts',(30.7977448191264,55.2762662849619,-25.7032391840717));
#2878=CARTESIAN_POINT('Ctrl Pts',(30.6475857993814,55.4654172712277,-25.6068672357408));
#2879=CARTESIAN_POINT('Ctrl Pts',(30.5915430905548,55.5659031748158,-25.5712110597369));
#2880=CARTESIAN_POINT('Ctrl Pts',(30.5184886131221,55.7798113499797,-25.5248411503808));
#2881=CARTESIAN_POINT('Ctrl Pts',(30.5,55.8889581033733,-25.5131670194949));
#2882=CARTESIAN_POINT('Ctrl Pts',(30.5,56.,-25.5131670194949));
#2883=CARTESIAN_POINT('Origin',(35.,56.,35.));
#2884=CARTESIAN_POINT('',(25.5131670194949,56.,30.5));
#2885=CARTESIAN_POINT('Ctrl Pts',(26.1682391336722,55.,31.5));
#2886=CARTESIAN_POINT('Ctrl Pts',(26.1672281603896,55.,31.498511887621));
#2887=CARTESIAN_POINT('Ctrl Pts',(26.1662173055893,55.0000033217176,31.4970236941265));
#2888=CARTESIAN_POINT('Ctrl Pts',(26.1069937623858,55.0003926567135,31.409819065774));
#2889=CARTESIAN_POINT('Ctrl Pts',(26.0491590173301,55.0117976326169,31.32379882923));
#2890=CARTESIAN_POINT('Ctrl Pts',(25.9384255715786,55.0566154977925,31.1575717066146));
#2891=CARTESIAN_POINT('Ctrl Pts',(25.8854134459529,55.0895095357911,31.0772332302431));
#2892=CARTESIAN_POINT('Ctrl Pts',(25.766194904651,55.1943443075732,30.8951377469385));
#2893=CARTESIAN_POINT('Ctrl Pts',(25.7032391840717,55.2762662849619,30.7977448191264));
#2894=CARTESIAN_POINT('Ctrl Pts',(25.6068672357407,55.4654172712277,30.6475857993814));
#2895=CARTESIAN_POINT('Ctrl Pts',(25.5712110597369,55.5659031748158,30.5915430905549));
#2896=CARTESIAN_POINT('Ctrl Pts',(25.5248411503808,55.7798113499797,30.5184886131221));
#2897=CARTESIAN_POINT('Ctrl Pts',(25.5131670194949,55.8889581033733,30.5));
#2898=CARTESIAN_POINT('Ctrl Pts',(25.5131670194949,56.,30.5));
#2899=CARTESIAN_POINT('Origin',(35.,56.,35.));
#2900=CARTESIAN_POINT('Origin',(-12.7565831386648,56.,31.5));
#2901=CARTESIAN_POINT('',(-25.5131662773295,56.,30.5));
#2902=CARTESIAN_POINT('Ctrl Pts',(-26.1682384123838,55.,31.5));
#2903=CARTESIAN_POINT('Ctrl Pts',(-26.1672274390708,55.,31.498511887621));
#2904=CARTESIAN_POINT('Ctrl Pts',(-26.1662165842402,55.0000033217176,31.4970236941268));
#2905=CARTESIAN_POINT('Ctrl Pts',(-26.1069930385194,55.0003926567183,31.4098190646923));
#2906=CARTESIAN_POINT('Ctrl Pts',(-26.0491582909615,55.0117976329036,31.3237988270507));
#2907=CARTESIAN_POINT('Ctrl Pts',(-25.9384248405012,55.0566154991973,31.1575717024938));
#2908=CARTESIAN_POINT('Ctrl Pts',(-25.8854127126344,55.0895095379997,31.0772332252335));
#2909=CARTESIAN_POINT('Ctrl Pts',(-25.7661941676251,55.194344311353,30.8951377420049));
#2910=CARTESIAN_POINT('Ctrl Pts',(-25.7032384454717,55.2762662890877,30.797744814897));
#2911=CARTESIAN_POINT('Ctrl Pts',(-25.6068664951368,55.4654172753464,30.6475857969275));
#2912=CARTESIAN_POINT('Ctrl Pts',(-25.571210318487,55.5659031783896,30.5915430889441));
#2913=CARTESIAN_POINT('Ctrl Pts',(-25.5248404083944,55.7798113520326,30.5184886127835));
#2914=CARTESIAN_POINT('Ctrl Pts',(-25.5131662773295,55.8889581043885,30.5));
#2915=CARTESIAN_POINT('Ctrl Pts',(-25.5131662773295,56.,30.5));
#2916=CARTESIAN_POINT('',(-12.7565831386648,56.,30.5));
#2917=CARTESIAN_POINT('Origin',(-35.,56.,35.));
#2918=CARTESIAN_POINT('',(-30.5,56.,25.5131662773295));
#2919=CARTESIAN_POINT('Ctrl Pts',(-31.5,55.,26.1682384123838));
#2920=CARTESIAN_POINT('Ctrl Pts',(-31.4985118876216,55.,26.1672274390712));
#2921=CARTESIAN_POINT('Ctrl Pts',(-31.4970236941282,55.0000033217176,26.1662165842412));
#2922=CARTESIAN_POINT('Ctrl Pts',(-31.4098190646938,55.0003926567181,26.1069930385205));
#2923=CARTESIAN_POINT('Ctrl Pts',(-31.323798827052,55.0117976329034,26.0491582909623));
#2924=CARTESIAN_POINT('Ctrl Pts',(-31.1575717024945,55.056615499197,25.9384248405017));
#2925=CARTESIAN_POINT('Ctrl Pts',(-31.0772332252338,55.0895095379995,25.8854127126347));
#2926=CARTESIAN_POINT('Ctrl Pts',(-30.8951377420048,55.194344311353,25.7661941676251));
#2927=CARTESIAN_POINT('Ctrl Pts',(-30.7977448148969,55.2762662890877,25.7032384454717));
#2928=CARTESIAN_POINT('Ctrl Pts',(-30.6475857969274,55.4654172753464,25.6068664951368));
#2929=CARTESIAN_POINT('Ctrl Pts',(-30.5915430889441,55.5659031783896,25.571210318487));
#2930=CARTESIAN_POINT('Ctrl Pts',(-30.5184886127835,55.7798113520326,25.5248404083943));
#2931=CARTESIAN_POINT('Ctrl Pts',(-30.5,55.8889581043885,25.5131662773295));
#2932=CARTESIAN_POINT('Ctrl Pts',(-30.5,56.,25.5131662773295));
#2933=CARTESIAN_POINT('Origin',(-35.,56.,35.));
#2934=CARTESIAN_POINT('Origin',(-31.5,56.,-12.7565835097474));
#2935=CARTESIAN_POINT('Ctrl Pts',(-31.5000000000009,55.,-26.1682391336718));
#2936=CARTESIAN_POINT('Ctrl Pts',(-31.4985118876264,55.,-26.1672281603922));
#2937=CARTESIAN_POINT('Ctrl Pts',(-31.4970236941241,55.0000033217176,-26.1662173055876));
#2938=CARTESIAN_POINT('Ctrl Pts',(-31.4098190657734,55.0003926567133,-26.1069937623855));
#2939=CARTESIAN_POINT('Ctrl Pts',(-31.3237988292309,55.0117976326168,-26.0491590173307));
#2940=CARTESIAN_POINT('Ctrl Pts',(-31.1575717066152,55.0566154977923,-25.9384255715791));
#2941=CARTESIAN_POINT('Ctrl Pts',(-31.0772332302434,55.0895095357909,-25.8854134459531));
#2942=CARTESIAN_POINT('Ctrl Pts',(-30.8951377469385,55.1943443075732,-25.766194904651));
#2943=CARTESIAN_POINT('Ctrl Pts',(-30.7977448191264,55.2762662849619,-25.7032391840717));
#2944=CARTESIAN_POINT('Ctrl Pts',(-30.6475857993814,55.4654172712277,-25.6068672357408));
#2945=CARTESIAN_POINT('Ctrl Pts',(-30.5915430905549,55.5659031748158,-25.5712110597369));
#2946=CARTESIAN_POINT('Ctrl Pts',(-30.5184886131221,55.7798113499797,-25.5248411503808));
#2947=CARTESIAN_POINT('Ctrl Pts',(-30.5,55.8889581033733,-25.5131670194949));
#2948=CARTESIAN_POINT('Ctrl Pts',(-30.5,56.,-25.5131670194949));
#2949=CARTESIAN_POINT('',(-30.5,56.,-12.7565835097474));
#2950=CARTESIAN_POINT('Origin',(-35.,56.,-35.));
#2951=CARTESIAN_POINT('Ctrl Pts',(-26.1682391336722,55.,-31.5));
#2952=CARTESIAN_POINT('Ctrl Pts',(-26.1672281603897,55.,-31.4985118876212));
#2953=CARTESIAN_POINT('Ctrl Pts',(-26.1662173055892,55.0000033217176,-31.4970236941264));
#2954=CARTESIAN_POINT('Ctrl Pts',(-26.1069937623875,55.0003926567135,-31.4098190657771));
#2955=CARTESIAN_POINT('Ctrl Pts',(-26.0491590173304,55.0117976326168,-31.3237988292305));
#2956=CARTESIAN_POINT('Ctrl Pts',(-25.9384255715786,55.0566154977925,-31.1575717066146));
#2957=CARTESIAN_POINT('Ctrl Pts',(-25.8854134459529,55.0895095357911,-31.0772332302431));
#2958=CARTESIAN_POINT('Ctrl Pts',(-25.766194904651,55.1943443075732,-30.8951377469385));
#2959=CARTESIAN_POINT('Ctrl Pts',(-25.7032391840717,55.2762662849619,-30.7977448191264));
#2960=CARTESIAN_POINT('Ctrl Pts',(-25.6068672357407,55.4654172712277,-30.6475857993814));
#2961=CARTESIAN_POINT('Ctrl Pts',(-25.5712110597369,55.5659031748158,-30.5915430905549));
#2962=CARTESIAN_POINT('Ctrl Pts',(-25.5248411503808,55.7798113499797,-30.5184886131221));
#2963=CARTESIAN_POINT('Ctrl Pts',(-25.5131670194949,55.8889581033733,-30.5));
#2964=CARTESIAN_POINT('Ctrl Pts',(-25.5131670194949,56.,-30.5));
#2965=CARTESIAN_POINT('Origin',(12.7565835097474,56.,-31.5));
#2966=CARTESIAN_POINT('Ctrl Pts',(26.1682391336721,55.,-31.5));
#2967=CARTESIAN_POINT('Ctrl Pts',(26.16722816039,55.,-31.4985118876216));
#2968=CARTESIAN_POINT('Ctrl Pts',(26.1662173055902,55.0000033217176,-31.4970236941279));
#2969=CARTESIAN_POINT('Ctrl Pts',(26.1069937623865,55.0003926567133,-31.4098190657751));
#2970=CARTESIAN_POINT('Ctrl Pts',(26.0491590173309,55.0117976326167,-31.3237988292312));
#2971=CARTESIAN_POINT('Ctrl Pts',(25.938425571579,55.0566154977923,-31.1575717066152));
#2972=CARTESIAN_POINT('Ctrl Pts',(25.8854134459531,55.0895095357909,-31.0772332302434));
#2973=CARTESIAN_POINT('Ctrl Pts',(25.766194904651,55.1943443075732,-30.8951377469385));
#2974=CARTESIAN_POINT('Ctrl Pts',(25.7032391840717,55.2762662849619,-30.7977448191264));
#2975=CARTESIAN_POINT('Ctrl Pts',(25.6068672357407,55.4654172712277,-30.6475857993814));
#2976=CARTESIAN_POINT('Ctrl Pts',(25.5712110597369,55.5659031748158,-30.5915430905549));
#2977=CARTESIAN_POINT('Ctrl Pts',(25.5248411503808,55.7798113499798,-30.5184886131221));
#2978=CARTESIAN_POINT('Ctrl Pts',(25.5131670194949,55.8889581033733,-30.5));
#2979=CARTESIAN_POINT('Ctrl Pts',(25.5131670194949,56.,-30.5));
#2980=CARTESIAN_POINT('Origin',(35.,56.,-35.));
#2981=CARTESIAN_POINT('Origin',(35.,60.,35.));
#2982=CARTESIAN_POINT('',(25.5131670194949,60.,30.5));
#2983=CARTESIAN_POINT('Origin',(-25.5131662773295,60.,30.5));
#2984=CARTESIAN_POINT('',(-25.5131662773295,60.,30.5));
#2985=CARTESIAN_POINT('Origin',(-35.,60.,35.));
#2986=CARTESIAN_POINT('',(-30.5,60.,25.5131662773295));
#2987=CARTESIAN_POINT('Origin',(-30.5,60.,-25.5131670194949));
#2988=CARTESIAN_POINT('Origin',(-29.5,60.,-35.5));
#2989=CARTESIAN_POINT('',(-14.75,60.,-35.5));
#2990=CARTESIAN_POINT('Origin',(8.88178419700125E-15,60.,0.));
#2991=CARTESIAN_POINT('',(-40.,60.,39.));
#2992=CARTESIAN_POINT('',(-39.,60.,40.));
#2993=CARTESIAN_POINT('Origin',(-39.,60.,39.));
#2994=CARTESIAN_POINT('',(-40.,60.,-39.));
#2995=CARTESIAN_POINT('',(-40.,60.,40.));
#2996=CARTESIAN_POINT('',(-39.,60.,-40.));
#2997=CARTESIAN_POINT('Origin',(-39.,60.,-39.));
#2998=CARTESIAN_POINT('',(39.,60.,-40.));
#2999=CARTESIAN_POINT('',(-40.,60.,-40.));
#3000=CARTESIAN_POINT('',(40.,60.,-39.));
#3001=CARTESIAN_POINT('Origin',(39.,60.,-39.));
#3002=CARTESIAN_POINT('',(40.,60.,39.));
#3003=CARTESIAN_POINT('',(40.,60.,-40.));
#3004=CARTESIAN_POINT('',(39.,60.,40.));
#3005=CARTESIAN_POINT('Origin',(39.,60.,39.));
#3006=CARTESIAN_POINT('',(40.,60.,40.));
#3007=CARTESIAN_POINT('',(36.75,60.,-35.));
#3008=CARTESIAN_POINT('Origin',(35.,60.,-35.));
#3009=CARTESIAN_POINT('',(-33.25,60.,-35.));
#3010=CARTESIAN_POINT('Origin',(-35.,60.,-35.));
#3011=CARTESIAN_POINT('',(36.75,60.,35.));
#3012=CARTESIAN_POINT('Origin',(35.,60.,35.));
#3013=CARTESIAN_POINT('',(-33.25,60.,35.));
#3014=CARTESIAN_POINT('Origin',(-35.,60.,35.));
#3015=CARTESIAN_POINT('Origin',(0.,64.,0.));
#3016=CARTESIAN_POINT('',(3.175,64.,-3.88825358729285E-16));
#3017=CARTESIAN_POINT('Origin',(0.,64.,0.));
#3018=CARTESIAN_POINT('',(3.175,56.,-3.88825358729285E-16));
#3019=CARTESIAN_POINT('',(3.175,64.,3.88825358729285E-16));
#3020=CARTESIAN_POINT('Origin',(0.,56.,0.));
#3021=CARTESIAN_POINT('Origin',(0.,56.,0.));
#3022=CARTESIAN_POINT('Origin',(-9.,59.,-9.));
#3023=CARTESIAN_POINT('',(-9.,59.,-10.));
#3024=CARTESIAN_POINT('Origin',(-9.,59.,-11.));
#3025=CARTESIAN_POINT('',(-10.,59.,-9.));
#3026=CARTESIAN_POINT('Origin',(-9.,59.,-9.));
#3027=CARTESIAN_POINT('Origin',(-11.,59.,-9.));
#3028=CARTESIAN_POINT('Origin',(9.,59.,-9.));
#3029=CARTESIAN_POINT('',(10.,59.,-9.));
#3030=CARTESIAN_POINT('Origin',(11.,59.,-9.));
#3031=CARTESIAN_POINT('',(9.,59.,-10.));
#3032=CARTESIAN_POINT('Origin',(9.,59.,-9.));
#3033=CARTESIAN_POINT('Origin',(9.,59.,-11.));
#3034=CARTESIAN_POINT('Origin',(-9.,59.,9.));
#3035=CARTESIAN_POINT('',(-10.,59.,9.));
#3036=CARTESIAN_POINT('Origin',(-11.,59.,9.));
#3037=CARTESIAN_POINT('',(-9.,59.,10.));
#3038=CARTESIAN_POINT('Origin',(-9.,59.,9.));
#3039=CARTESIAN_POINT('Origin',(-9.,59.,11.));
#3040=CARTESIAN_POINT('Origin',(-11.,59.,5.));
#3041=CARTESIAN_POINT('',(-10.,59.,5.));
#3042=CARTESIAN_POINT('Origin',(-9.,53.,-9.));
#3043=CARTESIAN_POINT('',(-10.,53.,-9.));
#3044=CARTESIAN_POINT('',(-9.,52.,-9.));
#3045=CARTESIAN_POINT('Origin',(-9.,53.,-9.));
#3046=CARTESIAN_POINT('',(-9.,53.,-10.));
#3047=CARTESIAN_POINT('Origin',(-9.,53.,-9.));
#3048=CARTESIAN_POINT('Origin',(-9.,53.,-9.));
#3049=CARTESIAN_POINT('Origin',(-9.,60.,-9.));
#3050=CARTESIAN_POINT('',(-10.,60.,-9.));
#3051=CARTESIAN_POINT('',(-9.,60.,-10.));
#3052=CARTESIAN_POINT('Origin',(9.,59.,9.));
#3053=CARTESIAN_POINT('',(10.,59.,9.));
#3054=CARTESIAN_POINT('',(9.,59.,10.));
#3055=CARTESIAN_POINT('Origin',(9.,59.,9.));
#3056=CARTESIAN_POINT('Origin',(11.,59.,9.));
#3057=CARTESIAN_POINT('Origin',(9.,59.,11.));
#3058=CARTESIAN_POINT('Origin',(11.,59.,-5.));
#3059=CARTESIAN_POINT('',(10.,59.,-5.));
#3060=CARTESIAN_POINT('Origin',(5.,59.,11.));
#3061=CARTESIAN_POINT('',(5.,59.,10.));
#3062=CARTESIAN_POINT('Origin',(9.,53.,-9.));
#3063=CARTESIAN_POINT('',(9.,53.,-10.));
#3064=CARTESIAN_POINT('',(9.,52.,-9.));
#3065=CARTESIAN_POINT('Origin',(9.,53.,-9.));
#3066=CARTESIAN_POINT('',(10.,53.,-9.));
#3067=CARTESIAN_POINT('Origin',(9.,53.,-9.));
#3068=CARTESIAN_POINT('Origin',(9.,53.,-9.));
#3069=CARTESIAN_POINT('Origin',(9.,60.,-9.));
#3070=CARTESIAN_POINT('',(9.,60.,-10.));
#3071=CARTESIAN_POINT('',(10.,60.,-9.));
#3072=CARTESIAN_POINT('Origin',(-9.,53.,9.));
#3073=CARTESIAN_POINT('',(-9.,53.,10.));
#3074=CARTESIAN_POINT('',(-9.,52.,9.));
#3075=CARTESIAN_POINT('Origin',(-9.,53.,9.));
#3076=CARTESIAN_POINT('',(-10.,53.,9.));
#3077=CARTESIAN_POINT('Origin',(-9.,53.,9.));
#3078=CARTESIAN_POINT('Origin',(-9.,53.,9.));
#3079=CARTESIAN_POINT('Origin',(-9.,60.,9.));
#3080=CARTESIAN_POINT('',(-9.,60.,10.));
#3081=CARTESIAN_POINT('',(-10.,60.,9.));
#3082=CARTESIAN_POINT('Origin',(-9.,53.,5.));
#3083=CARTESIAN_POINT('',(-9.,52.,5.));
#3084=CARTESIAN_POINT('',(-10.,53.,5.));
#3085=CARTESIAN_POINT('Origin',(9.,53.,9.));
#3086=CARTESIAN_POINT('',(10.,53.,9.));
#3087=CARTESIAN_POINT('',(9.,52.,9.));
#3088=CARTESIAN_POINT('Origin',(9.,53.,9.));
#3089=CARTESIAN_POINT('',(9.,53.,10.));
#3090=CARTESIAN_POINT('Origin',(9.,53.,9.));
#3091=CARTESIAN_POINT('Origin',(9.,53.,9.));
#3092=CARTESIAN_POINT('Origin',(9.,60.,9.));
#3093=CARTESIAN_POINT('',(10.,60.,9.));
#3094=CARTESIAN_POINT('',(9.,60.,10.));
#3095=CARTESIAN_POINT('Origin',(5.,53.,9.));
#3096=CARTESIAN_POINT('',(5.,52.,9.));
#3097=CARTESIAN_POINT('',(5.,53.,10.));
#3098=CARTESIAN_POINT('Origin',(9.,53.,-5.));
#3099=CARTESIAN_POINT('',(9.,52.,-5.));
#3100=CARTESIAN_POINT('',(10.,53.,-5.));
#3101=CARTESIAN_POINT('Origin',(-5.,53.,-9.));
#3102=CARTESIAN_POINT('',(-5.,52.,-9.));
#3103=CARTESIAN_POINT('',(-5.,53.,-10.));
#3104=CARTESIAN_POINT('Origin',(-5.,59.,-11.));
#3105=CARTESIAN_POINT('',(-5.,59.,-10.));
#3106=CARTESIAN_POINT('Origin',(-10.,60.,10.));
#3107=CARTESIAN_POINT('Origin',(10.,60.,-10.));
#3108=CARTESIAN_POINT('Origin',(10.,60.,10.));
#3109=CARTESIAN_POINT('Origin',(-10.,60.,-10.));
#3110=CARTESIAN_POINT('Origin',(0.,52.,0.));
#3111=CARTESIAN_POINT('Origin',(35.,64.,-35.));
#3112=CARTESIAN_POINT('',(36.75,64.,-35.));
#3113=CARTESIAN_POINT('Origin',(35.,64.,-35.));
#3114=CARTESIAN_POINT('',(36.75,64.,-35.));
#3115=CARTESIAN_POINT('Origin',(-35.,64.,-35.));
#3116=CARTESIAN_POINT('',(-33.25,64.,-35.));
#3117=CARTESIAN_POINT('Origin',(-35.,64.,-35.));
#3118=CARTESIAN_POINT('',(-33.25,64.,-35.));
#3119=CARTESIAN_POINT('Origin',(35.,64.,35.));
#3120=CARTESIAN_POINT('',(36.75,64.,35.));
#3121=CARTESIAN_POINT('Origin',(35.,64.,35.));
#3122=CARTESIAN_POINT('',(36.75,64.,35.));
#3123=CARTESIAN_POINT('Origin',(-35.,64.,35.));
#3124=CARTESIAN_POINT('',(-33.25,64.,35.));
#3125=CARTESIAN_POINT('Origin',(-35.,64.,35.));
#3126=CARTESIAN_POINT('',(-33.25,64.,35.));
#3127=CARTESIAN_POINT('Origin',(-20.,63.,39.));
#3128=CARTESIAN_POINT('',(-39.,64.,39.));
#3129=CARTESIAN_POINT('',(-39.,63.,40.));
#3130=CARTESIAN_POINT('Origin',(-39.,63.,39.));
#3131=CARTESIAN_POINT('',(39.,63.,40.));
#3132=CARTESIAN_POINT('',(-20.,63.,40.));
#3133=CARTESIAN_POINT('',(39.,64.,39.));
#3134=CARTESIAN_POINT('Origin',(39.,63.,39.));
#3135=CARTESIAN_POINT('',(-20.,64.,39.));
#3136=CARTESIAN_POINT('Origin',(-39.,63.,-20.));
#3137=CARTESIAN_POINT('',(-39.,64.,-39.));
#3138=CARTESIAN_POINT('',(-40.,63.,-39.));
#3139=CARTESIAN_POINT('Origin',(-39.,63.,-39.));
#3140=CARTESIAN_POINT('',(-40.,63.,39.));
#3141=CARTESIAN_POINT('',(-40.,63.,-20.));
#3142=CARTESIAN_POINT('Origin',(-39.,63.,39.));
#3143=CARTESIAN_POINT('',(-39.,64.,-20.));
#3144=CARTESIAN_POINT('Origin',(-39.,63.,39.));
#3145=CARTESIAN_POINT('Origin',(-39.,63.,39.));
#3146=CARTESIAN_POINT('Origin',(20.,63.,-39.));
#3147=CARTESIAN_POINT('',(39.,64.,-39.));
#3148=CARTESIAN_POINT('',(39.,63.,-40.));
#3149=CARTESIAN_POINT('Origin',(39.,63.,-39.));
#3150=CARTESIAN_POINT('',(-39.,63.,-40.));
#3151=CARTESIAN_POINT('',(20.,63.,-40.));
#3152=CARTESIAN_POINT('Origin',(-39.,63.,-39.));
#3153=CARTESIAN_POINT('',(20.,64.,-39.));
#3154=CARTESIAN_POINT('Origin',(-39.,63.,-39.));
#3155=CARTESIAN_POINT('Origin',(-39.,63.,-39.));
#3156=CARTESIAN_POINT('Origin',(39.,63.,20.));
#3157=CARTESIAN_POINT('',(40.,63.,39.));
#3158=CARTESIAN_POINT('Origin',(39.,63.,39.));
#3159=CARTESIAN_POINT('',(40.,63.,-39.));
#3160=CARTESIAN_POINT('',(40.,63.,20.));
#3161=CARTESIAN_POINT('Origin',(39.,63.,-39.));
#3162=CARTESIAN_POINT('',(39.,64.,20.));
#3163=CARTESIAN_POINT('Origin',(39.,63.,-39.));
#3164=CARTESIAN_POINT('Origin',(39.,63.,-39.));
#3165=CARTESIAN_POINT('Origin',(39.,63.,39.));
#3166=CARTESIAN_POINT('Origin',(39.,63.,39.));
#3167=CARTESIAN_POINT('Origin',(-39.,60.,-39.));
#3168=CARTESIAN_POINT('',(-39.,60.,-40.));
#3169=CARTESIAN_POINT('',(-40.,60.,-39.));
#3170=CARTESIAN_POINT('Origin',(40.,60.,-40.));
#3171=CARTESIAN_POINT('',(39.,60.,-40.));
#3172=CARTESIAN_POINT('Origin',(39.,60.,-39.));
#3173=CARTESIAN_POINT('',(40.,60.,-39.));
#3174=CARTESIAN_POINT('Origin',(40.,60.,40.));
#3175=CARTESIAN_POINT('',(40.,60.,39.));
#3176=CARTESIAN_POINT('Origin',(8.88178419700125E-15,64.,0.));
#3177=CARTESIAN_POINT('Origin',(-39.,60.,39.));
#3178=CARTESIAN_POINT('',(-40.,60.,39.));
#3179=CARTESIAN_POINT('',(-39.,60.,40.));
#3180=CARTESIAN_POINT('Origin',(-40.,60.,-40.));
#3181=CARTESIAN_POINT('Origin',(39.,60.,39.));
#3182=CARTESIAN_POINT('',(39.,60.,40.));
#3183=CARTESIAN_POINT('Origin',(-40.,60.,40.));
#3184=CARTESIAN_POINT('',(0.,0.,0.));
#3185=UNCERTAINTY_MEASURE_WITH_UNIT(LENGTH_MEASURE(0.01),#3191,
'DISTANCE_ACCURACY_VALUE',
'Maximum model space distance between geometric entities at asserted c
onnectivities');
#3186=UNCERTAINTY_MEASURE_WITH_UNIT(LENGTH_MEASURE(0.01),#3191,
'DISTANCE_ACCURACY_VALUE',
'Maximum model space distance between geometric entities at asserted c
onnectivities');
#3187=UNCERTAINTY_MEASURE_WITH_UNIT(LENGTH_MEASURE(0.01),#3191,
'DISTANCE_ACCURACY_VALUE',
'Maximum model space distance between geometric entities at asserted c
onnectivities');
#3188=(
GEOMETRIC_REPRESENTATION_CONTEXT(3)
GLOBAL_UNCERTAINTY_ASSIGNED_CONTEXT((#3185))
GLOBAL_UNIT_ASSIGNED_CONTEXT((#3191,#3193,#3194))
REPRESENTATION_CONTEXT('','3D')
);
#3189=(
GEOMETRIC_REPRESENTATION_CONTEXT(3)
GLOBAL_UNCERTAINTY_ASSIGNED_CONTEXT((#3186))
GLOBAL_UNIT_ASSIGNED_CONTEXT((#3191,#3193,#3194))
REPRESENTATION_CONTEXT('','3D')
);
#3190=(
GEOMETRIC_REPRESENTATION_CONTEXT(3)
GLOBAL_UNCERTAINTY_ASSIGNED_CONTEXT((#3187))
GLOBAL_UNIT_ASSIGNED_CONTEXT((#3191,#3193,#3194))
REPRESENTATION_CONTEXT('','3D')
);
#3191=(
LENGTH_UNIT()
NAMED_UNIT(*)
SI_UNIT(.MILLI.,.METRE.)
);
#3192=(
LENGTH_UNIT()
NAMED_UNIT(*)
SI_UNIT($,.METRE.)
);
#3193=(
NAMED_UNIT(*)
PLANE_ANGLE_UNIT()
SI_UNIT($,.RADIAN.)
);
#3194=(
NAMED_UNIT(*)
SI_UNIT($,.STERADIAN.)
SOLID_ANGLE_UNIT()
);
#3195=SHAPE_DEFINITION_REPRESENTATION(#3197,#3200);
#3196=SHAPE_DEFINITION_REPRESENTATION(#3198,#3201);
#3197=PRODUCT_DEFINITION_SHAPE('',$,#3203);
#3198=PRODUCT_DEFINITION_SHAPE('',$,#3204);
#3199=PRODUCT_DEFINITION_SHAPE($,$,#14);
#3200=SHAPE_REPRESENTATION('',(#1695,#1902),#3188);
#3201=SHAPE_REPRESENTATION('',(#1696),#3189);
#3202=PRODUCT_DEFINITION_CONTEXT('part definition',#3210,'design');
#3203=PRODUCT_DEFINITION('optical_daq_v0_1_3','optical_daq_v0_1_3 v2',#3205,
#3202);
#3204=PRODUCT_DEFINITION('lid','lid',#3206,#3202);
#3205=PRODUCT_DEFINITION_FORMATION('',$,#3212);
#3206=PRODUCT_DEFINITION_FORMATION('',$,#3213);
#3207=PRODUCT_RELATED_PRODUCT_CATEGORY('optical_daq_v0_1_3 v2',
'optical_daq_v0_1_3 v2',(#3212));
#3208=PRODUCT_RELATED_PRODUCT_CATEGORY('lid','lid',(#3213));
#3209=APPLICATION_PROTOCOL_DEFINITION('international standard',
'automotive_design',2009,#3210);
#3210=APPLICATION_CONTEXT(
'Core Data for Automotive Mechanical Design Process');
#3211=PRODUCT_CONTEXT('part definition',#3210,'mechanical');
#3212=PRODUCT('optical_daq_v0_1_3','optical_daq_v0_1_3 v2',$,(#3211));
#3213=PRODUCT('lid','lid',$,(#3211));
#3214=PRESENTATION_STYLE_ASSIGNMENT((#3216));
#3215=PRESENTATION_STYLE_ASSIGNMENT((#3217));
#3216=SURFACE_STYLE_USAGE(.BOTH.,#3218);
#3217=SURFACE_STYLE_USAGE(.BOTH.,#3219);
#3218=SURFACE_SIDE_STYLE('',(#3220));
#3219=SURFACE_SIDE_STYLE('',(#3221));
#3220=SURFACE_STYLE_FILL_AREA(#3222);
#3221=SURFACE_STYLE_FILL_AREA(#3223);
#3222=FILL_AREA_STYLE('Steel - Satin',(#3224));
#3223=FILL_AREA_STYLE('Aluminum - Bead Blasted',(#3225));
#3224=FILL_AREA_STYLE_COLOUR('Steel - Satin',#3226);
#3225=FILL_AREA_STYLE_COLOUR('Aluminum - Bead Blasted',#3227);
#3226=COLOUR_RGB('Steel - Satin',0.627450980392157,0.627450980392157,0.627450980392157);
#3227=COLOUR_RGB('Aluminum - Bead Blasted',0.96078431372549,0.96078431372549,
0.964705882352941);
ENDSEC;
END-ISO-10303-21;
