ISO-10303-21;
HEADER;
FILE_DESCRIPTION(('KiCad electronic assembly'),'2;1');
FILE_NAME('rect_20_20.step','2025-06-16T21:25:39',('Pcbnew'),('Kicad'),
  'Open CASCADE STEP processor 7.8','KiCad to STEP converter','Unknown'
  );
FILE_SCHEMA(('AUTOMOTIVE_DESIGN { 1 0 10303 214 1 1 1 1 }'));
ENDSEC;
DATA;
#1 = APPLICATION_PROTOCOL_DEFINITION('international standard',
  'automotive_design',2000,#2);
#2 = APPLICATION_CONTEXT(
  'core data for automotive mechanical design processes');
#3 = SHAPE_DEFINITION_REPRESENTATION(#4,#10);
#4 = PRODUCT_DEFINITION_SHAPE('','',#5);
#5 = PRODUCT_DEFINITION('design','',#6,#9);
#6 = PRODUCT_DEFINITION_FORMATION('','',#7);
#7 = PRODUCT('rect_20_20 1','rect_20_20 1','',(#8));
#8 = PRODUCT_CONTEXT('',#2,'mechanical');
#9 = PRODUCT_DEFINITION_CONTEXT('part definition',#2,'design');
#10 = SHAPE_REPRESENTATION('',(#11,#15,#19,#23,#27,#31,#35,#39,#43),#47
  );
#11 = AXIS2_PLACEMENT_3D('',#12,#13,#14);
#12 = CARTESIAN_POINT('',(0.,0.,0.));
#13 = DIRECTION('',(0.,0.,1.));
#14 = DIRECTION('',(1.,0.,-0.));
#15 = AXIS2_PLACEMENT_3D('',#16,#17,#18);
#16 = CARTESIAN_POINT('',(157.95,-101.05,0.795));
#17 = DIRECTION('',(0.,-0.,1.));
#18 = DIRECTION('',(1.110223024625E-16,1.,0.));
#19 = AXIS2_PLACEMENT_3D('',#20,#21,#22);
#20 = CARTESIAN_POINT('',(157.95,-99.175,0.795));
#21 = DIRECTION('',(0.,-0.,1.));
#22 = DIRECTION('',(1.110223024625E-16,1.,0.));
#23 = AXIS2_PLACEMENT_3D('',#24,#25,#26);
#24 = CARTESIAN_POINT('',(157.95,-99.175,-8.5E-02));
#25 = DIRECTION('',(1.224646799147E-16,-1.359631073447E-32,-1.));
#26 = DIRECTION('',(1.110223024625E-16,1.,0.));
#27 = AXIS2_PLACEMENT_3D('',#28,#29,#30);
#28 = CARTESIAN_POINT('',(157.95,-101.05,-8.5E-02));
#29 = DIRECTION('',(1.224646799147E-16,-1.359631073447E-32,-1.));
#30 = DIRECTION('',(1.110223024625E-16,1.,0.));
#31 = AXIS2_PLACEMENT_3D('',#32,#33,#34);
#32 = CARTESIAN_POINT('',(0.,0.,0.));
#33 = DIRECTION('',(0.,0.,1.));
#34 = DIRECTION('',(1.,0.,-0.));
#35 = AXIS2_PLACEMENT_3D('',#36,#37,#38);
#36 = CARTESIAN_POINT('',(0.,0.,0.));
#37 = DIRECTION('',(0.,0.,1.));
#38 = DIRECTION('',(1.,0.,-0.));
#39 = AXIS2_PLACEMENT_3D('',#40,#41,#42);
#40 = CARTESIAN_POINT('',(0.,0.,0.));
#41 = DIRECTION('',(0.,0.,1.));
#42 = DIRECTION('',(1.,0.,-0.));
#43 = AXIS2_PLACEMENT_3D('',#44,#45,#46);
#44 = CARTESIAN_POINT('',(0.,0.,0.));
#45 = DIRECTION('',(0.,0.,1.));
#46 = DIRECTION('',(1.,0.,-0.));
#47 = ( GEOMETRIC_REPRESENTATION_CONTEXT(3) 
GLOBAL_UNCERTAINTY_ASSIGNED_CONTEXT((#51)) GLOBAL_UNIT_ASSIGNED_CONTEXT(
(#48,#49,#50)) REPRESENTATION_CONTEXT('Context #1',
  '3D Context with UNIT and UNCERTAINTY') );
#48 = ( LENGTH_UNIT() NAMED_UNIT(*) SI_UNIT(.MILLI.,.METRE.) );
#49 = ( NAMED_UNIT(*) PLANE_ANGLE_UNIT() SI_UNIT($,.RADIAN.) );
#50 = ( NAMED_UNIT(*) SI_UNIT($,.STERADIAN.) SOLID_ANGLE_UNIT() );
#51 = UNCERTAINTY_MEASURE_WITH_UNIT(LENGTH_MEASURE(1.E-07),#48,
  'distance_accuracy_value','confusion accuracy');
#52 = PRODUCT_RELATED_PRODUCT_CATEGORY('part',$,(#7));
#53 = SHAPE_DEFINITION_REPRESENTATION(#54,#60);
#54 = PRODUCT_DEFINITION_SHAPE('','',#55);
#55 = PRODUCT_DEFINITION('design','',#56,#59);
#56 = PRODUCT_DEFINITION_FORMATION('','',#57);
#57 = PRODUCT('C_0402_1005Metric','C_0402_1005Metric','',(#58));
#58 = PRODUCT_CONTEXT('',#2,'mechanical');
#59 = PRODUCT_DEFINITION_CONTEXT('part definition',#2,'design');
#60 = ADVANCED_BREP_SHAPE_REPRESENTATION('',(#11,#61),#915);
#61 = MANIFOLD_SOLID_BREP('',#62);
#62 = CLOSED_SHELL('',(#63,#139,#170,#195,#220,#244,#268,#293,#318,#335,
    #421,#453,#477,#502,#526,#551,#575,#600,#617,#703,#734,#759,#784,
    #808,#832,#857,#882,#899));
#63 = ADVANCED_FACE('',(#64),#134,.F.);
#64 = FACE_BOUND('',#65,.F.);
#65 = EDGE_LOOP('',(#66,#76,#85,#93,#102,#110,#119,#127));
#66 = ORIENTED_EDGE('',*,*,#67,.F.);
#67 = EDGE_CURVE('',#68,#70,#72,.T.);
#68 = VERTEX_POINT('',#69);
#69 = CARTESIAN_POINT('',(-0.5,-0.25,2.E-02));
#70 = VERTEX_POINT('',#71);
#71 = CARTESIAN_POINT('',(-0.5,-0.25,0.48));
#72 = LINE('',#73,#74);
#73 = CARTESIAN_POINT('',(-0.5,-0.25,0.));
#74 = VECTOR('',#75,1.);
#75 = DIRECTION('',(0.,0.,1.));
#76 = ORIENTED_EDGE('',*,*,#77,.T.);
#77 = EDGE_CURVE('',#68,#78,#80,.T.);
#78 = VERTEX_POINT('',#79);
#79 = CARTESIAN_POINT('',(-0.5,-0.23,0.));
#80 = CIRCLE('',#81,2.E-02);
#81 = AXIS2_PLACEMENT_3D('',#82,#83,#84);
#82 = CARTESIAN_POINT('',(-0.5,-0.23,2.E-02));
#83 = DIRECTION('',(1.,0.,-0.));
#84 = DIRECTION('',(0.,0.,1.));
#85 = ORIENTED_EDGE('',*,*,#86,.T.);
#86 = EDGE_CURVE('',#78,#87,#89,.T.);
#87 = VERTEX_POINT('',#88);
#88 = CARTESIAN_POINT('',(-0.5,0.23,0.));
#89 = LINE('',#90,#91);
#90 = CARTESIAN_POINT('',(-0.5,-0.25,0.));
#91 = VECTOR('',#92,1.);
#92 = DIRECTION('',(0.,1.,0.));
#93 = ORIENTED_EDGE('',*,*,#94,.F.);
#94 = EDGE_CURVE('',#95,#87,#97,.T.);
#95 = VERTEX_POINT('',#96);
#96 = CARTESIAN_POINT('',(-0.5,0.25,2.E-02));
#97 = CIRCLE('',#98,2.E-02);
#98 = AXIS2_PLACEMENT_3D('',#99,#100,#101);
#99 = CARTESIAN_POINT('',(-0.5,0.23,2.E-02));
#100 = DIRECTION('',(-1.,0.,0.));
#101 = DIRECTION('',(0.,0.,1.));
#102 = ORIENTED_EDGE('',*,*,#103,.T.);
#103 = EDGE_CURVE('',#95,#104,#106,.T.);
#104 = VERTEX_POINT('',#105);
#105 = CARTESIAN_POINT('',(-0.5,0.25,0.48));
#106 = LINE('',#107,#108);
#107 = CARTESIAN_POINT('',(-0.5,0.25,0.));
#108 = VECTOR('',#109,1.);
#109 = DIRECTION('',(0.,0.,1.));
#110 = ORIENTED_EDGE('',*,*,#111,.T.);
#111 = EDGE_CURVE('',#104,#112,#114,.T.);
#112 = VERTEX_POINT('',#113);
#113 = CARTESIAN_POINT('',(-0.5,0.23,0.5));
#114 = CIRCLE('',#115,2.E-02);
#115 = AXIS2_PLACEMENT_3D('',#116,#117,#118);
#116 = CARTESIAN_POINT('',(-0.5,0.23,0.48));
#117 = DIRECTION('',(1.,0.,-0.));
#118 = DIRECTION('',(0.,0.,1.));
#119 = ORIENTED_EDGE('',*,*,#120,.F.);
#120 = EDGE_CURVE('',#121,#112,#123,.T.);
#121 = VERTEX_POINT('',#122);
#122 = CARTESIAN_POINT('',(-0.5,-0.23,0.5));
#123 = LINE('',#124,#125);
#124 = CARTESIAN_POINT('',(-0.5,-0.25,0.5));
#125 = VECTOR('',#126,1.);
#126 = DIRECTION('',(0.,1.,0.));
#127 = ORIENTED_EDGE('',*,*,#128,.F.);
#128 = EDGE_CURVE('',#70,#121,#129,.T.);
#129 = CIRCLE('',#130,2.E-02);
#130 = AXIS2_PLACEMENT_3D('',#131,#132,#133);
#131 = CARTESIAN_POINT('',(-0.5,-0.23,0.48));
#132 = DIRECTION('',(-1.,0.,0.));
#133 = DIRECTION('',(0.,0.,1.));
#134 = PLANE('',#135);
#135 = AXIS2_PLACEMENT_3D('',#136,#137,#138);
#136 = CARTESIAN_POINT('',(-0.5,-0.25,0.));
#137 = DIRECTION('',(1.,0.,0.));
#138 = DIRECTION('',(0.,0.,1.));
#139 = ADVANCED_FACE('',(#140),#165,.F.);
#140 = FACE_BOUND('',#141,.F.);
#141 = EDGE_LOOP('',(#142,#152,#158,#159));
#142 = ORIENTED_EDGE('',*,*,#143,.F.);
#143 = EDGE_CURVE('',#144,#146,#148,.T.);
#144 = VERTEX_POINT('',#145);
#145 = CARTESIAN_POINT('',(-0.3,-0.25,2.E-02));
#146 = VERTEX_POINT('',#147);
#147 = CARTESIAN_POINT('',(-0.3,-0.25,0.48));
#148 = LINE('',#149,#150);
#149 = CARTESIAN_POINT('',(-0.3,-0.25,0.));
#150 = VECTOR('',#151,1.);
#151 = DIRECTION('',(0.,0.,1.));
#152 = ORIENTED_EDGE('',*,*,#153,.F.);
#153 = EDGE_CURVE('',#68,#144,#154,.T.);
#154 = LINE('',#155,#156);
#155 = CARTESIAN_POINT('',(-0.5,-0.25,2.E-02));
#156 = VECTOR('',#157,1.);
#157 = DIRECTION('',(1.,0.,0.));
#158 = ORIENTED_EDGE('',*,*,#67,.T.);
#159 = ORIENTED_EDGE('',*,*,#160,.T.);
#160 = EDGE_CURVE('',#70,#146,#161,.T.);
#161 = LINE('',#162,#163);
#162 = CARTESIAN_POINT('',(-0.5,-0.25,0.48));
#163 = VECTOR('',#164,1.);
#164 = DIRECTION('',(1.,0.,0.));
#165 = PLANE('',#166);
#166 = AXIS2_PLACEMENT_3D('',#167,#168,#169);
#167 = CARTESIAN_POINT('',(-0.5,-0.25,0.));
#168 = DIRECTION('',(0.,1.,0.));
#169 = DIRECTION('',(0.,-0.,1.));
#170 = ADVANCED_FACE('',(#171),#190,.T.);
#171 = FACE_BOUND('',#172,.T.);
#172 = EDGE_LOOP('',(#173,#174,#182,#189));
#173 = ORIENTED_EDGE('',*,*,#77,.T.);
#174 = ORIENTED_EDGE('',*,*,#175,.T.);
#175 = EDGE_CURVE('',#78,#176,#178,.T.);
#176 = VERTEX_POINT('',#177);
#177 = CARTESIAN_POINT('',(-0.3,-0.23,0.));
#178 = LINE('',#179,#180);
#179 = CARTESIAN_POINT('',(-0.5,-0.23,0.));
#180 = VECTOR('',#181,1.);
#181 = DIRECTION('',(1.,0.,0.));
#182 = ORIENTED_EDGE('',*,*,#183,.F.);
#183 = EDGE_CURVE('',#144,#176,#184,.T.);
#184 = CIRCLE('',#185,2.E-02);
#185 = AXIS2_PLACEMENT_3D('',#186,#187,#188);
#186 = CARTESIAN_POINT('',(-0.3,-0.23,2.E-02));
#187 = DIRECTION('',(1.,0.,-0.));
#188 = DIRECTION('',(0.,0.,1.));
#189 = ORIENTED_EDGE('',*,*,#153,.F.);
#190 = CYLINDRICAL_SURFACE('',#191,2.E-02);
#191 = AXIS2_PLACEMENT_3D('',#192,#193,#194);
#192 = CARTESIAN_POINT('',(-0.5,-0.23,2.E-02));
#193 = DIRECTION('',(1.,0.,0.));
#194 = DIRECTION('',(0.,-1.,0.));
#195 = ADVANCED_FACE('',(#196),#215,.T.);
#196 = FACE_BOUND('',#197,.T.);
#197 = EDGE_LOOP('',(#198,#199,#208,#214));
#198 = ORIENTED_EDGE('',*,*,#160,.T.);
#199 = ORIENTED_EDGE('',*,*,#200,.T.);
#200 = EDGE_CURVE('',#146,#201,#203,.T.);
#201 = VERTEX_POINT('',#202);
#202 = CARTESIAN_POINT('',(-0.3,-0.23,0.5));
#203 = CIRCLE('',#204,2.E-02);
#204 = AXIS2_PLACEMENT_3D('',#205,#206,#207);
#205 = CARTESIAN_POINT('',(-0.3,-0.23,0.48));
#206 = DIRECTION('',(-1.,0.,0.));
#207 = DIRECTION('',(0.,0.,1.));
#208 = ORIENTED_EDGE('',*,*,#209,.F.);
#209 = EDGE_CURVE('',#121,#201,#210,.T.);
#210 = LINE('',#211,#212);
#211 = CARTESIAN_POINT('',(-0.5,-0.23,0.5));
#212 = VECTOR('',#213,1.);
#213 = DIRECTION('',(1.,0.,0.));
#214 = ORIENTED_EDGE('',*,*,#128,.F.);
#215 = CYLINDRICAL_SURFACE('',#216,2.E-02);
#216 = AXIS2_PLACEMENT_3D('',#217,#218,#219);
#217 = CARTESIAN_POINT('',(-0.5,-0.23,0.48));
#218 = DIRECTION('',(1.,0.,0.));
#219 = DIRECTION('',(0.,-1.,0.));
#220 = ADVANCED_FACE('',(#221),#239,.F.);
#221 = FACE_BOUND('',#222,.F.);
#222 = EDGE_LOOP('',(#223,#224,#225,#233));
#223 = ORIENTED_EDGE('',*,*,#86,.F.);
#224 = ORIENTED_EDGE('',*,*,#175,.T.);
#225 = ORIENTED_EDGE('',*,*,#226,.T.);
#226 = EDGE_CURVE('',#176,#227,#229,.T.);
#227 = VERTEX_POINT('',#228);
#228 = CARTESIAN_POINT('',(-0.3,0.23,0.));
#229 = LINE('',#230,#231);
#230 = CARTESIAN_POINT('',(-0.3,-0.25,0.));
#231 = VECTOR('',#232,1.);
#232 = DIRECTION('',(0.,1.,0.));
#233 = ORIENTED_EDGE('',*,*,#234,.F.);
#234 = EDGE_CURVE('',#87,#227,#235,.T.);
#235 = LINE('',#236,#237);
#236 = CARTESIAN_POINT('',(-0.5,0.23,0.));
#237 = VECTOR('',#238,1.);
#238 = DIRECTION('',(1.,0.,0.));
#239 = PLANE('',#240);
#240 = AXIS2_PLACEMENT_3D('',#241,#242,#243);
#241 = CARTESIAN_POINT('',(-0.5,-0.25,0.));
#242 = DIRECTION('',(0.,0.,1.));
#243 = DIRECTION('',(1.,0.,-0.));
#244 = ADVANCED_FACE('',(#245),#263,.T.);
#245 = FACE_BOUND('',#246,.T.);
#246 = EDGE_LOOP('',(#247,#248,#249,#257));
#247 = ORIENTED_EDGE('',*,*,#120,.F.);
#248 = ORIENTED_EDGE('',*,*,#209,.T.);
#249 = ORIENTED_EDGE('',*,*,#250,.T.);
#250 = EDGE_CURVE('',#201,#251,#253,.T.);
#251 = VERTEX_POINT('',#252);
#252 = CARTESIAN_POINT('',(-0.3,0.23,0.5));
#253 = LINE('',#254,#255);
#254 = CARTESIAN_POINT('',(-0.3,-0.25,0.5));
#255 = VECTOR('',#256,1.);
#256 = DIRECTION('',(0.,1.,0.));
#257 = ORIENTED_EDGE('',*,*,#258,.F.);
#258 = EDGE_CURVE('',#112,#251,#259,.T.);
#259 = LINE('',#260,#261);
#260 = CARTESIAN_POINT('',(-0.5,0.23,0.5));
#261 = VECTOR('',#262,1.);
#262 = DIRECTION('',(1.,0.,0.));
#263 = PLANE('',#264);
#264 = AXIS2_PLACEMENT_3D('',#265,#266,#267);
#265 = CARTESIAN_POINT('',(-0.5,-0.25,0.5));
#266 = DIRECTION('',(0.,0.,1.));
#267 = DIRECTION('',(1.,0.,-0.));
#268 = ADVANCED_FACE('',(#269),#288,.T.);
#269 = FACE_BOUND('',#270,.T.);
#270 = EDGE_LOOP('',(#271,#279,#286,#287));
#271 = ORIENTED_EDGE('',*,*,#272,.T.);
#272 = EDGE_CURVE('',#95,#273,#275,.T.);
#273 = VERTEX_POINT('',#274);
#274 = CARTESIAN_POINT('',(-0.3,0.25,2.E-02));
#275 = LINE('',#276,#277);
#276 = CARTESIAN_POINT('',(-0.5,0.25,2.E-02));
#277 = VECTOR('',#278,1.);
#278 = DIRECTION('',(1.,0.,0.));
#279 = ORIENTED_EDGE('',*,*,#280,.T.);
#280 = EDGE_CURVE('',#273,#227,#281,.T.);
#281 = CIRCLE('',#282,2.E-02);
#282 = AXIS2_PLACEMENT_3D('',#283,#284,#285);
#283 = CARTESIAN_POINT('',(-0.3,0.23,2.E-02));
#284 = DIRECTION('',(-1.,0.,0.));
#285 = DIRECTION('',(0.,0.,1.));
#286 = ORIENTED_EDGE('',*,*,#234,.F.);
#287 = ORIENTED_EDGE('',*,*,#94,.F.);
#288 = CYLINDRICAL_SURFACE('',#289,2.E-02);
#289 = AXIS2_PLACEMENT_3D('',#290,#291,#292);
#290 = CARTESIAN_POINT('',(-0.5,0.23,2.E-02));
#291 = DIRECTION('',(1.,0.,0.));
#292 = DIRECTION('',(-0.,1.,0.));
#293 = ADVANCED_FACE('',(#294),#313,.T.);
#294 = FACE_BOUND('',#295,.T.);
#295 = EDGE_LOOP('',(#296,#297,#298,#307));
#296 = ORIENTED_EDGE('',*,*,#111,.T.);
#297 = ORIENTED_EDGE('',*,*,#258,.T.);
#298 = ORIENTED_EDGE('',*,*,#299,.F.);
#299 = EDGE_CURVE('',#300,#251,#302,.T.);
#300 = VERTEX_POINT('',#301);
#301 = CARTESIAN_POINT('',(-0.3,0.25,0.48));
#302 = CIRCLE('',#303,2.E-02);
#303 = AXIS2_PLACEMENT_3D('',#304,#305,#306);
#304 = CARTESIAN_POINT('',(-0.3,0.23,0.48));
#305 = DIRECTION('',(1.,0.,-0.));
#306 = DIRECTION('',(0.,0.,1.));
#307 = ORIENTED_EDGE('',*,*,#308,.F.);
#308 = EDGE_CURVE('',#104,#300,#309,.T.);
#309 = LINE('',#310,#311);
#310 = CARTESIAN_POINT('',(-0.5,0.25,0.48));
#311 = VECTOR('',#312,1.);
#312 = DIRECTION('',(1.,0.,0.));
#313 = CYLINDRICAL_SURFACE('',#314,2.E-02);
#314 = AXIS2_PLACEMENT_3D('',#315,#316,#317);
#315 = CARTESIAN_POINT('',(-0.5,0.23,0.48));
#316 = DIRECTION('',(1.,0.,0.));
#317 = DIRECTION('',(-0.,1.,0.));
#318 = ADVANCED_FACE('',(#319),#330,.T.);
#319 = FACE_BOUND('',#320,.T.);
#320 = EDGE_LOOP('',(#321,#327,#328,#329));
#321 = ORIENTED_EDGE('',*,*,#322,.F.);
#322 = EDGE_CURVE('',#273,#300,#323,.T.);
#323 = LINE('',#324,#325);
#324 = CARTESIAN_POINT('',(-0.3,0.25,0.));
#325 = VECTOR('',#326,1.);
#326 = DIRECTION('',(0.,0.,1.));
#327 = ORIENTED_EDGE('',*,*,#272,.F.);
#328 = ORIENTED_EDGE('',*,*,#103,.T.);
#329 = ORIENTED_EDGE('',*,*,#308,.T.);
#330 = PLANE('',#331);
#331 = AXIS2_PLACEMENT_3D('',#332,#333,#334);
#332 = CARTESIAN_POINT('',(-0.5,0.25,0.));
#333 = DIRECTION('',(0.,1.,0.));
#334 = DIRECTION('',(0.,-0.,1.));
#335 = ADVANCED_FACE('',(#336,#346),#416,.T.);
#336 = FACE_BOUND('',#337,.T.);
#337 = EDGE_LOOP('',(#338,#339,#340,#341,#342,#343,#344,#345));
#338 = ORIENTED_EDGE('',*,*,#143,.F.);
#339 = ORIENTED_EDGE('',*,*,#183,.T.);
#340 = ORIENTED_EDGE('',*,*,#226,.T.);
#341 = ORIENTED_EDGE('',*,*,#280,.F.);
#342 = ORIENTED_EDGE('',*,*,#322,.T.);
#343 = ORIENTED_EDGE('',*,*,#299,.T.);
#344 = ORIENTED_EDGE('',*,*,#250,.F.);
#345 = ORIENTED_EDGE('',*,*,#200,.F.);
#346 = FACE_BOUND('',#347,.T.);
#347 = EDGE_LOOP('',(#348,#359,#367,#376,#384,#393,#401,#410));
#348 = ORIENTED_EDGE('',*,*,#349,.F.);
#349 = EDGE_CURVE('',#350,#352,#354,.T.);
#350 = VERTEX_POINT('',#351);
#351 = CARTESIAN_POINT('',(-0.3,-0.23,4.E-02));
#352 = VERTEX_POINT('',#353);
#353 = CARTESIAN_POINT('',(-0.3,-0.21,2.E-02));
#354 = CIRCLE('',#355,2.E-02);
#355 = AXIS2_PLACEMENT_3D('',#356,#357,#358);
#356 = CARTESIAN_POINT('',(-0.3,-0.21,4.E-02));
#357 = DIRECTION('',(1.,0.,-0.));
#358 = DIRECTION('',(0.,0.,1.));
#359 = ORIENTED_EDGE('',*,*,#360,.T.);
#360 = EDGE_CURVE('',#350,#361,#363,.T.);
#361 = VERTEX_POINT('',#362);
#362 = CARTESIAN_POINT('',(-0.3,-0.23,0.46));
#363 = LINE('',#364,#365);
#364 = CARTESIAN_POINT('',(-0.3,-0.23,2.E-02));
#365 = VECTOR('',#366,1.);
#366 = DIRECTION('',(0.,0.,1.));
#367 = ORIENTED_EDGE('',*,*,#368,.T.);
#368 = EDGE_CURVE('',#361,#369,#371,.T.);
#369 = VERTEX_POINT('',#370);
#370 = CARTESIAN_POINT('',(-0.3,-0.21,0.48));
#371 = CIRCLE('',#372,2.E-02);
#372 = AXIS2_PLACEMENT_3D('',#373,#374,#375);
#373 = CARTESIAN_POINT('',(-0.3,-0.21,0.46));
#374 = DIRECTION('',(-1.,0.,0.));
#375 = DIRECTION('',(0.,0.,1.));
#376 = ORIENTED_EDGE('',*,*,#377,.T.);
#377 = EDGE_CURVE('',#369,#378,#380,.T.);
#378 = VERTEX_POINT('',#379);
#379 = CARTESIAN_POINT('',(-0.3,0.21,0.48));
#380 = LINE('',#381,#382);
#381 = CARTESIAN_POINT('',(-0.3,-0.23,0.48));
#382 = VECTOR('',#383,1.);
#383 = DIRECTION('',(0.,1.,0.));
#384 = ORIENTED_EDGE('',*,*,#385,.F.);
#385 = EDGE_CURVE('',#386,#378,#388,.T.);
#386 = VERTEX_POINT('',#387);
#387 = CARTESIAN_POINT('',(-0.3,0.23,0.46));
#388 = CIRCLE('',#389,2.E-02);
#389 = AXIS2_PLACEMENT_3D('',#390,#391,#392);
#390 = CARTESIAN_POINT('',(-0.3,0.21,0.46));
#391 = DIRECTION('',(1.,0.,-0.));
#392 = DIRECTION('',(0.,0.,1.));
#393 = ORIENTED_EDGE('',*,*,#394,.F.);
#394 = EDGE_CURVE('',#395,#386,#397,.T.);
#395 = VERTEX_POINT('',#396);
#396 = CARTESIAN_POINT('',(-0.3,0.23,4.E-02));
#397 = LINE('',#398,#399);
#398 = CARTESIAN_POINT('',(-0.3,0.23,2.E-02));
#399 = VECTOR('',#400,1.);
#400 = DIRECTION('',(0.,0.,1.));
#401 = ORIENTED_EDGE('',*,*,#402,.T.);
#402 = EDGE_CURVE('',#395,#403,#405,.T.);
#403 = VERTEX_POINT('',#404);
#404 = CARTESIAN_POINT('',(-0.3,0.21,2.E-02));
#405 = CIRCLE('',#406,2.E-02);
#406 = AXIS2_PLACEMENT_3D('',#407,#408,#409);
#407 = CARTESIAN_POINT('',(-0.3,0.21,4.E-02));
#408 = DIRECTION('',(-1.,0.,0.));
#409 = DIRECTION('',(0.,0.,1.));
#410 = ORIENTED_EDGE('',*,*,#411,.F.);
#411 = EDGE_CURVE('',#352,#403,#412,.T.);
#412 = LINE('',#413,#414);
#413 = CARTESIAN_POINT('',(-0.3,-0.23,2.E-02));
#414 = VECTOR('',#415,1.);
#415 = DIRECTION('',(0.,1.,0.));
#416 = PLANE('',#417);
#417 = AXIS2_PLACEMENT_3D('',#418,#419,#420);
#418 = CARTESIAN_POINT('',(-0.3,-0.25,0.));
#419 = DIRECTION('',(1.,0.,0.));
#420 = DIRECTION('',(0.,0.,1.));
#421 = ADVANCED_FACE('',(#422),#448,.T.);
#422 = FACE_BOUND('',#423,.T.);
#423 = EDGE_LOOP('',(#424,#425,#433,#442));
#424 = ORIENTED_EDGE('',*,*,#349,.T.);
#425 = ORIENTED_EDGE('',*,*,#426,.T.);
#426 = EDGE_CURVE('',#352,#427,#429,.T.);
#427 = VERTEX_POINT('',#428);
#428 = CARTESIAN_POINT('',(0.3,-0.21,2.E-02));
#429 = LINE('',#430,#431);
#430 = CARTESIAN_POINT('',(-0.3,-0.21,2.E-02));
#431 = VECTOR('',#432,1.);
#432 = DIRECTION('',(1.,0.,0.));
#433 = ORIENTED_EDGE('',*,*,#434,.F.);
#434 = EDGE_CURVE('',#435,#427,#437,.T.);
#435 = VERTEX_POINT('',#436);
#436 = CARTESIAN_POINT('',(0.3,-0.23,4.E-02));
#437 = CIRCLE('',#438,2.E-02);
#438 = AXIS2_PLACEMENT_3D('',#439,#440,#441);
#439 = CARTESIAN_POINT('',(0.3,-0.21,4.E-02));
#440 = DIRECTION('',(1.,0.,-0.));
#441 = DIRECTION('',(0.,0.,1.));
#442 = ORIENTED_EDGE('',*,*,#443,.F.);
#443 = EDGE_CURVE('',#350,#435,#444,.T.);
#444 = LINE('',#445,#446);
#445 = CARTESIAN_POINT('',(-0.3,-0.23,4.E-02));
#446 = VECTOR('',#447,1.);
#447 = DIRECTION('',(1.,0.,0.));
#448 = CYLINDRICAL_SURFACE('',#449,2.E-02);
#449 = AXIS2_PLACEMENT_3D('',#450,#451,#452);
#450 = CARTESIAN_POINT('',(-0.3,-0.21,4.E-02));
#451 = DIRECTION('',(1.,0.,0.));
#452 = DIRECTION('',(0.,-1.,0.));
#453 = ADVANCED_FACE('',(#454),#472,.F.);
#454 = FACE_BOUND('',#455,.F.);
#455 = EDGE_LOOP('',(#456,#457,#458,#466));
#456 = ORIENTED_EDGE('',*,*,#411,.F.);
#457 = ORIENTED_EDGE('',*,*,#426,.T.);
#458 = ORIENTED_EDGE('',*,*,#459,.T.);
#459 = EDGE_CURVE('',#427,#460,#462,.T.);
#460 = VERTEX_POINT('',#461);
#461 = CARTESIAN_POINT('',(0.3,0.21,2.E-02));
#462 = LINE('',#463,#464);
#463 = CARTESIAN_POINT('',(0.3,-0.23,2.E-02));
#464 = VECTOR('',#465,1.);
#465 = DIRECTION('',(0.,1.,0.));
#466 = ORIENTED_EDGE('',*,*,#467,.F.);
#467 = EDGE_CURVE('',#403,#460,#468,.T.);
#468 = LINE('',#469,#470);
#469 = CARTESIAN_POINT('',(-0.3,0.21,2.E-02));
#470 = VECTOR('',#471,1.);
#471 = DIRECTION('',(1.,0.,0.));
#472 = PLANE('',#473);
#473 = AXIS2_PLACEMENT_3D('',#474,#475,#476);
#474 = CARTESIAN_POINT('',(-0.3,-0.23,2.E-02));
#475 = DIRECTION('',(0.,0.,1.));
#476 = DIRECTION('',(1.,0.,-0.));
#477 = ADVANCED_FACE('',(#478),#497,.T.);
#478 = FACE_BOUND('',#479,.T.);
#479 = EDGE_LOOP('',(#480,#488,#495,#496));
#480 = ORIENTED_EDGE('',*,*,#481,.T.);
#481 = EDGE_CURVE('',#395,#482,#484,.T.);
#482 = VERTEX_POINT('',#483);
#483 = CARTESIAN_POINT('',(0.3,0.23,4.E-02));
#484 = LINE('',#485,#486);
#485 = CARTESIAN_POINT('',(-0.3,0.23,4.E-02));
#486 = VECTOR('',#487,1.);
#487 = DIRECTION('',(1.,0.,0.));
#488 = ORIENTED_EDGE('',*,*,#489,.T.);
#489 = EDGE_CURVE('',#482,#460,#490,.T.);
#490 = CIRCLE('',#491,2.E-02);
#491 = AXIS2_PLACEMENT_3D('',#492,#493,#494);
#492 = CARTESIAN_POINT('',(0.3,0.21,4.E-02));
#493 = DIRECTION('',(-1.,0.,0.));
#494 = DIRECTION('',(0.,0.,1.));
#495 = ORIENTED_EDGE('',*,*,#467,.F.);
#496 = ORIENTED_EDGE('',*,*,#402,.F.);
#497 = CYLINDRICAL_SURFACE('',#498,2.E-02);
#498 = AXIS2_PLACEMENT_3D('',#499,#500,#501);
#499 = CARTESIAN_POINT('',(-0.3,0.21,4.E-02));
#500 = DIRECTION('',(1.,0.,0.));
#501 = DIRECTION('',(-0.,1.,0.));
#502 = ADVANCED_FACE('',(#503),#521,.T.);
#503 = FACE_BOUND('',#504,.T.);
#504 = EDGE_LOOP('',(#505,#513,#514,#515));
#505 = ORIENTED_EDGE('',*,*,#506,.F.);
#506 = EDGE_CURVE('',#482,#507,#509,.T.);
#507 = VERTEX_POINT('',#508);
#508 = CARTESIAN_POINT('',(0.3,0.23,0.46));
#509 = LINE('',#510,#511);
#510 = CARTESIAN_POINT('',(0.3,0.23,2.E-02));
#511 = VECTOR('',#512,1.);
#512 = DIRECTION('',(0.,0.,1.));
#513 = ORIENTED_EDGE('',*,*,#481,.F.);
#514 = ORIENTED_EDGE('',*,*,#394,.T.);
#515 = ORIENTED_EDGE('',*,*,#516,.T.);
#516 = EDGE_CURVE('',#386,#507,#517,.T.);
#517 = LINE('',#518,#519);
#518 = CARTESIAN_POINT('',(-0.3,0.23,0.46));
#519 = VECTOR('',#520,1.);
#520 = DIRECTION('',(1.,0.,0.));
#521 = PLANE('',#522);
#522 = AXIS2_PLACEMENT_3D('',#523,#524,#525);
#523 = CARTESIAN_POINT('',(-0.3,0.23,2.E-02));
#524 = DIRECTION('',(0.,1.,0.));
#525 = DIRECTION('',(0.,-0.,1.));
#526 = ADVANCED_FACE('',(#527),#546,.T.);
#527 = FACE_BOUND('',#528,.T.);
#528 = EDGE_LOOP('',(#529,#530,#538,#545));
#529 = ORIENTED_EDGE('',*,*,#385,.T.);
#530 = ORIENTED_EDGE('',*,*,#531,.T.);
#531 = EDGE_CURVE('',#378,#532,#534,.T.);
#532 = VERTEX_POINT('',#533);
#533 = CARTESIAN_POINT('',(0.3,0.21,0.48));
#534 = LINE('',#535,#536);
#535 = CARTESIAN_POINT('',(-0.3,0.21,0.48));
#536 = VECTOR('',#537,1.);
#537 = DIRECTION('',(1.,0.,0.));
#538 = ORIENTED_EDGE('',*,*,#539,.F.);
#539 = EDGE_CURVE('',#507,#532,#540,.T.);
#540 = CIRCLE('',#541,2.E-02);
#541 = AXIS2_PLACEMENT_3D('',#542,#543,#544);
#542 = CARTESIAN_POINT('',(0.3,0.21,0.46));
#543 = DIRECTION('',(1.,0.,-0.));
#544 = DIRECTION('',(0.,0.,1.));
#545 = ORIENTED_EDGE('',*,*,#516,.F.);
#546 = CYLINDRICAL_SURFACE('',#547,2.E-02);
#547 = AXIS2_PLACEMENT_3D('',#548,#549,#550);
#548 = CARTESIAN_POINT('',(-0.3,0.21,0.46));
#549 = DIRECTION('',(1.,0.,0.));
#550 = DIRECTION('',(-0.,1.,0.));
#551 = ADVANCED_FACE('',(#552),#570,.T.);
#552 = FACE_BOUND('',#553,.T.);
#553 = EDGE_LOOP('',(#554,#555,#563,#569));
#554 = ORIENTED_EDGE('',*,*,#377,.F.);
#555 = ORIENTED_EDGE('',*,*,#556,.T.);
#556 = EDGE_CURVE('',#369,#557,#559,.T.);
#557 = VERTEX_POINT('',#558);
#558 = CARTESIAN_POINT('',(0.3,-0.21,0.48));
#559 = LINE('',#560,#561);
#560 = CARTESIAN_POINT('',(-0.3,-0.21,0.48));
#561 = VECTOR('',#562,1.);
#562 = DIRECTION('',(1.,0.,0.));
#563 = ORIENTED_EDGE('',*,*,#564,.T.);
#564 = EDGE_CURVE('',#557,#532,#565,.T.);
#565 = LINE('',#566,#567);
#566 = CARTESIAN_POINT('',(0.3,-0.23,0.48));
#567 = VECTOR('',#568,1.);
#568 = DIRECTION('',(0.,1.,0.));
#569 = ORIENTED_EDGE('',*,*,#531,.F.);
#570 = PLANE('',#571);
#571 = AXIS2_PLACEMENT_3D('',#572,#573,#574);
#572 = CARTESIAN_POINT('',(-0.3,-0.23,0.48));
#573 = DIRECTION('',(0.,0.,1.));
#574 = DIRECTION('',(1.,0.,-0.));
#575 = ADVANCED_FACE('',(#576),#595,.T.);
#576 = FACE_BOUND('',#577,.T.);
#577 = EDGE_LOOP('',(#578,#586,#593,#594));
#578 = ORIENTED_EDGE('',*,*,#579,.T.);
#579 = EDGE_CURVE('',#361,#580,#582,.T.);
#580 = VERTEX_POINT('',#581);
#581 = CARTESIAN_POINT('',(0.3,-0.23,0.46));
#582 = LINE('',#583,#584);
#583 = CARTESIAN_POINT('',(-0.3,-0.23,0.46));
#584 = VECTOR('',#585,1.);
#585 = DIRECTION('',(1.,0.,0.));
#586 = ORIENTED_EDGE('',*,*,#587,.T.);
#587 = EDGE_CURVE('',#580,#557,#588,.T.);
#588 = CIRCLE('',#589,2.E-02);
#589 = AXIS2_PLACEMENT_3D('',#590,#591,#592);
#590 = CARTESIAN_POINT('',(0.3,-0.21,0.46));
#591 = DIRECTION('',(-1.,0.,0.));
#592 = DIRECTION('',(0.,0.,1.));
#593 = ORIENTED_EDGE('',*,*,#556,.F.);
#594 = ORIENTED_EDGE('',*,*,#368,.F.);
#595 = CYLINDRICAL_SURFACE('',#596,2.E-02);
#596 = AXIS2_PLACEMENT_3D('',#597,#598,#599);
#597 = CARTESIAN_POINT('',(-0.3,-0.21,0.46));
#598 = DIRECTION('',(1.,0.,0.));
#599 = DIRECTION('',(0.,-1.,0.));
#600 = ADVANCED_FACE('',(#601),#612,.F.);
#601 = FACE_BOUND('',#602,.F.);
#602 = EDGE_LOOP('',(#603,#609,#610,#611));
#603 = ORIENTED_EDGE('',*,*,#604,.F.);
#604 = EDGE_CURVE('',#435,#580,#605,.T.);
#605 = LINE('',#606,#607);
#606 = CARTESIAN_POINT('',(0.3,-0.23,2.E-02));
#607 = VECTOR('',#608,1.);
#608 = DIRECTION('',(0.,0.,1.));
#609 = ORIENTED_EDGE('',*,*,#443,.F.);
#610 = ORIENTED_EDGE('',*,*,#360,.T.);
#611 = ORIENTED_EDGE('',*,*,#579,.T.);
#612 = PLANE('',#613);
#613 = AXIS2_PLACEMENT_3D('',#614,#615,#616);
#614 = CARTESIAN_POINT('',(-0.3,-0.23,2.E-02));
#615 = DIRECTION('',(0.,1.,0.));
#616 = DIRECTION('',(0.,-0.,1.));
#617 = ADVANCED_FACE('',(#618,#688),#698,.F.);
#618 = FACE_BOUND('',#619,.F.);
#619 = EDGE_LOOP('',(#620,#630,#639,#647,#656,#664,#673,#681));
#620 = ORIENTED_EDGE('',*,*,#621,.F.);
#621 = EDGE_CURVE('',#622,#624,#626,.T.);
#622 = VERTEX_POINT('',#623);
#623 = CARTESIAN_POINT('',(0.3,-0.25,2.E-02));
#624 = VERTEX_POINT('',#625);
#625 = CARTESIAN_POINT('',(0.3,-0.25,0.48));
#626 = LINE('',#627,#628);
#627 = CARTESIAN_POINT('',(0.3,-0.25,0.));
#628 = VECTOR('',#629,1.);
#629 = DIRECTION('',(0.,0.,1.));
#630 = ORIENTED_EDGE('',*,*,#631,.T.);
#631 = EDGE_CURVE('',#622,#632,#634,.T.);
#632 = VERTEX_POINT('',#633);
#633 = CARTESIAN_POINT('',(0.3,-0.23,0.));
#634 = CIRCLE('',#635,2.E-02);
#635 = AXIS2_PLACEMENT_3D('',#636,#637,#638);
#636 = CARTESIAN_POINT('',(0.3,-0.23,2.E-02));
#637 = DIRECTION('',(1.,0.,-0.));
#638 = DIRECTION('',(0.,0.,1.));
#639 = ORIENTED_EDGE('',*,*,#640,.T.);
#640 = EDGE_CURVE('',#632,#641,#643,.T.);
#641 = VERTEX_POINT('',#642);
#642 = CARTESIAN_POINT('',(0.3,0.23,0.));
#643 = LINE('',#644,#645);
#644 = CARTESIAN_POINT('',(0.3,-0.25,0.));
#645 = VECTOR('',#646,1.);
#646 = DIRECTION('',(0.,1.,0.));
#647 = ORIENTED_EDGE('',*,*,#648,.F.);
#648 = EDGE_CURVE('',#649,#641,#651,.T.);
#649 = VERTEX_POINT('',#650);
#650 = CARTESIAN_POINT('',(0.3,0.25,2.E-02));
#651 = CIRCLE('',#652,2.E-02);
#652 = AXIS2_PLACEMENT_3D('',#653,#654,#655);
#653 = CARTESIAN_POINT('',(0.3,0.23,2.E-02));
#654 = DIRECTION('',(-1.,0.,0.));
#655 = DIRECTION('',(0.,0.,1.));
#656 = ORIENTED_EDGE('',*,*,#657,.T.);
#657 = EDGE_CURVE('',#649,#658,#660,.T.);
#658 = VERTEX_POINT('',#659);
#659 = CARTESIAN_POINT('',(0.3,0.25,0.48));
#660 = LINE('',#661,#662);
#661 = CARTESIAN_POINT('',(0.3,0.25,0.));
#662 = VECTOR('',#663,1.);
#663 = DIRECTION('',(0.,0.,1.));
#664 = ORIENTED_EDGE('',*,*,#665,.T.);
#665 = EDGE_CURVE('',#658,#666,#668,.T.);
#666 = VERTEX_POINT('',#667);
#667 = CARTESIAN_POINT('',(0.3,0.23,0.5));
#668 = CIRCLE('',#669,2.E-02);
#669 = AXIS2_PLACEMENT_3D('',#670,#671,#672);
#670 = CARTESIAN_POINT('',(0.3,0.23,0.48));
#671 = DIRECTION('',(1.,0.,-0.));
#672 = DIRECTION('',(0.,0.,1.));
#673 = ORIENTED_EDGE('',*,*,#674,.F.);
#674 = EDGE_CURVE('',#675,#666,#677,.T.);
#675 = VERTEX_POINT('',#676);
#676 = CARTESIAN_POINT('',(0.3,-0.23,0.5));
#677 = LINE('',#678,#679);
#678 = CARTESIAN_POINT('',(0.3,-0.25,0.5));
#679 = VECTOR('',#680,1.);
#680 = DIRECTION('',(0.,1.,0.));
#681 = ORIENTED_EDGE('',*,*,#682,.F.);
#682 = EDGE_CURVE('',#624,#675,#683,.T.);
#683 = CIRCLE('',#684,2.E-02);
#684 = AXIS2_PLACEMENT_3D('',#685,#686,#687);
#685 = CARTESIAN_POINT('',(0.3,-0.23,0.48));
#686 = DIRECTION('',(-1.,0.,0.));
#687 = DIRECTION('',(0.,0.,1.));
#688 = FACE_BOUND('',#689,.F.);
#689 = EDGE_LOOP('',(#690,#691,#692,#693,#694,#695,#696,#697));
#690 = ORIENTED_EDGE('',*,*,#434,.F.);
#691 = ORIENTED_EDGE('',*,*,#604,.T.);
#692 = ORIENTED_EDGE('',*,*,#587,.T.);
#693 = ORIENTED_EDGE('',*,*,#564,.T.);
#694 = ORIENTED_EDGE('',*,*,#539,.F.);
#695 = ORIENTED_EDGE('',*,*,#506,.F.);
#696 = ORIENTED_EDGE('',*,*,#489,.T.);
#697 = ORIENTED_EDGE('',*,*,#459,.F.);
#698 = PLANE('',#699);
#699 = AXIS2_PLACEMENT_3D('',#700,#701,#702);
#700 = CARTESIAN_POINT('',(0.3,-0.25,0.));
#701 = DIRECTION('',(1.,0.,0.));
#702 = DIRECTION('',(0.,0.,1.));
#703 = ADVANCED_FACE('',(#704),#729,.F.);
#704 = FACE_BOUND('',#705,.F.);
#705 = EDGE_LOOP('',(#706,#716,#722,#723));
#706 = ORIENTED_EDGE('',*,*,#707,.F.);
#707 = EDGE_CURVE('',#708,#710,#712,.T.);
#708 = VERTEX_POINT('',#709);
#709 = CARTESIAN_POINT('',(0.5,-0.25,2.E-02));
#710 = VERTEX_POINT('',#711);
#711 = CARTESIAN_POINT('',(0.5,-0.25,0.48));
#712 = LINE('',#713,#714);
#713 = CARTESIAN_POINT('',(0.5,-0.25,0.));
#714 = VECTOR('',#715,1.);
#715 = DIRECTION('',(0.,0.,1.));
#716 = ORIENTED_EDGE('',*,*,#717,.F.);
#717 = EDGE_CURVE('',#622,#708,#718,.T.);
#718 = LINE('',#719,#720);
#719 = CARTESIAN_POINT('',(0.3,-0.25,2.E-02));
#720 = VECTOR('',#721,1.);
#721 = DIRECTION('',(1.,0.,0.));
#722 = ORIENTED_EDGE('',*,*,#621,.T.);
#723 = ORIENTED_EDGE('',*,*,#724,.T.);
#724 = EDGE_CURVE('',#624,#710,#725,.T.);
#725 = LINE('',#726,#727);
#726 = CARTESIAN_POINT('',(0.3,-0.25,0.48));
#727 = VECTOR('',#728,1.);
#728 = DIRECTION('',(1.,0.,0.));
#729 = PLANE('',#730);
#730 = AXIS2_PLACEMENT_3D('',#731,#732,#733);
#731 = CARTESIAN_POINT('',(0.3,-0.25,0.));
#732 = DIRECTION('',(0.,1.,0.));
#733 = DIRECTION('',(0.,-0.,1.));
#734 = ADVANCED_FACE('',(#735),#754,.T.);
#735 = FACE_BOUND('',#736,.T.);
#736 = EDGE_LOOP('',(#737,#738,#746,#753));
#737 = ORIENTED_EDGE('',*,*,#631,.T.);
#738 = ORIENTED_EDGE('',*,*,#739,.T.);
#739 = EDGE_CURVE('',#632,#740,#742,.T.);
#740 = VERTEX_POINT('',#741);
#741 = CARTESIAN_POINT('',(0.5,-0.23,0.));
#742 = LINE('',#743,#744);
#743 = CARTESIAN_POINT('',(0.3,-0.23,0.));
#744 = VECTOR('',#745,1.);
#745 = DIRECTION('',(1.,0.,0.));
#746 = ORIENTED_EDGE('',*,*,#747,.F.);
#747 = EDGE_CURVE('',#708,#740,#748,.T.);
#748 = CIRCLE('',#749,2.E-02);
#749 = AXIS2_PLACEMENT_3D('',#750,#751,#752);
#750 = CARTESIAN_POINT('',(0.5,-0.23,2.E-02));
#751 = DIRECTION('',(1.,0.,-0.));
#752 = DIRECTION('',(0.,0.,1.));
#753 = ORIENTED_EDGE('',*,*,#717,.F.);
#754 = CYLINDRICAL_SURFACE('',#755,2.E-02);
#755 = AXIS2_PLACEMENT_3D('',#756,#757,#758);
#756 = CARTESIAN_POINT('',(0.3,-0.23,2.E-02));
#757 = DIRECTION('',(1.,0.,0.));
#758 = DIRECTION('',(0.,-1.,0.));
#759 = ADVANCED_FACE('',(#760),#779,.T.);
#760 = FACE_BOUND('',#761,.T.);
#761 = EDGE_LOOP('',(#762,#763,#772,#778));
#762 = ORIENTED_EDGE('',*,*,#724,.T.);
#763 = ORIENTED_EDGE('',*,*,#764,.T.);
#764 = EDGE_CURVE('',#710,#765,#767,.T.);
#765 = VERTEX_POINT('',#766);
#766 = CARTESIAN_POINT('',(0.5,-0.23,0.5));
#767 = CIRCLE('',#768,2.E-02);
#768 = AXIS2_PLACEMENT_3D('',#769,#770,#771);
#769 = CARTESIAN_POINT('',(0.5,-0.23,0.48));
#770 = DIRECTION('',(-1.,0.,0.));
#771 = DIRECTION('',(0.,0.,1.));
#772 = ORIENTED_EDGE('',*,*,#773,.F.);
#773 = EDGE_CURVE('',#675,#765,#774,.T.);
#774 = LINE('',#775,#776);
#775 = CARTESIAN_POINT('',(0.3,-0.23,0.5));
#776 = VECTOR('',#777,1.);
#777 = DIRECTION('',(1.,0.,0.));
#778 = ORIENTED_EDGE('',*,*,#682,.F.);
#779 = CYLINDRICAL_SURFACE('',#780,2.E-02);
#780 = AXIS2_PLACEMENT_3D('',#781,#782,#783);
#781 = CARTESIAN_POINT('',(0.3,-0.23,0.48));
#782 = DIRECTION('',(1.,0.,0.));
#783 = DIRECTION('',(0.,-1.,0.));
#784 = ADVANCED_FACE('',(#785),#803,.F.);
#785 = FACE_BOUND('',#786,.F.);
#786 = EDGE_LOOP('',(#787,#788,#789,#797));
#787 = ORIENTED_EDGE('',*,*,#640,.F.);
#788 = ORIENTED_EDGE('',*,*,#739,.T.);
#789 = ORIENTED_EDGE('',*,*,#790,.T.);
#790 = EDGE_CURVE('',#740,#791,#793,.T.);
#791 = VERTEX_POINT('',#792);
#792 = CARTESIAN_POINT('',(0.5,0.23,0.));
#793 = LINE('',#794,#795);
#794 = CARTESIAN_POINT('',(0.5,-0.25,0.));
#795 = VECTOR('',#796,1.);
#796 = DIRECTION('',(0.,1.,0.));
#797 = ORIENTED_EDGE('',*,*,#798,.F.);
#798 = EDGE_CURVE('',#641,#791,#799,.T.);
#799 = LINE('',#800,#801);
#800 = CARTESIAN_POINT('',(0.3,0.23,0.));
#801 = VECTOR('',#802,1.);
#802 = DIRECTION('',(1.,0.,0.));
#803 = PLANE('',#804);
#804 = AXIS2_PLACEMENT_3D('',#805,#806,#807);
#805 = CARTESIAN_POINT('',(0.3,-0.25,0.));
#806 = DIRECTION('',(0.,0.,1.));
#807 = DIRECTION('',(1.,0.,-0.));
#808 = ADVANCED_FACE('',(#809),#827,.T.);
#809 = FACE_BOUND('',#810,.T.);
#810 = EDGE_LOOP('',(#811,#812,#813,#821));
#811 = ORIENTED_EDGE('',*,*,#674,.F.);
#812 = ORIENTED_EDGE('',*,*,#773,.T.);
#813 = ORIENTED_EDGE('',*,*,#814,.T.);
#814 = EDGE_CURVE('',#765,#815,#817,.T.);
#815 = VERTEX_POINT('',#816);
#816 = CARTESIAN_POINT('',(0.5,0.23,0.5));
#817 = LINE('',#818,#819);
#818 = CARTESIAN_POINT('',(0.5,-0.25,0.5));
#819 = VECTOR('',#820,1.);
#820 = DIRECTION('',(0.,1.,0.));
#821 = ORIENTED_EDGE('',*,*,#822,.F.);
#822 = EDGE_CURVE('',#666,#815,#823,.T.);
#823 = LINE('',#824,#825);
#824 = CARTESIAN_POINT('',(0.3,0.23,0.5));
#825 = VECTOR('',#826,1.);
#826 = DIRECTION('',(1.,0.,0.));
#827 = PLANE('',#828);
#828 = AXIS2_PLACEMENT_3D('',#829,#830,#831);
#829 = CARTESIAN_POINT('',(0.3,-0.25,0.5));
#830 = DIRECTION('',(0.,0.,1.));
#831 = DIRECTION('',(1.,0.,-0.));
#832 = ADVANCED_FACE('',(#833),#852,.T.);
#833 = FACE_BOUND('',#834,.T.);
#834 = EDGE_LOOP('',(#835,#843,#850,#851));
#835 = ORIENTED_EDGE('',*,*,#836,.T.);
#836 = EDGE_CURVE('',#649,#837,#839,.T.);
#837 = VERTEX_POINT('',#838);
#838 = CARTESIAN_POINT('',(0.5,0.25,2.E-02));
#839 = LINE('',#840,#841);
#840 = CARTESIAN_POINT('',(0.3,0.25,2.E-02));
#841 = VECTOR('',#842,1.);
#842 = DIRECTION('',(1.,0.,0.));
#843 = ORIENTED_EDGE('',*,*,#844,.T.);
#844 = EDGE_CURVE('',#837,#791,#845,.T.);
#845 = CIRCLE('',#846,2.E-02);
#846 = AXIS2_PLACEMENT_3D('',#847,#848,#849);
#847 = CARTESIAN_POINT('',(0.5,0.23,2.E-02));
#848 = DIRECTION('',(-1.,0.,0.));
#849 = DIRECTION('',(0.,0.,1.));
#850 = ORIENTED_EDGE('',*,*,#798,.F.);
#851 = ORIENTED_EDGE('',*,*,#648,.F.);
#852 = CYLINDRICAL_SURFACE('',#853,2.E-02);
#853 = AXIS2_PLACEMENT_3D('',#854,#855,#856);
#854 = CARTESIAN_POINT('',(0.3,0.23,2.E-02));
#855 = DIRECTION('',(1.,0.,0.));
#856 = DIRECTION('',(-0.,1.,0.));
#857 = ADVANCED_FACE('',(#858),#877,.T.);
#858 = FACE_BOUND('',#859,.T.);
#859 = EDGE_LOOP('',(#860,#861,#862,#871));
#860 = ORIENTED_EDGE('',*,*,#665,.T.);
#861 = ORIENTED_EDGE('',*,*,#822,.T.);
#862 = ORIENTED_EDGE('',*,*,#863,.F.);
#863 = EDGE_CURVE('',#864,#815,#866,.T.);
#864 = VERTEX_POINT('',#865);
#865 = CARTESIAN_POINT('',(0.5,0.25,0.48));
#866 = CIRCLE('',#867,2.E-02);
#867 = AXIS2_PLACEMENT_3D('',#868,#869,#870);
#868 = CARTESIAN_POINT('',(0.5,0.23,0.48));
#869 = DIRECTION('',(1.,0.,-0.));
#870 = DIRECTION('',(0.,0.,1.));
#871 = ORIENTED_EDGE('',*,*,#872,.F.);
#872 = EDGE_CURVE('',#658,#864,#873,.T.);
#873 = LINE('',#874,#875);
#874 = CARTESIAN_POINT('',(0.3,0.25,0.48));
#875 = VECTOR('',#876,1.);
#876 = DIRECTION('',(1.,0.,0.));
#877 = CYLINDRICAL_SURFACE('',#878,2.E-02);
#878 = AXIS2_PLACEMENT_3D('',#879,#880,#881);
#879 = CARTESIAN_POINT('',(0.3,0.23,0.48));
#880 = DIRECTION('',(1.,0.,0.));
#881 = DIRECTION('',(-0.,1.,0.));
#882 = ADVANCED_FACE('',(#883),#894,.T.);
#883 = FACE_BOUND('',#884,.T.);
#884 = EDGE_LOOP('',(#885,#891,#892,#893));
#885 = ORIENTED_EDGE('',*,*,#886,.F.);
#886 = EDGE_CURVE('',#837,#864,#887,.T.);
#887 = LINE('',#888,#889);
#888 = CARTESIAN_POINT('',(0.5,0.25,0.));
#889 = VECTOR('',#890,1.);
#890 = DIRECTION('',(0.,0.,1.));
#891 = ORIENTED_EDGE('',*,*,#836,.F.);
#892 = ORIENTED_EDGE('',*,*,#657,.T.);
#893 = ORIENTED_EDGE('',*,*,#872,.T.);
#894 = PLANE('',#895);
#895 = AXIS2_PLACEMENT_3D('',#896,#897,#898);
#896 = CARTESIAN_POINT('',(0.3,0.25,0.));
#897 = DIRECTION('',(0.,1.,0.));
#898 = DIRECTION('',(0.,-0.,1.));
#899 = ADVANCED_FACE('',(#900),#910,.T.);
#900 = FACE_BOUND('',#901,.T.);
#901 = EDGE_LOOP('',(#902,#903,#904,#905,#906,#907,#908,#909));
#902 = ORIENTED_EDGE('',*,*,#707,.F.);
#903 = ORIENTED_EDGE('',*,*,#747,.T.);
#904 = ORIENTED_EDGE('',*,*,#790,.T.);
#905 = ORIENTED_EDGE('',*,*,#844,.F.);
#906 = ORIENTED_EDGE('',*,*,#886,.T.);
#907 = ORIENTED_EDGE('',*,*,#863,.T.);
#908 = ORIENTED_EDGE('',*,*,#814,.F.);
#909 = ORIENTED_EDGE('',*,*,#764,.F.);
#910 = PLANE('',#911);
#911 = AXIS2_PLACEMENT_3D('',#912,#913,#914);
#912 = CARTESIAN_POINT('',(0.5,-0.25,0.));
#913 = DIRECTION('',(1.,0.,0.));
#914 = DIRECTION('',(0.,0.,1.));
#915 = ( GEOMETRIC_REPRESENTATION_CONTEXT(3) 
GLOBAL_UNCERTAINTY_ASSIGNED_CONTEXT((#919)) GLOBAL_UNIT_ASSIGNED_CONTEXT
((#916,#917,#918)) REPRESENTATION_CONTEXT('Context #1',
  '3D Context with UNIT and UNCERTAINTY') );
#916 = ( LENGTH_UNIT() NAMED_UNIT(*) SI_UNIT(.MILLI.,.METRE.) );
#917 = ( NAMED_UNIT(*) PLANE_ANGLE_UNIT() SI_UNIT($,.RADIAN.) );
#918 = ( NAMED_UNIT(*) SI_UNIT($,.STERADIAN.) SOLID_ANGLE_UNIT() );
#919 = UNCERTAINTY_MEASURE_WITH_UNIT(LENGTH_MEASURE(1.E-07),#916,
  'distance_accuracy_value','confusion accuracy');
#920 = CONTEXT_DEPENDENT_SHAPE_REPRESENTATION(#921,#923);
#921 = ( REPRESENTATION_RELATIONSHIP('','',#60,#10) 
REPRESENTATION_RELATIONSHIP_WITH_TRANSFORMATION(#922) 
SHAPE_REPRESENTATION_RELATIONSHIP() );
#922 = ITEM_DEFINED_TRANSFORMATION('','',#11,#15);
#923 = PRODUCT_DEFINITION_SHAPE('Placement','Placement of an item',#924
  );
#924 = NEXT_ASSEMBLY_USAGE_OCCURRENCE('1','C1','',#5,#55,$);
#925 = PRODUCT_RELATED_PRODUCT_CATEGORY('part',$,(#57));
#926 = CONTEXT_DEPENDENT_SHAPE_REPRESENTATION(#927,#929);
#927 = ( REPRESENTATION_RELATIONSHIP('','',#60,#10) 
REPRESENTATION_RELATIONSHIP_WITH_TRANSFORMATION(#928) 
SHAPE_REPRESENTATION_RELATIONSHIP() );
#928 = ITEM_DEFINED_TRANSFORMATION('','',#11,#19);
#929 = PRODUCT_DEFINITION_SHAPE('Placement','Placement of an item',#930
  );
#930 = NEXT_ASSEMBLY_USAGE_OCCURRENCE('2','C2','',#5,#55,$);
#931 = CONTEXT_DEPENDENT_SHAPE_REPRESENTATION(#932,#934);
#932 = ( REPRESENTATION_RELATIONSHIP('','',#60,#10) 
REPRESENTATION_RELATIONSHIP_WITH_TRANSFORMATION(#933) 
SHAPE_REPRESENTATION_RELATIONSHIP() );
#933 = ITEM_DEFINED_TRANSFORMATION('','',#11,#23);
#934 = PRODUCT_DEFINITION_SHAPE('Placement','Placement of an item',#935
  );
#935 = NEXT_ASSEMBLY_USAGE_OCCURRENCE('3','C4','',#5,#55,$);
#936 = CONTEXT_DEPENDENT_SHAPE_REPRESENTATION(#937,#939);
#937 = ( REPRESENTATION_RELATIONSHIP('','',#60,#10) 
REPRESENTATION_RELATIONSHIP_WITH_TRANSFORMATION(#938) 
SHAPE_REPRESENTATION_RELATIONSHIP() );
#938 = ITEM_DEFINED_TRANSFORMATION('','',#11,#27);
#939 = PRODUCT_DEFINITION_SHAPE('Placement','Placement of an item',#940
  );
#940 = NEXT_ASSEMBLY_USAGE_OCCURRENCE('4','C3','',#5,#55,$);
#941 = SHAPE_DEFINITION_REPRESENTATION(#942,#948);
#942 = PRODUCT_DEFINITION_SHAPE('','',#943);
#943 = PRODUCT_DEFINITION('design','',#944,#947);
#944 = PRODUCT_DEFINITION_FORMATION('','',#945);
#945 = PRODUCT('rect_20_20_pad','rect_20_20_pad','',(#946));
#946 = PRODUCT_CONTEXT('',#2,'mechanical');
#947 = PRODUCT_DEFINITION_CONTEXT('part definition',#2,'design');
#948 = SHAPE_REPRESENTATION('',(#11,#949,#1284,#1574,#1627,#1680,#1970,
    #2260,#2352,#2444,#2536,#2826,#3116,#3169,#3267,#3359,#3451,#3543,
    #3878),#4168);
#949 = MANIFOLD_SOLID_BREP('',#950);
#950 = CLOSED_SHELL('',(#951,#993,#1024,#1055,#1118,#1170,#1187,#1204,
    #1221,#1238,#1250,#1275));
#951 = ADVANCED_FACE('',(#952),#988,.T.);
#952 = FACE_BOUND('',#953,.T.);
#953 = EDGE_LOOP('',(#954,#964,#973,#981));
#954 = ORIENTED_EDGE('',*,*,#955,.T.);
#955 = EDGE_CURVE('',#956,#958,#960,.T.);
#956 = VERTEX_POINT('',#957);
#957 = CARTESIAN_POINT('',(157.64,-101.39,0.71));
#958 = VERTEX_POINT('',#959);
#959 = CARTESIAN_POINT('',(157.64,-101.39,0.75));
#960 = LINE('',#961,#962);
#961 = CARTESIAN_POINT('',(157.64,-101.39,0.71));
#962 = VECTOR('',#963,1.);
#963 = DIRECTION('',(0.,0.,1.));
#964 = ORIENTED_EDGE('',*,*,#965,.T.);
#965 = EDGE_CURVE('',#958,#966,#968,.T.);
#966 = VERTEX_POINT('',#967);
#967 = CARTESIAN_POINT('',(157.78,-101.25,0.75));
#968 = CIRCLE('',#969,0.139999827125);
#969 = AXIS2_PLACEMENT_3D('',#970,#971,#972);
#970 = CARTESIAN_POINT('',(157.77999982712,-101.3899998271,0.75));
#971 = DIRECTION('',(0.,0.,-1.));
#972 = DIRECTION('',(-0.999999999999,-1.234820248241E-06,-0.));
#973 = ORIENTED_EDGE('',*,*,#974,.F.);
#974 = EDGE_CURVE('',#975,#966,#977,.T.);
#975 = VERTEX_POINT('',#976);
#976 = CARTESIAN_POINT('',(157.78,-101.25,0.71));
#977 = LINE('',#978,#979);
#978 = CARTESIAN_POINT('',(157.78,-101.25,0.71));
#979 = VECTOR('',#980,1.);
#980 = DIRECTION('',(0.,0.,1.));
#981 = ORIENTED_EDGE('',*,*,#982,.F.);
#982 = EDGE_CURVE('',#956,#975,#983,.T.);
#983 = CIRCLE('',#984,0.139999827125);
#984 = AXIS2_PLACEMENT_3D('',#985,#986,#987);
#985 = CARTESIAN_POINT('',(157.77999982712,-101.3899998271,0.71));
#986 = DIRECTION('',(0.,0.,-1.));
#987 = DIRECTION('',(-0.999999999999,-1.234820248241E-06,-0.));
#988 = CYLINDRICAL_SURFACE('',#989,0.139999827125);
#989 = AXIS2_PLACEMENT_3D('',#990,#991,#992);
#990 = CARTESIAN_POINT('',(157.77999982712,-101.3899998271,0.71));
#991 = DIRECTION('',(0.,0.,-1.));
#992 = DIRECTION('',(-0.999999999999,-1.234820248241E-06,-0.));
#993 = ADVANCED_FACE('',(#994),#1019,.T.);
#994 = FACE_BOUND('',#995,.T.);
#995 = EDGE_LOOP('',(#996,#1006,#1012,#1013));
#996 = ORIENTED_EDGE('',*,*,#997,.T.);
#997 = EDGE_CURVE('',#998,#1000,#1002,.T.);
#998 = VERTEX_POINT('',#999);
#999 = CARTESIAN_POINT('',(157.64,-101.67,0.71));
#1000 = VERTEX_POINT('',#1001);
#1001 = CARTESIAN_POINT('',(157.64,-101.67,0.75));
#1002 = LINE('',#1003,#1004);
#1003 = CARTESIAN_POINT('',(157.64,-101.67,0.71));
#1004 = VECTOR('',#1005,1.);
#1005 = DIRECTION('',(0.,0.,1.));
#1006 = ORIENTED_EDGE('',*,*,#1007,.T.);
#1007 = EDGE_CURVE('',#1000,#958,#1008,.T.);
#1008 = LINE('',#1009,#1010);
#1009 = CARTESIAN_POINT('',(157.64,-101.67,0.75));
#1010 = VECTOR('',#1011,1.);
#1011 = DIRECTION('',(0.,1.,0.));
#1012 = ORIENTED_EDGE('',*,*,#955,.F.);
#1013 = ORIENTED_EDGE('',*,*,#1014,.F.);
#1014 = EDGE_CURVE('',#998,#956,#1015,.T.);
#1015 = LINE('',#1016,#1017);
#1016 = CARTESIAN_POINT('',(157.64,-101.67,0.71));
#1017 = VECTOR('',#1018,1.);
#1018 = DIRECTION('',(0.,1.,0.));
#1019 = PLANE('',#1020);
#1020 = AXIS2_PLACEMENT_3D('',#1021,#1022,#1023);
#1021 = CARTESIAN_POINT('',(157.64,-101.67,0.71));
#1022 = DIRECTION('',(-1.,0.,0.));
#1023 = DIRECTION('',(0.,1.,0.));
#1024 = ADVANCED_FACE('',(#1025),#1050,.T.);
#1025 = FACE_BOUND('',#1026,.T.);
#1026 = EDGE_LOOP('',(#1027,#1028,#1036,#1044));
#1027 = ORIENTED_EDGE('',*,*,#974,.T.);
#1028 = ORIENTED_EDGE('',*,*,#1029,.T.);
#1029 = EDGE_CURVE('',#966,#1030,#1032,.T.);
#1030 = VERTEX_POINT('',#1031);
#1031 = CARTESIAN_POINT('',(158.12,-101.25,0.75));
#1032 = LINE('',#1033,#1034);
#1033 = CARTESIAN_POINT('',(157.78,-101.25,0.75));
#1034 = VECTOR('',#1035,1.);
#1035 = DIRECTION('',(1.,0.,0.));
#1036 = ORIENTED_EDGE('',*,*,#1037,.F.);
#1037 = EDGE_CURVE('',#1038,#1030,#1040,.T.);
#1038 = VERTEX_POINT('',#1039);
#1039 = CARTESIAN_POINT('',(158.12,-101.25,0.71));
#1040 = LINE('',#1041,#1042);
#1041 = CARTESIAN_POINT('',(158.12,-101.25,0.71));
#1042 = VECTOR('',#1043,1.);
#1043 = DIRECTION('',(0.,0.,1.));
#1044 = ORIENTED_EDGE('',*,*,#1045,.F.);
#1045 = EDGE_CURVE('',#975,#1038,#1046,.T.);
#1046 = LINE('',#1047,#1048);
#1047 = CARTESIAN_POINT('',(157.78,-101.25,0.71));
#1048 = VECTOR('',#1049,1.);
#1049 = DIRECTION('',(1.,0.,0.));
#1050 = PLANE('',#1051);
#1051 = AXIS2_PLACEMENT_3D('',#1052,#1053,#1054);
#1052 = CARTESIAN_POINT('',(157.78,-101.25,0.71));
#1053 = DIRECTION('',(0.,1.,0.));
#1054 = DIRECTION('',(1.,0.,0.));
#1055 = ADVANCED_FACE('',(#1056,#1102),#1113,.F.);
#1056 = FACE_BOUND('',#1057,.F.);
#1057 = EDGE_LOOP('',(#1058,#1059,#1060,#1069,#1077,#1086,#1094,#1101));
#1058 = ORIENTED_EDGE('',*,*,#982,.F.);
#1059 = ORIENTED_EDGE('',*,*,#1014,.F.);
#1060 = ORIENTED_EDGE('',*,*,#1061,.F.);
#1061 = EDGE_CURVE('',#1062,#998,#1064,.T.);
#1062 = VERTEX_POINT('',#1063);
#1063 = CARTESIAN_POINT('',(157.78,-101.81,0.71));
#1064 = CIRCLE('',#1065,0.139999827125);
#1065 = AXIS2_PLACEMENT_3D('',#1066,#1067,#1068);
#1066 = CARTESIAN_POINT('',(157.77999982712,-101.6700001728,0.71));
#1067 = DIRECTION('',(0.,0.,-1.));
#1068 = DIRECTION('',(1.234820248241E-06,-0.999999999999,0.));
#1069 = ORIENTED_EDGE('',*,*,#1070,.F.);
#1070 = EDGE_CURVE('',#1071,#1062,#1073,.T.);
#1071 = VERTEX_POINT('',#1072);
#1072 = CARTESIAN_POINT('',(158.12,-101.81,0.71));
#1073 = LINE('',#1074,#1075);
#1074 = CARTESIAN_POINT('',(158.12,-101.81,0.71));
#1075 = VECTOR('',#1076,1.);
#1076 = DIRECTION('',(-1.,0.,0.));
#1077 = ORIENTED_EDGE('',*,*,#1078,.F.);
#1078 = EDGE_CURVE('',#1079,#1071,#1081,.T.);
#1079 = VERTEX_POINT('',#1080);
#1080 = CARTESIAN_POINT('',(158.26,-101.67,0.71));
#1081 = CIRCLE('',#1082,0.139999827125);
#1082 = AXIS2_PLACEMENT_3D('',#1083,#1084,#1085);
#1083 = CARTESIAN_POINT('',(158.12000017287,-101.6700001728,0.71));
#1084 = DIRECTION('',(0.,0.,-1.));
#1085 = DIRECTION('',(0.999999999999,1.23482055276E-06,0.));
#1086 = ORIENTED_EDGE('',*,*,#1087,.F.);
#1087 = EDGE_CURVE('',#1088,#1079,#1090,.T.);
#1088 = VERTEX_POINT('',#1089);
#1089 = CARTESIAN_POINT('',(158.26,-101.39,0.71));
#1090 = LINE('',#1091,#1092);
#1091 = CARTESIAN_POINT('',(158.26,-101.39,0.71));
#1092 = VECTOR('',#1093,1.);
#1093 = DIRECTION('',(0.,-1.,0.));
#1094 = ORIENTED_EDGE('',*,*,#1095,.F.);
#1095 = EDGE_CURVE('',#1038,#1088,#1096,.T.);
#1096 = CIRCLE('',#1097,0.139999827125);
#1097 = AXIS2_PLACEMENT_3D('',#1098,#1099,#1100);
#1098 = CARTESIAN_POINT('',(158.12000017287,-101.3899998271,0.71));
#1099 = DIRECTION('',(0.,0.,-1.));
#1100 = DIRECTION('',(-1.234820451254E-06,0.999999999999,0.));
#1101 = ORIENTED_EDGE('',*,*,#1045,.F.);
#1102 = FACE_BOUND('',#1103,.F.);
#1103 = EDGE_LOOP('',(#1104));
#1104 = ORIENTED_EDGE('',*,*,#1105,.T.);
#1105 = EDGE_CURVE('',#1106,#1106,#1108,.T.);
#1106 = VERTEX_POINT('',#1107);
#1107 = CARTESIAN_POINT('',(157.95,-101.605,0.71));
#1108 = CIRCLE('',#1109,7.500000000002E-02);
#1109 = AXIS2_PLACEMENT_3D('',#1110,#1111,#1112);
#1110 = CARTESIAN_POINT('',(157.95,-101.53,0.71));
#1111 = DIRECTION('',(-0.,0.,-1.));
#1112 = DIRECTION('',(-0.,-1.,0.));
#1113 = PLANE('',#1114);
#1114 = AXIS2_PLACEMENT_3D('',#1115,#1116,#1117);
#1115 = CARTESIAN_POINT('',(0.,0.,0.71));
#1116 = DIRECTION('',(0.,0.,1.));
#1117 = DIRECTION('',(1.,0.,-0.));
#1118 = ADVANCED_FACE('',(#1119),#1165,.T.);
#1119 = FACE_BOUND('',#1120,.F.);
#1120 = EDGE_LOOP('',(#1121,#1122,#1123,#1132,#1140,#1149,#1157,#1164));
#1121 = ORIENTED_EDGE('',*,*,#965,.T.);
#1122 = ORIENTED_EDGE('',*,*,#1029,.T.);
#1123 = ORIENTED_EDGE('',*,*,#1124,.T.);
#1124 = EDGE_CURVE('',#1030,#1125,#1127,.T.);
#1125 = VERTEX_POINT('',#1126);
#1126 = CARTESIAN_POINT('',(158.26,-101.39,0.75));
#1127 = CIRCLE('',#1128,0.139999827125);
#1128 = AXIS2_PLACEMENT_3D('',#1129,#1130,#1131);
#1129 = CARTESIAN_POINT('',(158.12000017287,-101.3899998271,0.75));
#1130 = DIRECTION('',(0.,0.,-1.));
#1131 = DIRECTION('',(-1.234820451254E-06,0.999999999999,0.));
#1132 = ORIENTED_EDGE('',*,*,#1133,.T.);
#1133 = EDGE_CURVE('',#1125,#1134,#1136,.T.);
#1134 = VERTEX_POINT('',#1135);
#1135 = CARTESIAN_POINT('',(158.26,-101.67,0.75));
#1136 = LINE('',#1137,#1138);
#1137 = CARTESIAN_POINT('',(158.26,-101.39,0.75));
#1138 = VECTOR('',#1139,1.);
#1139 = DIRECTION('',(0.,-1.,0.));
#1140 = ORIENTED_EDGE('',*,*,#1141,.T.);
#1141 = EDGE_CURVE('',#1134,#1142,#1144,.T.);
#1142 = VERTEX_POINT('',#1143);
#1143 = CARTESIAN_POINT('',(158.12,-101.81,0.75));
#1144 = CIRCLE('',#1145,0.139999827125);
#1145 = AXIS2_PLACEMENT_3D('',#1146,#1147,#1148);
#1146 = CARTESIAN_POINT('',(158.12000017287,-101.6700001728,0.75));
#1147 = DIRECTION('',(0.,0.,-1.));
#1148 = DIRECTION('',(0.999999999999,1.23482055276E-06,0.));
#1149 = ORIENTED_EDGE('',*,*,#1150,.T.);
#1150 = EDGE_CURVE('',#1142,#1151,#1153,.T.);
#1151 = VERTEX_POINT('',#1152);
#1152 = CARTESIAN_POINT('',(157.78,-101.81,0.75));
#1153 = LINE('',#1154,#1155);
#1154 = CARTESIAN_POINT('',(158.12,-101.81,0.75));
#1155 = VECTOR('',#1156,1.);
#1156 = DIRECTION('',(-1.,0.,0.));
#1157 = ORIENTED_EDGE('',*,*,#1158,.T.);
#1158 = EDGE_CURVE('',#1151,#1000,#1159,.T.);
#1159 = CIRCLE('',#1160,0.139999827125);
#1160 = AXIS2_PLACEMENT_3D('',#1161,#1162,#1163);
#1161 = CARTESIAN_POINT('',(157.77999982712,-101.6700001728,0.75));
#1162 = DIRECTION('',(0.,0.,-1.));
#1163 = DIRECTION('',(1.234820248241E-06,-0.999999999999,0.));
#1164 = ORIENTED_EDGE('',*,*,#1007,.T.);
#1165 = PLANE('',#1166);
#1166 = AXIS2_PLACEMENT_3D('',#1167,#1168,#1169);
#1167 = CARTESIAN_POINT('',(0.,0.,0.75));
#1168 = DIRECTION('',(0.,0.,1.));
#1169 = DIRECTION('',(1.,0.,-0.));
#1170 = ADVANCED_FACE('',(#1171),#1182,.T.);
#1171 = FACE_BOUND('',#1172,.T.);
#1172 = EDGE_LOOP('',(#1173,#1179,#1180,#1181));
#1173 = ORIENTED_EDGE('',*,*,#1174,.T.);
#1174 = EDGE_CURVE('',#1062,#1151,#1175,.T.);
#1175 = LINE('',#1176,#1177);
#1176 = CARTESIAN_POINT('',(157.78,-101.81,0.71));
#1177 = VECTOR('',#1178,1.);
#1178 = DIRECTION('',(0.,0.,1.));
#1179 = ORIENTED_EDGE('',*,*,#1158,.T.);
#1180 = ORIENTED_EDGE('',*,*,#997,.F.);
#1181 = ORIENTED_EDGE('',*,*,#1061,.F.);
#1182 = CYLINDRICAL_SURFACE('',#1183,0.139999827125);
#1183 = AXIS2_PLACEMENT_3D('',#1184,#1185,#1186);
#1184 = CARTESIAN_POINT('',(157.77999982712,-101.6700001728,0.71));
#1185 = DIRECTION('',(0.,0.,-1.));
#1186 = DIRECTION('',(1.234820248241E-06,-0.999999999999,0.));
#1187 = ADVANCED_FACE('',(#1188),#1199,.T.);
#1188 = FACE_BOUND('',#1189,.T.);
#1189 = EDGE_LOOP('',(#1190,#1191,#1192,#1198));
#1190 = ORIENTED_EDGE('',*,*,#1037,.T.);
#1191 = ORIENTED_EDGE('',*,*,#1124,.T.);
#1192 = ORIENTED_EDGE('',*,*,#1193,.F.);
#1193 = EDGE_CURVE('',#1088,#1125,#1194,.T.);
#1194 = LINE('',#1195,#1196);
#1195 = CARTESIAN_POINT('',(158.26,-101.39,0.71));
#1196 = VECTOR('',#1197,1.);
#1197 = DIRECTION('',(0.,0.,1.));
#1198 = ORIENTED_EDGE('',*,*,#1095,.F.);
#1199 = CYLINDRICAL_SURFACE('',#1200,0.139999827125);
#1200 = AXIS2_PLACEMENT_3D('',#1201,#1202,#1203);
#1201 = CARTESIAN_POINT('',(158.12000017287,-101.3899998271,0.71));
#1202 = DIRECTION('',(0.,0.,-1.));
#1203 = DIRECTION('',(-1.234820451254E-06,0.999999999999,0.));
#1204 = ADVANCED_FACE('',(#1205),#1216,.T.);
#1205 = FACE_BOUND('',#1206,.T.);
#1206 = EDGE_LOOP('',(#1207,#1213,#1214,#1215));
#1207 = ORIENTED_EDGE('',*,*,#1208,.T.);
#1208 = EDGE_CURVE('',#1071,#1142,#1209,.T.);
#1209 = LINE('',#1210,#1211);
#1210 = CARTESIAN_POINT('',(158.12,-101.81,0.71));
#1211 = VECTOR('',#1212,1.);
#1212 = DIRECTION('',(0.,0.,1.));
#1213 = ORIENTED_EDGE('',*,*,#1150,.T.);
#1214 = ORIENTED_EDGE('',*,*,#1174,.F.);
#1215 = ORIENTED_EDGE('',*,*,#1070,.F.);
#1216 = PLANE('',#1217);
#1217 = AXIS2_PLACEMENT_3D('',#1218,#1219,#1220);
#1218 = CARTESIAN_POINT('',(158.12,-101.81,0.71));
#1219 = DIRECTION('',(0.,-1.,0.));
#1220 = DIRECTION('',(-1.,0.,0.));
#1221 = ADVANCED_FACE('',(#1222),#1233,.T.);
#1222 = FACE_BOUND('',#1223,.T.);
#1223 = EDGE_LOOP('',(#1224,#1225,#1226,#1232));
#1224 = ORIENTED_EDGE('',*,*,#1193,.T.);
#1225 = ORIENTED_EDGE('',*,*,#1133,.T.);
#1226 = ORIENTED_EDGE('',*,*,#1227,.F.);
#1227 = EDGE_CURVE('',#1079,#1134,#1228,.T.);
#1228 = LINE('',#1229,#1230);
#1229 = CARTESIAN_POINT('',(158.26,-101.67,0.71));
#1230 = VECTOR('',#1231,1.);
#1231 = DIRECTION('',(0.,0.,1.));
#1232 = ORIENTED_EDGE('',*,*,#1087,.F.);
#1233 = PLANE('',#1234);
#1234 = AXIS2_PLACEMENT_3D('',#1235,#1236,#1237);
#1235 = CARTESIAN_POINT('',(158.26,-101.39,0.71));
#1236 = DIRECTION('',(1.,0.,-0.));
#1237 = DIRECTION('',(0.,-1.,0.));
#1238 = ADVANCED_FACE('',(#1239),#1245,.T.);
#1239 = FACE_BOUND('',#1240,.T.);
#1240 = EDGE_LOOP('',(#1241,#1242,#1243,#1244));
#1241 = ORIENTED_EDGE('',*,*,#1227,.T.);
#1242 = ORIENTED_EDGE('',*,*,#1141,.T.);
#1243 = ORIENTED_EDGE('',*,*,#1208,.F.);
#1244 = ORIENTED_EDGE('',*,*,#1078,.F.);
#1245 = CYLINDRICAL_SURFACE('',#1246,0.139999827125);
#1246 = AXIS2_PLACEMENT_3D('',#1247,#1248,#1249);
#1247 = CARTESIAN_POINT('',(158.12000017287,-101.6700001728,0.71));
#1248 = DIRECTION('',(0.,0.,-1.));
#1249 = DIRECTION('',(0.999999999999,1.23482055276E-06,0.));
#1250 = ADVANCED_FACE('',(#1251),#1270,.F.);
#1251 = FACE_BOUND('',#1252,.T.);
#1252 = EDGE_LOOP('',(#1253,#1254,#1262,#1269));
#1253 = ORIENTED_EDGE('',*,*,#1105,.T.);
#1254 = ORIENTED_EDGE('',*,*,#1255,.T.);
#1255 = EDGE_CURVE('',#1106,#1256,#1258,.T.);
#1256 = VERTEX_POINT('',#1257);
#1257 = CARTESIAN_POINT('',(157.95,-101.605,0.746));
#1258 = LINE('',#1259,#1260);
#1259 = CARTESIAN_POINT('',(157.95,-101.605,-3.6E-02));
#1260 = VECTOR('',#1261,1.);
#1261 = DIRECTION('',(0.,0.,1.));
#1262 = ORIENTED_EDGE('',*,*,#1263,.T.);
#1263 = EDGE_CURVE('',#1256,#1256,#1264,.T.);
#1264 = CIRCLE('',#1265,7.500000000002E-02);
#1265 = AXIS2_PLACEMENT_3D('',#1266,#1267,#1268);
#1266 = CARTESIAN_POINT('',(157.95,-101.53,0.746));
#1267 = DIRECTION('',(0.,0.,1.));
#1268 = DIRECTION('',(-0.,-1.,0.));
#1269 = ORIENTED_EDGE('',*,*,#1255,.F.);
#1270 = CYLINDRICAL_SURFACE('',#1271,7.500000000002E-02);
#1271 = AXIS2_PLACEMENT_3D('',#1272,#1273,#1274);
#1272 = CARTESIAN_POINT('',(157.95,-101.53,-3.6E-02));
#1273 = DIRECTION('',(-0.,-0.,-1.));
#1274 = DIRECTION('',(-0.,-1.,0.));
#1275 = ADVANCED_FACE('',(#1276),#1279,.F.);
#1276 = FACE_BOUND('',#1277,.F.);
#1277 = EDGE_LOOP('',(#1278));
#1278 = ORIENTED_EDGE('',*,*,#1263,.T.);
#1279 = PLANE('',#1280);
#1280 = AXIS2_PLACEMENT_3D('',#1281,#1282,#1283);
#1281 = CARTESIAN_POINT('',(157.95,-101.605,0.746));
#1282 = DIRECTION('',(0.,0.,1.));
#1283 = DIRECTION('',(1.,0.,-0.));
#1284 = MANIFOLD_SOLID_BREP('',#1285);
#1285 = CLOSED_SHELL('',(#1286,#1328,#1359,#1392,#1423,#1456,#1487,#1520
    ,#1542,#1558));
#1286 = ADVANCED_FACE('',(#1287),#1323,.T.);
#1287 = FACE_BOUND('',#1288,.T.);
#1288 = EDGE_LOOP('',(#1289,#1299,#1308,#1316));
#1289 = ORIENTED_EDGE('',*,*,#1290,.T.);
#1290 = EDGE_CURVE('',#1291,#1293,#1295,.T.);
#1291 = VERTEX_POINT('',#1292);
#1292 = CARTESIAN_POINT('',(157.64,-100.43,0.71));
#1293 = VERTEX_POINT('',#1294);
#1294 = CARTESIAN_POINT('',(157.64,-100.43,0.75));
#1295 = LINE('',#1296,#1297);
#1296 = CARTESIAN_POINT('',(157.64,-100.43,0.71));
#1297 = VECTOR('',#1298,1.);
#1298 = DIRECTION('',(0.,0.,1.));
#1299 = ORIENTED_EDGE('',*,*,#1300,.T.);
#1300 = EDGE_CURVE('',#1293,#1301,#1303,.T.);
#1301 = VERTEX_POINT('',#1302);
#1302 = CARTESIAN_POINT('',(157.78,-100.29,0.75));
#1303 = CIRCLE('',#1304,0.139999827125);
#1304 = AXIS2_PLACEMENT_3D('',#1305,#1306,#1307);
#1305 = CARTESIAN_POINT('',(157.77999982712,-100.4299998271,0.75));
#1306 = DIRECTION('',(0.,0.,-1.));
#1307 = DIRECTION('',(-0.999999999999,-1.234820248241E-06,-0.));
#1308 = ORIENTED_EDGE('',*,*,#1309,.F.);
#1309 = EDGE_CURVE('',#1310,#1301,#1312,.T.);
#1310 = VERTEX_POINT('',#1311);
#1311 = CARTESIAN_POINT('',(157.78,-100.29,0.71));
#1312 = LINE('',#1313,#1314);
#1313 = CARTESIAN_POINT('',(157.78,-100.29,0.71));
#1314 = VECTOR('',#1315,1.);
#1315 = DIRECTION('',(0.,0.,1.));
#1316 = ORIENTED_EDGE('',*,*,#1317,.F.);
#1317 = EDGE_CURVE('',#1291,#1310,#1318,.T.);
#1318 = CIRCLE('',#1319,0.139999827125);
#1319 = AXIS2_PLACEMENT_3D('',#1320,#1321,#1322);
#1320 = CARTESIAN_POINT('',(157.77999982712,-100.4299998271,0.71));
#1321 = DIRECTION('',(0.,0.,-1.));
#1322 = DIRECTION('',(-0.999999999999,-1.234820248241E-06,-0.));
#1323 = CYLINDRICAL_SURFACE('',#1324,0.139999827125);
#1324 = AXIS2_PLACEMENT_3D('',#1325,#1326,#1327);
#1325 = CARTESIAN_POINT('',(157.77999982712,-100.4299998271,0.71));
#1326 = DIRECTION('',(0.,0.,-1.));
#1327 = DIRECTION('',(-0.999999999999,-1.234820248241E-06,-0.));
#1328 = ADVANCED_FACE('',(#1329),#1354,.T.);
#1329 = FACE_BOUND('',#1330,.T.);
#1330 = EDGE_LOOP('',(#1331,#1332,#1340,#1348));
#1331 = ORIENTED_EDGE('',*,*,#1309,.T.);
#1332 = ORIENTED_EDGE('',*,*,#1333,.T.);
#1333 = EDGE_CURVE('',#1301,#1334,#1336,.T.);
#1334 = VERTEX_POINT('',#1335);
#1335 = CARTESIAN_POINT('',(158.12,-100.29,0.75));
#1336 = LINE('',#1337,#1338);
#1337 = CARTESIAN_POINT('',(157.78,-100.29,0.75));
#1338 = VECTOR('',#1339,1.);
#1339 = DIRECTION('',(1.,0.,0.));
#1340 = ORIENTED_EDGE('',*,*,#1341,.F.);
#1341 = EDGE_CURVE('',#1342,#1334,#1344,.T.);
#1342 = VERTEX_POINT('',#1343);
#1343 = CARTESIAN_POINT('',(158.12,-100.29,0.71));
#1344 = LINE('',#1345,#1346);
#1345 = CARTESIAN_POINT('',(158.12,-100.29,0.71));
#1346 = VECTOR('',#1347,1.);
#1347 = DIRECTION('',(0.,0.,1.));
#1348 = ORIENTED_EDGE('',*,*,#1349,.F.);
#1349 = EDGE_CURVE('',#1310,#1342,#1350,.T.);
#1350 = LINE('',#1351,#1352);
#1351 = CARTESIAN_POINT('',(157.78,-100.29,0.71));
#1352 = VECTOR('',#1353,1.);
#1353 = DIRECTION('',(1.,0.,0.));
#1354 = PLANE('',#1355);
#1355 = AXIS2_PLACEMENT_3D('',#1356,#1357,#1358);
#1356 = CARTESIAN_POINT('',(157.78,-100.29,0.71));
#1357 = DIRECTION('',(0.,1.,0.));
#1358 = DIRECTION('',(1.,0.,0.));
#1359 = ADVANCED_FACE('',(#1360),#1387,.T.);
#1360 = FACE_BOUND('',#1361,.T.);
#1361 = EDGE_LOOP('',(#1362,#1363,#1372,#1380));
#1362 = ORIENTED_EDGE('',*,*,#1341,.T.);
#1363 = ORIENTED_EDGE('',*,*,#1364,.T.);
#1364 = EDGE_CURVE('',#1334,#1365,#1367,.T.);
#1365 = VERTEX_POINT('',#1366);
#1366 = CARTESIAN_POINT('',(158.26,-100.43,0.75));
#1367 = CIRCLE('',#1368,0.139999827125);
#1368 = AXIS2_PLACEMENT_3D('',#1369,#1370,#1371);
#1369 = CARTESIAN_POINT('',(158.12000017287,-100.4299998271,0.75));
#1370 = DIRECTION('',(0.,0.,-1.));
#1371 = DIRECTION('',(-1.234820451254E-06,0.999999999999,0.));
#1372 = ORIENTED_EDGE('',*,*,#1373,.F.);
#1373 = EDGE_CURVE('',#1374,#1365,#1376,.T.);
#1374 = VERTEX_POINT('',#1375);
#1375 = CARTESIAN_POINT('',(158.26,-100.43,0.71));
#1376 = LINE('',#1377,#1378);
#1377 = CARTESIAN_POINT('',(158.26,-100.43,0.71));
#1378 = VECTOR('',#1379,1.);
#1379 = DIRECTION('',(0.,0.,1.));
#1380 = ORIENTED_EDGE('',*,*,#1381,.F.);
#1381 = EDGE_CURVE('',#1342,#1374,#1382,.T.);
#1382 = CIRCLE('',#1383,0.139999827125);
#1383 = AXIS2_PLACEMENT_3D('',#1384,#1385,#1386);
#1384 = CARTESIAN_POINT('',(158.12000017287,-100.4299998271,0.71));
#1385 = DIRECTION('',(0.,0.,-1.));
#1386 = DIRECTION('',(-1.234820451254E-06,0.999999999999,0.));
#1387 = CYLINDRICAL_SURFACE('',#1388,0.139999827125);
#1388 = AXIS2_PLACEMENT_3D('',#1389,#1390,#1391);
#1389 = CARTESIAN_POINT('',(158.12000017287,-100.4299998271,0.71));
#1390 = DIRECTION('',(0.,0.,-1.));
#1391 = DIRECTION('',(-1.234820451254E-06,0.999999999999,0.));
#1392 = ADVANCED_FACE('',(#1393),#1418,.T.);
#1393 = FACE_BOUND('',#1394,.T.);
#1394 = EDGE_LOOP('',(#1395,#1396,#1404,#1412));
#1395 = ORIENTED_EDGE('',*,*,#1373,.T.);
#1396 = ORIENTED_EDGE('',*,*,#1397,.T.);
#1397 = EDGE_CURVE('',#1365,#1398,#1400,.T.);
#1398 = VERTEX_POINT('',#1399);
#1399 = CARTESIAN_POINT('',(158.26,-100.71,0.75));
#1400 = LINE('',#1401,#1402);
#1401 = CARTESIAN_POINT('',(158.26,-100.43,0.75));
#1402 = VECTOR('',#1403,1.);
#1403 = DIRECTION('',(0.,-1.,0.));
#1404 = ORIENTED_EDGE('',*,*,#1405,.F.);
#1405 = EDGE_CURVE('',#1406,#1398,#1408,.T.);
#1406 = VERTEX_POINT('',#1407);
#1407 = CARTESIAN_POINT('',(158.26,-100.71,0.71));
#1408 = LINE('',#1409,#1410);
#1409 = CARTESIAN_POINT('',(158.26,-100.71,0.71));
#1410 = VECTOR('',#1411,1.);
#1411 = DIRECTION('',(0.,0.,1.));
#1412 = ORIENTED_EDGE('',*,*,#1413,.F.);
#1413 = EDGE_CURVE('',#1374,#1406,#1414,.T.);
#1414 = LINE('',#1415,#1416);
#1415 = CARTESIAN_POINT('',(158.26,-100.43,0.71));
#1416 = VECTOR('',#1417,1.);
#1417 = DIRECTION('',(0.,-1.,0.));
#1418 = PLANE('',#1419);
#1419 = AXIS2_PLACEMENT_3D('',#1420,#1421,#1422);
#1420 = CARTESIAN_POINT('',(158.26,-100.43,0.71));
#1421 = DIRECTION('',(1.,0.,-0.));
#1422 = DIRECTION('',(0.,-1.,0.));
#1423 = ADVANCED_FACE('',(#1424),#1451,.T.);
#1424 = FACE_BOUND('',#1425,.T.);
#1425 = EDGE_LOOP('',(#1426,#1427,#1436,#1444));
#1426 = ORIENTED_EDGE('',*,*,#1405,.T.);
#1427 = ORIENTED_EDGE('',*,*,#1428,.T.);
#1428 = EDGE_CURVE('',#1398,#1429,#1431,.T.);
#1429 = VERTEX_POINT('',#1430);
#1430 = CARTESIAN_POINT('',(158.12,-100.85,0.75));
#1431 = CIRCLE('',#1432,0.139999827125);
#1432 = AXIS2_PLACEMENT_3D('',#1433,#1434,#1435);
#1433 = CARTESIAN_POINT('',(158.12000017287,-100.7100001728,0.75));
#1434 = DIRECTION('',(0.,0.,-1.));
#1435 = DIRECTION('',(0.999999999999,1.23482055276E-06,0.));
#1436 = ORIENTED_EDGE('',*,*,#1437,.F.);
#1437 = EDGE_CURVE('',#1438,#1429,#1440,.T.);
#1438 = VERTEX_POINT('',#1439);
#1439 = CARTESIAN_POINT('',(158.12,-100.85,0.71));
#1440 = LINE('',#1441,#1442);
#1441 = CARTESIAN_POINT('',(158.12,-100.85,0.71));
#1442 = VECTOR('',#1443,1.);
#1443 = DIRECTION('',(0.,0.,1.));
#1444 = ORIENTED_EDGE('',*,*,#1445,.F.);
#1445 = EDGE_CURVE('',#1406,#1438,#1446,.T.);
#1446 = CIRCLE('',#1447,0.139999827125);
#1447 = AXIS2_PLACEMENT_3D('',#1448,#1449,#1450);
#1448 = CARTESIAN_POINT('',(158.12000017287,-100.7100001728,0.71));
#1449 = DIRECTION('',(0.,0.,-1.));
#1450 = DIRECTION('',(0.999999999999,1.23482055276E-06,0.));
#1451 = CYLINDRICAL_SURFACE('',#1452,0.139999827125);
#1452 = AXIS2_PLACEMENT_3D('',#1453,#1454,#1455);
#1453 = CARTESIAN_POINT('',(158.12000017287,-100.7100001728,0.71));
#1454 = DIRECTION('',(0.,0.,-1.));
#1455 = DIRECTION('',(0.999999999999,1.23482055276E-06,0.));
#1456 = ADVANCED_FACE('',(#1457),#1482,.T.);
#1457 = FACE_BOUND('',#1458,.T.);
#1458 = EDGE_LOOP('',(#1459,#1460,#1468,#1476));
#1459 = ORIENTED_EDGE('',*,*,#1437,.T.);
#1460 = ORIENTED_EDGE('',*,*,#1461,.T.);
#1461 = EDGE_CURVE('',#1429,#1462,#1464,.T.);
#1462 = VERTEX_POINT('',#1463);
#1463 = CARTESIAN_POINT('',(157.78,-100.85,0.75));
#1464 = LINE('',#1465,#1466);
#1465 = CARTESIAN_POINT('',(158.12,-100.85,0.75));
#1466 = VECTOR('',#1467,1.);
#1467 = DIRECTION('',(-1.,0.,0.));
#1468 = ORIENTED_EDGE('',*,*,#1469,.F.);
#1469 = EDGE_CURVE('',#1470,#1462,#1472,.T.);
#1470 = VERTEX_POINT('',#1471);
#1471 = CARTESIAN_POINT('',(157.78,-100.85,0.71));
#1472 = LINE('',#1473,#1474);
#1473 = CARTESIAN_POINT('',(157.78,-100.85,0.71));
#1474 = VECTOR('',#1475,1.);
#1475 = DIRECTION('',(0.,0.,1.));
#1476 = ORIENTED_EDGE('',*,*,#1477,.F.);
#1477 = EDGE_CURVE('',#1438,#1470,#1478,.T.);
#1478 = LINE('',#1479,#1480);
#1479 = CARTESIAN_POINT('',(158.12,-100.85,0.71));
#1480 = VECTOR('',#1481,1.);
#1481 = DIRECTION('',(-1.,0.,0.));
#1482 = PLANE('',#1483);
#1483 = AXIS2_PLACEMENT_3D('',#1484,#1485,#1486);
#1484 = CARTESIAN_POINT('',(158.12,-100.85,0.71));
#1485 = DIRECTION('',(0.,-1.,0.));
#1486 = DIRECTION('',(-1.,0.,0.));
#1487 = ADVANCED_FACE('',(#1488),#1515,.T.);
#1488 = FACE_BOUND('',#1489,.T.);
#1489 = EDGE_LOOP('',(#1490,#1491,#1500,#1508));
#1490 = ORIENTED_EDGE('',*,*,#1469,.T.);
#1491 = ORIENTED_EDGE('',*,*,#1492,.T.);
#1492 = EDGE_CURVE('',#1462,#1493,#1495,.T.);
#1493 = VERTEX_POINT('',#1494);
#1494 = CARTESIAN_POINT('',(157.64,-100.71,0.75));
#1495 = CIRCLE('',#1496,0.139999827125);
#1496 = AXIS2_PLACEMENT_3D('',#1497,#1498,#1499);
#1497 = CARTESIAN_POINT('',(157.77999982712,-100.7100001728,0.75));
#1498 = DIRECTION('',(0.,0.,-1.));
#1499 = DIRECTION('',(1.234820248241E-06,-0.999999999999,0.));
#1500 = ORIENTED_EDGE('',*,*,#1501,.F.);
#1501 = EDGE_CURVE('',#1502,#1493,#1504,.T.);
#1502 = VERTEX_POINT('',#1503);
#1503 = CARTESIAN_POINT('',(157.64,-100.71,0.71));
#1504 = LINE('',#1505,#1506);
#1505 = CARTESIAN_POINT('',(157.64,-100.71,0.71));
#1506 = VECTOR('',#1507,1.);
#1507 = DIRECTION('',(0.,0.,1.));
#1508 = ORIENTED_EDGE('',*,*,#1509,.F.);
#1509 = EDGE_CURVE('',#1470,#1502,#1510,.T.);
#1510 = CIRCLE('',#1511,0.139999827125);
#1511 = AXIS2_PLACEMENT_3D('',#1512,#1513,#1514);
#1512 = CARTESIAN_POINT('',(157.77999982712,-100.7100001728,0.71));
#1513 = DIRECTION('',(0.,0.,-1.));
#1514 = DIRECTION('',(1.234820248241E-06,-0.999999999999,0.));
#1515 = CYLINDRICAL_SURFACE('',#1516,0.139999827125);
#1516 = AXIS2_PLACEMENT_3D('',#1517,#1518,#1519);
#1517 = CARTESIAN_POINT('',(157.77999982712,-100.7100001728,0.71));
#1518 = DIRECTION('',(0.,0.,-1.));
#1519 = DIRECTION('',(1.234820248241E-06,-0.999999999999,0.));
#1520 = ADVANCED_FACE('',(#1521),#1537,.T.);
#1521 = FACE_BOUND('',#1522,.T.);
#1522 = EDGE_LOOP('',(#1523,#1524,#1530,#1531));
#1523 = ORIENTED_EDGE('',*,*,#1501,.T.);
#1524 = ORIENTED_EDGE('',*,*,#1525,.T.);
#1525 = EDGE_CURVE('',#1493,#1293,#1526,.T.);
#1526 = LINE('',#1527,#1528);
#1527 = CARTESIAN_POINT('',(157.64,-100.71,0.75));
#1528 = VECTOR('',#1529,1.);
#1529 = DIRECTION('',(0.,1.,0.));
#1530 = ORIENTED_EDGE('',*,*,#1290,.F.);
#1531 = ORIENTED_EDGE('',*,*,#1532,.F.);
#1532 = EDGE_CURVE('',#1502,#1291,#1533,.T.);
#1533 = LINE('',#1534,#1535);
#1534 = CARTESIAN_POINT('',(157.64,-100.71,0.71));
#1535 = VECTOR('',#1536,1.);
#1536 = DIRECTION('',(0.,1.,0.));
#1537 = PLANE('',#1538);
#1538 = AXIS2_PLACEMENT_3D('',#1539,#1540,#1541);
#1539 = CARTESIAN_POINT('',(157.64,-100.71,0.71));
#1540 = DIRECTION('',(-1.,0.,0.));
#1541 = DIRECTION('',(0.,1.,0.));
#1542 = ADVANCED_FACE('',(#1543),#1553,.F.);
#1543 = FACE_BOUND('',#1544,.T.);
#1544 = EDGE_LOOP('',(#1545,#1546,#1547,#1548,#1549,#1550,#1551,#1552));
#1545 = ORIENTED_EDGE('',*,*,#1317,.T.);
#1546 = ORIENTED_EDGE('',*,*,#1349,.T.);
#1547 = ORIENTED_EDGE('',*,*,#1381,.T.);
#1548 = ORIENTED_EDGE('',*,*,#1413,.T.);
#1549 = ORIENTED_EDGE('',*,*,#1445,.T.);
#1550 = ORIENTED_EDGE('',*,*,#1477,.T.);
#1551 = ORIENTED_EDGE('',*,*,#1509,.T.);
#1552 = ORIENTED_EDGE('',*,*,#1532,.T.);
#1553 = PLANE('',#1554);
#1554 = AXIS2_PLACEMENT_3D('',#1555,#1556,#1557);
#1555 = CARTESIAN_POINT('',(0.,0.,0.71));
#1556 = DIRECTION('',(0.,0.,1.));
#1557 = DIRECTION('',(1.,0.,-0.));
#1558 = ADVANCED_FACE('',(#1559),#1569,.T.);
#1559 = FACE_BOUND('',#1560,.F.);
#1560 = EDGE_LOOP('',(#1561,#1562,#1563,#1564,#1565,#1566,#1567,#1568));
#1561 = ORIENTED_EDGE('',*,*,#1300,.T.);
#1562 = ORIENTED_EDGE('',*,*,#1333,.T.);
#1563 = ORIENTED_EDGE('',*,*,#1364,.T.);
#1564 = ORIENTED_EDGE('',*,*,#1397,.T.);
#1565 = ORIENTED_EDGE('',*,*,#1428,.T.);
#1566 = ORIENTED_EDGE('',*,*,#1461,.T.);
#1567 = ORIENTED_EDGE('',*,*,#1492,.T.);
#1568 = ORIENTED_EDGE('',*,*,#1525,.T.);
#1569 = PLANE('',#1570);
#1570 = AXIS2_PLACEMENT_3D('',#1571,#1572,#1573);
#1571 = CARTESIAN_POINT('',(0.,0.,0.75));
#1572 = DIRECTION('',(0.,0.,1.));
#1573 = DIRECTION('',(1.,0.,-0.));
#1574 = MANIFOLD_SOLID_BREP('',#1575);
#1575 = CLOSED_SHELL('',(#1576,#1609,#1618));
#1576 = ADVANCED_FACE('',(#1577),#1604,.T.);
#1577 = FACE_BOUND('',#1578,.F.);
#1578 = EDGE_LOOP('',(#1579,#1589,#1596,#1597));
#1579 = ORIENTED_EDGE('',*,*,#1580,.T.);
#1580 = EDGE_CURVE('',#1581,#1583,#1585,.T.);
#1581 = VERTEX_POINT('',#1582);
#1582 = CARTESIAN_POINT('',(158.549999,-98.025,0.71));
#1583 = VERTEX_POINT('',#1584);
#1584 = CARTESIAN_POINT('',(158.549999,-98.025,0.75));
#1585 = LINE('',#1586,#1587);
#1586 = CARTESIAN_POINT('',(158.549999,-98.025,0.71));
#1587 = VECTOR('',#1588,1.);
#1588 = DIRECTION('',(0.,0.,1.));
#1589 = ORIENTED_EDGE('',*,*,#1590,.T.);
#1590 = EDGE_CURVE('',#1583,#1583,#1591,.T.);
#1591 = CIRCLE('',#1592,0.249999);
#1592 = AXIS2_PLACEMENT_3D('',#1593,#1594,#1595);
#1593 = CARTESIAN_POINT('',(158.3,-98.025,0.75));
#1594 = DIRECTION('',(0.,0.,1.));
#1595 = DIRECTION('',(1.,0.,-0.));
#1596 = ORIENTED_EDGE('',*,*,#1580,.F.);
#1597 = ORIENTED_EDGE('',*,*,#1598,.F.);
#1598 = EDGE_CURVE('',#1581,#1581,#1599,.T.);
#1599 = CIRCLE('',#1600,0.249999);
#1600 = AXIS2_PLACEMENT_3D('',#1601,#1602,#1603);
#1601 = CARTESIAN_POINT('',(158.3,-98.025,0.71));
#1602 = DIRECTION('',(0.,0.,1.));
#1603 = DIRECTION('',(1.,0.,-0.));
#1604 = CYLINDRICAL_SURFACE('',#1605,0.249999);
#1605 = AXIS2_PLACEMENT_3D('',#1606,#1607,#1608);
#1606 = CARTESIAN_POINT('',(158.3,-98.025,0.71));
#1607 = DIRECTION('',(-0.,-0.,-1.));
#1608 = DIRECTION('',(1.,0.,-0.));
#1609 = ADVANCED_FACE('',(#1610),#1613,.F.);
#1610 = FACE_BOUND('',#1611,.F.);
#1611 = EDGE_LOOP('',(#1612));
#1612 = ORIENTED_EDGE('',*,*,#1598,.T.);
#1613 = PLANE('',#1614);
#1614 = AXIS2_PLACEMENT_3D('',#1615,#1616,#1617);
#1615 = CARTESIAN_POINT('',(0.,0.,0.71));
#1616 = DIRECTION('',(0.,0.,1.));
#1617 = DIRECTION('',(1.,0.,-0.));
#1618 = ADVANCED_FACE('',(#1619),#1622,.T.);
#1619 = FACE_BOUND('',#1620,.T.);
#1620 = EDGE_LOOP('',(#1621));
#1621 = ORIENTED_EDGE('',*,*,#1590,.T.);
#1622 = PLANE('',#1623);
#1623 = AXIS2_PLACEMENT_3D('',#1624,#1625,#1626);
#1624 = CARTESIAN_POINT('',(0.,0.,0.75));
#1625 = DIRECTION('',(0.,0.,1.));
#1626 = DIRECTION('',(1.,0.,-0.));
#1627 = MANIFOLD_SOLID_BREP('',#1628);
#1628 = CLOSED_SHELL('',(#1629,#1662,#1671));
#1629 = ADVANCED_FACE('',(#1630),#1657,.T.);
#1630 = FACE_BOUND('',#1631,.F.);
#1631 = EDGE_LOOP('',(#1632,#1642,#1649,#1650));
#1632 = ORIENTED_EDGE('',*,*,#1633,.T.);
#1633 = EDGE_CURVE('',#1634,#1636,#1638,.T.);
#1634 = VERTEX_POINT('',#1635);
#1635 = CARTESIAN_POINT('',(159.549999,-98.025,0.71));
#1636 = VERTEX_POINT('',#1637);
#1637 = CARTESIAN_POINT('',(159.549999,-98.025,0.75));
#1638 = LINE('',#1639,#1640);
#1639 = CARTESIAN_POINT('',(159.549999,-98.025,0.71));
#1640 = VECTOR('',#1641,1.);
#1641 = DIRECTION('',(0.,0.,1.));
#1642 = ORIENTED_EDGE('',*,*,#1643,.T.);
#1643 = EDGE_CURVE('',#1636,#1636,#1644,.T.);
#1644 = CIRCLE('',#1645,0.249999);
#1645 = AXIS2_PLACEMENT_3D('',#1646,#1647,#1648);
#1646 = CARTESIAN_POINT('',(159.3,-98.025,0.75));
#1647 = DIRECTION('',(0.,0.,1.));
#1648 = DIRECTION('',(1.,0.,-0.));
#1649 = ORIENTED_EDGE('',*,*,#1633,.F.);
#1650 = ORIENTED_EDGE('',*,*,#1651,.F.);
#1651 = EDGE_CURVE('',#1634,#1634,#1652,.T.);
#1652 = CIRCLE('',#1653,0.249999);
#1653 = AXIS2_PLACEMENT_3D('',#1654,#1655,#1656);
#1654 = CARTESIAN_POINT('',(159.3,-98.025,0.71));
#1655 = DIRECTION('',(0.,0.,1.));
#1656 = DIRECTION('',(1.,0.,-0.));
#1657 = CYLINDRICAL_SURFACE('',#1658,0.249999);
#1658 = AXIS2_PLACEMENT_3D('',#1659,#1660,#1661);
#1659 = CARTESIAN_POINT('',(159.3,-98.025,0.71));
#1660 = DIRECTION('',(-0.,-0.,-1.));
#1661 = DIRECTION('',(1.,0.,-0.));
#1662 = ADVANCED_FACE('',(#1663),#1666,.F.);
#1663 = FACE_BOUND('',#1664,.F.);
#1664 = EDGE_LOOP('',(#1665));
#1665 = ORIENTED_EDGE('',*,*,#1651,.T.);
#1666 = PLANE('',#1667);
#1667 = AXIS2_PLACEMENT_3D('',#1668,#1669,#1670);
#1668 = CARTESIAN_POINT('',(0.,0.,0.71));
#1669 = DIRECTION('',(0.,0.,1.));
#1670 = DIRECTION('',(1.,0.,-0.));
#1671 = ADVANCED_FACE('',(#1672),#1675,.T.);
#1672 = FACE_BOUND('',#1673,.T.);
#1673 = EDGE_LOOP('',(#1674));
#1674 = ORIENTED_EDGE('',*,*,#1643,.T.);
#1675 = PLANE('',#1676);
#1676 = AXIS2_PLACEMENT_3D('',#1677,#1678,#1679);
#1677 = CARTESIAN_POINT('',(0.,0.,0.75));
#1678 = DIRECTION('',(0.,0.,1.));
#1679 = DIRECTION('',(1.,0.,-0.));
#1680 = MANIFOLD_SOLID_BREP('',#1681);
#1681 = CLOSED_SHELL('',(#1682,#1724,#1755,#1788,#1819,#1852,#1883,#1916
    ,#1938,#1954));
#1682 = ADVANCED_FACE('',(#1683),#1719,.T.);
#1683 = FACE_BOUND('',#1684,.T.);
#1684 = EDGE_LOOP('',(#1685,#1695,#1704,#1712));
#1685 = ORIENTED_EDGE('',*,*,#1686,.T.);
#1686 = EDGE_CURVE('',#1687,#1689,#1691,.T.);
#1687 = VERTEX_POINT('',#1688);
#1688 = CARTESIAN_POINT('',(157.64,-99.515,0.71));
#1689 = VERTEX_POINT('',#1690);
#1690 = CARTESIAN_POINT('',(157.64,-99.515,0.75));
#1691 = LINE('',#1692,#1693);
#1692 = CARTESIAN_POINT('',(157.64,-99.515,0.71));
#1693 = VECTOR('',#1694,1.);
#1694 = DIRECTION('',(0.,0.,1.));
#1695 = ORIENTED_EDGE('',*,*,#1696,.T.);
#1696 = EDGE_CURVE('',#1689,#1697,#1699,.T.);
#1697 = VERTEX_POINT('',#1698);
#1698 = CARTESIAN_POINT('',(157.78,-99.375,0.75));
#1699 = CIRCLE('',#1700,0.139999827125);
#1700 = AXIS2_PLACEMENT_3D('',#1701,#1702,#1703);
#1701 = CARTESIAN_POINT('',(157.77999982712,-99.51499982712,0.75));
#1702 = DIRECTION('',(0.,0.,-1.));
#1703 = DIRECTION('',(-0.999999999999,-1.234820248241E-06,-0.));
#1704 = ORIENTED_EDGE('',*,*,#1705,.F.);
#1705 = EDGE_CURVE('',#1706,#1697,#1708,.T.);
#1706 = VERTEX_POINT('',#1707);
#1707 = CARTESIAN_POINT('',(157.78,-99.375,0.71));
#1708 = LINE('',#1709,#1710);
#1709 = CARTESIAN_POINT('',(157.78,-99.375,0.71));
#1710 = VECTOR('',#1711,1.);
#1711 = DIRECTION('',(0.,0.,1.));
#1712 = ORIENTED_EDGE('',*,*,#1713,.F.);
#1713 = EDGE_CURVE('',#1687,#1706,#1714,.T.);
#1714 = CIRCLE('',#1715,0.139999827125);
#1715 = AXIS2_PLACEMENT_3D('',#1716,#1717,#1718);
#1716 = CARTESIAN_POINT('',(157.77999982712,-99.51499982712,0.71));
#1717 = DIRECTION('',(0.,0.,-1.));
#1718 = DIRECTION('',(-0.999999999999,-1.234820248241E-06,-0.));
#1719 = CYLINDRICAL_SURFACE('',#1720,0.139999827125);
#1720 = AXIS2_PLACEMENT_3D('',#1721,#1722,#1723);
#1721 = CARTESIAN_POINT('',(157.77999982712,-99.51499982712,0.71));
#1722 = DIRECTION('',(0.,0.,-1.));
#1723 = DIRECTION('',(-0.999999999999,-1.234820248241E-06,-0.));
#1724 = ADVANCED_FACE('',(#1725),#1750,.T.);
#1725 = FACE_BOUND('',#1726,.T.);
#1726 = EDGE_LOOP('',(#1727,#1728,#1736,#1744));
#1727 = ORIENTED_EDGE('',*,*,#1705,.T.);
#1728 = ORIENTED_EDGE('',*,*,#1729,.T.);
#1729 = EDGE_CURVE('',#1697,#1730,#1732,.T.);
#1730 = VERTEX_POINT('',#1731);
#1731 = CARTESIAN_POINT('',(158.12,-99.375,0.75));
#1732 = LINE('',#1733,#1734);
#1733 = CARTESIAN_POINT('',(157.78,-99.375,0.75));
#1734 = VECTOR('',#1735,1.);
#1735 = DIRECTION('',(1.,0.,0.));
#1736 = ORIENTED_EDGE('',*,*,#1737,.F.);
#1737 = EDGE_CURVE('',#1738,#1730,#1740,.T.);
#1738 = VERTEX_POINT('',#1739);
#1739 = CARTESIAN_POINT('',(158.12,-99.375,0.71));
#1740 = LINE('',#1741,#1742);
#1741 = CARTESIAN_POINT('',(158.12,-99.375,0.71));
#1742 = VECTOR('',#1743,1.);
#1743 = DIRECTION('',(0.,0.,1.));
#1744 = ORIENTED_EDGE('',*,*,#1745,.F.);
#1745 = EDGE_CURVE('',#1706,#1738,#1746,.T.);
#1746 = LINE('',#1747,#1748);
#1747 = CARTESIAN_POINT('',(157.78,-99.375,0.71));
#1748 = VECTOR('',#1749,1.);
#1749 = DIRECTION('',(1.,0.,0.));
#1750 = PLANE('',#1751);
#1751 = AXIS2_PLACEMENT_3D('',#1752,#1753,#1754);
#1752 = CARTESIAN_POINT('',(157.78,-99.375,0.71));
#1753 = DIRECTION('',(0.,1.,0.));
#1754 = DIRECTION('',(1.,0.,0.));
#1755 = ADVANCED_FACE('',(#1756),#1783,.T.);
#1756 = FACE_BOUND('',#1757,.T.);
#1757 = EDGE_LOOP('',(#1758,#1759,#1768,#1776));
#1758 = ORIENTED_EDGE('',*,*,#1737,.T.);
#1759 = ORIENTED_EDGE('',*,*,#1760,.T.);
#1760 = EDGE_CURVE('',#1730,#1761,#1763,.T.);
#1761 = VERTEX_POINT('',#1762);
#1762 = CARTESIAN_POINT('',(158.26,-99.515,0.75));
#1763 = CIRCLE('',#1764,0.139999827125);
#1764 = AXIS2_PLACEMENT_3D('',#1765,#1766,#1767);
#1765 = CARTESIAN_POINT('',(158.12000017287,-99.51499982712,0.75));
#1766 = DIRECTION('',(0.,0.,-1.));
#1767 = DIRECTION('',(-1.234820451254E-06,0.999999999999,0.));
#1768 = ORIENTED_EDGE('',*,*,#1769,.F.);
#1769 = EDGE_CURVE('',#1770,#1761,#1772,.T.);
#1770 = VERTEX_POINT('',#1771);
#1771 = CARTESIAN_POINT('',(158.26,-99.515,0.71));
#1772 = LINE('',#1773,#1774);
#1773 = CARTESIAN_POINT('',(158.26,-99.515,0.71));
#1774 = VECTOR('',#1775,1.);
#1775 = DIRECTION('',(0.,0.,1.));
#1776 = ORIENTED_EDGE('',*,*,#1777,.F.);
#1777 = EDGE_CURVE('',#1738,#1770,#1778,.T.);
#1778 = CIRCLE('',#1779,0.139999827125);
#1779 = AXIS2_PLACEMENT_3D('',#1780,#1781,#1782);
#1780 = CARTESIAN_POINT('',(158.12000017287,-99.51499982712,0.71));
#1781 = DIRECTION('',(0.,0.,-1.));
#1782 = DIRECTION('',(-1.234820451254E-06,0.999999999999,0.));
#1783 = CYLINDRICAL_SURFACE('',#1784,0.139999827125);
#1784 = AXIS2_PLACEMENT_3D('',#1785,#1786,#1787);
#1785 = CARTESIAN_POINT('',(158.12000017287,-99.51499982712,0.71));
#1786 = DIRECTION('',(0.,0.,-1.));
#1787 = DIRECTION('',(-1.234820451254E-06,0.999999999999,0.));
#1788 = ADVANCED_FACE('',(#1789),#1814,.T.);
#1789 = FACE_BOUND('',#1790,.T.);
#1790 = EDGE_LOOP('',(#1791,#1792,#1800,#1808));
#1791 = ORIENTED_EDGE('',*,*,#1769,.T.);
#1792 = ORIENTED_EDGE('',*,*,#1793,.T.);
#1793 = EDGE_CURVE('',#1761,#1794,#1796,.T.);
#1794 = VERTEX_POINT('',#1795);
#1795 = CARTESIAN_POINT('',(158.26,-99.795,0.75));
#1796 = LINE('',#1797,#1798);
#1797 = CARTESIAN_POINT('',(158.26,-99.515,0.75));
#1798 = VECTOR('',#1799,1.);
#1799 = DIRECTION('',(0.,-1.,0.));
#1800 = ORIENTED_EDGE('',*,*,#1801,.F.);
#1801 = EDGE_CURVE('',#1802,#1794,#1804,.T.);
#1802 = VERTEX_POINT('',#1803);
#1803 = CARTESIAN_POINT('',(158.26,-99.795,0.71));
#1804 = LINE('',#1805,#1806);
#1805 = CARTESIAN_POINT('',(158.26,-99.795,0.71));
#1806 = VECTOR('',#1807,1.);
#1807 = DIRECTION('',(0.,0.,1.));
#1808 = ORIENTED_EDGE('',*,*,#1809,.F.);
#1809 = EDGE_CURVE('',#1770,#1802,#1810,.T.);
#1810 = LINE('',#1811,#1812);
#1811 = CARTESIAN_POINT('',(158.26,-99.515,0.71));
#1812 = VECTOR('',#1813,1.);
#1813 = DIRECTION('',(0.,-1.,0.));
#1814 = PLANE('',#1815);
#1815 = AXIS2_PLACEMENT_3D('',#1816,#1817,#1818);
#1816 = CARTESIAN_POINT('',(158.26,-99.515,0.71));
#1817 = DIRECTION('',(1.,0.,-0.));
#1818 = DIRECTION('',(0.,-1.,0.));
#1819 = ADVANCED_FACE('',(#1820),#1847,.T.);
#1820 = FACE_BOUND('',#1821,.T.);
#1821 = EDGE_LOOP('',(#1822,#1823,#1832,#1840));
#1822 = ORIENTED_EDGE('',*,*,#1801,.T.);
#1823 = ORIENTED_EDGE('',*,*,#1824,.T.);
#1824 = EDGE_CURVE('',#1794,#1825,#1827,.T.);
#1825 = VERTEX_POINT('',#1826);
#1826 = CARTESIAN_POINT('',(158.12,-99.935,0.75));
#1827 = CIRCLE('',#1828,0.139999827125);
#1828 = AXIS2_PLACEMENT_3D('',#1829,#1830,#1831);
#1829 = CARTESIAN_POINT('',(158.12000017287,-99.79500017287,0.75));
#1830 = DIRECTION('',(0.,0.,-1.));
#1831 = DIRECTION('',(0.999999999999,1.23482055276E-06,0.));
#1832 = ORIENTED_EDGE('',*,*,#1833,.F.);
#1833 = EDGE_CURVE('',#1834,#1825,#1836,.T.);
#1834 = VERTEX_POINT('',#1835);
#1835 = CARTESIAN_POINT('',(158.12,-99.935,0.71));
#1836 = LINE('',#1837,#1838);
#1837 = CARTESIAN_POINT('',(158.12,-99.935,0.71));
#1838 = VECTOR('',#1839,1.);
#1839 = DIRECTION('',(0.,0.,1.));
#1840 = ORIENTED_EDGE('',*,*,#1841,.F.);
#1841 = EDGE_CURVE('',#1802,#1834,#1842,.T.);
#1842 = CIRCLE('',#1843,0.139999827125);
#1843 = AXIS2_PLACEMENT_3D('',#1844,#1845,#1846);
#1844 = CARTESIAN_POINT('',(158.12000017287,-99.79500017287,0.71));
#1845 = DIRECTION('',(0.,0.,-1.));
#1846 = DIRECTION('',(0.999999999999,1.23482055276E-06,0.));
#1847 = CYLINDRICAL_SURFACE('',#1848,0.139999827125);
#1848 = AXIS2_PLACEMENT_3D('',#1849,#1850,#1851);
#1849 = CARTESIAN_POINT('',(158.12000017287,-99.79500017287,0.71));
#1850 = DIRECTION('',(0.,0.,-1.));
#1851 = DIRECTION('',(0.999999999999,1.23482055276E-06,0.));
#1852 = ADVANCED_FACE('',(#1853),#1878,.T.);
#1853 = FACE_BOUND('',#1854,.T.);
#1854 = EDGE_LOOP('',(#1855,#1856,#1864,#1872));
#1855 = ORIENTED_EDGE('',*,*,#1833,.T.);
#1856 = ORIENTED_EDGE('',*,*,#1857,.T.);
#1857 = EDGE_CURVE('',#1825,#1858,#1860,.T.);
#1858 = VERTEX_POINT('',#1859);
#1859 = CARTESIAN_POINT('',(157.78,-99.935,0.75));
#1860 = LINE('',#1861,#1862);
#1861 = CARTESIAN_POINT('',(158.12,-99.935,0.75));
#1862 = VECTOR('',#1863,1.);
#1863 = DIRECTION('',(-1.,0.,0.));
#1864 = ORIENTED_EDGE('',*,*,#1865,.F.);
#1865 = EDGE_CURVE('',#1866,#1858,#1868,.T.);
#1866 = VERTEX_POINT('',#1867);
#1867 = CARTESIAN_POINT('',(157.78,-99.935,0.71));
#1868 = LINE('',#1869,#1870);
#1869 = CARTESIAN_POINT('',(157.78,-99.935,0.71));
#1870 = VECTOR('',#1871,1.);
#1871 = DIRECTION('',(0.,0.,1.));
#1872 = ORIENTED_EDGE('',*,*,#1873,.F.);
#1873 = EDGE_CURVE('',#1834,#1866,#1874,.T.);
#1874 = LINE('',#1875,#1876);
#1875 = CARTESIAN_POINT('',(158.12,-99.935,0.71));
#1876 = VECTOR('',#1877,1.);
#1877 = DIRECTION('',(-1.,0.,0.));
#1878 = PLANE('',#1879);
#1879 = AXIS2_PLACEMENT_3D('',#1880,#1881,#1882);
#1880 = CARTESIAN_POINT('',(158.12,-99.935,0.71));
#1881 = DIRECTION('',(0.,-1.,0.));
#1882 = DIRECTION('',(-1.,0.,0.));
#1883 = ADVANCED_FACE('',(#1884),#1911,.T.);
#1884 = FACE_BOUND('',#1885,.T.);
#1885 = EDGE_LOOP('',(#1886,#1887,#1896,#1904));
#1886 = ORIENTED_EDGE('',*,*,#1865,.T.);
#1887 = ORIENTED_EDGE('',*,*,#1888,.T.);
#1888 = EDGE_CURVE('',#1858,#1889,#1891,.T.);
#1889 = VERTEX_POINT('',#1890);
#1890 = CARTESIAN_POINT('',(157.64,-99.795,0.75));
#1891 = CIRCLE('',#1892,0.139999827125);
#1892 = AXIS2_PLACEMENT_3D('',#1893,#1894,#1895);
#1893 = CARTESIAN_POINT('',(157.77999982712,-99.79500017287,0.75));
#1894 = DIRECTION('',(0.,0.,-1.));
#1895 = DIRECTION('',(1.234820248241E-06,-0.999999999999,0.));
#1896 = ORIENTED_EDGE('',*,*,#1897,.F.);
#1897 = EDGE_CURVE('',#1898,#1889,#1900,.T.);
#1898 = VERTEX_POINT('',#1899);
#1899 = CARTESIAN_POINT('',(157.64,-99.795,0.71));
#1900 = LINE('',#1901,#1902);
#1901 = CARTESIAN_POINT('',(157.64,-99.795,0.71));
#1902 = VECTOR('',#1903,1.);
#1903 = DIRECTION('',(0.,0.,1.));
#1904 = ORIENTED_EDGE('',*,*,#1905,.F.);
#1905 = EDGE_CURVE('',#1866,#1898,#1906,.T.);
#1906 = CIRCLE('',#1907,0.139999827125);
#1907 = AXIS2_PLACEMENT_3D('',#1908,#1909,#1910);
#1908 = CARTESIAN_POINT('',(157.77999982712,-99.79500017287,0.71));
#1909 = DIRECTION('',(0.,0.,-1.));
#1910 = DIRECTION('',(1.234820248241E-06,-0.999999999999,0.));
#1911 = CYLINDRICAL_SURFACE('',#1912,0.139999827125);
#1912 = AXIS2_PLACEMENT_3D('',#1913,#1914,#1915);
#1913 = CARTESIAN_POINT('',(157.77999982712,-99.79500017287,0.71));
#1914 = DIRECTION('',(0.,0.,-1.));
#1915 = DIRECTION('',(1.234820248241E-06,-0.999999999999,0.));
#1916 = ADVANCED_FACE('',(#1917),#1933,.T.);
#1917 = FACE_BOUND('',#1918,.T.);
#1918 = EDGE_LOOP('',(#1919,#1920,#1926,#1927));
#1919 = ORIENTED_EDGE('',*,*,#1897,.T.);
#1920 = ORIENTED_EDGE('',*,*,#1921,.T.);
#1921 = EDGE_CURVE('',#1889,#1689,#1922,.T.);
#1922 = LINE('',#1923,#1924);
#1923 = CARTESIAN_POINT('',(157.64,-99.795,0.75));
#1924 = VECTOR('',#1925,1.);
#1925 = DIRECTION('',(0.,1.,0.));
#1926 = ORIENTED_EDGE('',*,*,#1686,.F.);
#1927 = ORIENTED_EDGE('',*,*,#1928,.F.);
#1928 = EDGE_CURVE('',#1898,#1687,#1929,.T.);
#1929 = LINE('',#1930,#1931);
#1930 = CARTESIAN_POINT('',(157.64,-99.795,0.71));
#1931 = VECTOR('',#1932,1.);
#1932 = DIRECTION('',(0.,1.,0.));
#1933 = PLANE('',#1934);
#1934 = AXIS2_PLACEMENT_3D('',#1935,#1936,#1937);
#1935 = CARTESIAN_POINT('',(157.64,-99.795,0.71));
#1936 = DIRECTION('',(-1.,0.,0.));
#1937 = DIRECTION('',(0.,1.,0.));
#1938 = ADVANCED_FACE('',(#1939),#1949,.F.);
#1939 = FACE_BOUND('',#1940,.T.);
#1940 = EDGE_LOOP('',(#1941,#1942,#1943,#1944,#1945,#1946,#1947,#1948));
#1941 = ORIENTED_EDGE('',*,*,#1713,.T.);
#1942 = ORIENTED_EDGE('',*,*,#1745,.T.);
#1943 = ORIENTED_EDGE('',*,*,#1777,.T.);
#1944 = ORIENTED_EDGE('',*,*,#1809,.T.);
#1945 = ORIENTED_EDGE('',*,*,#1841,.T.);
#1946 = ORIENTED_EDGE('',*,*,#1873,.T.);
#1947 = ORIENTED_EDGE('',*,*,#1905,.T.);
#1948 = ORIENTED_EDGE('',*,*,#1928,.T.);
#1949 = PLANE('',#1950);
#1950 = AXIS2_PLACEMENT_3D('',#1951,#1952,#1953);
#1951 = CARTESIAN_POINT('',(0.,0.,0.71));
#1952 = DIRECTION('',(0.,0.,1.));
#1953 = DIRECTION('',(1.,0.,-0.));
#1954 = ADVANCED_FACE('',(#1955),#1965,.T.);
#1955 = FACE_BOUND('',#1956,.F.);
#1956 = EDGE_LOOP('',(#1957,#1958,#1959,#1960,#1961,#1962,#1963,#1964));
#1957 = ORIENTED_EDGE('',*,*,#1696,.T.);
#1958 = ORIENTED_EDGE('',*,*,#1729,.T.);
#1959 = ORIENTED_EDGE('',*,*,#1760,.T.);
#1960 = ORIENTED_EDGE('',*,*,#1793,.T.);
#1961 = ORIENTED_EDGE('',*,*,#1824,.T.);
#1962 = ORIENTED_EDGE('',*,*,#1857,.T.);
#1963 = ORIENTED_EDGE('',*,*,#1888,.T.);
#1964 = ORIENTED_EDGE('',*,*,#1921,.T.);
#1965 = PLANE('',#1966);
#1966 = AXIS2_PLACEMENT_3D('',#1967,#1968,#1969);
#1967 = CARTESIAN_POINT('',(0.,0.,0.75));
#1968 = DIRECTION('',(0.,0.,1.));
#1969 = DIRECTION('',(1.,0.,-0.));
#1970 = MANIFOLD_SOLID_BREP('',#1971);
#1971 = CLOSED_SHELL('',(#1972,#2014,#2045,#2078,#2109,#2142,#2173,#2206
    ,#2228,#2244));
#1972 = ADVANCED_FACE('',(#1973),#2009,.T.);
#1973 = FACE_BOUND('',#1974,.T.);
#1974 = EDGE_LOOP('',(#1975,#1985,#1994,#2002));
#1975 = ORIENTED_EDGE('',*,*,#1976,.T.);
#1976 = EDGE_CURVE('',#1977,#1979,#1981,.T.);
#1977 = VERTEX_POINT('',#1978);
#1978 = CARTESIAN_POINT('',(157.64,-98.555,0.71));
#1979 = VERTEX_POINT('',#1980);
#1980 = CARTESIAN_POINT('',(157.64,-98.555,0.75));
#1981 = LINE('',#1982,#1983);
#1982 = CARTESIAN_POINT('',(157.64,-98.555,0.71));
#1983 = VECTOR('',#1984,1.);
#1984 = DIRECTION('',(0.,0.,1.));
#1985 = ORIENTED_EDGE('',*,*,#1986,.T.);
#1986 = EDGE_CURVE('',#1979,#1987,#1989,.T.);
#1987 = VERTEX_POINT('',#1988);
#1988 = CARTESIAN_POINT('',(157.78,-98.415,0.75));
#1989 = CIRCLE('',#1990,0.139999827125);
#1990 = AXIS2_PLACEMENT_3D('',#1991,#1992,#1993);
#1991 = CARTESIAN_POINT('',(157.77999982712,-98.55499982712,0.75));
#1992 = DIRECTION('',(0.,0.,-1.));
#1993 = DIRECTION('',(-0.999999999999,-1.234820248241E-06,-0.));
#1994 = ORIENTED_EDGE('',*,*,#1995,.F.);
#1995 = EDGE_CURVE('',#1996,#1987,#1998,.T.);
#1996 = VERTEX_POINT('',#1997);
#1997 = CARTESIAN_POINT('',(157.78,-98.415,0.71));
#1998 = LINE('',#1999,#2000);
#1999 = CARTESIAN_POINT('',(157.78,-98.415,0.71));
#2000 = VECTOR('',#2001,1.);
#2001 = DIRECTION('',(0.,0.,1.));
#2002 = ORIENTED_EDGE('',*,*,#2003,.F.);
#2003 = EDGE_CURVE('',#1977,#1996,#2004,.T.);
#2004 = CIRCLE('',#2005,0.139999827125);
#2005 = AXIS2_PLACEMENT_3D('',#2006,#2007,#2008);
#2006 = CARTESIAN_POINT('',(157.77999982712,-98.55499982712,0.71));
#2007 = DIRECTION('',(0.,0.,-1.));
#2008 = DIRECTION('',(-0.999999999999,-1.234820248241E-06,-0.));
#2009 = CYLINDRICAL_SURFACE('',#2010,0.139999827125);
#2010 = AXIS2_PLACEMENT_3D('',#2011,#2012,#2013);
#2011 = CARTESIAN_POINT('',(157.77999982712,-98.55499982712,0.71));
#2012 = DIRECTION('',(0.,0.,-1.));
#2013 = DIRECTION('',(-0.999999999999,-1.234820248241E-06,-0.));
#2014 = ADVANCED_FACE('',(#2015),#2040,.T.);
#2015 = FACE_BOUND('',#2016,.T.);
#2016 = EDGE_LOOP('',(#2017,#2018,#2026,#2034));
#2017 = ORIENTED_EDGE('',*,*,#1995,.T.);
#2018 = ORIENTED_EDGE('',*,*,#2019,.T.);
#2019 = EDGE_CURVE('',#1987,#2020,#2022,.T.);
#2020 = VERTEX_POINT('',#2021);
#2021 = CARTESIAN_POINT('',(158.12,-98.415,0.75));
#2022 = LINE('',#2023,#2024);
#2023 = CARTESIAN_POINT('',(157.78,-98.415,0.75));
#2024 = VECTOR('',#2025,1.);
#2025 = DIRECTION('',(1.,0.,0.));
#2026 = ORIENTED_EDGE('',*,*,#2027,.F.);
#2027 = EDGE_CURVE('',#2028,#2020,#2030,.T.);
#2028 = VERTEX_POINT('',#2029);
#2029 = CARTESIAN_POINT('',(158.12,-98.415,0.71));
#2030 = LINE('',#2031,#2032);
#2031 = CARTESIAN_POINT('',(158.12,-98.415,0.71));
#2032 = VECTOR('',#2033,1.);
#2033 = DIRECTION('',(0.,0.,1.));
#2034 = ORIENTED_EDGE('',*,*,#2035,.F.);
#2035 = EDGE_CURVE('',#1996,#2028,#2036,.T.);
#2036 = LINE('',#2037,#2038);
#2037 = CARTESIAN_POINT('',(157.78,-98.415,0.71));
#2038 = VECTOR('',#2039,1.);
#2039 = DIRECTION('',(1.,0.,0.));
#2040 = PLANE('',#2041);
#2041 = AXIS2_PLACEMENT_3D('',#2042,#2043,#2044);
#2042 = CARTESIAN_POINT('',(157.78,-98.415,0.71));
#2043 = DIRECTION('',(0.,1.,0.));
#2044 = DIRECTION('',(1.,0.,0.));
#2045 = ADVANCED_FACE('',(#2046),#2073,.T.);
#2046 = FACE_BOUND('',#2047,.T.);
#2047 = EDGE_LOOP('',(#2048,#2049,#2058,#2066));
#2048 = ORIENTED_EDGE('',*,*,#2027,.T.);
#2049 = ORIENTED_EDGE('',*,*,#2050,.T.);
#2050 = EDGE_CURVE('',#2020,#2051,#2053,.T.);
#2051 = VERTEX_POINT('',#2052);
#2052 = CARTESIAN_POINT('',(158.26,-98.555,0.75));
#2053 = CIRCLE('',#2054,0.139999827125);
#2054 = AXIS2_PLACEMENT_3D('',#2055,#2056,#2057);
#2055 = CARTESIAN_POINT('',(158.12000017287,-98.55499982712,0.75));
#2056 = DIRECTION('',(0.,0.,-1.));
#2057 = DIRECTION('',(-1.234820451254E-06,0.999999999999,0.));
#2058 = ORIENTED_EDGE('',*,*,#2059,.F.);
#2059 = EDGE_CURVE('',#2060,#2051,#2062,.T.);
#2060 = VERTEX_POINT('',#2061);
#2061 = CARTESIAN_POINT('',(158.26,-98.555,0.71));
#2062 = LINE('',#2063,#2064);
#2063 = CARTESIAN_POINT('',(158.26,-98.555,0.71));
#2064 = VECTOR('',#2065,1.);
#2065 = DIRECTION('',(0.,0.,1.));
#2066 = ORIENTED_EDGE('',*,*,#2067,.F.);
#2067 = EDGE_CURVE('',#2028,#2060,#2068,.T.);
#2068 = CIRCLE('',#2069,0.139999827125);
#2069 = AXIS2_PLACEMENT_3D('',#2070,#2071,#2072);
#2070 = CARTESIAN_POINT('',(158.12000017287,-98.55499982712,0.71));
#2071 = DIRECTION('',(0.,0.,-1.));
#2072 = DIRECTION('',(-1.234820451254E-06,0.999999999999,0.));
#2073 = CYLINDRICAL_SURFACE('',#2074,0.139999827125);
#2074 = AXIS2_PLACEMENT_3D('',#2075,#2076,#2077);
#2075 = CARTESIAN_POINT('',(158.12000017287,-98.55499982712,0.71));
#2076 = DIRECTION('',(0.,0.,-1.));
#2077 = DIRECTION('',(-1.234820451254E-06,0.999999999999,0.));
#2078 = ADVANCED_FACE('',(#2079),#2104,.T.);
#2079 = FACE_BOUND('',#2080,.T.);
#2080 = EDGE_LOOP('',(#2081,#2082,#2090,#2098));
#2081 = ORIENTED_EDGE('',*,*,#2059,.T.);
#2082 = ORIENTED_EDGE('',*,*,#2083,.T.);
#2083 = EDGE_CURVE('',#2051,#2084,#2086,.T.);
#2084 = VERTEX_POINT('',#2085);
#2085 = CARTESIAN_POINT('',(158.26,-98.835,0.75));
#2086 = LINE('',#2087,#2088);
#2087 = CARTESIAN_POINT('',(158.26,-98.555,0.75));
#2088 = VECTOR('',#2089,1.);
#2089 = DIRECTION('',(0.,-1.,0.));
#2090 = ORIENTED_EDGE('',*,*,#2091,.F.);
#2091 = EDGE_CURVE('',#2092,#2084,#2094,.T.);
#2092 = VERTEX_POINT('',#2093);
#2093 = CARTESIAN_POINT('',(158.26,-98.835,0.71));
#2094 = LINE('',#2095,#2096);
#2095 = CARTESIAN_POINT('',(158.26,-98.835,0.71));
#2096 = VECTOR('',#2097,1.);
#2097 = DIRECTION('',(0.,0.,1.));
#2098 = ORIENTED_EDGE('',*,*,#2099,.F.);
#2099 = EDGE_CURVE('',#2060,#2092,#2100,.T.);
#2100 = LINE('',#2101,#2102);
#2101 = CARTESIAN_POINT('',(158.26,-98.555,0.71));
#2102 = VECTOR('',#2103,1.);
#2103 = DIRECTION('',(0.,-1.,0.));
#2104 = PLANE('',#2105);
#2105 = AXIS2_PLACEMENT_3D('',#2106,#2107,#2108);
#2106 = CARTESIAN_POINT('',(158.26,-98.555,0.71));
#2107 = DIRECTION('',(1.,0.,-0.));
#2108 = DIRECTION('',(0.,-1.,0.));
#2109 = ADVANCED_FACE('',(#2110),#2137,.T.);
#2110 = FACE_BOUND('',#2111,.T.);
#2111 = EDGE_LOOP('',(#2112,#2113,#2122,#2130));
#2112 = ORIENTED_EDGE('',*,*,#2091,.T.);
#2113 = ORIENTED_EDGE('',*,*,#2114,.T.);
#2114 = EDGE_CURVE('',#2084,#2115,#2117,.T.);
#2115 = VERTEX_POINT('',#2116);
#2116 = CARTESIAN_POINT('',(158.12,-98.975,0.75));
#2117 = CIRCLE('',#2118,0.139999827125);
#2118 = AXIS2_PLACEMENT_3D('',#2119,#2120,#2121);
#2119 = CARTESIAN_POINT('',(158.12000017287,-98.83500017287,0.75));
#2120 = DIRECTION('',(0.,0.,-1.));
#2121 = DIRECTION('',(0.999999999999,1.23482055276E-06,0.));
#2122 = ORIENTED_EDGE('',*,*,#2123,.F.);
#2123 = EDGE_CURVE('',#2124,#2115,#2126,.T.);
#2124 = VERTEX_POINT('',#2125);
#2125 = CARTESIAN_POINT('',(158.12,-98.975,0.71));
#2126 = LINE('',#2127,#2128);
#2127 = CARTESIAN_POINT('',(158.12,-98.975,0.71));
#2128 = VECTOR('',#2129,1.);
#2129 = DIRECTION('',(0.,0.,1.));
#2130 = ORIENTED_EDGE('',*,*,#2131,.F.);
#2131 = EDGE_CURVE('',#2092,#2124,#2132,.T.);
#2132 = CIRCLE('',#2133,0.139999827125);
#2133 = AXIS2_PLACEMENT_3D('',#2134,#2135,#2136);
#2134 = CARTESIAN_POINT('',(158.12000017287,-98.83500017287,0.71));
#2135 = DIRECTION('',(0.,0.,-1.));
#2136 = DIRECTION('',(0.999999999999,1.23482055276E-06,0.));
#2137 = CYLINDRICAL_SURFACE('',#2138,0.139999827125);
#2138 = AXIS2_PLACEMENT_3D('',#2139,#2140,#2141);
#2139 = CARTESIAN_POINT('',(158.12000017287,-98.83500017287,0.71));
#2140 = DIRECTION('',(0.,0.,-1.));
#2141 = DIRECTION('',(0.999999999999,1.23482055276E-06,0.));
#2142 = ADVANCED_FACE('',(#2143),#2168,.T.);
#2143 = FACE_BOUND('',#2144,.T.);
#2144 = EDGE_LOOP('',(#2145,#2146,#2154,#2162));
#2145 = ORIENTED_EDGE('',*,*,#2123,.T.);
#2146 = ORIENTED_EDGE('',*,*,#2147,.T.);
#2147 = EDGE_CURVE('',#2115,#2148,#2150,.T.);
#2148 = VERTEX_POINT('',#2149);
#2149 = CARTESIAN_POINT('',(157.78,-98.975,0.75));
#2150 = LINE('',#2151,#2152);
#2151 = CARTESIAN_POINT('',(158.12,-98.975,0.75));
#2152 = VECTOR('',#2153,1.);
#2153 = DIRECTION('',(-1.,0.,0.));
#2154 = ORIENTED_EDGE('',*,*,#2155,.F.);
#2155 = EDGE_CURVE('',#2156,#2148,#2158,.T.);
#2156 = VERTEX_POINT('',#2157);
#2157 = CARTESIAN_POINT('',(157.78,-98.975,0.71));
#2158 = LINE('',#2159,#2160);
#2159 = CARTESIAN_POINT('',(157.78,-98.975,0.71));
#2160 = VECTOR('',#2161,1.);
#2161 = DIRECTION('',(0.,0.,1.));
#2162 = ORIENTED_EDGE('',*,*,#2163,.F.);
#2163 = EDGE_CURVE('',#2124,#2156,#2164,.T.);
#2164 = LINE('',#2165,#2166);
#2165 = CARTESIAN_POINT('',(158.12,-98.975,0.71));
#2166 = VECTOR('',#2167,1.);
#2167 = DIRECTION('',(-1.,0.,0.));
#2168 = PLANE('',#2169);
#2169 = AXIS2_PLACEMENT_3D('',#2170,#2171,#2172);
#2170 = CARTESIAN_POINT('',(158.12,-98.975,0.71));
#2171 = DIRECTION('',(0.,-1.,0.));
#2172 = DIRECTION('',(-1.,0.,0.));
#2173 = ADVANCED_FACE('',(#2174),#2201,.T.);
#2174 = FACE_BOUND('',#2175,.T.);
#2175 = EDGE_LOOP('',(#2176,#2177,#2186,#2194));
#2176 = ORIENTED_EDGE('',*,*,#2155,.T.);
#2177 = ORIENTED_EDGE('',*,*,#2178,.T.);
#2178 = EDGE_CURVE('',#2148,#2179,#2181,.T.);
#2179 = VERTEX_POINT('',#2180);
#2180 = CARTESIAN_POINT('',(157.64,-98.835,0.75));
#2181 = CIRCLE('',#2182,0.139999827125);
#2182 = AXIS2_PLACEMENT_3D('',#2183,#2184,#2185);
#2183 = CARTESIAN_POINT('',(157.77999982712,-98.83500017287,0.75));
#2184 = DIRECTION('',(0.,0.,-1.));
#2185 = DIRECTION('',(1.234820248241E-06,-0.999999999999,0.));
#2186 = ORIENTED_EDGE('',*,*,#2187,.F.);
#2187 = EDGE_CURVE('',#2188,#2179,#2190,.T.);
#2188 = VERTEX_POINT('',#2189);
#2189 = CARTESIAN_POINT('',(157.64,-98.835,0.71));
#2190 = LINE('',#2191,#2192);
#2191 = CARTESIAN_POINT('',(157.64,-98.835,0.71));
#2192 = VECTOR('',#2193,1.);
#2193 = DIRECTION('',(0.,0.,1.));
#2194 = ORIENTED_EDGE('',*,*,#2195,.F.);
#2195 = EDGE_CURVE('',#2156,#2188,#2196,.T.);
#2196 = CIRCLE('',#2197,0.139999827125);
#2197 = AXIS2_PLACEMENT_3D('',#2198,#2199,#2200);
#2198 = CARTESIAN_POINT('',(157.77999982712,-98.83500017287,0.71));
#2199 = DIRECTION('',(0.,0.,-1.));
#2200 = DIRECTION('',(1.234820248241E-06,-0.999999999999,0.));
#2201 = CYLINDRICAL_SURFACE('',#2202,0.139999827125);
#2202 = AXIS2_PLACEMENT_3D('',#2203,#2204,#2205);
#2203 = CARTESIAN_POINT('',(157.77999982712,-98.83500017287,0.71));
#2204 = DIRECTION('',(0.,0.,-1.));
#2205 = DIRECTION('',(1.234820248241E-06,-0.999999999999,0.));
#2206 = ADVANCED_FACE('',(#2207),#2223,.T.);
#2207 = FACE_BOUND('',#2208,.T.);
#2208 = EDGE_LOOP('',(#2209,#2210,#2216,#2217));
#2209 = ORIENTED_EDGE('',*,*,#2187,.T.);
#2210 = ORIENTED_EDGE('',*,*,#2211,.T.);
#2211 = EDGE_CURVE('',#2179,#1979,#2212,.T.);
#2212 = LINE('',#2213,#2214);
#2213 = CARTESIAN_POINT('',(157.64,-98.835,0.75));
#2214 = VECTOR('',#2215,1.);
#2215 = DIRECTION('',(0.,1.,0.));
#2216 = ORIENTED_EDGE('',*,*,#1976,.F.);
#2217 = ORIENTED_EDGE('',*,*,#2218,.F.);
#2218 = EDGE_CURVE('',#2188,#1977,#2219,.T.);
#2219 = LINE('',#2220,#2221);
#2220 = CARTESIAN_POINT('',(157.64,-98.835,0.71));
#2221 = VECTOR('',#2222,1.);
#2222 = DIRECTION('',(0.,1.,0.));
#2223 = PLANE('',#2224);
#2224 = AXIS2_PLACEMENT_3D('',#2225,#2226,#2227);
#2225 = CARTESIAN_POINT('',(157.64,-98.835,0.71));
#2226 = DIRECTION('',(-1.,0.,0.));
#2227 = DIRECTION('',(0.,1.,0.));
#2228 = ADVANCED_FACE('',(#2229),#2239,.F.);
#2229 = FACE_BOUND('',#2230,.T.);
#2230 = EDGE_LOOP('',(#2231,#2232,#2233,#2234,#2235,#2236,#2237,#2238));
#2231 = ORIENTED_EDGE('',*,*,#2003,.T.);
#2232 = ORIENTED_EDGE('',*,*,#2035,.T.);
#2233 = ORIENTED_EDGE('',*,*,#2067,.T.);
#2234 = ORIENTED_EDGE('',*,*,#2099,.T.);
#2235 = ORIENTED_EDGE('',*,*,#2131,.T.);
#2236 = ORIENTED_EDGE('',*,*,#2163,.T.);
#2237 = ORIENTED_EDGE('',*,*,#2195,.T.);
#2238 = ORIENTED_EDGE('',*,*,#2218,.T.);
#2239 = PLANE('',#2240);
#2240 = AXIS2_PLACEMENT_3D('',#2241,#2242,#2243);
#2241 = CARTESIAN_POINT('',(0.,0.,0.71));
#2242 = DIRECTION('',(0.,0.,1.));
#2243 = DIRECTION('',(1.,0.,-0.));
#2244 = ADVANCED_FACE('',(#2245),#2255,.T.);
#2245 = FACE_BOUND('',#2246,.F.);
#2246 = EDGE_LOOP('',(#2247,#2248,#2249,#2250,#2251,#2252,#2253,#2254));
#2247 = ORIENTED_EDGE('',*,*,#1986,.T.);
#2248 = ORIENTED_EDGE('',*,*,#2019,.T.);
#2249 = ORIENTED_EDGE('',*,*,#2050,.T.);
#2250 = ORIENTED_EDGE('',*,*,#2083,.T.);
#2251 = ORIENTED_EDGE('',*,*,#2114,.T.);
#2252 = ORIENTED_EDGE('',*,*,#2147,.T.);
#2253 = ORIENTED_EDGE('',*,*,#2178,.T.);
#2254 = ORIENTED_EDGE('',*,*,#2211,.T.);
#2255 = PLANE('',#2256);
#2256 = AXIS2_PLACEMENT_3D('',#2257,#2258,#2259);
#2257 = CARTESIAN_POINT('',(0.,0.,0.75));
#2258 = DIRECTION('',(0.,0.,1.));
#2259 = DIRECTION('',(1.,0.,-0.));
#2260 = MANIFOLD_SOLID_BREP('',#2261);
#2261 = CLOSED_SHELL('',(#2262,#2295,#2315,#2335));
#2262 = ADVANCED_FACE('',(#2263),#2290,.T.);
#2263 = FACE_BOUND('',#2264,.F.);
#2264 = EDGE_LOOP('',(#2265,#2275,#2282,#2283));
#2265 = ORIENTED_EDGE('',*,*,#2266,.T.);
#2266 = EDGE_CURVE('',#2267,#2269,#2271,.T.);
#2267 = VERTEX_POINT('',#2268);
#2268 = CARTESIAN_POINT('',(156.9,-98.8,0.71));
#2269 = VERTEX_POINT('',#2270);
#2270 = CARTESIAN_POINT('',(156.9,-98.8,0.75));
#2271 = LINE('',#2272,#2273);
#2272 = CARTESIAN_POINT('',(156.9,-98.8,0.71));
#2273 = VECTOR('',#2274,1.);
#2274 = DIRECTION('',(0.,0.,1.));
#2275 = ORIENTED_EDGE('',*,*,#2276,.T.);
#2276 = EDGE_CURVE('',#2269,#2269,#2277,.T.);
#2277 = CIRCLE('',#2278,0.5);
#2278 = AXIS2_PLACEMENT_3D('',#2279,#2280,#2281);
#2279 = CARTESIAN_POINT('',(156.4,-98.8,0.75));
#2280 = DIRECTION('',(0.,0.,1.));
#2281 = DIRECTION('',(1.,0.,-0.));
#2282 = ORIENTED_EDGE('',*,*,#2266,.F.);
#2283 = ORIENTED_EDGE('',*,*,#2284,.F.);
#2284 = EDGE_CURVE('',#2267,#2267,#2285,.T.);
#2285 = CIRCLE('',#2286,0.5);
#2286 = AXIS2_PLACEMENT_3D('',#2287,#2288,#2289);
#2287 = CARTESIAN_POINT('',(156.4,-98.8,0.71));
#2288 = DIRECTION('',(0.,0.,1.));
#2289 = DIRECTION('',(1.,0.,-0.));
#2290 = CYLINDRICAL_SURFACE('',#2291,0.5);
#2291 = AXIS2_PLACEMENT_3D('',#2292,#2293,#2294);
#2292 = CARTESIAN_POINT('',(156.4,-98.8,0.71));
#2293 = DIRECTION('',(-0.,-0.,-1.));
#2294 = DIRECTION('',(1.,0.,-0.));
#2295 = ADVANCED_FACE('',(#2296,#2299),#2310,.F.);
#2296 = FACE_BOUND('',#2297,.F.);
#2297 = EDGE_LOOP('',(#2298));
#2298 = ORIENTED_EDGE('',*,*,#2284,.T.);
#2299 = FACE_BOUND('',#2300,.F.);
#2300 = EDGE_LOOP('',(#2301));
#2301 = ORIENTED_EDGE('',*,*,#2302,.T.);
#2302 = EDGE_CURVE('',#2303,#2303,#2305,.T.);
#2303 = VERTEX_POINT('',#2304);
#2304 = CARTESIAN_POINT('',(156.4,-99.025,0.71));
#2305 = CIRCLE('',#2306,0.225);
#2306 = AXIS2_PLACEMENT_3D('',#2307,#2308,#2309);
#2307 = CARTESIAN_POINT('',(156.4,-98.8,0.71));
#2308 = DIRECTION('',(-0.,0.,-1.));
#2309 = DIRECTION('',(-0.,-1.,0.));
#2310 = PLANE('',#2311);
#2311 = AXIS2_PLACEMENT_3D('',#2312,#2313,#2314);
#2312 = CARTESIAN_POINT('',(0.,0.,0.71));
#2313 = DIRECTION('',(0.,0.,1.));
#2314 = DIRECTION('',(1.,0.,-0.));
#2315 = ADVANCED_FACE('',(#2316,#2319),#2330,.T.);
#2316 = FACE_BOUND('',#2317,.T.);
#2317 = EDGE_LOOP('',(#2318));
#2318 = ORIENTED_EDGE('',*,*,#2276,.T.);
#2319 = FACE_BOUND('',#2320,.T.);
#2320 = EDGE_LOOP('',(#2321));
#2321 = ORIENTED_EDGE('',*,*,#2322,.T.);
#2322 = EDGE_CURVE('',#2323,#2323,#2325,.T.);
#2323 = VERTEX_POINT('',#2324);
#2324 = CARTESIAN_POINT('',(156.4,-99.025,0.75));
#2325 = CIRCLE('',#2326,0.225);
#2326 = AXIS2_PLACEMENT_3D('',#2327,#2328,#2329);
#2327 = CARTESIAN_POINT('',(156.4,-98.8,0.75));
#2328 = DIRECTION('',(-0.,0.,-1.));
#2329 = DIRECTION('',(-0.,-1.,0.));
#2330 = PLANE('',#2331);
#2331 = AXIS2_PLACEMENT_3D('',#2332,#2333,#2334);
#2332 = CARTESIAN_POINT('',(0.,0.,0.75));
#2333 = DIRECTION('',(0.,0.,1.));
#2334 = DIRECTION('',(1.,0.,-0.));
#2335 = ADVANCED_FACE('',(#2336),#2347,.F.);
#2336 = FACE_BOUND('',#2337,.T.);
#2337 = EDGE_LOOP('',(#2338,#2339,#2345,#2346));
#2338 = ORIENTED_EDGE('',*,*,#2302,.T.);
#2339 = ORIENTED_EDGE('',*,*,#2340,.T.);
#2340 = EDGE_CURVE('',#2303,#2323,#2341,.T.);
#2341 = LINE('',#2342,#2343);
#2342 = CARTESIAN_POINT('',(156.4,-99.025,-4.6E-02));
#2343 = VECTOR('',#2344,1.);
#2344 = DIRECTION('',(0.,0.,1.));
#2345 = ORIENTED_EDGE('',*,*,#2322,.F.);
#2346 = ORIENTED_EDGE('',*,*,#2340,.F.);
#2347 = CYLINDRICAL_SURFACE('',#2348,0.225);
#2348 = AXIS2_PLACEMENT_3D('',#2349,#2350,#2351);
#2349 = CARTESIAN_POINT('',(156.4,-98.8,-4.6E-02));
#2350 = DIRECTION('',(-0.,-0.,-1.));
#2351 = DIRECTION('',(-0.,-1.,0.));
#2352 = MANIFOLD_SOLID_BREP('',#2353);
#2353 = CLOSED_SHELL('',(#2354,#2387,#2407,#2427));
#2354 = ADVANCED_FACE('',(#2355),#2382,.T.);
#2355 = FACE_BOUND('',#2356,.T.);
#2356 = EDGE_LOOP('',(#2357,#2367,#2374,#2375));
#2357 = ORIENTED_EDGE('',*,*,#2358,.T.);
#2358 = EDGE_CURVE('',#2359,#2361,#2363,.T.);
#2359 = VERTEX_POINT('',#2360);
#2360 = CARTESIAN_POINT('',(156.9,-98.8,0.));
#2361 = VERTEX_POINT('',#2362);
#2362 = CARTESIAN_POINT('',(156.9,-98.8,-4.E-02));
#2363 = LINE('',#2364,#2365);
#2364 = CARTESIAN_POINT('',(156.9,-98.8,0.));
#2365 = VECTOR('',#2366,1.);
#2366 = DIRECTION('',(0.,0.,-1.));
#2367 = ORIENTED_EDGE('',*,*,#2368,.T.);
#2368 = EDGE_CURVE('',#2361,#2361,#2369,.T.);
#2369 = CIRCLE('',#2370,0.5);
#2370 = AXIS2_PLACEMENT_3D('',#2371,#2372,#2373);
#2371 = CARTESIAN_POINT('',(156.4,-98.8,-4.E-02));
#2372 = DIRECTION('',(0.,0.,1.));
#2373 = DIRECTION('',(1.,0.,-0.));
#2374 = ORIENTED_EDGE('',*,*,#2358,.F.);
#2375 = ORIENTED_EDGE('',*,*,#2376,.F.);
#2376 = EDGE_CURVE('',#2359,#2359,#2377,.T.);
#2377 = CIRCLE('',#2378,0.5);
#2378 = AXIS2_PLACEMENT_3D('',#2379,#2380,#2381);
#2379 = CARTESIAN_POINT('',(156.4,-98.8,0.));
#2380 = DIRECTION('',(0.,0.,1.));
#2381 = DIRECTION('',(1.,0.,-0.));
#2382 = CYLINDRICAL_SURFACE('',#2383,0.5);
#2383 = AXIS2_PLACEMENT_3D('',#2384,#2385,#2386);
#2384 = CARTESIAN_POINT('',(156.4,-98.8,0.));
#2385 = DIRECTION('',(0.,0.,1.));
#2386 = DIRECTION('',(1.,0.,-0.));
#2387 = ADVANCED_FACE('',(#2388,#2391),#2402,.F.);
#2388 = FACE_BOUND('',#2389,.F.);
#2389 = EDGE_LOOP('',(#2390));
#2390 = ORIENTED_EDGE('',*,*,#2376,.F.);
#2391 = FACE_BOUND('',#2392,.F.);
#2392 = EDGE_LOOP('',(#2393));
#2393 = ORIENTED_EDGE('',*,*,#2394,.F.);
#2394 = EDGE_CURVE('',#2395,#2395,#2397,.T.);
#2395 = VERTEX_POINT('',#2396);
#2396 = CARTESIAN_POINT('',(156.4,-99.025,0.));
#2397 = CIRCLE('',#2398,0.225);
#2398 = AXIS2_PLACEMENT_3D('',#2399,#2400,#2401);
#2399 = CARTESIAN_POINT('',(156.4,-98.8,0.));
#2400 = DIRECTION('',(-0.,0.,-1.));
#2401 = DIRECTION('',(-0.,-1.,0.));
#2402 = PLANE('',#2403);
#2403 = AXIS2_PLACEMENT_3D('',#2404,#2405,#2406);
#2404 = CARTESIAN_POINT('',(0.,0.,0.));
#2405 = DIRECTION('',(-0.,-0.,-1.));
#2406 = DIRECTION('',(-1.,0.,0.));
#2407 = ADVANCED_FACE('',(#2408,#2411),#2422,.T.);
#2408 = FACE_BOUND('',#2409,.T.);
#2409 = EDGE_LOOP('',(#2410));
#2410 = ORIENTED_EDGE('',*,*,#2368,.F.);
#2411 = FACE_BOUND('',#2412,.T.);
#2412 = EDGE_LOOP('',(#2413));
#2413 = ORIENTED_EDGE('',*,*,#2414,.F.);
#2414 = EDGE_CURVE('',#2415,#2415,#2417,.T.);
#2415 = VERTEX_POINT('',#2416);
#2416 = CARTESIAN_POINT('',(156.4,-99.025,-4.E-02));
#2417 = CIRCLE('',#2418,0.225);
#2418 = AXIS2_PLACEMENT_3D('',#2419,#2420,#2421);
#2419 = CARTESIAN_POINT('',(156.4,-98.8,-4.E-02));
#2420 = DIRECTION('',(-0.,0.,-1.));
#2421 = DIRECTION('',(-0.,-1.,0.));
#2422 = PLANE('',#2423);
#2423 = AXIS2_PLACEMENT_3D('',#2424,#2425,#2426);
#2424 = CARTESIAN_POINT('',(0.,0.,-4.E-02));
#2425 = DIRECTION('',(-0.,-0.,-1.));
#2426 = DIRECTION('',(-1.,0.,0.));
#2427 = ADVANCED_FACE('',(#2428),#2439,.F.);
#2428 = FACE_BOUND('',#2429,.T.);
#2429 = EDGE_LOOP('',(#2430,#2431,#2437,#2438));
#2430 = ORIENTED_EDGE('',*,*,#2414,.T.);
#2431 = ORIENTED_EDGE('',*,*,#2432,.T.);
#2432 = EDGE_CURVE('',#2415,#2395,#2433,.T.);
#2433 = LINE('',#2434,#2435);
#2434 = CARTESIAN_POINT('',(156.4,-99.025,-4.6E-02));
#2435 = VECTOR('',#2436,1.);
#2436 = DIRECTION('',(0.,0.,1.));
#2437 = ORIENTED_EDGE('',*,*,#2394,.F.);
#2438 = ORIENTED_EDGE('',*,*,#2432,.F.);
#2439 = CYLINDRICAL_SURFACE('',#2440,0.225);
#2440 = AXIS2_PLACEMENT_3D('',#2441,#2442,#2443);
#2441 = CARTESIAN_POINT('',(156.4,-98.8,-4.6E-02));
#2442 = DIRECTION('',(-0.,-0.,-1.));
#2443 = DIRECTION('',(-0.,-1.,0.));
#2444 = MANIFOLD_SOLID_BREP('',#2445);
#2445 = CLOSED_SHELL('',(#2446,#2479,#2499,#2519));
#2446 = ADVANCED_FACE('',(#2447),#2474,.T.);
#2447 = FACE_BOUND('',#2448,.F.);
#2448 = EDGE_LOOP('',(#2449,#2459,#2466,#2467));
#2449 = ORIENTED_EDGE('',*,*,#2450,.T.);
#2450 = EDGE_CURVE('',#2451,#2453,#2455,.T.);
#2451 = VERTEX_POINT('',#2452);
#2452 = CARTESIAN_POINT('',(156.4,-99.05,-3.5E-02));
#2453 = VERTEX_POINT('',#2454);
#2454 = CARTESIAN_POINT('',(156.4,-99.05,0.745));
#2455 = LINE('',#2456,#2457);
#2456 = CARTESIAN_POINT('',(156.4,-99.05,-3.5E-02));
#2457 = VECTOR('',#2458,1.);
#2458 = DIRECTION('',(0.,0.,1.));
#2459 = ORIENTED_EDGE('',*,*,#2460,.T.);
#2460 = EDGE_CURVE('',#2453,#2453,#2461,.T.);
#2461 = CIRCLE('',#2462,0.25);
#2462 = AXIS2_PLACEMENT_3D('',#2463,#2464,#2465);
#2463 = CARTESIAN_POINT('',(156.4,-98.8,0.745));
#2464 = DIRECTION('',(0.,0.,1.));
#2465 = DIRECTION('',(-0.,-1.,0.));
#2466 = ORIENTED_EDGE('',*,*,#2450,.F.);
#2467 = ORIENTED_EDGE('',*,*,#2468,.F.);
#2468 = EDGE_CURVE('',#2451,#2451,#2469,.T.);
#2469 = CIRCLE('',#2470,0.25);
#2470 = AXIS2_PLACEMENT_3D('',#2471,#2472,#2473);
#2471 = CARTESIAN_POINT('',(156.4,-98.8,-3.5E-02));
#2472 = DIRECTION('',(0.,0.,1.));
#2473 = DIRECTION('',(-0.,-1.,0.));
#2474 = CYLINDRICAL_SURFACE('',#2475,0.25);
#2475 = AXIS2_PLACEMENT_3D('',#2476,#2477,#2478);
#2476 = CARTESIAN_POINT('',(156.4,-98.8,-3.5E-02));
#2477 = DIRECTION('',(-0.,-0.,-1.));
#2478 = DIRECTION('',(-0.,-1.,0.));
#2479 = ADVANCED_FACE('',(#2480,#2483),#2494,.F.);
#2480 = FACE_BOUND('',#2481,.F.);
#2481 = EDGE_LOOP('',(#2482));
#2482 = ORIENTED_EDGE('',*,*,#2468,.T.);
#2483 = FACE_BOUND('',#2484,.F.);
#2484 = EDGE_LOOP('',(#2485));
#2485 = ORIENTED_EDGE('',*,*,#2486,.T.);
#2486 = EDGE_CURVE('',#2487,#2487,#2489,.T.);
#2487 = VERTEX_POINT('',#2488);
#2488 = CARTESIAN_POINT('',(156.4,-99.025,-3.5E-02));
#2489 = CIRCLE('',#2490,0.225);
#2490 = AXIS2_PLACEMENT_3D('',#2491,#2492,#2493);
#2491 = CARTESIAN_POINT('',(156.4,-98.8,-3.5E-02));
#2492 = DIRECTION('',(-0.,0.,-1.));
#2493 = DIRECTION('',(-0.,-1.,0.));
#2494 = PLANE('',#2495);
#2495 = AXIS2_PLACEMENT_3D('',#2496,#2497,#2498);
#2496 = CARTESIAN_POINT('',(156.4,-99.05,-3.5E-02));
#2497 = DIRECTION('',(0.,0.,1.));
#2498 = DIRECTION('',(1.,0.,-0.));
#2499 = ADVANCED_FACE('',(#2500,#2503),#2514,.T.);
#2500 = FACE_BOUND('',#2501,.T.);
#2501 = EDGE_LOOP('',(#2502));
#2502 = ORIENTED_EDGE('',*,*,#2460,.T.);
#2503 = FACE_BOUND('',#2504,.T.);
#2504 = EDGE_LOOP('',(#2505));
#2505 = ORIENTED_EDGE('',*,*,#2506,.T.);
#2506 = EDGE_CURVE('',#2507,#2507,#2509,.T.);
#2507 = VERTEX_POINT('',#2508);
#2508 = CARTESIAN_POINT('',(156.4,-99.025,0.745));
#2509 = CIRCLE('',#2510,0.225);
#2510 = AXIS2_PLACEMENT_3D('',#2511,#2512,#2513);
#2511 = CARTESIAN_POINT('',(156.4,-98.8,0.745));
#2512 = DIRECTION('',(-0.,0.,-1.));
#2513 = DIRECTION('',(-0.,-1.,0.));
#2514 = PLANE('',#2515);
#2515 = AXIS2_PLACEMENT_3D('',#2516,#2517,#2518);
#2516 = CARTESIAN_POINT('',(156.4,-99.05,0.745));
#2517 = DIRECTION('',(0.,0.,1.));
#2518 = DIRECTION('',(1.,0.,-0.));
#2519 = ADVANCED_FACE('',(#2520),#2531,.F.);
#2520 = FACE_BOUND('',#2521,.T.);
#2521 = EDGE_LOOP('',(#2522,#2523,#2529,#2530));
#2522 = ORIENTED_EDGE('',*,*,#2486,.T.);
#2523 = ORIENTED_EDGE('',*,*,#2524,.T.);
#2524 = EDGE_CURVE('',#2487,#2507,#2525,.T.);
#2525 = LINE('',#2526,#2527);
#2526 = CARTESIAN_POINT('',(156.4,-99.025,-4.6E-02));
#2527 = VECTOR('',#2528,1.);
#2528 = DIRECTION('',(0.,0.,1.));
#2529 = ORIENTED_EDGE('',*,*,#2506,.F.);
#2530 = ORIENTED_EDGE('',*,*,#2524,.F.);
#2531 = CYLINDRICAL_SURFACE('',#2532,0.225);
#2532 = AXIS2_PLACEMENT_3D('',#2533,#2534,#2535);
#2533 = CARTESIAN_POINT('',(156.4,-98.8,-4.6E-02));
#2534 = DIRECTION('',(-0.,-0.,-1.));
#2535 = DIRECTION('',(-0.,-1.,0.));
#2536 = MANIFOLD_SOLID_BREP('',#2537);
#2537 = CLOSED_SHELL('',(#2538,#2580,#2611,#2644,#2675,#2708,#2739,#2772
    ,#2794,#2810));
#2538 = ADVANCED_FACE('',(#2539),#2575,.T.);
#2539 = FACE_BOUND('',#2540,.F.);
#2540 = EDGE_LOOP('',(#2541,#2551,#2560,#2568));
#2541 = ORIENTED_EDGE('',*,*,#2542,.T.);
#2542 = EDGE_CURVE('',#2543,#2545,#2547,.T.);
#2543 = VERTEX_POINT('',#2544);
#2544 = CARTESIAN_POINT('',(157.64,-99.515,0.));
#2545 = VERTEX_POINT('',#2546);
#2546 = CARTESIAN_POINT('',(157.64,-99.515,-4.E-02));
#2547 = LINE('',#2548,#2549);
#2548 = CARTESIAN_POINT('',(157.64,-99.515,0.));
#2549 = VECTOR('',#2550,1.);
#2550 = DIRECTION('',(0.,0.,-1.));
#2551 = ORIENTED_EDGE('',*,*,#2552,.T.);
#2552 = EDGE_CURVE('',#2545,#2553,#2555,.T.);
#2553 = VERTEX_POINT('',#2554);
#2554 = CARTESIAN_POINT('',(157.78,-99.375,-4.E-02));
#2555 = CIRCLE('',#2556,0.139999827125);
#2556 = AXIS2_PLACEMENT_3D('',#2557,#2558,#2559);
#2557 = CARTESIAN_POINT('',(157.77999982712,-99.51499982712,-4.E-02));
#2558 = DIRECTION('',(0.,0.,-1.));
#2559 = DIRECTION('',(-0.999999999999,-1.234820248241E-06,-0.));
#2560 = ORIENTED_EDGE('',*,*,#2561,.F.);
#2561 = EDGE_CURVE('',#2562,#2553,#2564,.T.);
#2562 = VERTEX_POINT('',#2563);
#2563 = CARTESIAN_POINT('',(157.78,-99.375,0.));
#2564 = LINE('',#2565,#2566);
#2565 = CARTESIAN_POINT('',(157.78,-99.375,0.));
#2566 = VECTOR('',#2567,1.);
#2567 = DIRECTION('',(0.,0.,-1.));
#2568 = ORIENTED_EDGE('',*,*,#2569,.F.);
#2569 = EDGE_CURVE('',#2543,#2562,#2570,.T.);
#2570 = CIRCLE('',#2571,0.139999827125);
#2571 = AXIS2_PLACEMENT_3D('',#2572,#2573,#2574);
#2572 = CARTESIAN_POINT('',(157.77999982712,-99.51499982712,0.));
#2573 = DIRECTION('',(0.,0.,-1.));
#2574 = DIRECTION('',(-0.999999999999,-1.234820248241E-06,-0.));
#2575 = CYLINDRICAL_SURFACE('',#2576,0.139999827125);
#2576 = AXIS2_PLACEMENT_3D('',#2577,#2578,#2579);
#2577 = CARTESIAN_POINT('',(157.77999982712,-99.51499982712,0.));
#2578 = DIRECTION('',(-0.,-0.,1.));
#2579 = DIRECTION('',(-0.999999999999,-1.234820248241E-06,-0.));
#2580 = ADVANCED_FACE('',(#2581),#2606,.F.);
#2581 = FACE_BOUND('',#2582,.F.);
#2582 = EDGE_LOOP('',(#2583,#2584,#2592,#2600));
#2583 = ORIENTED_EDGE('',*,*,#2561,.T.);
#2584 = ORIENTED_EDGE('',*,*,#2585,.T.);
#2585 = EDGE_CURVE('',#2553,#2586,#2588,.T.);
#2586 = VERTEX_POINT('',#2587);
#2587 = CARTESIAN_POINT('',(158.12,-99.375,-4.E-02));
#2588 = LINE('',#2589,#2590);
#2589 = CARTESIAN_POINT('',(157.78,-99.375,-4.E-02));
#2590 = VECTOR('',#2591,1.);
#2591 = DIRECTION('',(1.,0.,0.));
#2592 = ORIENTED_EDGE('',*,*,#2593,.F.);
#2593 = EDGE_CURVE('',#2594,#2586,#2596,.T.);
#2594 = VERTEX_POINT('',#2595);
#2595 = CARTESIAN_POINT('',(158.12,-99.375,0.));
#2596 = LINE('',#2597,#2598);
#2597 = CARTESIAN_POINT('',(158.12,-99.375,0.));
#2598 = VECTOR('',#2599,1.);
#2599 = DIRECTION('',(0.,0.,-1.));
#2600 = ORIENTED_EDGE('',*,*,#2601,.F.);
#2601 = EDGE_CURVE('',#2562,#2594,#2602,.T.);
#2602 = LINE('',#2603,#2604);
#2603 = CARTESIAN_POINT('',(157.78,-99.375,0.));
#2604 = VECTOR('',#2605,1.);
#2605 = DIRECTION('',(1.,0.,0.));
#2606 = PLANE('',#2607);
#2607 = AXIS2_PLACEMENT_3D('',#2608,#2609,#2610);
#2608 = CARTESIAN_POINT('',(157.78,-99.375,0.));
#2609 = DIRECTION('',(0.,-1.,0.));
#2610 = DIRECTION('',(1.,0.,0.));
#2611 = ADVANCED_FACE('',(#2612),#2639,.T.);
#2612 = FACE_BOUND('',#2613,.F.);
#2613 = EDGE_LOOP('',(#2614,#2615,#2624,#2632));
#2614 = ORIENTED_EDGE('',*,*,#2593,.T.);
#2615 = ORIENTED_EDGE('',*,*,#2616,.T.);
#2616 = EDGE_CURVE('',#2586,#2617,#2619,.T.);
#2617 = VERTEX_POINT('',#2618);
#2618 = CARTESIAN_POINT('',(158.26,-99.515,-4.E-02));
#2619 = CIRCLE('',#2620,0.139999827125);
#2620 = AXIS2_PLACEMENT_3D('',#2621,#2622,#2623);
#2621 = CARTESIAN_POINT('',(158.12000017287,-99.51499982712,-4.E-02));
#2622 = DIRECTION('',(0.,0.,-1.));
#2623 = DIRECTION('',(-1.234820451254E-06,0.999999999999,0.));
#2624 = ORIENTED_EDGE('',*,*,#2625,.F.);
#2625 = EDGE_CURVE('',#2626,#2617,#2628,.T.);
#2626 = VERTEX_POINT('',#2627);
#2627 = CARTESIAN_POINT('',(158.26,-99.515,0.));
#2628 = LINE('',#2629,#2630);
#2629 = CARTESIAN_POINT('',(158.26,-99.515,0.));
#2630 = VECTOR('',#2631,1.);
#2631 = DIRECTION('',(0.,0.,-1.));
#2632 = ORIENTED_EDGE('',*,*,#2633,.F.);
#2633 = EDGE_CURVE('',#2594,#2626,#2634,.T.);
#2634 = CIRCLE('',#2635,0.139999827125);
#2635 = AXIS2_PLACEMENT_3D('',#2636,#2637,#2638);
#2636 = CARTESIAN_POINT('',(158.12000017287,-99.51499982712,0.));
#2637 = DIRECTION('',(0.,0.,-1.));
#2638 = DIRECTION('',(-1.234820451254E-06,0.999999999999,0.));
#2639 = CYLINDRICAL_SURFACE('',#2640,0.139999827125);
#2640 = AXIS2_PLACEMENT_3D('',#2641,#2642,#2643);
#2641 = CARTESIAN_POINT('',(158.12000017287,-99.51499982712,0.));
#2642 = DIRECTION('',(-0.,-0.,1.));
#2643 = DIRECTION('',(-1.234820451254E-06,0.999999999999,0.));
#2644 = ADVANCED_FACE('',(#2645),#2670,.F.);
#2645 = FACE_BOUND('',#2646,.F.);
#2646 = EDGE_LOOP('',(#2647,#2648,#2656,#2664));
#2647 = ORIENTED_EDGE('',*,*,#2625,.T.);
#2648 = ORIENTED_EDGE('',*,*,#2649,.T.);
#2649 = EDGE_CURVE('',#2617,#2650,#2652,.T.);
#2650 = VERTEX_POINT('',#2651);
#2651 = CARTESIAN_POINT('',(158.26,-99.795,-4.E-02));
#2652 = LINE('',#2653,#2654);
#2653 = CARTESIAN_POINT('',(158.26,-99.515,-4.E-02));
#2654 = VECTOR('',#2655,1.);
#2655 = DIRECTION('',(0.,-1.,0.));
#2656 = ORIENTED_EDGE('',*,*,#2657,.F.);
#2657 = EDGE_CURVE('',#2658,#2650,#2660,.T.);
#2658 = VERTEX_POINT('',#2659);
#2659 = CARTESIAN_POINT('',(158.26,-99.795,0.));
#2660 = LINE('',#2661,#2662);
#2661 = CARTESIAN_POINT('',(158.26,-99.795,0.));
#2662 = VECTOR('',#2663,1.);
#2663 = DIRECTION('',(0.,0.,-1.));
#2664 = ORIENTED_EDGE('',*,*,#2665,.F.);
#2665 = EDGE_CURVE('',#2626,#2658,#2666,.T.);
#2666 = LINE('',#2667,#2668);
#2667 = CARTESIAN_POINT('',(158.26,-99.515,0.));
#2668 = VECTOR('',#2669,1.);
#2669 = DIRECTION('',(0.,-1.,0.));
#2670 = PLANE('',#2671);
#2671 = AXIS2_PLACEMENT_3D('',#2672,#2673,#2674);
#2672 = CARTESIAN_POINT('',(158.26,-99.515,0.));
#2673 = DIRECTION('',(-1.,-0.,-0.));
#2674 = DIRECTION('',(0.,-1.,0.));
#2675 = ADVANCED_FACE('',(#2676),#2703,.T.);
#2676 = FACE_BOUND('',#2677,.F.);
#2677 = EDGE_LOOP('',(#2678,#2679,#2688,#2696));
#2678 = ORIENTED_EDGE('',*,*,#2657,.T.);
#2679 = ORIENTED_EDGE('',*,*,#2680,.T.);
#2680 = EDGE_CURVE('',#2650,#2681,#2683,.T.);
#2681 = VERTEX_POINT('',#2682);
#2682 = CARTESIAN_POINT('',(158.12,-99.935,-4.E-02));
#2683 = CIRCLE('',#2684,0.139999827125);
#2684 = AXIS2_PLACEMENT_3D('',#2685,#2686,#2687);
#2685 = CARTESIAN_POINT('',(158.12000017287,-99.79500017287,-4.E-02));
#2686 = DIRECTION('',(0.,0.,-1.));
#2687 = DIRECTION('',(0.999999999999,1.23482055276E-06,0.));
#2688 = ORIENTED_EDGE('',*,*,#2689,.F.);
#2689 = EDGE_CURVE('',#2690,#2681,#2692,.T.);
#2690 = VERTEX_POINT('',#2691);
#2691 = CARTESIAN_POINT('',(158.12,-99.935,0.));
#2692 = LINE('',#2693,#2694);
#2693 = CARTESIAN_POINT('',(158.12,-99.935,0.));
#2694 = VECTOR('',#2695,1.);
#2695 = DIRECTION('',(0.,0.,-1.));
#2696 = ORIENTED_EDGE('',*,*,#2697,.F.);
#2697 = EDGE_CURVE('',#2658,#2690,#2698,.T.);
#2698 = CIRCLE('',#2699,0.139999827125);
#2699 = AXIS2_PLACEMENT_3D('',#2700,#2701,#2702);
#2700 = CARTESIAN_POINT('',(158.12000017287,-99.79500017287,0.));
#2701 = DIRECTION('',(0.,0.,-1.));
#2702 = DIRECTION('',(0.999999999999,1.23482055276E-06,0.));
#2703 = CYLINDRICAL_SURFACE('',#2704,0.139999827125);
#2704 = AXIS2_PLACEMENT_3D('',#2705,#2706,#2707);
#2705 = CARTESIAN_POINT('',(158.12000017287,-99.79500017287,0.));
#2706 = DIRECTION('',(-0.,-0.,1.));
#2707 = DIRECTION('',(0.999999999999,1.23482055276E-06,0.));
#2708 = ADVANCED_FACE('',(#2709),#2734,.F.);
#2709 = FACE_BOUND('',#2710,.F.);
#2710 = EDGE_LOOP('',(#2711,#2712,#2720,#2728));
#2711 = ORIENTED_EDGE('',*,*,#2689,.T.);
#2712 = ORIENTED_EDGE('',*,*,#2713,.T.);
#2713 = EDGE_CURVE('',#2681,#2714,#2716,.T.);
#2714 = VERTEX_POINT('',#2715);
#2715 = CARTESIAN_POINT('',(157.78,-99.935,-4.E-02));
#2716 = LINE('',#2717,#2718);
#2717 = CARTESIAN_POINT('',(158.12,-99.935,-4.E-02));
#2718 = VECTOR('',#2719,1.);
#2719 = DIRECTION('',(-1.,0.,0.));
#2720 = ORIENTED_EDGE('',*,*,#2721,.F.);
#2721 = EDGE_CURVE('',#2722,#2714,#2724,.T.);
#2722 = VERTEX_POINT('',#2723);
#2723 = CARTESIAN_POINT('',(157.78,-99.935,0.));
#2724 = LINE('',#2725,#2726);
#2725 = CARTESIAN_POINT('',(157.78,-99.935,0.));
#2726 = VECTOR('',#2727,1.);
#2727 = DIRECTION('',(0.,0.,-1.));
#2728 = ORIENTED_EDGE('',*,*,#2729,.F.);
#2729 = EDGE_CURVE('',#2690,#2722,#2730,.T.);
#2730 = LINE('',#2731,#2732);
#2731 = CARTESIAN_POINT('',(158.12,-99.935,0.));
#2732 = VECTOR('',#2733,1.);
#2733 = DIRECTION('',(-1.,0.,0.));
#2734 = PLANE('',#2735);
#2735 = AXIS2_PLACEMENT_3D('',#2736,#2737,#2738);
#2736 = CARTESIAN_POINT('',(158.12,-99.935,0.));
#2737 = DIRECTION('',(0.,1.,0.));
#2738 = DIRECTION('',(-1.,0.,0.));
#2739 = ADVANCED_FACE('',(#2740),#2767,.T.);
#2740 = FACE_BOUND('',#2741,.F.);
#2741 = EDGE_LOOP('',(#2742,#2743,#2752,#2760));
#2742 = ORIENTED_EDGE('',*,*,#2721,.T.);
#2743 = ORIENTED_EDGE('',*,*,#2744,.T.);
#2744 = EDGE_CURVE('',#2714,#2745,#2747,.T.);
#2745 = VERTEX_POINT('',#2746);
#2746 = CARTESIAN_POINT('',(157.64,-99.795,-4.E-02));
#2747 = CIRCLE('',#2748,0.139999827125);
#2748 = AXIS2_PLACEMENT_3D('',#2749,#2750,#2751);
#2749 = CARTESIAN_POINT('',(157.77999982712,-99.79500017287,-4.E-02));
#2750 = DIRECTION('',(0.,0.,-1.));
#2751 = DIRECTION('',(1.234820248241E-06,-0.999999999999,0.));
#2752 = ORIENTED_EDGE('',*,*,#2753,.F.);
#2753 = EDGE_CURVE('',#2754,#2745,#2756,.T.);
#2754 = VERTEX_POINT('',#2755);
#2755 = CARTESIAN_POINT('',(157.64,-99.795,0.));
#2756 = LINE('',#2757,#2758);
#2757 = CARTESIAN_POINT('',(157.64,-99.795,0.));
#2758 = VECTOR('',#2759,1.);
#2759 = DIRECTION('',(0.,0.,-1.));
#2760 = ORIENTED_EDGE('',*,*,#2761,.F.);
#2761 = EDGE_CURVE('',#2722,#2754,#2762,.T.);
#2762 = CIRCLE('',#2763,0.139999827125);
#2763 = AXIS2_PLACEMENT_3D('',#2764,#2765,#2766);
#2764 = CARTESIAN_POINT('',(157.77999982712,-99.79500017287,0.));
#2765 = DIRECTION('',(0.,0.,-1.));
#2766 = DIRECTION('',(1.234820248241E-06,-0.999999999999,0.));
#2767 = CYLINDRICAL_SURFACE('',#2768,0.139999827125);
#2768 = AXIS2_PLACEMENT_3D('',#2769,#2770,#2771);
#2769 = CARTESIAN_POINT('',(157.77999982712,-99.79500017287,0.));
#2770 = DIRECTION('',(-0.,-0.,1.));
#2771 = DIRECTION('',(1.234820248241E-06,-0.999999999999,0.));
#2772 = ADVANCED_FACE('',(#2773),#2789,.F.);
#2773 = FACE_BOUND('',#2774,.F.);
#2774 = EDGE_LOOP('',(#2775,#2776,#2782,#2783));
#2775 = ORIENTED_EDGE('',*,*,#2753,.T.);
#2776 = ORIENTED_EDGE('',*,*,#2777,.T.);
#2777 = EDGE_CURVE('',#2745,#2545,#2778,.T.);
#2778 = LINE('',#2779,#2780);
#2779 = CARTESIAN_POINT('',(157.64,-99.795,-4.E-02));
#2780 = VECTOR('',#2781,1.);
#2781 = DIRECTION('',(0.,1.,0.));
#2782 = ORIENTED_EDGE('',*,*,#2542,.F.);
#2783 = ORIENTED_EDGE('',*,*,#2784,.F.);
#2784 = EDGE_CURVE('',#2754,#2543,#2785,.T.);
#2785 = LINE('',#2786,#2787);
#2786 = CARTESIAN_POINT('',(157.64,-99.795,0.));
#2787 = VECTOR('',#2788,1.);
#2788 = DIRECTION('',(0.,1.,0.));
#2789 = PLANE('',#2790);
#2790 = AXIS2_PLACEMENT_3D('',#2791,#2792,#2793);
#2791 = CARTESIAN_POINT('',(157.64,-99.795,0.));
#2792 = DIRECTION('',(1.,-0.,0.));
#2793 = DIRECTION('',(0.,1.,0.));
#2794 = ADVANCED_FACE('',(#2795),#2805,.F.);
#2795 = FACE_BOUND('',#2796,.F.);
#2796 = EDGE_LOOP('',(#2797,#2798,#2799,#2800,#2801,#2802,#2803,#2804));
#2797 = ORIENTED_EDGE('',*,*,#2569,.T.);
#2798 = ORIENTED_EDGE('',*,*,#2601,.T.);
#2799 = ORIENTED_EDGE('',*,*,#2633,.T.);
#2800 = ORIENTED_EDGE('',*,*,#2665,.T.);
#2801 = ORIENTED_EDGE('',*,*,#2697,.T.);
#2802 = ORIENTED_EDGE('',*,*,#2729,.T.);
#2803 = ORIENTED_EDGE('',*,*,#2761,.T.);
#2804 = ORIENTED_EDGE('',*,*,#2784,.T.);
#2805 = PLANE('',#2806);
#2806 = AXIS2_PLACEMENT_3D('',#2807,#2808,#2809);
#2807 = CARTESIAN_POINT('',(0.,0.,0.));
#2808 = DIRECTION('',(-0.,-0.,-1.));
#2809 = DIRECTION('',(-1.,0.,0.));
#2810 = ADVANCED_FACE('',(#2811),#2821,.T.);
#2811 = FACE_BOUND('',#2812,.T.);
#2812 = EDGE_LOOP('',(#2813,#2814,#2815,#2816,#2817,#2818,#2819,#2820));
#2813 = ORIENTED_EDGE('',*,*,#2552,.T.);
#2814 = ORIENTED_EDGE('',*,*,#2585,.T.);
#2815 = ORIENTED_EDGE('',*,*,#2616,.T.);
#2816 = ORIENTED_EDGE('',*,*,#2649,.T.);
#2817 = ORIENTED_EDGE('',*,*,#2680,.T.);
#2818 = ORIENTED_EDGE('',*,*,#2713,.T.);
#2819 = ORIENTED_EDGE('',*,*,#2744,.T.);
#2820 = ORIENTED_EDGE('',*,*,#2777,.T.);
#2821 = PLANE('',#2822);
#2822 = AXIS2_PLACEMENT_3D('',#2823,#2824,#2825);
#2823 = CARTESIAN_POINT('',(0.,0.,-4.E-02));
#2824 = DIRECTION('',(-0.,-0.,-1.));
#2825 = DIRECTION('',(-1.,0.,0.));
#2826 = MANIFOLD_SOLID_BREP('',#2827);
#2827 = CLOSED_SHELL('',(#2828,#2870,#2901,#2934,#2965,#2998,#3029,#3062
    ,#3084,#3100));
#2828 = ADVANCED_FACE('',(#2829),#2865,.T.);
#2829 = FACE_BOUND('',#2830,.F.);
#2830 = EDGE_LOOP('',(#2831,#2841,#2850,#2858));
#2831 = ORIENTED_EDGE('',*,*,#2832,.T.);
#2832 = EDGE_CURVE('',#2833,#2835,#2837,.T.);
#2833 = VERTEX_POINT('',#2834);
#2834 = CARTESIAN_POINT('',(157.64,-98.555,0.));
#2835 = VERTEX_POINT('',#2836);
#2836 = CARTESIAN_POINT('',(157.64,-98.555,-4.E-02));
#2837 = LINE('',#2838,#2839);
#2838 = CARTESIAN_POINT('',(157.64,-98.555,0.));
#2839 = VECTOR('',#2840,1.);
#2840 = DIRECTION('',(0.,0.,-1.));
#2841 = ORIENTED_EDGE('',*,*,#2842,.T.);
#2842 = EDGE_CURVE('',#2835,#2843,#2845,.T.);
#2843 = VERTEX_POINT('',#2844);
#2844 = CARTESIAN_POINT('',(157.78,-98.415,-4.E-02));
#2845 = CIRCLE('',#2846,0.139999827125);
#2846 = AXIS2_PLACEMENT_3D('',#2847,#2848,#2849);
#2847 = CARTESIAN_POINT('',(157.77999982712,-98.55499982712,-4.E-02));
#2848 = DIRECTION('',(0.,0.,-1.));
#2849 = DIRECTION('',(-0.999999999999,-1.234820248241E-06,-0.));
#2850 = ORIENTED_EDGE('',*,*,#2851,.F.);
#2851 = EDGE_CURVE('',#2852,#2843,#2854,.T.);
#2852 = VERTEX_POINT('',#2853);
#2853 = CARTESIAN_POINT('',(157.78,-98.415,0.));
#2854 = LINE('',#2855,#2856);
#2855 = CARTESIAN_POINT('',(157.78,-98.415,0.));
#2856 = VECTOR('',#2857,1.);
#2857 = DIRECTION('',(0.,0.,-1.));
#2858 = ORIENTED_EDGE('',*,*,#2859,.F.);
#2859 = EDGE_CURVE('',#2833,#2852,#2860,.T.);
#2860 = CIRCLE('',#2861,0.139999827125);
#2861 = AXIS2_PLACEMENT_3D('',#2862,#2863,#2864);
#2862 = CARTESIAN_POINT('',(157.77999982712,-98.55499982712,0.));
#2863 = DIRECTION('',(0.,0.,-1.));
#2864 = DIRECTION('',(-0.999999999999,-1.234820248241E-06,-0.));
#2865 = CYLINDRICAL_SURFACE('',#2866,0.139999827125);
#2866 = AXIS2_PLACEMENT_3D('',#2867,#2868,#2869);
#2867 = CARTESIAN_POINT('',(157.77999982712,-98.55499982712,0.));
#2868 = DIRECTION('',(-0.,-0.,1.));
#2869 = DIRECTION('',(-0.999999999999,-1.234820248241E-06,-0.));
#2870 = ADVANCED_FACE('',(#2871),#2896,.F.);
#2871 = FACE_BOUND('',#2872,.F.);
#2872 = EDGE_LOOP('',(#2873,#2874,#2882,#2890));
#2873 = ORIENTED_EDGE('',*,*,#2851,.T.);
#2874 = ORIENTED_EDGE('',*,*,#2875,.T.);
#2875 = EDGE_CURVE('',#2843,#2876,#2878,.T.);
#2876 = VERTEX_POINT('',#2877);
#2877 = CARTESIAN_POINT('',(158.12,-98.415,-4.E-02));
#2878 = LINE('',#2879,#2880);
#2879 = CARTESIAN_POINT('',(157.78,-98.415,-4.E-02));
#2880 = VECTOR('',#2881,1.);
#2881 = DIRECTION('',(1.,0.,0.));
#2882 = ORIENTED_EDGE('',*,*,#2883,.F.);
#2883 = EDGE_CURVE('',#2884,#2876,#2886,.T.);
#2884 = VERTEX_POINT('',#2885);
#2885 = CARTESIAN_POINT('',(158.12,-98.415,0.));
#2886 = LINE('',#2887,#2888);
#2887 = CARTESIAN_POINT('',(158.12,-98.415,0.));
#2888 = VECTOR('',#2889,1.);
#2889 = DIRECTION('',(0.,0.,-1.));
#2890 = ORIENTED_EDGE('',*,*,#2891,.F.);
#2891 = EDGE_CURVE('',#2852,#2884,#2892,.T.);
#2892 = LINE('',#2893,#2894);
#2893 = CARTESIAN_POINT('',(157.78,-98.415,0.));
#2894 = VECTOR('',#2895,1.);
#2895 = DIRECTION('',(1.,0.,0.));
#2896 = PLANE('',#2897);
#2897 = AXIS2_PLACEMENT_3D('',#2898,#2899,#2900);
#2898 = CARTESIAN_POINT('',(157.78,-98.415,0.));
#2899 = DIRECTION('',(0.,-1.,0.));
#2900 = DIRECTION('',(1.,0.,0.));
#2901 = ADVANCED_FACE('',(#2902),#2929,.T.);
#2902 = FACE_BOUND('',#2903,.F.);
#2903 = EDGE_LOOP('',(#2904,#2905,#2914,#2922));
#2904 = ORIENTED_EDGE('',*,*,#2883,.T.);
#2905 = ORIENTED_EDGE('',*,*,#2906,.T.);
#2906 = EDGE_CURVE('',#2876,#2907,#2909,.T.);
#2907 = VERTEX_POINT('',#2908);
#2908 = CARTESIAN_POINT('',(158.26,-98.555,-4.E-02));
#2909 = CIRCLE('',#2910,0.139999827125);
#2910 = AXIS2_PLACEMENT_3D('',#2911,#2912,#2913);
#2911 = CARTESIAN_POINT('',(158.12000017287,-98.55499982712,-4.E-02));
#2912 = DIRECTION('',(0.,0.,-1.));
#2913 = DIRECTION('',(-1.234820451254E-06,0.999999999999,0.));
#2914 = ORIENTED_EDGE('',*,*,#2915,.F.);
#2915 = EDGE_CURVE('',#2916,#2907,#2918,.T.);
#2916 = VERTEX_POINT('',#2917);
#2917 = CARTESIAN_POINT('',(158.26,-98.555,0.));
#2918 = LINE('',#2919,#2920);
#2919 = CARTESIAN_POINT('',(158.26,-98.555,0.));
#2920 = VECTOR('',#2921,1.);
#2921 = DIRECTION('',(0.,0.,-1.));
#2922 = ORIENTED_EDGE('',*,*,#2923,.F.);
#2923 = EDGE_CURVE('',#2884,#2916,#2924,.T.);
#2924 = CIRCLE('',#2925,0.139999827125);
#2925 = AXIS2_PLACEMENT_3D('',#2926,#2927,#2928);
#2926 = CARTESIAN_POINT('',(158.12000017287,-98.55499982712,0.));
#2927 = DIRECTION('',(0.,0.,-1.));
#2928 = DIRECTION('',(-1.234820451254E-06,0.999999999999,0.));
#2929 = CYLINDRICAL_SURFACE('',#2930,0.139999827125);
#2930 = AXIS2_PLACEMENT_3D('',#2931,#2932,#2933);
#2931 = CARTESIAN_POINT('',(158.12000017287,-98.55499982712,0.));
#2932 = DIRECTION('',(-0.,-0.,1.));
#2933 = DIRECTION('',(-1.234820451254E-06,0.999999999999,0.));
#2934 = ADVANCED_FACE('',(#2935),#2960,.F.);
#2935 = FACE_BOUND('',#2936,.F.);
#2936 = EDGE_LOOP('',(#2937,#2938,#2946,#2954));
#2937 = ORIENTED_EDGE('',*,*,#2915,.T.);
#2938 = ORIENTED_EDGE('',*,*,#2939,.T.);
#2939 = EDGE_CURVE('',#2907,#2940,#2942,.T.);
#2940 = VERTEX_POINT('',#2941);
#2941 = CARTESIAN_POINT('',(158.26,-98.835,-4.E-02));
#2942 = LINE('',#2943,#2944);
#2943 = CARTESIAN_POINT('',(158.26,-98.555,-4.E-02));
#2944 = VECTOR('',#2945,1.);
#2945 = DIRECTION('',(0.,-1.,0.));
#2946 = ORIENTED_EDGE('',*,*,#2947,.F.);
#2947 = EDGE_CURVE('',#2948,#2940,#2950,.T.);
#2948 = VERTEX_POINT('',#2949);
#2949 = CARTESIAN_POINT('',(158.26,-98.835,0.));
#2950 = LINE('',#2951,#2952);
#2951 = CARTESIAN_POINT('',(158.26,-98.835,0.));
#2952 = VECTOR('',#2953,1.);
#2953 = DIRECTION('',(0.,0.,-1.));
#2954 = ORIENTED_EDGE('',*,*,#2955,.F.);
#2955 = EDGE_CURVE('',#2916,#2948,#2956,.T.);
#2956 = LINE('',#2957,#2958);
#2957 = CARTESIAN_POINT('',(158.26,-98.555,0.));
#2958 = VECTOR('',#2959,1.);
#2959 = DIRECTION('',(0.,-1.,0.));
#2960 = PLANE('',#2961);
#2961 = AXIS2_PLACEMENT_3D('',#2962,#2963,#2964);
#2962 = CARTESIAN_POINT('',(158.26,-98.555,0.));
#2963 = DIRECTION('',(-1.,-0.,-0.));
#2964 = DIRECTION('',(0.,-1.,0.));
#2965 = ADVANCED_FACE('',(#2966),#2993,.T.);
#2966 = FACE_BOUND('',#2967,.F.);
#2967 = EDGE_LOOP('',(#2968,#2969,#2978,#2986));
#2968 = ORIENTED_EDGE('',*,*,#2947,.T.);
#2969 = ORIENTED_EDGE('',*,*,#2970,.T.);
#2970 = EDGE_CURVE('',#2940,#2971,#2973,.T.);
#2971 = VERTEX_POINT('',#2972);
#2972 = CARTESIAN_POINT('',(158.12,-98.975,-4.E-02));
#2973 = CIRCLE('',#2974,0.139999827125);
#2974 = AXIS2_PLACEMENT_3D('',#2975,#2976,#2977);
#2975 = CARTESIAN_POINT('',(158.12000017287,-98.83500017287,-4.E-02));
#2976 = DIRECTION('',(0.,0.,-1.));
#2977 = DIRECTION('',(0.999999999999,1.23482055276E-06,0.));
#2978 = ORIENTED_EDGE('',*,*,#2979,.F.);
#2979 = EDGE_CURVE('',#2980,#2971,#2982,.T.);
#2980 = VERTEX_POINT('',#2981);
#2981 = CARTESIAN_POINT('',(158.12,-98.975,0.));
#2982 = LINE('',#2983,#2984);
#2983 = CARTESIAN_POINT('',(158.12,-98.975,0.));
#2984 = VECTOR('',#2985,1.);
#2985 = DIRECTION('',(0.,0.,-1.));
#2986 = ORIENTED_EDGE('',*,*,#2987,.F.);
#2987 = EDGE_CURVE('',#2948,#2980,#2988,.T.);
#2988 = CIRCLE('',#2989,0.139999827125);
#2989 = AXIS2_PLACEMENT_3D('',#2990,#2991,#2992);
#2990 = CARTESIAN_POINT('',(158.12000017287,-98.83500017287,0.));
#2991 = DIRECTION('',(0.,0.,-1.));
#2992 = DIRECTION('',(0.999999999999,1.23482055276E-06,0.));
#2993 = CYLINDRICAL_SURFACE('',#2994,0.139999827125);
#2994 = AXIS2_PLACEMENT_3D('',#2995,#2996,#2997);
#2995 = CARTESIAN_POINT('',(158.12000017287,-98.83500017287,0.));
#2996 = DIRECTION('',(-0.,-0.,1.));
#2997 = DIRECTION('',(0.999999999999,1.23482055276E-06,0.));
#2998 = ADVANCED_FACE('',(#2999),#3024,.F.);
#2999 = FACE_BOUND('',#3000,.F.);
#3000 = EDGE_LOOP('',(#3001,#3002,#3010,#3018));
#3001 = ORIENTED_EDGE('',*,*,#2979,.T.);
#3002 = ORIENTED_EDGE('',*,*,#3003,.T.);
#3003 = EDGE_CURVE('',#2971,#3004,#3006,.T.);
#3004 = VERTEX_POINT('',#3005);
#3005 = CARTESIAN_POINT('',(157.78,-98.975,-4.E-02));
#3006 = LINE('',#3007,#3008);
#3007 = CARTESIAN_POINT('',(158.12,-98.975,-4.E-02));
#3008 = VECTOR('',#3009,1.);
#3009 = DIRECTION('',(-1.,0.,0.));
#3010 = ORIENTED_EDGE('',*,*,#3011,.F.);
#3011 = EDGE_CURVE('',#3012,#3004,#3014,.T.);
#3012 = VERTEX_POINT('',#3013);
#3013 = CARTESIAN_POINT('',(157.78,-98.975,0.));
#3014 = LINE('',#3015,#3016);
#3015 = CARTESIAN_POINT('',(157.78,-98.975,0.));
#3016 = VECTOR('',#3017,1.);
#3017 = DIRECTION('',(0.,0.,-1.));
#3018 = ORIENTED_EDGE('',*,*,#3019,.F.);
#3019 = EDGE_CURVE('',#2980,#3012,#3020,.T.);
#3020 = LINE('',#3021,#3022);
#3021 = CARTESIAN_POINT('',(158.12,-98.975,0.));
#3022 = VECTOR('',#3023,1.);
#3023 = DIRECTION('',(-1.,0.,0.));
#3024 = PLANE('',#3025);
#3025 = AXIS2_PLACEMENT_3D('',#3026,#3027,#3028);
#3026 = CARTESIAN_POINT('',(158.12,-98.975,0.));
#3027 = DIRECTION('',(0.,1.,0.));
#3028 = DIRECTION('',(-1.,0.,0.));
#3029 = ADVANCED_FACE('',(#3030),#3057,.T.);
#3030 = FACE_BOUND('',#3031,.F.);
#3031 = EDGE_LOOP('',(#3032,#3033,#3042,#3050));
#3032 = ORIENTED_EDGE('',*,*,#3011,.T.);
#3033 = ORIENTED_EDGE('',*,*,#3034,.T.);
#3034 = EDGE_CURVE('',#3004,#3035,#3037,.T.);
#3035 = VERTEX_POINT('',#3036);
#3036 = CARTESIAN_POINT('',(157.64,-98.835,-4.E-02));
#3037 = CIRCLE('',#3038,0.139999827125);
#3038 = AXIS2_PLACEMENT_3D('',#3039,#3040,#3041);
#3039 = CARTESIAN_POINT('',(157.77999982712,-98.83500017287,-4.E-02));
#3040 = DIRECTION('',(0.,0.,-1.));
#3041 = DIRECTION('',(1.234820248241E-06,-0.999999999999,0.));
#3042 = ORIENTED_EDGE('',*,*,#3043,.F.);
#3043 = EDGE_CURVE('',#3044,#3035,#3046,.T.);
#3044 = VERTEX_POINT('',#3045);
#3045 = CARTESIAN_POINT('',(157.64,-98.835,0.));
#3046 = LINE('',#3047,#3048);
#3047 = CARTESIAN_POINT('',(157.64,-98.835,0.));
#3048 = VECTOR('',#3049,1.);
#3049 = DIRECTION('',(0.,0.,-1.));
#3050 = ORIENTED_EDGE('',*,*,#3051,.F.);
#3051 = EDGE_CURVE('',#3012,#3044,#3052,.T.);
#3052 = CIRCLE('',#3053,0.139999827125);
#3053 = AXIS2_PLACEMENT_3D('',#3054,#3055,#3056);
#3054 = CARTESIAN_POINT('',(157.77999982712,-98.83500017287,0.));
#3055 = DIRECTION('',(0.,0.,-1.));
#3056 = DIRECTION('',(1.234820248241E-06,-0.999999999999,0.));
#3057 = CYLINDRICAL_SURFACE('',#3058,0.139999827125);
#3058 = AXIS2_PLACEMENT_3D('',#3059,#3060,#3061);
#3059 = CARTESIAN_POINT('',(157.77999982712,-98.83500017287,0.));
#3060 = DIRECTION('',(-0.,-0.,1.));
#3061 = DIRECTION('',(1.234820248241E-06,-0.999999999999,0.));
#3062 = ADVANCED_FACE('',(#3063),#3079,.F.);
#3063 = FACE_BOUND('',#3064,.F.);
#3064 = EDGE_LOOP('',(#3065,#3066,#3072,#3073));
#3065 = ORIENTED_EDGE('',*,*,#3043,.T.);
#3066 = ORIENTED_EDGE('',*,*,#3067,.T.);
#3067 = EDGE_CURVE('',#3035,#2835,#3068,.T.);
#3068 = LINE('',#3069,#3070);
#3069 = CARTESIAN_POINT('',(157.64,-98.835,-4.E-02));
#3070 = VECTOR('',#3071,1.);
#3071 = DIRECTION('',(0.,1.,0.));
#3072 = ORIENTED_EDGE('',*,*,#2832,.F.);
#3073 = ORIENTED_EDGE('',*,*,#3074,.F.);
#3074 = EDGE_CURVE('',#3044,#2833,#3075,.T.);
#3075 = LINE('',#3076,#3077);
#3076 = CARTESIAN_POINT('',(157.64,-98.835,0.));
#3077 = VECTOR('',#3078,1.);
#3078 = DIRECTION('',(0.,1.,0.));
#3079 = PLANE('',#3080);
#3080 = AXIS2_PLACEMENT_3D('',#3081,#3082,#3083);
#3081 = CARTESIAN_POINT('',(157.64,-98.835,0.));
#3082 = DIRECTION('',(1.,-0.,0.));
#3083 = DIRECTION('',(0.,1.,0.));
#3084 = ADVANCED_FACE('',(#3085),#3095,.F.);
#3085 = FACE_BOUND('',#3086,.F.);
#3086 = EDGE_LOOP('',(#3087,#3088,#3089,#3090,#3091,#3092,#3093,#3094));
#3087 = ORIENTED_EDGE('',*,*,#2859,.T.);
#3088 = ORIENTED_EDGE('',*,*,#2891,.T.);
#3089 = ORIENTED_EDGE('',*,*,#2923,.T.);
#3090 = ORIENTED_EDGE('',*,*,#2955,.T.);
#3091 = ORIENTED_EDGE('',*,*,#2987,.T.);
#3092 = ORIENTED_EDGE('',*,*,#3019,.T.);
#3093 = ORIENTED_EDGE('',*,*,#3051,.T.);
#3094 = ORIENTED_EDGE('',*,*,#3074,.T.);
#3095 = PLANE('',#3096);
#3096 = AXIS2_PLACEMENT_3D('',#3097,#3098,#3099);
#3097 = CARTESIAN_POINT('',(0.,0.,0.));
#3098 = DIRECTION('',(-0.,-0.,-1.));
#3099 = DIRECTION('',(-1.,0.,0.));
#3100 = ADVANCED_FACE('',(#3101),#3111,.T.);
#3101 = FACE_BOUND('',#3102,.T.);
#3102 = EDGE_LOOP('',(#3103,#3104,#3105,#3106,#3107,#3108,#3109,#3110));
#3103 = ORIENTED_EDGE('',*,*,#2842,.T.);
#3104 = ORIENTED_EDGE('',*,*,#2875,.T.);
#3105 = ORIENTED_EDGE('',*,*,#2906,.T.);
#3106 = ORIENTED_EDGE('',*,*,#2939,.T.);
#3107 = ORIENTED_EDGE('',*,*,#2970,.T.);
#3108 = ORIENTED_EDGE('',*,*,#3003,.T.);
#3109 = ORIENTED_EDGE('',*,*,#3034,.T.);
#3110 = ORIENTED_EDGE('',*,*,#3067,.T.);
#3111 = PLANE('',#3112);
#3112 = AXIS2_PLACEMENT_3D('',#3113,#3114,#3115);
#3113 = CARTESIAN_POINT('',(0.,0.,-4.E-02));
#3114 = DIRECTION('',(-0.,-0.,-1.));
#3115 = DIRECTION('',(-1.,0.,0.));
#3116 = MANIFOLD_SOLID_BREP('',#3117);
#3117 = CLOSED_SHELL('',(#3118,#3151,#3160));
#3118 = ADVANCED_FACE('',(#3119),#3146,.T.);
#3119 = FACE_BOUND('',#3120,.T.);
#3120 = EDGE_LOOP('',(#3121,#3131,#3138,#3139));
#3121 = ORIENTED_EDGE('',*,*,#3122,.T.);
#3122 = EDGE_CURVE('',#3123,#3125,#3127,.T.);
#3123 = VERTEX_POINT('',#3124);
#3124 = CARTESIAN_POINT('',(159.849999,-102.,0.));
#3125 = VERTEX_POINT('',#3126);
#3126 = CARTESIAN_POINT('',(159.849999,-102.,-4.E-02));
#3127 = LINE('',#3128,#3129);
#3128 = CARTESIAN_POINT('',(159.849999,-102.,0.));
#3129 = VECTOR('',#3130,1.);
#3130 = DIRECTION('',(0.,0.,-1.));
#3131 = ORIENTED_EDGE('',*,*,#3132,.T.);
#3132 = EDGE_CURVE('',#3125,#3125,#3133,.T.);
#3133 = CIRCLE('',#3134,0.249999);
#3134 = AXIS2_PLACEMENT_3D('',#3135,#3136,#3137);
#3135 = CARTESIAN_POINT('',(159.6,-102.,-4.E-02));
#3136 = DIRECTION('',(0.,0.,1.));
#3137 = DIRECTION('',(1.,0.,-0.));
#3138 = ORIENTED_EDGE('',*,*,#3122,.F.);
#3139 = ORIENTED_EDGE('',*,*,#3140,.F.);
#3140 = EDGE_CURVE('',#3123,#3123,#3141,.T.);
#3141 = CIRCLE('',#3142,0.249999);
#3142 = AXIS2_PLACEMENT_3D('',#3143,#3144,#3145);
#3143 = CARTESIAN_POINT('',(159.6,-102.,0.));
#3144 = DIRECTION('',(0.,0.,1.));
#3145 = DIRECTION('',(1.,0.,-0.));
#3146 = CYLINDRICAL_SURFACE('',#3147,0.249999);
#3147 = AXIS2_PLACEMENT_3D('',#3148,#3149,#3150);
#3148 = CARTESIAN_POINT('',(159.6,-102.,0.));
#3149 = DIRECTION('',(0.,0.,1.));
#3150 = DIRECTION('',(1.,0.,-0.));
#3151 = ADVANCED_FACE('',(#3152),#3155,.F.);
#3152 = FACE_BOUND('',#3153,.T.);
#3153 = EDGE_LOOP('',(#3154));
#3154 = ORIENTED_EDGE('',*,*,#3140,.T.);
#3155 = PLANE('',#3156);
#3156 = AXIS2_PLACEMENT_3D('',#3157,#3158,#3159);
#3157 = CARTESIAN_POINT('',(0.,0.,0.));
#3158 = DIRECTION('',(-0.,-0.,-1.));
#3159 = DIRECTION('',(-1.,0.,0.));
#3160 = ADVANCED_FACE('',(#3161),#3164,.T.);
#3161 = FACE_BOUND('',#3162,.F.);
#3162 = EDGE_LOOP('',(#3163));
#3163 = ORIENTED_EDGE('',*,*,#3132,.T.);
#3164 = PLANE('',#3165);
#3165 = AXIS2_PLACEMENT_3D('',#3166,#3167,#3168);
#3166 = CARTESIAN_POINT('',(0.,0.,-4.E-02));
#3167 = DIRECTION('',(-0.,-0.,-1.));
#3168 = DIRECTION('',(-1.,0.,0.));
#3169 = MANIFOLD_SOLID_BREP('',#3170);
#3170 = CLOSED_SHELL('',(#3171,#3204,#3224,#3233,#3258));
#3171 = ADVANCED_FACE('',(#3172),#3199,.T.);
#3172 = FACE_BOUND('',#3173,.T.);
#3173 = EDGE_LOOP('',(#3174,#3184,#3191,#3192));
#3174 = ORIENTED_EDGE('',*,*,#3175,.T.);
#3175 = EDGE_CURVE('',#3176,#3178,#3180,.T.);
#3176 = VERTEX_POINT('',#3177);
#3177 = CARTESIAN_POINT('',(158.849999,-102.,0.));
#3178 = VERTEX_POINT('',#3179);
#3179 = CARTESIAN_POINT('',(158.849999,-102.,-4.E-02));
#3180 = LINE('',#3181,#3182);
#3181 = CARTESIAN_POINT('',(158.849999,-102.,0.));
#3182 = VECTOR('',#3183,1.);
#3183 = DIRECTION('',(0.,0.,-1.));
#3184 = ORIENTED_EDGE('',*,*,#3185,.T.);
#3185 = EDGE_CURVE('',#3178,#3178,#3186,.T.);
#3186 = CIRCLE('',#3187,0.249999);
#3187 = AXIS2_PLACEMENT_3D('',#3188,#3189,#3190);
#3188 = CARTESIAN_POINT('',(158.6,-102.,-4.E-02));
#3189 = DIRECTION('',(0.,0.,1.));
#3190 = DIRECTION('',(1.,0.,-0.));
#3191 = ORIENTED_EDGE('',*,*,#3175,.F.);
#3192 = ORIENTED_EDGE('',*,*,#3193,.F.);
#3193 = EDGE_CURVE('',#3176,#3176,#3194,.T.);
#3194 = CIRCLE('',#3195,0.249999);
#3195 = AXIS2_PLACEMENT_3D('',#3196,#3197,#3198);
#3196 = CARTESIAN_POINT('',(158.6,-102.,0.));
#3197 = DIRECTION('',(0.,0.,1.));
#3198 = DIRECTION('',(1.,0.,-0.));
#3199 = CYLINDRICAL_SURFACE('',#3200,0.249999);
#3200 = AXIS2_PLACEMENT_3D('',#3201,#3202,#3203);
#3201 = CARTESIAN_POINT('',(158.6,-102.,0.));
#3202 = DIRECTION('',(0.,0.,1.));
#3203 = DIRECTION('',(1.,0.,-0.));
#3204 = ADVANCED_FACE('',(#3205,#3208),#3219,.F.);
#3205 = FACE_BOUND('',#3206,.F.);
#3206 = EDGE_LOOP('',(#3207));
#3207 = ORIENTED_EDGE('',*,*,#3193,.F.);
#3208 = FACE_BOUND('',#3209,.F.);
#3209 = EDGE_LOOP('',(#3210));
#3210 = ORIENTED_EDGE('',*,*,#3211,.F.);
#3211 = EDGE_CURVE('',#3212,#3212,#3214,.T.);
#3212 = VERTEX_POINT('',#3213);
#3213 = CARTESIAN_POINT('',(158.6,-102.075,0.));
#3214 = CIRCLE('',#3215,7.5E-02);
#3215 = AXIS2_PLACEMENT_3D('',#3216,#3217,#3218);
#3216 = CARTESIAN_POINT('',(158.6,-102.,0.));
#3217 = DIRECTION('',(-0.,0.,-1.));
#3218 = DIRECTION('',(-3.789561257388E-13,-1.,0.));
#3219 = PLANE('',#3220);
#3220 = AXIS2_PLACEMENT_3D('',#3221,#3222,#3223);
#3221 = CARTESIAN_POINT('',(0.,0.,0.));
#3222 = DIRECTION('',(-0.,-0.,-1.));
#3223 = DIRECTION('',(-1.,0.,0.));
#3224 = ADVANCED_FACE('',(#3225),#3228,.T.);
#3225 = FACE_BOUND('',#3226,.F.);
#3226 = EDGE_LOOP('',(#3227));
#3227 = ORIENTED_EDGE('',*,*,#3185,.T.);
#3228 = PLANE('',#3229);
#3229 = AXIS2_PLACEMENT_3D('',#3230,#3231,#3232);
#3230 = CARTESIAN_POINT('',(0.,0.,-4.E-02));
#3231 = DIRECTION('',(-0.,-0.,-1.));
#3232 = DIRECTION('',(-1.,0.,0.));
#3233 = ADVANCED_FACE('',(#3234),#3253,.F.);
#3234 = FACE_BOUND('',#3235,.T.);
#3235 = EDGE_LOOP('',(#3236,#3245,#3251,#3252));
#3236 = ORIENTED_EDGE('',*,*,#3237,.F.);
#3237 = EDGE_CURVE('',#3238,#3238,#3240,.T.);
#3238 = VERTEX_POINT('',#3239);
#3239 = CARTESIAN_POINT('',(158.6,-102.075,-3.6E-02));
#3240 = CIRCLE('',#3241,7.5E-02);
#3241 = AXIS2_PLACEMENT_3D('',#3242,#3243,#3244);
#3242 = CARTESIAN_POINT('',(158.6,-102.,-3.6E-02));
#3243 = DIRECTION('',(0.,0.,1.));
#3244 = DIRECTION('',(-3.789561257388E-13,-1.,0.));
#3245 = ORIENTED_EDGE('',*,*,#3246,.T.);
#3246 = EDGE_CURVE('',#3238,#3212,#3247,.T.);
#3247 = LINE('',#3248,#3249);
#3248 = CARTESIAN_POINT('',(158.6,-102.075,-3.6E-02));
#3249 = VECTOR('',#3250,1.);
#3250 = DIRECTION('',(0.,0.,1.));
#3251 = ORIENTED_EDGE('',*,*,#3211,.F.);
#3252 = ORIENTED_EDGE('',*,*,#3246,.F.);
#3253 = CYLINDRICAL_SURFACE('',#3254,7.5E-02);
#3254 = AXIS2_PLACEMENT_3D('',#3255,#3256,#3257);
#3255 = CARTESIAN_POINT('',(158.6,-102.,-3.6E-02));
#3256 = DIRECTION('',(-0.,-0.,-1.));
#3257 = DIRECTION('',(-3.789561257388E-13,-1.,0.));
#3258 = ADVANCED_FACE('',(#3259),#3262,.T.);
#3259 = FACE_BOUND('',#3260,.T.);
#3260 = EDGE_LOOP('',(#3261));
#3261 = ORIENTED_EDGE('',*,*,#3237,.T.);
#3262 = PLANE('',#3263);
#3263 = AXIS2_PLACEMENT_3D('',#3264,#3265,#3266);
#3264 = CARTESIAN_POINT('',(158.6,-102.075,-3.6E-02));
#3265 = DIRECTION('',(0.,0.,1.));
#3266 = DIRECTION('',(1.,0.,-0.));
#3267 = MANIFOLD_SOLID_BREP('',#3268);
#3268 = CLOSED_SHELL('',(#3269,#3302,#3322,#3342));
#3269 = ADVANCED_FACE('',(#3270),#3297,.T.);
#3270 = FACE_BOUND('',#3271,.F.);
#3271 = EDGE_LOOP('',(#3272,#3282,#3289,#3290));
#3272 = ORIENTED_EDGE('',*,*,#3273,.T.);
#3273 = EDGE_CURVE('',#3274,#3276,#3278,.T.);
#3274 = VERTEX_POINT('',#3275);
#3275 = CARTESIAN_POINT('',(156.9,-101.6,0.71));
#3276 = VERTEX_POINT('',#3277);
#3277 = CARTESIAN_POINT('',(156.9,-101.6,0.75));
#3278 = LINE('',#3279,#3280);
#3279 = CARTESIAN_POINT('',(156.9,-101.6,0.71));
#3280 = VECTOR('',#3281,1.);
#3281 = DIRECTION('',(0.,0.,1.));
#3282 = ORIENTED_EDGE('',*,*,#3283,.T.);
#3283 = EDGE_CURVE('',#3276,#3276,#3284,.T.);
#3284 = CIRCLE('',#3285,0.5);
#3285 = AXIS2_PLACEMENT_3D('',#3286,#3287,#3288);
#3286 = CARTESIAN_POINT('',(156.4,-101.6,0.75));
#3287 = DIRECTION('',(0.,0.,1.));
#3288 = DIRECTION('',(1.,0.,-0.));
#3289 = ORIENTED_EDGE('',*,*,#3273,.F.);
#3290 = ORIENTED_EDGE('',*,*,#3291,.F.);
#3291 = EDGE_CURVE('',#3274,#3274,#3292,.T.);
#3292 = CIRCLE('',#3293,0.5);
#3293 = AXIS2_PLACEMENT_3D('',#3294,#3295,#3296);
#3294 = CARTESIAN_POINT('',(156.4,-101.6,0.71));
#3295 = DIRECTION('',(0.,0.,1.));
#3296 = DIRECTION('',(1.,0.,-0.));
#3297 = CYLINDRICAL_SURFACE('',#3298,0.5);
#3298 = AXIS2_PLACEMENT_3D('',#3299,#3300,#3301);
#3299 = CARTESIAN_POINT('',(156.4,-101.6,0.71));
#3300 = DIRECTION('',(-0.,-0.,-1.));
#3301 = DIRECTION('',(1.,0.,-0.));
#3302 = ADVANCED_FACE('',(#3303,#3306),#3317,.F.);
#3303 = FACE_BOUND('',#3304,.F.);
#3304 = EDGE_LOOP('',(#3305));
#3305 = ORIENTED_EDGE('',*,*,#3291,.T.);
#3306 = FACE_BOUND('',#3307,.F.);
#3307 = EDGE_LOOP('',(#3308));
#3308 = ORIENTED_EDGE('',*,*,#3309,.T.);
#3309 = EDGE_CURVE('',#3310,#3310,#3312,.T.);
#3310 = VERTEX_POINT('',#3311);
#3311 = CARTESIAN_POINT('',(156.4,-101.825,0.71));
#3312 = CIRCLE('',#3313,0.225);
#3313 = AXIS2_PLACEMENT_3D('',#3314,#3315,#3316);
#3314 = CARTESIAN_POINT('',(156.4,-101.6,0.71));
#3315 = DIRECTION('',(-0.,0.,-1.));
#3316 = DIRECTION('',(-0.,-1.,0.));
#3317 = PLANE('',#3318);
#3318 = AXIS2_PLACEMENT_3D('',#3319,#3320,#3321);
#3319 = CARTESIAN_POINT('',(0.,0.,0.71));
#3320 = DIRECTION('',(0.,0.,1.));
#3321 = DIRECTION('',(1.,0.,-0.));
#3322 = ADVANCED_FACE('',(#3323,#3326),#3337,.T.);
#3323 = FACE_BOUND('',#3324,.T.);
#3324 = EDGE_LOOP('',(#3325));
#3325 = ORIENTED_EDGE('',*,*,#3283,.T.);
#3326 = FACE_BOUND('',#3327,.T.);
#3327 = EDGE_LOOP('',(#3328));
#3328 = ORIENTED_EDGE('',*,*,#3329,.T.);
#3329 = EDGE_CURVE('',#3330,#3330,#3332,.T.);
#3330 = VERTEX_POINT('',#3331);
#3331 = CARTESIAN_POINT('',(156.4,-101.825,0.75));
#3332 = CIRCLE('',#3333,0.225);
#3333 = AXIS2_PLACEMENT_3D('',#3334,#3335,#3336);
#3334 = CARTESIAN_POINT('',(156.4,-101.6,0.75));
#3335 = DIRECTION('',(-0.,0.,-1.));
#3336 = DIRECTION('',(-0.,-1.,0.));
#3337 = PLANE('',#3338);
#3338 = AXIS2_PLACEMENT_3D('',#3339,#3340,#3341);
#3339 = CARTESIAN_POINT('',(0.,0.,0.75));
#3340 = DIRECTION('',(0.,0.,1.));
#3341 = DIRECTION('',(1.,0.,-0.));
#3342 = ADVANCED_FACE('',(#3343),#3354,.F.);
#3343 = FACE_BOUND('',#3344,.T.);
#3344 = EDGE_LOOP('',(#3345,#3346,#3352,#3353));
#3345 = ORIENTED_EDGE('',*,*,#3309,.T.);
#3346 = ORIENTED_EDGE('',*,*,#3347,.T.);
#3347 = EDGE_CURVE('',#3310,#3330,#3348,.T.);
#3348 = LINE('',#3349,#3350);
#3349 = CARTESIAN_POINT('',(156.4,-101.825,-4.6E-02));
#3350 = VECTOR('',#3351,1.);
#3351 = DIRECTION('',(0.,0.,1.));
#3352 = ORIENTED_EDGE('',*,*,#3329,.F.);
#3353 = ORIENTED_EDGE('',*,*,#3347,.F.);
#3354 = CYLINDRICAL_SURFACE('',#3355,0.225);
#3355 = AXIS2_PLACEMENT_3D('',#3356,#3357,#3358);
#3356 = CARTESIAN_POINT('',(156.4,-101.6,-4.6E-02));
#3357 = DIRECTION('',(-0.,-0.,-1.));
#3358 = DIRECTION('',(-0.,-1.,0.));
#3359 = MANIFOLD_SOLID_BREP('',#3360);
#3360 = CLOSED_SHELL('',(#3361,#3394,#3414,#3434));
#3361 = ADVANCED_FACE('',(#3362),#3389,.T.);
#3362 = FACE_BOUND('',#3363,.T.);
#3363 = EDGE_LOOP('',(#3364,#3374,#3381,#3382));
#3364 = ORIENTED_EDGE('',*,*,#3365,.T.);
#3365 = EDGE_CURVE('',#3366,#3368,#3370,.T.);
#3366 = VERTEX_POINT('',#3367);
#3367 = CARTESIAN_POINT('',(156.9,-101.6,0.));
#3368 = VERTEX_POINT('',#3369);
#3369 = CARTESIAN_POINT('',(156.9,-101.6,-4.E-02));
#3370 = LINE('',#3371,#3372);
#3371 = CARTESIAN_POINT('',(156.9,-101.6,0.));
#3372 = VECTOR('',#3373,1.);
#3373 = DIRECTION('',(0.,0.,-1.));
#3374 = ORIENTED_EDGE('',*,*,#3375,.T.);
#3375 = EDGE_CURVE('',#3368,#3368,#3376,.T.);
#3376 = CIRCLE('',#3377,0.5);
#3377 = AXIS2_PLACEMENT_3D('',#3378,#3379,#3380);
#3378 = CARTESIAN_POINT('',(156.4,-101.6,-4.E-02));
#3379 = DIRECTION('',(0.,0.,1.));
#3380 = DIRECTION('',(1.,0.,-0.));
#3381 = ORIENTED_EDGE('',*,*,#3365,.F.);
#3382 = ORIENTED_EDGE('',*,*,#3383,.F.);
#3383 = EDGE_CURVE('',#3366,#3366,#3384,.T.);
#3384 = CIRCLE('',#3385,0.5);
#3385 = AXIS2_PLACEMENT_3D('',#3386,#3387,#3388);
#3386 = CARTESIAN_POINT('',(156.4,-101.6,0.));
#3387 = DIRECTION('',(0.,0.,1.));
#3388 = DIRECTION('',(1.,0.,-0.));
#3389 = CYLINDRICAL_SURFACE('',#3390,0.5);
#3390 = AXIS2_PLACEMENT_3D('',#3391,#3392,#3393);
#3391 = CARTESIAN_POINT('',(156.4,-101.6,0.));
#3392 = DIRECTION('',(0.,0.,1.));
#3393 = DIRECTION('',(1.,0.,-0.));
#3394 = ADVANCED_FACE('',(#3395,#3398),#3409,.F.);
#3395 = FACE_BOUND('',#3396,.F.);
#3396 = EDGE_LOOP('',(#3397));
#3397 = ORIENTED_EDGE('',*,*,#3383,.F.);
#3398 = FACE_BOUND('',#3399,.F.);
#3399 = EDGE_LOOP('',(#3400));
#3400 = ORIENTED_EDGE('',*,*,#3401,.F.);
#3401 = EDGE_CURVE('',#3402,#3402,#3404,.T.);
#3402 = VERTEX_POINT('',#3403);
#3403 = CARTESIAN_POINT('',(156.4,-101.825,0.));
#3404 = CIRCLE('',#3405,0.225);
#3405 = AXIS2_PLACEMENT_3D('',#3406,#3407,#3408);
#3406 = CARTESIAN_POINT('',(156.4,-101.6,0.));
#3407 = DIRECTION('',(-0.,0.,-1.));
#3408 = DIRECTION('',(-0.,-1.,0.));
#3409 = PLANE('',#3410);
#3410 = AXIS2_PLACEMENT_3D('',#3411,#3412,#3413);
#3411 = CARTESIAN_POINT('',(0.,0.,0.));
#3412 = DIRECTION('',(-0.,-0.,-1.));
#3413 = DIRECTION('',(-1.,0.,0.));
#3414 = ADVANCED_FACE('',(#3415,#3418),#3429,.T.);
#3415 = FACE_BOUND('',#3416,.T.);
#3416 = EDGE_LOOP('',(#3417));
#3417 = ORIENTED_EDGE('',*,*,#3375,.F.);
#3418 = FACE_BOUND('',#3419,.T.);
#3419 = EDGE_LOOP('',(#3420));
#3420 = ORIENTED_EDGE('',*,*,#3421,.F.);
#3421 = EDGE_CURVE('',#3422,#3422,#3424,.T.);
#3422 = VERTEX_POINT('',#3423);
#3423 = CARTESIAN_POINT('',(156.4,-101.825,-4.E-02));
#3424 = CIRCLE('',#3425,0.225);
#3425 = AXIS2_PLACEMENT_3D('',#3426,#3427,#3428);
#3426 = CARTESIAN_POINT('',(156.4,-101.6,-4.E-02));
#3427 = DIRECTION('',(-0.,0.,-1.));
#3428 = DIRECTION('',(-0.,-1.,0.));
#3429 = PLANE('',#3430);
#3430 = AXIS2_PLACEMENT_3D('',#3431,#3432,#3433);
#3431 = CARTESIAN_POINT('',(0.,0.,-4.E-02));
#3432 = DIRECTION('',(-0.,-0.,-1.));
#3433 = DIRECTION('',(-1.,0.,0.));
#3434 = ADVANCED_FACE('',(#3435),#3446,.F.);
#3435 = FACE_BOUND('',#3436,.T.);
#3436 = EDGE_LOOP('',(#3437,#3438,#3444,#3445));
#3437 = ORIENTED_EDGE('',*,*,#3421,.T.);
#3438 = ORIENTED_EDGE('',*,*,#3439,.T.);
#3439 = EDGE_CURVE('',#3422,#3402,#3440,.T.);
#3440 = LINE('',#3441,#3442);
#3441 = CARTESIAN_POINT('',(156.4,-101.825,-4.6E-02));
#3442 = VECTOR('',#3443,1.);
#3443 = DIRECTION('',(0.,0.,1.));
#3444 = ORIENTED_EDGE('',*,*,#3401,.F.);
#3445 = ORIENTED_EDGE('',*,*,#3439,.F.);
#3446 = CYLINDRICAL_SURFACE('',#3447,0.225);
#3447 = AXIS2_PLACEMENT_3D('',#3448,#3449,#3450);
#3448 = CARTESIAN_POINT('',(156.4,-101.6,-4.6E-02));
#3449 = DIRECTION('',(-0.,-0.,-1.));
#3450 = DIRECTION('',(-0.,-1.,0.));
#3451 = MANIFOLD_SOLID_BREP('',#3452);
#3452 = CLOSED_SHELL('',(#3453,#3486,#3506,#3526));
#3453 = ADVANCED_FACE('',(#3454),#3481,.T.);
#3454 = FACE_BOUND('',#3455,.F.);
#3455 = EDGE_LOOP('',(#3456,#3466,#3473,#3474));
#3456 = ORIENTED_EDGE('',*,*,#3457,.T.);
#3457 = EDGE_CURVE('',#3458,#3460,#3462,.T.);
#3458 = VERTEX_POINT('',#3459);
#3459 = CARTESIAN_POINT('',(156.4,-101.85,-3.5E-02));
#3460 = VERTEX_POINT('',#3461);
#3461 = CARTESIAN_POINT('',(156.4,-101.85,0.745));
#3462 = LINE('',#3463,#3464);
#3463 = CARTESIAN_POINT('',(156.4,-101.85,-3.5E-02));
#3464 = VECTOR('',#3465,1.);
#3465 = DIRECTION('',(0.,0.,1.));
#3466 = ORIENTED_EDGE('',*,*,#3467,.T.);
#3467 = EDGE_CURVE('',#3460,#3460,#3468,.T.);
#3468 = CIRCLE('',#3469,0.25);
#3469 = AXIS2_PLACEMENT_3D('',#3470,#3471,#3472);
#3470 = CARTESIAN_POINT('',(156.4,-101.6,0.745));
#3471 = DIRECTION('',(0.,0.,1.));
#3472 = DIRECTION('',(-0.,-1.,0.));
#3473 = ORIENTED_EDGE('',*,*,#3457,.F.);
#3474 = ORIENTED_EDGE('',*,*,#3475,.F.);
#3475 = EDGE_CURVE('',#3458,#3458,#3476,.T.);
#3476 = CIRCLE('',#3477,0.25);
#3477 = AXIS2_PLACEMENT_3D('',#3478,#3479,#3480);
#3478 = CARTESIAN_POINT('',(156.4,-101.6,-3.5E-02));
#3479 = DIRECTION('',(0.,0.,1.));
#3480 = DIRECTION('',(-0.,-1.,0.));
#3481 = CYLINDRICAL_SURFACE('',#3482,0.25);
#3482 = AXIS2_PLACEMENT_3D('',#3483,#3484,#3485);
#3483 = CARTESIAN_POINT('',(156.4,-101.6,-3.5E-02));
#3484 = DIRECTION('',(-0.,-0.,-1.));
#3485 = DIRECTION('',(-0.,-1.,0.));
#3486 = ADVANCED_FACE('',(#3487,#3490),#3501,.F.);
#3487 = FACE_BOUND('',#3488,.F.);
#3488 = EDGE_LOOP('',(#3489));
#3489 = ORIENTED_EDGE('',*,*,#3475,.T.);
#3490 = FACE_BOUND('',#3491,.F.);
#3491 = EDGE_LOOP('',(#3492));
#3492 = ORIENTED_EDGE('',*,*,#3493,.T.);
#3493 = EDGE_CURVE('',#3494,#3494,#3496,.T.);
#3494 = VERTEX_POINT('',#3495);
#3495 = CARTESIAN_POINT('',(156.4,-101.825,-3.5E-02));
#3496 = CIRCLE('',#3497,0.225);
#3497 = AXIS2_PLACEMENT_3D('',#3498,#3499,#3500);
#3498 = CARTESIAN_POINT('',(156.4,-101.6,-3.5E-02));
#3499 = DIRECTION('',(-0.,0.,-1.));
#3500 = DIRECTION('',(-0.,-1.,0.));
#3501 = PLANE('',#3502);
#3502 = AXIS2_PLACEMENT_3D('',#3503,#3504,#3505);
#3503 = CARTESIAN_POINT('',(156.4,-101.85,-3.5E-02));
#3504 = DIRECTION('',(0.,0.,1.));
#3505 = DIRECTION('',(1.,0.,-0.));
#3506 = ADVANCED_FACE('',(#3507,#3510),#3521,.T.);
#3507 = FACE_BOUND('',#3508,.T.);
#3508 = EDGE_LOOP('',(#3509));
#3509 = ORIENTED_EDGE('',*,*,#3467,.T.);
#3510 = FACE_BOUND('',#3511,.T.);
#3511 = EDGE_LOOP('',(#3512));
#3512 = ORIENTED_EDGE('',*,*,#3513,.T.);
#3513 = EDGE_CURVE('',#3514,#3514,#3516,.T.);
#3514 = VERTEX_POINT('',#3515);
#3515 = CARTESIAN_POINT('',(156.4,-101.825,0.745));
#3516 = CIRCLE('',#3517,0.225);
#3517 = AXIS2_PLACEMENT_3D('',#3518,#3519,#3520);
#3518 = CARTESIAN_POINT('',(156.4,-101.6,0.745));
#3519 = DIRECTION('',(-0.,0.,-1.));
#3520 = DIRECTION('',(-0.,-1.,0.));
#3521 = PLANE('',#3522);
#3522 = AXIS2_PLACEMENT_3D('',#3523,#3524,#3525);
#3523 = CARTESIAN_POINT('',(156.4,-101.85,0.745));
#3524 = DIRECTION('',(0.,0.,1.));
#3525 = DIRECTION('',(1.,0.,-0.));
#3526 = ADVANCED_FACE('',(#3527),#3538,.F.);
#3527 = FACE_BOUND('',#3528,.T.);
#3528 = EDGE_LOOP('',(#3529,#3530,#3536,#3537));
#3529 = ORIENTED_EDGE('',*,*,#3493,.T.);
#3530 = ORIENTED_EDGE('',*,*,#3531,.T.);
#3531 = EDGE_CURVE('',#3494,#3514,#3532,.T.);
#3532 = LINE('',#3533,#3534);
#3533 = CARTESIAN_POINT('',(156.4,-101.825,-4.6E-02));
#3534 = VECTOR('',#3535,1.);
#3535 = DIRECTION('',(0.,0.,1.));
#3536 = ORIENTED_EDGE('',*,*,#3513,.F.);
#3537 = ORIENTED_EDGE('',*,*,#3531,.F.);
#3538 = CYLINDRICAL_SURFACE('',#3539,0.225);
#3539 = AXIS2_PLACEMENT_3D('',#3540,#3541,#3542);
#3540 = CARTESIAN_POINT('',(156.4,-101.6,-4.6E-02));
#3541 = DIRECTION('',(-0.,-0.,-1.));
#3542 = DIRECTION('',(-0.,-1.,0.));
#3543 = MANIFOLD_SOLID_BREP('',#3544);
#3544 = CLOSED_SHELL('',(#3545,#3587,#3618,#3649,#3712,#3764,#3781,#3798
    ,#3815,#3832,#3844,#3869));
#3545 = ADVANCED_FACE('',(#3546),#3582,.T.);
#3546 = FACE_BOUND('',#3547,.F.);
#3547 = EDGE_LOOP('',(#3548,#3558,#3567,#3575));
#3548 = ORIENTED_EDGE('',*,*,#3549,.T.);
#3549 = EDGE_CURVE('',#3550,#3552,#3554,.T.);
#3550 = VERTEX_POINT('',#3551);
#3551 = CARTESIAN_POINT('',(157.64,-101.39,0.));
#3552 = VERTEX_POINT('',#3553);
#3553 = CARTESIAN_POINT('',(157.64,-101.39,-4.E-02));
#3554 = LINE('',#3555,#3556);
#3555 = CARTESIAN_POINT('',(157.64,-101.39,0.));
#3556 = VECTOR('',#3557,1.);
#3557 = DIRECTION('',(0.,0.,-1.));
#3558 = ORIENTED_EDGE('',*,*,#3559,.T.);
#3559 = EDGE_CURVE('',#3552,#3560,#3562,.T.);
#3560 = VERTEX_POINT('',#3561);
#3561 = CARTESIAN_POINT('',(157.78,-101.25,-4.E-02));
#3562 = CIRCLE('',#3563,0.139999827125);
#3563 = AXIS2_PLACEMENT_3D('',#3564,#3565,#3566);
#3564 = CARTESIAN_POINT('',(157.77999982712,-101.3899998271,-4.E-02));
#3565 = DIRECTION('',(0.,0.,-1.));
#3566 = DIRECTION('',(-0.999999999999,-1.234820248241E-06,-0.));
#3567 = ORIENTED_EDGE('',*,*,#3568,.F.);
#3568 = EDGE_CURVE('',#3569,#3560,#3571,.T.);
#3569 = VERTEX_POINT('',#3570);
#3570 = CARTESIAN_POINT('',(157.78,-101.25,0.));
#3571 = LINE('',#3572,#3573);
#3572 = CARTESIAN_POINT('',(157.78,-101.25,0.));
#3573 = VECTOR('',#3574,1.);
#3574 = DIRECTION('',(0.,0.,-1.));
#3575 = ORIENTED_EDGE('',*,*,#3576,.F.);
#3576 = EDGE_CURVE('',#3550,#3569,#3577,.T.);
#3577 = CIRCLE('',#3578,0.139999827125);
#3578 = AXIS2_PLACEMENT_3D('',#3579,#3580,#3581);
#3579 = CARTESIAN_POINT('',(157.77999982712,-101.3899998271,0.));
#3580 = DIRECTION('',(0.,0.,-1.));
#3581 = DIRECTION('',(-0.999999999999,-1.234820248241E-06,-0.));
#3582 = CYLINDRICAL_SURFACE('',#3583,0.139999827125);
#3583 = AXIS2_PLACEMENT_3D('',#3584,#3585,#3586);
#3584 = CARTESIAN_POINT('',(157.77999982712,-101.3899998271,0.));
#3585 = DIRECTION('',(-0.,-0.,1.));
#3586 = DIRECTION('',(-0.999999999999,-1.234820248241E-06,-0.));
#3587 = ADVANCED_FACE('',(#3588),#3613,.F.);
#3588 = FACE_BOUND('',#3589,.F.);
#3589 = EDGE_LOOP('',(#3590,#3600,#3606,#3607));
#3590 = ORIENTED_EDGE('',*,*,#3591,.T.);
#3591 = EDGE_CURVE('',#3592,#3594,#3596,.T.);
#3592 = VERTEX_POINT('',#3593);
#3593 = CARTESIAN_POINT('',(157.64,-101.67,0.));
#3594 = VERTEX_POINT('',#3595);
#3595 = CARTESIAN_POINT('',(157.64,-101.67,-4.E-02));
#3596 = LINE('',#3597,#3598);
#3597 = CARTESIAN_POINT('',(157.64,-101.67,0.));
#3598 = VECTOR('',#3599,1.);
#3599 = DIRECTION('',(0.,0.,-1.));
#3600 = ORIENTED_EDGE('',*,*,#3601,.T.);
#3601 = EDGE_CURVE('',#3594,#3552,#3602,.T.);
#3602 = LINE('',#3603,#3604);
#3603 = CARTESIAN_POINT('',(157.64,-101.67,-4.E-02));
#3604 = VECTOR('',#3605,1.);
#3605 = DIRECTION('',(0.,1.,0.));
#3606 = ORIENTED_EDGE('',*,*,#3549,.F.);
#3607 = ORIENTED_EDGE('',*,*,#3608,.F.);
#3608 = EDGE_CURVE('',#3592,#3550,#3609,.T.);
#3609 = LINE('',#3610,#3611);
#3610 = CARTESIAN_POINT('',(157.64,-101.67,0.));
#3611 = VECTOR('',#3612,1.);
#3612 = DIRECTION('',(0.,1.,0.));
#3613 = PLANE('',#3614);
#3614 = AXIS2_PLACEMENT_3D('',#3615,#3616,#3617);
#3615 = CARTESIAN_POINT('',(157.64,-101.67,0.));
#3616 = DIRECTION('',(1.,-0.,0.));
#3617 = DIRECTION('',(0.,1.,0.));
#3618 = ADVANCED_FACE('',(#3619),#3644,.F.);
#3619 = FACE_BOUND('',#3620,.F.);
#3620 = EDGE_LOOP('',(#3621,#3622,#3630,#3638));
#3621 = ORIENTED_EDGE('',*,*,#3568,.T.);
#3622 = ORIENTED_EDGE('',*,*,#3623,.T.);
#3623 = EDGE_CURVE('',#3560,#3624,#3626,.T.);
#3624 = VERTEX_POINT('',#3625);
#3625 = CARTESIAN_POINT('',(158.12,-101.25,-4.E-02));
#3626 = LINE('',#3627,#3628);
#3627 = CARTESIAN_POINT('',(157.78,-101.25,-4.E-02));
#3628 = VECTOR('',#3629,1.);
#3629 = DIRECTION('',(1.,0.,0.));
#3630 = ORIENTED_EDGE('',*,*,#3631,.F.);
#3631 = EDGE_CURVE('',#3632,#3624,#3634,.T.);
#3632 = VERTEX_POINT('',#3633);
#3633 = CARTESIAN_POINT('',(158.12,-101.25,0.));
#3634 = LINE('',#3635,#3636);
#3635 = CARTESIAN_POINT('',(158.12,-101.25,0.));
#3636 = VECTOR('',#3637,1.);
#3637 = DIRECTION('',(0.,0.,-1.));
#3638 = ORIENTED_EDGE('',*,*,#3639,.F.);
#3639 = EDGE_CURVE('',#3569,#3632,#3640,.T.);
#3640 = LINE('',#3641,#3642);
#3641 = CARTESIAN_POINT('',(157.78,-101.25,0.));
#3642 = VECTOR('',#3643,1.);
#3643 = DIRECTION('',(1.,0.,0.));
#3644 = PLANE('',#3645);
#3645 = AXIS2_PLACEMENT_3D('',#3646,#3647,#3648);
#3646 = CARTESIAN_POINT('',(157.78,-101.25,0.));
#3647 = DIRECTION('',(0.,-1.,0.));
#3648 = DIRECTION('',(1.,0.,0.));
#3649 = ADVANCED_FACE('',(#3650,#3696),#3707,.F.);
#3650 = FACE_BOUND('',#3651,.F.);
#3651 = EDGE_LOOP('',(#3652,#3653,#3654,#3663,#3671,#3680,#3688,#3695));
#3652 = ORIENTED_EDGE('',*,*,#3576,.T.);
#3653 = ORIENTED_EDGE('',*,*,#3639,.T.);
#3654 = ORIENTED_EDGE('',*,*,#3655,.T.);
#3655 = EDGE_CURVE('',#3632,#3656,#3658,.T.);
#3656 = VERTEX_POINT('',#3657);
#3657 = CARTESIAN_POINT('',(158.26,-101.39,0.));
#3658 = CIRCLE('',#3659,0.139999827125);
#3659 = AXIS2_PLACEMENT_3D('',#3660,#3661,#3662);
#3660 = CARTESIAN_POINT('',(158.12000017287,-101.3899998271,0.));
#3661 = DIRECTION('',(0.,0.,-1.));
#3662 = DIRECTION('',(-1.234820451254E-06,0.999999999999,0.));
#3663 = ORIENTED_EDGE('',*,*,#3664,.T.);
#3664 = EDGE_CURVE('',#3656,#3665,#3667,.T.);
#3665 = VERTEX_POINT('',#3666);
#3666 = CARTESIAN_POINT('',(158.26,-101.67,0.));
#3667 = LINE('',#3668,#3669);
#3668 = CARTESIAN_POINT('',(158.26,-101.39,0.));
#3669 = VECTOR('',#3670,1.);
#3670 = DIRECTION('',(0.,-1.,0.));
#3671 = ORIENTED_EDGE('',*,*,#3672,.T.);
#3672 = EDGE_CURVE('',#3665,#3673,#3675,.T.);
#3673 = VERTEX_POINT('',#3674);
#3674 = CARTESIAN_POINT('',(158.12,-101.81,0.));
#3675 = CIRCLE('',#3676,0.139999827125);
#3676 = AXIS2_PLACEMENT_3D('',#3677,#3678,#3679);
#3677 = CARTESIAN_POINT('',(158.12000017287,-101.6700001728,0.));
#3678 = DIRECTION('',(0.,0.,-1.));
#3679 = DIRECTION('',(0.999999999999,1.23482055276E-06,0.));
#3680 = ORIENTED_EDGE('',*,*,#3681,.T.);
#3681 = EDGE_CURVE('',#3673,#3682,#3684,.T.);
#3682 = VERTEX_POINT('',#3683);
#3683 = CARTESIAN_POINT('',(157.78,-101.81,0.));
#3684 = LINE('',#3685,#3686);
#3685 = CARTESIAN_POINT('',(158.12,-101.81,0.));
#3686 = VECTOR('',#3687,1.);
#3687 = DIRECTION('',(-1.,0.,0.));
#3688 = ORIENTED_EDGE('',*,*,#3689,.T.);
#3689 = EDGE_CURVE('',#3682,#3592,#3690,.T.);
#3690 = CIRCLE('',#3691,0.139999827125);
#3691 = AXIS2_PLACEMENT_3D('',#3692,#3693,#3694);
#3692 = CARTESIAN_POINT('',(157.77999982712,-101.6700001728,0.));
#3693 = DIRECTION('',(0.,0.,-1.));
#3694 = DIRECTION('',(1.234820248241E-06,-0.999999999999,0.));
#3695 = ORIENTED_EDGE('',*,*,#3608,.T.);
#3696 = FACE_BOUND('',#3697,.F.);
#3697 = EDGE_LOOP('',(#3698));
#3698 = ORIENTED_EDGE('',*,*,#3699,.F.);
#3699 = EDGE_CURVE('',#3700,#3700,#3702,.T.);
#3700 = VERTEX_POINT('',#3701);
#3701 = CARTESIAN_POINT('',(157.95,-101.605,0.));
#3702 = CIRCLE('',#3703,7.500000000002E-02);
#3703 = AXIS2_PLACEMENT_3D('',#3704,#3705,#3706);
#3704 = CARTESIAN_POINT('',(157.95,-101.53,0.));
#3705 = DIRECTION('',(-0.,0.,-1.));
#3706 = DIRECTION('',(-0.,-1.,0.));
#3707 = PLANE('',#3708);
#3708 = AXIS2_PLACEMENT_3D('',#3709,#3710,#3711);
#3709 = CARTESIAN_POINT('',(0.,0.,0.));
#3710 = DIRECTION('',(-0.,-0.,-1.));
#3711 = DIRECTION('',(-1.,0.,0.));
#3712 = ADVANCED_FACE('',(#3713),#3759,.T.);
#3713 = FACE_BOUND('',#3714,.T.);
#3714 = EDGE_LOOP('',(#3715,#3716,#3717,#3726,#3734,#3743,#3751,#3758));
#3715 = ORIENTED_EDGE('',*,*,#3559,.T.);
#3716 = ORIENTED_EDGE('',*,*,#3623,.T.);
#3717 = ORIENTED_EDGE('',*,*,#3718,.T.);
#3718 = EDGE_CURVE('',#3624,#3719,#3721,.T.);
#3719 = VERTEX_POINT('',#3720);
#3720 = CARTESIAN_POINT('',(158.26,-101.39,-4.E-02));
#3721 = CIRCLE('',#3722,0.139999827125);
#3722 = AXIS2_PLACEMENT_3D('',#3723,#3724,#3725);
#3723 = CARTESIAN_POINT('',(158.12000017287,-101.3899998271,-4.E-02));
#3724 = DIRECTION('',(0.,0.,-1.));
#3725 = DIRECTION('',(-1.234820451254E-06,0.999999999999,0.));
#3726 = ORIENTED_EDGE('',*,*,#3727,.T.);
#3727 = EDGE_CURVE('',#3719,#3728,#3730,.T.);
#3728 = VERTEX_POINT('',#3729);
#3729 = CARTESIAN_POINT('',(158.26,-101.67,-4.E-02));
#3730 = LINE('',#3731,#3732);
#3731 = CARTESIAN_POINT('',(158.26,-101.39,-4.E-02));
#3732 = VECTOR('',#3733,1.);
#3733 = DIRECTION('',(0.,-1.,0.));
#3734 = ORIENTED_EDGE('',*,*,#3735,.T.);
#3735 = EDGE_CURVE('',#3728,#3736,#3738,.T.);
#3736 = VERTEX_POINT('',#3737);
#3737 = CARTESIAN_POINT('',(158.12,-101.81,-4.E-02));
#3738 = CIRCLE('',#3739,0.139999827125);
#3739 = AXIS2_PLACEMENT_3D('',#3740,#3741,#3742);
#3740 = CARTESIAN_POINT('',(158.12000017287,-101.6700001728,-4.E-02));
#3741 = DIRECTION('',(0.,0.,-1.));
#3742 = DIRECTION('',(0.999999999999,1.23482055276E-06,0.));
#3743 = ORIENTED_EDGE('',*,*,#3744,.T.);
#3744 = EDGE_CURVE('',#3736,#3745,#3747,.T.);
#3745 = VERTEX_POINT('',#3746);
#3746 = CARTESIAN_POINT('',(157.78,-101.81,-4.E-02));
#3747 = LINE('',#3748,#3749);
#3748 = CARTESIAN_POINT('',(158.12,-101.81,-4.E-02));
#3749 = VECTOR('',#3750,1.);
#3750 = DIRECTION('',(-1.,0.,0.));
#3751 = ORIENTED_EDGE('',*,*,#3752,.T.);
#3752 = EDGE_CURVE('',#3745,#3594,#3753,.T.);
#3753 = CIRCLE('',#3754,0.139999827125);
#3754 = AXIS2_PLACEMENT_3D('',#3755,#3756,#3757);
#3755 = CARTESIAN_POINT('',(157.77999982712,-101.6700001728,-4.E-02));
#3756 = DIRECTION('',(0.,0.,-1.));
#3757 = DIRECTION('',(1.234820248241E-06,-0.999999999999,0.));
#3758 = ORIENTED_EDGE('',*,*,#3601,.T.);
#3759 = PLANE('',#3760);
#3760 = AXIS2_PLACEMENT_3D('',#3761,#3762,#3763);
#3761 = CARTESIAN_POINT('',(0.,0.,-4.E-02));
#3762 = DIRECTION('',(-0.,-0.,-1.));
#3763 = DIRECTION('',(-1.,0.,0.));
#3764 = ADVANCED_FACE('',(#3765),#3776,.T.);
#3765 = FACE_BOUND('',#3766,.F.);
#3766 = EDGE_LOOP('',(#3767,#3773,#3774,#3775));
#3767 = ORIENTED_EDGE('',*,*,#3768,.T.);
#3768 = EDGE_CURVE('',#3682,#3745,#3769,.T.);
#3769 = LINE('',#3770,#3771);
#3770 = CARTESIAN_POINT('',(157.78,-101.81,0.));
#3771 = VECTOR('',#3772,1.);
#3772 = DIRECTION('',(0.,0.,-1.));
#3773 = ORIENTED_EDGE('',*,*,#3752,.T.);
#3774 = ORIENTED_EDGE('',*,*,#3591,.F.);
#3775 = ORIENTED_EDGE('',*,*,#3689,.F.);
#3776 = CYLINDRICAL_SURFACE('',#3777,0.139999827125);
#3777 = AXIS2_PLACEMENT_3D('',#3778,#3779,#3780);
#3778 = CARTESIAN_POINT('',(157.77999982712,-101.6700001728,0.));
#3779 = DIRECTION('',(-0.,-0.,1.));
#3780 = DIRECTION('',(1.234820248241E-06,-0.999999999999,0.));
#3781 = ADVANCED_FACE('',(#3782),#3793,.T.);
#3782 = FACE_BOUND('',#3783,.F.);
#3783 = EDGE_LOOP('',(#3784,#3785,#3786,#3792));
#3784 = ORIENTED_EDGE('',*,*,#3631,.T.);
#3785 = ORIENTED_EDGE('',*,*,#3718,.T.);
#3786 = ORIENTED_EDGE('',*,*,#3787,.F.);
#3787 = EDGE_CURVE('',#3656,#3719,#3788,.T.);
#3788 = LINE('',#3789,#3790);
#3789 = CARTESIAN_POINT('',(158.26,-101.39,0.));
#3790 = VECTOR('',#3791,1.);
#3791 = DIRECTION('',(0.,0.,-1.));
#3792 = ORIENTED_EDGE('',*,*,#3655,.F.);
#3793 = CYLINDRICAL_SURFACE('',#3794,0.139999827125);
#3794 = AXIS2_PLACEMENT_3D('',#3795,#3796,#3797);
#3795 = CARTESIAN_POINT('',(158.12000017287,-101.3899998271,0.));
#3796 = DIRECTION('',(-0.,-0.,1.));
#3797 = DIRECTION('',(-1.234820451254E-06,0.999999999999,0.));
#3798 = ADVANCED_FACE('',(#3799),#3810,.F.);
#3799 = FACE_BOUND('',#3800,.F.);
#3800 = EDGE_LOOP('',(#3801,#3807,#3808,#3809));
#3801 = ORIENTED_EDGE('',*,*,#3802,.T.);
#3802 = EDGE_CURVE('',#3673,#3736,#3803,.T.);
#3803 = LINE('',#3804,#3805);
#3804 = CARTESIAN_POINT('',(158.12,-101.81,0.));
#3805 = VECTOR('',#3806,1.);
#3806 = DIRECTION('',(0.,0.,-1.));
#3807 = ORIENTED_EDGE('',*,*,#3744,.T.);
#3808 = ORIENTED_EDGE('',*,*,#3768,.F.);
#3809 = ORIENTED_EDGE('',*,*,#3681,.F.);
#3810 = PLANE('',#3811);
#3811 = AXIS2_PLACEMENT_3D('',#3812,#3813,#3814);
#3812 = CARTESIAN_POINT('',(158.12,-101.81,0.));
#3813 = DIRECTION('',(0.,1.,0.));
#3814 = DIRECTION('',(-1.,0.,0.));
#3815 = ADVANCED_FACE('',(#3816),#3827,.F.);
#3816 = FACE_BOUND('',#3817,.F.);
#3817 = EDGE_LOOP('',(#3818,#3819,#3820,#3826));
#3818 = ORIENTED_EDGE('',*,*,#3787,.T.);
#3819 = ORIENTED_EDGE('',*,*,#3727,.T.);
#3820 = ORIENTED_EDGE('',*,*,#3821,.F.);
#3821 = EDGE_CURVE('',#3665,#3728,#3822,.T.);
#3822 = LINE('',#3823,#3824);
#3823 = CARTESIAN_POINT('',(158.26,-101.67,0.));
#3824 = VECTOR('',#3825,1.);
#3825 = DIRECTION('',(0.,0.,-1.));
#3826 = ORIENTED_EDGE('',*,*,#3664,.F.);
#3827 = PLANE('',#3828);
#3828 = AXIS2_PLACEMENT_3D('',#3829,#3830,#3831);
#3829 = CARTESIAN_POINT('',(158.26,-101.39,0.));
#3830 = DIRECTION('',(-1.,-0.,-0.));
#3831 = DIRECTION('',(0.,-1.,0.));
#3832 = ADVANCED_FACE('',(#3833),#3839,.T.);
#3833 = FACE_BOUND('',#3834,.F.);
#3834 = EDGE_LOOP('',(#3835,#3836,#3837,#3838));
#3835 = ORIENTED_EDGE('',*,*,#3821,.T.);
#3836 = ORIENTED_EDGE('',*,*,#3735,.T.);
#3837 = ORIENTED_EDGE('',*,*,#3802,.F.);
#3838 = ORIENTED_EDGE('',*,*,#3672,.F.);
#3839 = CYLINDRICAL_SURFACE('',#3840,0.139999827125);
#3840 = AXIS2_PLACEMENT_3D('',#3841,#3842,#3843);
#3841 = CARTESIAN_POINT('',(158.12000017287,-101.6700001728,0.));
#3842 = DIRECTION('',(-0.,-0.,1.));
#3843 = DIRECTION('',(0.999999999999,1.23482055276E-06,0.));
#3844 = ADVANCED_FACE('',(#3845),#3864,.F.);
#3845 = FACE_BOUND('',#3846,.T.);
#3846 = EDGE_LOOP('',(#3847,#3856,#3862,#3863));
#3847 = ORIENTED_EDGE('',*,*,#3848,.F.);
#3848 = EDGE_CURVE('',#3849,#3849,#3851,.T.);
#3849 = VERTEX_POINT('',#3850);
#3850 = CARTESIAN_POINT('',(157.95,-101.605,-3.6E-02));
#3851 = CIRCLE('',#3852,7.500000000002E-02);
#3852 = AXIS2_PLACEMENT_3D('',#3853,#3854,#3855);
#3853 = CARTESIAN_POINT('',(157.95,-101.53,-3.6E-02));
#3854 = DIRECTION('',(0.,0.,1.));
#3855 = DIRECTION('',(-0.,-1.,0.));
#3856 = ORIENTED_EDGE('',*,*,#3857,.T.);
#3857 = EDGE_CURVE('',#3849,#3700,#3858,.T.);
#3858 = LINE('',#3859,#3860);
#3859 = CARTESIAN_POINT('',(157.95,-101.605,-3.6E-02));
#3860 = VECTOR('',#3861,1.);
#3861 = DIRECTION('',(0.,0.,1.));
#3862 = ORIENTED_EDGE('',*,*,#3699,.F.);
#3863 = ORIENTED_EDGE('',*,*,#3857,.F.);
#3864 = CYLINDRICAL_SURFACE('',#3865,7.500000000002E-02);
#3865 = AXIS2_PLACEMENT_3D('',#3866,#3867,#3868);
#3866 = CARTESIAN_POINT('',(157.95,-101.53,-3.6E-02));
#3867 = DIRECTION('',(-0.,-0.,-1.));
#3868 = DIRECTION('',(-0.,-1.,0.));
#3869 = ADVANCED_FACE('',(#3870),#3873,.T.);
#3870 = FACE_BOUND('',#3871,.T.);
#3871 = EDGE_LOOP('',(#3872));
#3872 = ORIENTED_EDGE('',*,*,#3848,.T.);
#3873 = PLANE('',#3874);
#3874 = AXIS2_PLACEMENT_3D('',#3875,#3876,#3877);
#3875 = CARTESIAN_POINT('',(157.95,-101.605,-3.6E-02));
#3876 = DIRECTION('',(0.,0.,1.));
#3877 = DIRECTION('',(1.,0.,-0.));
#3878 = MANIFOLD_SOLID_BREP('',#3879);
#3879 = CLOSED_SHELL('',(#3880,#3922,#3953,#3986,#4017,#4050,#4081,#4114
    ,#4136,#4152));
#3880 = ADVANCED_FACE('',(#3881),#3917,.T.);
#3881 = FACE_BOUND('',#3882,.F.);
#3882 = EDGE_LOOP('',(#3883,#3893,#3902,#3910));
#3883 = ORIENTED_EDGE('',*,*,#3884,.T.);
#3884 = EDGE_CURVE('',#3885,#3887,#3889,.T.);
#3885 = VERTEX_POINT('',#3886);
#3886 = CARTESIAN_POINT('',(157.64,-100.43,0.));
#3887 = VERTEX_POINT('',#3888);
#3888 = CARTESIAN_POINT('',(157.64,-100.43,-4.E-02));
#3889 = LINE('',#3890,#3891);
#3890 = CARTESIAN_POINT('',(157.64,-100.43,0.));
#3891 = VECTOR('',#3892,1.);
#3892 = DIRECTION('',(0.,0.,-1.));
#3893 = ORIENTED_EDGE('',*,*,#3894,.T.);
#3894 = EDGE_CURVE('',#3887,#3895,#3897,.T.);
#3895 = VERTEX_POINT('',#3896);
#3896 = CARTESIAN_POINT('',(157.78,-100.29,-4.E-02));
#3897 = CIRCLE('',#3898,0.139999827125);
#3898 = AXIS2_PLACEMENT_3D('',#3899,#3900,#3901);
#3899 = CARTESIAN_POINT('',(157.77999982712,-100.4299998271,-4.E-02));
#3900 = DIRECTION('',(0.,0.,-1.));
#3901 = DIRECTION('',(-0.999999999999,-1.234820248241E-06,-0.));
#3902 = ORIENTED_EDGE('',*,*,#3903,.F.);
#3903 = EDGE_CURVE('',#3904,#3895,#3906,.T.);
#3904 = VERTEX_POINT('',#3905);
#3905 = CARTESIAN_POINT('',(157.78,-100.29,0.));
#3906 = LINE('',#3907,#3908);
#3907 = CARTESIAN_POINT('',(157.78,-100.29,0.));
#3908 = VECTOR('',#3909,1.);
#3909 = DIRECTION('',(0.,0.,-1.));
#3910 = ORIENTED_EDGE('',*,*,#3911,.F.);
#3911 = EDGE_CURVE('',#3885,#3904,#3912,.T.);
#3912 = CIRCLE('',#3913,0.139999827125);
#3913 = AXIS2_PLACEMENT_3D('',#3914,#3915,#3916);
#3914 = CARTESIAN_POINT('',(157.77999982712,-100.4299998271,0.));
#3915 = DIRECTION('',(0.,0.,-1.));
#3916 = DIRECTION('',(-0.999999999999,-1.234820248241E-06,-0.));
#3917 = CYLINDRICAL_SURFACE('',#3918,0.139999827125);
#3918 = AXIS2_PLACEMENT_3D('',#3919,#3920,#3921);
#3919 = CARTESIAN_POINT('',(157.77999982712,-100.4299998271,0.));
#3920 = DIRECTION('',(-0.,-0.,1.));
#3921 = DIRECTION('',(-0.999999999999,-1.234820248241E-06,-0.));
#3922 = ADVANCED_FACE('',(#3923),#3948,.F.);
#3923 = FACE_BOUND('',#3924,.F.);
#3924 = EDGE_LOOP('',(#3925,#3926,#3934,#3942));
#3925 = ORIENTED_EDGE('',*,*,#3903,.T.);
#3926 = ORIENTED_EDGE('',*,*,#3927,.T.);
#3927 = EDGE_CURVE('',#3895,#3928,#3930,.T.);
#3928 = VERTEX_POINT('',#3929);
#3929 = CARTESIAN_POINT('',(158.12,-100.29,-4.E-02));
#3930 = LINE('',#3931,#3932);
#3931 = CARTESIAN_POINT('',(157.78,-100.29,-4.E-02));
#3932 = VECTOR('',#3933,1.);
#3933 = DIRECTION('',(1.,0.,0.));
#3934 = ORIENTED_EDGE('',*,*,#3935,.F.);
#3935 = EDGE_CURVE('',#3936,#3928,#3938,.T.);
#3936 = VERTEX_POINT('',#3937);
#3937 = CARTESIAN_POINT('',(158.12,-100.29,0.));
#3938 = LINE('',#3939,#3940);
#3939 = CARTESIAN_POINT('',(158.12,-100.29,0.));
#3940 = VECTOR('',#3941,1.);
#3941 = DIRECTION('',(0.,0.,-1.));
#3942 = ORIENTED_EDGE('',*,*,#3943,.F.);
#3943 = EDGE_CURVE('',#3904,#3936,#3944,.T.);
#3944 = LINE('',#3945,#3946);
#3945 = CARTESIAN_POINT('',(157.78,-100.29,0.));
#3946 = VECTOR('',#3947,1.);
#3947 = DIRECTION('',(1.,0.,0.));
#3948 = PLANE('',#3949);
#3949 = AXIS2_PLACEMENT_3D('',#3950,#3951,#3952);
#3950 = CARTESIAN_POINT('',(157.78,-100.29,0.));
#3951 = DIRECTION('',(0.,-1.,0.));
#3952 = DIRECTION('',(1.,0.,0.));
#3953 = ADVANCED_FACE('',(#3954),#3981,.T.);
#3954 = FACE_BOUND('',#3955,.F.);
#3955 = EDGE_LOOP('',(#3956,#3957,#3966,#3974));
#3956 = ORIENTED_EDGE('',*,*,#3935,.T.);
#3957 = ORIENTED_EDGE('',*,*,#3958,.T.);
#3958 = EDGE_CURVE('',#3928,#3959,#3961,.T.);
#3959 = VERTEX_POINT('',#3960);
#3960 = CARTESIAN_POINT('',(158.26,-100.43,-4.E-02));
#3961 = CIRCLE('',#3962,0.139999827125);
#3962 = AXIS2_PLACEMENT_3D('',#3963,#3964,#3965);
#3963 = CARTESIAN_POINT('',(158.12000017287,-100.4299998271,-4.E-02));
#3964 = DIRECTION('',(0.,0.,-1.));
#3965 = DIRECTION('',(-1.234820451254E-06,0.999999999999,0.));
#3966 = ORIENTED_EDGE('',*,*,#3967,.F.);
#3967 = EDGE_CURVE('',#3968,#3959,#3970,.T.);
#3968 = VERTEX_POINT('',#3969);
#3969 = CARTESIAN_POINT('',(158.26,-100.43,0.));
#3970 = LINE('',#3971,#3972);
#3971 = CARTESIAN_POINT('',(158.26,-100.43,0.));
#3972 = VECTOR('',#3973,1.);
#3973 = DIRECTION('',(0.,0.,-1.));
#3974 = ORIENTED_EDGE('',*,*,#3975,.F.);
#3975 = EDGE_CURVE('',#3936,#3968,#3976,.T.);
#3976 = CIRCLE('',#3977,0.139999827125);
#3977 = AXIS2_PLACEMENT_3D('',#3978,#3979,#3980);
#3978 = CARTESIAN_POINT('',(158.12000017287,-100.4299998271,0.));
#3979 = DIRECTION('',(0.,0.,-1.));
#3980 = DIRECTION('',(-1.234820451254E-06,0.999999999999,0.));
#3981 = CYLINDRICAL_SURFACE('',#3982,0.139999827125);
#3982 = AXIS2_PLACEMENT_3D('',#3983,#3984,#3985);
#3983 = CARTESIAN_POINT('',(158.12000017287,-100.4299998271,0.));
#3984 = DIRECTION('',(-0.,-0.,1.));
#3985 = DIRECTION('',(-1.234820451254E-06,0.999999999999,0.));
#3986 = ADVANCED_FACE('',(#3987),#4012,.F.);
#3987 = FACE_BOUND('',#3988,.F.);
#3988 = EDGE_LOOP('',(#3989,#3990,#3998,#4006));
#3989 = ORIENTED_EDGE('',*,*,#3967,.T.);
#3990 = ORIENTED_EDGE('',*,*,#3991,.T.);
#3991 = EDGE_CURVE('',#3959,#3992,#3994,.T.);
#3992 = VERTEX_POINT('',#3993);
#3993 = CARTESIAN_POINT('',(158.26,-100.71,-4.E-02));
#3994 = LINE('',#3995,#3996);
#3995 = CARTESIAN_POINT('',(158.26,-100.43,-4.E-02));
#3996 = VECTOR('',#3997,1.);
#3997 = DIRECTION('',(0.,-1.,0.));
#3998 = ORIENTED_EDGE('',*,*,#3999,.F.);
#3999 = EDGE_CURVE('',#4000,#3992,#4002,.T.);
#4000 = VERTEX_POINT('',#4001);
#4001 = CARTESIAN_POINT('',(158.26,-100.71,0.));
#4002 = LINE('',#4003,#4004);
#4003 = CARTESIAN_POINT('',(158.26,-100.71,0.));
#4004 = VECTOR('',#4005,1.);
#4005 = DIRECTION('',(0.,0.,-1.));
#4006 = ORIENTED_EDGE('',*,*,#4007,.F.);
#4007 = EDGE_CURVE('',#3968,#4000,#4008,.T.);
#4008 = LINE('',#4009,#4010);
#4009 = CARTESIAN_POINT('',(158.26,-100.43,0.));
#4010 = VECTOR('',#4011,1.);
#4011 = DIRECTION('',(0.,-1.,0.));
#4012 = PLANE('',#4013);
#4013 = AXIS2_PLACEMENT_3D('',#4014,#4015,#4016);
#4014 = CARTESIAN_POINT('',(158.26,-100.43,0.));
#4015 = DIRECTION('',(-1.,-0.,-0.));
#4016 = DIRECTION('',(0.,-1.,0.));
#4017 = ADVANCED_FACE('',(#4018),#4045,.T.);
#4018 = FACE_BOUND('',#4019,.F.);
#4019 = EDGE_LOOP('',(#4020,#4021,#4030,#4038));
#4020 = ORIENTED_EDGE('',*,*,#3999,.T.);
#4021 = ORIENTED_EDGE('',*,*,#4022,.T.);
#4022 = EDGE_CURVE('',#3992,#4023,#4025,.T.);
#4023 = VERTEX_POINT('',#4024);
#4024 = CARTESIAN_POINT('',(158.12,-100.85,-4.E-02));
#4025 = CIRCLE('',#4026,0.139999827125);
#4026 = AXIS2_PLACEMENT_3D('',#4027,#4028,#4029);
#4027 = CARTESIAN_POINT('',(158.12000017287,-100.7100001728,-4.E-02));
#4028 = DIRECTION('',(0.,0.,-1.));
#4029 = DIRECTION('',(0.999999999999,1.23482055276E-06,0.));
#4030 = ORIENTED_EDGE('',*,*,#4031,.F.);
#4031 = EDGE_CURVE('',#4032,#4023,#4034,.T.);
#4032 = VERTEX_POINT('',#4033);
#4033 = CARTESIAN_POINT('',(158.12,-100.85,0.));
#4034 = LINE('',#4035,#4036);
#4035 = CARTESIAN_POINT('',(158.12,-100.85,0.));
#4036 = VECTOR('',#4037,1.);
#4037 = DIRECTION('',(0.,0.,-1.));
#4038 = ORIENTED_EDGE('',*,*,#4039,.F.);
#4039 = EDGE_CURVE('',#4000,#4032,#4040,.T.);
#4040 = CIRCLE('',#4041,0.139999827125);
#4041 = AXIS2_PLACEMENT_3D('',#4042,#4043,#4044);
#4042 = CARTESIAN_POINT('',(158.12000017287,-100.7100001728,0.));
#4043 = DIRECTION('',(0.,0.,-1.));
#4044 = DIRECTION('',(0.999999999999,1.23482055276E-06,0.));
#4045 = CYLINDRICAL_SURFACE('',#4046,0.139999827125);
#4046 = AXIS2_PLACEMENT_3D('',#4047,#4048,#4049);
#4047 = CARTESIAN_POINT('',(158.12000017287,-100.7100001728,0.));
#4048 = DIRECTION('',(-0.,-0.,1.));
#4049 = DIRECTION('',(0.999999999999,1.23482055276E-06,0.));
#4050 = ADVANCED_FACE('',(#4051),#4076,.F.);
#4051 = FACE_BOUND('',#4052,.F.);
#4052 = EDGE_LOOP('',(#4053,#4054,#4062,#4070));
#4053 = ORIENTED_EDGE('',*,*,#4031,.T.);
#4054 = ORIENTED_EDGE('',*,*,#4055,.T.);
#4055 = EDGE_CURVE('',#4023,#4056,#4058,.T.);
#4056 = VERTEX_POINT('',#4057);
#4057 = CARTESIAN_POINT('',(157.78,-100.85,-4.E-02));
#4058 = LINE('',#4059,#4060);
#4059 = CARTESIAN_POINT('',(158.12,-100.85,-4.E-02));
#4060 = VECTOR('',#4061,1.);
#4061 = DIRECTION('',(-1.,0.,0.));
#4062 = ORIENTED_EDGE('',*,*,#4063,.F.);
#4063 = EDGE_CURVE('',#4064,#4056,#4066,.T.);
#4064 = VERTEX_POINT('',#4065);
#4065 = CARTESIAN_POINT('',(157.78,-100.85,0.));
#4066 = LINE('',#4067,#4068);
#4067 = CARTESIAN_POINT('',(157.78,-100.85,0.));
#4068 = VECTOR('',#4069,1.);
#4069 = DIRECTION('',(0.,0.,-1.));
#4070 = ORIENTED_EDGE('',*,*,#4071,.F.);
#4071 = EDGE_CURVE('',#4032,#4064,#4072,.T.);
#4072 = LINE('',#4073,#4074);
#4073 = CARTESIAN_POINT('',(158.12,-100.85,0.));
#4074 = VECTOR('',#4075,1.);
#4075 = DIRECTION('',(-1.,0.,0.));
#4076 = PLANE('',#4077);
#4077 = AXIS2_PLACEMENT_3D('',#4078,#4079,#4080);
#4078 = CARTESIAN_POINT('',(158.12,-100.85,0.));
#4079 = DIRECTION('',(0.,1.,0.));
#4080 = DIRECTION('',(-1.,0.,0.));
#4081 = ADVANCED_FACE('',(#4082),#4109,.T.);
#4082 = FACE_BOUND('',#4083,.F.);
#4083 = EDGE_LOOP('',(#4084,#4085,#4094,#4102));
#4084 = ORIENTED_EDGE('',*,*,#4063,.T.);
#4085 = ORIENTED_EDGE('',*,*,#4086,.T.);
#4086 = EDGE_CURVE('',#4056,#4087,#4089,.T.);
#4087 = VERTEX_POINT('',#4088);
#4088 = CARTESIAN_POINT('',(157.64,-100.71,-4.E-02));
#4089 = CIRCLE('',#4090,0.139999827125);
#4090 = AXIS2_PLACEMENT_3D('',#4091,#4092,#4093);
#4091 = CARTESIAN_POINT('',(157.77999982712,-100.7100001728,-4.E-02));
#4092 = DIRECTION('',(0.,0.,-1.));
#4093 = DIRECTION('',(1.234820248241E-06,-0.999999999999,0.));
#4094 = ORIENTED_EDGE('',*,*,#4095,.F.);
#4095 = EDGE_CURVE('',#4096,#4087,#4098,.T.);
#4096 = VERTEX_POINT('',#4097);
#4097 = CARTESIAN_POINT('',(157.64,-100.71,0.));
#4098 = LINE('',#4099,#4100);
#4099 = CARTESIAN_POINT('',(157.64,-100.71,0.));
#4100 = VECTOR('',#4101,1.);
#4101 = DIRECTION('',(0.,0.,-1.));
#4102 = ORIENTED_EDGE('',*,*,#4103,.F.);
#4103 = EDGE_CURVE('',#4064,#4096,#4104,.T.);
#4104 = CIRCLE('',#4105,0.139999827125);
#4105 = AXIS2_PLACEMENT_3D('',#4106,#4107,#4108);
#4106 = CARTESIAN_POINT('',(157.77999982712,-100.7100001728,0.));
#4107 = DIRECTION('',(0.,0.,-1.));
#4108 = DIRECTION('',(1.234820248241E-06,-0.999999999999,0.));
#4109 = CYLINDRICAL_SURFACE('',#4110,0.139999827125);
#4110 = AXIS2_PLACEMENT_3D('',#4111,#4112,#4113);
#4111 = CARTESIAN_POINT('',(157.77999982712,-100.7100001728,0.));
#4112 = DIRECTION('',(-0.,-0.,1.));
#4113 = DIRECTION('',(1.234820248241E-06,-0.999999999999,0.));
#4114 = ADVANCED_FACE('',(#4115),#4131,.F.);
#4115 = FACE_BOUND('',#4116,.F.);
#4116 = EDGE_LOOP('',(#4117,#4118,#4124,#4125));
#4117 = ORIENTED_EDGE('',*,*,#4095,.T.);
#4118 = ORIENTED_EDGE('',*,*,#4119,.T.);
#4119 = EDGE_CURVE('',#4087,#3887,#4120,.T.);
#4120 = LINE('',#4121,#4122);
#4121 = CARTESIAN_POINT('',(157.64,-100.71,-4.E-02));
#4122 = VECTOR('',#4123,1.);
#4123 = DIRECTION('',(0.,1.,0.));
#4124 = ORIENTED_EDGE('',*,*,#3884,.F.);
#4125 = ORIENTED_EDGE('',*,*,#4126,.F.);
#4126 = EDGE_CURVE('',#4096,#3885,#4127,.T.);
#4127 = LINE('',#4128,#4129);
#4128 = CARTESIAN_POINT('',(157.64,-100.71,0.));
#4129 = VECTOR('',#4130,1.);
#4130 = DIRECTION('',(0.,1.,0.));
#4131 = PLANE('',#4132);
#4132 = AXIS2_PLACEMENT_3D('',#4133,#4134,#4135);
#4133 = CARTESIAN_POINT('',(157.64,-100.71,0.));
#4134 = DIRECTION('',(1.,-0.,0.));
#4135 = DIRECTION('',(0.,1.,0.));
#4136 = ADVANCED_FACE('',(#4137),#4147,.F.);
#4137 = FACE_BOUND('',#4138,.F.);
#4138 = EDGE_LOOP('',(#4139,#4140,#4141,#4142,#4143,#4144,#4145,#4146));
#4139 = ORIENTED_EDGE('',*,*,#3911,.T.);
#4140 = ORIENTED_EDGE('',*,*,#3943,.T.);
#4141 = ORIENTED_EDGE('',*,*,#3975,.T.);
#4142 = ORIENTED_EDGE('',*,*,#4007,.T.);
#4143 = ORIENTED_EDGE('',*,*,#4039,.T.);
#4144 = ORIENTED_EDGE('',*,*,#4071,.T.);
#4145 = ORIENTED_EDGE('',*,*,#4103,.T.);
#4146 = ORIENTED_EDGE('',*,*,#4126,.T.);
#4147 = PLANE('',#4148);
#4148 = AXIS2_PLACEMENT_3D('',#4149,#4150,#4151);
#4149 = CARTESIAN_POINT('',(0.,0.,0.));
#4150 = DIRECTION('',(-0.,-0.,-1.));
#4151 = DIRECTION('',(-1.,0.,0.));
#4152 = ADVANCED_FACE('',(#4153),#4163,.T.);
#4153 = FACE_BOUND('',#4154,.T.);
#4154 = EDGE_LOOP('',(#4155,#4156,#4157,#4158,#4159,#4160,#4161,#4162));
#4155 = ORIENTED_EDGE('',*,*,#3894,.T.);
#4156 = ORIENTED_EDGE('',*,*,#3927,.T.);
#4157 = ORIENTED_EDGE('',*,*,#3958,.T.);
#4158 = ORIENTED_EDGE('',*,*,#3991,.T.);
#4159 = ORIENTED_EDGE('',*,*,#4022,.T.);
#4160 = ORIENTED_EDGE('',*,*,#4055,.T.);
#4161 = ORIENTED_EDGE('',*,*,#4086,.T.);
#4162 = ORIENTED_EDGE('',*,*,#4119,.T.);
#4163 = PLANE('',#4164);
#4164 = AXIS2_PLACEMENT_3D('',#4165,#4166,#4167);
#4165 = CARTESIAN_POINT('',(0.,0.,-4.E-02));
#4166 = DIRECTION('',(-0.,-0.,-1.));
#4167 = DIRECTION('',(-1.,0.,0.));
#4168 = ( GEOMETRIC_REPRESENTATION_CONTEXT(3) 
GLOBAL_UNCERTAINTY_ASSIGNED_CONTEXT((#4172)) 
GLOBAL_UNIT_ASSIGNED_CONTEXT((#4169,#4170,#4171)) REPRESENTATION_CONTEXT
('Context #1','3D Context with UNIT and UNCERTAINTY') );
#4169 = ( LENGTH_UNIT() NAMED_UNIT(*) SI_UNIT(.MILLI.,.METRE.) );
#4170 = ( NAMED_UNIT(*) PLANE_ANGLE_UNIT() SI_UNIT($,.RADIAN.) );
#4171 = ( NAMED_UNIT(*) SI_UNIT($,.STERADIAN.) SOLID_ANGLE_UNIT() );
#4172 = UNCERTAINTY_MEASURE_WITH_UNIT(LENGTH_MEASURE(1.E-07),#4169,
  'distance_accuracy_value','confusion accuracy');
#4173 = CONTEXT_DEPENDENT_SHAPE_REPRESENTATION(#4174,#4176);
#4174 = ( REPRESENTATION_RELATIONSHIP('','',#948,#10) 
REPRESENTATION_RELATIONSHIP_WITH_TRANSFORMATION(#4175) 
SHAPE_REPRESENTATION_RELATIONSHIP() );
#4175 = ITEM_DEFINED_TRANSFORMATION('','',#11,#31);
#4176 = PRODUCT_DEFINITION_SHAPE('Placement','Placement of an item',
  #4177);
#4177 = NEXT_ASSEMBLY_USAGE_OCCURRENCE('5','=>[0:1:1:3]','',#5,#943,$);
#4178 = PRODUCT_RELATED_PRODUCT_CATEGORY('part',$,(#945));
#4179 = SHAPE_DEFINITION_REPRESENTATION(#4180,#4186);
#4180 = PRODUCT_DEFINITION_SHAPE('','',#4181);
#4181 = PRODUCT_DEFINITION('design','',#4182,#4185);
#4182 = PRODUCT_DEFINITION_FORMATION('','',#4183);
#4183 = PRODUCT('rect_20_20_silkscreen','rect_20_20_silkscreen','',(
    #4184));
#4184 = PRODUCT_CONTEXT('',#2,'mechanical');
#4185 = PRODUCT_DEFINITION_CONTEXT('part definition',#2,'design');
#4186 = SHAPE_REPRESENTATION('',(#11,#4187,#4239,#4291,#4452,#4504,#4556
    ,#4586,#4638,#4690,#4955,#4985,#5037),#5089);
#4187 = SHELL_BASED_SURFACE_MODEL('',(#4188));
#4188 = OPEN_SHELL('',(#4189));
#4189 = ADVANCED_FACE('',(#4190),#4234,.T.);
#4190 = FACE_BOUND('',#4191,.F.);
#4191 = EDGE_LOOP('',(#4192,#4203,#4211,#4220,#4228));
#4192 = ORIENTED_EDGE('',*,*,#4193,.T.);
#4193 = EDGE_CURVE('',#4194,#4196,#4198,.T.);
#4194 = VERTEX_POINT('',#4195);
#4195 = CARTESIAN_POINT('',(157.534567,-100.919203,0.785));
#4196 = VERTEX_POINT('',#4197);
#4197 = CARTESIAN_POINT('',(157.65,-100.942164,0.785));
#4198 = CIRCLE('',#4199,6.000007318647E-02);
#4199 = AXIS2_PLACEMENT_3D('',#4200,#4201,#4202);
#4200 = CARTESIAN_POINT('',(157.58999992681,-100.9421638233,0.785));
#4201 = DIRECTION('',(0.,0.,-1.));
#4202 = DIRECTION('',(-0.923880986637,0.382679921777,0.));
#4203 = ORIENTED_EDGE('',*,*,#4204,.T.);
#4204 = EDGE_CURVE('',#4196,#4205,#4207,.T.);
#4205 = VERTEX_POINT('',#4206);
#4206 = CARTESIAN_POINT('',(157.65,-101.157836,0.785));
#4207 = LINE('',#4208,#4209);
#4208 = CARTESIAN_POINT('',(157.65,-100.942164,0.785));
#4209 = VECTOR('',#4210,1.);
#4210 = DIRECTION('',(0.,-1.,0.));
#4211 = ORIENTED_EDGE('',*,*,#4212,.T.);
#4212 = EDGE_CURVE('',#4205,#4213,#4215,.T.);
#4213 = VERTEX_POINT('',#4214);
#4214 = CARTESIAN_POINT('',(157.53,-101.157836,0.785));
#4215 = CIRCLE('',#4216,6.000000000043E-02);
#4216 = AXIS2_PLACEMENT_3D('',#4217,#4218,#4219);
#4217 = CARTESIAN_POINT('',(157.59,-101.1578362255,0.785));
#4218 = DIRECTION('',(0.,0.,-1.));
#4219 = DIRECTION('',(0.999999999993,3.759794016836E-06,0.));
#4220 = ORIENTED_EDGE('',*,*,#4221,.T.);
#4221 = EDGE_CURVE('',#4213,#4222,#4224,.T.);
#4222 = VERTEX_POINT('',#4223);
#4223 = CARTESIAN_POINT('',(157.53,-100.942164,0.785));
#4224 = LINE('',#4225,#4226);
#4225 = CARTESIAN_POINT('',(157.53,-101.157836,0.785));
#4226 = VECTOR('',#4227,1.);
#4227 = DIRECTION('',(0.,1.,0.));
#4228 = ORIENTED_EDGE('',*,*,#4229,.T.);
#4229 = EDGE_CURVE('',#4222,#4194,#4230,.T.);
#4230 = LINE('',#4231,#4232);
#4231 = CARTESIAN_POINT('',(157.53,-100.942164,0.785));
#4232 = VECTOR('',#4233,1.);
#4233 = DIRECTION('',(0.195081000118,0.980787134598,0.));
#4234 = PLANE('',#4235);
#4235 = AXIS2_PLACEMENT_3D('',#4236,#4237,#4238);
#4236 = CARTESIAN_POINT('',(0.,0.,0.785));
#4237 = DIRECTION('',(0.,0.,1.));
#4238 = DIRECTION('',(1.,0.,-0.));
#4239 = SHELL_BASED_SURFACE_MODEL('',(#4240));
#4240 = OPEN_SHELL('',(#4241));
#4241 = ADVANCED_FACE('',(#4242),#4286,.T.);
#4242 = FACE_BOUND('',#4243,.F.);
#4243 = EDGE_LOOP('',(#4244,#4255,#4263,#4272,#4280));
#4244 = ORIENTED_EDGE('',*,*,#4245,.T.);
#4245 = EDGE_CURVE('',#4246,#4248,#4250,.T.);
#4246 = VERTEX_POINT('',#4247);
#4247 = CARTESIAN_POINT('',(158.254567,-100.919203,0.785));
#4248 = VERTEX_POINT('',#4249);
#4249 = CARTESIAN_POINT('',(158.37,-100.942164,0.785));
#4250 = CIRCLE('',#4251,6.000007318647E-02);
#4251 = AXIS2_PLACEMENT_3D('',#4252,#4253,#4254);
#4252 = CARTESIAN_POINT('',(158.30999992681,-100.9421638233,0.785));
#4253 = DIRECTION('',(0.,0.,-1.));
#4254 = DIRECTION('',(-0.923880986637,0.382679921777,0.));
#4255 = ORIENTED_EDGE('',*,*,#4256,.T.);
#4256 = EDGE_CURVE('',#4248,#4257,#4259,.T.);
#4257 = VERTEX_POINT('',#4258);
#4258 = CARTESIAN_POINT('',(158.37,-101.157836,0.785));
#4259 = LINE('',#4260,#4261);
#4260 = CARTESIAN_POINT('',(158.37,-100.942164,0.785));
#4261 = VECTOR('',#4262,1.);
#4262 = DIRECTION('',(0.,-1.,0.));
#4263 = ORIENTED_EDGE('',*,*,#4264,.T.);
#4264 = EDGE_CURVE('',#4257,#4265,#4267,.T.);
#4265 = VERTEX_POINT('',#4266);
#4266 = CARTESIAN_POINT('',(158.25,-101.157836,0.785));
#4267 = CIRCLE('',#4268,6.000000000043E-02);
#4268 = AXIS2_PLACEMENT_3D('',#4269,#4270,#4271);
#4269 = CARTESIAN_POINT('',(158.31,-101.1578362255,0.785));
#4270 = DIRECTION('',(0.,0.,-1.));
#4271 = DIRECTION('',(0.999999999993,3.759794016836E-06,0.));
#4272 = ORIENTED_EDGE('',*,*,#4273,.T.);
#4273 = EDGE_CURVE('',#4265,#4274,#4276,.T.);
#4274 = VERTEX_POINT('',#4275);
#4275 = CARTESIAN_POINT('',(158.25,-100.942164,0.785));
#4276 = LINE('',#4277,#4278);
#4277 = CARTESIAN_POINT('',(158.25,-101.157836,0.785));
#4278 = VECTOR('',#4279,1.);
#4279 = DIRECTION('',(0.,1.,0.));
#4280 = ORIENTED_EDGE('',*,*,#4281,.T.);
#4281 = EDGE_CURVE('',#4274,#4246,#4282,.T.);
#4282 = LINE('',#4283,#4284);
#4283 = CARTESIAN_POINT('',(158.25,-100.942164,0.785));
#4284 = VECTOR('',#4285,1.);
#4285 = DIRECTION('',(0.195081000118,0.980787134598,0.));
#4286 = PLANE('',#4287);
#4287 = AXIS2_PLACEMENT_3D('',#4288,#4289,#4290);
#4288 = CARTESIAN_POINT('',(0.,0.,0.785));
#4289 = DIRECTION('',(0.,0.,1.));
#4290 = DIRECTION('',(1.,0.,-0.));
#4291 = SHELL_BASED_SURFACE_MODEL('',(#4292));
#4292 = OPEN_SHELL('',(#4293));
#4293 = ADVANCED_FACE('',(#4294,#4395),#4447,.T.);
#4294 = FACE_BOUND('',#4295,.F.);
#4295 = EDGE_LOOP('',(#4296,#4307,#4315,#4323,#4331,#4340,#4348,#4356,
    #4364,#4372,#4380,#4389));
#4296 = ORIENTED_EDGE('',*,*,#4297,.T.);
#4297 = EDGE_CURVE('',#4298,#4300,#4302,.T.);
#4298 = VERTEX_POINT('',#4299);
#4299 = CARTESIAN_POINT('',(156.884423,-99.770855,0.785));
#4300 = VERTEX_POINT('',#4301);
#4301 = CARTESIAN_POINT('',(156.944423,-99.710855,0.785));
#4302 = CIRCLE('',#4303,5.999932016265E-02);
#4303 = AXIS2_PLACEMENT_3D('',#4304,#4305,#4306);
#4304 = CARTESIAN_POINT('',(156.94442232015,-99.77085432015,0.785));
#4305 = DIRECTION('',(0.,0.,-1.));
#4306 = DIRECTION('',(-0.999999999936,-1.133081517401E-05,-0.));
#4307 = ORIENTED_EDGE('',*,*,#4308,.T.);
#4308 = EDGE_CURVE('',#4300,#4309,#4311,.T.);
#4309 = VERTEX_POINT('',#4310);
#4310 = CARTESIAN_POINT('',(157.252132,-99.711441,0.785));
#4311 = LINE('',#4312,#4313);
#4312 = CARTESIAN_POINT('',(156.944423,-99.710855,0.785));
#4313 = VECTOR('',#4314,1.);
#4314 = DIRECTION('',(0.999998186642,-1.904393233121E-03,0.));
#4315 = ORIENTED_EDGE('',*,*,#4316,.T.);
#4316 = EDGE_CURVE('',#4309,#4317,#4319,.T.);
#4317 = VERTEX_POINT('',#4318);
#4318 = CARTESIAN_POINT('',(157.276018,-99.717189,0.785));
#4319 = LINE('',#4320,#4321);
#4320 = CARTESIAN_POINT('',(157.252132,-99.711441,0.785));
#4321 = VECTOR('',#4322,1.);
#4322 = DIRECTION('',(0.972245244822,-0.233964065446,0.));
#4323 = ORIENTED_EDGE('',*,*,#4324,.T.);
#4324 = EDGE_CURVE('',#4317,#4325,#4327,.T.);
#4325 = VERTEX_POINT('',#4326);
#4326 = CARTESIAN_POINT('',(157.367801,-99.766524,0.785));
#4327 = LINE('',#4328,#4329);
#4328 = CARTESIAN_POINT('',(157.276018,-99.717189,0.785));
#4329 = VECTOR('',#4330,1.);
#4330 = DIRECTION('',(0.880817843597,-0.4734553056,0.));
#4331 = ORIENTED_EDGE('',*,*,#4332,.T.);
#4332 = EDGE_CURVE('',#4325,#4333,#4335,.T.);
#4333 = VERTEX_POINT('',#4334);
#4334 = CARTESIAN_POINT('',(157.458875,-100.051045,0.785));
#4335 = CIRCLE('',#4336,0.279302770922);
#4336 = AXIS2_PLACEMENT_3D('',#4337,#4338,#4339);
#4337 = CARTESIAN_POINT('',(157.1885673764,-99.98073265065,0.785));
#4338 = DIRECTION('',(0.,0.,-1.));
#4339 = DIRECTION('',(0.64171802881,0.766940657092,0.));
#4340 = ORIENTED_EDGE('',*,*,#4341,.T.);
#4341 = EDGE_CURVE('',#4333,#4342,#4344,.T.);
#4342 = VERTEX_POINT('',#4343);
#4343 = CARTESIAN_POINT('',(157.411242,-100.148138,0.785));
#4344 = LINE('',#4345,#4346);
#4345 = CARTESIAN_POINT('',(157.458875,-100.051045,0.785));
#4346 = VECTOR('',#4347,1.);
#4347 = DIRECTION('',(-0.440443415129,-0.897780372958,0.));
#4348 = ORIENTED_EDGE('',*,*,#4349,.T.);
#4349 = EDGE_CURVE('',#4342,#4350,#4352,.T.);
#4350 = VERTEX_POINT('',#4351);
#4351 = CARTESIAN_POINT('',(157.352208,-100.205473,0.785));
#4352 = LINE('',#4353,#4354);
#4353 = CARTESIAN_POINT('',(157.411242,-100.148138,0.785));
#4354 = VECTOR('',#4355,1.);
#4355 = DIRECTION('',(-0.717354164088,-0.696708693261,0.));
#4356 = ORIENTED_EDGE('',*,*,#4357,.T.);
#4357 = EDGE_CURVE('',#4350,#4358,#4360,.T.);
#4358 = VERTEX_POINT('',#4359);
#4359 = CARTESIAN_POINT('',(157.262713,-100.247211,0.785));
#4360 = LINE('',#4361,#4362);
#4361 = CARTESIAN_POINT('',(157.352208,-100.205473,0.785));
#4362 = VECTOR('',#4363,1.);
#4363 = DIRECTION('',(-0.906285304087,-0.422666473233,0.));
#4364 = ORIENTED_EDGE('',*,*,#4365,.T.);
#4365 = EDGE_CURVE('',#4358,#4366,#4368,.T.);
#4366 = VERTEX_POINT('',#4367);
#4367 = CARTESIAN_POINT('',(157.004423,-100.249902,0.785));
#4368 = LINE('',#4369,#4370);
#4369 = CARTESIAN_POINT('',(157.262713,-100.247211,0.785));
#4370 = VECTOR('',#4371,1.);
#4371 = DIRECTION('',(-0.999945731619,-1.041795642031E-02,0.));
#4372 = ORIENTED_EDGE('',*,*,#4373,.T.);
#4373 = EDGE_CURVE('',#4366,#4374,#4376,.T.);
#4374 = VERTEX_POINT('',#4375);
#4375 = CARTESIAN_POINT('',(157.004423,-100.570855,0.785));
#4376 = LINE('',#4377,#4378);
#4377 = CARTESIAN_POINT('',(157.004423,-100.249902,0.785));
#4378 = VECTOR('',#4379,1.);
#4379 = DIRECTION('',(0.,-1.,0.));
#4380 = ORIENTED_EDGE('',*,*,#4381,.T.);
#4381 = EDGE_CURVE('',#4374,#4382,#4384,.T.);
#4382 = VERTEX_POINT('',#4383);
#4383 = CARTESIAN_POINT('',(156.884423,-100.570855,0.785));
#4384 = CIRCLE('',#4385,6.000000000043E-02);
#4385 = AXIS2_PLACEMENT_3D('',#4386,#4387,#4388);
#4386 = CARTESIAN_POINT('',(156.944423,-100.5708552255,0.785));
#4387 = DIRECTION('',(0.,0.,-1.));
#4388 = DIRECTION('',(0.999999999993,3.759794253684E-06,0.));
#4389 = ORIENTED_EDGE('',*,*,#4390,.T.);
#4390 = EDGE_CURVE('',#4382,#4298,#4391,.T.);
#4391 = LINE('',#4392,#4393);
#4392 = CARTESIAN_POINT('',(156.884423,-100.570855,0.785));
#4393 = VECTOR('',#4394,1.);
#4394 = DIRECTION('',(0.,1.,0.));
#4395 = FACE_BOUND('',#4396,.F.);
#4396 = EDGE_LOOP('',(#4397,#4408,#4416,#4424,#4432,#4441));
#4397 = ORIENTED_EDGE('',*,*,#4398,.T.);
#4398 = EDGE_CURVE('',#4399,#4401,#4403,.T.);
#4399 = VERTEX_POINT('',#4400);
#4400 = CARTESIAN_POINT('',(157.341566,-99.9374,0.785));
#4401 = VERTEX_POINT('',#4402);
#4402 = CARTESIAN_POINT('',(157.23502,-99.830855,0.785));
#4403 = CIRCLE('',#4404,0.149493485218);
#4404 = AXIS2_PLACEMENT_3D('',#4405,#4406,#4407);
#4405 = CARTESIAN_POINT('',(157.19699082626,-99.97543053066,0.785));
#4406 = DIRECTION('',(0.,0.,1.));
#4407 = DIRECTION('',(0.967100161734,0.254395906364,-0.));
#4408 = ORIENTED_EDGE('',*,*,#4409,.T.);
#4409 = EDGE_CURVE('',#4401,#4410,#4412,.T.);
#4410 = VERTEX_POINT('',#4411);
#4411 = CARTESIAN_POINT('',(157.004423,-99.830855,0.785));
#4412 = LINE('',#4413,#4414);
#4413 = CARTESIAN_POINT('',(157.23502,-99.830855,0.785));
#4414 = VECTOR('',#4415,1.);
#4415 = DIRECTION('',(-1.,0.,0.));
#4416 = ORIENTED_EDGE('',*,*,#4417,.T.);
#4417 = EDGE_CURVE('',#4410,#4418,#4420,.T.);
#4418 = VERTEX_POINT('',#4419);
#4419 = CARTESIAN_POINT('',(157.004423,-100.129902,0.785));
#4420 = LINE('',#4421,#4422);
#4421 = CARTESIAN_POINT('',(157.004423,-99.830855,0.785));
#4422 = VECTOR('',#4423,1.);
#4423 = DIRECTION('',(0.,-1.,0.));
#4424 = ORIENTED_EDGE('',*,*,#4425,.T.);
#4425 = EDGE_CURVE('',#4418,#4426,#4428,.T.);
#4426 = VERTEX_POINT('',#4427);
#4427 = CARTESIAN_POINT('',(157.23502,-100.129902,0.785));
#4428 = LINE('',#4429,#4430);
#4429 = CARTESIAN_POINT('',(157.004423,-100.129902,0.785));
#4430 = VECTOR('',#4431,1.);
#4431 = DIRECTION('',(1.,0.,0.));
#4432 = ORIENTED_EDGE('',*,*,#4433,.T.);
#4433 = EDGE_CURVE('',#4426,#4434,#4436,.T.);
#4434 = VERTEX_POINT('',#4435);
#4435 = CARTESIAN_POINT('',(157.341566,-100.023356,0.785));
#4436 = CIRCLE('',#4437,0.149493401153);
#4437 = AXIS2_PLACEMENT_3D('',#4438,#4439,#4440);
#4438 = CARTESIAN_POINT('',(157.19699061249,-99.98532661249,0.785));
#4439 = DIRECTION('',(0.,0.,1.));
#4440 = DIRECTION('',(0.254388402546,-0.967102135583,0.));
#4441 = ORIENTED_EDGE('',*,*,#4442,.T.);
#4442 = EDGE_CURVE('',#4434,#4399,#4443,.T.);
#4443 = LINE('',#4444,#4445);
#4444 = CARTESIAN_POINT('',(157.341566,-100.023356,0.785));
#4445 = VECTOR('',#4446,1.);
#4446 = DIRECTION('',(0.,1.,0.));
#4447 = PLANE('',#4448);
#4448 = AXIS2_PLACEMENT_3D('',#4449,#4450,#4451);
#4449 = CARTESIAN_POINT('',(0.,0.,0.785));
#4450 = DIRECTION('',(0.,0.,1.));
#4451 = DIRECTION('',(1.,0.,-0.));
#4452 = SHELL_BASED_SURFACE_MODEL('',(#4453));
#4453 = OPEN_SHELL('',(#4454));
#4454 = ADVANCED_FACE('',(#4455),#4499,.T.);
#4455 = FACE_BOUND('',#4456,.F.);
#4456 = EDGE_LOOP('',(#4457,#4468,#4476,#4485,#4493));
#4457 = ORIENTED_EDGE('',*,*,#4458,.T.);
#4458 = EDGE_CURVE('',#4459,#4461,#4463,.T.);
#4459 = VERTEX_POINT('',#4460);
#4460 = CARTESIAN_POINT('',(157.534567,-99.044203,0.785));
#4461 = VERTEX_POINT('',#4462);
#4462 = CARTESIAN_POINT('',(157.65,-99.067164,0.785));
#4463 = CIRCLE('',#4464,6.000007318647E-02);
#4464 = AXIS2_PLACEMENT_3D('',#4465,#4466,#4467);
#4465 = CARTESIAN_POINT('',(157.58999992681,-99.06716382331,0.785));
#4466 = DIRECTION('',(0.,0.,-1.));
#4467 = DIRECTION('',(-0.923880986637,0.382679921777,0.));
#4468 = ORIENTED_EDGE('',*,*,#4469,.T.);
#4469 = EDGE_CURVE('',#4461,#4470,#4472,.T.);
#4470 = VERTEX_POINT('',#4471);
#4471 = CARTESIAN_POINT('',(157.65,-99.282836,0.785));
#4472 = LINE('',#4473,#4474);
#4473 = CARTESIAN_POINT('',(157.65,-99.067164,0.785));
#4474 = VECTOR('',#4475,1.);
#4475 = DIRECTION('',(0.,-1.,0.));
#4476 = ORIENTED_EDGE('',*,*,#4477,.T.);
#4477 = EDGE_CURVE('',#4470,#4478,#4480,.T.);
#4478 = VERTEX_POINT('',#4479);
#4479 = CARTESIAN_POINT('',(157.53,-99.282836,0.785));
#4480 = CIRCLE('',#4481,6.000000000043E-02);
#4481 = AXIS2_PLACEMENT_3D('',#4482,#4483,#4484);
#4482 = CARTESIAN_POINT('',(157.59,-99.28283622558,0.785));
#4483 = DIRECTION('',(0.,0.,-1.));
#4484 = DIRECTION('',(0.999999999993,3.759794016836E-06,0.));
#4485 = ORIENTED_EDGE('',*,*,#4486,.T.);
#4486 = EDGE_CURVE('',#4478,#4487,#4489,.T.);
#4487 = VERTEX_POINT('',#4488);
#4488 = CARTESIAN_POINT('',(157.53,-99.067164,0.785));
#4489 = LINE('',#4490,#4491);
#4490 = CARTESIAN_POINT('',(157.53,-99.282836,0.785));
#4491 = VECTOR('',#4492,1.);
#4492 = DIRECTION('',(0.,1.,0.));
#4493 = ORIENTED_EDGE('',*,*,#4494,.T.);
#4494 = EDGE_CURVE('',#4487,#4459,#4495,.T.);
#4495 = LINE('',#4496,#4497);
#4496 = CARTESIAN_POINT('',(157.53,-99.067164,0.785));
#4497 = VECTOR('',#4498,1.);
#4498 = DIRECTION('',(0.195081000118,0.980787134598,0.));
#4499 = PLANE('',#4500);
#4500 = AXIS2_PLACEMENT_3D('',#4501,#4502,#4503);
#4501 = CARTESIAN_POINT('',(0.,0.,0.785));
#4502 = DIRECTION('',(0.,0.,1.));
#4503 = DIRECTION('',(1.,0.,-0.));
#4504 = SHELL_BASED_SURFACE_MODEL('',(#4505));
#4505 = OPEN_SHELL('',(#4506));
#4506 = ADVANCED_FACE('',(#4507),#4551,.T.);
#4507 = FACE_BOUND('',#4508,.F.);
#4508 = EDGE_LOOP('',(#4509,#4520,#4528,#4537,#4545));
#4509 = ORIENTED_EDGE('',*,*,#4510,.T.);
#4510 = EDGE_CURVE('',#4511,#4513,#4515,.T.);
#4511 = VERTEX_POINT('',#4512);
#4512 = CARTESIAN_POINT('',(158.254567,-99.044203,0.785));
#4513 = VERTEX_POINT('',#4514);
#4514 = CARTESIAN_POINT('',(158.37,-99.067164,0.785));
#4515 = CIRCLE('',#4516,6.000007318647E-02);
#4516 = AXIS2_PLACEMENT_3D('',#4517,#4518,#4519);
#4517 = CARTESIAN_POINT('',(158.30999992681,-99.06716382331,0.785));
#4518 = DIRECTION('',(0.,0.,-1.));
#4519 = DIRECTION('',(-0.923880986637,0.382679921777,0.));
#4520 = ORIENTED_EDGE('',*,*,#4521,.T.);
#4521 = EDGE_CURVE('',#4513,#4522,#4524,.T.);
#4522 = VERTEX_POINT('',#4523);
#4523 = CARTESIAN_POINT('',(158.37,-99.282836,0.785));
#4524 = LINE('',#4525,#4526);
#4525 = CARTESIAN_POINT('',(158.37,-99.067164,0.785));
#4526 = VECTOR('',#4527,1.);
#4527 = DIRECTION('',(0.,-1.,0.));
#4528 = ORIENTED_EDGE('',*,*,#4529,.T.);
#4529 = EDGE_CURVE('',#4522,#4530,#4532,.T.);
#4530 = VERTEX_POINT('',#4531);
#4531 = CARTESIAN_POINT('',(158.25,-99.282836,0.785));
#4532 = CIRCLE('',#4533,6.000000000043E-02);
#4533 = AXIS2_PLACEMENT_3D('',#4534,#4535,#4536);
#4534 = CARTESIAN_POINT('',(158.31,-99.28283622558,0.785));
#4535 = DIRECTION('',(0.,0.,-1.));
#4536 = DIRECTION('',(0.999999999993,3.759794016836E-06,0.));
#4537 = ORIENTED_EDGE('',*,*,#4538,.T.);
#4538 = EDGE_CURVE('',#4530,#4539,#4541,.T.);
#4539 = VERTEX_POINT('',#4540);
#4540 = CARTESIAN_POINT('',(158.25,-99.067164,0.785));
#4541 = LINE('',#4542,#4543);
#4542 = CARTESIAN_POINT('',(158.25,-99.282836,0.785));
#4543 = VECTOR('',#4544,1.);
#4544 = DIRECTION('',(0.,1.,0.));
#4545 = ORIENTED_EDGE('',*,*,#4546,.T.);
#4546 = EDGE_CURVE('',#4539,#4511,#4547,.T.);
#4547 = LINE('',#4548,#4549);
#4548 = CARTESIAN_POINT('',(158.25,-99.067164,0.785));
#4549 = VECTOR('',#4550,1.);
#4550 = DIRECTION('',(0.195081000118,0.980787134598,0.));
#4551 = PLANE('',#4552);
#4552 = AXIS2_PLACEMENT_3D('',#4553,#4554,#4555);
#4553 = CARTESIAN_POINT('',(0.,0.,0.785));
#4554 = DIRECTION('',(0.,0.,1.));
#4555 = DIRECTION('',(1.,0.,-0.));
#4556 = SHELL_BASED_SURFACE_MODEL('',(#4557));
#4557 = OPEN_SHELL('',(#4558));
#4558 = ADVANCED_FACE('',(#4559,#4570),#4581,.T.);
#4559 = FACE_BOUND('',#4560,.F.);
#4560 = EDGE_LOOP('',(#4561));
#4561 = ORIENTED_EDGE('',*,*,#4562,.T.);
#4562 = EDGE_CURVE('',#4563,#4563,#4565,.T.);
#4563 = VERTEX_POINT('',#4564);
#4564 = CARTESIAN_POINT('',(157.16,-101.6,-7.5E-02));
#4565 = CIRCLE('',#4566,0.76);
#4566 = AXIS2_PLACEMENT_3D('',#4567,#4568,#4569);
#4567 = CARTESIAN_POINT('',(156.4,-101.6,-7.5E-02));
#4568 = DIRECTION('',(0.,0.,1.));
#4569 = DIRECTION('',(1.,0.,-0.));
#4570 = FACE_BOUND('',#4571,.T.);
#4571 = EDGE_LOOP('',(#4572));
#4572 = ORIENTED_EDGE('',*,*,#4573,.T.);
#4573 = EDGE_CURVE('',#4574,#4574,#4576,.T.);
#4574 = VERTEX_POINT('',#4575);
#4575 = CARTESIAN_POINT('',(157.043096,-101.6,-7.5E-02));
#4576 = CIRCLE('',#4577,0.643096);
#4577 = AXIS2_PLACEMENT_3D('',#4578,#4579,#4580);
#4578 = CARTESIAN_POINT('',(156.4,-101.6,-7.5E-02));
#4579 = DIRECTION('',(0.,0.,1.));
#4580 = DIRECTION('',(1.,0.,-0.));
#4581 = PLANE('',#4582);
#4582 = AXIS2_PLACEMENT_3D('',#4583,#4584,#4585);
#4583 = CARTESIAN_POINT('',(0.,0.,-7.5E-02));
#4584 = DIRECTION('',(-0.,-0.,-1.));
#4585 = DIRECTION('',(-1.,0.,0.));
#4586 = SHELL_BASED_SURFACE_MODEL('',(#4587));
#4587 = OPEN_SHELL('',(#4588));
#4588 = ADVANCED_FACE('',(#4589),#4633,.T.);
#4589 = FACE_BOUND('',#4590,.T.);
#4590 = EDGE_LOOP('',(#4591,#4602,#4610,#4619,#4627));
#4591 = ORIENTED_EDGE('',*,*,#4592,.T.);
#4592 = EDGE_CURVE('',#4593,#4595,#4597,.T.);
#4593 = VERTEX_POINT('',#4594);
#4594 = CARTESIAN_POINT('',(157.534567,-100.919203,-7.5E-02));
#4595 = VERTEX_POINT('',#4596);
#4596 = CARTESIAN_POINT('',(157.65,-100.942164,-7.5E-02));
#4597 = CIRCLE('',#4598,6.000007318647E-02);
#4598 = AXIS2_PLACEMENT_3D('',#4599,#4600,#4601);
#4599 = CARTESIAN_POINT('',(157.58999992681,-100.9421638233,-7.5E-02));
#4600 = DIRECTION('',(0.,0.,-1.));
#4601 = DIRECTION('',(-0.923880986637,0.382679921777,0.));
#4602 = ORIENTED_EDGE('',*,*,#4603,.T.);
#4603 = EDGE_CURVE('',#4595,#4604,#4606,.T.);
#4604 = VERTEX_POINT('',#4605);
#4605 = CARTESIAN_POINT('',(157.65,-101.157836,-7.5E-02));
#4606 = LINE('',#4607,#4608);
#4607 = CARTESIAN_POINT('',(157.65,-100.942164,-7.5E-02));
#4608 = VECTOR('',#4609,1.);
#4609 = DIRECTION('',(0.,-1.,0.));
#4610 = ORIENTED_EDGE('',*,*,#4611,.T.);
#4611 = EDGE_CURVE('',#4604,#4612,#4614,.T.);
#4612 = VERTEX_POINT('',#4613);
#4613 = CARTESIAN_POINT('',(157.53,-101.157836,-7.5E-02));
#4614 = CIRCLE('',#4615,6.000000000043E-02);
#4615 = AXIS2_PLACEMENT_3D('',#4616,#4617,#4618);
#4616 = CARTESIAN_POINT('',(157.59,-101.1578362255,-7.5E-02));
#4617 = DIRECTION('',(0.,0.,-1.));
#4618 = DIRECTION('',(0.999999999993,3.759794016836E-06,0.));
#4619 = ORIENTED_EDGE('',*,*,#4620,.T.);
#4620 = EDGE_CURVE('',#4612,#4621,#4623,.T.);
#4621 = VERTEX_POINT('',#4622);
#4622 = CARTESIAN_POINT('',(157.53,-100.942164,-7.5E-02));
#4623 = LINE('',#4624,#4625);
#4624 = CARTESIAN_POINT('',(157.53,-101.157836,-7.5E-02));
#4625 = VECTOR('',#4626,1.);
#4626 = DIRECTION('',(0.,1.,0.));
#4627 = ORIENTED_EDGE('',*,*,#4628,.T.);
#4628 = EDGE_CURVE('',#4621,#4593,#4629,.T.);
#4629 = LINE('',#4630,#4631);
#4630 = CARTESIAN_POINT('',(157.53,-100.942164,-7.5E-02));
#4631 = VECTOR('',#4632,1.);
#4632 = DIRECTION('',(0.195081000118,0.980787134598,0.));
#4633 = PLANE('',#4634);
#4634 = AXIS2_PLACEMENT_3D('',#4635,#4636,#4637);
#4635 = CARTESIAN_POINT('',(0.,0.,-7.5E-02));
#4636 = DIRECTION('',(-0.,-0.,-1.));
#4637 = DIRECTION('',(-1.,0.,0.));
#4638 = SHELL_BASED_SURFACE_MODEL('',(#4639));
#4639 = OPEN_SHELL('',(#4640));
#4640 = ADVANCED_FACE('',(#4641),#4685,.T.);
#4641 = FACE_BOUND('',#4642,.T.);
#4642 = EDGE_LOOP('',(#4643,#4654,#4662,#4671,#4679));
#4643 = ORIENTED_EDGE('',*,*,#4644,.T.);
#4644 = EDGE_CURVE('',#4645,#4647,#4649,.T.);
#4645 = VERTEX_POINT('',#4646);
#4646 = CARTESIAN_POINT('',(158.254567,-100.919203,-7.5E-02));
#4647 = VERTEX_POINT('',#4648);
#4648 = CARTESIAN_POINT('',(158.37,-100.942164,-7.5E-02));
#4649 = CIRCLE('',#4650,6.000007318647E-02);
#4650 = AXIS2_PLACEMENT_3D('',#4651,#4652,#4653);
#4651 = CARTESIAN_POINT('',(158.30999992681,-100.9421638233,-7.5E-02));
#4652 = DIRECTION('',(0.,0.,-1.));
#4653 = DIRECTION('',(-0.923880986637,0.382679921777,0.));
#4654 = ORIENTED_EDGE('',*,*,#4655,.T.);
#4655 = EDGE_CURVE('',#4647,#4656,#4658,.T.);
#4656 = VERTEX_POINT('',#4657);
#4657 = CARTESIAN_POINT('',(158.37,-101.157836,-7.5E-02));
#4658 = LINE('',#4659,#4660);
#4659 = CARTESIAN_POINT('',(158.37,-100.942164,-7.5E-02));
#4660 = VECTOR('',#4661,1.);
#4661 = DIRECTION('',(0.,-1.,0.));
#4662 = ORIENTED_EDGE('',*,*,#4663,.T.);
#4663 = EDGE_CURVE('',#4656,#4664,#4666,.T.);
#4664 = VERTEX_POINT('',#4665);
#4665 = CARTESIAN_POINT('',(158.25,-101.157836,-7.5E-02));
#4666 = CIRCLE('',#4667,6.000000000043E-02);
#4667 = AXIS2_PLACEMENT_3D('',#4668,#4669,#4670);
#4668 = CARTESIAN_POINT('',(158.31,-101.1578362255,-7.5E-02));
#4669 = DIRECTION('',(0.,0.,-1.));
#4670 = DIRECTION('',(0.999999999993,3.759794016836E-06,0.));
#4671 = ORIENTED_EDGE('',*,*,#4672,.T.);
#4672 = EDGE_CURVE('',#4664,#4673,#4675,.T.);
#4673 = VERTEX_POINT('',#4674);
#4674 = CARTESIAN_POINT('',(158.25,-100.942164,-7.5E-02));
#4675 = LINE('',#4676,#4677);
#4676 = CARTESIAN_POINT('',(158.25,-101.157836,-7.5E-02));
#4677 = VECTOR('',#4678,1.);
#4678 = DIRECTION('',(0.,1.,0.));
#4679 = ORIENTED_EDGE('',*,*,#4680,.T.);
#4680 = EDGE_CURVE('',#4673,#4645,#4681,.T.);
#4681 = LINE('',#4682,#4683);
#4682 = CARTESIAN_POINT('',(158.25,-100.942164,-7.5E-02));
#4683 = VECTOR('',#4684,1.);
#4684 = DIRECTION('',(0.195081000118,0.980787134598,0.));
#4685 = PLANE('',#4686);
#4686 = AXIS2_PLACEMENT_3D('',#4687,#4688,#4689);
#4687 = CARTESIAN_POINT('',(0.,0.,-7.5E-02));
#4688 = DIRECTION('',(-0.,-0.,-1.));
#4689 = DIRECTION('',(-1.,0.,0.));
#4690 = SHELL_BASED_SURFACE_MODEL('',(#4691));
#4691 = OPEN_SHELL('',(#4692));
#4692 = ADVANCED_FACE('',(#4693),#4950,.T.);
#4693 = FACE_BOUND('',#4694,.T.);
#4694 = EDGE_LOOP('',(#4695,#4706,#4714,#4722,#4730,#4738,#4746,#4755,
    #4763,#4771,#4779,#4787,#4795,#4804,#4812,#4820,#4828,#4836,#4845,
    #4853,#4861,#4870,#4878,#4887,#4895,#4903,#4911,#4920,#4928,#4936,
    #4944));
#4695 = ORIENTED_EDGE('',*,*,#4696,.T.);
#4696 = EDGE_CURVE('',#4697,#4699,#4701,.T.);
#4697 = VERTEX_POINT('',#4698);
#4698 = CARTESIAN_POINT('',(156.930503,-99.865871,-7.5E-02));
#4699 = VERTEX_POINT('',#4700);
#4700 = CARTESIAN_POINT('',(156.892555,-99.752029,-7.5E-02));
#4701 = CIRCLE('',#4702,6.00001076428E-02);
#4702 = AXIS2_PLACEMENT_3D('',#4703,#4704,#4705);
#4703 = CARTESIAN_POINT('',(156.9115293649,-99.80894987836,-7.5E-02));
#4704 = DIRECTION('',(0.,0.,-1.));
#4705 = DIRECTION('',(0.316226684215,-0.948683658651,0.));
#4706 = ORIENTED_EDGE('',*,*,#4707,.T.);
#4707 = EDGE_CURVE('',#4699,#4708,#4710,.T.);
#4708 = VERTEX_POINT('',#4709);
#4709 = CARTESIAN_POINT('',(157.025814,-99.710855,-7.5E-02));
#4710 = LINE('',#4711,#4712);
#4711 = CARTESIAN_POINT('',(156.892555,-99.752029,-7.5E-02));
#4712 = VECTOR('',#4713,1.);
#4713 = DIRECTION('',(0.95543327277,0.295207149784,0.));
#4714 = ORIENTED_EDGE('',*,*,#4715,.T.);
#4715 = EDGE_CURVE('',#4708,#4716,#4718,.T.);
#4716 = VERTEX_POINT('',#4717);
#4717 = CARTESIAN_POINT('',(157.219238,-99.711441,-7.5E-02));
#4718 = LINE('',#4719,#4720);
#4719 = CARTESIAN_POINT('',(157.025814,-99.710855,-7.5E-02));
#4720 = VECTOR('',#4721,1.);
#4721 = DIRECTION('',(0.999995410752,-3.029599794747E-03,0.));
#4722 = ORIENTED_EDGE('',*,*,#4723,.T.);
#4723 = EDGE_CURVE('',#4716,#4724,#4726,.T.);
#4724 = VERTEX_POINT('',#4725);
#4725 = CARTESIAN_POINT('',(157.243124,-99.717189,-7.5E-02));
#4726 = LINE('',#4727,#4728);
#4727 = CARTESIAN_POINT('',(157.219238,-99.711441,-7.5E-02));
#4728 = VECTOR('',#4729,1.);
#4729 = DIRECTION('',(0.972245244822,-0.233964065446,0.));
#4730 = ORIENTED_EDGE('',*,*,#4731,.T.);
#4731 = EDGE_CURVE('',#4724,#4732,#4734,.T.);
#4732 = VERTEX_POINT('',#4733);
#4733 = CARTESIAN_POINT('',(157.334907,-99.766524,-7.5E-02));
#4734 = LINE('',#4735,#4736);
#4735 = CARTESIAN_POINT('',(157.243124,-99.717189,-7.5E-02));
#4736 = VECTOR('',#4737,1.);
#4737 = DIRECTION('',(0.880817843597,-0.4734553056,0.));
#4738 = ORIENTED_EDGE('',*,*,#4739,.T.);
#4739 = EDGE_CURVE('',#4732,#4740,#4742,.T.);
#4740 = VERTEX_POINT('',#4741);
#4741 = CARTESIAN_POINT('',(157.384241,-99.820212,-7.5E-02));
#4742 = LINE('',#4743,#4744);
#4743 = CARTESIAN_POINT('',(157.334907,-99.766524,-7.5E-02));
#4744 = VECTOR('',#4745,1.);
#4745 = DIRECTION('',(0.67661845623,-0.736333799774,0.));
#4746 = ORIENTED_EDGE('',*,*,#4747,.T.);
#4747 = EDGE_CURVE('',#4740,#4748,#4750,.T.);
#4748 = VERTEX_POINT('',#4749);
#4749 = CARTESIAN_POINT('',(157.378348,-100.110043,-7.5E-02));
#4750 = CIRCLE('',#4751,0.233464131859);
#4751 = AXIS2_PLACEMENT_3D('',#4752,#4753,#4754);
#4752 = CARTESIAN_POINT('',(157.19831232928,-99.96140700794,-7.5E-02));
#4753 = DIRECTION('',(0.,0.,-1.));
#4754 = DIRECTION('',(0.796390731366,0.604782442697,0.));
#4755 = ORIENTED_EDGE('',*,*,#4756,.T.);
#4756 = EDGE_CURVE('',#4748,#4757,#4759,.T.);
#4757 = VERTEX_POINT('',#4758);
#4758 = CARTESIAN_POINT('',(157.319314,-100.167378,-7.5E-02));
#4759 = LINE('',#4760,#4761);
#4760 = CARTESIAN_POINT('',(157.378348,-100.110043,-7.5E-02));
#4761 = VECTOR('',#4762,1.);
#4762 = DIRECTION('',(-0.717354164088,-0.696708693261,0.));
#4763 = ORIENTED_EDGE('',*,*,#4764,.T.);
#4764 = EDGE_CURVE('',#4757,#4765,#4767,.T.);
#4765 = VERTEX_POINT('',#4766);
#4766 = CARTESIAN_POINT('',(157.230843,-100.210015,-7.5E-02));
#4767 = LINE('',#4768,#4769);
#4768 = CARTESIAN_POINT('',(157.319314,-100.167378,-7.5E-02));
#4769 = VECTOR('',#4770,1.);
#4770 = DIRECTION('',(-0.900843000673,-0.434145008192,0.));
#4771 = ORIENTED_EDGE('',*,*,#4772,.T.);
#4772 = EDGE_CURVE('',#4765,#4773,#4775,.T.);
#4773 = VERTEX_POINT('',#4774);
#4774 = CARTESIAN_POINT('',(157.084851,-100.246513,-7.5E-02));
#4775 = LINE('',#4776,#4777);
#4776 = CARTESIAN_POINT('',(157.230843,-100.210015,-7.5E-02));
#4777 = VECTOR('',#4778,1.);
#4778 = DIRECTION('',(-0.970142500145,-0.242535625036,0.));
#4779 = ORIENTED_EDGE('',*,*,#4780,.T.);
#4780 = EDGE_CURVE('',#4773,#4781,#4783,.T.);
#4781 = VERTEX_POINT('',#4782);
#4782 = CARTESIAN_POINT('',(157.023261,-100.277308,-7.5E-02));
#4783 = LINE('',#4784,#4785);
#4784 = CARTESIAN_POINT('',(157.084851,-100.246513,-7.5E-02));
#4785 = VECTOR('',#4786,1.);
#4786 = DIRECTION('',(-0.894427191,-0.4472135955,0.));
#4787 = ORIENTED_EDGE('',*,*,#4788,.T.);
#4788 = EDGE_CURVE('',#4781,#4789,#4791,.T.);
#4789 = VERTEX_POINT('',#4790);
#4790 = CARTESIAN_POINT('',(156.998936,-100.301632,-7.5E-02));
#4791 = LINE('',#4792,#4793);
#4792 = CARTESIAN_POINT('',(157.023261,-100.277308,-7.5E-02));
#4793 = VECTOR('',#4794,1.);
#4794 = DIRECTION('',(-0.707121315905,-0.707092246169,0.));
#4795 = ORIENTED_EDGE('',*,*,#4796,.T.);
#4796 = EDGE_CURVE('',#4789,#4797,#4799,.T.);
#4797 = VERTEX_POINT('',#4798);
#4798 = CARTESIAN_POINT('',(156.998936,-100.459123,-7.5E-02));
#4799 = CIRCLE('',#4800,0.118816868438);
#4800 = AXIS2_PLACEMENT_3D('',#4801,#4802,#4803);
#4801 = CARTESIAN_POINT('',(157.0879112463,-100.3803775,-7.5E-02));
#4802 = DIRECTION('',(0.,0.,1.));
#4803 = DIRECTION('',(-0.748843556268,0.662746805527,0.));
#4804 = ORIENTED_EDGE('',*,*,#4805,.T.);
#4805 = EDGE_CURVE('',#4797,#4806,#4808,.T.);
#4806 = VERTEX_POINT('',#4807);
#4807 = CARTESIAN_POINT('',(157.02326,-100.483448,-7.5E-02));
#4808 = LINE('',#4809,#4810);
#4809 = CARTESIAN_POINT('',(156.998936,-100.459123,-7.5E-02));
#4810 = VECTOR('',#4811,1.);
#4811 = DIRECTION('',(0.70709224617,-0.707121315905,0.));
#4812 = ORIENTED_EDGE('',*,*,#4813,.T.);
#4813 = EDGE_CURVE('',#4806,#4814,#4816,.T.);
#4814 = VERTEX_POINT('',#4815);
#4815 = CARTESIAN_POINT('',(157.078075,-100.510855,-7.5E-02));
#4816 = LINE('',#4817,#4818);
#4817 = CARTESIAN_POINT('',(157.02326,-100.483448,-7.5E-02));
#4818 = VECTOR('',#4819,1.);
#4819 = DIRECTION('',(0.894430454428,-0.447207068585,0.));
#4820 = ORIENTED_EDGE('',*,*,#4821,.T.);
#4821 = EDGE_CURVE('',#4814,#4822,#4824,.T.);
#4822 = VERTEX_POINT('',#4823);
#4823 = CARTESIAN_POINT('',(157.244649,-100.510855,-7.5E-02));
#4824 = LINE('',#4825,#4826);
#4825 = CARTESIAN_POINT('',(157.078075,-100.510855,-7.5E-02));
#4826 = VECTOR('',#4827,1.);
#4827 = DIRECTION('',(1.,0.,0.));
#4828 = ORIENTED_EDGE('',*,*,#4829,.T.);
#4829 = EDGE_CURVE('',#4822,#4830,#4832,.T.);
#4830 = VERTEX_POINT('',#4831);
#4831 = CARTESIAN_POINT('',(157.349699,-100.475839,-7.5E-02));
#4832 = LINE('',#4833,#4834);
#4833 = CARTESIAN_POINT('',(157.244649,-100.510855,-7.5E-02));
#4834 = VECTOR('',#4835,1.);
#4835 = DIRECTION('',(0.948685104194,0.316222347534,0.));
#4836 = ORIENTED_EDGE('',*,*,#4837,.T.);
#4837 = EDGE_CURVE('',#4830,#4838,#4840,.T.);
#4838 = VERTEX_POINT('',#4839);
#4839 = CARTESIAN_POINT('',(157.387646,-100.589681,-7.5E-02));
#4840 = CIRCLE('',#4841,5.999994952738E-02);
#4841 = AXIS2_PLACEMENT_3D('',#4842,#4843,#4844);
#4842 = CARTESIAN_POINT('',(157.36867268532,-100.5327599382,-7.5E-02));
#4843 = DIRECTION('',(0.,0.,-1.));
#4844 = DIRECTION('',(-0.31622835468,0.948683101829,-0.));
#4845 = ORIENTED_EDGE('',*,*,#4846,.T.);
#4846 = EDGE_CURVE('',#4838,#4847,#4849,.T.);
#4847 = VERTEX_POINT('',#4848);
#4848 = CARTESIAN_POINT('',(157.254386,-100.630855,-7.5E-02));
#4849 = LINE('',#4850,#4851);
#4850 = CARTESIAN_POINT('',(157.387646,-100.589681,-7.5E-02));
#4851 = VECTOR('',#4852,1.);
#4852 = DIRECTION('',(-0.955433897588,-0.295205127565,0.));
#4853 = ORIENTED_EDGE('',*,*,#4854,.T.);
#4854 = EDGE_CURVE('',#4847,#4855,#4857,.T.);
#4855 = VERTEX_POINT('',#4856);
#4856 = CARTESIAN_POINT('',(157.050383,-100.628164,-7.5E-02));
#4857 = LINE('',#4858,#4859);
#4858 = CARTESIAN_POINT('',(157.254386,-100.630855,-7.5E-02));
#4859 = VECTOR('',#4860,1.);
#4860 = DIRECTION('',(-0.999913010343,1.31898350065E-02,0.));
#4861 = ORIENTED_EDGE('',*,*,#4862,.T.);
#4862 = EDGE_CURVE('',#4855,#4863,#4865,.T.);
#4863 = VERTEX_POINT('',#4864);
#4864 = CARTESIAN_POINT('',(156.854219,-100.432002,-7.5E-02));
#4865 = CIRCLE('',#4866,0.276048930569);
#4866 = AXIS2_PLACEMENT_3D('',#4867,#4868,#4869);
#4867 = CARTESIAN_POINT('',(157.12106484389,-100.3613174354,-7.5E-02));
#4868 = DIRECTION('',(0.,0.,-1.));
#4869 = DIRECTION('',(-0.256048243862,-0.966664004096,-0.));
#4870 = ORIENTED_EDGE('',*,*,#4871,.T.);
#4871 = EDGE_CURVE('',#4863,#4872,#4874,.T.);
#4872 = VERTEX_POINT('',#4873);
#4873 = CARTESIAN_POINT('',(156.854219,-100.328754,-7.5E-02));
#4874 = LINE('',#4875,#4876);
#4875 = CARTESIAN_POINT('',(156.854219,-100.432002,-7.5E-02));
#4876 = VECTOR('',#4877,1.);
#4877 = DIRECTION('',(0.,1.,0.));
#4878 = ORIENTED_EDGE('',*,*,#4879,.T.);
#4879 = EDGE_CURVE('',#4872,#4880,#4882,.T.);
#4880 = VERTEX_POINT('',#4881);
#4881 = CARTESIAN_POINT('',(157.049358,-100.131693,-7.5E-02));
#4882 = CIRCLE('',#4883,0.279538685088);
#4883 = AXIS2_PLACEMENT_3D('',#4884,#4885,#4886);
#4884 = CARTESIAN_POINT('',(157.12425765269,-100.4010105049,-7.5E-02));
#4885 = DIRECTION('',(0.,0.,-1.));
#4886 = DIRECTION('',(-0.966015321314,0.258484813843,0.));
#4887 = ORIENTED_EDGE('',*,*,#4888,.T.);
#4888 = EDGE_CURVE('',#4880,#4889,#4891,.T.);
#4889 = VERTEX_POINT('',#4890);
#4890 = CARTESIAN_POINT('',(157.195349,-100.095195,-7.5E-02));
#4891 = LINE('',#4892,#4893);
#4892 = CARTESIAN_POINT('',(157.049358,-100.131693,-7.5E-02));
#4893 = VECTOR('',#4894,1.);
#4894 = DIRECTION('',(0.970142109249,0.242537188617,0.));
#4895 = ORIENTED_EDGE('',*,*,#4896,.T.);
#4896 = EDGE_CURVE('',#4889,#4897,#4899,.T.);
#4897 = VERTEX_POINT('',#4898);
#4898 = CARTESIAN_POINT('',(157.256941,-100.064399,-7.5E-02));
#4899 = LINE('',#4900,#4901);
#4900 = CARTESIAN_POINT('',(157.195349,-100.095195,-7.5E-02));
#4901 = VECTOR('',#4902,1.);
#4902 = DIRECTION('',(0.894427191,0.4472135955,0.));
#4903 = ORIENTED_EDGE('',*,*,#4904,.T.);
#4904 = EDGE_CURVE('',#4897,#4905,#4907,.T.);
#4905 = VERTEX_POINT('',#4906);
#4906 = CARTESIAN_POINT('',(157.281265,-100.040074,-7.5E-02));
#4907 = LINE('',#4908,#4909);
#4908 = CARTESIAN_POINT('',(157.256941,-100.064399,-7.5E-02));
#4909 = VECTOR('',#4910,1.);
#4910 = DIRECTION('',(0.707092246169,0.707121315905,0.));
#4911 = ORIENTED_EDGE('',*,*,#4912,.T.);
#4912 = EDGE_CURVE('',#4905,#4913,#4915,.T.);
#4913 = VERTEX_POINT('',#4914);
#4914 = CARTESIAN_POINT('',(157.281265,-99.882587,-7.5E-02));
#4915 = CIRCLE('',#4916,0.118810586054);
#4916 = AXIS2_PLACEMENT_3D('',#4917,#4918,#4919);
#4917 = CARTESIAN_POINT('',(157.19229637313,-99.9613305,-7.5E-02));
#4918 = DIRECTION('',(0.,-0.,1.));
#4919 = DIRECTION('',(0.748827438868,-0.662765016276,-0.));
#4920 = ORIENTED_EDGE('',*,*,#4921,.T.);
#4921 = EDGE_CURVE('',#4913,#4922,#4924,.T.);
#4922 = VERTEX_POINT('',#4923);
#4923 = CARTESIAN_POINT('',(157.256941,-99.858262,-7.5E-02));
#4924 = LINE('',#4925,#4926);
#4925 = CARTESIAN_POINT('',(157.281265,-99.882587,-7.5E-02));
#4926 = VECTOR('',#4927,1.);
#4927 = DIRECTION('',(-0.707092246169,0.707121315905,0.));
#4928 = ORIENTED_EDGE('',*,*,#4929,.T.);
#4929 = EDGE_CURVE('',#4922,#4930,#4932,.T.);
#4930 = VERTEX_POINT('',#4931);
#4931 = CARTESIAN_POINT('',(157.202126,-99.830855,-7.5E-02));
#4932 = LINE('',#4933,#4934);
#4933 = CARTESIAN_POINT('',(157.256941,-99.858262,-7.5E-02));
#4934 = VECTOR('',#4935,1.);
#4935 = DIRECTION('',(-0.894430454428,0.447207068585,0.));
#4936 = ORIENTED_EDGE('',*,*,#4937,.T.);
#4937 = EDGE_CURVE('',#4930,#4938,#4940,.T.);
#4938 = VERTEX_POINT('',#4939);
#4939 = CARTESIAN_POINT('',(157.035551,-99.830855,-7.5E-02));
#4940 = LINE('',#4941,#4942);
#4941 = CARTESIAN_POINT('',(157.202126,-99.830855,-7.5E-02));
#4942 = VECTOR('',#4943,1.);
#4943 = DIRECTION('',(-1.,0.,0.));
#4944 = ORIENTED_EDGE('',*,*,#4945,.T.);
#4945 = EDGE_CURVE('',#4938,#4697,#4946,.T.);
#4946 = LINE('',#4947,#4948);
#4947 = CARTESIAN_POINT('',(157.035551,-99.830855,-7.5E-02));
#4948 = VECTOR('',#4949,1.);
#4949 = DIRECTION('',(-0.948683298051,-0.316227766017,0.));
#4950 = PLANE('',#4951);
#4951 = AXIS2_PLACEMENT_3D('',#4952,#4953,#4954);
#4952 = CARTESIAN_POINT('',(0.,0.,-7.5E-02));
#4953 = DIRECTION('',(-0.,-0.,-1.));
#4954 = DIRECTION('',(-1.,0.,0.));
#4955 = SHELL_BASED_SURFACE_MODEL('',(#4956));
#4956 = OPEN_SHELL('',(#4957));
#4957 = ADVANCED_FACE('',(#4958,#4969),#4980,.T.);
#4958 = FACE_BOUND('',#4959,.F.);
#4959 = EDGE_LOOP('',(#4960));
#4960 = ORIENTED_EDGE('',*,*,#4961,.T.);
#4961 = EDGE_CURVE('',#4962,#4962,#4964,.T.);
#4962 = VERTEX_POINT('',#4963);
#4963 = CARTESIAN_POINT('',(157.16,-98.8,-7.5E-02));
#4964 = CIRCLE('',#4965,0.76);
#4965 = AXIS2_PLACEMENT_3D('',#4966,#4967,#4968);
#4966 = CARTESIAN_POINT('',(156.4,-98.8,-7.5E-02));
#4967 = DIRECTION('',(0.,0.,1.));
#4968 = DIRECTION('',(1.,0.,-0.));
#4969 = FACE_BOUND('',#4970,.T.);
#4970 = EDGE_LOOP('',(#4971));
#4971 = ORIENTED_EDGE('',*,*,#4972,.T.);
#4972 = EDGE_CURVE('',#4973,#4973,#4975,.T.);
#4973 = VERTEX_POINT('',#4974);
#4974 = CARTESIAN_POINT('',(157.043096,-98.8,-7.5E-02));
#4975 = CIRCLE('',#4976,0.643096);
#4976 = AXIS2_PLACEMENT_3D('',#4977,#4978,#4979);
#4977 = CARTESIAN_POINT('',(156.4,-98.8,-7.5E-02));
#4978 = DIRECTION('',(0.,0.,1.));
#4979 = DIRECTION('',(1.,0.,-0.));
#4980 = PLANE('',#4981);
#4981 = AXIS2_PLACEMENT_3D('',#4982,#4983,#4984);
#4982 = CARTESIAN_POINT('',(0.,0.,-7.5E-02));
#4983 = DIRECTION('',(-0.,-0.,-1.));
#4984 = DIRECTION('',(-1.,0.,0.));
#4985 = SHELL_BASED_SURFACE_MODEL('',(#4986));
#4986 = OPEN_SHELL('',(#4987));
#4987 = ADVANCED_FACE('',(#4988),#5032,.T.);
#4988 = FACE_BOUND('',#4989,.T.);
#4989 = EDGE_LOOP('',(#4990,#5001,#5009,#5018,#5026));
#4990 = ORIENTED_EDGE('',*,*,#4991,.T.);
#4991 = EDGE_CURVE('',#4992,#4994,#4996,.T.);
#4992 = VERTEX_POINT('',#4993);
#4993 = CARTESIAN_POINT('',(157.534567,-99.044203,-7.5E-02));
#4994 = VERTEX_POINT('',#4995);
#4995 = CARTESIAN_POINT('',(157.65,-99.067164,-7.5E-02));
#4996 = CIRCLE('',#4997,6.000007318647E-02);
#4997 = AXIS2_PLACEMENT_3D('',#4998,#4999,#5000);
#4998 = CARTESIAN_POINT('',(157.58999992681,-99.06716382331,-7.5E-02));
#4999 = DIRECTION('',(0.,0.,-1.));
#5000 = DIRECTION('',(-0.923880986637,0.382679921777,0.));
#5001 = ORIENTED_EDGE('',*,*,#5002,.T.);
#5002 = EDGE_CURVE('',#4994,#5003,#5005,.T.);
#5003 = VERTEX_POINT('',#5004);
#5004 = CARTESIAN_POINT('',(157.65,-99.282836,-7.5E-02));
#5005 = LINE('',#5006,#5007);
#5006 = CARTESIAN_POINT('',(157.65,-99.067164,-7.5E-02));
#5007 = VECTOR('',#5008,1.);
#5008 = DIRECTION('',(0.,-1.,0.));
#5009 = ORIENTED_EDGE('',*,*,#5010,.T.);
#5010 = EDGE_CURVE('',#5003,#5011,#5013,.T.);
#5011 = VERTEX_POINT('',#5012);
#5012 = CARTESIAN_POINT('',(157.53,-99.282836,-7.5E-02));
#5013 = CIRCLE('',#5014,6.000000000043E-02);
#5014 = AXIS2_PLACEMENT_3D('',#5015,#5016,#5017);
#5015 = CARTESIAN_POINT('',(157.59,-99.28283622558,-7.5E-02));
#5016 = DIRECTION('',(0.,0.,-1.));
#5017 = DIRECTION('',(0.999999999993,3.759794016836E-06,0.));
#5018 = ORIENTED_EDGE('',*,*,#5019,.T.);
#5019 = EDGE_CURVE('',#5011,#5020,#5022,.T.);
#5020 = VERTEX_POINT('',#5021);
#5021 = CARTESIAN_POINT('',(157.53,-99.067164,-7.5E-02));
#5022 = LINE('',#5023,#5024);
#5023 = CARTESIAN_POINT('',(157.53,-99.282836,-7.5E-02));
#5024 = VECTOR('',#5025,1.);
#5025 = DIRECTION('',(0.,1.,0.));
#5026 = ORIENTED_EDGE('',*,*,#5027,.T.);
#5027 = EDGE_CURVE('',#5020,#4992,#5028,.T.);
#5028 = LINE('',#5029,#5030);
#5029 = CARTESIAN_POINT('',(157.53,-99.067164,-7.5E-02));
#5030 = VECTOR('',#5031,1.);
#5031 = DIRECTION('',(0.195081000118,0.980787134598,0.));
#5032 = PLANE('',#5033);
#5033 = AXIS2_PLACEMENT_3D('',#5034,#5035,#5036);
#5034 = CARTESIAN_POINT('',(0.,0.,-7.5E-02));
#5035 = DIRECTION('',(-0.,-0.,-1.));
#5036 = DIRECTION('',(-1.,0.,0.));
#5037 = SHELL_BASED_SURFACE_MODEL('',(#5038));
#5038 = OPEN_SHELL('',(#5039));
#5039 = ADVANCED_FACE('',(#5040),#5084,.T.);
#5040 = FACE_BOUND('',#5041,.T.);
#5041 = EDGE_LOOP('',(#5042,#5053,#5061,#5070,#5078));
#5042 = ORIENTED_EDGE('',*,*,#5043,.T.);
#5043 = EDGE_CURVE('',#5044,#5046,#5048,.T.);
#5044 = VERTEX_POINT('',#5045);
#5045 = CARTESIAN_POINT('',(158.254567,-99.044203,-7.5E-02));
#5046 = VERTEX_POINT('',#5047);
#5047 = CARTESIAN_POINT('',(158.37,-99.067164,-7.5E-02));
#5048 = CIRCLE('',#5049,6.000007318647E-02);
#5049 = AXIS2_PLACEMENT_3D('',#5050,#5051,#5052);
#5050 = CARTESIAN_POINT('',(158.30999992681,-99.06716382331,-7.5E-02));
#5051 = DIRECTION('',(0.,0.,-1.));
#5052 = DIRECTION('',(-0.923880986637,0.382679921777,0.));
#5053 = ORIENTED_EDGE('',*,*,#5054,.T.);
#5054 = EDGE_CURVE('',#5046,#5055,#5057,.T.);
#5055 = VERTEX_POINT('',#5056);
#5056 = CARTESIAN_POINT('',(158.37,-99.282836,-7.5E-02));
#5057 = LINE('',#5058,#5059);
#5058 = CARTESIAN_POINT('',(158.37,-99.067164,-7.5E-02));
#5059 = VECTOR('',#5060,1.);
#5060 = DIRECTION('',(0.,-1.,0.));
#5061 = ORIENTED_EDGE('',*,*,#5062,.T.);
#5062 = EDGE_CURVE('',#5055,#5063,#5065,.T.);
#5063 = VERTEX_POINT('',#5064);
#5064 = CARTESIAN_POINT('',(158.25,-99.282836,-7.5E-02));
#5065 = CIRCLE('',#5066,6.000000000043E-02);
#5066 = AXIS2_PLACEMENT_3D('',#5067,#5068,#5069);
#5067 = CARTESIAN_POINT('',(158.31,-99.28283622558,-7.5E-02));
#5068 = DIRECTION('',(0.,0.,-1.));
#5069 = DIRECTION('',(0.999999999993,3.759794016836E-06,0.));
#5070 = ORIENTED_EDGE('',*,*,#5071,.T.);
#5071 = EDGE_CURVE('',#5063,#5072,#5074,.T.);
#5072 = VERTEX_POINT('',#5073);
#5073 = CARTESIAN_POINT('',(158.25,-99.067164,-7.5E-02));
#5074 = LINE('',#5075,#5076);
#5075 = CARTESIAN_POINT('',(158.25,-99.282836,-7.5E-02));
#5076 = VECTOR('',#5077,1.);
#5077 = DIRECTION('',(0.,1.,0.));
#5078 = ORIENTED_EDGE('',*,*,#5079,.T.);
#5079 = EDGE_CURVE('',#5072,#5044,#5080,.T.);
#5080 = LINE('',#5081,#5082);
#5081 = CARTESIAN_POINT('',(158.25,-99.067164,-7.5E-02));
#5082 = VECTOR('',#5083,1.);
#5083 = DIRECTION('',(0.195081000118,0.980787134598,0.));
#5084 = PLANE('',#5085);
#5085 = AXIS2_PLACEMENT_3D('',#5086,#5087,#5088);
#5086 = CARTESIAN_POINT('',(0.,0.,-7.5E-02));
#5087 = DIRECTION('',(-0.,-0.,-1.));
#5088 = DIRECTION('',(-1.,0.,0.));
#5089 = ( GEOMETRIC_REPRESENTATION_CONTEXT(3) 
GLOBAL_UNCERTAINTY_ASSIGNED_CONTEXT((#5093)) 
GLOBAL_UNIT_ASSIGNED_CONTEXT((#5090,#5091,#5092)) REPRESENTATION_CONTEXT
('Context #1','3D Context with UNIT and UNCERTAINTY') );
#5090 = ( LENGTH_UNIT() NAMED_UNIT(*) SI_UNIT(.MILLI.,.METRE.) );
#5091 = ( NAMED_UNIT(*) PLANE_ANGLE_UNIT() SI_UNIT($,.RADIAN.) );
#5092 = ( NAMED_UNIT(*) SI_UNIT($,.STERADIAN.) SOLID_ANGLE_UNIT() );
#5093 = UNCERTAINTY_MEASURE_WITH_UNIT(LENGTH_MEASURE(1.E-07),#5090,
  'distance_accuracy_value','confusion accuracy');
#5094 = CONTEXT_DEPENDENT_SHAPE_REPRESENTATION(#5095,#5097);
#5095 = ( REPRESENTATION_RELATIONSHIP('','',#4186,#10) 
REPRESENTATION_RELATIONSHIP_WITH_TRANSFORMATION(#5096) 
SHAPE_REPRESENTATION_RELATIONSHIP() );
#5096 = ITEM_DEFINED_TRANSFORMATION('','',#11,#35);
#5097 = PRODUCT_DEFINITION_SHAPE('Placement','Placement of an item',
  #5098);
#5098 = NEXT_ASSEMBLY_USAGE_OCCURRENCE('6','=>[0:1:1:4]','',#5,#4181,$);
#5099 = PRODUCT_RELATED_PRODUCT_CATEGORY('part',$,(#4183));
#5100 = SHAPE_DEFINITION_REPRESENTATION(#5101,#5107);
#5101 = PRODUCT_DEFINITION_SHAPE('','',#5102);
#5102 = PRODUCT_DEFINITION('design','',#5103,#5106);
#5103 = PRODUCT_DEFINITION_FORMATION('','',#5104);
#5104 = PRODUCT('rect_20_20_soldermask','rect_20_20_soldermask','',(
    #5105));
#5105 = PRODUCT_CONTEXT('',#2,'mechanical');
#5106 = PRODUCT_DEFINITION_CONTEXT('part definition',#2,'design');
#5107 = SHAPE_REPRESENTATION('',(#11,#5108,#5818),#6528);
#5108 = SHELL_BASED_SURFACE_MODEL('',(#5109));
#5109 = OPEN_SHELL('',(#5110));
#5110 = ADVANCED_FACE('',(#5111,#5245,#5511,#5522,#5592,#5662,#5732,
    #5743),#5813,.T.);
#5111 = FACE_BOUND('',#5112,.F.);
#5112 = EDGE_LOOP('',(#5113,#5124,#5132,#5140,#5148,#5157,#5165,#5173,
    #5181,#5190,#5198,#5206,#5214,#5223,#5231,#5239));
#5113 = ORIENTED_EDGE('',*,*,#5114,.T.);
#5114 = EDGE_CURVE('',#5115,#5117,#5119,.T.);
#5115 = VERTEX_POINT('',#5116);
#5116 = CARTESIAN_POINT('',(140.002569,-92.242864,0.76));
#5117 = VERTEX_POINT('',#5118);
#5118 = CARTESIAN_POINT('',(142.242864,-90.002569,0.76));
#5119 = CIRCLE('',#5120,2.402573864661);
#5120 = AXIS2_PLACEMENT_3D('',#5121,#5122,#5123);
#5121 = CARTESIAN_POINT('',(142.39999883598,-92.39999883598,0.76));
#5122 = DIRECTION('',(0.,0.,-1.));
#5123 = DIRECTION('',(-0.997858950873,6.540270761121E-02,0.));
#5124 = ORIENTED_EDGE('',*,*,#5125,.T.);
#5125 = EDGE_CURVE('',#5117,#5126,#5128,.T.);
#5126 = VERTEX_POINT('',#5127);
#5127 = CARTESIAN_POINT('',(142.4,-90.,0.76));
#5128 = LINE('',#5129,#5130);
#5129 = CARTESIAN_POINT('',(142.242864,-90.002569,0.76));
#5130 = VECTOR('',#5131,1.);
#5131 = DIRECTION('',(0.999866383597,1.634671074391E-02,0.));
#5132 = ORIENTED_EDGE('',*,*,#5133,.T.);
#5133 = EDGE_CURVE('',#5126,#5134,#5136,.T.);
#5134 = VERTEX_POINT('',#5135);
#5135 = CARTESIAN_POINT('',(157.6,-90.,0.76));
#5136 = LINE('',#5137,#5138);
#5137 = CARTESIAN_POINT('',(142.4,-90.,0.76));
#5138 = VECTOR('',#5139,1.);
#5139 = DIRECTION('',(1.,0.,0.));
#5140 = ORIENTED_EDGE('',*,*,#5141,.T.);
#5141 = EDGE_CURVE('',#5134,#5142,#5144,.T.);
#5142 = VERTEX_POINT('',#5143);
#5143 = CARTESIAN_POINT('',(157.757136,-90.002569,0.76));
#5144 = LINE('',#5145,#5146);
#5145 = CARTESIAN_POINT('',(157.6,-90.,0.76));
#5146 = VECTOR('',#5147,1.);
#5147 = DIRECTION('',(0.999866383597,-1.634671074391E-02,0.));
#5148 = ORIENTED_EDGE('',*,*,#5149,.T.);
#5149 = EDGE_CURVE('',#5142,#5150,#5152,.T.);
#5150 = VERTEX_POINT('',#5151);
#5151 = CARTESIAN_POINT('',(159.997431,-92.242864,0.76));
#5152 = CIRCLE('',#5153,2.402573864661);
#5153 = AXIS2_PLACEMENT_3D('',#5154,#5155,#5156);
#5154 = CARTESIAN_POINT('',(157.60000116401,-92.39999883598,0.76));
#5155 = DIRECTION('',(0.,0.,-1.));
#5156 = DIRECTION('',(6.540270761123E-02,0.997858950873,0.));
#5157 = ORIENTED_EDGE('',*,*,#5158,.T.);
#5158 = EDGE_CURVE('',#5150,#5159,#5161,.T.);
#5159 = VERTEX_POINT('',#5160);
#5160 = CARTESIAN_POINT('',(160.,-92.4,0.76));
#5161 = LINE('',#5162,#5163);
#5162 = CARTESIAN_POINT('',(159.997431,-92.242864,0.76));
#5163 = VECTOR('',#5164,1.);
#5164 = DIRECTION('',(1.634671074391E-02,-0.999866383597,0.));
#5165 = ORIENTED_EDGE('',*,*,#5166,.T.);
#5166 = EDGE_CURVE('',#5159,#5167,#5169,.T.);
#5167 = VERTEX_POINT('',#5168);
#5168 = CARTESIAN_POINT('',(160.,-107.6,0.76));
#5169 = LINE('',#5170,#5171);
#5170 = CARTESIAN_POINT('',(160.,-92.4,0.76));
#5171 = VECTOR('',#5172,1.);
#5172 = DIRECTION('',(0.,-1.,0.));
#5173 = ORIENTED_EDGE('',*,*,#5174,.T.);
#5174 = EDGE_CURVE('',#5167,#5175,#5177,.T.);
#5175 = VERTEX_POINT('',#5176);
#5176 = CARTESIAN_POINT('',(159.997431,-107.757136,0.76));
#5177 = LINE('',#5178,#5179);
#5178 = CARTESIAN_POINT('',(160.,-107.6,0.76));
#5179 = VECTOR('',#5180,1.);
#5180 = DIRECTION('',(-1.634671074391E-02,-0.999866383597,0.));
#5181 = ORIENTED_EDGE('',*,*,#5182,.T.);
#5182 = EDGE_CURVE('',#5175,#5183,#5185,.T.);
#5183 = VERTEX_POINT('',#5184);
#5184 = CARTESIAN_POINT('',(157.757136,-109.997431,0.76));
#5185 = CIRCLE('',#5186,2.402573864661);
#5186 = AXIS2_PLACEMENT_3D('',#5187,#5188,#5189);
#5187 = CARTESIAN_POINT('',(157.60000116401,-107.600001164,0.76));
#5188 = DIRECTION('',(0.,0.,-1.));
#5189 = DIRECTION('',(0.997858950873,-6.540270761121E-02,0.));
#5190 = ORIENTED_EDGE('',*,*,#5191,.T.);
#5191 = EDGE_CURVE('',#5183,#5192,#5194,.T.);
#5192 = VERTEX_POINT('',#5193);
#5193 = CARTESIAN_POINT('',(157.6,-110.,0.76));
#5194 = LINE('',#5195,#5196);
#5195 = CARTESIAN_POINT('',(157.757136,-109.997431,0.76));
#5196 = VECTOR('',#5197,1.);
#5197 = DIRECTION('',(-0.999866383597,-1.634671074391E-02,0.));
#5198 = ORIENTED_EDGE('',*,*,#5199,.T.);
#5199 = EDGE_CURVE('',#5192,#5200,#5202,.T.);
#5200 = VERTEX_POINT('',#5201);
#5201 = CARTESIAN_POINT('',(142.4,-110.,0.76));
#5202 = LINE('',#5203,#5204);
#5203 = CARTESIAN_POINT('',(157.6,-110.,0.76));
#5204 = VECTOR('',#5205,1.);
#5205 = DIRECTION('',(-1.,0.,0.));
#5206 = ORIENTED_EDGE('',*,*,#5207,.T.);
#5207 = EDGE_CURVE('',#5200,#5208,#5210,.T.);
#5208 = VERTEX_POINT('',#5209);
#5209 = CARTESIAN_POINT('',(142.242864,-109.997431,0.76));
#5210 = LINE('',#5211,#5212);
#5211 = CARTESIAN_POINT('',(142.4,-110.,0.76));
#5212 = VECTOR('',#5213,1.);
#5213 = DIRECTION('',(-0.999866383597,1.634671074391E-02,0.));
#5214 = ORIENTED_EDGE('',*,*,#5215,.T.);
#5215 = EDGE_CURVE('',#5208,#5216,#5218,.T.);
#5216 = VERTEX_POINT('',#5217);
#5217 = CARTESIAN_POINT('',(140.002569,-107.757136,0.76));
#5218 = CIRCLE('',#5219,2.402573864661);
#5219 = AXIS2_PLACEMENT_3D('',#5220,#5221,#5222);
#5220 = CARTESIAN_POINT('',(142.39999883598,-107.600001164,0.76));
#5221 = DIRECTION('',(0.,0.,-1.));
#5222 = DIRECTION('',(-6.540270761123E-02,-0.997858950873,-0.));
#5223 = ORIENTED_EDGE('',*,*,#5224,.T.);
#5224 = EDGE_CURVE('',#5216,#5225,#5227,.T.);
#5225 = VERTEX_POINT('',#5226);
#5226 = CARTESIAN_POINT('',(140.,-107.6,0.76));
#5227 = LINE('',#5228,#5229);
#5228 = CARTESIAN_POINT('',(140.002569,-107.757136,0.76));
#5229 = VECTOR('',#5230,1.);
#5230 = DIRECTION('',(-1.634671074391E-02,0.999866383597,0.));
#5231 = ORIENTED_EDGE('',*,*,#5232,.T.);
#5232 = EDGE_CURVE('',#5225,#5233,#5235,.T.);
#5233 = VERTEX_POINT('',#5234);
#5234 = CARTESIAN_POINT('',(140.,-92.4,0.76));
#5235 = LINE('',#5236,#5237);
#5236 = CARTESIAN_POINT('',(140.,-107.6,0.76));
#5237 = VECTOR('',#5238,1.);
#5238 = DIRECTION('',(0.,1.,0.));
#5239 = ORIENTED_EDGE('',*,*,#5240,.T.);
#5240 = EDGE_CURVE('',#5233,#5115,#5241,.T.);
#5241 = LINE('',#5242,#5243);
#5242 = CARTESIAN_POINT('',(140.,-92.4,0.76));
#5243 = VECTOR('',#5244,1.);
#5244 = DIRECTION('',(1.634671074391E-02,0.999866383597,0.));
#5245 = FACE_BOUND('',#5246,.F.);
#5246 = EDGE_LOOP('',(#5247,#5258,#5266,#5274,#5282,#5291,#5299,#5307,
    #5315,#5324,#5332,#5340,#5348,#5357,#5365,#5373,#5381,#5390,#5398,
    #5406,#5414,#5423,#5431,#5439,#5447,#5456,#5464,#5472,#5480,#5489,
    #5497,#5505));
#5247 = ORIENTED_EDGE('',*,*,#5248,.T.);
#5248 = EDGE_CURVE('',#5249,#5251,#5253,.T.);
#5249 = VERTEX_POINT('',#5250);
#5250 = CARTESIAN_POINT('',(159.197534,-92.274271,0.76));
#5251 = VERTEX_POINT('',#5252);
#5252 = CARTESIAN_POINT('',(157.725729,-90.802466,0.76));
#5253 = CIRCLE('',#5254,1.602472334936);
#5254 = AXIS2_PLACEMENT_3D('',#5255,#5256,#5257);
#5255 = CARTESIAN_POINT('',(157.60000147347,-92.39999852652,0.76));
#5256 = DIRECTION('',(0.,0.,1.));
#5257 = DIRECTION('',(0.996917383032,7.845846931982E-02,-0.));
#5258 = ORIENTED_EDGE('',*,*,#5259,.T.);
#5259 = EDGE_CURVE('',#5251,#5260,#5262,.T.);
#5260 = VERTEX_POINT('',#5261);
#5261 = CARTESIAN_POINT('',(157.6,-90.8,0.76));
#5262 = LINE('',#5263,#5264);
#5263 = CARTESIAN_POINT('',(157.725729,-90.802466,0.76));
#5264 = VECTOR('',#5265,1.);
#5265 = DIRECTION('',(-0.999807708563,1.960984187669E-02,0.));
#5266 = ORIENTED_EDGE('',*,*,#5267,.T.);
#5267 = EDGE_CURVE('',#5260,#5268,#5270,.T.);
#5268 = VERTEX_POINT('',#5269);
#5269 = CARTESIAN_POINT('',(142.4,-90.8,0.76));
#5270 = LINE('',#5271,#5272);
#5271 = CARTESIAN_POINT('',(157.6,-90.8,0.76));
#5272 = VECTOR('',#5273,1.);
#5273 = DIRECTION('',(-1.,0.,0.));
#5274 = ORIENTED_EDGE('',*,*,#5275,.T.);
#5275 = EDGE_CURVE('',#5268,#5276,#5278,.T.);
#5276 = VERTEX_POINT('',#5277);
#5277 = CARTESIAN_POINT('',(142.274271,-90.802466,0.76));
#5278 = LINE('',#5279,#5280);
#5279 = CARTESIAN_POINT('',(142.4,-90.8,0.76));
#5280 = VECTOR('',#5281,1.);
#5281 = DIRECTION('',(-0.999807708563,-1.960984187669E-02,0.));
#5282 = ORIENTED_EDGE('',*,*,#5283,.T.);
#5283 = EDGE_CURVE('',#5276,#5284,#5286,.T.);
#5284 = VERTEX_POINT('',#5285);
#5285 = CARTESIAN_POINT('',(140.802466,-92.274271,0.76));
#5286 = CIRCLE('',#5287,1.602472334936);
#5287 = AXIS2_PLACEMENT_3D('',#5288,#5289,#5290);
#5288 = CARTESIAN_POINT('',(142.39999852652,-92.39999852652,0.76));
#5289 = DIRECTION('',(0.,0.,1.));
#5290 = DIRECTION('',(-7.845846931986E-02,0.996917383032,0.));
#5291 = ORIENTED_EDGE('',*,*,#5292,.T.);
#5292 = EDGE_CURVE('',#5284,#5293,#5295,.T.);
#5293 = VERTEX_POINT('',#5294);
#5294 = CARTESIAN_POINT('',(140.8,-92.4,0.76));
#5295 = LINE('',#5296,#5297);
#5296 = CARTESIAN_POINT('',(140.802466,-92.274271,0.76));
#5297 = VECTOR('',#5298,1.);
#5298 = DIRECTION('',(-1.960984187669E-02,-0.999807708563,0.));
#5299 = ORIENTED_EDGE('',*,*,#5300,.T.);
#5300 = EDGE_CURVE('',#5293,#5301,#5303,.T.);
#5301 = VERTEX_POINT('',#5302);
#5302 = CARTESIAN_POINT('',(140.8,-107.6,0.76));
#5303 = LINE('',#5304,#5305);
#5304 = CARTESIAN_POINT('',(140.8,-92.4,0.76));
#5305 = VECTOR('',#5306,1.);
#5306 = DIRECTION('',(0.,-1.,0.));
#5307 = ORIENTED_EDGE('',*,*,#5308,.T.);
#5308 = EDGE_CURVE('',#5301,#5309,#5311,.T.);
#5309 = VERTEX_POINT('',#5310);
#5310 = CARTESIAN_POINT('',(140.802466,-107.725729,0.76));
#5311 = LINE('',#5312,#5313);
#5312 = CARTESIAN_POINT('',(140.8,-107.6,0.76));
#5313 = VECTOR('',#5314,1.);
#5314 = DIRECTION('',(1.960984187669E-02,-0.999807708563,0.));
#5315 = ORIENTED_EDGE('',*,*,#5316,.T.);
#5316 = EDGE_CURVE('',#5309,#5317,#5319,.T.);
#5317 = VERTEX_POINT('',#5318);
#5318 = CARTESIAN_POINT('',(142.274271,-109.197534,0.76));
#5319 = CIRCLE('',#5320,1.602472334936);
#5320 = AXIS2_PLACEMENT_3D('',#5321,#5322,#5323);
#5321 = CARTESIAN_POINT('',(142.39999852652,-107.6000014734,0.76));
#5322 = DIRECTION('',(0.,0.,1.));
#5323 = DIRECTION('',(-0.996917383032,-7.845846931982E-02,0.));
#5324 = ORIENTED_EDGE('',*,*,#5325,.T.);
#5325 = EDGE_CURVE('',#5317,#5326,#5328,.T.);
#5326 = VERTEX_POINT('',#5327);
#5327 = CARTESIAN_POINT('',(142.4,-109.2,0.76));
#5328 = LINE('',#5329,#5330);
#5329 = CARTESIAN_POINT('',(142.274271,-109.197534,0.76));
#5330 = VECTOR('',#5331,1.);
#5331 = DIRECTION('',(0.999807708563,-1.960984187669E-02,0.));
#5332 = ORIENTED_EDGE('',*,*,#5333,.T.);
#5333 = EDGE_CURVE('',#5326,#5334,#5336,.T.);
#5334 = VERTEX_POINT('',#5335);
#5335 = CARTESIAN_POINT('',(157.6,-109.2,0.76));
#5336 = LINE('',#5337,#5338);
#5337 = CARTESIAN_POINT('',(142.4,-109.2,0.76));
#5338 = VECTOR('',#5339,1.);
#5339 = DIRECTION('',(1.,0.,0.));
#5340 = ORIENTED_EDGE('',*,*,#5341,.T.);
#5341 = EDGE_CURVE('',#5334,#5342,#5344,.T.);
#5342 = VERTEX_POINT('',#5343);
#5343 = CARTESIAN_POINT('',(157.725729,-109.197534,0.76));
#5344 = LINE('',#5345,#5346);
#5345 = CARTESIAN_POINT('',(157.6,-109.2,0.76));
#5346 = VECTOR('',#5347,1.);
#5347 = DIRECTION('',(0.999807708563,1.960984187669E-02,0.));
#5348 = ORIENTED_EDGE('',*,*,#5349,.T.);
#5349 = EDGE_CURVE('',#5342,#5350,#5352,.T.);
#5350 = VERTEX_POINT('',#5351);
#5351 = CARTESIAN_POINT('',(159.197534,-107.725729,0.76));
#5352 = CIRCLE('',#5353,1.602472334936);
#5353 = AXIS2_PLACEMENT_3D('',#5354,#5355,#5356);
#5354 = CARTESIAN_POINT('',(157.60000147347,-107.6000014734,0.76));
#5355 = DIRECTION('',(0.,0.,1.));
#5356 = DIRECTION('',(7.845846931986E-02,-0.996917383032,0.));
#5357 = ORIENTED_EDGE('',*,*,#5358,.T.);
#5358 = EDGE_CURVE('',#5350,#5359,#5361,.T.);
#5359 = VERTEX_POINT('',#5360);
#5360 = CARTESIAN_POINT('',(159.2,-107.6,0.76));
#5361 = LINE('',#5362,#5363);
#5362 = CARTESIAN_POINT('',(159.197534,-107.725729,0.76));
#5363 = VECTOR('',#5364,1.);
#5364 = DIRECTION('',(1.960984187669E-02,0.999807708563,0.));
#5365 = ORIENTED_EDGE('',*,*,#5366,.T.);
#5366 = EDGE_CURVE('',#5359,#5367,#5369,.T.);
#5367 = VERTEX_POINT('',#5368);
#5368 = CARTESIAN_POINT('',(159.2,-103.2,0.76));
#5369 = LINE('',#5370,#5371);
#5370 = CARTESIAN_POINT('',(159.2,-107.6,0.76));
#5371 = VECTOR('',#5372,1.);
#5372 = DIRECTION('',(0.,1.,0.));
#5373 = ORIENTED_EDGE('',*,*,#5374,.T.);
#5374 = EDGE_CURVE('',#5367,#5375,#5377,.T.);
#5375 = VERTEX_POINT('',#5376);
#5376 = CARTESIAN_POINT('',(159.197538,-103.137036,0.76));
#5377 = LINE('',#5378,#5379);
#5378 = CARTESIAN_POINT('',(159.2,-103.2,0.76));
#5379 = VECTOR('',#5380,1.);
#5380 = DIRECTION('',(-3.907185099208E-02,0.99923640369,0.));
#5381 = ORIENTED_EDGE('',*,*,#5382,.T.);
#5382 = EDGE_CURVE('',#5375,#5383,#5385,.T.);
#5383 = VERTEX_POINT('',#5384);
#5384 = CARTESIAN_POINT('',(158.862964,-102.802462,0.76));
#5385 = CIRCLE('',#5386,0.402492209863);
#5386 = AXIS2_PLACEMENT_3D('',#5387,#5388,#5389);
#5387 = CARTESIAN_POINT('',(158.80000102903,-103.1999989709,0.76));
#5388 = DIRECTION('',(0.,0.,1.));
#5389 = DIRECTION('',(0.987688609189,0.156432769196,-0.));
#5390 = ORIENTED_EDGE('',*,*,#5391,.T.);
#5391 = EDGE_CURVE('',#5383,#5392,#5394,.T.);
#5392 = VERTEX_POINT('',#5393);
#5393 = CARTESIAN_POINT('',(158.8,-102.8,0.76));
#5394 = LINE('',#5395,#5396);
#5395 = CARTESIAN_POINT('',(158.862964,-102.802462,0.76));
#5396 = VECTOR('',#5397,1.);
#5397 = DIRECTION('',(-0.99923640369,3.907185099254E-02,0.));
#5398 = ORIENTED_EDGE('',*,*,#5399,.T.);
#5399 = EDGE_CURVE('',#5392,#5400,#5402,.T.);
#5400 = VERTEX_POINT('',#5401);
#5401 = CARTESIAN_POINT('',(156.4,-102.8,0.76));
#5402 = LINE('',#5403,#5404);
#5403 = CARTESIAN_POINT('',(158.8,-102.8,0.76));
#5404 = VECTOR('',#5405,1.);
#5405 = DIRECTION('',(-1.,0.,0.));
#5406 = ORIENTED_EDGE('',*,*,#5407,.T.);
#5407 = EDGE_CURVE('',#5400,#5408,#5410,.T.);
#5408 = VERTEX_POINT('',#5409);
#5409 = CARTESIAN_POINT('',(156.295213,-102.797717,0.76));
#5410 = LINE('',#5411,#5412);
#5411 = CARTESIAN_POINT('',(156.4,-102.8,0.76));
#5412 = VECTOR('',#5413,1.);
#5413 = DIRECTION('',(-0.999762746605,2.178188468503E-02,0.));
#5414 = ORIENTED_EDGE('',*,*,#5415,.T.);
#5415 = EDGE_CURVE('',#5408,#5416,#5418,.T.);
#5416 = VERTEX_POINT('',#5417);
#5417 = CARTESIAN_POINT('',(155.202283,-101.704787,0.76));
#5418 = CIRCLE('',#5419,1.202291682448);
#5419 = AXIS2_PLACEMENT_3D('',#5420,#5421,#5422);
#5420 = CARTESIAN_POINT('',(156.39999960162,-101.6000003983,0.76));
#5421 = DIRECTION('',(0.,0.,-1.));
#5422 = DIRECTION('',(-8.715572365072E-02,-0.996194699763,-0.));
#5423 = ORIENTED_EDGE('',*,*,#5424,.T.);
#5424 = EDGE_CURVE('',#5416,#5425,#5427,.T.);
#5425 = VERTEX_POINT('',#5426);
#5426 = CARTESIAN_POINT('',(155.2,-101.6,0.76));
#5427 = LINE('',#5428,#5429);
#5428 = CARTESIAN_POINT('',(155.202283,-101.704787,0.76));
#5429 = VECTOR('',#5430,1.);
#5430 = DIRECTION('',(-2.178188468517E-02,0.999762746605,0.));
#5431 = ORIENTED_EDGE('',*,*,#5432,.T.);
#5432 = EDGE_CURVE('',#5425,#5433,#5435,.T.);
#5433 = VERTEX_POINT('',#5434);
#5434 = CARTESIAN_POINT('',(155.2,-98.8,0.76));
#5435 = LINE('',#5436,#5437);
#5436 = CARTESIAN_POINT('',(155.2,-101.6,0.76));
#5437 = VECTOR('',#5438,1.);
#5438 = DIRECTION('',(0.,1.,0.));
#5439 = ORIENTED_EDGE('',*,*,#5440,.T.);
#5440 = EDGE_CURVE('',#5433,#5441,#5443,.T.);
#5441 = VERTEX_POINT('',#5442);
#5442 = CARTESIAN_POINT('',(155.202283,-98.695213,0.76));
#5443 = LINE('',#5444,#5445);
#5444 = CARTESIAN_POINT('',(155.2,-98.8,0.76));
#5445 = VECTOR('',#5446,1.);
#5446 = DIRECTION('',(2.178188468517E-02,0.999762746605,0.));
#5447 = ORIENTED_EDGE('',*,*,#5448,.T.);
#5448 = EDGE_CURVE('',#5441,#5449,#5451,.T.);
#5449 = VERTEX_POINT('',#5450);
#5450 = CARTESIAN_POINT('',(156.295213,-97.602283,0.76));
#5451 = CIRCLE('',#5452,1.202291682448);
#5452 = AXIS2_PLACEMENT_3D('',#5453,#5454,#5455);
#5453 = CARTESIAN_POINT('',(156.39999960162,-98.79999960162,0.76));
#5454 = DIRECTION('',(0.,0.,-1.));
#5455 = DIRECTION('',(-0.996194699763,8.71557236507E-02,0.));
#5456 = ORIENTED_EDGE('',*,*,#5457,.T.);
#5457 = EDGE_CURVE('',#5449,#5458,#5460,.T.);
#5458 = VERTEX_POINT('',#5459);
#5459 = CARTESIAN_POINT('',(156.4,-97.6,0.76));
#5460 = LINE('',#5461,#5462);
#5461 = CARTESIAN_POINT('',(156.295213,-97.602283,0.76));
#5462 = VECTOR('',#5463,1.);
#5463 = DIRECTION('',(0.999762746605,2.178188468517E-02,0.));
#5464 = ORIENTED_EDGE('',*,*,#5465,.T.);
#5465 = EDGE_CURVE('',#5458,#5466,#5468,.T.);
#5466 = VERTEX_POINT('',#5467);
#5467 = CARTESIAN_POINT('',(158.8,-97.6,0.76));
#5468 = LINE('',#5469,#5470);
#5469 = CARTESIAN_POINT('',(156.4,-97.6,0.76));
#5470 = VECTOR('',#5471,1.);
#5471 = DIRECTION('',(1.,0.,0.));
#5472 = ORIENTED_EDGE('',*,*,#5473,.T.);
#5473 = EDGE_CURVE('',#5466,#5474,#5476,.T.);
#5474 = VERTEX_POINT('',#5475);
#5475 = CARTESIAN_POINT('',(158.862964,-97.597538,0.76));
#5476 = LINE('',#5477,#5478);
#5477 = CARTESIAN_POINT('',(158.8,-97.6,0.76));
#5478 = VECTOR('',#5479,1.);
#5479 = DIRECTION('',(0.99923640369,3.907185099231E-02,0.));
#5480 = ORIENTED_EDGE('',*,*,#5481,.T.);
#5481 = EDGE_CURVE('',#5474,#5482,#5484,.T.);
#5482 = VERTEX_POINT('',#5483);
#5483 = CARTESIAN_POINT('',(159.197538,-97.262964,0.76));
#5484 = CIRCLE('',#5485,0.402492209863);
#5485 = AXIS2_PLACEMENT_3D('',#5486,#5487,#5488);
#5486 = CARTESIAN_POINT('',(158.80000102903,-97.20000102903,0.76));
#5487 = DIRECTION('',(0.,0.,1.));
#5488 = DIRECTION('',(0.156432769196,-0.987688609189,0.));
#5489 = ORIENTED_EDGE('',*,*,#5490,.T.);
#5490 = EDGE_CURVE('',#5482,#5491,#5493,.T.);
#5491 = VERTEX_POINT('',#5492);
#5492 = CARTESIAN_POINT('',(159.2,-97.2,0.76));
#5493 = LINE('',#5494,#5495);
#5494 = CARTESIAN_POINT('',(159.197538,-97.262964,0.76));
#5495 = VECTOR('',#5496,1.);
#5496 = DIRECTION('',(3.907185099209E-02,0.99923640369,0.));
#5497 = ORIENTED_EDGE('',*,*,#5498,.T.);
#5498 = EDGE_CURVE('',#5491,#5499,#5501,.T.);
#5499 = VERTEX_POINT('',#5500);
#5500 = CARTESIAN_POINT('',(159.2,-92.4,0.76));
#5501 = LINE('',#5502,#5503);
#5502 = CARTESIAN_POINT('',(159.2,-97.2,0.76));
#5503 = VECTOR('',#5504,1.);
#5504 = DIRECTION('',(0.,1.,0.));
#5505 = ORIENTED_EDGE('',*,*,#5506,.T.);
#5506 = EDGE_CURVE('',#5499,#5249,#5507,.T.);
#5507 = LINE('',#5508,#5509);
#5508 = CARTESIAN_POINT('',(159.2,-92.4,0.76));
#5509 = VECTOR('',#5510,1.);
#5510 = DIRECTION('',(-1.960984187669E-02,0.999807708563,0.));
#5511 = FACE_BOUND('',#5512,.F.);
#5512 = EDGE_LOOP('',(#5513));
#5513 = ORIENTED_EDGE('',*,*,#5514,.T.);
#5514 = EDGE_CURVE('',#5515,#5515,#5517,.T.);
#5515 = VERTEX_POINT('',#5516);
#5516 = CARTESIAN_POINT('',(156.9,-101.6,0.76));
#5517 = CIRCLE('',#5518,0.5);
#5518 = AXIS2_PLACEMENT_3D('',#5519,#5520,#5521);
#5519 = CARTESIAN_POINT('',(156.4,-101.6,0.76));
#5520 = DIRECTION('',(0.,0.,1.));
#5521 = DIRECTION('',(1.,0.,-0.));
#5522 = FACE_BOUND('',#5523,.F.);
#5523 = EDGE_LOOP('',(#5524,#5535,#5543,#5552,#5560,#5569,#5577,#5586));
#5524 = ORIENTED_EDGE('',*,*,#5525,.T.);
#5525 = EDGE_CURVE('',#5526,#5528,#5530,.T.);
#5526 = VERTEX_POINT('',#5527);
#5527 = CARTESIAN_POINT('',(158.26,-101.39,0.76));
#5528 = VERTEX_POINT('',#5529);
#5529 = CARTESIAN_POINT('',(158.12,-101.25,0.76));
#5530 = CIRCLE('',#5531,0.139999827125);
#5531 = AXIS2_PLACEMENT_3D('',#5532,#5533,#5534);
#5532 = CARTESIAN_POINT('',(158.12000017287,-101.3899998271,0.76));
#5533 = DIRECTION('',(0.,0.,1.));
#5534 = DIRECTION('',(0.999999999999,-1.23482055276E-06,0.));
#5535 = ORIENTED_EDGE('',*,*,#5536,.T.);
#5536 = EDGE_CURVE('',#5528,#5537,#5539,.T.);
#5537 = VERTEX_POINT('',#5538);
#5538 = CARTESIAN_POINT('',(157.78,-101.25,0.76));
#5539 = LINE('',#5540,#5541);
#5540 = CARTESIAN_POINT('',(158.12,-101.25,0.76));
#5541 = VECTOR('',#5542,1.);
#5542 = DIRECTION('',(-1.,0.,0.));
#5543 = ORIENTED_EDGE('',*,*,#5544,.T.);
#5544 = EDGE_CURVE('',#5537,#5545,#5547,.T.);
#5545 = VERTEX_POINT('',#5546);
#5546 = CARTESIAN_POINT('',(157.64,-101.39,0.76));
#5547 = CIRCLE('',#5548,0.139999827125);
#5548 = AXIS2_PLACEMENT_3D('',#5549,#5550,#5551);
#5549 = CARTESIAN_POINT('',(157.77999982712,-101.3899998271,0.76));
#5550 = DIRECTION('',(0.,0.,1.));
#5551 = DIRECTION('',(1.234820248241E-06,0.999999999999,-0.));
#5552 = ORIENTED_EDGE('',*,*,#5553,.T.);
#5553 = EDGE_CURVE('',#5545,#5554,#5556,.T.);
#5554 = VERTEX_POINT('',#5555);
#5555 = CARTESIAN_POINT('',(157.64,-101.67,0.76));
#5556 = LINE('',#5557,#5558);
#5557 = CARTESIAN_POINT('',(157.64,-101.39,0.76));
#5558 = VECTOR('',#5559,1.);
#5559 = DIRECTION('',(0.,-1.,0.));
#5560 = ORIENTED_EDGE('',*,*,#5561,.T.);
#5561 = EDGE_CURVE('',#5554,#5562,#5564,.T.);
#5562 = VERTEX_POINT('',#5563);
#5563 = CARTESIAN_POINT('',(157.78,-101.81,0.76));
#5564 = CIRCLE('',#5565,0.139999827125);
#5565 = AXIS2_PLACEMENT_3D('',#5566,#5567,#5568);
#5566 = CARTESIAN_POINT('',(157.77999982712,-101.6700001728,0.76));
#5567 = DIRECTION('',(0.,0.,1.));
#5568 = DIRECTION('',(-0.999999999999,1.234820248241E-06,0.));
#5569 = ORIENTED_EDGE('',*,*,#5570,.T.);
#5570 = EDGE_CURVE('',#5562,#5571,#5573,.T.);
#5571 = VERTEX_POINT('',#5572);
#5572 = CARTESIAN_POINT('',(158.12,-101.81,0.76));
#5573 = LINE('',#5574,#5575);
#5574 = CARTESIAN_POINT('',(157.78,-101.81,0.76));
#5575 = VECTOR('',#5576,1.);
#5576 = DIRECTION('',(1.,0.,0.));
#5577 = ORIENTED_EDGE('',*,*,#5578,.T.);
#5578 = EDGE_CURVE('',#5571,#5579,#5581,.T.);
#5579 = VERTEX_POINT('',#5580);
#5580 = CARTESIAN_POINT('',(158.26,-101.67,0.76));
#5581 = CIRCLE('',#5582,0.139999827125);
#5582 = AXIS2_PLACEMENT_3D('',#5583,#5584,#5585);
#5583 = CARTESIAN_POINT('',(158.12000017287,-101.6700001728,0.76));
#5584 = DIRECTION('',(0.,0.,1.));
#5585 = DIRECTION('',(-1.234820451254E-06,-0.999999999999,0.));
#5586 = ORIENTED_EDGE('',*,*,#5587,.T.);
#5587 = EDGE_CURVE('',#5579,#5526,#5588,.T.);
#5588 = LINE('',#5589,#5590);
#5589 = CARTESIAN_POINT('',(158.26,-101.67,0.76));
#5590 = VECTOR('',#5591,1.);
#5591 = DIRECTION('',(0.,1.,0.));
#5592 = FACE_BOUND('',#5593,.F.);
#5593 = EDGE_LOOP('',(#5594,#5605,#5613,#5622,#5630,#5639,#5647,#5656));
#5594 = ORIENTED_EDGE('',*,*,#5595,.T.);
#5595 = EDGE_CURVE('',#5596,#5598,#5600,.T.);
#5596 = VERTEX_POINT('',#5597);
#5597 = CARTESIAN_POINT('',(158.26,-100.43,0.76));
#5598 = VERTEX_POINT('',#5599);
#5599 = CARTESIAN_POINT('',(158.12,-100.29,0.76));
#5600 = CIRCLE('',#5601,0.139999827125);
#5601 = AXIS2_PLACEMENT_3D('',#5602,#5603,#5604);
#5602 = CARTESIAN_POINT('',(158.12000017287,-100.4299998271,0.76));
#5603 = DIRECTION('',(0.,0.,1.));
#5604 = DIRECTION('',(0.999999999999,-1.23482055276E-06,0.));
#5605 = ORIENTED_EDGE('',*,*,#5606,.T.);
#5606 = EDGE_CURVE('',#5598,#5607,#5609,.T.);
#5607 = VERTEX_POINT('',#5608);
#5608 = CARTESIAN_POINT('',(157.78,-100.29,0.76));
#5609 = LINE('',#5610,#5611);
#5610 = CARTESIAN_POINT('',(158.12,-100.29,0.76));
#5611 = VECTOR('',#5612,1.);
#5612 = DIRECTION('',(-1.,0.,0.));
#5613 = ORIENTED_EDGE('',*,*,#5614,.T.);
#5614 = EDGE_CURVE('',#5607,#5615,#5617,.T.);
#5615 = VERTEX_POINT('',#5616);
#5616 = CARTESIAN_POINT('',(157.64,-100.43,0.76));
#5617 = CIRCLE('',#5618,0.139999827125);
#5618 = AXIS2_PLACEMENT_3D('',#5619,#5620,#5621);
#5619 = CARTESIAN_POINT('',(157.77999982712,-100.4299998271,0.76));
#5620 = DIRECTION('',(0.,0.,1.));
#5621 = DIRECTION('',(1.234820451253E-06,0.999999999999,-0.));
#5622 = ORIENTED_EDGE('',*,*,#5623,.T.);
#5623 = EDGE_CURVE('',#5615,#5624,#5626,.T.);
#5624 = VERTEX_POINT('',#5625);
#5625 = CARTESIAN_POINT('',(157.64,-100.71,0.76));
#5626 = LINE('',#5627,#5628);
#5627 = CARTESIAN_POINT('',(157.64,-100.43,0.76));
#5628 = VECTOR('',#5629,1.);
#5629 = DIRECTION('',(0.,-1.,0.));
#5630 = ORIENTED_EDGE('',*,*,#5631,.T.);
#5631 = EDGE_CURVE('',#5624,#5632,#5634,.T.);
#5632 = VERTEX_POINT('',#5633);
#5633 = CARTESIAN_POINT('',(157.78,-100.85,0.76));
#5634 = CIRCLE('',#5635,0.139999827125);
#5635 = AXIS2_PLACEMENT_3D('',#5636,#5637,#5638);
#5636 = CARTESIAN_POINT('',(157.77999982712,-100.7100001728,0.76));
#5637 = DIRECTION('',(0.,0.,1.));
#5638 = DIRECTION('',(-0.999999999999,1.234820248241E-06,0.));
#5639 = ORIENTED_EDGE('',*,*,#5640,.T.);
#5640 = EDGE_CURVE('',#5632,#5641,#5643,.T.);
#5641 = VERTEX_POINT('',#5642);
#5642 = CARTESIAN_POINT('',(158.12,-100.85,0.76));
#5643 = LINE('',#5644,#5645);
#5644 = CARTESIAN_POINT('',(157.78,-100.85,0.76));
#5645 = VECTOR('',#5646,1.);
#5646 = DIRECTION('',(1.,0.,0.));
#5647 = ORIENTED_EDGE('',*,*,#5648,.T.);
#5648 = EDGE_CURVE('',#5641,#5649,#5651,.T.);
#5649 = VERTEX_POINT('',#5650);
#5650 = CARTESIAN_POINT('',(158.26,-100.71,0.76));
#5651 = CIRCLE('',#5652,0.139999827125);
#5652 = AXIS2_PLACEMENT_3D('',#5653,#5654,#5655);
#5653 = CARTESIAN_POINT('',(158.12000017287,-100.7100001728,0.76));
#5654 = DIRECTION('',(0.,0.,1.));
#5655 = DIRECTION('',(-1.234820451254E-06,-0.999999999999,0.));
#5656 = ORIENTED_EDGE('',*,*,#5657,.T.);
#5657 = EDGE_CURVE('',#5649,#5596,#5658,.T.);
#5658 = LINE('',#5659,#5660);
#5659 = CARTESIAN_POINT('',(158.26,-100.71,0.76));
#5660 = VECTOR('',#5661,1.);
#5661 = DIRECTION('',(0.,1.,0.));
#5662 = FACE_BOUND('',#5663,.F.);
#5663 = EDGE_LOOP('',(#5664,#5675,#5683,#5692,#5700,#5709,#5717,#5726));
#5664 = ORIENTED_EDGE('',*,*,#5665,.T.);
#5665 = EDGE_CURVE('',#5666,#5668,#5670,.T.);
#5666 = VERTEX_POINT('',#5667);
#5667 = CARTESIAN_POINT('',(158.26,-99.515,0.76));
#5668 = VERTEX_POINT('',#5669);
#5669 = CARTESIAN_POINT('',(158.12,-99.375,0.76));
#5670 = CIRCLE('',#5671,0.139999827125);
#5671 = AXIS2_PLACEMENT_3D('',#5672,#5673,#5674);
#5672 = CARTESIAN_POINT('',(158.12000017287,-99.51499982712,0.76));
#5673 = DIRECTION('',(0.,0.,1.));
#5674 = DIRECTION('',(0.999999999999,-1.23482055276E-06,0.));
#5675 = ORIENTED_EDGE('',*,*,#5676,.T.);
#5676 = EDGE_CURVE('',#5668,#5677,#5679,.T.);
#5677 = VERTEX_POINT('',#5678);
#5678 = CARTESIAN_POINT('',(157.78,-99.375,0.76));
#5679 = LINE('',#5680,#5681);
#5680 = CARTESIAN_POINT('',(158.12,-99.375,0.76));
#5681 = VECTOR('',#5682,1.);
#5682 = DIRECTION('',(-1.,0.,0.));
#5683 = ORIENTED_EDGE('',*,*,#5684,.T.);
#5684 = EDGE_CURVE('',#5677,#5685,#5687,.T.);
#5685 = VERTEX_POINT('',#5686);
#5686 = CARTESIAN_POINT('',(157.64,-99.515,0.76));
#5687 = CIRCLE('',#5688,0.139999827125);
#5688 = AXIS2_PLACEMENT_3D('',#5689,#5690,#5691);
#5689 = CARTESIAN_POINT('',(157.77999982712,-99.51499982712,0.76));
#5690 = DIRECTION('',(0.,0.,1.));
#5691 = DIRECTION('',(1.234820248241E-06,0.999999999999,-0.));
#5692 = ORIENTED_EDGE('',*,*,#5693,.T.);
#5693 = EDGE_CURVE('',#5685,#5694,#5696,.T.);
#5694 = VERTEX_POINT('',#5695);
#5695 = CARTESIAN_POINT('',(157.64,-99.795,0.76));
#5696 = LINE('',#5697,#5698);
#5697 = CARTESIAN_POINT('',(157.64,-99.515,0.76));
#5698 = VECTOR('',#5699,1.);
#5699 = DIRECTION('',(0.,-1.,0.));
#5700 = ORIENTED_EDGE('',*,*,#5701,.T.);
#5701 = EDGE_CURVE('',#5694,#5702,#5704,.T.);
#5702 = VERTEX_POINT('',#5703);
#5703 = CARTESIAN_POINT('',(157.78,-99.935,0.76));
#5704 = CIRCLE('',#5705,0.139999827125);
#5705 = AXIS2_PLACEMENT_3D('',#5706,#5707,#5708);
#5706 = CARTESIAN_POINT('',(157.77999982712,-99.79500017287,0.76));
#5707 = DIRECTION('',(0.,0.,1.));
#5708 = DIRECTION('',(-0.999999999999,1.234820248241E-06,0.));
#5709 = ORIENTED_EDGE('',*,*,#5710,.T.);
#5710 = EDGE_CURVE('',#5702,#5711,#5713,.T.);
#5711 = VERTEX_POINT('',#5712);
#5712 = CARTESIAN_POINT('',(158.12,-99.935,0.76));
#5713 = LINE('',#5714,#5715);
#5714 = CARTESIAN_POINT('',(157.78,-99.935,0.76));
#5715 = VECTOR('',#5716,1.);
#5716 = DIRECTION('',(1.,0.,0.));
#5717 = ORIENTED_EDGE('',*,*,#5718,.T.);
#5718 = EDGE_CURVE('',#5711,#5719,#5721,.T.);
#5719 = VERTEX_POINT('',#5720);
#5720 = CARTESIAN_POINT('',(158.26,-99.795,0.76));
#5721 = CIRCLE('',#5722,0.139999827125);
#5722 = AXIS2_PLACEMENT_3D('',#5723,#5724,#5725);
#5723 = CARTESIAN_POINT('',(158.12000017287,-99.79500017287,0.76));
#5724 = DIRECTION('',(0.,0.,1.));
#5725 = DIRECTION('',(-1.234820451254E-06,-0.999999999999,0.));
#5726 = ORIENTED_EDGE('',*,*,#5727,.T.);
#5727 = EDGE_CURVE('',#5719,#5666,#5728,.T.);
#5728 = LINE('',#5729,#5730);
#5729 = CARTESIAN_POINT('',(158.26,-99.795,0.76));
#5730 = VECTOR('',#5731,1.);
#5731 = DIRECTION('',(0.,1.,0.));
#5732 = FACE_BOUND('',#5733,.F.);
#5733 = EDGE_LOOP('',(#5734));
#5734 = ORIENTED_EDGE('',*,*,#5735,.T.);
#5735 = EDGE_CURVE('',#5736,#5736,#5738,.T.);
#5736 = VERTEX_POINT('',#5737);
#5737 = CARTESIAN_POINT('',(156.9,-98.8,0.76));
#5738 = CIRCLE('',#5739,0.5);
#5739 = AXIS2_PLACEMENT_3D('',#5740,#5741,#5742);
#5740 = CARTESIAN_POINT('',(156.4,-98.8,0.76));
#5741 = DIRECTION('',(0.,0.,1.));
#5742 = DIRECTION('',(1.,0.,-0.));
#5743 = FACE_BOUND('',#5744,.F.);
#5744 = EDGE_LOOP('',(#5745,#5756,#5764,#5773,#5781,#5790,#5798,#5807));
#5745 = ORIENTED_EDGE('',*,*,#5746,.T.);
#5746 = EDGE_CURVE('',#5747,#5749,#5751,.T.);
#5747 = VERTEX_POINT('',#5748);
#5748 = CARTESIAN_POINT('',(158.26,-98.555,0.76));
#5749 = VERTEX_POINT('',#5750);
#5750 = CARTESIAN_POINT('',(158.12,-98.415,0.76));
#5751 = CIRCLE('',#5752,0.139999827125);
#5752 = AXIS2_PLACEMENT_3D('',#5753,#5754,#5755);
#5753 = CARTESIAN_POINT('',(158.12000017287,-98.55499982712,0.76));
#5754 = DIRECTION('',(0.,0.,1.));
#5755 = DIRECTION('',(0.999999999999,-1.23482055276E-06,0.));
#5756 = ORIENTED_EDGE('',*,*,#5757,.T.);
#5757 = EDGE_CURVE('',#5749,#5758,#5760,.T.);
#5758 = VERTEX_POINT('',#5759);
#5759 = CARTESIAN_POINT('',(157.78,-98.415,0.76));
#5760 = LINE('',#5761,#5762);
#5761 = CARTESIAN_POINT('',(158.12,-98.415,0.76));
#5762 = VECTOR('',#5763,1.);
#5763 = DIRECTION('',(-1.,0.,0.));
#5764 = ORIENTED_EDGE('',*,*,#5765,.T.);
#5765 = EDGE_CURVE('',#5758,#5766,#5768,.T.);
#5766 = VERTEX_POINT('',#5767);
#5767 = CARTESIAN_POINT('',(157.64,-98.555,0.76));
#5768 = CIRCLE('',#5769,0.139999827125);
#5769 = AXIS2_PLACEMENT_3D('',#5770,#5771,#5772);
#5770 = CARTESIAN_POINT('',(157.77999982712,-98.55499982712,0.76));
#5771 = DIRECTION('',(0.,0.,1.));
#5772 = DIRECTION('',(1.234820451253E-06,0.999999999999,-0.));
#5773 = ORIENTED_EDGE('',*,*,#5774,.T.);
#5774 = EDGE_CURVE('',#5766,#5775,#5777,.T.);
#5775 = VERTEX_POINT('',#5776);
#5776 = CARTESIAN_POINT('',(157.64,-98.835,0.76));
#5777 = LINE('',#5778,#5779);
#5778 = CARTESIAN_POINT('',(157.64,-98.555,0.76));
#5779 = VECTOR('',#5780,1.);
#5780 = DIRECTION('',(0.,-1.,0.));
#5781 = ORIENTED_EDGE('',*,*,#5782,.T.);
#5782 = EDGE_CURVE('',#5775,#5783,#5785,.T.);
#5783 = VERTEX_POINT('',#5784);
#5784 = CARTESIAN_POINT('',(157.78,-98.975,0.76));
#5785 = CIRCLE('',#5786,0.139999827125);
#5786 = AXIS2_PLACEMENT_3D('',#5787,#5788,#5789);
#5787 = CARTESIAN_POINT('',(157.77999982712,-98.83500017287,0.76));
#5788 = DIRECTION('',(0.,0.,1.));
#5789 = DIRECTION('',(-0.999999999999,1.234820248241E-06,0.));
#5790 = ORIENTED_EDGE('',*,*,#5791,.T.);
#5791 = EDGE_CURVE('',#5783,#5792,#5794,.T.);
#5792 = VERTEX_POINT('',#5793);
#5793 = CARTESIAN_POINT('',(158.12,-98.975,0.76));
#5794 = LINE('',#5795,#5796);
#5795 = CARTESIAN_POINT('',(157.78,-98.975,0.76));
#5796 = VECTOR('',#5797,1.);
#5797 = DIRECTION('',(1.,0.,0.));
#5798 = ORIENTED_EDGE('',*,*,#5799,.T.);
#5799 = EDGE_CURVE('',#5792,#5800,#5802,.T.);
#5800 = VERTEX_POINT('',#5801);
#5801 = CARTESIAN_POINT('',(158.26,-98.835,0.76));
#5802 = CIRCLE('',#5803,0.139999827125);
#5803 = AXIS2_PLACEMENT_3D('',#5804,#5805,#5806);
#5804 = CARTESIAN_POINT('',(158.12000017287,-98.83500017287,0.76));
#5805 = DIRECTION('',(0.,0.,1.));
#5806 = DIRECTION('',(-1.234820451254E-06,-0.999999999999,0.));
#5807 = ORIENTED_EDGE('',*,*,#5808,.T.);
#5808 = EDGE_CURVE('',#5800,#5747,#5809,.T.);
#5809 = LINE('',#5810,#5811);
#5810 = CARTESIAN_POINT('',(158.26,-98.835,0.76));
#5811 = VECTOR('',#5812,1.);
#5812 = DIRECTION('',(0.,1.,0.));
#5813 = PLANE('',#5814);
#5814 = AXIS2_PLACEMENT_3D('',#5815,#5816,#5817);
#5815 = CARTESIAN_POINT('',(0.,0.,0.76));
#5816 = DIRECTION('',(0.,0.,1.));
#5817 = DIRECTION('',(1.,0.,-0.));
#5818 = SHELL_BASED_SURFACE_MODEL('',(#5819));
#5819 = OPEN_SHELL('',(#5820));
#5820 = ADVANCED_FACE('',(#5821,#5955,#6221,#6232,#6302,#6372,#6442,
    #6453),#6523,.T.);
#5821 = FACE_BOUND('',#5822,.T.);
#5822 = EDGE_LOOP('',(#5823,#5834,#5842,#5850,#5858,#5867,#5875,#5883,
    #5891,#5900,#5908,#5916,#5924,#5933,#5941,#5949));
#5823 = ORIENTED_EDGE('',*,*,#5824,.T.);
#5824 = EDGE_CURVE('',#5825,#5827,#5829,.T.);
#5825 = VERTEX_POINT('',#5826);
#5826 = CARTESIAN_POINT('',(140.002569,-92.242864,-5.E-02));
#5827 = VERTEX_POINT('',#5828);
#5828 = CARTESIAN_POINT('',(142.242864,-90.002569,-5.E-02));
#5829 = CIRCLE('',#5830,2.402573864661);
#5830 = AXIS2_PLACEMENT_3D('',#5831,#5832,#5833);
#5831 = CARTESIAN_POINT('',(142.39999883598,-92.39999883598,-5.E-02));
#5832 = DIRECTION('',(0.,0.,-1.));
#5833 = DIRECTION('',(-0.997858950873,6.540270761121E-02,0.));
#5834 = ORIENTED_EDGE('',*,*,#5835,.T.);
#5835 = EDGE_CURVE('',#5827,#5836,#5838,.T.);
#5836 = VERTEX_POINT('',#5837);
#5837 = CARTESIAN_POINT('',(142.4,-90.,-5.E-02));
#5838 = LINE('',#5839,#5840);
#5839 = CARTESIAN_POINT('',(142.242864,-90.002569,-5.E-02));
#5840 = VECTOR('',#5841,1.);
#5841 = DIRECTION('',(0.999866383597,1.634671074391E-02,0.));
#5842 = ORIENTED_EDGE('',*,*,#5843,.T.);
#5843 = EDGE_CURVE('',#5836,#5844,#5846,.T.);
#5844 = VERTEX_POINT('',#5845);
#5845 = CARTESIAN_POINT('',(157.6,-90.,-5.E-02));
#5846 = LINE('',#5847,#5848);
#5847 = CARTESIAN_POINT('',(142.4,-90.,-5.E-02));
#5848 = VECTOR('',#5849,1.);
#5849 = DIRECTION('',(1.,0.,0.));
#5850 = ORIENTED_EDGE('',*,*,#5851,.T.);
#5851 = EDGE_CURVE('',#5844,#5852,#5854,.T.);
#5852 = VERTEX_POINT('',#5853);
#5853 = CARTESIAN_POINT('',(157.757136,-90.002569,-5.E-02));
#5854 = LINE('',#5855,#5856);
#5855 = CARTESIAN_POINT('',(157.6,-90.,-5.E-02));
#5856 = VECTOR('',#5857,1.);
#5857 = DIRECTION('',(0.999866383597,-1.634671074391E-02,0.));
#5858 = ORIENTED_EDGE('',*,*,#5859,.T.);
#5859 = EDGE_CURVE('',#5852,#5860,#5862,.T.);
#5860 = VERTEX_POINT('',#5861);
#5861 = CARTESIAN_POINT('',(159.997431,-92.242864,-5.E-02));
#5862 = CIRCLE('',#5863,2.402573864661);
#5863 = AXIS2_PLACEMENT_3D('',#5864,#5865,#5866);
#5864 = CARTESIAN_POINT('',(157.60000116401,-92.39999883598,-5.E-02));
#5865 = DIRECTION('',(0.,0.,-1.));
#5866 = DIRECTION('',(6.540270761123E-02,0.997858950873,0.));
#5867 = ORIENTED_EDGE('',*,*,#5868,.T.);
#5868 = EDGE_CURVE('',#5860,#5869,#5871,.T.);
#5869 = VERTEX_POINT('',#5870);
#5870 = CARTESIAN_POINT('',(160.,-92.4,-5.E-02));
#5871 = LINE('',#5872,#5873);
#5872 = CARTESIAN_POINT('',(159.997431,-92.242864,-5.E-02));
#5873 = VECTOR('',#5874,1.);
#5874 = DIRECTION('',(1.634671074391E-02,-0.999866383597,0.));
#5875 = ORIENTED_EDGE('',*,*,#5876,.T.);
#5876 = EDGE_CURVE('',#5869,#5877,#5879,.T.);
#5877 = VERTEX_POINT('',#5878);
#5878 = CARTESIAN_POINT('',(160.,-107.6,-5.E-02));
#5879 = LINE('',#5880,#5881);
#5880 = CARTESIAN_POINT('',(160.,-92.4,-5.E-02));
#5881 = VECTOR('',#5882,1.);
#5882 = DIRECTION('',(0.,-1.,0.));
#5883 = ORIENTED_EDGE('',*,*,#5884,.T.);
#5884 = EDGE_CURVE('',#5877,#5885,#5887,.T.);
#5885 = VERTEX_POINT('',#5886);
#5886 = CARTESIAN_POINT('',(159.997431,-107.757136,-5.E-02));
#5887 = LINE('',#5888,#5889);
#5888 = CARTESIAN_POINT('',(160.,-107.6,-5.E-02));
#5889 = VECTOR('',#5890,1.);
#5890 = DIRECTION('',(-1.634671074391E-02,-0.999866383597,0.));
#5891 = ORIENTED_EDGE('',*,*,#5892,.T.);
#5892 = EDGE_CURVE('',#5885,#5893,#5895,.T.);
#5893 = VERTEX_POINT('',#5894);
#5894 = CARTESIAN_POINT('',(157.757136,-109.997431,-5.E-02));
#5895 = CIRCLE('',#5896,2.402573864661);
#5896 = AXIS2_PLACEMENT_3D('',#5897,#5898,#5899);
#5897 = CARTESIAN_POINT('',(157.60000116401,-107.600001164,-5.E-02));
#5898 = DIRECTION('',(0.,0.,-1.));
#5899 = DIRECTION('',(0.997858950873,-6.540270761121E-02,0.));
#5900 = ORIENTED_EDGE('',*,*,#5901,.T.);
#5901 = EDGE_CURVE('',#5893,#5902,#5904,.T.);
#5902 = VERTEX_POINT('',#5903);
#5903 = CARTESIAN_POINT('',(157.6,-110.,-5.E-02));
#5904 = LINE('',#5905,#5906);
#5905 = CARTESIAN_POINT('',(157.757136,-109.997431,-5.E-02));
#5906 = VECTOR('',#5907,1.);
#5907 = DIRECTION('',(-0.999866383597,-1.634671074391E-02,0.));
#5908 = ORIENTED_EDGE('',*,*,#5909,.T.);
#5909 = EDGE_CURVE('',#5902,#5910,#5912,.T.);
#5910 = VERTEX_POINT('',#5911);
#5911 = CARTESIAN_POINT('',(142.4,-110.,-5.E-02));
#5912 = LINE('',#5913,#5914);
#5913 = CARTESIAN_POINT('',(157.6,-110.,-5.E-02));
#5914 = VECTOR('',#5915,1.);
#5915 = DIRECTION('',(-1.,0.,0.));
#5916 = ORIENTED_EDGE('',*,*,#5917,.T.);
#5917 = EDGE_CURVE('',#5910,#5918,#5920,.T.);
#5918 = VERTEX_POINT('',#5919);
#5919 = CARTESIAN_POINT('',(142.242864,-109.997431,-5.E-02));
#5920 = LINE('',#5921,#5922);
#5921 = CARTESIAN_POINT('',(142.4,-110.,-5.E-02));
#5922 = VECTOR('',#5923,1.);
#5923 = DIRECTION('',(-0.999866383597,1.634671074391E-02,0.));
#5924 = ORIENTED_EDGE('',*,*,#5925,.T.);
#5925 = EDGE_CURVE('',#5918,#5926,#5928,.T.);
#5926 = VERTEX_POINT('',#5927);
#5927 = CARTESIAN_POINT('',(140.002569,-107.757136,-5.E-02));
#5928 = CIRCLE('',#5929,2.402573864661);
#5929 = AXIS2_PLACEMENT_3D('',#5930,#5931,#5932);
#5930 = CARTESIAN_POINT('',(142.39999883598,-107.600001164,-5.E-02));
#5931 = DIRECTION('',(0.,0.,-1.));
#5932 = DIRECTION('',(-6.540270761123E-02,-0.997858950873,-0.));
#5933 = ORIENTED_EDGE('',*,*,#5934,.T.);
#5934 = EDGE_CURVE('',#5926,#5935,#5937,.T.);
#5935 = VERTEX_POINT('',#5936);
#5936 = CARTESIAN_POINT('',(140.,-107.6,-5.E-02));
#5937 = LINE('',#5938,#5939);
#5938 = CARTESIAN_POINT('',(140.002569,-107.757136,-5.E-02));
#5939 = VECTOR('',#5940,1.);
#5940 = DIRECTION('',(-1.634671074391E-02,0.999866383597,0.));
#5941 = ORIENTED_EDGE('',*,*,#5942,.T.);
#5942 = EDGE_CURVE('',#5935,#5943,#5945,.T.);
#5943 = VERTEX_POINT('',#5944);
#5944 = CARTESIAN_POINT('',(140.,-92.4,-5.E-02));
#5945 = LINE('',#5946,#5947);
#5946 = CARTESIAN_POINT('',(140.,-107.6,-5.E-02));
#5947 = VECTOR('',#5948,1.);
#5948 = DIRECTION('',(0.,1.,0.));
#5949 = ORIENTED_EDGE('',*,*,#5950,.T.);
#5950 = EDGE_CURVE('',#5943,#5825,#5951,.T.);
#5951 = LINE('',#5952,#5953);
#5952 = CARTESIAN_POINT('',(140.,-92.4,-5.E-02));
#5953 = VECTOR('',#5954,1.);
#5954 = DIRECTION('',(1.634671074391E-02,0.999866383597,0.));
#5955 = FACE_BOUND('',#5956,.T.);
#5956 = EDGE_LOOP('',(#5957,#5968,#5976,#5984,#5992,#6001,#6009,#6017,
    #6025,#6034,#6042,#6050,#6058,#6067,#6075,#6083,#6091,#6100,#6108,
    #6116,#6124,#6133,#6141,#6149,#6157,#6166,#6174,#6182,#6190,#6199,
    #6207,#6215));
#5957 = ORIENTED_EDGE('',*,*,#5958,.T.);
#5958 = EDGE_CURVE('',#5959,#5961,#5963,.T.);
#5959 = VERTEX_POINT('',#5960);
#5960 = CARTESIAN_POINT('',(159.197534,-92.274271,-5.E-02));
#5961 = VERTEX_POINT('',#5962);
#5962 = CARTESIAN_POINT('',(157.725729,-90.802466,-5.E-02));
#5963 = CIRCLE('',#5964,1.602472334936);
#5964 = AXIS2_PLACEMENT_3D('',#5965,#5966,#5967);
#5965 = CARTESIAN_POINT('',(157.60000147347,-92.39999852652,-5.E-02));
#5966 = DIRECTION('',(0.,0.,1.));
#5967 = DIRECTION('',(0.996917383032,7.845846931982E-02,-0.));
#5968 = ORIENTED_EDGE('',*,*,#5969,.T.);
#5969 = EDGE_CURVE('',#5961,#5970,#5972,.T.);
#5970 = VERTEX_POINT('',#5971);
#5971 = CARTESIAN_POINT('',(157.6,-90.8,-5.E-02));
#5972 = LINE('',#5973,#5974);
#5973 = CARTESIAN_POINT('',(157.725729,-90.802466,-5.E-02));
#5974 = VECTOR('',#5975,1.);
#5975 = DIRECTION('',(-0.999807708563,1.960984187669E-02,0.));
#5976 = ORIENTED_EDGE('',*,*,#5977,.T.);
#5977 = EDGE_CURVE('',#5970,#5978,#5980,.T.);
#5978 = VERTEX_POINT('',#5979);
#5979 = CARTESIAN_POINT('',(142.4,-90.8,-5.E-02));
#5980 = LINE('',#5981,#5982);
#5981 = CARTESIAN_POINT('',(157.6,-90.8,-5.E-02));
#5982 = VECTOR('',#5983,1.);
#5983 = DIRECTION('',(-1.,0.,0.));
#5984 = ORIENTED_EDGE('',*,*,#5985,.T.);
#5985 = EDGE_CURVE('',#5978,#5986,#5988,.T.);
#5986 = VERTEX_POINT('',#5987);
#5987 = CARTESIAN_POINT('',(142.274271,-90.802466,-5.E-02));
#5988 = LINE('',#5989,#5990);
#5989 = CARTESIAN_POINT('',(142.4,-90.8,-5.E-02));
#5990 = VECTOR('',#5991,1.);
#5991 = DIRECTION('',(-0.999807708563,-1.960984187669E-02,0.));
#5992 = ORIENTED_EDGE('',*,*,#5993,.T.);
#5993 = EDGE_CURVE('',#5986,#5994,#5996,.T.);
#5994 = VERTEX_POINT('',#5995);
#5995 = CARTESIAN_POINT('',(140.802466,-92.274271,-5.E-02));
#5996 = CIRCLE('',#5997,1.602472334936);
#5997 = AXIS2_PLACEMENT_3D('',#5998,#5999,#6000);
#5998 = CARTESIAN_POINT('',(142.39999852652,-92.39999852652,-5.E-02));
#5999 = DIRECTION('',(0.,0.,1.));
#6000 = DIRECTION('',(-7.845846931986E-02,0.996917383032,0.));
#6001 = ORIENTED_EDGE('',*,*,#6002,.T.);
#6002 = EDGE_CURVE('',#5994,#6003,#6005,.T.);
#6003 = VERTEX_POINT('',#6004);
#6004 = CARTESIAN_POINT('',(140.8,-92.4,-5.E-02));
#6005 = LINE('',#6006,#6007);
#6006 = CARTESIAN_POINT('',(140.802466,-92.274271,-5.E-02));
#6007 = VECTOR('',#6008,1.);
#6008 = DIRECTION('',(-1.960984187669E-02,-0.999807708563,0.));
#6009 = ORIENTED_EDGE('',*,*,#6010,.T.);
#6010 = EDGE_CURVE('',#6003,#6011,#6013,.T.);
#6011 = VERTEX_POINT('',#6012);
#6012 = CARTESIAN_POINT('',(140.8,-107.6,-5.E-02));
#6013 = LINE('',#6014,#6015);
#6014 = CARTESIAN_POINT('',(140.8,-92.4,-5.E-02));
#6015 = VECTOR('',#6016,1.);
#6016 = DIRECTION('',(0.,-1.,0.));
#6017 = ORIENTED_EDGE('',*,*,#6018,.T.);
#6018 = EDGE_CURVE('',#6011,#6019,#6021,.T.);
#6019 = VERTEX_POINT('',#6020);
#6020 = CARTESIAN_POINT('',(140.802466,-107.725729,-5.E-02));
#6021 = LINE('',#6022,#6023);
#6022 = CARTESIAN_POINT('',(140.8,-107.6,-5.E-02));
#6023 = VECTOR('',#6024,1.);
#6024 = DIRECTION('',(1.960984187669E-02,-0.999807708563,0.));
#6025 = ORIENTED_EDGE('',*,*,#6026,.T.);
#6026 = EDGE_CURVE('',#6019,#6027,#6029,.T.);
#6027 = VERTEX_POINT('',#6028);
#6028 = CARTESIAN_POINT('',(142.274271,-109.197534,-5.E-02));
#6029 = CIRCLE('',#6030,1.602472334936);
#6030 = AXIS2_PLACEMENT_3D('',#6031,#6032,#6033);
#6031 = CARTESIAN_POINT('',(142.39999852652,-107.6000014734,-5.E-02));
#6032 = DIRECTION('',(0.,0.,1.));
#6033 = DIRECTION('',(-0.996917383032,-7.845846931982E-02,0.));
#6034 = ORIENTED_EDGE('',*,*,#6035,.T.);
#6035 = EDGE_CURVE('',#6027,#6036,#6038,.T.);
#6036 = VERTEX_POINT('',#6037);
#6037 = CARTESIAN_POINT('',(142.4,-109.2,-5.E-02));
#6038 = LINE('',#6039,#6040);
#6039 = CARTESIAN_POINT('',(142.274271,-109.197534,-5.E-02));
#6040 = VECTOR('',#6041,1.);
#6041 = DIRECTION('',(0.999807708563,-1.960984187669E-02,0.));
#6042 = ORIENTED_EDGE('',*,*,#6043,.T.);
#6043 = EDGE_CURVE('',#6036,#6044,#6046,.T.);
#6044 = VERTEX_POINT('',#6045);
#6045 = CARTESIAN_POINT('',(157.6,-109.2,-5.E-02));
#6046 = LINE('',#6047,#6048);
#6047 = CARTESIAN_POINT('',(142.4,-109.2,-5.E-02));
#6048 = VECTOR('',#6049,1.);
#6049 = DIRECTION('',(1.,0.,0.));
#6050 = ORIENTED_EDGE('',*,*,#6051,.T.);
#6051 = EDGE_CURVE('',#6044,#6052,#6054,.T.);
#6052 = VERTEX_POINT('',#6053);
#6053 = CARTESIAN_POINT('',(157.725729,-109.197534,-5.E-02));
#6054 = LINE('',#6055,#6056);
#6055 = CARTESIAN_POINT('',(157.6,-109.2,-5.E-02));
#6056 = VECTOR('',#6057,1.);
#6057 = DIRECTION('',(0.999807708563,1.960984187669E-02,0.));
#6058 = ORIENTED_EDGE('',*,*,#6059,.T.);
#6059 = EDGE_CURVE('',#6052,#6060,#6062,.T.);
#6060 = VERTEX_POINT('',#6061);
#6061 = CARTESIAN_POINT('',(159.197534,-107.725729,-5.E-02));
#6062 = CIRCLE('',#6063,1.602472334936);
#6063 = AXIS2_PLACEMENT_3D('',#6064,#6065,#6066);
#6064 = CARTESIAN_POINT('',(157.60000147347,-107.6000014734,-5.E-02));
#6065 = DIRECTION('',(0.,0.,1.));
#6066 = DIRECTION('',(7.845846931986E-02,-0.996917383032,0.));
#6067 = ORIENTED_EDGE('',*,*,#6068,.T.);
#6068 = EDGE_CURVE('',#6060,#6069,#6071,.T.);
#6069 = VERTEX_POINT('',#6070);
#6070 = CARTESIAN_POINT('',(159.2,-107.6,-5.E-02));
#6071 = LINE('',#6072,#6073);
#6072 = CARTESIAN_POINT('',(159.197534,-107.725729,-5.E-02));
#6073 = VECTOR('',#6074,1.);
#6074 = DIRECTION('',(1.960984187669E-02,0.999807708563,0.));
#6075 = ORIENTED_EDGE('',*,*,#6076,.T.);
#6076 = EDGE_CURVE('',#6069,#6077,#6079,.T.);
#6077 = VERTEX_POINT('',#6078);
#6078 = CARTESIAN_POINT('',(159.2,-103.2,-5.E-02));
#6079 = LINE('',#6080,#6081);
#6080 = CARTESIAN_POINT('',(159.2,-107.6,-5.E-02));
#6081 = VECTOR('',#6082,1.);
#6082 = DIRECTION('',(0.,1.,0.));
#6083 = ORIENTED_EDGE('',*,*,#6084,.T.);
#6084 = EDGE_CURVE('',#6077,#6085,#6087,.T.);
#6085 = VERTEX_POINT('',#6086);
#6086 = CARTESIAN_POINT('',(159.197538,-103.137036,-5.E-02));
#6087 = LINE('',#6088,#6089);
#6088 = CARTESIAN_POINT('',(159.2,-103.2,-5.E-02));
#6089 = VECTOR('',#6090,1.);
#6090 = DIRECTION('',(-3.907185099208E-02,0.99923640369,0.));
#6091 = ORIENTED_EDGE('',*,*,#6092,.T.);
#6092 = EDGE_CURVE('',#6085,#6093,#6095,.T.);
#6093 = VERTEX_POINT('',#6094);
#6094 = CARTESIAN_POINT('',(158.862964,-102.802462,-5.E-02));
#6095 = CIRCLE('',#6096,0.402492209863);
#6096 = AXIS2_PLACEMENT_3D('',#6097,#6098,#6099);
#6097 = CARTESIAN_POINT('',(158.80000102903,-103.1999989709,-5.E-02));
#6098 = DIRECTION('',(0.,0.,1.));
#6099 = DIRECTION('',(0.987688609189,0.156432769196,-0.));
#6100 = ORIENTED_EDGE('',*,*,#6101,.T.);
#6101 = EDGE_CURVE('',#6093,#6102,#6104,.T.);
#6102 = VERTEX_POINT('',#6103);
#6103 = CARTESIAN_POINT('',(158.8,-102.8,-5.E-02));
#6104 = LINE('',#6105,#6106);
#6105 = CARTESIAN_POINT('',(158.862964,-102.802462,-5.E-02));
#6106 = VECTOR('',#6107,1.);
#6107 = DIRECTION('',(-0.99923640369,3.907185099254E-02,0.));
#6108 = ORIENTED_EDGE('',*,*,#6109,.T.);
#6109 = EDGE_CURVE('',#6102,#6110,#6112,.T.);
#6110 = VERTEX_POINT('',#6111);
#6111 = CARTESIAN_POINT('',(156.4,-102.8,-5.E-02));
#6112 = LINE('',#6113,#6114);
#6113 = CARTESIAN_POINT('',(158.8,-102.8,-5.E-02));
#6114 = VECTOR('',#6115,1.);
#6115 = DIRECTION('',(-1.,0.,0.));
#6116 = ORIENTED_EDGE('',*,*,#6117,.T.);
#6117 = EDGE_CURVE('',#6110,#6118,#6120,.T.);
#6118 = VERTEX_POINT('',#6119);
#6119 = CARTESIAN_POINT('',(156.295213,-102.797717,-5.E-02));
#6120 = LINE('',#6121,#6122);
#6121 = CARTESIAN_POINT('',(156.4,-102.8,-5.E-02));
#6122 = VECTOR('',#6123,1.);
#6123 = DIRECTION('',(-0.999762746605,2.178188468503E-02,0.));
#6124 = ORIENTED_EDGE('',*,*,#6125,.T.);
#6125 = EDGE_CURVE('',#6118,#6126,#6128,.T.);
#6126 = VERTEX_POINT('',#6127);
#6127 = CARTESIAN_POINT('',(155.202283,-101.704787,-5.E-02));
#6128 = CIRCLE('',#6129,1.202291682448);
#6129 = AXIS2_PLACEMENT_3D('',#6130,#6131,#6132);
#6130 = CARTESIAN_POINT('',(156.39999960162,-101.6000003983,-5.E-02));
#6131 = DIRECTION('',(0.,0.,-1.));
#6132 = DIRECTION('',(-8.715572365072E-02,-0.996194699763,-0.));
#6133 = ORIENTED_EDGE('',*,*,#6134,.T.);
#6134 = EDGE_CURVE('',#6126,#6135,#6137,.T.);
#6135 = VERTEX_POINT('',#6136);
#6136 = CARTESIAN_POINT('',(155.2,-101.6,-5.E-02));
#6137 = LINE('',#6138,#6139);
#6138 = CARTESIAN_POINT('',(155.202283,-101.704787,-5.E-02));
#6139 = VECTOR('',#6140,1.);
#6140 = DIRECTION('',(-2.178188468517E-02,0.999762746605,0.));
#6141 = ORIENTED_EDGE('',*,*,#6142,.T.);
#6142 = EDGE_CURVE('',#6135,#6143,#6145,.T.);
#6143 = VERTEX_POINT('',#6144);
#6144 = CARTESIAN_POINT('',(155.2,-98.8,-5.E-02));
#6145 = LINE('',#6146,#6147);
#6146 = CARTESIAN_POINT('',(155.2,-101.6,-5.E-02));
#6147 = VECTOR('',#6148,1.);
#6148 = DIRECTION('',(0.,1.,0.));
#6149 = ORIENTED_EDGE('',*,*,#6150,.T.);
#6150 = EDGE_CURVE('',#6143,#6151,#6153,.T.);
#6151 = VERTEX_POINT('',#6152);
#6152 = CARTESIAN_POINT('',(155.202283,-98.695213,-5.E-02));
#6153 = LINE('',#6154,#6155);
#6154 = CARTESIAN_POINT('',(155.2,-98.8,-5.E-02));
#6155 = VECTOR('',#6156,1.);
#6156 = DIRECTION('',(2.178188468517E-02,0.999762746605,0.));
#6157 = ORIENTED_EDGE('',*,*,#6158,.T.);
#6158 = EDGE_CURVE('',#6151,#6159,#6161,.T.);
#6159 = VERTEX_POINT('',#6160);
#6160 = CARTESIAN_POINT('',(156.295213,-97.602283,-5.E-02));
#6161 = CIRCLE('',#6162,1.202291682448);
#6162 = AXIS2_PLACEMENT_3D('',#6163,#6164,#6165);
#6163 = CARTESIAN_POINT('',(156.39999960162,-98.79999960162,-5.E-02));
#6164 = DIRECTION('',(0.,0.,-1.));
#6165 = DIRECTION('',(-0.996194699763,8.71557236507E-02,0.));
#6166 = ORIENTED_EDGE('',*,*,#6167,.T.);
#6167 = EDGE_CURVE('',#6159,#6168,#6170,.T.);
#6168 = VERTEX_POINT('',#6169);
#6169 = CARTESIAN_POINT('',(156.4,-97.6,-5.E-02));
#6170 = LINE('',#6171,#6172);
#6171 = CARTESIAN_POINT('',(156.295213,-97.602283,-5.E-02));
#6172 = VECTOR('',#6173,1.);
#6173 = DIRECTION('',(0.999762746605,2.178188468517E-02,0.));
#6174 = ORIENTED_EDGE('',*,*,#6175,.T.);
#6175 = EDGE_CURVE('',#6168,#6176,#6178,.T.);
#6176 = VERTEX_POINT('',#6177);
#6177 = CARTESIAN_POINT('',(158.8,-97.6,-5.E-02));
#6178 = LINE('',#6179,#6180);
#6179 = CARTESIAN_POINT('',(156.4,-97.6,-5.E-02));
#6180 = VECTOR('',#6181,1.);
#6181 = DIRECTION('',(1.,0.,0.));
#6182 = ORIENTED_EDGE('',*,*,#6183,.T.);
#6183 = EDGE_CURVE('',#6176,#6184,#6186,.T.);
#6184 = VERTEX_POINT('',#6185);
#6185 = CARTESIAN_POINT('',(158.862964,-97.597538,-5.E-02));
#6186 = LINE('',#6187,#6188);
#6187 = CARTESIAN_POINT('',(158.8,-97.6,-5.E-02));
#6188 = VECTOR('',#6189,1.);
#6189 = DIRECTION('',(0.99923640369,3.907185099231E-02,0.));
#6190 = ORIENTED_EDGE('',*,*,#6191,.T.);
#6191 = EDGE_CURVE('',#6184,#6192,#6194,.T.);
#6192 = VERTEX_POINT('',#6193);
#6193 = CARTESIAN_POINT('',(159.197538,-97.262964,-5.E-02));
#6194 = CIRCLE('',#6195,0.402492209863);
#6195 = AXIS2_PLACEMENT_3D('',#6196,#6197,#6198);
#6196 = CARTESIAN_POINT('',(158.80000102903,-97.20000102903,-5.E-02));
#6197 = DIRECTION('',(0.,0.,1.));
#6198 = DIRECTION('',(0.156432769196,-0.987688609189,0.));
#6199 = ORIENTED_EDGE('',*,*,#6200,.T.);
#6200 = EDGE_CURVE('',#6192,#6201,#6203,.T.);
#6201 = VERTEX_POINT('',#6202);
#6202 = CARTESIAN_POINT('',(159.2,-97.2,-5.E-02));
#6203 = LINE('',#6204,#6205);
#6204 = CARTESIAN_POINT('',(159.197538,-97.262964,-5.E-02));
#6205 = VECTOR('',#6206,1.);
#6206 = DIRECTION('',(3.907185099209E-02,0.99923640369,0.));
#6207 = ORIENTED_EDGE('',*,*,#6208,.T.);
#6208 = EDGE_CURVE('',#6201,#6209,#6211,.T.);
#6209 = VERTEX_POINT('',#6210);
#6210 = CARTESIAN_POINT('',(159.2,-92.4,-5.E-02));
#6211 = LINE('',#6212,#6213);
#6212 = CARTESIAN_POINT('',(159.2,-97.2,-5.E-02));
#6213 = VECTOR('',#6214,1.);
#6214 = DIRECTION('',(0.,1.,0.));
#6215 = ORIENTED_EDGE('',*,*,#6216,.T.);
#6216 = EDGE_CURVE('',#6209,#5959,#6217,.T.);
#6217 = LINE('',#6218,#6219);
#6218 = CARTESIAN_POINT('',(159.2,-92.4,-5.E-02));
#6219 = VECTOR('',#6220,1.);
#6220 = DIRECTION('',(-1.960984187669E-02,0.999807708563,0.));
#6221 = FACE_BOUND('',#6222,.T.);
#6222 = EDGE_LOOP('',(#6223));
#6223 = ORIENTED_EDGE('',*,*,#6224,.T.);
#6224 = EDGE_CURVE('',#6225,#6225,#6227,.T.);
#6225 = VERTEX_POINT('',#6226);
#6226 = CARTESIAN_POINT('',(156.9,-101.6,-5.E-02));
#6227 = CIRCLE('',#6228,0.5);
#6228 = AXIS2_PLACEMENT_3D('',#6229,#6230,#6231);
#6229 = CARTESIAN_POINT('',(156.4,-101.6,-5.E-02));
#6230 = DIRECTION('',(0.,0.,1.));
#6231 = DIRECTION('',(1.,0.,-0.));
#6232 = FACE_BOUND('',#6233,.T.);
#6233 = EDGE_LOOP('',(#6234,#6245,#6253,#6262,#6270,#6279,#6287,#6296));
#6234 = ORIENTED_EDGE('',*,*,#6235,.T.);
#6235 = EDGE_CURVE('',#6236,#6238,#6240,.T.);
#6236 = VERTEX_POINT('',#6237);
#6237 = CARTESIAN_POINT('',(158.26,-101.39,-5.E-02));
#6238 = VERTEX_POINT('',#6239);
#6239 = CARTESIAN_POINT('',(158.12,-101.25,-5.E-02));
#6240 = CIRCLE('',#6241,0.139999827125);
#6241 = AXIS2_PLACEMENT_3D('',#6242,#6243,#6244);
#6242 = CARTESIAN_POINT('',(158.12000017287,-101.3899998271,-5.E-02));
#6243 = DIRECTION('',(0.,0.,1.));
#6244 = DIRECTION('',(0.999999999999,-1.23482055276E-06,0.));
#6245 = ORIENTED_EDGE('',*,*,#6246,.T.);
#6246 = EDGE_CURVE('',#6238,#6247,#6249,.T.);
#6247 = VERTEX_POINT('',#6248);
#6248 = CARTESIAN_POINT('',(157.78,-101.25,-5.E-02));
#6249 = LINE('',#6250,#6251);
#6250 = CARTESIAN_POINT('',(158.12,-101.25,-5.E-02));
#6251 = VECTOR('',#6252,1.);
#6252 = DIRECTION('',(-1.,0.,0.));
#6253 = ORIENTED_EDGE('',*,*,#6254,.T.);
#6254 = EDGE_CURVE('',#6247,#6255,#6257,.T.);
#6255 = VERTEX_POINT('',#6256);
#6256 = CARTESIAN_POINT('',(157.64,-101.39,-5.E-02));
#6257 = CIRCLE('',#6258,0.139999827125);
#6258 = AXIS2_PLACEMENT_3D('',#6259,#6260,#6261);
#6259 = CARTESIAN_POINT('',(157.77999982712,-101.3899998271,-5.E-02));
#6260 = DIRECTION('',(0.,0.,1.));
#6261 = DIRECTION('',(1.234820248241E-06,0.999999999999,-0.));
#6262 = ORIENTED_EDGE('',*,*,#6263,.T.);
#6263 = EDGE_CURVE('',#6255,#6264,#6266,.T.);
#6264 = VERTEX_POINT('',#6265);
#6265 = CARTESIAN_POINT('',(157.64,-101.67,-5.E-02));
#6266 = LINE('',#6267,#6268);
#6267 = CARTESIAN_POINT('',(157.64,-101.39,-5.E-02));
#6268 = VECTOR('',#6269,1.);
#6269 = DIRECTION('',(0.,-1.,0.));
#6270 = ORIENTED_EDGE('',*,*,#6271,.T.);
#6271 = EDGE_CURVE('',#6264,#6272,#6274,.T.);
#6272 = VERTEX_POINT('',#6273);
#6273 = CARTESIAN_POINT('',(157.78,-101.81,-5.E-02));
#6274 = CIRCLE('',#6275,0.139999827125);
#6275 = AXIS2_PLACEMENT_3D('',#6276,#6277,#6278);
#6276 = CARTESIAN_POINT('',(157.77999982712,-101.6700001728,-5.E-02));
#6277 = DIRECTION('',(0.,0.,1.));
#6278 = DIRECTION('',(-0.999999999999,1.234820248241E-06,0.));
#6279 = ORIENTED_EDGE('',*,*,#6280,.T.);
#6280 = EDGE_CURVE('',#6272,#6281,#6283,.T.);
#6281 = VERTEX_POINT('',#6282);
#6282 = CARTESIAN_POINT('',(158.12,-101.81,-5.E-02));
#6283 = LINE('',#6284,#6285);
#6284 = CARTESIAN_POINT('',(157.78,-101.81,-5.E-02));
#6285 = VECTOR('',#6286,1.);
#6286 = DIRECTION('',(1.,0.,0.));
#6287 = ORIENTED_EDGE('',*,*,#6288,.T.);
#6288 = EDGE_CURVE('',#6281,#6289,#6291,.T.);
#6289 = VERTEX_POINT('',#6290);
#6290 = CARTESIAN_POINT('',(158.26,-101.67,-5.E-02));
#6291 = CIRCLE('',#6292,0.139999827125);
#6292 = AXIS2_PLACEMENT_3D('',#6293,#6294,#6295);
#6293 = CARTESIAN_POINT('',(158.12000017287,-101.6700001728,-5.E-02));
#6294 = DIRECTION('',(0.,0.,1.));
#6295 = DIRECTION('',(-1.234820451254E-06,-0.999999999999,0.));
#6296 = ORIENTED_EDGE('',*,*,#6297,.T.);
#6297 = EDGE_CURVE('',#6289,#6236,#6298,.T.);
#6298 = LINE('',#6299,#6300);
#6299 = CARTESIAN_POINT('',(158.26,-101.67,-5.E-02));
#6300 = VECTOR('',#6301,1.);
#6301 = DIRECTION('',(0.,1.,0.));
#6302 = FACE_BOUND('',#6303,.T.);
#6303 = EDGE_LOOP('',(#6304,#6315,#6323,#6332,#6340,#6349,#6357,#6366));
#6304 = ORIENTED_EDGE('',*,*,#6305,.T.);
#6305 = EDGE_CURVE('',#6306,#6308,#6310,.T.);
#6306 = VERTEX_POINT('',#6307);
#6307 = CARTESIAN_POINT('',(158.26,-100.43,-5.E-02));
#6308 = VERTEX_POINT('',#6309);
#6309 = CARTESIAN_POINT('',(158.12,-100.29,-5.E-02));
#6310 = CIRCLE('',#6311,0.139999827125);
#6311 = AXIS2_PLACEMENT_3D('',#6312,#6313,#6314);
#6312 = CARTESIAN_POINT('',(158.12000017287,-100.4299998271,-5.E-02));
#6313 = DIRECTION('',(0.,0.,1.));
#6314 = DIRECTION('',(0.999999999999,-1.23482055276E-06,0.));
#6315 = ORIENTED_EDGE('',*,*,#6316,.T.);
#6316 = EDGE_CURVE('',#6308,#6317,#6319,.T.);
#6317 = VERTEX_POINT('',#6318);
#6318 = CARTESIAN_POINT('',(157.78,-100.29,-5.E-02));
#6319 = LINE('',#6320,#6321);
#6320 = CARTESIAN_POINT('',(158.12,-100.29,-5.E-02));
#6321 = VECTOR('',#6322,1.);
#6322 = DIRECTION('',(-1.,0.,0.));
#6323 = ORIENTED_EDGE('',*,*,#6324,.T.);
#6324 = EDGE_CURVE('',#6317,#6325,#6327,.T.);
#6325 = VERTEX_POINT('',#6326);
#6326 = CARTESIAN_POINT('',(157.64,-100.43,-5.E-02));
#6327 = CIRCLE('',#6328,0.139999827125);
#6328 = AXIS2_PLACEMENT_3D('',#6329,#6330,#6331);
#6329 = CARTESIAN_POINT('',(157.77999982712,-100.4299998271,-5.E-02));
#6330 = DIRECTION('',(0.,0.,1.));
#6331 = DIRECTION('',(1.234820451253E-06,0.999999999999,-0.));
#6332 = ORIENTED_EDGE('',*,*,#6333,.T.);
#6333 = EDGE_CURVE('',#6325,#6334,#6336,.T.);
#6334 = VERTEX_POINT('',#6335);
#6335 = CARTESIAN_POINT('',(157.64,-100.71,-5.E-02));
#6336 = LINE('',#6337,#6338);
#6337 = CARTESIAN_POINT('',(157.64,-100.43,-5.E-02));
#6338 = VECTOR('',#6339,1.);
#6339 = DIRECTION('',(0.,-1.,0.));
#6340 = ORIENTED_EDGE('',*,*,#6341,.T.);
#6341 = EDGE_CURVE('',#6334,#6342,#6344,.T.);
#6342 = VERTEX_POINT('',#6343);
#6343 = CARTESIAN_POINT('',(157.78,-100.85,-5.E-02));
#6344 = CIRCLE('',#6345,0.139999827125);
#6345 = AXIS2_PLACEMENT_3D('',#6346,#6347,#6348);
#6346 = CARTESIAN_POINT('',(157.77999982712,-100.7100001728,-5.E-02));
#6347 = DIRECTION('',(0.,0.,1.));
#6348 = DIRECTION('',(-0.999999999999,1.234820248241E-06,0.));
#6349 = ORIENTED_EDGE('',*,*,#6350,.T.);
#6350 = EDGE_CURVE('',#6342,#6351,#6353,.T.);
#6351 = VERTEX_POINT('',#6352);
#6352 = CARTESIAN_POINT('',(158.12,-100.85,-5.E-02));
#6353 = LINE('',#6354,#6355);
#6354 = CARTESIAN_POINT('',(157.78,-100.85,-5.E-02));
#6355 = VECTOR('',#6356,1.);
#6356 = DIRECTION('',(1.,0.,0.));
#6357 = ORIENTED_EDGE('',*,*,#6358,.T.);
#6358 = EDGE_CURVE('',#6351,#6359,#6361,.T.);
#6359 = VERTEX_POINT('',#6360);
#6360 = CARTESIAN_POINT('',(158.26,-100.71,-5.E-02));
#6361 = CIRCLE('',#6362,0.139999827125);
#6362 = AXIS2_PLACEMENT_3D('',#6363,#6364,#6365);
#6363 = CARTESIAN_POINT('',(158.12000017287,-100.7100001728,-5.E-02));
#6364 = DIRECTION('',(0.,0.,1.));
#6365 = DIRECTION('',(-1.234820451254E-06,-0.999999999999,0.));
#6366 = ORIENTED_EDGE('',*,*,#6367,.T.);
#6367 = EDGE_CURVE('',#6359,#6306,#6368,.T.);
#6368 = LINE('',#6369,#6370);
#6369 = CARTESIAN_POINT('',(158.26,-100.71,-5.E-02));
#6370 = VECTOR('',#6371,1.);
#6371 = DIRECTION('',(0.,1.,0.));
#6372 = FACE_BOUND('',#6373,.T.);
#6373 = EDGE_LOOP('',(#6374,#6385,#6393,#6402,#6410,#6419,#6427,#6436));
#6374 = ORIENTED_EDGE('',*,*,#6375,.T.);
#6375 = EDGE_CURVE('',#6376,#6378,#6380,.T.);
#6376 = VERTEX_POINT('',#6377);
#6377 = CARTESIAN_POINT('',(158.26,-99.515,-5.E-02));
#6378 = VERTEX_POINT('',#6379);
#6379 = CARTESIAN_POINT('',(158.12,-99.375,-5.E-02));
#6380 = CIRCLE('',#6381,0.139999827125);
#6381 = AXIS2_PLACEMENT_3D('',#6382,#6383,#6384);
#6382 = CARTESIAN_POINT('',(158.12000017287,-99.51499982712,-5.E-02));
#6383 = DIRECTION('',(0.,0.,1.));
#6384 = DIRECTION('',(0.999999999999,-1.23482055276E-06,0.));
#6385 = ORIENTED_EDGE('',*,*,#6386,.T.);
#6386 = EDGE_CURVE('',#6378,#6387,#6389,.T.);
#6387 = VERTEX_POINT('',#6388);
#6388 = CARTESIAN_POINT('',(157.78,-99.375,-5.E-02));
#6389 = LINE('',#6390,#6391);
#6390 = CARTESIAN_POINT('',(158.12,-99.375,-5.E-02));
#6391 = VECTOR('',#6392,1.);
#6392 = DIRECTION('',(-1.,0.,0.));
#6393 = ORIENTED_EDGE('',*,*,#6394,.T.);
#6394 = EDGE_CURVE('',#6387,#6395,#6397,.T.);
#6395 = VERTEX_POINT('',#6396);
#6396 = CARTESIAN_POINT('',(157.64,-99.515,-5.E-02));
#6397 = CIRCLE('',#6398,0.139999827125);
#6398 = AXIS2_PLACEMENT_3D('',#6399,#6400,#6401);
#6399 = CARTESIAN_POINT('',(157.77999982712,-99.51499982712,-5.E-02));
#6400 = DIRECTION('',(0.,0.,1.));
#6401 = DIRECTION('',(1.234820248241E-06,0.999999999999,-0.));
#6402 = ORIENTED_EDGE('',*,*,#6403,.T.);
#6403 = EDGE_CURVE('',#6395,#6404,#6406,.T.);
#6404 = VERTEX_POINT('',#6405);
#6405 = CARTESIAN_POINT('',(157.64,-99.795,-5.E-02));
#6406 = LINE('',#6407,#6408);
#6407 = CARTESIAN_POINT('',(157.64,-99.515,-5.E-02));
#6408 = VECTOR('',#6409,1.);
#6409 = DIRECTION('',(0.,-1.,0.));
#6410 = ORIENTED_EDGE('',*,*,#6411,.T.);
#6411 = EDGE_CURVE('',#6404,#6412,#6414,.T.);
#6412 = VERTEX_POINT('',#6413);
#6413 = CARTESIAN_POINT('',(157.78,-99.935,-5.E-02));
#6414 = CIRCLE('',#6415,0.139999827125);
#6415 = AXIS2_PLACEMENT_3D('',#6416,#6417,#6418);
#6416 = CARTESIAN_POINT('',(157.77999982712,-99.79500017287,-5.E-02));
#6417 = DIRECTION('',(0.,0.,1.));
#6418 = DIRECTION('',(-0.999999999999,1.234820248241E-06,0.));
#6419 = ORIENTED_EDGE('',*,*,#6420,.T.);
#6420 = EDGE_CURVE('',#6412,#6421,#6423,.T.);
#6421 = VERTEX_POINT('',#6422);
#6422 = CARTESIAN_POINT('',(158.12,-99.935,-5.E-02));
#6423 = LINE('',#6424,#6425);
#6424 = CARTESIAN_POINT('',(157.78,-99.935,-5.E-02));
#6425 = VECTOR('',#6426,1.);
#6426 = DIRECTION('',(1.,0.,0.));
#6427 = ORIENTED_EDGE('',*,*,#6428,.T.);
#6428 = EDGE_CURVE('',#6421,#6429,#6431,.T.);
#6429 = VERTEX_POINT('',#6430);
#6430 = CARTESIAN_POINT('',(158.26,-99.795,-5.E-02));
#6431 = CIRCLE('',#6432,0.139999827125);
#6432 = AXIS2_PLACEMENT_3D('',#6433,#6434,#6435);
#6433 = CARTESIAN_POINT('',(158.12000017287,-99.79500017287,-5.E-02));
#6434 = DIRECTION('',(0.,0.,1.));
#6435 = DIRECTION('',(-1.234820451254E-06,-0.999999999999,0.));
#6436 = ORIENTED_EDGE('',*,*,#6437,.T.);
#6437 = EDGE_CURVE('',#6429,#6376,#6438,.T.);
#6438 = LINE('',#6439,#6440);
#6439 = CARTESIAN_POINT('',(158.26,-99.795,-5.E-02));
#6440 = VECTOR('',#6441,1.);
#6441 = DIRECTION('',(0.,1.,0.));
#6442 = FACE_BOUND('',#6443,.T.);
#6443 = EDGE_LOOP('',(#6444));
#6444 = ORIENTED_EDGE('',*,*,#6445,.T.);
#6445 = EDGE_CURVE('',#6446,#6446,#6448,.T.);
#6446 = VERTEX_POINT('',#6447);
#6447 = CARTESIAN_POINT('',(156.9,-98.8,-5.E-02));
#6448 = CIRCLE('',#6449,0.5);
#6449 = AXIS2_PLACEMENT_3D('',#6450,#6451,#6452);
#6450 = CARTESIAN_POINT('',(156.4,-98.8,-5.E-02));
#6451 = DIRECTION('',(0.,0.,1.));
#6452 = DIRECTION('',(1.,0.,-0.));
#6453 = FACE_BOUND('',#6454,.T.);
#6454 = EDGE_LOOP('',(#6455,#6466,#6474,#6483,#6491,#6500,#6508,#6517));
#6455 = ORIENTED_EDGE('',*,*,#6456,.T.);
#6456 = EDGE_CURVE('',#6457,#6459,#6461,.T.);
#6457 = VERTEX_POINT('',#6458);
#6458 = CARTESIAN_POINT('',(158.26,-98.555,-5.E-02));
#6459 = VERTEX_POINT('',#6460);
#6460 = CARTESIAN_POINT('',(158.12,-98.415,-5.E-02));
#6461 = CIRCLE('',#6462,0.139999827125);
#6462 = AXIS2_PLACEMENT_3D('',#6463,#6464,#6465);
#6463 = CARTESIAN_POINT('',(158.12000017287,-98.55499982712,-5.E-02));
#6464 = DIRECTION('',(0.,0.,1.));
#6465 = DIRECTION('',(0.999999999999,-1.23482055276E-06,0.));
#6466 = ORIENTED_EDGE('',*,*,#6467,.T.);
#6467 = EDGE_CURVE('',#6459,#6468,#6470,.T.);
#6468 = VERTEX_POINT('',#6469);
#6469 = CARTESIAN_POINT('',(157.78,-98.415,-5.E-02));
#6470 = LINE('',#6471,#6472);
#6471 = CARTESIAN_POINT('',(158.12,-98.415,-5.E-02));
#6472 = VECTOR('',#6473,1.);
#6473 = DIRECTION('',(-1.,0.,0.));
#6474 = ORIENTED_EDGE('',*,*,#6475,.T.);
#6475 = EDGE_CURVE('',#6468,#6476,#6478,.T.);
#6476 = VERTEX_POINT('',#6477);
#6477 = CARTESIAN_POINT('',(157.64,-98.555,-5.E-02));
#6478 = CIRCLE('',#6479,0.139999827125);
#6479 = AXIS2_PLACEMENT_3D('',#6480,#6481,#6482);
#6480 = CARTESIAN_POINT('',(157.77999982712,-98.55499982712,-5.E-02));
#6481 = DIRECTION('',(0.,0.,1.));
#6482 = DIRECTION('',(1.234820451253E-06,0.999999999999,-0.));
#6483 = ORIENTED_EDGE('',*,*,#6484,.T.);
#6484 = EDGE_CURVE('',#6476,#6485,#6487,.T.);
#6485 = VERTEX_POINT('',#6486);
#6486 = CARTESIAN_POINT('',(157.64,-98.835,-5.E-02));
#6487 = LINE('',#6488,#6489);
#6488 = CARTESIAN_POINT('',(157.64,-98.555,-5.E-02));
#6489 = VECTOR('',#6490,1.);
#6490 = DIRECTION('',(0.,-1.,0.));
#6491 = ORIENTED_EDGE('',*,*,#6492,.T.);
#6492 = EDGE_CURVE('',#6485,#6493,#6495,.T.);
#6493 = VERTEX_POINT('',#6494);
#6494 = CARTESIAN_POINT('',(157.78,-98.975,-5.E-02));
#6495 = CIRCLE('',#6496,0.139999827125);
#6496 = AXIS2_PLACEMENT_3D('',#6497,#6498,#6499);
#6497 = CARTESIAN_POINT('',(157.77999982712,-98.83500017287,-5.E-02));
#6498 = DIRECTION('',(0.,0.,1.));
#6499 = DIRECTION('',(-0.999999999999,1.234820248241E-06,0.));
#6500 = ORIENTED_EDGE('',*,*,#6501,.T.);
#6501 = EDGE_CURVE('',#6493,#6502,#6504,.T.);
#6502 = VERTEX_POINT('',#6503);
#6503 = CARTESIAN_POINT('',(158.12,-98.975,-5.E-02));
#6504 = LINE('',#6505,#6506);
#6505 = CARTESIAN_POINT('',(157.78,-98.975,-5.E-02));
#6506 = VECTOR('',#6507,1.);
#6507 = DIRECTION('',(1.,0.,0.));
#6508 = ORIENTED_EDGE('',*,*,#6509,.T.);
#6509 = EDGE_CURVE('',#6502,#6510,#6512,.T.);
#6510 = VERTEX_POINT('',#6511);
#6511 = CARTESIAN_POINT('',(158.26,-98.835,-5.E-02));
#6512 = CIRCLE('',#6513,0.139999827125);
#6513 = AXIS2_PLACEMENT_3D('',#6514,#6515,#6516);
#6514 = CARTESIAN_POINT('',(158.12000017287,-98.83500017287,-5.E-02));
#6515 = DIRECTION('',(0.,0.,1.));
#6516 = DIRECTION('',(-1.234820451254E-06,-0.999999999999,0.));
#6517 = ORIENTED_EDGE('',*,*,#6518,.T.);
#6518 = EDGE_CURVE('',#6510,#6457,#6519,.T.);
#6519 = LINE('',#6520,#6521);
#6520 = CARTESIAN_POINT('',(158.26,-98.835,-5.E-02));
#6521 = VECTOR('',#6522,1.);
#6522 = DIRECTION('',(0.,1.,0.));
#6523 = PLANE('',#6524);
#6524 = AXIS2_PLACEMENT_3D('',#6525,#6526,#6527);
#6525 = CARTESIAN_POINT('',(0.,0.,-5.E-02));
#6526 = DIRECTION('',(-0.,-0.,-1.));
#6527 = DIRECTION('',(-1.,0.,0.));
#6528 = ( GEOMETRIC_REPRESENTATION_CONTEXT(3) 
GLOBAL_UNCERTAINTY_ASSIGNED_CONTEXT((#6532)) 
GLOBAL_UNIT_ASSIGNED_CONTEXT((#6529,#6530,#6531)) REPRESENTATION_CONTEXT
('Context #1','3D Context with UNIT and UNCERTAINTY') );
#6529 = ( LENGTH_UNIT() NAMED_UNIT(*) SI_UNIT(.MILLI.,.METRE.) );
#6530 = ( NAMED_UNIT(*) PLANE_ANGLE_UNIT() SI_UNIT($,.RADIAN.) );
#6531 = ( NAMED_UNIT(*) SI_UNIT($,.STERADIAN.) SOLID_ANGLE_UNIT() );
#6532 = UNCERTAINTY_MEASURE_WITH_UNIT(LENGTH_MEASURE(1.E-07),#6529,
  'distance_accuracy_value','confusion accuracy');
#6533 = CONTEXT_DEPENDENT_SHAPE_REPRESENTATION(#6534,#6536);
#6534 = ( REPRESENTATION_RELATIONSHIP('','',#5107,#10) 
REPRESENTATION_RELATIONSHIP_WITH_TRANSFORMATION(#6535) 
SHAPE_REPRESENTATION_RELATIONSHIP() );
#6535 = ITEM_DEFINED_TRANSFORMATION('','',#11,#39);
#6536 = PRODUCT_DEFINITION_SHAPE('Placement','Placement of an item',
  #6537);
#6537 = NEXT_ASSEMBLY_USAGE_OCCURRENCE('7','=>[0:1:1:5]','',#5,#5102,$);
#6538 = PRODUCT_RELATED_PRODUCT_CATEGORY('part',$,(#5104));
#6539 = SHAPE_DEFINITION_REPRESENTATION(#6540,#6546);
#6540 = PRODUCT_DEFINITION_SHAPE('','',#6541);
#6541 = PRODUCT_DEFINITION('design','',#6542,#6545);
#6542 = PRODUCT_DEFINITION_FORMATION('','',#6543);
#6543 = PRODUCT('rect_20_20_PCB','rect_20_20_PCB','',(#6544));
#6544 = PRODUCT_CONTEXT('',#2,'mechanical');
#6545 = PRODUCT_DEFINITION_CONTEXT('part definition',#2,'design');
#6546 = ADVANCED_BREP_SHAPE_REPRESENTATION('',(#11,#6547),#7736);
#6547 = MANIFOLD_SOLID_BREP('',#6548);
#6548 = CLOSED_SHELL('',(#6549,#6591,#6622,#6653,#6942,#7231,#7248,#7265
    ,#7282,#7299,#7311,#7328,#7345,#7362,#7379,#7396,#7413,#7435,#7452,
    #7469,#7486,#7503,#7520,#7537,#7554,#7571,#7588,#7605,#7622,#7639,
    #7656,#7673,#7685,#7702,#7719));
#6549 = ADVANCED_FACE('',(#6550),#6586,.T.);
#6550 = FACE_BOUND('',#6551,.T.);
#6551 = EDGE_LOOP('',(#6552,#6562,#6571,#6579));
#6552 = ORIENTED_EDGE('',*,*,#6553,.T.);
#6553 = EDGE_CURVE('',#6554,#6556,#6558,.T.);
#6554 = VERTEX_POINT('',#6555);
#6555 = CARTESIAN_POINT('',(157.6,-90.,0.));
#6556 = VERTEX_POINT('',#6557);
#6557 = CARTESIAN_POINT('',(157.6,-90.,0.71));
#6558 = LINE('',#6559,#6560);
#6559 = CARTESIAN_POINT('',(157.6,-90.,0.));
#6560 = VECTOR('',#6561,1.);
#6561 = DIRECTION('',(0.,0.,1.));
#6562 = ORIENTED_EDGE('',*,*,#6563,.T.);
#6563 = EDGE_CURVE('',#6556,#6564,#6566,.T.);
#6564 = VERTEX_POINT('',#6565);
#6565 = CARTESIAN_POINT('',(160.,-92.4,0.71));
#6566 = CIRCLE('',#6567,2.400000938389);
#6567 = AXIS2_PLACEMENT_3D('',#6568,#6569,#6570);
#6568 = CARTESIAN_POINT('',(157.59999906161,-92.40000093838,0.71));
#6569 = DIRECTION('',(0.,0.,-1.));
#6570 = DIRECTION('',(3.909953616065E-07,1.,0.));
#6571 = ORIENTED_EDGE('',*,*,#6572,.F.);
#6572 = EDGE_CURVE('',#6573,#6564,#6575,.T.);
#6573 = VERTEX_POINT('',#6574);
#6574 = CARTESIAN_POINT('',(160.,-92.4,0.));
#6575 = LINE('',#6576,#6577);
#6576 = CARTESIAN_POINT('',(160.,-92.4,0.));
#6577 = VECTOR('',#6578,1.);
#6578 = DIRECTION('',(0.,0.,1.));
#6579 = ORIENTED_EDGE('',*,*,#6580,.F.);
#6580 = EDGE_CURVE('',#6554,#6573,#6581,.T.);
#6581 = CIRCLE('',#6582,2.400000938389);
#6582 = AXIS2_PLACEMENT_3D('',#6583,#6584,#6585);
#6583 = CARTESIAN_POINT('',(157.59999906161,-92.40000093838,0.));
#6584 = DIRECTION('',(0.,0.,-1.));
#6585 = DIRECTION('',(3.909953616065E-07,1.,0.));
#6586 = CYLINDRICAL_SURFACE('',#6587,2.400000938389);
#6587 = AXIS2_PLACEMENT_3D('',#6588,#6589,#6590);
#6588 = CARTESIAN_POINT('',(157.59999906161,-92.40000093838,0.));
#6589 = DIRECTION('',(0.,0.,-1.));
#6590 = DIRECTION('',(3.909953616065E-07,1.,0.));
#6591 = ADVANCED_FACE('',(#6592),#6617,.T.);
#6592 = FACE_BOUND('',#6593,.T.);
#6593 = EDGE_LOOP('',(#6594,#6604,#6610,#6611));
#6594 = ORIENTED_EDGE('',*,*,#6595,.T.);
#6595 = EDGE_CURVE('',#6596,#6598,#6600,.T.);
#6596 = VERTEX_POINT('',#6597);
#6597 = CARTESIAN_POINT('',(142.4,-90.,0.));
#6598 = VERTEX_POINT('',#6599);
#6599 = CARTESIAN_POINT('',(142.4,-90.,0.71));
#6600 = LINE('',#6601,#6602);
#6601 = CARTESIAN_POINT('',(142.4,-90.,0.));
#6602 = VECTOR('',#6603,1.);
#6603 = DIRECTION('',(0.,0.,1.));
#6604 = ORIENTED_EDGE('',*,*,#6605,.T.);
#6605 = EDGE_CURVE('',#6598,#6556,#6606,.T.);
#6606 = LINE('',#6607,#6608);
#6607 = CARTESIAN_POINT('',(142.4,-90.,0.71));
#6608 = VECTOR('',#6609,1.);
#6609 = DIRECTION('',(1.,0.,0.));
#6610 = ORIENTED_EDGE('',*,*,#6553,.F.);
#6611 = ORIENTED_EDGE('',*,*,#6612,.F.);
#6612 = EDGE_CURVE('',#6596,#6554,#6613,.T.);
#6613 = LINE('',#6614,#6615);
#6614 = CARTESIAN_POINT('',(142.4,-90.,0.));
#6615 = VECTOR('',#6616,1.);
#6616 = DIRECTION('',(1.,0.,0.));
#6617 = PLANE('',#6618);
#6618 = AXIS2_PLACEMENT_3D('',#6619,#6620,#6621);
#6619 = CARTESIAN_POINT('',(142.4,-90.,0.));
#6620 = DIRECTION('',(0.,1.,0.));
#6621 = DIRECTION('',(1.,0.,0.));
#6622 = ADVANCED_FACE('',(#6623),#6648,.T.);
#6623 = FACE_BOUND('',#6624,.T.);
#6624 = EDGE_LOOP('',(#6625,#6626,#6634,#6642));
#6625 = ORIENTED_EDGE('',*,*,#6572,.T.);
#6626 = ORIENTED_EDGE('',*,*,#6627,.T.);
#6627 = EDGE_CURVE('',#6564,#6628,#6630,.T.);
#6628 = VERTEX_POINT('',#6629);
#6629 = CARTESIAN_POINT('',(160.,-107.6,0.71));
#6630 = LINE('',#6631,#6632);
#6631 = CARTESIAN_POINT('',(160.,-92.4,0.71));
#6632 = VECTOR('',#6633,1.);
#6633 = DIRECTION('',(0.,-1.,0.));
#6634 = ORIENTED_EDGE('',*,*,#6635,.F.);
#6635 = EDGE_CURVE('',#6636,#6628,#6638,.T.);
#6636 = VERTEX_POINT('',#6637);
#6637 = CARTESIAN_POINT('',(160.,-107.6,0.));
#6638 = LINE('',#6639,#6640);
#6639 = CARTESIAN_POINT('',(160.,-107.6,0.));
#6640 = VECTOR('',#6641,1.);
#6641 = DIRECTION('',(0.,0.,1.));
#6642 = ORIENTED_EDGE('',*,*,#6643,.F.);
#6643 = EDGE_CURVE('',#6573,#6636,#6644,.T.);
#6644 = LINE('',#6645,#6646);
#6645 = CARTESIAN_POINT('',(160.,-92.4,0.));
#6646 = VECTOR('',#6647,1.);
#6647 = DIRECTION('',(0.,-1.,0.));
#6648 = PLANE('',#6649);
#6649 = AXIS2_PLACEMENT_3D('',#6650,#6651,#6652);
#6650 = CARTESIAN_POINT('',(160.,-92.4,0.));
#6651 = DIRECTION('',(1.,0.,-0.));
#6652 = DIRECTION('',(0.,-1.,0.));
#6653 = ADVANCED_FACE('',(#6654,#6700,#6711,#6722,#6733,#6744,#6755,
    #6766,#6904,#6915,#6926),#6937,.F.);
#6654 = FACE_BOUND('',#6655,.F.);
#6655 = EDGE_LOOP('',(#6656,#6657,#6658,#6667,#6675,#6684,#6692,#6699));
#6656 = ORIENTED_EDGE('',*,*,#6580,.F.);
#6657 = ORIENTED_EDGE('',*,*,#6612,.F.);
#6658 = ORIENTED_EDGE('',*,*,#6659,.F.);
#6659 = EDGE_CURVE('',#6660,#6596,#6662,.T.);
#6660 = VERTEX_POINT('',#6661);
#6661 = CARTESIAN_POINT('',(140.,-92.4,0.));
#6662 = CIRCLE('',#6663,2.400000938389);
#6663 = AXIS2_PLACEMENT_3D('',#6664,#6665,#6666);
#6664 = CARTESIAN_POINT('',(142.40000093838,-92.40000093838,0.));
#6665 = DIRECTION('',(0.,0.,-1.));
#6666 = DIRECTION('',(-1.,3.909953616065E-07,0.));
#6667 = ORIENTED_EDGE('',*,*,#6668,.F.);
#6668 = EDGE_CURVE('',#6669,#6660,#6671,.T.);
#6669 = VERTEX_POINT('',#6670);
#6670 = CARTESIAN_POINT('',(140.,-107.6,0.));
#6671 = LINE('',#6672,#6673);
#6672 = CARTESIAN_POINT('',(140.,-107.6,0.));
#6673 = VECTOR('',#6674,1.);
#6674 = DIRECTION('',(0.,1.,0.));
#6675 = ORIENTED_EDGE('',*,*,#6676,.F.);
#6676 = EDGE_CURVE('',#6677,#6669,#6679,.T.);
#6677 = VERTEX_POINT('',#6678);
#6678 = CARTESIAN_POINT('',(142.4,-110.,0.));
#6679 = CIRCLE('',#6680,2.400000938389);
#6680 = AXIS2_PLACEMENT_3D('',#6681,#6682,#6683);
#6681 = CARTESIAN_POINT('',(142.40000093838,-107.5999990616,0.));
#6682 = DIRECTION('',(0.,0.,-1.));
#6683 = DIRECTION('',(-3.909953616065E-07,-1.,-0.));
#6684 = ORIENTED_EDGE('',*,*,#6685,.F.);
#6685 = EDGE_CURVE('',#6686,#6677,#6688,.T.);
#6686 = VERTEX_POINT('',#6687);
#6687 = CARTESIAN_POINT('',(157.6,-110.,0.));
#6688 = LINE('',#6689,#6690);
#6689 = CARTESIAN_POINT('',(157.6,-110.,0.));
#6690 = VECTOR('',#6691,1.);
#6691 = DIRECTION('',(-1.,0.,0.));
#6692 = ORIENTED_EDGE('',*,*,#6693,.F.);
#6693 = EDGE_CURVE('',#6636,#6686,#6694,.T.);
#6694 = CIRCLE('',#6695,2.400000938389);
#6695 = AXIS2_PLACEMENT_3D('',#6696,#6697,#6698);
#6696 = CARTESIAN_POINT('',(157.59999906161,-107.5999990616,0.));
#6697 = DIRECTION('',(0.,0.,-1.));
#6698 = DIRECTION('',(1.,-3.909953616065E-07,0.));
#6699 = ORIENTED_EDGE('',*,*,#6643,.F.);
#6700 = FACE_BOUND('',#6701,.F.);
#6701 = EDGE_LOOP('',(#6702));
#6702 = ORIENTED_EDGE('',*,*,#6703,.T.);
#6703 = EDGE_CURVE('',#6704,#6704,#6706,.T.);
#6704 = VERTEX_POINT('',#6705);
#6705 = CARTESIAN_POINT('',(156.4,-101.85,0.));
#6706 = CIRCLE('',#6707,0.25);
#6707 = AXIS2_PLACEMENT_3D('',#6708,#6709,#6710);
#6708 = CARTESIAN_POINT('',(156.4,-101.6,0.));
#6709 = DIRECTION('',(-0.,0.,-1.));
#6710 = DIRECTION('',(-0.,-1.,0.));
#6711 = FACE_BOUND('',#6712,.F.);
#6712 = EDGE_LOOP('',(#6713));
#6713 = ORIENTED_EDGE('',*,*,#6714,.T.);
#6714 = EDGE_CURVE('',#6715,#6715,#6717,.T.);
#6715 = VERTEX_POINT('',#6716);
#6716 = CARTESIAN_POINT('',(157.95,-101.63,0.));
#6717 = CIRCLE('',#6718,0.1);
#6718 = AXIS2_PLACEMENT_3D('',#6719,#6720,#6721);
#6719 = CARTESIAN_POINT('',(157.95,-101.53,0.));
#6720 = DIRECTION('',(-0.,0.,-1.));
#6721 = DIRECTION('',(-0.,-1.,0.));
#6722 = FACE_BOUND('',#6723,.F.);
#6723 = EDGE_LOOP('',(#6724));
#6724 = ORIENTED_EDGE('',*,*,#6725,.T.);
#6725 = EDGE_CURVE('',#6726,#6726,#6728,.T.);
#6726 = VERTEX_POINT('',#6727);
#6727 = CARTESIAN_POINT('',(158.6,-102.1,0.));
#6728 = CIRCLE('',#6729,9.999999999999E-02);
#6729 = AXIS2_PLACEMENT_3D('',#6730,#6731,#6732);
#6730 = CARTESIAN_POINT('',(158.6,-102.,0.));
#6731 = DIRECTION('',(-0.,0.,-1.));
#6732 = DIRECTION('',(-0.,-1.,0.));
#6733 = FACE_BOUND('',#6734,.F.);
#6734 = EDGE_LOOP('',(#6735));
#6735 = ORIENTED_EDGE('',*,*,#6736,.T.);
#6736 = EDGE_CURVE('',#6737,#6737,#6739,.T.);
#6737 = VERTEX_POINT('',#6738);
#6738 = CARTESIAN_POINT('',(158.85,-101.4,0.));
#6739 = CIRCLE('',#6740,9.999999999999E-02);
#6740 = AXIS2_PLACEMENT_3D('',#6741,#6742,#6743);
#6741 = CARTESIAN_POINT('',(158.85,-101.3,0.));
#6742 = DIRECTION('',(-0.,0.,-1.));
#6743 = DIRECTION('',(-0.,-1.,0.));
#6744 = FACE_BOUND('',#6745,.F.);
#6745 = EDGE_LOOP('',(#6746));
#6746 = ORIENTED_EDGE('',*,*,#6747,.T.);
#6747 = EDGE_CURVE('',#6748,#6748,#6750,.T.);
#6748 = VERTEX_POINT('',#6749);
#6749 = CARTESIAN_POINT('',(158.85,-100.75,0.));
#6750 = CIRCLE('',#6751,9.999999999999E-02);
#6751 = AXIS2_PLACEMENT_3D('',#6752,#6753,#6754);
#6752 = CARTESIAN_POINT('',(158.85,-100.65,0.));
#6753 = DIRECTION('',(-0.,0.,-1.));
#6754 = DIRECTION('',(-0.,-1.,0.));
#6755 = FACE_BOUND('',#6756,.F.);
#6756 = EDGE_LOOP('',(#6757));
#6757 = ORIENTED_EDGE('',*,*,#6758,.T.);
#6758 = EDGE_CURVE('',#6759,#6759,#6761,.T.);
#6759 = VERTEX_POINT('',#6760);
#6760 = CARTESIAN_POINT('',(158.85,-100.1,0.));
#6761 = CIRCLE('',#6762,9.999999999999E-02);
#6762 = AXIS2_PLACEMENT_3D('',#6763,#6764,#6765);
#6763 = CARTESIAN_POINT('',(158.85,-100.,0.));
#6764 = DIRECTION('',(-0.,0.,-1.));
#6765 = DIRECTION('',(-0.,-1.,0.));
#6766 = FACE_BOUND('',#6767,.F.);
#6767 = EDGE_LOOP('',(#6768,#6779,#6787,#6796,#6804,#6813,#6821,#6830,
    #6838,#6847,#6855,#6864,#6872,#6881,#6889,#6898));
#6768 = ORIENTED_EDGE('',*,*,#6769,.F.);
#6769 = EDGE_CURVE('',#6770,#6772,#6774,.T.);
#6770 = VERTEX_POINT('',#6771);
#6771 = CARTESIAN_POINT('',(142.4,-90.8,0.));
#6772 = VERTEX_POINT('',#6773);
#6773 = CARTESIAN_POINT('',(140.8,-92.4,0.));
#6774 = CIRCLE('',#6775,1.599999487522);
#6775 = AXIS2_PLACEMENT_3D('',#6776,#6777,#6778);
#6776 = CARTESIAN_POINT('',(142.39999948752,-92.39999948752,0.));
#6777 = DIRECTION('',(0.,0.,1.));
#6778 = DIRECTION('',(3.202991254516E-07,1.,-0.));
#6779 = ORIENTED_EDGE('',*,*,#6780,.F.);
#6780 = EDGE_CURVE('',#6781,#6770,#6783,.T.);
#6781 = VERTEX_POINT('',#6782);
#6782 = CARTESIAN_POINT('',(157.6,-90.8,0.));
#6783 = LINE('',#6784,#6785);
#6784 = CARTESIAN_POINT('',(157.6,-90.8,0.));
#6785 = VECTOR('',#6786,1.);
#6786 = DIRECTION('',(-1.,0.,0.));
#6787 = ORIENTED_EDGE('',*,*,#6788,.F.);
#6788 = EDGE_CURVE('',#6789,#6781,#6791,.T.);
#6789 = VERTEX_POINT('',#6790);
#6790 = CARTESIAN_POINT('',(159.2,-92.4,0.));
#6791 = CIRCLE('',#6792,1.599999487522);
#6792 = AXIS2_PLACEMENT_3D('',#6793,#6794,#6795);
#6793 = CARTESIAN_POINT('',(157.60000051247,-92.39999948752,0.));
#6794 = DIRECTION('',(0.,0.,1.));
#6795 = DIRECTION('',(1.,-3.202991432152E-07,0.));
#6796 = ORIENTED_EDGE('',*,*,#6797,.F.);
#6797 = EDGE_CURVE('',#6798,#6789,#6800,.T.);
#6798 = VERTEX_POINT('',#6799);
#6799 = CARTESIAN_POINT('',(159.2,-97.2,0.));
#6800 = LINE('',#6801,#6802);
#6801 = CARTESIAN_POINT('',(159.2,-97.2,0.));
#6802 = VECTOR('',#6803,1.);
#6803 = DIRECTION('',(0.,1.,0.));
#6804 = ORIENTED_EDGE('',*,*,#6805,.F.);
#6805 = EDGE_CURVE('',#6806,#6798,#6808,.T.);
#6806 = VERTEX_POINT('',#6807);
#6807 = CARTESIAN_POINT('',(158.8,-97.6,0.));
#6808 = CIRCLE('',#6809,0.399999018331);
#6809 = AXIS2_PLACEMENT_3D('',#6810,#6811,#6812);
#6810 = CARTESIAN_POINT('',(158.80000098167,-97.20000098167,0.));
#6811 = DIRECTION('',(0.,0.,1.));
#6812 = DIRECTION('',(-2.454181339286E-06,-0.999999999997,0.));
#6813 = ORIENTED_EDGE('',*,*,#6814,.F.);
#6814 = EDGE_CURVE('',#6815,#6806,#6817,.T.);
#6815 = VERTEX_POINT('',#6816);
#6816 = CARTESIAN_POINT('',(156.4,-97.6,0.));
#6817 = LINE('',#6818,#6819);
#6818 = CARTESIAN_POINT('',(156.4,-97.6,0.));
#6819 = VECTOR('',#6820,1.);
#6820 = DIRECTION('',(1.,0.,0.));
#6821 = ORIENTED_EDGE('',*,*,#6822,.F.);
#6822 = EDGE_CURVE('',#6823,#6815,#6825,.T.);
#6823 = VERTEX_POINT('',#6824);
#6824 = CARTESIAN_POINT('',(155.2,-98.8,0.));
#6825 = CIRCLE('',#6826,1.200000469195);
#6826 = AXIS2_PLACEMENT_3D('',#6827,#6828,#6829);
#6827 = CARTESIAN_POINT('',(156.40000046919,-98.80000046919,0.));
#6828 = DIRECTION('',(0.,0.,-1.));
#6829 = DIRECTION('',(-1.,3.909953497641E-07,0.));
#6830 = ORIENTED_EDGE('',*,*,#6831,.F.);
#6831 = EDGE_CURVE('',#6832,#6823,#6834,.T.);
#6832 = VERTEX_POINT('',#6833);
#6833 = CARTESIAN_POINT('',(155.2,-101.6,0.));
#6834 = LINE('',#6835,#6836);
#6835 = CARTESIAN_POINT('',(155.2,-101.6,0.));
#6836 = VECTOR('',#6837,1.);
#6837 = DIRECTION('',(0.,1.,0.));
#6838 = ORIENTED_EDGE('',*,*,#6839,.F.);
#6839 = EDGE_CURVE('',#6840,#6832,#6842,.T.);
#6840 = VERTEX_POINT('',#6841);
#6841 = CARTESIAN_POINT('',(156.4,-102.8,0.));
#6842 = CIRCLE('',#6843,1.200000469195);
#6843 = AXIS2_PLACEMENT_3D('',#6844,#6845,#6846);
#6844 = CARTESIAN_POINT('',(156.40000046919,-101.5999995308,0.));
#6845 = DIRECTION('',(0.,0.,-1.));
#6846 = DIRECTION('',(-3.909953379217E-07,-1.,-0.));
#6847 = ORIENTED_EDGE('',*,*,#6848,.F.);
#6848 = EDGE_CURVE('',#6849,#6840,#6851,.T.);
#6849 = VERTEX_POINT('',#6850);
#6850 = CARTESIAN_POINT('',(158.8,-102.8,0.));
#6851 = LINE('',#6852,#6853);
#6852 = CARTESIAN_POINT('',(158.8,-102.8,0.));
#6853 = VECTOR('',#6854,1.);
#6854 = DIRECTION('',(-1.,0.,0.));
#6855 = ORIENTED_EDGE('',*,*,#6856,.F.);
#6856 = EDGE_CURVE('',#6857,#6849,#6859,.T.);
#6857 = VERTEX_POINT('',#6858);
#6858 = CARTESIAN_POINT('',(159.2,-103.2,0.));
#6859 = CIRCLE('',#6860,0.399999018331);
#6860 = AXIS2_PLACEMENT_3D('',#6861,#6862,#6863);
#6861 = CARTESIAN_POINT('',(158.80000098167,-103.1999990183,0.));
#6862 = DIRECTION('',(0.,0.,1.));
#6863 = DIRECTION('',(0.999999999997,-2.454181374813E-06,0.));
#6864 = ORIENTED_EDGE('',*,*,#6865,.F.);
#6865 = EDGE_CURVE('',#6866,#6857,#6868,.T.);
#6866 = VERTEX_POINT('',#6867);
#6867 = CARTESIAN_POINT('',(159.2,-107.6,0.));
#6868 = LINE('',#6869,#6870);
#6869 = CARTESIAN_POINT('',(159.2,-107.6,0.));
#6870 = VECTOR('',#6871,1.);
#6871 = DIRECTION('',(0.,1.,0.));
#6872 = ORIENTED_EDGE('',*,*,#6873,.F.);
#6873 = EDGE_CURVE('',#6874,#6866,#6876,.T.);
#6874 = VERTEX_POINT('',#6875);
#6875 = CARTESIAN_POINT('',(157.6,-109.2,0.));
#6876 = CIRCLE('',#6877,1.599999487522);
#6877 = AXIS2_PLACEMENT_3D('',#6878,#6879,#6880);
#6878 = CARTESIAN_POINT('',(157.60000051247,-107.6000005124,0.));
#6879 = DIRECTION('',(0.,0.,1.));
#6880 = DIRECTION('',(-3.202991254516E-07,-1.,0.));
#6881 = ORIENTED_EDGE('',*,*,#6882,.F.);
#6882 = EDGE_CURVE('',#6883,#6874,#6885,.T.);
#6883 = VERTEX_POINT('',#6884);
#6884 = CARTESIAN_POINT('',(142.4,-109.2,0.));
#6885 = LINE('',#6886,#6887);
#6886 = CARTESIAN_POINT('',(142.4,-109.2,0.));
#6887 = VECTOR('',#6888,1.);
#6888 = DIRECTION('',(1.,0.,0.));
#6889 = ORIENTED_EDGE('',*,*,#6890,.F.);
#6890 = EDGE_CURVE('',#6891,#6883,#6893,.T.);
#6891 = VERTEX_POINT('',#6892);
#6892 = CARTESIAN_POINT('',(140.8,-107.6,0.));
#6893 = CIRCLE('',#6894,1.599999487522);
#6894 = AXIS2_PLACEMENT_3D('',#6895,#6896,#6897);
#6895 = CARTESIAN_POINT('',(142.39999948752,-107.6000005124,0.));
#6896 = DIRECTION('',(0.,0.,1.));
#6897 = DIRECTION('',(-1.,3.202991432152E-07,0.));
#6898 = ORIENTED_EDGE('',*,*,#6899,.F.);
#6899 = EDGE_CURVE('',#6772,#6891,#6900,.T.);
#6900 = LINE('',#6901,#6902);
#6901 = CARTESIAN_POINT('',(140.8,-92.4,0.));
#6902 = VECTOR('',#6903,1.);
#6903 = DIRECTION('',(0.,-1.,0.));
#6904 = FACE_BOUND('',#6905,.F.);
#6905 = EDGE_LOOP('',(#6906));
#6906 = ORIENTED_EDGE('',*,*,#6907,.T.);
#6907 = EDGE_CURVE('',#6908,#6908,#6910,.T.);
#6908 = VERTEX_POINT('',#6909);
#6909 = CARTESIAN_POINT('',(156.4,-99.05,0.));
#6910 = CIRCLE('',#6911,0.25);
#6911 = AXIS2_PLACEMENT_3D('',#6912,#6913,#6914);
#6912 = CARTESIAN_POINT('',(156.4,-98.8,0.));
#6913 = DIRECTION('',(-0.,0.,-1.));
#6914 = DIRECTION('',(-0.,-1.,0.));
#6915 = FACE_BOUND('',#6916,.F.);
#6916 = EDGE_LOOP('',(#6917));
#6917 = ORIENTED_EDGE('',*,*,#6918,.T.);
#6918 = EDGE_CURVE('',#6919,#6919,#6921,.T.);
#6919 = VERTEX_POINT('',#6920);
#6920 = CARTESIAN_POINT('',(158.85,-99.45,0.));
#6921 = CIRCLE('',#6922,9.999999999999E-02);
#6922 = AXIS2_PLACEMENT_3D('',#6923,#6924,#6925);
#6923 = CARTESIAN_POINT('',(158.85,-99.35,0.));
#6924 = DIRECTION('',(-0.,0.,-1.));
#6925 = DIRECTION('',(-0.,-1.,0.));
#6926 = FACE_BOUND('',#6927,.F.);
#6927 = EDGE_LOOP('',(#6928));
#6928 = ORIENTED_EDGE('',*,*,#6929,.T.);
#6929 = EDGE_CURVE('',#6930,#6930,#6932,.T.);
#6930 = VERTEX_POINT('',#6931);
#6931 = CARTESIAN_POINT('',(158.85,-98.8,0.));
#6932 = CIRCLE('',#6933,9.999999999999E-02);
#6933 = AXIS2_PLACEMENT_3D('',#6934,#6935,#6936);
#6934 = CARTESIAN_POINT('',(158.85,-98.7,0.));
#6935 = DIRECTION('',(-0.,0.,-1.));
#6936 = DIRECTION('',(-0.,-1.,0.));
#6937 = PLANE('',#6938);
#6938 = AXIS2_PLACEMENT_3D('',#6939,#6940,#6941);
#6939 = CARTESIAN_POINT('',(0.,0.,0.));
#6940 = DIRECTION('',(0.,0.,1.));
#6941 = DIRECTION('',(1.,0.,-0.));
#6942 = ADVANCED_FACE('',(#6943,#6989,#7000,#7011,#7022,#7033,#7044,
    #7055,#7193,#7204,#7215),#7226,.T.);
#6943 = FACE_BOUND('',#6944,.T.);
#6944 = EDGE_LOOP('',(#6945,#6946,#6947,#6956,#6964,#6973,#6981,#6988));
#6945 = ORIENTED_EDGE('',*,*,#6563,.F.);
#6946 = ORIENTED_EDGE('',*,*,#6605,.F.);
#6947 = ORIENTED_EDGE('',*,*,#6948,.F.);
#6948 = EDGE_CURVE('',#6949,#6598,#6951,.T.);
#6949 = VERTEX_POINT('',#6950);
#6950 = CARTESIAN_POINT('',(140.,-92.4,0.71));
#6951 = CIRCLE('',#6952,2.400000938389);
#6952 = AXIS2_PLACEMENT_3D('',#6953,#6954,#6955);
#6953 = CARTESIAN_POINT('',(142.40000093838,-92.40000093838,0.71));
#6954 = DIRECTION('',(0.,0.,-1.));
#6955 = DIRECTION('',(-1.,3.909953616065E-07,0.));
#6956 = ORIENTED_EDGE('',*,*,#6957,.F.);
#6957 = EDGE_CURVE('',#6958,#6949,#6960,.T.);
#6958 = VERTEX_POINT('',#6959);
#6959 = CARTESIAN_POINT('',(140.,-107.6,0.71));
#6960 = LINE('',#6961,#6962);
#6961 = CARTESIAN_POINT('',(140.,-107.6,0.71));
#6962 = VECTOR('',#6963,1.);
#6963 = DIRECTION('',(0.,1.,0.));
#6964 = ORIENTED_EDGE('',*,*,#6965,.F.);
#6965 = EDGE_CURVE('',#6966,#6958,#6968,.T.);
#6966 = VERTEX_POINT('',#6967);
#6967 = CARTESIAN_POINT('',(142.4,-110.,0.71));
#6968 = CIRCLE('',#6969,2.400000938389);
#6969 = AXIS2_PLACEMENT_3D('',#6970,#6971,#6972);
#6970 = CARTESIAN_POINT('',(142.40000093838,-107.5999990616,0.71));
#6971 = DIRECTION('',(0.,0.,-1.));
#6972 = DIRECTION('',(-3.909953616065E-07,-1.,-0.));
#6973 = ORIENTED_EDGE('',*,*,#6974,.F.);
#6974 = EDGE_CURVE('',#6975,#6966,#6977,.T.);
#6975 = VERTEX_POINT('',#6976);
#6976 = CARTESIAN_POINT('',(157.6,-110.,0.71));
#6977 = LINE('',#6978,#6979);
#6978 = CARTESIAN_POINT('',(157.6,-110.,0.71));
#6979 = VECTOR('',#6980,1.);
#6980 = DIRECTION('',(-1.,0.,0.));
#6981 = ORIENTED_EDGE('',*,*,#6982,.F.);
#6982 = EDGE_CURVE('',#6628,#6975,#6983,.T.);
#6983 = CIRCLE('',#6984,2.400000938389);
#6984 = AXIS2_PLACEMENT_3D('',#6985,#6986,#6987);
#6985 = CARTESIAN_POINT('',(157.59999906161,-107.5999990616,0.71));
#6986 = DIRECTION('',(0.,0.,-1.));
#6987 = DIRECTION('',(1.,-3.909953616065E-07,0.));
#6988 = ORIENTED_EDGE('',*,*,#6627,.F.);
#6989 = FACE_BOUND('',#6990,.T.);
#6990 = EDGE_LOOP('',(#6991));
#6991 = ORIENTED_EDGE('',*,*,#6992,.T.);
#6992 = EDGE_CURVE('',#6993,#6993,#6995,.T.);
#6993 = VERTEX_POINT('',#6994);
#6994 = CARTESIAN_POINT('',(156.4,-101.85,0.71));
#6995 = CIRCLE('',#6996,0.25);
#6996 = AXIS2_PLACEMENT_3D('',#6997,#6998,#6999);
#6997 = CARTESIAN_POINT('',(156.4,-101.6,0.71));
#6998 = DIRECTION('',(-0.,0.,-1.));
#6999 = DIRECTION('',(-0.,-1.,0.));
#7000 = FACE_BOUND('',#7001,.T.);
#7001 = EDGE_LOOP('',(#7002));
#7002 = ORIENTED_EDGE('',*,*,#7003,.T.);
#7003 = EDGE_CURVE('',#7004,#7004,#7006,.T.);
#7004 = VERTEX_POINT('',#7005);
#7005 = CARTESIAN_POINT('',(157.95,-101.63,0.71));
#7006 = CIRCLE('',#7007,0.1);
#7007 = AXIS2_PLACEMENT_3D('',#7008,#7009,#7010);
#7008 = CARTESIAN_POINT('',(157.95,-101.53,0.71));
#7009 = DIRECTION('',(-0.,0.,-1.));
#7010 = DIRECTION('',(-0.,-1.,0.));
#7011 = FACE_BOUND('',#7012,.T.);
#7012 = EDGE_LOOP('',(#7013));
#7013 = ORIENTED_EDGE('',*,*,#7014,.T.);
#7014 = EDGE_CURVE('',#7015,#7015,#7017,.T.);
#7015 = VERTEX_POINT('',#7016);
#7016 = CARTESIAN_POINT('',(158.6,-102.1,0.71));
#7017 = CIRCLE('',#7018,9.999999999999E-02);
#7018 = AXIS2_PLACEMENT_3D('',#7019,#7020,#7021);
#7019 = CARTESIAN_POINT('',(158.6,-102.,0.71));
#7020 = DIRECTION('',(-0.,0.,-1.));
#7021 = DIRECTION('',(-0.,-1.,0.));
#7022 = FACE_BOUND('',#7023,.T.);
#7023 = EDGE_LOOP('',(#7024));
#7024 = ORIENTED_EDGE('',*,*,#7025,.T.);
#7025 = EDGE_CURVE('',#7026,#7026,#7028,.T.);
#7026 = VERTEX_POINT('',#7027);
#7027 = CARTESIAN_POINT('',(158.85,-101.4,0.71));
#7028 = CIRCLE('',#7029,9.999999999999E-02);
#7029 = AXIS2_PLACEMENT_3D('',#7030,#7031,#7032);
#7030 = CARTESIAN_POINT('',(158.85,-101.3,0.71));
#7031 = DIRECTION('',(-0.,0.,-1.));
#7032 = DIRECTION('',(-0.,-1.,0.));
#7033 = FACE_BOUND('',#7034,.T.);
#7034 = EDGE_LOOP('',(#7035));
#7035 = ORIENTED_EDGE('',*,*,#7036,.T.);
#7036 = EDGE_CURVE('',#7037,#7037,#7039,.T.);
#7037 = VERTEX_POINT('',#7038);
#7038 = CARTESIAN_POINT('',(158.85,-100.75,0.71));
#7039 = CIRCLE('',#7040,9.999999999999E-02);
#7040 = AXIS2_PLACEMENT_3D('',#7041,#7042,#7043);
#7041 = CARTESIAN_POINT('',(158.85,-100.65,0.71));
#7042 = DIRECTION('',(-0.,0.,-1.));
#7043 = DIRECTION('',(-0.,-1.,0.));
#7044 = FACE_BOUND('',#7045,.T.);
#7045 = EDGE_LOOP('',(#7046));
#7046 = ORIENTED_EDGE('',*,*,#7047,.T.);
#7047 = EDGE_CURVE('',#7048,#7048,#7050,.T.);
#7048 = VERTEX_POINT('',#7049);
#7049 = CARTESIAN_POINT('',(158.85,-100.1,0.71));
#7050 = CIRCLE('',#7051,9.999999999999E-02);
#7051 = AXIS2_PLACEMENT_3D('',#7052,#7053,#7054);
#7052 = CARTESIAN_POINT('',(158.85,-100.,0.71));
#7053 = DIRECTION('',(-0.,0.,-1.));
#7054 = DIRECTION('',(-0.,-1.,0.));
#7055 = FACE_BOUND('',#7056,.T.);
#7056 = EDGE_LOOP('',(#7057,#7068,#7076,#7085,#7093,#7102,#7110,#7119,
    #7127,#7136,#7144,#7153,#7161,#7170,#7178,#7187));
#7057 = ORIENTED_EDGE('',*,*,#7058,.F.);
#7058 = EDGE_CURVE('',#7059,#7061,#7063,.T.);
#7059 = VERTEX_POINT('',#7060);
#7060 = CARTESIAN_POINT('',(142.4,-90.8,0.71));
#7061 = VERTEX_POINT('',#7062);
#7062 = CARTESIAN_POINT('',(140.8,-92.4,0.71));
#7063 = CIRCLE('',#7064,1.599999487522);
#7064 = AXIS2_PLACEMENT_3D('',#7065,#7066,#7067);
#7065 = CARTESIAN_POINT('',(142.39999948752,-92.39999948752,0.71));
#7066 = DIRECTION('',(0.,0.,1.));
#7067 = DIRECTION('',(3.202991254516E-07,1.,-0.));
#7068 = ORIENTED_EDGE('',*,*,#7069,.F.);
#7069 = EDGE_CURVE('',#7070,#7059,#7072,.T.);
#7070 = VERTEX_POINT('',#7071);
#7071 = CARTESIAN_POINT('',(157.6,-90.8,0.71));
#7072 = LINE('',#7073,#7074);
#7073 = CARTESIAN_POINT('',(157.6,-90.8,0.71));
#7074 = VECTOR('',#7075,1.);
#7075 = DIRECTION('',(-1.,0.,0.));
#7076 = ORIENTED_EDGE('',*,*,#7077,.F.);
#7077 = EDGE_CURVE('',#7078,#7070,#7080,.T.);
#7078 = VERTEX_POINT('',#7079);
#7079 = CARTESIAN_POINT('',(159.2,-92.4,0.71));
#7080 = CIRCLE('',#7081,1.599999487522);
#7081 = AXIS2_PLACEMENT_3D('',#7082,#7083,#7084);
#7082 = CARTESIAN_POINT('',(157.60000051247,-92.39999948752,0.71));
#7083 = DIRECTION('',(0.,0.,1.));
#7084 = DIRECTION('',(1.,-3.202991432152E-07,0.));
#7085 = ORIENTED_EDGE('',*,*,#7086,.F.);
#7086 = EDGE_CURVE('',#7087,#7078,#7089,.T.);
#7087 = VERTEX_POINT('',#7088);
#7088 = CARTESIAN_POINT('',(159.2,-97.2,0.71));
#7089 = LINE('',#7090,#7091);
#7090 = CARTESIAN_POINT('',(159.2,-97.2,0.71));
#7091 = VECTOR('',#7092,1.);
#7092 = DIRECTION('',(0.,1.,0.));
#7093 = ORIENTED_EDGE('',*,*,#7094,.F.);
#7094 = EDGE_CURVE('',#7095,#7087,#7097,.T.);
#7095 = VERTEX_POINT('',#7096);
#7096 = CARTESIAN_POINT('',(158.8,-97.6,0.71));
#7097 = CIRCLE('',#7098,0.399999018331);
#7098 = AXIS2_PLACEMENT_3D('',#7099,#7100,#7101);
#7099 = CARTESIAN_POINT('',(158.80000098167,-97.20000098167,0.71));
#7100 = DIRECTION('',(0.,0.,1.));
#7101 = DIRECTION('',(-2.454181339286E-06,-0.999999999997,0.));
#7102 = ORIENTED_EDGE('',*,*,#7103,.F.);
#7103 = EDGE_CURVE('',#7104,#7095,#7106,.T.);
#7104 = VERTEX_POINT('',#7105);
#7105 = CARTESIAN_POINT('',(156.4,-97.6,0.71));
#7106 = LINE('',#7107,#7108);
#7107 = CARTESIAN_POINT('',(156.4,-97.6,0.71));
#7108 = VECTOR('',#7109,1.);
#7109 = DIRECTION('',(1.,0.,0.));
#7110 = ORIENTED_EDGE('',*,*,#7111,.F.);
#7111 = EDGE_CURVE('',#7112,#7104,#7114,.T.);
#7112 = VERTEX_POINT('',#7113);
#7113 = CARTESIAN_POINT('',(155.2,-98.8,0.71));
#7114 = CIRCLE('',#7115,1.200000469195);
#7115 = AXIS2_PLACEMENT_3D('',#7116,#7117,#7118);
#7116 = CARTESIAN_POINT('',(156.40000046919,-98.80000046919,0.71));
#7117 = DIRECTION('',(0.,0.,-1.));
#7118 = DIRECTION('',(-1.,3.909953497641E-07,0.));
#7119 = ORIENTED_EDGE('',*,*,#7120,.F.);
#7120 = EDGE_CURVE('',#7121,#7112,#7123,.T.);
#7121 = VERTEX_POINT('',#7122);
#7122 = CARTESIAN_POINT('',(155.2,-101.6,0.71));
#7123 = LINE('',#7124,#7125);
#7124 = CARTESIAN_POINT('',(155.2,-101.6,0.71));
#7125 = VECTOR('',#7126,1.);
#7126 = DIRECTION('',(0.,1.,0.));
#7127 = ORIENTED_EDGE('',*,*,#7128,.F.);
#7128 = EDGE_CURVE('',#7129,#7121,#7131,.T.);
#7129 = VERTEX_POINT('',#7130);
#7130 = CARTESIAN_POINT('',(156.4,-102.8,0.71));
#7131 = CIRCLE('',#7132,1.200000469195);
#7132 = AXIS2_PLACEMENT_3D('',#7133,#7134,#7135);
#7133 = CARTESIAN_POINT('',(156.40000046919,-101.5999995308,0.71));
#7134 = DIRECTION('',(0.,0.,-1.));
#7135 = DIRECTION('',(-3.909953379217E-07,-1.,-0.));
#7136 = ORIENTED_EDGE('',*,*,#7137,.F.);
#7137 = EDGE_CURVE('',#7138,#7129,#7140,.T.);
#7138 = VERTEX_POINT('',#7139);
#7139 = CARTESIAN_POINT('',(158.8,-102.8,0.71));
#7140 = LINE('',#7141,#7142);
#7141 = CARTESIAN_POINT('',(158.8,-102.8,0.71));
#7142 = VECTOR('',#7143,1.);
#7143 = DIRECTION('',(-1.,0.,0.));
#7144 = ORIENTED_EDGE('',*,*,#7145,.F.);
#7145 = EDGE_CURVE('',#7146,#7138,#7148,.T.);
#7146 = VERTEX_POINT('',#7147);
#7147 = CARTESIAN_POINT('',(159.2,-103.2,0.71));
#7148 = CIRCLE('',#7149,0.399999018331);
#7149 = AXIS2_PLACEMENT_3D('',#7150,#7151,#7152);
#7150 = CARTESIAN_POINT('',(158.80000098167,-103.1999990183,0.71));
#7151 = DIRECTION('',(0.,0.,1.));
#7152 = DIRECTION('',(0.999999999997,-2.454181374813E-06,0.));
#7153 = ORIENTED_EDGE('',*,*,#7154,.F.);
#7154 = EDGE_CURVE('',#7155,#7146,#7157,.T.);
#7155 = VERTEX_POINT('',#7156);
#7156 = CARTESIAN_POINT('',(159.2,-107.6,0.71));
#7157 = LINE('',#7158,#7159);
#7158 = CARTESIAN_POINT('',(159.2,-107.6,0.71));
#7159 = VECTOR('',#7160,1.);
#7160 = DIRECTION('',(0.,1.,0.));
#7161 = ORIENTED_EDGE('',*,*,#7162,.F.);
#7162 = EDGE_CURVE('',#7163,#7155,#7165,.T.);
#7163 = VERTEX_POINT('',#7164);
#7164 = CARTESIAN_POINT('',(157.6,-109.2,0.71));
#7165 = CIRCLE('',#7166,1.599999487522);
#7166 = AXIS2_PLACEMENT_3D('',#7167,#7168,#7169);
#7167 = CARTESIAN_POINT('',(157.60000051247,-107.6000005124,0.71));
#7168 = DIRECTION('',(0.,0.,1.));
#7169 = DIRECTION('',(-3.202991254516E-07,-1.,0.));
#7170 = ORIENTED_EDGE('',*,*,#7171,.F.);
#7171 = EDGE_CURVE('',#7172,#7163,#7174,.T.);
#7172 = VERTEX_POINT('',#7173);
#7173 = CARTESIAN_POINT('',(142.4,-109.2,0.71));
#7174 = LINE('',#7175,#7176);
#7175 = CARTESIAN_POINT('',(142.4,-109.2,0.71));
#7176 = VECTOR('',#7177,1.);
#7177 = DIRECTION('',(1.,0.,0.));
#7178 = ORIENTED_EDGE('',*,*,#7179,.F.);
#7179 = EDGE_CURVE('',#7180,#7172,#7182,.T.);
#7180 = VERTEX_POINT('',#7181);
#7181 = CARTESIAN_POINT('',(140.8,-107.6,0.71));
#7182 = CIRCLE('',#7183,1.599999487522);
#7183 = AXIS2_PLACEMENT_3D('',#7184,#7185,#7186);
#7184 = CARTESIAN_POINT('',(142.39999948752,-107.6000005124,0.71));
#7185 = DIRECTION('',(0.,0.,1.));
#7186 = DIRECTION('',(-1.,3.202991432152E-07,0.));
#7187 = ORIENTED_EDGE('',*,*,#7188,.F.);
#7188 = EDGE_CURVE('',#7061,#7180,#7189,.T.);
#7189 = LINE('',#7190,#7191);
#7190 = CARTESIAN_POINT('',(140.8,-92.4,0.71));
#7191 = VECTOR('',#7192,1.);
#7192 = DIRECTION('',(0.,-1.,0.));
#7193 = FACE_BOUND('',#7194,.T.);
#7194 = EDGE_LOOP('',(#7195));
#7195 = ORIENTED_EDGE('',*,*,#7196,.T.);
#7196 = EDGE_CURVE('',#7197,#7197,#7199,.T.);
#7197 = VERTEX_POINT('',#7198);
#7198 = CARTESIAN_POINT('',(156.4,-99.05,0.71));
#7199 = CIRCLE('',#7200,0.25);
#7200 = AXIS2_PLACEMENT_3D('',#7201,#7202,#7203);
#7201 = CARTESIAN_POINT('',(156.4,-98.8,0.71));
#7202 = DIRECTION('',(-0.,0.,-1.));
#7203 = DIRECTION('',(-0.,-1.,0.));
#7204 = FACE_BOUND('',#7205,.T.);
#7205 = EDGE_LOOP('',(#7206));
#7206 = ORIENTED_EDGE('',*,*,#7207,.T.);
#7207 = EDGE_CURVE('',#7208,#7208,#7210,.T.);
#7208 = VERTEX_POINT('',#7209);
#7209 = CARTESIAN_POINT('',(158.85,-99.45,0.71));
#7210 = CIRCLE('',#7211,9.999999999999E-02);
#7211 = AXIS2_PLACEMENT_3D('',#7212,#7213,#7214);
#7212 = CARTESIAN_POINT('',(158.85,-99.35,0.71));
#7213 = DIRECTION('',(-0.,0.,-1.));
#7214 = DIRECTION('',(-0.,-1.,0.));
#7215 = FACE_BOUND('',#7216,.T.);
#7216 = EDGE_LOOP('',(#7217));
#7217 = ORIENTED_EDGE('',*,*,#7218,.T.);
#7218 = EDGE_CURVE('',#7219,#7219,#7221,.T.);
#7219 = VERTEX_POINT('',#7220);
#7220 = CARTESIAN_POINT('',(158.85,-98.8,0.71));
#7221 = CIRCLE('',#7222,9.999999999999E-02);
#7222 = AXIS2_PLACEMENT_3D('',#7223,#7224,#7225);
#7223 = CARTESIAN_POINT('',(158.85,-98.7,0.71));
#7224 = DIRECTION('',(-0.,0.,-1.));
#7225 = DIRECTION('',(-0.,-1.,0.));
#7226 = PLANE('',#7227);
#7227 = AXIS2_PLACEMENT_3D('',#7228,#7229,#7230);
#7228 = CARTESIAN_POINT('',(0.,0.,0.71));
#7229 = DIRECTION('',(0.,0.,1.));
#7230 = DIRECTION('',(1.,0.,-0.));
#7231 = ADVANCED_FACE('',(#7232),#7243,.T.);
#7232 = FACE_BOUND('',#7233,.T.);
#7233 = EDGE_LOOP('',(#7234,#7240,#7241,#7242));
#7234 = ORIENTED_EDGE('',*,*,#7235,.T.);
#7235 = EDGE_CURVE('',#6660,#6949,#7236,.T.);
#7236 = LINE('',#7237,#7238);
#7237 = CARTESIAN_POINT('',(140.,-92.4,0.));
#7238 = VECTOR('',#7239,1.);
#7239 = DIRECTION('',(0.,0.,1.));
#7240 = ORIENTED_EDGE('',*,*,#6948,.T.);
#7241 = ORIENTED_EDGE('',*,*,#6595,.F.);
#7242 = ORIENTED_EDGE('',*,*,#6659,.F.);
#7243 = CYLINDRICAL_SURFACE('',#7244,2.400000938389);
#7244 = AXIS2_PLACEMENT_3D('',#7245,#7246,#7247);
#7245 = CARTESIAN_POINT('',(142.40000093838,-92.40000093838,0.));
#7246 = DIRECTION('',(0.,0.,-1.));
#7247 = DIRECTION('',(-1.,3.909953616065E-07,0.));
#7248 = ADVANCED_FACE('',(#7249),#7260,.T.);
#7249 = FACE_BOUND('',#7250,.T.);
#7250 = EDGE_LOOP('',(#7251,#7252,#7253,#7259));
#7251 = ORIENTED_EDGE('',*,*,#6635,.T.);
#7252 = ORIENTED_EDGE('',*,*,#6982,.T.);
#7253 = ORIENTED_EDGE('',*,*,#7254,.F.);
#7254 = EDGE_CURVE('',#6686,#6975,#7255,.T.);
#7255 = LINE('',#7256,#7257);
#7256 = CARTESIAN_POINT('',(157.6,-110.,0.));
#7257 = VECTOR('',#7258,1.);
#7258 = DIRECTION('',(0.,0.,1.));
#7259 = ORIENTED_EDGE('',*,*,#6693,.F.);
#7260 = CYLINDRICAL_SURFACE('',#7261,2.400000938389);
#7261 = AXIS2_PLACEMENT_3D('',#7262,#7263,#7264);
#7262 = CARTESIAN_POINT('',(157.59999906161,-107.5999990616,0.));
#7263 = DIRECTION('',(0.,0.,-1.));
#7264 = DIRECTION('',(1.,-3.909953616065E-07,0.));
#7265 = ADVANCED_FACE('',(#7266),#7277,.T.);
#7266 = FACE_BOUND('',#7267,.T.);
#7267 = EDGE_LOOP('',(#7268,#7274,#7275,#7276));
#7268 = ORIENTED_EDGE('',*,*,#7269,.T.);
#7269 = EDGE_CURVE('',#6669,#6958,#7270,.T.);
#7270 = LINE('',#7271,#7272);
#7271 = CARTESIAN_POINT('',(140.,-107.6,0.));
#7272 = VECTOR('',#7273,1.);
#7273 = DIRECTION('',(0.,0.,1.));
#7274 = ORIENTED_EDGE('',*,*,#6957,.T.);
#7275 = ORIENTED_EDGE('',*,*,#7235,.F.);
#7276 = ORIENTED_EDGE('',*,*,#6668,.F.);
#7277 = PLANE('',#7278);
#7278 = AXIS2_PLACEMENT_3D('',#7279,#7280,#7281);
#7279 = CARTESIAN_POINT('',(140.,-107.6,0.));
#7280 = DIRECTION('',(-1.,0.,0.));
#7281 = DIRECTION('',(0.,1.,0.));
#7282 = ADVANCED_FACE('',(#7283),#7294,.T.);
#7283 = FACE_BOUND('',#7284,.T.);
#7284 = EDGE_LOOP('',(#7285,#7286,#7287,#7293));
#7285 = ORIENTED_EDGE('',*,*,#7254,.T.);
#7286 = ORIENTED_EDGE('',*,*,#6974,.T.);
#7287 = ORIENTED_EDGE('',*,*,#7288,.F.);
#7288 = EDGE_CURVE('',#6677,#6966,#7289,.T.);
#7289 = LINE('',#7290,#7291);
#7290 = CARTESIAN_POINT('',(142.4,-110.,0.));
#7291 = VECTOR('',#7292,1.);
#7292 = DIRECTION('',(0.,0.,1.));
#7293 = ORIENTED_EDGE('',*,*,#6685,.F.);
#7294 = PLANE('',#7295);
#7295 = AXIS2_PLACEMENT_3D('',#7296,#7297,#7298);
#7296 = CARTESIAN_POINT('',(157.6,-110.,0.));
#7297 = DIRECTION('',(0.,-1.,0.));
#7298 = DIRECTION('',(-1.,0.,0.));
#7299 = ADVANCED_FACE('',(#7300),#7306,.T.);
#7300 = FACE_BOUND('',#7301,.T.);
#7301 = EDGE_LOOP('',(#7302,#7303,#7304,#7305));
#7302 = ORIENTED_EDGE('',*,*,#7288,.T.);
#7303 = ORIENTED_EDGE('',*,*,#6965,.T.);
#7304 = ORIENTED_EDGE('',*,*,#7269,.F.);
#7305 = ORIENTED_EDGE('',*,*,#6676,.F.);
#7306 = CYLINDRICAL_SURFACE('',#7307,2.400000938389);
#7307 = AXIS2_PLACEMENT_3D('',#7308,#7309,#7310);
#7308 = CARTESIAN_POINT('',(142.40000093838,-107.5999990616,0.));
#7309 = DIRECTION('',(0.,0.,-1.));
#7310 = DIRECTION('',(-3.909953616065E-07,-1.,-0.));
#7311 = ADVANCED_FACE('',(#7312),#7323,.F.);
#7312 = FACE_BOUND('',#7313,.T.);
#7313 = EDGE_LOOP('',(#7314,#7315,#7321,#7322));
#7314 = ORIENTED_EDGE('',*,*,#6703,.T.);
#7315 = ORIENTED_EDGE('',*,*,#7316,.T.);
#7316 = EDGE_CURVE('',#6704,#6993,#7317,.T.);
#7317 = LINE('',#7318,#7319);
#7318 = CARTESIAN_POINT('',(156.4,-101.85,-4.6E-02));
#7319 = VECTOR('',#7320,1.);
#7320 = DIRECTION('',(0.,0.,1.));
#7321 = ORIENTED_EDGE('',*,*,#6992,.F.);
#7322 = ORIENTED_EDGE('',*,*,#7316,.F.);
#7323 = CYLINDRICAL_SURFACE('',#7324,0.25);
#7324 = AXIS2_PLACEMENT_3D('',#7325,#7326,#7327);
#7325 = CARTESIAN_POINT('',(156.4,-101.6,-4.6E-02));
#7326 = DIRECTION('',(-0.,-0.,-1.));
#7327 = DIRECTION('',(-0.,-1.,0.));
#7328 = ADVANCED_FACE('',(#7329),#7340,.F.);
#7329 = FACE_BOUND('',#7330,.T.);
#7330 = EDGE_LOOP('',(#7331,#7332,#7338,#7339));
#7331 = ORIENTED_EDGE('',*,*,#6714,.T.);
#7332 = ORIENTED_EDGE('',*,*,#7333,.T.);
#7333 = EDGE_CURVE('',#6715,#7004,#7334,.T.);
#7334 = LINE('',#7335,#7336);
#7335 = CARTESIAN_POINT('',(157.95,-101.63,-3.6E-02));
#7336 = VECTOR('',#7337,1.);
#7337 = DIRECTION('',(0.,0.,1.));
#7338 = ORIENTED_EDGE('',*,*,#7003,.F.);
#7339 = ORIENTED_EDGE('',*,*,#7333,.F.);
#7340 = CYLINDRICAL_SURFACE('',#7341,0.1);
#7341 = AXIS2_PLACEMENT_3D('',#7342,#7343,#7344);
#7342 = CARTESIAN_POINT('',(157.95,-101.53,-3.6E-02));
#7343 = DIRECTION('',(-0.,-0.,-1.));
#7344 = DIRECTION('',(-0.,-1.,0.));
#7345 = ADVANCED_FACE('',(#7346),#7357,.F.);
#7346 = FACE_BOUND('',#7347,.T.);
#7347 = EDGE_LOOP('',(#7348,#7349,#7355,#7356));
#7348 = ORIENTED_EDGE('',*,*,#6725,.T.);
#7349 = ORIENTED_EDGE('',*,*,#7350,.T.);
#7350 = EDGE_CURVE('',#6726,#7015,#7351,.T.);
#7351 = LINE('',#7352,#7353);
#7352 = CARTESIAN_POINT('',(158.6,-102.1,-3.6E-02));
#7353 = VECTOR('',#7354,1.);
#7354 = DIRECTION('',(0.,0.,1.));
#7355 = ORIENTED_EDGE('',*,*,#7014,.F.);
#7356 = ORIENTED_EDGE('',*,*,#7350,.F.);
#7357 = CYLINDRICAL_SURFACE('',#7358,9.999999999999E-02);
#7358 = AXIS2_PLACEMENT_3D('',#7359,#7360,#7361);
#7359 = CARTESIAN_POINT('',(158.6,-102.,-3.6E-02));
#7360 = DIRECTION('',(-0.,-0.,-1.));
#7361 = DIRECTION('',(-0.,-1.,0.));
#7362 = ADVANCED_FACE('',(#7363),#7374,.F.);
#7363 = FACE_BOUND('',#7364,.T.);
#7364 = EDGE_LOOP('',(#7365,#7366,#7372,#7373));
#7365 = ORIENTED_EDGE('',*,*,#6736,.T.);
#7366 = ORIENTED_EDGE('',*,*,#7367,.T.);
#7367 = EDGE_CURVE('',#6737,#7026,#7368,.T.);
#7368 = LINE('',#7369,#7370);
#7369 = CARTESIAN_POINT('',(158.85,-101.4,-3.6E-02));
#7370 = VECTOR('',#7371,1.);
#7371 = DIRECTION('',(0.,0.,1.));
#7372 = ORIENTED_EDGE('',*,*,#7025,.F.);
#7373 = ORIENTED_EDGE('',*,*,#7367,.F.);
#7374 = CYLINDRICAL_SURFACE('',#7375,9.999999999999E-02);
#7375 = AXIS2_PLACEMENT_3D('',#7376,#7377,#7378);
#7376 = CARTESIAN_POINT('',(158.85,-101.3,-3.6E-02));
#7377 = DIRECTION('',(-0.,-0.,-1.));
#7378 = DIRECTION('',(-0.,-1.,0.));
#7379 = ADVANCED_FACE('',(#7380),#7391,.F.);
#7380 = FACE_BOUND('',#7381,.T.);
#7381 = EDGE_LOOP('',(#7382,#7383,#7389,#7390));
#7382 = ORIENTED_EDGE('',*,*,#6747,.T.);
#7383 = ORIENTED_EDGE('',*,*,#7384,.T.);
#7384 = EDGE_CURVE('',#6748,#7037,#7385,.T.);
#7385 = LINE('',#7386,#7387);
#7386 = CARTESIAN_POINT('',(158.85,-100.75,-3.6E-02));
#7387 = VECTOR('',#7388,1.);
#7388 = DIRECTION('',(0.,0.,1.));
#7389 = ORIENTED_EDGE('',*,*,#7036,.F.);
#7390 = ORIENTED_EDGE('',*,*,#7384,.F.);
#7391 = CYLINDRICAL_SURFACE('',#7392,9.999999999999E-02);
#7392 = AXIS2_PLACEMENT_3D('',#7393,#7394,#7395);
#7393 = CARTESIAN_POINT('',(158.85,-100.65,-3.6E-02));
#7394 = DIRECTION('',(-0.,-0.,-1.));
#7395 = DIRECTION('',(-0.,-1.,0.));
#7396 = ADVANCED_FACE('',(#7397),#7408,.F.);
#7397 = FACE_BOUND('',#7398,.T.);
#7398 = EDGE_LOOP('',(#7399,#7400,#7406,#7407));
#7399 = ORIENTED_EDGE('',*,*,#6758,.T.);
#7400 = ORIENTED_EDGE('',*,*,#7401,.T.);
#7401 = EDGE_CURVE('',#6759,#7048,#7402,.T.);
#7402 = LINE('',#7403,#7404);
#7403 = CARTESIAN_POINT('',(158.85,-100.1,-3.6E-02));
#7404 = VECTOR('',#7405,1.);
#7405 = DIRECTION('',(0.,0.,1.));
#7406 = ORIENTED_EDGE('',*,*,#7047,.F.);
#7407 = ORIENTED_EDGE('',*,*,#7401,.F.);
#7408 = CYLINDRICAL_SURFACE('',#7409,9.999999999999E-02);
#7409 = AXIS2_PLACEMENT_3D('',#7410,#7411,#7412);
#7410 = CARTESIAN_POINT('',(158.85,-100.,-3.6E-02));
#7411 = DIRECTION('',(-0.,-0.,-1.));
#7412 = DIRECTION('',(-0.,-1.,0.));
#7413 = ADVANCED_FACE('',(#7414),#7430,.F.);
#7414 = FACE_BOUND('',#7415,.T.);
#7415 = EDGE_LOOP('',(#7416,#7422,#7423,#7429));
#7416 = ORIENTED_EDGE('',*,*,#7417,.T.);
#7417 = EDGE_CURVE('',#6770,#7059,#7418,.T.);
#7418 = LINE('',#7419,#7420);
#7419 = CARTESIAN_POINT('',(142.4,-90.8,0.));
#7420 = VECTOR('',#7421,1.);
#7421 = DIRECTION('',(0.,0.,1.));
#7422 = ORIENTED_EDGE('',*,*,#7058,.T.);
#7423 = ORIENTED_EDGE('',*,*,#7424,.F.);
#7424 = EDGE_CURVE('',#6772,#7061,#7425,.T.);
#7425 = LINE('',#7426,#7427);
#7426 = CARTESIAN_POINT('',(140.8,-92.4,0.));
#7427 = VECTOR('',#7428,1.);
#7428 = DIRECTION('',(0.,0.,1.));
#7429 = ORIENTED_EDGE('',*,*,#6769,.F.);
#7430 = CYLINDRICAL_SURFACE('',#7431,1.599999487522);
#7431 = AXIS2_PLACEMENT_3D('',#7432,#7433,#7434);
#7432 = CARTESIAN_POINT('',(142.39999948752,-92.39999948752,0.));
#7433 = DIRECTION('',(-0.,-0.,-1.));
#7434 = DIRECTION('',(3.202991254516E-07,1.,-0.));
#7435 = ADVANCED_FACE('',(#7436),#7447,.T.);
#7436 = FACE_BOUND('',#7437,.T.);
#7437 = EDGE_LOOP('',(#7438,#7444,#7445,#7446));
#7438 = ORIENTED_EDGE('',*,*,#7439,.T.);
#7439 = EDGE_CURVE('',#6781,#7070,#7440,.T.);
#7440 = LINE('',#7441,#7442);
#7441 = CARTESIAN_POINT('',(157.6,-90.8,0.));
#7442 = VECTOR('',#7443,1.);
#7443 = DIRECTION('',(0.,0.,1.));
#7444 = ORIENTED_EDGE('',*,*,#7069,.T.);
#7445 = ORIENTED_EDGE('',*,*,#7417,.F.);
#7446 = ORIENTED_EDGE('',*,*,#6780,.F.);
#7447 = PLANE('',#7448);
#7448 = AXIS2_PLACEMENT_3D('',#7449,#7450,#7451);
#7449 = CARTESIAN_POINT('',(157.6,-90.8,0.));
#7450 = DIRECTION('',(0.,-1.,0.));
#7451 = DIRECTION('',(-1.,0.,0.));
#7452 = ADVANCED_FACE('',(#7453),#7464,.T.);
#7453 = FACE_BOUND('',#7454,.T.);
#7454 = EDGE_LOOP('',(#7455,#7456,#7457,#7463));
#7455 = ORIENTED_EDGE('',*,*,#7424,.T.);
#7456 = ORIENTED_EDGE('',*,*,#7188,.T.);
#7457 = ORIENTED_EDGE('',*,*,#7458,.F.);
#7458 = EDGE_CURVE('',#6891,#7180,#7459,.T.);
#7459 = LINE('',#7460,#7461);
#7460 = CARTESIAN_POINT('',(140.8,-107.6,0.));
#7461 = VECTOR('',#7462,1.);
#7462 = DIRECTION('',(0.,0.,1.));
#7463 = ORIENTED_EDGE('',*,*,#6899,.F.);
#7464 = PLANE('',#7465);
#7465 = AXIS2_PLACEMENT_3D('',#7466,#7467,#7468);
#7466 = CARTESIAN_POINT('',(140.8,-92.4,0.));
#7467 = DIRECTION('',(1.,0.,-0.));
#7468 = DIRECTION('',(0.,-1.,0.));
#7469 = ADVANCED_FACE('',(#7470),#7481,.F.);
#7470 = FACE_BOUND('',#7471,.T.);
#7471 = EDGE_LOOP('',(#7472,#7478,#7479,#7480));
#7472 = ORIENTED_EDGE('',*,*,#7473,.T.);
#7473 = EDGE_CURVE('',#6789,#7078,#7474,.T.);
#7474 = LINE('',#7475,#7476);
#7475 = CARTESIAN_POINT('',(159.2,-92.4,0.));
#7476 = VECTOR('',#7477,1.);
#7477 = DIRECTION('',(0.,0.,1.));
#7478 = ORIENTED_EDGE('',*,*,#7077,.T.);
#7479 = ORIENTED_EDGE('',*,*,#7439,.F.);
#7480 = ORIENTED_EDGE('',*,*,#6788,.F.);
#7481 = CYLINDRICAL_SURFACE('',#7482,1.599999487522);
#7482 = AXIS2_PLACEMENT_3D('',#7483,#7484,#7485);
#7483 = CARTESIAN_POINT('',(157.60000051247,-92.39999948752,0.));
#7484 = DIRECTION('',(-0.,-0.,-1.));
#7485 = DIRECTION('',(1.,-3.202991432152E-07,0.));
#7486 = ADVANCED_FACE('',(#7487),#7498,.F.);
#7487 = FACE_BOUND('',#7488,.T.);
#7488 = EDGE_LOOP('',(#7489,#7490,#7491,#7497));
#7489 = ORIENTED_EDGE('',*,*,#7458,.T.);
#7490 = ORIENTED_EDGE('',*,*,#7179,.T.);
#7491 = ORIENTED_EDGE('',*,*,#7492,.F.);
#7492 = EDGE_CURVE('',#6883,#7172,#7493,.T.);
#7493 = LINE('',#7494,#7495);
#7494 = CARTESIAN_POINT('',(142.4,-109.2,0.));
#7495 = VECTOR('',#7496,1.);
#7496 = DIRECTION('',(0.,0.,1.));
#7497 = ORIENTED_EDGE('',*,*,#6890,.F.);
#7498 = CYLINDRICAL_SURFACE('',#7499,1.599999487522);
#7499 = AXIS2_PLACEMENT_3D('',#7500,#7501,#7502);
#7500 = CARTESIAN_POINT('',(142.39999948752,-107.6000005124,0.));
#7501 = DIRECTION('',(-0.,-0.,-1.));
#7502 = DIRECTION('',(-1.,3.202991432152E-07,0.));
#7503 = ADVANCED_FACE('',(#7504),#7515,.T.);
#7504 = FACE_BOUND('',#7505,.T.);
#7505 = EDGE_LOOP('',(#7506,#7512,#7513,#7514));
#7506 = ORIENTED_EDGE('',*,*,#7507,.T.);
#7507 = EDGE_CURVE('',#6798,#7087,#7508,.T.);
#7508 = LINE('',#7509,#7510);
#7509 = CARTESIAN_POINT('',(159.2,-97.2,0.));
#7510 = VECTOR('',#7511,1.);
#7511 = DIRECTION('',(0.,0.,1.));
#7512 = ORIENTED_EDGE('',*,*,#7086,.T.);
#7513 = ORIENTED_EDGE('',*,*,#7473,.F.);
#7514 = ORIENTED_EDGE('',*,*,#6797,.F.);
#7515 = PLANE('',#7516);
#7516 = AXIS2_PLACEMENT_3D('',#7517,#7518,#7519);
#7517 = CARTESIAN_POINT('',(159.2,-97.2,0.));
#7518 = DIRECTION('',(-1.,0.,0.));
#7519 = DIRECTION('',(0.,1.,0.));
#7520 = ADVANCED_FACE('',(#7521),#7532,.T.);
#7521 = FACE_BOUND('',#7522,.T.);
#7522 = EDGE_LOOP('',(#7523,#7524,#7525,#7531));
#7523 = ORIENTED_EDGE('',*,*,#7492,.T.);
#7524 = ORIENTED_EDGE('',*,*,#7171,.T.);
#7525 = ORIENTED_EDGE('',*,*,#7526,.F.);
#7526 = EDGE_CURVE('',#6874,#7163,#7527,.T.);
#7527 = LINE('',#7528,#7529);
#7528 = CARTESIAN_POINT('',(157.6,-109.2,0.));
#7529 = VECTOR('',#7530,1.);
#7530 = DIRECTION('',(0.,0.,1.));
#7531 = ORIENTED_EDGE('',*,*,#6882,.F.);
#7532 = PLANE('',#7533);
#7533 = AXIS2_PLACEMENT_3D('',#7534,#7535,#7536);
#7534 = CARTESIAN_POINT('',(142.4,-109.2,0.));
#7535 = DIRECTION('',(0.,1.,0.));
#7536 = DIRECTION('',(1.,0.,0.));
#7537 = ADVANCED_FACE('',(#7538),#7549,.F.);
#7538 = FACE_BOUND('',#7539,.T.);
#7539 = EDGE_LOOP('',(#7540,#7546,#7547,#7548));
#7540 = ORIENTED_EDGE('',*,*,#7541,.T.);
#7541 = EDGE_CURVE('',#6806,#7095,#7542,.T.);
#7542 = LINE('',#7543,#7544);
#7543 = CARTESIAN_POINT('',(158.8,-97.6,0.));
#7544 = VECTOR('',#7545,1.);
#7545 = DIRECTION('',(0.,0.,1.));
#7546 = ORIENTED_EDGE('',*,*,#7094,.T.);
#7547 = ORIENTED_EDGE('',*,*,#7507,.F.);
#7548 = ORIENTED_EDGE('',*,*,#6805,.F.);
#7549 = CYLINDRICAL_SURFACE('',#7550,0.399999018331);
#7550 = AXIS2_PLACEMENT_3D('',#7551,#7552,#7553);
#7551 = CARTESIAN_POINT('',(158.80000098167,-97.20000098167,0.));
#7552 = DIRECTION('',(-0.,-0.,-1.));
#7553 = DIRECTION('',(-2.454181339286E-06,-0.999999999997,0.));
#7554 = ADVANCED_FACE('',(#7555),#7566,.F.);
#7555 = FACE_BOUND('',#7556,.T.);
#7556 = EDGE_LOOP('',(#7557,#7558,#7559,#7565));
#7557 = ORIENTED_EDGE('',*,*,#7526,.T.);
#7558 = ORIENTED_EDGE('',*,*,#7162,.T.);
#7559 = ORIENTED_EDGE('',*,*,#7560,.F.);
#7560 = EDGE_CURVE('',#6866,#7155,#7561,.T.);
#7561 = LINE('',#7562,#7563);
#7562 = CARTESIAN_POINT('',(159.2,-107.6,0.));
#7563 = VECTOR('',#7564,1.);
#7564 = DIRECTION('',(0.,0.,1.));
#7565 = ORIENTED_EDGE('',*,*,#6873,.F.);
#7566 = CYLINDRICAL_SURFACE('',#7567,1.599999487522);
#7567 = AXIS2_PLACEMENT_3D('',#7568,#7569,#7570);
#7568 = CARTESIAN_POINT('',(157.60000051247,-107.6000005124,0.));
#7569 = DIRECTION('',(-0.,-0.,-1.));
#7570 = DIRECTION('',(-3.202991254516E-07,-1.,0.));
#7571 = ADVANCED_FACE('',(#7572),#7583,.T.);
#7572 = FACE_BOUND('',#7573,.T.);
#7573 = EDGE_LOOP('',(#7574,#7580,#7581,#7582));
#7574 = ORIENTED_EDGE('',*,*,#7575,.T.);
#7575 = EDGE_CURVE('',#6815,#7104,#7576,.T.);
#7576 = LINE('',#7577,#7578);
#7577 = CARTESIAN_POINT('',(156.4,-97.6,0.));
#7578 = VECTOR('',#7579,1.);
#7579 = DIRECTION('',(0.,0.,1.));
#7580 = ORIENTED_EDGE('',*,*,#7103,.T.);
#7581 = ORIENTED_EDGE('',*,*,#7541,.F.);
#7582 = ORIENTED_EDGE('',*,*,#6814,.F.);
#7583 = PLANE('',#7584);
#7584 = AXIS2_PLACEMENT_3D('',#7585,#7586,#7587);
#7585 = CARTESIAN_POINT('',(156.4,-97.6,0.));
#7586 = DIRECTION('',(0.,1.,0.));
#7587 = DIRECTION('',(1.,0.,0.));
#7588 = ADVANCED_FACE('',(#7589),#7600,.T.);
#7589 = FACE_BOUND('',#7590,.T.);
#7590 = EDGE_LOOP('',(#7591,#7592,#7593,#7599));
#7591 = ORIENTED_EDGE('',*,*,#7560,.T.);
#7592 = ORIENTED_EDGE('',*,*,#7154,.T.);
#7593 = ORIENTED_EDGE('',*,*,#7594,.F.);
#7594 = EDGE_CURVE('',#6857,#7146,#7595,.T.);
#7595 = LINE('',#7596,#7597);
#7596 = CARTESIAN_POINT('',(159.2,-103.2,0.));
#7597 = VECTOR('',#7598,1.);
#7598 = DIRECTION('',(0.,0.,1.));
#7599 = ORIENTED_EDGE('',*,*,#6865,.F.);
#7600 = PLANE('',#7601);
#7601 = AXIS2_PLACEMENT_3D('',#7602,#7603,#7604);
#7602 = CARTESIAN_POINT('',(159.2,-107.6,0.));
#7603 = DIRECTION('',(-1.,0.,0.));
#7604 = DIRECTION('',(0.,1.,0.));
#7605 = ADVANCED_FACE('',(#7606),#7617,.T.);
#7606 = FACE_BOUND('',#7607,.T.);
#7607 = EDGE_LOOP('',(#7608,#7614,#7615,#7616));
#7608 = ORIENTED_EDGE('',*,*,#7609,.T.);
#7609 = EDGE_CURVE('',#6823,#7112,#7610,.T.);
#7610 = LINE('',#7611,#7612);
#7611 = CARTESIAN_POINT('',(155.2,-98.8,0.));
#7612 = VECTOR('',#7613,1.);
#7613 = DIRECTION('',(0.,0.,1.));
#7614 = ORIENTED_EDGE('',*,*,#7111,.T.);
#7615 = ORIENTED_EDGE('',*,*,#7575,.F.);
#7616 = ORIENTED_EDGE('',*,*,#6822,.F.);
#7617 = CYLINDRICAL_SURFACE('',#7618,1.200000469195);
#7618 = AXIS2_PLACEMENT_3D('',#7619,#7620,#7621);
#7619 = CARTESIAN_POINT('',(156.40000046919,-98.80000046919,0.));
#7620 = DIRECTION('',(0.,0.,-1.));
#7621 = DIRECTION('',(-1.,3.909953497641E-07,0.));
#7622 = ADVANCED_FACE('',(#7623),#7634,.F.);
#7623 = FACE_BOUND('',#7624,.T.);
#7624 = EDGE_LOOP('',(#7625,#7626,#7627,#7633));
#7625 = ORIENTED_EDGE('',*,*,#7594,.T.);
#7626 = ORIENTED_EDGE('',*,*,#7145,.T.);
#7627 = ORIENTED_EDGE('',*,*,#7628,.F.);
#7628 = EDGE_CURVE('',#6849,#7138,#7629,.T.);
#7629 = LINE('',#7630,#7631);
#7630 = CARTESIAN_POINT('',(158.8,-102.8,0.));
#7631 = VECTOR('',#7632,1.);
#7632 = DIRECTION('',(0.,0.,1.));
#7633 = ORIENTED_EDGE('',*,*,#6856,.F.);
#7634 = CYLINDRICAL_SURFACE('',#7635,0.399999018331);
#7635 = AXIS2_PLACEMENT_3D('',#7636,#7637,#7638);
#7636 = CARTESIAN_POINT('',(158.80000098167,-103.1999990183,0.));
#7637 = DIRECTION('',(-0.,-0.,-1.));
#7638 = DIRECTION('',(0.999999999997,-2.454181374813E-06,0.));
#7639 = ADVANCED_FACE('',(#7640),#7651,.T.);
#7640 = FACE_BOUND('',#7641,.T.);
#7641 = EDGE_LOOP('',(#7642,#7648,#7649,#7650));
#7642 = ORIENTED_EDGE('',*,*,#7643,.T.);
#7643 = EDGE_CURVE('',#6832,#7121,#7644,.T.);
#7644 = LINE('',#7645,#7646);
#7645 = CARTESIAN_POINT('',(155.2,-101.6,0.));
#7646 = VECTOR('',#7647,1.);
#7647 = DIRECTION('',(0.,0.,1.));
#7648 = ORIENTED_EDGE('',*,*,#7120,.T.);
#7649 = ORIENTED_EDGE('',*,*,#7609,.F.);
#7650 = ORIENTED_EDGE('',*,*,#6831,.F.);
#7651 = PLANE('',#7652);
#7652 = AXIS2_PLACEMENT_3D('',#7653,#7654,#7655);
#7653 = CARTESIAN_POINT('',(155.2,-101.6,0.));
#7654 = DIRECTION('',(-1.,0.,0.));
#7655 = DIRECTION('',(0.,1.,0.));
#7656 = ADVANCED_FACE('',(#7657),#7668,.T.);
#7657 = FACE_BOUND('',#7658,.T.);
#7658 = EDGE_LOOP('',(#7659,#7660,#7661,#7667));
#7659 = ORIENTED_EDGE('',*,*,#7628,.T.);
#7660 = ORIENTED_EDGE('',*,*,#7137,.T.);
#7661 = ORIENTED_EDGE('',*,*,#7662,.F.);
#7662 = EDGE_CURVE('',#6840,#7129,#7663,.T.);
#7663 = LINE('',#7664,#7665);
#7664 = CARTESIAN_POINT('',(156.4,-102.8,0.));
#7665 = VECTOR('',#7666,1.);
#7666 = DIRECTION('',(0.,0.,1.));
#7667 = ORIENTED_EDGE('',*,*,#6848,.F.);
#7668 = PLANE('',#7669);
#7669 = AXIS2_PLACEMENT_3D('',#7670,#7671,#7672);
#7670 = CARTESIAN_POINT('',(158.8,-102.8,0.));
#7671 = DIRECTION('',(0.,-1.,0.));
#7672 = DIRECTION('',(-1.,0.,0.));
#7673 = ADVANCED_FACE('',(#7674),#7680,.T.);
#7674 = FACE_BOUND('',#7675,.T.);
#7675 = EDGE_LOOP('',(#7676,#7677,#7678,#7679));
#7676 = ORIENTED_EDGE('',*,*,#7662,.T.);
#7677 = ORIENTED_EDGE('',*,*,#7128,.T.);
#7678 = ORIENTED_EDGE('',*,*,#7643,.F.);
#7679 = ORIENTED_EDGE('',*,*,#6839,.F.);
#7680 = CYLINDRICAL_SURFACE('',#7681,1.200000469195);
#7681 = AXIS2_PLACEMENT_3D('',#7682,#7683,#7684);
#7682 = CARTESIAN_POINT('',(156.40000046919,-101.5999995308,0.));
#7683 = DIRECTION('',(0.,0.,-1.));
#7684 = DIRECTION('',(-3.909953379217E-07,-1.,-0.));
#7685 = ADVANCED_FACE('',(#7686),#7697,.F.);
#7686 = FACE_BOUND('',#7687,.T.);
#7687 = EDGE_LOOP('',(#7688,#7689,#7695,#7696));
#7688 = ORIENTED_EDGE('',*,*,#6907,.T.);
#7689 = ORIENTED_EDGE('',*,*,#7690,.T.);
#7690 = EDGE_CURVE('',#6908,#7197,#7691,.T.);
#7691 = LINE('',#7692,#7693);
#7692 = CARTESIAN_POINT('',(156.4,-99.05,-4.6E-02));
#7693 = VECTOR('',#7694,1.);
#7694 = DIRECTION('',(0.,0.,1.));
#7695 = ORIENTED_EDGE('',*,*,#7196,.F.);
#7696 = ORIENTED_EDGE('',*,*,#7690,.F.);
#7697 = CYLINDRICAL_SURFACE('',#7698,0.25);
#7698 = AXIS2_PLACEMENT_3D('',#7699,#7700,#7701);
#7699 = CARTESIAN_POINT('',(156.4,-98.8,-4.6E-02));
#7700 = DIRECTION('',(-0.,-0.,-1.));
#7701 = DIRECTION('',(-0.,-1.,0.));
#7702 = ADVANCED_FACE('',(#7703),#7714,.F.);
#7703 = FACE_BOUND('',#7704,.T.);
#7704 = EDGE_LOOP('',(#7705,#7706,#7712,#7713));
#7705 = ORIENTED_EDGE('',*,*,#6918,.T.);
#7706 = ORIENTED_EDGE('',*,*,#7707,.T.);
#7707 = EDGE_CURVE('',#6919,#7208,#7708,.T.);
#7708 = LINE('',#7709,#7710);
#7709 = CARTESIAN_POINT('',(158.85,-99.45,-3.6E-02));
#7710 = VECTOR('',#7711,1.);
#7711 = DIRECTION('',(0.,0.,1.));
#7712 = ORIENTED_EDGE('',*,*,#7207,.F.);
#7713 = ORIENTED_EDGE('',*,*,#7707,.F.);
#7714 = CYLINDRICAL_SURFACE('',#7715,9.999999999999E-02);
#7715 = AXIS2_PLACEMENT_3D('',#7716,#7717,#7718);
#7716 = CARTESIAN_POINT('',(158.85,-99.35,-3.6E-02));
#7717 = DIRECTION('',(-0.,-0.,-1.));
#7718 = DIRECTION('',(-0.,-1.,0.));
#7719 = ADVANCED_FACE('',(#7720),#7731,.F.);
#7720 = FACE_BOUND('',#7721,.T.);
#7721 = EDGE_LOOP('',(#7722,#7723,#7729,#7730));
#7722 = ORIENTED_EDGE('',*,*,#6929,.T.);
#7723 = ORIENTED_EDGE('',*,*,#7724,.T.);
#7724 = EDGE_CURVE('',#6930,#7219,#7725,.T.);
#7725 = LINE('',#7726,#7727);
#7726 = CARTESIAN_POINT('',(158.85,-98.8,-3.6E-02));
#7727 = VECTOR('',#7728,1.);
#7728 = DIRECTION('',(0.,0.,1.));
#7729 = ORIENTED_EDGE('',*,*,#7218,.F.);
#7730 = ORIENTED_EDGE('',*,*,#7724,.F.);
#7731 = CYLINDRICAL_SURFACE('',#7732,9.999999999999E-02);
#7732 = AXIS2_PLACEMENT_3D('',#7733,#7734,#7735);
#7733 = CARTESIAN_POINT('',(158.85,-98.7,-3.6E-02));
#7734 = DIRECTION('',(-0.,-0.,-1.));
#7735 = DIRECTION('',(-0.,-1.,0.));
#7736 = ( GEOMETRIC_REPRESENTATION_CONTEXT(3) 
GLOBAL_UNCERTAINTY_ASSIGNED_CONTEXT((#7740)) 
GLOBAL_UNIT_ASSIGNED_CONTEXT((#7737,#7738,#7739)) REPRESENTATION_CONTEXT
('Context #1','3D Context with UNIT and UNCERTAINTY') );
#7737 = ( LENGTH_UNIT() NAMED_UNIT(*) SI_UNIT(.MILLI.,.METRE.) );
#7738 = ( NAMED_UNIT(*) PLANE_ANGLE_UNIT() SI_UNIT($,.RADIAN.) );
#7739 = ( NAMED_UNIT(*) SI_UNIT($,.STERADIAN.) SOLID_ANGLE_UNIT() );
#7740 = UNCERTAINTY_MEASURE_WITH_UNIT(LENGTH_MEASURE(1.E-07),#7737,
  'distance_accuracy_value','confusion accuracy');
#7741 = CONTEXT_DEPENDENT_SHAPE_REPRESENTATION(#7742,#7744);
#7742 = ( REPRESENTATION_RELATIONSHIP('','',#6546,#10) 
REPRESENTATION_RELATIONSHIP_WITH_TRANSFORMATION(#7743) 
SHAPE_REPRESENTATION_RELATIONSHIP() );
#7743 = ITEM_DEFINED_TRANSFORMATION('','',#11,#43);
#7744 = PRODUCT_DEFINITION_SHAPE('Placement','Placement of an item',
  #7745);
#7745 = NEXT_ASSEMBLY_USAGE_OCCURRENCE('8','=>[0:1:1:6]','',#5,#6541,$);
#7746 = PRODUCT_RELATED_PRODUCT_CATEGORY('part',$,(#6543));
#7747 = MECHANICAL_DESIGN_GEOMETRIC_PRESENTATION_REPRESENTATION('',(
    #7748,#7758,#7767,#7776,#7785,#7794,#7803,#7812,#7821,#7830,#7839,
    #7848),#5089);
#7748 = STYLED_ITEM('color',(#7749),#4189);
#7749 = PRESENTATION_STYLE_ASSIGNMENT((#7750));
#7750 = SURFACE_STYLE_USAGE(.BOTH.,#7751);
#7751 = SURFACE_SIDE_STYLE('',(#7752,#7756));
#7752 = SURFACE_STYLE_FILL_AREA(#7753);
#7753 = FILL_AREA_STYLE('',(#7754));
#7754 = FILL_AREA_STYLE_COLOUR('',#7755);
#7755 = DRAUGHTING_PRE_DEFINED_COLOUR('white');
#7756 = SURFACE_STYLE_RENDERING_WITH_PROPERTIES(.NORMAL_SHADING.,#7755,(
    #7757));
#7757 = SURFACE_STYLE_TRANSPARENT(0.100000023842);
#7758 = STYLED_ITEM('color',(#7759),#4241);
#7759 = PRESENTATION_STYLE_ASSIGNMENT((#7760));
#7760 = SURFACE_STYLE_USAGE(.BOTH.,#7761);
#7761 = SURFACE_SIDE_STYLE('',(#7762,#7765));
#7762 = SURFACE_STYLE_FILL_AREA(#7763);
#7763 = FILL_AREA_STYLE('',(#7764));
#7764 = FILL_AREA_STYLE_COLOUR('',#7755);
#7765 = SURFACE_STYLE_RENDERING_WITH_PROPERTIES(.NORMAL_SHADING.,#7755,(
    #7766));
#7766 = SURFACE_STYLE_TRANSPARENT(0.100000023842);
#7767 = STYLED_ITEM('color',(#7768),#4293);
#7768 = PRESENTATION_STYLE_ASSIGNMENT((#7769));
#7769 = SURFACE_STYLE_USAGE(.BOTH.,#7770);
#7770 = SURFACE_SIDE_STYLE('',(#7771,#7774));
#7771 = SURFACE_STYLE_FILL_AREA(#7772);
#7772 = FILL_AREA_STYLE('',(#7773));
#7773 = FILL_AREA_STYLE_COLOUR('',#7755);
#7774 = SURFACE_STYLE_RENDERING_WITH_PROPERTIES(.NORMAL_SHADING.,#7755,(
    #7775));
#7775 = SURFACE_STYLE_TRANSPARENT(0.100000023842);
#7776 = STYLED_ITEM('color',(#7777),#4454);
#7777 = PRESENTATION_STYLE_ASSIGNMENT((#7778));
#7778 = SURFACE_STYLE_USAGE(.BOTH.,#7779);
#7779 = SURFACE_SIDE_STYLE('',(#7780,#7783));
#7780 = SURFACE_STYLE_FILL_AREA(#7781);
#7781 = FILL_AREA_STYLE('',(#7782));
#7782 = FILL_AREA_STYLE_COLOUR('',#7755);
#7783 = SURFACE_STYLE_RENDERING_WITH_PROPERTIES(.NORMAL_SHADING.,#7755,(
    #7784));
#7784 = SURFACE_STYLE_TRANSPARENT(0.100000023842);
#7785 = STYLED_ITEM('color',(#7786),#4506);
#7786 = PRESENTATION_STYLE_ASSIGNMENT((#7787));
#7787 = SURFACE_STYLE_USAGE(.BOTH.,#7788);
#7788 = SURFACE_SIDE_STYLE('',(#7789,#7792));
#7789 = SURFACE_STYLE_FILL_AREA(#7790);
#7790 = FILL_AREA_STYLE('',(#7791));
#7791 = FILL_AREA_STYLE_COLOUR('',#7755);
#7792 = SURFACE_STYLE_RENDERING_WITH_PROPERTIES(.NORMAL_SHADING.,#7755,(
    #7793));
#7793 = SURFACE_STYLE_TRANSPARENT(0.100000023842);
#7794 = STYLED_ITEM('color',(#7795),#4558);
#7795 = PRESENTATION_STYLE_ASSIGNMENT((#7796));
#7796 = SURFACE_STYLE_USAGE(.BOTH.,#7797);
#7797 = SURFACE_SIDE_STYLE('',(#7798,#7801));
#7798 = SURFACE_STYLE_FILL_AREA(#7799);
#7799 = FILL_AREA_STYLE('',(#7800));
#7800 = FILL_AREA_STYLE_COLOUR('',#7755);
#7801 = SURFACE_STYLE_RENDERING_WITH_PROPERTIES(.NORMAL_SHADING.,#7755,(
    #7802));
#7802 = SURFACE_STYLE_TRANSPARENT(0.100000023842);
#7803 = STYLED_ITEM('color',(#7804),#4588);
#7804 = PRESENTATION_STYLE_ASSIGNMENT((#7805));
#7805 = SURFACE_STYLE_USAGE(.BOTH.,#7806);
#7806 = SURFACE_SIDE_STYLE('',(#7807,#7810));
#7807 = SURFACE_STYLE_FILL_AREA(#7808);
#7808 = FILL_AREA_STYLE('',(#7809));
#7809 = FILL_AREA_STYLE_COLOUR('',#7755);
#7810 = SURFACE_STYLE_RENDERING_WITH_PROPERTIES(.NORMAL_SHADING.,#7755,(
    #7811));
#7811 = SURFACE_STYLE_TRANSPARENT(0.100000023842);
#7812 = STYLED_ITEM('color',(#7813),#4640);
#7813 = PRESENTATION_STYLE_ASSIGNMENT((#7814));
#7814 = SURFACE_STYLE_USAGE(.BOTH.,#7815);
#7815 = SURFACE_SIDE_STYLE('',(#7816,#7819));
#7816 = SURFACE_STYLE_FILL_AREA(#7817);
#7817 = FILL_AREA_STYLE('',(#7818));
#7818 = FILL_AREA_STYLE_COLOUR('',#7755);
#7819 = SURFACE_STYLE_RENDERING_WITH_PROPERTIES(.NORMAL_SHADING.,#7755,(
    #7820));
#7820 = SURFACE_STYLE_TRANSPARENT(0.100000023842);
#7821 = STYLED_ITEM('color',(#7822),#4692);
#7822 = PRESENTATION_STYLE_ASSIGNMENT((#7823));
#7823 = SURFACE_STYLE_USAGE(.BOTH.,#7824);
#7824 = SURFACE_SIDE_STYLE('',(#7825,#7828));
#7825 = SURFACE_STYLE_FILL_AREA(#7826);
#7826 = FILL_AREA_STYLE('',(#7827));
#7827 = FILL_AREA_STYLE_COLOUR('',#7755);
#7828 = SURFACE_STYLE_RENDERING_WITH_PROPERTIES(.NORMAL_SHADING.,#7755,(
    #7829));
#7829 = SURFACE_STYLE_TRANSPARENT(0.100000023842);
#7830 = STYLED_ITEM('color',(#7831),#4957);
#7831 = PRESENTATION_STYLE_ASSIGNMENT((#7832));
#7832 = SURFACE_STYLE_USAGE(.BOTH.,#7833);
#7833 = SURFACE_SIDE_STYLE('',(#7834,#7837));
#7834 = SURFACE_STYLE_FILL_AREA(#7835);
#7835 = FILL_AREA_STYLE('',(#7836));
#7836 = FILL_AREA_STYLE_COLOUR('',#7755);
#7837 = SURFACE_STYLE_RENDERING_WITH_PROPERTIES(.NORMAL_SHADING.,#7755,(
    #7838));
#7838 = SURFACE_STYLE_TRANSPARENT(0.100000023842);
#7839 = STYLED_ITEM('color',(#7840),#4987);
#7840 = PRESENTATION_STYLE_ASSIGNMENT((#7841));
#7841 = SURFACE_STYLE_USAGE(.BOTH.,#7842);
#7842 = SURFACE_SIDE_STYLE('',(#7843,#7846));
#7843 = SURFACE_STYLE_FILL_AREA(#7844);
#7844 = FILL_AREA_STYLE('',(#7845));
#7845 = FILL_AREA_STYLE_COLOUR('',#7755);
#7846 = SURFACE_STYLE_RENDERING_WITH_PROPERTIES(.NORMAL_SHADING.,#7755,(
    #7847));
#7847 = SURFACE_STYLE_TRANSPARENT(0.100000023842);
#7848 = STYLED_ITEM('color',(#7849),#5039);
#7849 = PRESENTATION_STYLE_ASSIGNMENT((#7850));
#7850 = SURFACE_STYLE_USAGE(.BOTH.,#7851);
#7851 = SURFACE_SIDE_STYLE('',(#7852,#7855));
#7852 = SURFACE_STYLE_FILL_AREA(#7853);
#7853 = FILL_AREA_STYLE('',(#7854));
#7854 = FILL_AREA_STYLE_COLOUR('',#7755);
#7855 = SURFACE_STYLE_RENDERING_WITH_PROPERTIES(.NORMAL_SHADING.,#7755,(
    #7856));
#7856 = SURFACE_STYLE_TRANSPARENT(0.100000023842);
#7857 = MECHANICAL_DESIGN_GEOMETRIC_PRESENTATION_REPRESENTATION('',(
    #7858,#7866,#7873,#7880,#7887,#7894,#7901,#7908,#7915,#7922,#7929,
    #7937,#7944,#7951,#7958,#7965,#7972,#7979,#7986,#7993,#8000,#8007,
    #8014,#8021,#8028,#8035,#8042,#8049),#915);
#7858 = STYLED_ITEM('color',(#7859),#63);
#7859 = PRESENTATION_STYLE_ASSIGNMENT((#7860));
#7860 = SURFACE_STYLE_USAGE(.BOTH.,#7861);
#7861 = SURFACE_SIDE_STYLE('',(#7862));
#7862 = SURFACE_STYLE_FILL_AREA(#7863);
#7863 = FILL_AREA_STYLE('',(#7864));
#7864 = FILL_AREA_STYLE_COLOUR('',#7865);
#7865 = COLOUR_RGB('',0.823999987314,0.819999987296,0.781000009244);
#7866 = STYLED_ITEM('color',(#7867),#139);
#7867 = PRESENTATION_STYLE_ASSIGNMENT((#7868));
#7868 = SURFACE_STYLE_USAGE(.BOTH.,#7869);
#7869 = SURFACE_SIDE_STYLE('',(#7870));
#7870 = SURFACE_STYLE_FILL_AREA(#7871);
#7871 = FILL_AREA_STYLE('',(#7872));
#7872 = FILL_AREA_STYLE_COLOUR('',#7865);
#7873 = STYLED_ITEM('color',(#7874),#170);
#7874 = PRESENTATION_STYLE_ASSIGNMENT((#7875));
#7875 = SURFACE_STYLE_USAGE(.BOTH.,#7876);
#7876 = SURFACE_SIDE_STYLE('',(#7877));
#7877 = SURFACE_STYLE_FILL_AREA(#7878);
#7878 = FILL_AREA_STYLE('',(#7879));
#7879 = FILL_AREA_STYLE_COLOUR('',#7865);
#7880 = STYLED_ITEM('color',(#7881),#195);
#7881 = PRESENTATION_STYLE_ASSIGNMENT((#7882));
#7882 = SURFACE_STYLE_USAGE(.BOTH.,#7883);
#7883 = SURFACE_SIDE_STYLE('',(#7884));
#7884 = SURFACE_STYLE_FILL_AREA(#7885);
#7885 = FILL_AREA_STYLE('',(#7886));
#7886 = FILL_AREA_STYLE_COLOUR('',#7865);
#7887 = STYLED_ITEM('color',(#7888),#220);
#7888 = PRESENTATION_STYLE_ASSIGNMENT((#7889));
#7889 = SURFACE_STYLE_USAGE(.BOTH.,#7890);
#7890 = SURFACE_SIDE_STYLE('',(#7891));
#7891 = SURFACE_STYLE_FILL_AREA(#7892);
#7892 = FILL_AREA_STYLE('',(#7893));
#7893 = FILL_AREA_STYLE_COLOUR('',#7865);
#7894 = STYLED_ITEM('color',(#7895),#244);
#7895 = PRESENTATION_STYLE_ASSIGNMENT((#7896));
#7896 = SURFACE_STYLE_USAGE(.BOTH.,#7897);
#7897 = SURFACE_SIDE_STYLE('',(#7898));
#7898 = SURFACE_STYLE_FILL_AREA(#7899);
#7899 = FILL_AREA_STYLE('',(#7900));
#7900 = FILL_AREA_STYLE_COLOUR('',#7865);
#7901 = STYLED_ITEM('color',(#7902),#268);
#7902 = PRESENTATION_STYLE_ASSIGNMENT((#7903));
#7903 = SURFACE_STYLE_USAGE(.BOTH.,#7904);
#7904 = SURFACE_SIDE_STYLE('',(#7905));
#7905 = SURFACE_STYLE_FILL_AREA(#7906);
#7906 = FILL_AREA_STYLE('',(#7907));
#7907 = FILL_AREA_STYLE_COLOUR('',#7865);
#7908 = STYLED_ITEM('color',(#7909),#293);
#7909 = PRESENTATION_STYLE_ASSIGNMENT((#7910));
#7910 = SURFACE_STYLE_USAGE(.BOTH.,#7911);
#7911 = SURFACE_SIDE_STYLE('',(#7912));
#7912 = SURFACE_STYLE_FILL_AREA(#7913);
#7913 = FILL_AREA_STYLE('',(#7914));
#7914 = FILL_AREA_STYLE_COLOUR('',#7865);
#7915 = STYLED_ITEM('color',(#7916),#318);
#7916 = PRESENTATION_STYLE_ASSIGNMENT((#7917));
#7917 = SURFACE_STYLE_USAGE(.BOTH.,#7918);
#7918 = SURFACE_SIDE_STYLE('',(#7919));
#7919 = SURFACE_STYLE_FILL_AREA(#7920);
#7920 = FILL_AREA_STYLE('',(#7921));
#7921 = FILL_AREA_STYLE_COLOUR('',#7865);
#7922 = STYLED_ITEM('color',(#7923),#335);
#7923 = PRESENTATION_STYLE_ASSIGNMENT((#7924));
#7924 = SURFACE_STYLE_USAGE(.BOTH.,#7925);
#7925 = SURFACE_SIDE_STYLE('',(#7926));
#7926 = SURFACE_STYLE_FILL_AREA(#7927);
#7927 = FILL_AREA_STYLE('',(#7928));
#7928 = FILL_AREA_STYLE_COLOUR('',#7865);
#7929 = STYLED_ITEM('color',(#7930),#421);
#7930 = PRESENTATION_STYLE_ASSIGNMENT((#7931));
#7931 = SURFACE_STYLE_USAGE(.BOTH.,#7932);
#7932 = SURFACE_SIDE_STYLE('',(#7933));
#7933 = SURFACE_STYLE_FILL_AREA(#7934);
#7934 = FILL_AREA_STYLE('',(#7935));
#7935 = FILL_AREA_STYLE_COLOUR('',#7936);
#7936 = COLOUR_RGB('',0.379000005575,0.270000008848,0.214999999939);
#7937 = STYLED_ITEM('color',(#7938),#453);
#7938 = PRESENTATION_STYLE_ASSIGNMENT((#7939));
#7939 = SURFACE_STYLE_USAGE(.BOTH.,#7940);
#7940 = SURFACE_SIDE_STYLE('',(#7941));
#7941 = SURFACE_STYLE_FILL_AREA(#7942);
#7942 = FILL_AREA_STYLE('',(#7943));
#7943 = FILL_AREA_STYLE_COLOUR('',#7936);
#7944 = STYLED_ITEM('color',(#7945),#477);
#7945 = PRESENTATION_STYLE_ASSIGNMENT((#7946));
#7946 = SURFACE_STYLE_USAGE(.BOTH.,#7947);
#7947 = SURFACE_SIDE_STYLE('',(#7948));
#7948 = SURFACE_STYLE_FILL_AREA(#7949);
#7949 = FILL_AREA_STYLE('',(#7950));
#7950 = FILL_AREA_STYLE_COLOUR('',#7936);
#7951 = STYLED_ITEM('color',(#7952),#502);
#7952 = PRESENTATION_STYLE_ASSIGNMENT((#7953));
#7953 = SURFACE_STYLE_USAGE(.BOTH.,#7954);
#7954 = SURFACE_SIDE_STYLE('',(#7955));
#7955 = SURFACE_STYLE_FILL_AREA(#7956);
#7956 = FILL_AREA_STYLE('',(#7957));
#7957 = FILL_AREA_STYLE_COLOUR('',#7936);
#7958 = STYLED_ITEM('color',(#7959),#526);
#7959 = PRESENTATION_STYLE_ASSIGNMENT((#7960));
#7960 = SURFACE_STYLE_USAGE(.BOTH.,#7961);
#7961 = SURFACE_SIDE_STYLE('',(#7962));
#7962 = SURFACE_STYLE_FILL_AREA(#7963);
#7963 = FILL_AREA_STYLE('',(#7964));
#7964 = FILL_AREA_STYLE_COLOUR('',#7936);
#7965 = STYLED_ITEM('color',(#7966),#551);
#7966 = PRESENTATION_STYLE_ASSIGNMENT((#7967));
#7967 = SURFACE_STYLE_USAGE(.BOTH.,#7968);
#7968 = SURFACE_SIDE_STYLE('',(#7969));
#7969 = SURFACE_STYLE_FILL_AREA(#7970);
#7970 = FILL_AREA_STYLE('',(#7971));
#7971 = FILL_AREA_STYLE_COLOUR('',#7936);
#7972 = STYLED_ITEM('color',(#7973),#575);
#7973 = PRESENTATION_STYLE_ASSIGNMENT((#7974));
#7974 = SURFACE_STYLE_USAGE(.BOTH.,#7975);
#7975 = SURFACE_SIDE_STYLE('',(#7976));
#7976 = SURFACE_STYLE_FILL_AREA(#7977);
#7977 = FILL_AREA_STYLE('',(#7978));
#7978 = FILL_AREA_STYLE_COLOUR('',#7936);
#7979 = STYLED_ITEM('color',(#7980),#600);
#7980 = PRESENTATION_STYLE_ASSIGNMENT((#7981));
#7981 = SURFACE_STYLE_USAGE(.BOTH.,#7982);
#7982 = SURFACE_SIDE_STYLE('',(#7983));
#7983 = SURFACE_STYLE_FILL_AREA(#7984);
#7984 = FILL_AREA_STYLE('',(#7985));
#7985 = FILL_AREA_STYLE_COLOUR('',#7936);
#7986 = STYLED_ITEM('color',(#7987),#617);
#7987 = PRESENTATION_STYLE_ASSIGNMENT((#7988));
#7988 = SURFACE_STYLE_USAGE(.BOTH.,#7989);
#7989 = SURFACE_SIDE_STYLE('',(#7990));
#7990 = SURFACE_STYLE_FILL_AREA(#7991);
#7991 = FILL_AREA_STYLE('',(#7992));
#7992 = FILL_AREA_STYLE_COLOUR('',#7865);
#7993 = STYLED_ITEM('color',(#7994),#703);
#7994 = PRESENTATION_STYLE_ASSIGNMENT((#7995));
#7995 = SURFACE_STYLE_USAGE(.BOTH.,#7996);
#7996 = SURFACE_SIDE_STYLE('',(#7997));
#7997 = SURFACE_STYLE_FILL_AREA(#7998);
#7998 = FILL_AREA_STYLE('',(#7999));
#7999 = FILL_AREA_STYLE_COLOUR('',#7865);
#8000 = STYLED_ITEM('color',(#8001),#734);
#8001 = PRESENTATION_STYLE_ASSIGNMENT((#8002));
#8002 = SURFACE_STYLE_USAGE(.BOTH.,#8003);
#8003 = SURFACE_SIDE_STYLE('',(#8004));
#8004 = SURFACE_STYLE_FILL_AREA(#8005);
#8005 = FILL_AREA_STYLE('',(#8006));
#8006 = FILL_AREA_STYLE_COLOUR('',#7865);
#8007 = STYLED_ITEM('color',(#8008),#759);
#8008 = PRESENTATION_STYLE_ASSIGNMENT((#8009));
#8009 = SURFACE_STYLE_USAGE(.BOTH.,#8010);
#8010 = SURFACE_SIDE_STYLE('',(#8011));
#8011 = SURFACE_STYLE_FILL_AREA(#8012);
#8012 = FILL_AREA_STYLE('',(#8013));
#8013 = FILL_AREA_STYLE_COLOUR('',#7865);
#8014 = STYLED_ITEM('color',(#8015),#784);
#8015 = PRESENTATION_STYLE_ASSIGNMENT((#8016));
#8016 = SURFACE_STYLE_USAGE(.BOTH.,#8017);
#8017 = SURFACE_SIDE_STYLE('',(#8018));
#8018 = SURFACE_STYLE_FILL_AREA(#8019);
#8019 = FILL_AREA_STYLE('',(#8020));
#8020 = FILL_AREA_STYLE_COLOUR('',#7865);
#8021 = STYLED_ITEM('color',(#8022),#808);
#8022 = PRESENTATION_STYLE_ASSIGNMENT((#8023));
#8023 = SURFACE_STYLE_USAGE(.BOTH.,#8024);
#8024 = SURFACE_SIDE_STYLE('',(#8025));
#8025 = SURFACE_STYLE_FILL_AREA(#8026);
#8026 = FILL_AREA_STYLE('',(#8027));
#8027 = FILL_AREA_STYLE_COLOUR('',#7865);
#8028 = STYLED_ITEM('color',(#8029),#832);
#8029 = PRESENTATION_STYLE_ASSIGNMENT((#8030));
#8030 = SURFACE_STYLE_USAGE(.BOTH.,#8031);
#8031 = SURFACE_SIDE_STYLE('',(#8032));
#8032 = SURFACE_STYLE_FILL_AREA(#8033);
#8033 = FILL_AREA_STYLE('',(#8034));
#8034 = FILL_AREA_STYLE_COLOUR('',#7865);
#8035 = STYLED_ITEM('color',(#8036),#857);
#8036 = PRESENTATION_STYLE_ASSIGNMENT((#8037));
#8037 = SURFACE_STYLE_USAGE(.BOTH.,#8038);
#8038 = SURFACE_SIDE_STYLE('',(#8039));
#8039 = SURFACE_STYLE_FILL_AREA(#8040);
#8040 = FILL_AREA_STYLE('',(#8041));
#8041 = FILL_AREA_STYLE_COLOUR('',#7865);
#8042 = STYLED_ITEM('color',(#8043),#882);
#8043 = PRESENTATION_STYLE_ASSIGNMENT((#8044));
#8044 = SURFACE_STYLE_USAGE(.BOTH.,#8045);
#8045 = SURFACE_SIDE_STYLE('',(#8046));
#8046 = SURFACE_STYLE_FILL_AREA(#8047);
#8047 = FILL_AREA_STYLE('',(#8048));
#8048 = FILL_AREA_STYLE_COLOUR('',#7865);
#8049 = STYLED_ITEM('color',(#8050),#899);
#8050 = PRESENTATION_STYLE_ASSIGNMENT((#8051));
#8051 = SURFACE_STYLE_USAGE(.BOTH.,#8052);
#8052 = SURFACE_SIDE_STYLE('',(#8053));
#8053 = SURFACE_STYLE_FILL_AREA(#8054);
#8054 = FILL_AREA_STYLE('',(#8055));
#8055 = FILL_AREA_STYLE_COLOUR('',#7865);
#8056 = MECHANICAL_DESIGN_GEOMETRIC_PRESENTATION_REPRESENTATION('',(
    #8057,#8065,#8072,#8079,#8086,#8093,#8100,#8107,#8114,#8121,#8128,
    #8135,#8142,#8149,#8156,#8163,#8170,#8177),#4168);
#8057 = STYLED_ITEM('color',(#8058),#949);
#8058 = PRESENTATION_STYLE_ASSIGNMENT((#8059));
#8059 = SURFACE_STYLE_USAGE(.BOTH.,#8060);
#8060 = SURFACE_SIDE_STYLE('',(#8061));
#8061 = SURFACE_STYLE_FILL_AREA(#8062);
#8062 = FILL_AREA_STYLE('',(#8063));
#8063 = FILL_AREA_STYLE_COLOUR('',#8064);
#8064 = COLOUR_RGB('',0.735356983052,0.735356983052,0.735356983052);
#8065 = STYLED_ITEM('color',(#8066),#1284);
#8066 = PRESENTATION_STYLE_ASSIGNMENT((#8067));
#8067 = SURFACE_STYLE_USAGE(.BOTH.,#8068);
#8068 = SURFACE_SIDE_STYLE('',(#8069));
#8069 = SURFACE_STYLE_FILL_AREA(#8070);
#8070 = FILL_AREA_STYLE('',(#8071));
#8071 = FILL_AREA_STYLE_COLOUR('',#8064);
#8072 = STYLED_ITEM('color',(#8073),#1574);
#8073 = PRESENTATION_STYLE_ASSIGNMENT((#8074));
#8074 = SURFACE_STYLE_USAGE(.BOTH.,#8075);
#8075 = SURFACE_SIDE_STYLE('',(#8076));
#8076 = SURFACE_STYLE_FILL_AREA(#8077);
#8077 = FILL_AREA_STYLE('',(#8078));
#8078 = FILL_AREA_STYLE_COLOUR('',#8064);
#8079 = STYLED_ITEM('color',(#8080),#1627);
#8080 = PRESENTATION_STYLE_ASSIGNMENT((#8081));
#8081 = SURFACE_STYLE_USAGE(.BOTH.,#8082);
#8082 = SURFACE_SIDE_STYLE('',(#8083));
#8083 = SURFACE_STYLE_FILL_AREA(#8084);
#8084 = FILL_AREA_STYLE('',(#8085));
#8085 = FILL_AREA_STYLE_COLOUR('',#8064);
#8086 = STYLED_ITEM('color',(#8087),#1680);
#8087 = PRESENTATION_STYLE_ASSIGNMENT((#8088));
#8088 = SURFACE_STYLE_USAGE(.BOTH.,#8089);
#8089 = SURFACE_SIDE_STYLE('',(#8090));
#8090 = SURFACE_STYLE_FILL_AREA(#8091);
#8091 = FILL_AREA_STYLE('',(#8092));
#8092 = FILL_AREA_STYLE_COLOUR('',#8064);
#8093 = STYLED_ITEM('color',(#8094),#1970);
#8094 = PRESENTATION_STYLE_ASSIGNMENT((#8095));
#8095 = SURFACE_STYLE_USAGE(.BOTH.,#8096);
#8096 = SURFACE_SIDE_STYLE('',(#8097));
#8097 = SURFACE_STYLE_FILL_AREA(#8098);
#8098 = FILL_AREA_STYLE('',(#8099));
#8099 = FILL_AREA_STYLE_COLOUR('',#8064);
#8100 = STYLED_ITEM('color',(#8101),#2260);
#8101 = PRESENTATION_STYLE_ASSIGNMENT((#8102));
#8102 = SURFACE_STYLE_USAGE(.BOTH.,#8103);
#8103 = SURFACE_SIDE_STYLE('',(#8104));
#8104 = SURFACE_STYLE_FILL_AREA(#8105);
#8105 = FILL_AREA_STYLE('',(#8106));
#8106 = FILL_AREA_STYLE_COLOUR('',#8064);
#8107 = STYLED_ITEM('color',(#8108),#2352);
#8108 = PRESENTATION_STYLE_ASSIGNMENT((#8109));
#8109 = SURFACE_STYLE_USAGE(.BOTH.,#8110);
#8110 = SURFACE_SIDE_STYLE('',(#8111));
#8111 = SURFACE_STYLE_FILL_AREA(#8112);
#8112 = FILL_AREA_STYLE('',(#8113));
#8113 = FILL_AREA_STYLE_COLOUR('',#8064);
#8114 = STYLED_ITEM('color',(#8115),#2444);
#8115 = PRESENTATION_STYLE_ASSIGNMENT((#8116));
#8116 = SURFACE_STYLE_USAGE(.BOTH.,#8117);
#8117 = SURFACE_SIDE_STYLE('',(#8118));
#8118 = SURFACE_STYLE_FILL_AREA(#8119);
#8119 = FILL_AREA_STYLE('',(#8120));
#8120 = FILL_AREA_STYLE_COLOUR('',#8064);
#8121 = STYLED_ITEM('color',(#8122),#2536);
#8122 = PRESENTATION_STYLE_ASSIGNMENT((#8123));
#8123 = SURFACE_STYLE_USAGE(.BOTH.,#8124);
#8124 = SURFACE_SIDE_STYLE('',(#8125));
#8125 = SURFACE_STYLE_FILL_AREA(#8126);
#8126 = FILL_AREA_STYLE('',(#8127));
#8127 = FILL_AREA_STYLE_COLOUR('',#8064);
#8128 = STYLED_ITEM('color',(#8129),#2826);
#8129 = PRESENTATION_STYLE_ASSIGNMENT((#8130));
#8130 = SURFACE_STYLE_USAGE(.BOTH.,#8131);
#8131 = SURFACE_SIDE_STYLE('',(#8132));
#8132 = SURFACE_STYLE_FILL_AREA(#8133);
#8133 = FILL_AREA_STYLE('',(#8134));
#8134 = FILL_AREA_STYLE_COLOUR('',#8064);
#8135 = STYLED_ITEM('color',(#8136),#3116);
#8136 = PRESENTATION_STYLE_ASSIGNMENT((#8137));
#8137 = SURFACE_STYLE_USAGE(.BOTH.,#8138);
#8138 = SURFACE_SIDE_STYLE('',(#8139));
#8139 = SURFACE_STYLE_FILL_AREA(#8140);
#8140 = FILL_AREA_STYLE('',(#8141));
#8141 = FILL_AREA_STYLE_COLOUR('',#8064);
#8142 = STYLED_ITEM('color',(#8143),#3169);
#8143 = PRESENTATION_STYLE_ASSIGNMENT((#8144));
#8144 = SURFACE_STYLE_USAGE(.BOTH.,#8145);
#8145 = SURFACE_SIDE_STYLE('',(#8146));
#8146 = SURFACE_STYLE_FILL_AREA(#8147);
#8147 = FILL_AREA_STYLE('',(#8148));
#8148 = FILL_AREA_STYLE_COLOUR('',#8064);
#8149 = STYLED_ITEM('color',(#8150),#3267);
#8150 = PRESENTATION_STYLE_ASSIGNMENT((#8151));
#8151 = SURFACE_STYLE_USAGE(.BOTH.,#8152);
#8152 = SURFACE_SIDE_STYLE('',(#8153));
#8153 = SURFACE_STYLE_FILL_AREA(#8154);
#8154 = FILL_AREA_STYLE('',(#8155));
#8155 = FILL_AREA_STYLE_COLOUR('',#8064);
#8156 = STYLED_ITEM('color',(#8157),#3359);
#8157 = PRESENTATION_STYLE_ASSIGNMENT((#8158));
#8158 = SURFACE_STYLE_USAGE(.BOTH.,#8159);
#8159 = SURFACE_SIDE_STYLE('',(#8160));
#8160 = SURFACE_STYLE_FILL_AREA(#8161);
#8161 = FILL_AREA_STYLE('',(#8162));
#8162 = FILL_AREA_STYLE_COLOUR('',#8064);
#8163 = STYLED_ITEM('color',(#8164),#3451);
#8164 = PRESENTATION_STYLE_ASSIGNMENT((#8165));
#8165 = SURFACE_STYLE_USAGE(.BOTH.,#8166);
#8166 = SURFACE_SIDE_STYLE('',(#8167));
#8167 = SURFACE_STYLE_FILL_AREA(#8168);
#8168 = FILL_AREA_STYLE('',(#8169));
#8169 = FILL_AREA_STYLE_COLOUR('',#8064);
#8170 = STYLED_ITEM('color',(#8171),#3543);
#8171 = PRESENTATION_STYLE_ASSIGNMENT((#8172));
#8172 = SURFACE_STYLE_USAGE(.BOTH.,#8173);
#8173 = SURFACE_SIDE_STYLE('',(#8174));
#8174 = SURFACE_STYLE_FILL_AREA(#8175);
#8175 = FILL_AREA_STYLE('',(#8176));
#8176 = FILL_AREA_STYLE_COLOUR('',#8064);
#8177 = STYLED_ITEM('color',(#8178),#3878);
#8178 = PRESENTATION_STYLE_ASSIGNMENT((#8179));
#8179 = SURFACE_STYLE_USAGE(.BOTH.,#8180);
#8180 = SURFACE_SIDE_STYLE('',(#8181));
#8181 = SURFACE_STYLE_FILL_AREA(#8182);
#8182 = FILL_AREA_STYLE('',(#8183));
#8183 = FILL_AREA_STYLE_COLOUR('',#8064);
#8184 = MECHANICAL_DESIGN_GEOMETRIC_PRESENTATION_REPRESENTATION('',(
    #8185,#8195),#6528);
#8185 = STYLED_ITEM('color',(#8186),#5110);
#8186 = PRESENTATION_STYLE_ASSIGNMENT((#8187));
#8187 = SURFACE_STYLE_USAGE(.BOTH.,#8188);
#8188 = SURFACE_SIDE_STYLE('',(#8189,#8193));
#8189 = SURFACE_STYLE_FILL_AREA(#8190);
#8190 = FILL_AREA_STYLE('',(#8191));
#8191 = FILL_AREA_STYLE_COLOUR('',#8192);
#8192 = COLOUR_RGB('',0.313304153717,0.484529207832,0.410020903123);
#8193 = SURFACE_STYLE_RENDERING_WITH_PROPERTIES(.NORMAL_SHADING.,#8192,(
    #8194));
#8194 = SURFACE_STYLE_TRANSPARENT(0.170000016689);
#8195 = STYLED_ITEM('color',(#8196),#5820);
#8196 = PRESENTATION_STYLE_ASSIGNMENT((#8197));
#8197 = SURFACE_STYLE_USAGE(.BOTH.,#8198);
#8198 = SURFACE_SIDE_STYLE('',(#8199,#8202));
#8199 = SURFACE_STYLE_FILL_AREA(#8200);
#8200 = FILL_AREA_STYLE('',(#8201));
#8201 = FILL_AREA_STYLE_COLOUR('',#8192);
#8202 = SURFACE_STYLE_RENDERING_WITH_PROPERTIES(.NORMAL_SHADING.,#8192,(
    #8203));
#8203 = SURFACE_STYLE_TRANSPARENT(0.170000016689);
#8204 = MECHANICAL_DESIGN_GEOMETRIC_PRESENTATION_REPRESENTATION('',(
    #8205),#7736);
#8205 = STYLED_ITEM('color',(#8206),#6547);
#8206 = PRESENTATION_STYLE_ASSIGNMENT((#8207));
#8207 = SURFACE_STYLE_USAGE(.BOTH.,#8208);
#8208 = SURFACE_SIDE_STYLE('',(#8209));
#8209 = SURFACE_STYLE_FILL_AREA(#8210);
#8210 = FILL_AREA_STYLE('',(#8211));
#8211 = FILL_AREA_STYLE_COLOUR('',#8212);
#8212 = COLOUR_RGB('',0.583831500637,0.583831500637,0.583831500637);
ENDSEC;
END-ISO-10303-21;
