ISO-10303-21;
HEADER;
FILE_DESCRIPTION((''),'2;1');
FILE_NAME('5055501620','2018-12-20T',('gga'),(''),
'PRO/ENGINEER BY PARAMETRIC TECHNOLOGY CORPORATION, 2016010',
'PRO/ENGINEER BY PARAMETRIC TECHNOLOGY CORPORATION, 2016010','');
FILE_SCHEMA(('CONFIG_CONTROL_DESIGN'));
ENDSEC;
DATA;
#1=DIRECTION('',(0.E0,0.E0,-1.E0));
#2=VECTOR('',#1,1.7E0);
#3=CARTESIAN_POINT('',(2.6E0,0.E0,8.5E-1));
#4=LINE('',#3,#2);
#5=DIRECTION('',(1.E0,0.E0,0.E0));
#6=VECTOR('',#5,5.2E0);
#7=CARTESIAN_POINT('',(-2.6E0,0.E0,-8.5E-1));
#8=LINE('',#7,#6);
#9=DIRECTION('',(0.E0,0.E0,-1.E0));
#10=VECTOR('',#9,1.7E0);
#11=CARTESIAN_POINT('',(-2.6E0,0.E0,8.5E-1));
#12=LINE('',#11,#10);
#13=DIRECTION('',(1.E0,0.E0,0.E0));
#14=VECTOR('',#13,5.2E0);
#15=CARTESIAN_POINT('',(-2.6E0,0.E0,8.5E-1));
#16=LINE('',#15,#14);
#17=DIRECTION('',(0.E0,0.E0,-1.E0));
#18=VECTOR('',#17,1.741666666667E0);
#19=CARTESIAN_POINT('',(2.65E0,5.E-2,8.708333333333E-1));
#20=LINE('',#19,#18);
#21=DIRECTION('',(-1.E0,0.E0,0.E0));
#22=VECTOR('',#21,1.E-1);
#23=CARTESIAN_POINT('',(2.75E0,5.E-2,8.708333333333E-1));
#24=LINE('',#23,#22);
#25=DIRECTION('',(-6.782801027331E-1,-6.782801027331E-1,-2.826167094721E-1));
#26=VECTOR('',#25,7.371585838731E-2);
#27=CARTESIAN_POINT('',(2.65E0,5.E-2,8.708333333333E-1));
#28=LINE('',#27,#26);
#29=DIRECTION('',(-6.782801027331E-1,6.782801027331E-1,2.826167094721E-1));
#30=VECTOR('',#29,7.371585838731E-2);
#31=CARTESIAN_POINT('',(-2.6E0,0.E0,8.5E-1));
#32=LINE('',#31,#30);
#33=DIRECTION('',(1.E0,0.E0,0.E0));
#34=VECTOR('',#33,1.E-1);
#35=CARTESIAN_POINT('',(-2.75E0,5.E-2,8.708333333333E-1));
#36=LINE('',#35,#34);
#37=DIRECTION('',(0.E0,0.E0,1.E0));
#38=VECTOR('',#37,8.E-1);
#39=CARTESIAN_POINT('',(2.71E0,5.E-2,-4.E-1));
#40=LINE('',#39,#38);
#41=DIRECTION('',(-1.E0,0.E0,0.E0));
#42=VECTOR('',#41,4.E-2);
#43=CARTESIAN_POINT('',(2.75E0,5.E-2,-4.E-1));
#44=LINE('',#43,#42);
#45=DIRECTION('',(-1.E0,0.E0,0.E0));
#46=VECTOR('',#45,4.E-2);
#47=CARTESIAN_POINT('',(2.75E0,5.E-2,4.E-1));
#48=LINE('',#47,#46);
#49=DIRECTION('',(0.E0,-1.E0,0.E0));
#50=VECTOR('',#49,4.3E-1);
#51=CARTESIAN_POINT('',(2.71E0,4.8E-1,-4.E-1));
#52=LINE('',#51,#50);
#53=DIRECTION('',(-1.E0,0.E0,0.E0));
#54=VECTOR('',#53,5.E-2);
#55=CARTESIAN_POINT('',(2.43E0,4.8E-1,-1.11E0));
#56=LINE('',#55,#54);
#57=DIRECTION('',(0.E0,0.E0,1.E0));
#58=VECTOR('',#57,1.1E-1);
#59=CARTESIAN_POINT('',(2.38E0,4.8E-1,-1.22E0));
#60=LINE('',#59,#58);
#61=DIRECTION('',(0.E0,0.E0,1.E0));
#62=VECTOR('',#61,8.2E-1);
#63=CARTESIAN_POINT('',(2.75E0,4.8E-1,-1.22E0));
#64=LINE('',#63,#62);
#65=DIRECTION('',(-1.E0,0.E0,0.E0));
#66=VECTOR('',#65,4.E-2);
#67=CARTESIAN_POINT('',(2.75E0,4.8E-1,-4.E-1));
#68=LINE('',#67,#66);
#69=DIRECTION('',(0.E0,0.E0,1.E0));
#70=VECTOR('',#69,8.E-1);
#71=CARTESIAN_POINT('',(2.71E0,4.8E-1,-4.E-1));
#72=LINE('',#71,#70);
#73=DIRECTION('',(-1.E0,0.E0,0.E0));
#74=VECTOR('',#73,4.E-2);
#75=CARTESIAN_POINT('',(2.75E0,4.8E-1,4.E-1));
#76=LINE('',#75,#74);
#77=DIRECTION('',(0.E0,0.E0,1.E0));
#78=VECTOR('',#77,8.2E-1);
#79=CARTESIAN_POINT('',(2.75E0,4.8E-1,4.E-1));
#80=LINE('',#79,#78);
#81=DIRECTION('',(0.E0,0.E0,-1.E0));
#82=VECTOR('',#81,1.1E-1);
#83=CARTESIAN_POINT('',(2.38E0,4.8E-1,1.22E0));
#84=LINE('',#83,#82);
#85=DIRECTION('',(1.E0,0.E0,0.E0));
#86=VECTOR('',#85,5.E-2);
#87=CARTESIAN_POINT('',(2.38E0,4.8E-1,1.11E0));
#88=LINE('',#87,#86);
#89=DIRECTION('',(0.E0,0.E0,1.E0));
#90=VECTOR('',#89,1.E-1);
#91=CARTESIAN_POINT('',(2.43E0,4.8E-1,1.E0));
#92=LINE('',#91,#90);
#93=DIRECTION('',(-1.E0,0.E0,0.E0));
#94=VECTOR('',#93,2.75E-1);
#95=CARTESIAN_POINT('',(2.43E0,4.8E-1,9.5E-1));
#96=LINE('',#95,#94);
#97=DIRECTION('',(0.E0,0.E0,-1.E0));
#98=VECTOR('',#97,1.15E-1);
#99=CARTESIAN_POINT('',(2.155E0,4.8E-1,9.5E-1));
#100=LINE('',#99,#98);
#101=DIRECTION('',(0.E0,0.E0,1.E0));
#102=VECTOR('',#101,1.15E-1);
#103=CARTESIAN_POINT('',(2.155E0,4.8E-1,-9.5E-1));
#104=LINE('',#103,#102);
#105=DIRECTION('',(1.E0,0.E0,0.E0));
#106=VECTOR('',#105,2.75E-1);
#107=CARTESIAN_POINT('',(2.155E0,4.8E-1,-9.5E-1));
#108=LINE('',#107,#106);
#109=DIRECTION('',(0.E0,0.E0,-1.E0));
#110=VECTOR('',#109,1.E-1);
#111=CARTESIAN_POINT('',(2.43E0,4.8E-1,-1.E0));
#112=LINE('',#111,#110);
#113=DIRECTION('',(1.E0,0.E0,0.E0));
#114=VECTOR('',#113,2.75E-1);
#115=CARTESIAN_POINT('',(-2.43E0,4.8E-1,-9.5E-1));
#116=LINE('',#115,#114);
#117=DIRECTION('',(-1.E0,0.E0,0.E0));
#118=VECTOR('',#117,2.75E-1);
#119=CARTESIAN_POINT('',(-2.155E0,4.8E-1,9.5E-1));
#120=LINE('',#119,#118);
#121=DIRECTION('',(0.E0,0.E0,1.E0));
#122=VECTOR('',#121,1.E-1);
#123=CARTESIAN_POINT('',(-2.43E0,4.8E-1,1.E0));
#124=LINE('',#123,#122);
#125=DIRECTION('',(1.E0,0.E0,0.E0));
#126=VECTOR('',#125,5.E-2);
#127=CARTESIAN_POINT('',(-2.43E0,4.8E-1,1.11E0));
#128=LINE('',#127,#126);
#129=DIRECTION('',(0.E0,0.E0,-1.E0));
#130=VECTOR('',#129,1.1E-1);
#131=CARTESIAN_POINT('',(-2.38E0,4.8E-1,1.22E0));
#132=LINE('',#131,#130);
#133=DIRECTION('',(0.E0,0.E0,-1.E0));
#134=VECTOR('',#133,8.2E-1);
#135=CARTESIAN_POINT('',(-2.75E0,4.8E-1,1.22E0));
#136=LINE('',#135,#134);
#137=DIRECTION('',(1.E0,0.E0,0.E0));
#138=VECTOR('',#137,4.E-2);
#139=CARTESIAN_POINT('',(-2.75E0,4.8E-1,4.E-1));
#140=LINE('',#139,#138);
#141=DIRECTION('',(0.E0,0.E0,-1.E0));
#142=VECTOR('',#141,8.E-1);
#143=CARTESIAN_POINT('',(-2.71E0,4.8E-1,4.E-1));
#144=LINE('',#143,#142);
#145=DIRECTION('',(1.E0,0.E0,0.E0));
#146=VECTOR('',#145,4.E-2);
#147=CARTESIAN_POINT('',(-2.75E0,4.8E-1,-4.E-1));
#148=LINE('',#147,#146);
#149=DIRECTION('',(0.E0,0.E0,-1.E0));
#150=VECTOR('',#149,8.2E-1);
#151=CARTESIAN_POINT('',(-2.75E0,4.8E-1,-4.E-1));
#152=LINE('',#151,#150);
#153=DIRECTION('',(0.E0,0.E0,1.E0));
#154=VECTOR('',#153,1.1E-1);
#155=CARTESIAN_POINT('',(-2.38E0,4.8E-1,-1.22E0));
#156=LINE('',#155,#154);
#157=DIRECTION('',(-1.E0,0.E0,0.E0));
#158=VECTOR('',#157,5.E-2);
#159=CARTESIAN_POINT('',(-2.38E0,4.8E-1,-1.11E0));
#160=LINE('',#159,#158);
#161=DIRECTION('',(0.E0,0.E0,-1.E0));
#162=VECTOR('',#161,1.E-1);
#163=CARTESIAN_POINT('',(-2.43E0,4.8E-1,-1.E0));
#164=LINE('',#163,#162);
#165=DIRECTION('',(0.E0,1.E0,0.E0));
#166=VECTOR('',#165,2.4E-1);
#167=CARTESIAN_POINT('',(2.43E0,2.4E-1,-1.1E0));
#168=LINE('',#167,#166);
#169=DIRECTION('',(0.E0,0.E0,-1.E0));
#170=VECTOR('',#169,1.E-1);
#171=CARTESIAN_POINT('',(2.43E0,2.4E-1,-1.E0));
#172=LINE('',#171,#170);
#173=DIRECTION('',(0.E0,1.E0,0.E0));
#174=VECTOR('',#173,2.4E-1);
#175=CARTESIAN_POINT('',(2.43E0,2.4E-1,-1.E0));
#176=LINE('',#175,#174);
#177=DIRECTION('',(0.E0,0.E0,1.E0));
#178=VECTOR('',#177,5.E-2);
#179=CARTESIAN_POINT('',(2.43E0,4.8E-1,-1.E0));
#180=LINE('',#179,#178);
#181=DIRECTION('',(0.E0,-1.E0,0.E0));
#182=VECTOR('',#181,1.6E-1);
#183=CARTESIAN_POINT('',(2.43E0,3.8E-1,-9.9E-1));
#184=LINE('',#183,#182);
#185=DIRECTION('',(4.440892098501E-14,0.E0,1.E0));
#186=VECTOR('',#185,1.E-2);
#187=CARTESIAN_POINT('',(2.43E0,4.8E-1,-1.11E0));
#188=LINE('',#187,#186);
#189=DIRECTION('',(-1.E0,0.E0,0.E0));
#190=VECTOR('',#189,3.E-1);
#191=CARTESIAN_POINT('',(2.295E0,1.3E-1,-1.1E0));
#192=LINE('',#191,#190);
#193=DIRECTION('',(0.E0,1.E0,0.E0));
#194=VECTOR('',#193,1.1E-1);
#195=CARTESIAN_POINT('',(2.295E0,1.3E-1,-1.1E0));
#196=LINE('',#195,#194);
#197=DIRECTION('',(-1.E0,0.E0,0.E0));
#198=VECTOR('',#197,1.35E-1);
#199=CARTESIAN_POINT('',(2.43E0,2.4E-1,-1.1E0));
#200=LINE('',#199,#198);
#201=DIRECTION('',(2.220446049250E-14,-1.E0,-1.110223024625E-14));
#202=VECTOR('',#201,2.E-2);
#203=CARTESIAN_POINT('',(2.43E0,5.E-1,-1.1E0));
#204=LINE('',#203,#202);
#205=DIRECTION('',(0.E0,-1.E0,0.E0));
#206=VECTOR('',#205,1.E-1);
#207=CARTESIAN_POINT('',(2.7E0,6.E-1,-1.1E0));
#208=LINE('',#207,#206);
#209=DIRECTION('',(1.E0,0.E0,0.E0));
#210=VECTOR('',#209,2.7E-1);
#211=CARTESIAN_POINT('',(1.85E0,4.5E-1,-1.1E0));
#212=LINE('',#211,#210);
#213=DIRECTION('',(-1.E0,0.E0,0.E0));
#214=VECTOR('',#213,1.45E-1);
#215=CARTESIAN_POINT('',(1.995E0,2.4E-1,-1.1E0));
#216=LINE('',#215,#214);
#217=DIRECTION('',(0.E0,1.E0,0.E0));
#218=VECTOR('',#217,1.1E-1);
#219=CARTESIAN_POINT('',(1.995E0,1.3E-1,-1.1E0));
#220=LINE('',#219,#218);
#221=DIRECTION('',(0.E0,-1.E0,0.E0));
#222=VECTOR('',#221,1.1E-1);
#223=CARTESIAN_POINT('',(1.995E0,2.4E-1,-1.E0));
#224=LINE('',#223,#222);
#225=CARTESIAN_POINT('',(1.995E0,1.3E-1,-1.15E0));
#226=DIRECTION('',(1.E0,0.E0,0.E0));
#227=DIRECTION('',(0.E0,0.E0,1.E0));
#228=AXIS2_PLACEMENT_3D('',#225,#226,#227);
#230=DIRECTION('',(0.E0,0.E0,-1.E0));
#231=VECTOR('',#230,1.E-1);
#232=CARTESIAN_POINT('',(1.995E0,-2.E-2,-1.15E0));
#233=LINE('',#232,#231);
#234=DIRECTION('',(0.E0,1.E0,0.E0));
#235=VECTOR('',#234,1.E-1);
#236=CARTESIAN_POINT('',(1.995E0,-2.E-2,-1.25E0));
#237=LINE('',#236,#235);
#238=DIRECTION('',(0.E0,0.E0,1.E0));
#239=VECTOR('',#238,1.E-1);
#240=CARTESIAN_POINT('',(1.995E0,8.E-2,-1.25E0));
#241=LINE('',#240,#239);
#242=CARTESIAN_POINT('',(1.995E0,1.3E-1,-1.15E0));
#243=DIRECTION('',(-1.E0,0.E0,0.E0));
#244=DIRECTION('',(0.E0,-1.E0,0.E0));
#245=AXIS2_PLACEMENT_3D('',#242,#243,#244);
#247=DIRECTION('',(0.E0,-1.E0,0.E0));
#248=VECTOR('',#247,1.1E-1);
#249=CARTESIAN_POINT('',(1.995E0,2.4E-1,1.1E0));
#250=LINE('',#249,#248);
#251=CARTESIAN_POINT('',(1.995E0,1.3E-1,1.15E0));
#252=DIRECTION('',(-1.E0,0.E0,0.E0));
#253=DIRECTION('',(0.E0,0.E0,-1.E0));
#254=AXIS2_PLACEMENT_3D('',#251,#252,#253);
#256=DIRECTION('',(0.E0,0.E0,1.E0));
#257=VECTOR('',#256,1.E-1);
#258=CARTESIAN_POINT('',(1.995E0,8.E-2,1.15E0));
#259=LINE('',#258,#257);
#260=DIRECTION('',(0.E0,-1.E0,0.E0));
#261=VECTOR('',#260,1.E-1);
#262=CARTESIAN_POINT('',(1.995E0,8.E-2,1.25E0));
#263=LINE('',#262,#261);
#264=DIRECTION('',(0.E0,0.E0,-1.E0));
#265=VECTOR('',#264,1.E-1);
#266=CARTESIAN_POINT('',(1.995E0,-2.E-2,1.25E0));
#267=LINE('',#266,#265);
#268=CARTESIAN_POINT('',(1.995E0,1.3E-1,1.15E0));
#269=DIRECTION('',(1.E0,0.E0,0.E0));
#270=DIRECTION('',(0.E0,-1.E0,0.E0));
#271=AXIS2_PLACEMENT_3D('',#268,#269,#270);
#273=DIRECTION('',(0.E0,1.E0,0.E0));
#274=VECTOR('',#273,1.1E-1);
#275=CARTESIAN_POINT('',(1.995E0,1.3E-1,1.E0));
#276=LINE('',#275,#274);
#277=DIRECTION('',(0.E0,0.E0,-1.E0));
#278=VECTOR('',#277,1.E-1);
#279=CARTESIAN_POINT('',(1.995E0,2.4E-1,1.1E0));
#280=LINE('',#279,#278);
#281=DIRECTION('',(0.E0,0.E0,1.E0));
#282=VECTOR('',#281,1.E-1);
#283=CARTESIAN_POINT('',(1.995E0,2.4E-1,-1.1E0));
#284=LINE('',#283,#282);
#285=DIRECTION('',(0.E0,0.E0,-1.E0));
#286=VECTOR('',#285,1.6E-1);
#287=CARTESIAN_POINT('',(1.85E0,4.8E-1,-9.5E-1));
#288=LINE('',#287,#286);
#289=DIRECTION('',(0.E0,-1.E0,0.E0));
#290=VECTOR('',#289,2.6E-1);
#291=CARTESIAN_POINT('',(1.85E0,4.8E-1,-1.11E0));
#292=LINE('',#291,#290);
#293=DIRECTION('',(0.E0,1.E0,0.E0));
#294=VECTOR('',#293,2.1E-1);
#295=CARTESIAN_POINT('',(1.85E0,2.4E-1,-1.1E0));
#296=LINE('',#295,#294);
#297=DIRECTION('',(0.E0,0.E0,-1.E0));
#298=VECTOR('',#297,1.E-1);
#299=CARTESIAN_POINT('',(1.85E0,4.5E-1,-1.E0));
#300=LINE('',#299,#298);
#301=DIRECTION('',(0.E0,1.E0,0.E0));
#302=VECTOR('',#301,2.1E-1);
#303=CARTESIAN_POINT('',(1.85E0,2.4E-1,-1.E0));
#304=LINE('',#303,#302);
#305=DIRECTION('',(0.E0,0.E0,-1.E0));
#306=VECTOR('',#305,1.E-1);
#307=CARTESIAN_POINT('',(1.85E0,2.4E-1,-1.E0));
#308=LINE('',#307,#306);
#309=DIRECTION('',(0.E0,-1.E0,0.E0));
#310=VECTOR('',#309,1.6E-1);
#311=CARTESIAN_POINT('',(1.85E0,3.8E-1,-9.9E-1));
#312=LINE('',#311,#310);
#313=DIRECTION('',(0.E0,1.E0,0.E0));
#314=VECTOR('',#313,1.E-1);
#315=CARTESIAN_POINT('',(2.38E0,1.2E-1,-9.9E-1));
#316=LINE('',#315,#314);
#317=DIRECTION('',(1.E0,0.E0,0.E0));
#318=VECTOR('',#317,5.8E-1);
#319=CARTESIAN_POINT('',(1.85E0,3.8E-1,-9.9E-1));
#320=LINE('',#319,#318);
#321=DIRECTION('',(0.E0,9.284766908853E-1,3.713906763541E-1));
#322=VECTOR('',#321,1.077032961427E-1);
#323=CARTESIAN_POINT('',(2.43E0,3.8E-1,-9.9E-1));
#324=LINE('',#323,#322);
#325=DIRECTION('',(6.804138174398E-1,-6.804138174398E-1,-2.721655269759E-1));
#326=VECTOR('',#325,1.028785691969E-1);
#327=CARTESIAN_POINT('',(1.655E0,5.5E-1,-9.22E-1));
#328=LINE('',#327,#326);
#329=DIRECTION('',(1.E0,0.E0,0.E0));
#330=VECTOR('',#329,1.25E-1);
#331=CARTESIAN_POINT('',(1.725E0,4.8E-1,-9.5E-1));
#332=LINE('',#331,#330);
#333=DIRECTION('',(0.E0,-9.284766908853E-1,-3.713906763541E-1));
#334=VECTOR('',#333,1.077032961427E-1);
#335=CARTESIAN_POINT('',(1.85E0,4.8E-1,-9.5E-1));
#336=LINE('',#335,#334);
#337=DIRECTION('',(-6.804138174398E-1,6.804138174398E-1,2.721655269759E-1));
#338=VECTOR('',#337,1.028785691969E-1);
#339=CARTESIAN_POINT('',(2.155E0,4.8E-1,-9.5E-1));
#340=LINE('',#339,#338);
#341=DIRECTION('',(0.E0,0.E0,1.E0));
#342=VECTOR('',#341,8.7E-2);
#343=CARTESIAN_POINT('',(2.085E0,5.5E-1,-9.22E-1));
#344=LINE('',#343,#342);
#345=DIRECTION('',(1.E0,0.E0,0.E0));
#346=VECTOR('',#345,4.3E-1);
#347=CARTESIAN_POINT('',(1.655E0,5.5E-1,-8.35E-1));
#348=LINE('',#347,#346);
#349=DIRECTION('',(7.071067811865E-1,-7.071067811866E-1,0.E0));
#350=VECTOR('',#349,9.899494936612E-2);
#351=CARTESIAN_POINT('',(2.085E0,5.5E-1,-8.35E-1));
#352=LINE('',#351,#350);
#353=DIRECTION('',(-1.E0,0.E0,0.E0));
#354=VECTOR('',#353,2.E-1);
#355=CARTESIAN_POINT('',(2.355E0,4.8E-1,-8.35E-1));
#356=LINE('',#355,#354);
#357=DIRECTION('',(0.E0,-1.E0,0.E0));
#358=VECTOR('',#357,3.8E-1);
#359=CARTESIAN_POINT('',(2.355E0,4.8E-1,-8.35E-1));
#360=LINE('',#359,#358);
#361=DIRECTION('',(1.E0,0.E0,0.E0));
#362=VECTOR('',#361,4.3E-1);
#363=CARTESIAN_POINT('',(1.655E0,5.5E-1,-9.22E-1));
#364=LINE('',#363,#362);
#365=DIRECTION('',(0.E0,0.E0,1.E0));
#366=VECTOR('',#365,8.7E-2);
#367=CARTESIAN_POINT('',(1.655E0,5.5E-1,-9.22E-1));
#368=LINE('',#367,#366);
#369=DIRECTION('',(0.E0,-1.E0,0.E0));
#370=VECTOR('',#369,4.5E-1);
#371=CARTESIAN_POINT('',(1.655E0,5.5E-1,-8.35E-1));
#372=LINE('',#371,#370);
#373=DIRECTION('',(0.E0,-7.071067811865E-1,7.071067811865E-1));
#374=VECTOR('',#373,7.071067811865E-2);
#375=CARTESIAN_POINT('',(1.655E0,6.4E-1,-8.1E-1));
#376=LINE('',#375,#374);
#377=DIRECTION('',(0.E0,0.E0,-1.E0));
#378=VECTOR('',#377,4.1E-1);
#379=CARTESIAN_POINT('',(1.655E0,6.4E-1,-8.1E-1));
#380=LINE('',#379,#378);
#381=DIRECTION('',(0.E0,-1.E0,0.E0));
#382=VECTOR('',#381,9.E-2);
#383=CARTESIAN_POINT('',(1.655E0,6.4E-1,-1.22E0));
#384=LINE('',#383,#382);
#385=DIRECTION('',(0.E0,0.E0,1.E0));
#386=VECTOR('',#385,2.7E-1);
#387=CARTESIAN_POINT('',(1.725E0,4.8E-1,-1.22E0));
#388=LINE('',#387,#386);
#389=DIRECTION('',(0.E0,0.E0,-1.E0));
#390=VECTOR('',#389,2.98E-1);
#391=CARTESIAN_POINT('',(1.655E0,5.5E-1,-9.22E-1));
#392=LINE('',#391,#390);
#393=DIRECTION('',(7.071067811865E-1,-7.071067811865E-1,0.E0));
#394=VECTOR('',#393,9.899494936612E-2);
#395=CARTESIAN_POINT('',(1.655E0,5.5E-1,-1.22E0));
#396=LINE('',#395,#394);
#397=DIRECTION('',(0.E0,0.E0,1.E0));
#398=VECTOR('',#397,1.6E-1);
#399=CARTESIAN_POINT('',(1.85E0,4.8E-1,9.5E-1));
#400=LINE('',#399,#398);
#401=DIRECTION('',(-1.E0,0.E0,0.E0));
#402=VECTOR('',#401,1.E-1);
#403=CARTESIAN_POINT('',(1.95E0,4.8E-1,1.11E0));
#404=LINE('',#403,#402);
#405=DIRECTION('',(-1.E0,0.E0,0.E0));
#406=VECTOR('',#405,1.E-1);
#407=CARTESIAN_POINT('',(1.95E0,4.8E-1,-1.11E0));
#408=LINE('',#407,#406);
#409=DIRECTION('',(1.E0,0.E0,0.E0));
#410=VECTOR('',#409,1.E-1);
#411=CARTESIAN_POINT('',(-1.95E0,4.8E-1,-1.11E0));
#412=LINE('',#411,#410);
#413=DIRECTION('',(1.E0,0.E0,0.E0));
#414=VECTOR('',#413,1.E-1);
#415=CARTESIAN_POINT('',(-1.95E0,4.8E-1,1.11E0));
#416=LINE('',#415,#414);
#417=DIRECTION('',(0.E0,0.E0,-1.E0));
#418=VECTOR('',#417,2.98E-1);
#419=CARTESIAN_POINT('',(1.655E0,5.5E-1,1.22E0));
#420=LINE('',#419,#418);
#421=DIRECTION('',(0.E0,0.E0,1.E0));
#422=VECTOR('',#421,2.7E-1);
#423=CARTESIAN_POINT('',(1.725E0,4.8E-1,9.5E-1));
#424=LINE('',#423,#422);
#425=DIRECTION('',(-7.071067811865E-1,7.071067811865E-1,0.E0));
#426=VECTOR('',#425,9.899494936612E-2);
#427=CARTESIAN_POINT('',(1.725E0,4.8E-1,1.22E0));
#428=LINE('',#427,#426);
#429=DIRECTION('',(0.E0,1.E0,0.E0));
#430=VECTOR('',#429,9.E-2);
#431=CARTESIAN_POINT('',(1.655E0,5.5E-1,1.22E0));
#432=LINE('',#431,#430);
#433=DIRECTION('',(0.E0,0.E0,-1.E0));
#434=VECTOR('',#433,4.1E-1);
#435=CARTESIAN_POINT('',(1.655E0,6.4E-1,1.22E0));
#436=LINE('',#435,#434);
#437=DIRECTION('',(0.E0,7.071067811865E-1,7.071067811865E-1));
#438=VECTOR('',#437,7.071067811865E-2);
#439=CARTESIAN_POINT('',(1.655E0,5.9E-1,7.6E-1));
#440=LINE('',#439,#438);
#441=DIRECTION('',(0.E0,-1.E0,0.E0));
#442=VECTOR('',#441,4.9E-1);
#443=CARTESIAN_POINT('',(1.655E0,5.9E-1,7.6E-1));
#444=LINE('',#443,#442);
#445=DIRECTION('',(0.E0,1.E0,0.E0));
#446=VECTOR('',#445,3.6E-1);
#447=CARTESIAN_POINT('',(2.38E0,1.2E-1,1.22E0));
#448=LINE('',#447,#446);
#449=DIRECTION('',(-1.E0,0.E0,0.E0));
#450=VECTOR('',#449,3.7E-1);
#451=CARTESIAN_POINT('',(2.75E0,4.8E-1,1.22E0));
#452=LINE('',#451,#450);
#453=DIRECTION('',(1.E0,0.E0,0.E0));
#454=VECTOR('',#453,3.7E-1);
#455=CARTESIAN_POINT('',(2.38E0,1.2E-1,1.22E0));
#456=LINE('',#455,#454);
#457=DIRECTION('',(0.E0,1.E0,0.E0));
#458=VECTOR('',#457,3.6E-1);
#459=CARTESIAN_POINT('',(-2.38E0,1.2E-1,1.22E0));
#460=LINE('',#459,#458);
#461=DIRECTION('',(1.E0,0.E0,0.E0));
#462=VECTOR('',#461,3.7E-1);
#463=CARTESIAN_POINT('',(-2.75E0,1.2E-1,1.22E0));
#464=LINE('',#463,#462);
#465=DIRECTION('',(0.E0,1.E0,0.E0));
#466=VECTOR('',#465,3.6E-1);
#467=CARTESIAN_POINT('',(-2.75E0,1.2E-1,1.22E0));
#468=LINE('',#467,#466);
#469=DIRECTION('',(1.E0,0.E0,0.E0));
#470=VECTOR('',#469,3.7E-1);
#471=CARTESIAN_POINT('',(-2.75E0,4.8E-1,1.22E0));
#472=LINE('',#471,#470);
#473=DIRECTION('',(1.E0,0.E0,0.E0));
#474=VECTOR('',#473,2.25E-1);
#475=CARTESIAN_POINT('',(-1.95E0,4.8E-1,1.22E0));
#476=LINE('',#475,#474);
#477=DIRECTION('',(1.E0,0.E0,0.E0));
#478=VECTOR('',#477,2.25E-1);
#479=CARTESIAN_POINT('',(1.725E0,4.8E-1,1.22E0));
#480=LINE('',#479,#478);
#481=DIRECTION('',(0.E0,1.E0,0.E0));
#482=VECTOR('',#481,3.6E-1);
#483=CARTESIAN_POINT('',(1.95E0,1.2E-1,1.22E0));
#484=LINE('',#483,#482);
#485=DIRECTION('',(1.E0,0.E0,0.E0));
#486=VECTOR('',#485,3.9E0);
#487=CARTESIAN_POINT('',(-1.95E0,1.2E-1,1.22E0));
#488=LINE('',#487,#486);
#489=DIRECTION('',(0.E0,1.E0,0.E0));
#490=VECTOR('',#489,3.6E-1);
#491=CARTESIAN_POINT('',(-1.95E0,1.2E-1,1.22E0));
#492=LINE('',#491,#490);
#493=DIRECTION('',(0.E0,0.E0,1.E0));
#494=VECTOR('',#493,1.2E-1);
#495=CARTESIAN_POINT('',(2.38E0,2.2E-1,9.9E-1));
#496=LINE('',#495,#494);
#497=DIRECTION('',(0.E0,-1.E0,0.E0));
#498=VECTOR('',#497,2.6E-1);
#499=CARTESIAN_POINT('',(2.38E0,4.8E-1,1.11E0));
#500=LINE('',#499,#498);
#501=DIRECTION('',(0.E0,1.E0,0.E0));
#502=VECTOR('',#501,1.E-1);
#503=CARTESIAN_POINT('',(2.38E0,1.2E-1,9.9E-1));
#504=LINE('',#503,#502);
#505=DIRECTION('',(-1.E0,0.E0,0.E0));
#506=VECTOR('',#505,5.E-2);
#507=CARTESIAN_POINT('',(2.43E0,2.2E-1,-1.11E0));
#508=LINE('',#507,#506);
#509=DIRECTION('',(0.E0,0.E0,-1.E0));
#510=VECTOR('',#509,1.2E-1);
#511=CARTESIAN_POINT('',(2.43E0,2.2E-1,-9.9E-1));
#512=LINE('',#511,#510);
#513=DIRECTION('',(1.E0,0.E0,0.E0));
#514=VECTOR('',#513,5.E-2);
#515=CARTESIAN_POINT('',(2.38E0,2.2E-1,-9.9E-1));
#516=LINE('',#515,#514);
#517=DIRECTION('',(1.E0,0.E0,0.E0));
#518=VECTOR('',#517,1.E-1);
#519=CARTESIAN_POINT('',(1.85E0,2.2E-1,-9.9E-1));
#520=LINE('',#519,#518);
#521=DIRECTION('',(0.E0,0.E0,1.E0));
#522=VECTOR('',#521,1.2E-1);
#523=CARTESIAN_POINT('',(1.85E0,2.2E-1,-1.11E0));
#524=LINE('',#523,#522);
#525=DIRECTION('',(-1.E0,0.E0,0.E0));
#526=VECTOR('',#525,1.E-1);
#527=CARTESIAN_POINT('',(1.95E0,2.2E-1,-1.11E0));
#528=LINE('',#527,#526);
#529=DIRECTION('',(-1.E0,0.E0,0.E0));
#530=VECTOR('',#529,1.E-1);
#531=CARTESIAN_POINT('',(-1.85E0,2.2E-1,-1.11E0));
#532=LINE('',#531,#530);
#533=DIRECTION('',(0.E0,0.E0,-1.E0));
#534=VECTOR('',#533,1.2E-1);
#535=CARTESIAN_POINT('',(-1.85E0,2.2E-1,-9.9E-1));
#536=LINE('',#535,#534);
#537=DIRECTION('',(1.E0,0.E0,0.E0));
#538=VECTOR('',#537,1.E-1);
#539=CARTESIAN_POINT('',(-1.95E0,2.2E-1,-9.9E-1));
#540=LINE('',#539,#538);
#541=DIRECTION('',(1.E0,0.E0,0.E0));
#542=VECTOR('',#541,5.E-2);
#543=CARTESIAN_POINT('',(-2.43E0,2.2E-1,-9.9E-1));
#544=LINE('',#543,#542);
#545=DIRECTION('',(0.E0,0.E0,1.E0));
#546=VECTOR('',#545,1.2E-1);
#547=CARTESIAN_POINT('',(-2.43E0,2.2E-1,-1.11E0));
#548=LINE('',#547,#546);
#549=DIRECTION('',(-1.E0,0.E0,0.E0));
#550=VECTOR('',#549,5.E-2);
#551=CARTESIAN_POINT('',(-2.38E0,2.2E-1,-1.11E0));
#552=LINE('',#551,#550);
#553=DIRECTION('',(1.E0,0.E0,0.E0));
#554=VECTOR('',#553,1.E-1);
#555=CARTESIAN_POINT('',(1.85E0,2.2E-1,1.11E0));
#556=LINE('',#555,#554);
#557=DIRECTION('',(0.E0,0.E0,1.E0));
#558=VECTOR('',#557,1.2E-1);
#559=CARTESIAN_POINT('',(1.85E0,2.2E-1,9.9E-1));
#560=LINE('',#559,#558);
#561=DIRECTION('',(-1.E0,0.E0,0.E0));
#562=VECTOR('',#561,1.E-1);
#563=CARTESIAN_POINT('',(1.95E0,2.2E-1,9.9E-1));
#564=LINE('',#563,#562);
#565=DIRECTION('',(-1.E0,0.E0,0.E0));
#566=VECTOR('',#565,5.E-2);
#567=CARTESIAN_POINT('',(2.43E0,2.2E-1,9.9E-1));
#568=LINE('',#567,#566);
#569=DIRECTION('',(0.E0,0.E0,-1.E0));
#570=VECTOR('',#569,1.2E-1);
#571=CARTESIAN_POINT('',(2.43E0,2.2E-1,1.11E0));
#572=LINE('',#571,#570);
#573=DIRECTION('',(1.E0,0.E0,0.E0));
#574=VECTOR('',#573,5.E-2);
#575=CARTESIAN_POINT('',(2.38E0,2.2E-1,1.11E0));
#576=LINE('',#575,#574);
#577=DIRECTION('',(1.E0,0.E0,0.E0));
#578=VECTOR('',#577,5.E-2);
#579=CARTESIAN_POINT('',(-2.43E0,2.2E-1,1.11E0));
#580=LINE('',#579,#578);
#581=DIRECTION('',(0.E0,0.E0,1.E0));
#582=VECTOR('',#581,1.2E-1);
#583=CARTESIAN_POINT('',(-2.43E0,2.2E-1,9.9E-1));
#584=LINE('',#583,#582);
#585=DIRECTION('',(-1.E0,0.E0,0.E0));
#586=VECTOR('',#585,5.E-2);
#587=CARTESIAN_POINT('',(-2.38E0,2.2E-1,9.9E-1));
#588=LINE('',#587,#586);
#589=DIRECTION('',(-1.E0,0.E0,0.E0));
#590=VECTOR('',#589,1.E-1);
#591=CARTESIAN_POINT('',(-1.85E0,2.2E-1,9.9E-1));
#592=LINE('',#591,#590);
#593=DIRECTION('',(0.E0,0.E0,-1.E0));
#594=VECTOR('',#593,1.2E-1);
#595=CARTESIAN_POINT('',(-1.85E0,2.2E-1,1.11E0));
#596=LINE('',#595,#594);
#597=DIRECTION('',(1.E0,0.E0,0.E0));
#598=VECTOR('',#597,1.E-1);
#599=CARTESIAN_POINT('',(-1.95E0,2.2E-1,1.11E0));
#600=LINE('',#599,#598);
#601=DIRECTION('',(0.E0,0.E0,-1.E0));
#602=VECTOR('',#601,1.2E-1);
#603=CARTESIAN_POINT('',(2.38E0,2.2E-1,-9.9E-1));
#604=LINE('',#603,#602);
#605=DIRECTION('',(0.E0,-1.E0,0.E0));
#606=VECTOR('',#605,2.6E-1);
#607=CARTESIAN_POINT('',(2.38E0,4.8E-1,-1.11E0));
#608=LINE('',#607,#606);
#609=DIRECTION('',(0.E0,0.E0,1.E0));
#610=VECTOR('',#609,2.3E-1);
#611=CARTESIAN_POINT('',(2.38E0,1.2E-1,-1.22E0));
#612=LINE('',#611,#610);
#613=DIRECTION('',(-1.E0,0.E0,0.E0));
#614=VECTOR('',#613,4.3E-1);
#615=CARTESIAN_POINT('',(2.38E0,1.2E-1,-9.9E-1));
#616=LINE('',#615,#614);
#617=DIRECTION('',(0.E0,0.E0,1.E0));
#618=VECTOR('',#617,2.3E-1);
#619=CARTESIAN_POINT('',(1.95E0,1.2E-1,-1.22E0));
#620=LINE('',#619,#618);
#621=DIRECTION('',(0.E0,0.E0,1.E0));
#622=VECTOR('',#621,2.3E-1);
#623=CARTESIAN_POINT('',(-1.95E0,1.2E-1,-1.22E0));
#624=LINE('',#623,#622);
#625=DIRECTION('',(-1.E0,0.E0,0.E0));
#626=VECTOR('',#625,4.3E-1);
#627=CARTESIAN_POINT('',(-1.95E0,1.2E-1,-9.9E-1));
#628=LINE('',#627,#626);
#629=DIRECTION('',(0.E0,0.E0,1.E0));
#630=VECTOR('',#629,2.3E-1);
#631=CARTESIAN_POINT('',(-2.38E0,1.2E-1,-1.22E0));
#632=LINE('',#631,#630);
#633=DIRECTION('',(0.E0,0.E0,-1.E0));
#634=VECTOR('',#633,8.E-2);
#635=CARTESIAN_POINT('',(1.47E0,1.2E-1,-9.5E-1));
#636=LINE('',#635,#634);
#637=DIRECTION('',(1.E0,0.E0,0.E0));
#638=VECTOR('',#637,1.4E-1);
#639=CARTESIAN_POINT('',(1.33E0,1.2E-1,-9.5E-1));
#640=LINE('',#639,#638);
#641=DIRECTION('',(0.E0,0.E0,1.E0));
#642=VECTOR('',#641,8.E-2);
#643=CARTESIAN_POINT('',(1.33E0,1.2E-1,-1.03E0));
#644=LINE('',#643,#642);
#645=DIRECTION('',(1.E0,0.E0,0.E0));
#646=VECTOR('',#645,1.4E-1);
#647=CARTESIAN_POINT('',(1.33E0,1.2E-1,-1.03E0));
#648=LINE('',#647,#646);
#649=DIRECTION('',(0.E0,0.E0,1.E0));
#650=VECTOR('',#649,2.3E-1);
#651=CARTESIAN_POINT('',(1.95E0,1.2E-1,9.9E-1));
#652=LINE('',#651,#650);
#653=DIRECTION('',(1.E0,0.E0,0.E0));
#654=VECTOR('',#653,4.3E-1);
#655=CARTESIAN_POINT('',(1.95E0,1.2E-1,9.9E-1));
#656=LINE('',#655,#654);
#657=DIRECTION('',(0.E0,0.E0,1.E0));
#658=VECTOR('',#657,2.3E-1);
#659=CARTESIAN_POINT('',(2.38E0,1.2E-1,9.9E-1));
#660=LINE('',#659,#658);
#661=DIRECTION('',(-1.E0,0.E0,0.E0));
#662=VECTOR('',#661,5.5E0);
#663=CARTESIAN_POINT('',(2.75E0,1.2E-1,9.E-1));
#664=LINE('',#663,#662);
#665=DIRECTION('',(0.E0,0.E0,1.E0));
#666=VECTOR('',#665,2.3E-1);
#667=CARTESIAN_POINT('',(-2.38E0,1.2E-1,9.9E-1));
#668=LINE('',#667,#666);
#669=DIRECTION('',(1.E0,0.E0,0.E0));
#670=VECTOR('',#669,4.3E-1);
#671=CARTESIAN_POINT('',(-2.38E0,1.2E-1,9.9E-1));
#672=LINE('',#671,#670);
#673=DIRECTION('',(0.E0,0.E0,1.E0));
#674=VECTOR('',#673,2.3E-1);
#675=CARTESIAN_POINT('',(-1.95E0,1.2E-1,9.9E-1));
#676=LINE('',#675,#674);
#677=DIRECTION('',(1.E0,0.E0,0.E0));
#678=VECTOR('',#677,1.4E-1);
#679=CARTESIAN_POINT('',(1.33E0,1.2E-1,9.5E-1));
#680=LINE('',#679,#678);
#681=DIRECTION('',(0.E0,0.E0,-1.E0));
#682=VECTOR('',#681,8.E-2);
#683=CARTESIAN_POINT('',(1.47E0,1.2E-1,1.03E0));
#684=LINE('',#683,#682);
#685=DIRECTION('',(1.E0,0.E0,0.E0));
#686=VECTOR('',#685,1.4E-1);
#687=CARTESIAN_POINT('',(1.33E0,1.2E-1,1.03E0));
#688=LINE('',#687,#686);
#689=DIRECTION('',(0.E0,0.E0,1.E0));
#690=VECTOR('',#689,8.E-2);
#691=CARTESIAN_POINT('',(1.33E0,1.2E-1,9.5E-1));
#692=LINE('',#691,#690);
#693=DIRECTION('',(1.E0,0.E0,0.E0));
#694=VECTOR('',#693,1.4E-1);
#695=CARTESIAN_POINT('',(9.3E-1,1.2E-1,9.5E-1));
#696=LINE('',#695,#694);
#697=DIRECTION('',(0.E0,0.E0,-1.E0));
#698=VECTOR('',#697,8.E-2);
#699=CARTESIAN_POINT('',(1.07E0,1.2E-1,1.03E0));
#700=LINE('',#699,#698);
#701=DIRECTION('',(1.E0,0.E0,0.E0));
#702=VECTOR('',#701,1.4E-1);
#703=CARTESIAN_POINT('',(9.3E-1,1.2E-1,1.03E0));
#704=LINE('',#703,#702);
#705=DIRECTION('',(0.E0,0.E0,1.E0));
#706=VECTOR('',#705,8.E-2);
#707=CARTESIAN_POINT('',(9.3E-1,1.2E-1,9.5E-1));
#708=LINE('',#707,#706);
#709=DIRECTION('',(1.E0,0.E0,0.E0));
#710=VECTOR('',#709,1.4E-1);
#711=CARTESIAN_POINT('',(9.3E-1,1.2E-1,-1.03E0));
#712=LINE('',#711,#710);
#713=DIRECTION('',(0.E0,0.E0,-1.E0));
#714=VECTOR('',#713,8.E-2);
#715=CARTESIAN_POINT('',(1.07E0,1.2E-1,-9.5E-1));
#716=LINE('',#715,#714);
#717=DIRECTION('',(1.E0,0.E0,0.E0));
#718=VECTOR('',#717,1.4E-1);
#719=CARTESIAN_POINT('',(9.3E-1,1.2E-1,-9.5E-1));
#720=LINE('',#719,#718);
#721=DIRECTION('',(0.E0,0.E0,1.E0));
#722=VECTOR('',#721,8.E-2);
#723=CARTESIAN_POINT('',(9.3E-1,1.2E-1,-1.03E0));
#724=LINE('',#723,#722);
#725=DIRECTION('',(1.E0,0.E0,0.E0));
#726=VECTOR('',#725,1.4E-1);
#727=CARTESIAN_POINT('',(5.3E-1,1.2E-1,9.5E-1));
#728=LINE('',#727,#726);
#729=DIRECTION('',(0.E0,0.E0,-1.E0));
#730=VECTOR('',#729,8.E-2);
#731=CARTESIAN_POINT('',(6.7E-1,1.2E-1,1.03E0));
#732=LINE('',#731,#730);
#733=DIRECTION('',(1.E0,0.E0,0.E0));
#734=VECTOR('',#733,1.4E-1);
#735=CARTESIAN_POINT('',(5.3E-1,1.2E-1,1.03E0));
#736=LINE('',#735,#734);
#737=DIRECTION('',(0.E0,0.E0,1.E0));
#738=VECTOR('',#737,8.E-2);
#739=CARTESIAN_POINT('',(5.3E-1,1.2E-1,9.5E-1));
#740=LINE('',#739,#738);
#741=DIRECTION('',(1.E0,0.E0,0.E0));
#742=VECTOR('',#741,1.4E-1);
#743=CARTESIAN_POINT('',(5.3E-1,1.2E-1,-1.03E0));
#744=LINE('',#743,#742);
#745=DIRECTION('',(0.E0,0.E0,-1.E0));
#746=VECTOR('',#745,8.E-2);
#747=CARTESIAN_POINT('',(6.7E-1,1.2E-1,-9.5E-1));
#748=LINE('',#747,#746);
#749=DIRECTION('',(1.E0,0.E0,0.E0));
#750=VECTOR('',#749,1.4E-1);
#751=CARTESIAN_POINT('',(5.3E-1,1.2E-1,-9.5E-1));
#752=LINE('',#751,#750);
#753=DIRECTION('',(0.E0,0.E0,1.E0));
#754=VECTOR('',#753,8.E-2);
#755=CARTESIAN_POINT('',(5.3E-1,1.2E-1,-1.03E0));
#756=LINE('',#755,#754);
#757=DIRECTION('',(1.E0,0.E0,0.E0));
#758=VECTOR('',#757,1.4E-1);
#759=CARTESIAN_POINT('',(1.3E-1,1.2E-1,9.5E-1));
#760=LINE('',#759,#758);
#761=DIRECTION('',(0.E0,0.E0,-1.E0));
#762=VECTOR('',#761,8.E-2);
#763=CARTESIAN_POINT('',(2.7E-1,1.2E-1,1.03E0));
#764=LINE('',#763,#762);
#765=DIRECTION('',(1.E0,0.E0,0.E0));
#766=VECTOR('',#765,1.4E-1);
#767=CARTESIAN_POINT('',(1.3E-1,1.2E-1,1.03E0));
#768=LINE('',#767,#766);
#769=DIRECTION('',(0.E0,0.E0,1.E0));
#770=VECTOR('',#769,8.E-2);
#771=CARTESIAN_POINT('',(1.3E-1,1.2E-1,9.5E-1));
#772=LINE('',#771,#770);
#773=DIRECTION('',(1.E0,0.E0,0.E0));
#774=VECTOR('',#773,1.4E-1);
#775=CARTESIAN_POINT('',(1.3E-1,1.2E-1,-1.03E0));
#776=LINE('',#775,#774);
#777=DIRECTION('',(0.E0,0.E0,-1.E0));
#778=VECTOR('',#777,8.E-2);
#779=CARTESIAN_POINT('',(2.7E-1,1.2E-1,-9.5E-1));
#780=LINE('',#779,#778);
#781=DIRECTION('',(1.E0,0.E0,0.E0));
#782=VECTOR('',#781,1.4E-1);
#783=CARTESIAN_POINT('',(1.3E-1,1.2E-1,-9.5E-1));
#784=LINE('',#783,#782);
#785=DIRECTION('',(0.E0,0.E0,1.E0));
#786=VECTOR('',#785,8.E-2);
#787=CARTESIAN_POINT('',(1.3E-1,1.2E-1,-1.03E0));
#788=LINE('',#787,#786);
#789=DIRECTION('',(1.E0,0.E0,0.E0));
#790=VECTOR('',#789,1.4E-1);
#791=CARTESIAN_POINT('',(-2.7E-1,1.2E-1,9.5E-1));
#792=LINE('',#791,#790);
#793=DIRECTION('',(0.E0,0.E0,-1.E0));
#794=VECTOR('',#793,8.E-2);
#795=CARTESIAN_POINT('',(-1.3E-1,1.2E-1,1.03E0));
#796=LINE('',#795,#794);
#797=DIRECTION('',(1.E0,0.E0,0.E0));
#798=VECTOR('',#797,1.4E-1);
#799=CARTESIAN_POINT('',(-2.7E-1,1.2E-1,1.03E0));
#800=LINE('',#799,#798);
#801=DIRECTION('',(0.E0,0.E0,1.E0));
#802=VECTOR('',#801,8.E-2);
#803=CARTESIAN_POINT('',(-2.7E-1,1.2E-1,9.5E-1));
#804=LINE('',#803,#802);
#805=DIRECTION('',(1.E0,0.E0,0.E0));
#806=VECTOR('',#805,1.4E-1);
#807=CARTESIAN_POINT('',(-2.7E-1,1.2E-1,-1.03E0));
#808=LINE('',#807,#806);
#809=DIRECTION('',(0.E0,0.E0,-1.E0));
#810=VECTOR('',#809,8.E-2);
#811=CARTESIAN_POINT('',(-1.3E-1,1.2E-1,-9.5E-1));
#812=LINE('',#811,#810);
#813=DIRECTION('',(1.E0,0.E0,0.E0));
#814=VECTOR('',#813,1.4E-1);
#815=CARTESIAN_POINT('',(-2.7E-1,1.2E-1,-9.5E-1));
#816=LINE('',#815,#814);
#817=DIRECTION('',(0.E0,0.E0,1.E0));
#818=VECTOR('',#817,8.E-2);
#819=CARTESIAN_POINT('',(-2.7E-1,1.2E-1,-1.03E0));
#820=LINE('',#819,#818);
#821=DIRECTION('',(1.E0,0.E0,0.E0));
#822=VECTOR('',#821,1.4E-1);
#823=CARTESIAN_POINT('',(-6.7E-1,1.2E-1,9.5E-1));
#824=LINE('',#823,#822);
#825=DIRECTION('',(0.E0,0.E0,-1.E0));
#826=VECTOR('',#825,8.E-2);
#827=CARTESIAN_POINT('',(-5.3E-1,1.2E-1,1.03E0));
#828=LINE('',#827,#826);
#829=DIRECTION('',(1.E0,0.E0,0.E0));
#830=VECTOR('',#829,1.4E-1);
#831=CARTESIAN_POINT('',(-6.7E-1,1.2E-1,1.03E0));
#832=LINE('',#831,#830);
#833=DIRECTION('',(0.E0,0.E0,1.E0));
#834=VECTOR('',#833,8.E-2);
#835=CARTESIAN_POINT('',(-6.7E-1,1.2E-1,9.5E-1));
#836=LINE('',#835,#834);
#837=DIRECTION('',(1.E0,0.E0,0.E0));
#838=VECTOR('',#837,1.4E-1);
#839=CARTESIAN_POINT('',(-6.7E-1,1.2E-1,-1.03E0));
#840=LINE('',#839,#838);
#841=DIRECTION('',(0.E0,0.E0,-1.E0));
#842=VECTOR('',#841,8.E-2);
#843=CARTESIAN_POINT('',(-5.3E-1,1.2E-1,-9.5E-1));
#844=LINE('',#843,#842);
#845=DIRECTION('',(1.E0,0.E0,0.E0));
#846=VECTOR('',#845,1.4E-1);
#847=CARTESIAN_POINT('',(-6.7E-1,1.2E-1,-9.5E-1));
#848=LINE('',#847,#846);
#849=DIRECTION('',(0.E0,0.E0,1.E0));
#850=VECTOR('',#849,8.E-2);
#851=CARTESIAN_POINT('',(-6.7E-1,1.2E-1,-1.03E0));
#852=LINE('',#851,#850);
#853=DIRECTION('',(1.E0,0.E0,0.E0));
#854=VECTOR('',#853,1.4E-1);
#855=CARTESIAN_POINT('',(-1.07E0,1.2E-1,9.5E-1));
#856=LINE('',#855,#854);
#857=DIRECTION('',(0.E0,0.E0,-1.E0));
#858=VECTOR('',#857,8.E-2);
#859=CARTESIAN_POINT('',(-9.3E-1,1.2E-1,1.03E0));
#860=LINE('',#859,#858);
#861=DIRECTION('',(1.E0,0.E0,0.E0));
#862=VECTOR('',#861,1.4E-1);
#863=CARTESIAN_POINT('',(-1.07E0,1.2E-1,1.03E0));
#864=LINE('',#863,#862);
#865=DIRECTION('',(0.E0,0.E0,1.E0));
#866=VECTOR('',#865,8.E-2);
#867=CARTESIAN_POINT('',(-1.07E0,1.2E-1,9.5E-1));
#868=LINE('',#867,#866);
#869=DIRECTION('',(1.E0,0.E0,0.E0));
#870=VECTOR('',#869,1.4E-1);
#871=CARTESIAN_POINT('',(-1.07E0,1.2E-1,-1.03E0));
#872=LINE('',#871,#870);
#873=DIRECTION('',(0.E0,0.E0,-1.E0));
#874=VECTOR('',#873,8.E-2);
#875=CARTESIAN_POINT('',(-9.3E-1,1.2E-1,-9.5E-1));
#876=LINE('',#875,#874);
#877=DIRECTION('',(1.E0,0.E0,0.E0));
#878=VECTOR('',#877,1.4E-1);
#879=CARTESIAN_POINT('',(-1.07E0,1.2E-1,-9.5E-1));
#880=LINE('',#879,#878);
#881=DIRECTION('',(0.E0,0.E0,1.E0));
#882=VECTOR('',#881,8.E-2);
#883=CARTESIAN_POINT('',(-1.07E0,1.2E-1,-1.03E0));
#884=LINE('',#883,#882);
#885=DIRECTION('',(1.E0,0.E0,0.E0));
#886=VECTOR('',#885,1.4E-1);
#887=CARTESIAN_POINT('',(-1.47E0,1.2E-1,9.5E-1));
#888=LINE('',#887,#886);
#889=DIRECTION('',(0.E0,0.E0,-1.E0));
#890=VECTOR('',#889,8.E-2);
#891=CARTESIAN_POINT('',(-1.33E0,1.2E-1,1.03E0));
#892=LINE('',#891,#890);
#893=DIRECTION('',(1.E0,0.E0,0.E0));
#894=VECTOR('',#893,1.4E-1);
#895=CARTESIAN_POINT('',(-1.47E0,1.2E-1,1.03E0));
#896=LINE('',#895,#894);
#897=DIRECTION('',(0.E0,0.E0,1.E0));
#898=VECTOR('',#897,8.E-2);
#899=CARTESIAN_POINT('',(-1.47E0,1.2E-1,9.5E-1));
#900=LINE('',#899,#898);
#901=DIRECTION('',(1.E0,0.E0,0.E0));
#902=VECTOR('',#901,1.4E-1);
#903=CARTESIAN_POINT('',(-1.47E0,1.2E-1,-1.03E0));
#904=LINE('',#903,#902);
#905=DIRECTION('',(0.E0,0.E0,-1.E0));
#906=VECTOR('',#905,8.E-2);
#907=CARTESIAN_POINT('',(-1.33E0,1.2E-1,-9.5E-1));
#908=LINE('',#907,#906);
#909=DIRECTION('',(1.E0,0.E0,0.E0));
#910=VECTOR('',#909,1.4E-1);
#911=CARTESIAN_POINT('',(-1.47E0,1.2E-1,-9.5E-1));
#912=LINE('',#911,#910);
#913=DIRECTION('',(0.E0,0.E0,1.E0));
#914=VECTOR('',#913,8.E-2);
#915=CARTESIAN_POINT('',(-1.47E0,1.2E-1,-1.03E0));
#916=LINE('',#915,#914);
#917=DIRECTION('',(0.E0,0.E0,-1.E0));
#918=VECTOR('',#917,1.2E-1);
#919=CARTESIAN_POINT('',(1.95E0,2.2E-1,-9.9E-1));
#920=LINE('',#919,#918);
#921=DIRECTION('',(0.E0,-1.E0,0.E0));
#922=VECTOR('',#921,2.6E-1);
#923=CARTESIAN_POINT('',(1.95E0,4.8E-1,-1.11E0));
#924=LINE('',#923,#922);
#925=DIRECTION('',(0.E0,0.E0,-1.E0));
#926=VECTOR('',#925,1.1E-1);
#927=CARTESIAN_POINT('',(1.95E0,4.8E-1,-1.11E0));
#928=LINE('',#927,#926);
#929=DIRECTION('',(0.E0,1.E0,0.E0));
#930=VECTOR('',#929,1.E-1);
#931=CARTESIAN_POINT('',(1.95E0,1.2E-1,-9.9E-1));
#932=LINE('',#931,#930);
#933=DIRECTION('',(0.E0,-1.E0,0.E0));
#934=VECTOR('',#933,2.6E-1);
#935=CARTESIAN_POINT('',(2.43E0,4.8E-1,-1.11E0));
#936=LINE('',#935,#934);
#937=DIRECTION('',(0.E0,1.E0,0.E0));
#938=VECTOR('',#937,3.6E-1);
#939=CARTESIAN_POINT('',(2.38E0,1.2E-1,-1.22E0));
#940=LINE('',#939,#938);
#941=DIRECTION('',(-1.E0,0.E0,0.E0));
#942=VECTOR('',#941,3.7E-1);
#943=CARTESIAN_POINT('',(2.75E0,1.2E-1,-1.22E0));
#944=LINE('',#943,#942);
#945=DIRECTION('',(0.E0,1.E0,0.E0));
#946=VECTOR('',#945,3.6E-1);
#947=CARTESIAN_POINT('',(2.75E0,1.2E-1,-1.22E0));
#948=LINE('',#947,#946);
#949=DIRECTION('',(-1.E0,0.E0,0.E0));
#950=VECTOR('',#949,3.7E-1);
#951=CARTESIAN_POINT('',(2.75E0,4.8E-1,-1.22E0));
#952=LINE('',#951,#950);
#953=DIRECTION('',(0.E0,1.E0,0.E0));
#954=VECTOR('',#953,3.6E-1);
#955=CARTESIAN_POINT('',(-2.38E0,1.2E-1,-1.22E0));
#956=LINE('',#955,#954);
#957=DIRECTION('',(1.E0,0.E0,0.E0));
#958=VECTOR('',#957,3.7E-1);
#959=CARTESIAN_POINT('',(-2.75E0,4.8E-1,-1.22E0));
#960=LINE('',#959,#958);
#961=DIRECTION('',(-1.E0,0.E0,0.E0));
#962=VECTOR('',#961,3.7E-1);
#963=CARTESIAN_POINT('',(-2.38E0,1.2E-1,-1.22E0));
#964=LINE('',#963,#962);
#965=DIRECTION('',(1.E0,0.E0,0.E0));
#966=VECTOR('',#965,2.25E-1);
#967=CARTESIAN_POINT('',(-1.95E0,4.8E-1,-1.22E0));
#968=LINE('',#967,#966);
#969=DIRECTION('',(0.E0,1.E0,0.E0));
#970=VECTOR('',#969,3.6E-1);
#971=CARTESIAN_POINT('',(-1.95E0,1.2E-1,-1.22E0));
#972=LINE('',#971,#970);
#973=DIRECTION('',(-1.E0,0.E0,0.E0));
#974=VECTOR('',#973,3.9E0);
#975=CARTESIAN_POINT('',(1.95E0,1.2E-1,-1.22E0));
#976=LINE('',#975,#974);
#977=DIRECTION('',(0.E0,1.E0,0.E0));
#978=VECTOR('',#977,3.6E-1);
#979=CARTESIAN_POINT('',(1.95E0,1.2E-1,-1.22E0));
#980=LINE('',#979,#978);
#981=DIRECTION('',(1.E0,0.E0,0.E0));
#982=VECTOR('',#981,2.25E-1);
#983=CARTESIAN_POINT('',(1.725E0,4.8E-1,-1.22E0));
#984=LINE('',#983,#982);
#985=DIRECTION('',(0.E0,0.E0,1.E0));
#986=VECTOR('',#985,3.2E-1);
#987=CARTESIAN_POINT('',(2.75E0,1.2E-1,-1.22E0));
#988=LINE('',#987,#986);
#989=DIRECTION('',(0.E0,-9.230769230769E-1,3.846153846154E-1));
#990=VECTOR('',#989,7.583333333333E-2);
#991=CARTESIAN_POINT('',(2.75E0,1.2E-1,-9.E-1));
#992=LINE('',#991,#990);
#993=DIRECTION('',(0.E0,0.E0,-1.E0));
#994=VECTOR('',#993,4.708333333333E-1);
#995=CARTESIAN_POINT('',(2.75E0,5.E-2,-4.E-1));
#996=LINE('',#995,#994);
#997=DIRECTION('',(0.E0,1.E0,0.E0));
#998=VECTOR('',#997,4.3E-1);
#999=CARTESIAN_POINT('',(2.75E0,5.E-2,-4.E-1));
#1000=LINE('',#999,#998);
#1001=DIRECTION('',(0.E0,1.E0,0.E0));
#1002=VECTOR('',#1001,4.3E-1);
#1003=CARTESIAN_POINT('',(2.75E0,5.E-2,4.E-1));
#1004=LINE('',#1003,#1002);
#1005=DIRECTION('',(0.E0,0.E0,-1.E0));
#1006=VECTOR('',#1005,4.708333333333E-1);
#1007=CARTESIAN_POINT('',(2.75E0,5.E-2,8.708333333333E-1));
#1008=LINE('',#1007,#1006);
#1009=DIRECTION('',(0.E0,9.230769230769E-1,3.846153846154E-1));
#1010=VECTOR('',#1009,7.583333333333E-2);
#1011=CARTESIAN_POINT('',(2.75E0,5.E-2,8.708333333333E-1));
#1012=LINE('',#1011,#1010);
#1013=DIRECTION('',(0.E0,0.E0,-1.E0));
#1014=VECTOR('',#1013,3.2E-1);
#1015=CARTESIAN_POINT('',(2.75E0,1.2E-1,1.22E0));
#1016=LINE('',#1015,#1014);
#1017=DIRECTION('',(0.E0,1.E0,0.E0));
#1018=VECTOR('',#1017,3.6E-1);
#1019=CARTESIAN_POINT('',(2.75E0,1.2E-1,1.22E0));
#1020=LINE('',#1019,#1018);
#1021=DIRECTION('',(-1.E0,0.E0,0.E0));
#1022=VECTOR('',#1021,1.E-1);
#1023=CARTESIAN_POINT('',(2.75E0,5.E-2,-8.708333333333E-1));
#1024=LINE('',#1023,#1022);
#1025=DIRECTION('',(-1.E0,0.E0,0.E0));
#1026=VECTOR('',#1025,5.5E0);
#1027=CARTESIAN_POINT('',(2.75E0,1.2E-1,-9.E-1));
#1028=LINE('',#1027,#1026);
#1029=DIRECTION('',(1.E0,0.E0,0.E0));
#1030=VECTOR('',#1029,1.E-1);
#1031=CARTESIAN_POINT('',(-2.75E0,5.E-2,-8.708333333333E-1));
#1032=LINE('',#1031,#1030);
#1033=DIRECTION('',(-6.782801027331E-1,6.782801027331E-1,-2.826167094721E-1));
#1034=VECTOR('',#1033,7.371585838731E-2);
#1035=CARTESIAN_POINT('',(-2.6E0,0.E0,-8.5E-1));
#1036=LINE('',#1035,#1034);
#1037=DIRECTION('',(-6.782801027331E-1,-6.782801027331E-1,2.826167094721E-1));
#1038=VECTOR('',#1037,7.371585838731E-2);
#1039=CARTESIAN_POINT('',(2.65E0,5.E-2,-8.708333333333E-1));
#1040=LINE('',#1039,#1038);
#1041=DIRECTION('',(0.E0,0.E0,-1.E0));
#1042=VECTOR('',#1041,3.2E-1);
#1043=CARTESIAN_POINT('',(-2.75E0,1.2E-1,1.22E0));
#1044=LINE('',#1043,#1042);
#1045=DIRECTION('',(0.E0,9.230769230769E-1,3.846153846154E-1));
#1046=VECTOR('',#1045,7.583333333333E-2);
#1047=CARTESIAN_POINT('',(-2.75E0,5.E-2,8.708333333333E-1));
#1048=LINE('',#1047,#1046);
#1049=DIRECTION('',(0.E0,0.E0,1.E0));
#1050=VECTOR('',#1049,4.708333333333E-1);
#1051=CARTESIAN_POINT('',(-2.75E0,5.E-2,4.E-1));
#1052=LINE('',#1051,#1050);
#1053=DIRECTION('',(0.E0,1.E0,0.E0));
#1054=VECTOR('',#1053,4.3E-1);
#1055=CARTESIAN_POINT('',(-2.75E0,5.E-2,4.E-1));
#1056=LINE('',#1055,#1054);
#1057=DIRECTION('',(0.E0,1.E0,0.E0));
#1058=VECTOR('',#1057,4.3E-1);
#1059=CARTESIAN_POINT('',(-2.75E0,5.E-2,-4.E-1));
#1060=LINE('',#1059,#1058);
#1061=DIRECTION('',(0.E0,0.E0,1.E0));
#1062=VECTOR('',#1061,4.708333333333E-1);
#1063=CARTESIAN_POINT('',(-2.75E0,5.E-2,-8.708333333333E-1));
#1064=LINE('',#1063,#1062);
#1065=DIRECTION('',(0.E0,-9.230769230769E-1,3.846153846154E-1));
#1066=VECTOR('',#1065,7.583333333333E-2);
#1067=CARTESIAN_POINT('',(-2.75E0,1.2E-1,-9.E-1));
#1068=LINE('',#1067,#1066);
#1069=DIRECTION('',(0.E0,0.E0,1.E0));
#1070=VECTOR('',#1069,3.2E-1);
#1071=CARTESIAN_POINT('',(-2.75E0,1.2E-1,-1.22E0));
#1072=LINE('',#1071,#1070);
#1073=DIRECTION('',(0.E0,1.E0,0.E0));
#1074=VECTOR('',#1073,3.6E-1);
#1075=CARTESIAN_POINT('',(-2.75E0,1.2E-1,-1.22E0));
#1076=LINE('',#1075,#1074);
#1077=DIRECTION('',(1.E0,0.E0,0.E0));
#1078=VECTOR('',#1077,4.E-2);
#1079=CARTESIAN_POINT('',(-2.75E0,5.E-2,-4.E-1));
#1080=LINE('',#1079,#1078);
#1081=DIRECTION('',(0.E0,0.E0,-1.E0));
#1082=VECTOR('',#1081,8.E-1);
#1083=CARTESIAN_POINT('',(-2.71E0,5.E-2,4.E-1));
#1084=LINE('',#1083,#1082);
#1085=DIRECTION('',(1.E0,0.E0,0.E0));
#1086=VECTOR('',#1085,4.E-2);
#1087=CARTESIAN_POINT('',(-2.75E0,5.E-2,4.E-1));
#1088=LINE('',#1087,#1086);
#1089=DIRECTION('',(0.E0,0.E0,-1.E0));
#1090=VECTOR('',#1089,1.741666666667E0);
#1091=CARTESIAN_POINT('',(-2.65E0,5.E-2,8.708333333333E-1));
#1092=LINE('',#1091,#1090);
#1093=DIRECTION('',(0.E0,-1.E0,0.E0));
#1094=VECTOR('',#1093,4.3E-1);
#1095=CARTESIAN_POINT('',(-2.71E0,4.8E-1,-4.E-1));
#1096=LINE('',#1095,#1094);
#1097=DIRECTION('',(0.E0,-1.E0,0.E0));
#1098=VECTOR('',#1097,4.3E-1);
#1099=CARTESIAN_POINT('',(-2.71E0,4.8E-1,4.E-1));
#1100=LINE('',#1099,#1098);
#1101=DIRECTION('',(0.E0,-1.E0,0.E0));
#1102=VECTOR('',#1101,4.3E-1);
#1103=CARTESIAN_POINT('',(2.71E0,4.8E-1,4.E-1));
#1104=LINE('',#1103,#1102);
#1105=DIRECTION('',(0.E0,0.E0,-1.E0));
#1106=VECTOR('',#1105,1.2E-1);
#1107=CARTESIAN_POINT('',(-2.38E0,2.2E-1,-9.9E-1));
#1108=LINE('',#1107,#1106);
#1109=DIRECTION('',(0.E0,-1.E0,0.E0));
#1110=VECTOR('',#1109,2.6E-1);
#1111=CARTESIAN_POINT('',(-2.38E0,4.8E-1,-1.11E0));
#1112=LINE('',#1111,#1110);
#1113=DIRECTION('',(0.E0,1.E0,0.E0));
#1114=VECTOR('',#1113,1.E-1);
#1115=CARTESIAN_POINT('',(-2.38E0,1.2E-1,-9.9E-1));
#1116=LINE('',#1115,#1114);
#1117=DIRECTION('',(0.E0,-1.E0,0.E0));
#1118=VECTOR('',#1117,2.6E-1);
#1119=CARTESIAN_POINT('',(-1.85E0,4.8E-1,-1.11E0));
#1120=LINE('',#1119,#1118);
#1121=DIRECTION('',(0.E0,1.E0,0.E0));
#1122=VECTOR('',#1121,2.4E-1);
#1123=CARTESIAN_POINT('',(-2.43E0,2.4E-1,-1.1E0));
#1124=LINE('',#1123,#1122);
#1125=DIRECTION('',(4.440892098501E-14,0.E0,-1.E0));
#1126=VECTOR('',#1125,1.E-2);
#1127=CARTESIAN_POINT('',(-2.43E0,4.8E-1,-1.1E0));
#1128=LINE('',#1127,#1126);
#1129=DIRECTION('',(0.E0,-1.E0,0.E0));
#1130=VECTOR('',#1129,2.6E-1);
#1131=CARTESIAN_POINT('',(-2.43E0,4.8E-1,-1.11E0));
#1132=LINE('',#1131,#1130);
#1133=DIRECTION('',(0.E0,0.E0,-1.E0));
#1134=VECTOR('',#1133,5.E-2);
#1135=CARTESIAN_POINT('',(-2.43E0,4.8E-1,-9.5E-1));
#1136=LINE('',#1135,#1134);
#1137=DIRECTION('',(0.E0,1.E0,0.E0));
#1138=VECTOR('',#1137,2.4E-1);
#1139=CARTESIAN_POINT('',(-2.43E0,2.4E-1,-1.E0));
#1140=LINE('',#1139,#1138);
#1141=DIRECTION('',(0.E0,0.E0,-1.E0));
#1142=VECTOR('',#1141,1.E-1);
#1143=CARTESIAN_POINT('',(-2.43E0,2.4E-1,-1.E0));
#1144=LINE('',#1143,#1142);
#1145=DIRECTION('',(0.E0,-1.E0,0.E0));
#1146=VECTOR('',#1145,1.1E-1);
#1147=CARTESIAN_POINT('',(-2.295E0,2.4E-1,-1.1E0));
#1148=LINE('',#1147,#1146);
#1149=DIRECTION('',(1.E0,0.E0,0.E0));
#1150=VECTOR('',#1149,3.E-1);
#1151=CARTESIAN_POINT('',(-2.295E0,1.3E-1,-1.1E0));
#1152=LINE('',#1151,#1150);
#1153=DIRECTION('',(1.E0,0.E0,0.E0));
#1154=VECTOR('',#1153,1.45E-1);
#1155=CARTESIAN_POINT('',(-1.995E0,2.4E-1,-1.1E0));
#1156=LINE('',#1155,#1154);
#1157=DIRECTION('',(-1.E0,0.E0,0.E0));
#1158=VECTOR('',#1157,2.7E-1);
#1159=CARTESIAN_POINT('',(-1.85E0,4.5E-1,-1.1E0));
#1160=LINE('',#1159,#1158);
#1161=DIRECTION('',(0.E0,-1.E0,0.E0));
#1162=VECTOR('',#1161,1.E-1);
#1163=CARTESIAN_POINT('',(-2.7E0,6.E-1,-1.1E0));
#1164=LINE('',#1163,#1162);
#1165=DIRECTION('',(-2.220446049250E-14,-1.E0,-1.110223024625E-14));
#1166=VECTOR('',#1165,2.E-2);
#1167=CARTESIAN_POINT('',(-2.43E0,5.E-1,-1.1E0));
#1168=LINE('',#1167,#1166);
#1169=DIRECTION('',(1.E0,0.E0,0.E0));
#1170=VECTOR('',#1169,1.35E-1);
#1171=CARTESIAN_POINT('',(-2.43E0,2.4E-1,-1.1E0));
#1172=LINE('',#1171,#1170);
#1173=DIRECTION('',(0.E0,0.E0,1.E0));
#1174=VECTOR('',#1173,1.E-1);
#1175=CARTESIAN_POINT('',(-2.295E0,2.4E-1,-1.1E0));
#1176=LINE('',#1175,#1174);
#1177=CARTESIAN_POINT('',(-2.295E0,1.3E-1,-1.15E0));
#1178=DIRECTION('',(1.E0,0.E0,0.E0));
#1179=DIRECTION('',(0.E0,0.E0,1.E0));
#1180=AXIS2_PLACEMENT_3D('',#1177,#1178,#1179);
#1182=DIRECTION('',(0.E0,0.E0,-1.E0));
#1183=VECTOR('',#1182,1.E-1);
#1184=CARTESIAN_POINT('',(-2.295E0,-2.E-2,-1.15E0));
#1185=LINE('',#1184,#1183);
#1186=DIRECTION('',(0.E0,1.E0,0.E0));
#1187=VECTOR('',#1186,1.E-1);
#1188=CARTESIAN_POINT('',(-2.295E0,-2.E-2,-1.25E0));
#1189=LINE('',#1188,#1187);
#1190=DIRECTION('',(0.E0,0.E0,1.E0));
#1191=VECTOR('',#1190,1.E-1);
#1192=CARTESIAN_POINT('',(-2.295E0,8.E-2,-1.25E0));
#1193=LINE('',#1192,#1191);
#1194=CARTESIAN_POINT('',(-2.295E0,1.3E-1,-1.15E0));
#1195=DIRECTION('',(-1.E0,0.E0,0.E0));
#1196=DIRECTION('',(0.E0,-1.E0,0.E0));
#1197=AXIS2_PLACEMENT_3D('',#1194,#1195,#1196);
#1199=CARTESIAN_POINT('',(-2.295E0,1.3E-1,1.15E0));
#1200=DIRECTION('',(-1.E0,0.E0,0.E0));
#1201=DIRECTION('',(0.E0,0.E0,-1.E0));
#1202=AXIS2_PLACEMENT_3D('',#1199,#1200,#1201);
#1204=DIRECTION('',(0.E0,0.E0,1.E0));
#1205=VECTOR('',#1204,1.E-1);
#1206=CARTESIAN_POINT('',(-2.295E0,8.E-2,1.15E0));
#1207=LINE('',#1206,#1205);
#1208=DIRECTION('',(0.E0,-1.E0,0.E0));
#1209=VECTOR('',#1208,1.E-1);
#1210=CARTESIAN_POINT('',(-2.295E0,8.E-2,1.25E0));
#1211=LINE('',#1210,#1209);
#1212=DIRECTION('',(0.E0,0.E0,-1.E0));
#1213=VECTOR('',#1212,1.E-1);
#1214=CARTESIAN_POINT('',(-2.295E0,-2.E-2,1.25E0));
#1215=LINE('',#1214,#1213);
#1216=CARTESIAN_POINT('',(-2.295E0,1.3E-1,1.15E0));
#1217=DIRECTION('',(1.E0,0.E0,0.E0));
#1218=DIRECTION('',(0.E0,-1.E0,0.E0));
#1219=AXIS2_PLACEMENT_3D('',#1216,#1217,#1218);
#1221=DIRECTION('',(0.E0,1.E0,0.E0));
#1222=VECTOR('',#1221,1.1E-1);
#1223=CARTESIAN_POINT('',(-2.295E0,1.3E-1,-1.E0));
#1224=LINE('',#1223,#1222);
#1225=DIRECTION('',(1.E0,0.E0,0.E0));
#1226=VECTOR('',#1225,1.35E-1);
#1227=CARTESIAN_POINT('',(-2.43E0,2.4E-1,-1.E0));
#1228=LINE('',#1227,#1226);
#1229=DIRECTION('',(-2.220446049250E-14,-1.E0,0.E0));
#1230=VECTOR('',#1229,2.E-2);
#1231=CARTESIAN_POINT('',(-2.43E0,5.E-1,-1.E0));
#1232=LINE('',#1231,#1230);
#1233=DIRECTION('',(0.E0,1.E0,0.E0));
#1234=VECTOR('',#1233,5.E-2);
#1235=CARTESIAN_POINT('',(-2.12E0,4.5E-1,-1.E0));
#1236=LINE('',#1235,#1234);
#1237=DIRECTION('',(-1.E0,0.E0,0.E0));
#1238=VECTOR('',#1237,2.7E-1);
#1239=CARTESIAN_POINT('',(-1.85E0,4.5E-1,-1.E0));
#1240=LINE('',#1239,#1238);
#1241=DIRECTION('',(1.E0,0.E0,0.E0));
#1242=VECTOR('',#1241,1.45E-1);
#1243=CARTESIAN_POINT('',(-1.995E0,2.4E-1,-1.E0));
#1244=LINE('',#1243,#1242);
#1245=DIRECTION('',(0.E0,1.E0,0.E0));
#1246=VECTOR('',#1245,1.1E-1);
#1247=CARTESIAN_POINT('',(-1.995E0,1.3E-1,-1.E0));
#1248=LINE('',#1247,#1246);
#1249=DIRECTION('',(0.E0,-1.E0,0.E0));
#1250=VECTOR('',#1249,1.1E-1);
#1251=CARTESIAN_POINT('',(-1.995E0,2.4E-1,-1.1E0));
#1252=LINE('',#1251,#1250);
#1253=CARTESIAN_POINT('',(-1.995E0,1.3E-1,-1.15E0));
#1254=DIRECTION('',(-1.E0,0.E0,0.E0));
#1255=DIRECTION('',(0.E0,-1.E0,0.E0));
#1256=AXIS2_PLACEMENT_3D('',#1253,#1254,#1255);
#1258=DIRECTION('',(0.E0,0.E0,1.E0));
#1259=VECTOR('',#1258,1.E-1);
#1260=CARTESIAN_POINT('',(-1.995E0,8.E-2,-1.25E0));
#1261=LINE('',#1260,#1259);
#1262=DIRECTION('',(0.E0,1.E0,0.E0));
#1263=VECTOR('',#1262,1.E-1);
#1264=CARTESIAN_POINT('',(-1.995E0,-2.E-2,-1.25E0));
#1265=LINE('',#1264,#1263);
#1266=DIRECTION('',(0.E0,0.E0,-1.E0));
#1267=VECTOR('',#1266,1.E-1);
#1268=CARTESIAN_POINT('',(-1.995E0,-2.E-2,-1.15E0));
#1269=LINE('',#1268,#1267);
#1270=CARTESIAN_POINT('',(-1.995E0,1.3E-1,-1.15E0));
#1271=DIRECTION('',(1.E0,0.E0,0.E0));
#1272=DIRECTION('',(0.E0,0.E0,1.E0));
#1273=AXIS2_PLACEMENT_3D('',#1270,#1271,#1272);
#1275=DIRECTION('',(0.E0,-1.E0,0.E0));
#1276=VECTOR('',#1275,1.1E-1);
#1277=CARTESIAN_POINT('',(-1.995E0,2.4E-1,1.E0));
#1278=LINE('',#1277,#1276);
#1279=CARTESIAN_POINT('',(-1.995E0,1.3E-1,1.15E0));
#1280=DIRECTION('',(1.E0,0.E0,0.E0));
#1281=DIRECTION('',(0.E0,-1.E0,0.E0));
#1282=AXIS2_PLACEMENT_3D('',#1279,#1280,#1281);
#1284=DIRECTION('',(0.E0,0.E0,-1.E0));
#1285=VECTOR('',#1284,1.E-1);
#1286=CARTESIAN_POINT('',(-1.995E0,-2.E-2,1.25E0));
#1287=LINE('',#1286,#1285);
#1288=DIRECTION('',(0.E0,-1.E0,0.E0));
#1289=VECTOR('',#1288,1.E-1);
#1290=CARTESIAN_POINT('',(-1.995E0,8.E-2,1.25E0));
#1291=LINE('',#1290,#1289);
#1292=DIRECTION('',(0.E0,0.E0,1.E0));
#1293=VECTOR('',#1292,1.E-1);
#1294=CARTESIAN_POINT('',(-1.995E0,8.E-2,1.15E0));
#1295=LINE('',#1294,#1293);
#1296=CARTESIAN_POINT('',(-1.995E0,1.3E-1,1.15E0));
#1297=DIRECTION('',(-1.E0,0.E0,0.E0));
#1298=DIRECTION('',(0.E0,0.E0,-1.E0));
#1299=AXIS2_PLACEMENT_3D('',#1296,#1297,#1298);
#1301=DIRECTION('',(0.E0,1.E0,0.E0));
#1302=VECTOR('',#1301,1.1E-1);
#1303=CARTESIAN_POINT('',(-1.995E0,1.3E-1,1.1E0));
#1304=LINE('',#1303,#1302);
#1305=DIRECTION('',(0.E0,0.E0,-1.E0));
#1306=VECTOR('',#1305,1.E-1);
#1307=CARTESIAN_POINT('',(-1.995E0,2.4E-1,1.1E0));
#1308=LINE('',#1307,#1306);
#1309=DIRECTION('',(0.E0,0.E0,1.E0));
#1310=VECTOR('',#1309,1.E-1);
#1311=CARTESIAN_POINT('',(-1.995E0,2.4E-1,-1.1E0));
#1312=LINE('',#1311,#1310);
#1313=DIRECTION('',(0.E0,0.E0,1.E0));
#1314=VECTOR('',#1313,1.6E-1);
#1315=CARTESIAN_POINT('',(-1.85E0,4.8E-1,-1.11E0));
#1316=LINE('',#1315,#1314);
#1317=DIRECTION('',(0.E0,-1.E0,0.E0));
#1318=VECTOR('',#1317,1.6E-1);
#1319=CARTESIAN_POINT('',(-1.85E0,3.8E-1,-9.9E-1));
#1320=LINE('',#1319,#1318);
#1321=DIRECTION('',(0.E0,1.E0,0.E0));
#1322=VECTOR('',#1321,2.1E-1);
#1323=CARTESIAN_POINT('',(-1.85E0,2.4E-1,-1.1E0));
#1324=LINE('',#1323,#1322);
#1325=DIRECTION('',(0.E0,0.E0,-1.E0));
#1326=VECTOR('',#1325,1.E-1);
#1327=CARTESIAN_POINT('',(-1.85E0,2.4E-1,-1.E0));
#1328=LINE('',#1327,#1326);
#1329=DIRECTION('',(0.E0,1.E0,0.E0));
#1330=VECTOR('',#1329,2.1E-1);
#1331=CARTESIAN_POINT('',(-1.85E0,2.4E-1,-1.E0));
#1332=LINE('',#1331,#1330);
#1333=DIRECTION('',(0.E0,0.E0,-1.E0));
#1334=VECTOR('',#1333,1.E-1);
#1335=CARTESIAN_POINT('',(-1.85E0,4.5E-1,-1.E0));
#1336=LINE('',#1335,#1334);
#1337=DIRECTION('',(0.E0,-9.284766908853E-1,-3.713906763541E-1));
#1338=VECTOR('',#1337,1.077032961427E-1);
#1339=CARTESIAN_POINT('',(-2.43E0,4.8E-1,-9.5E-1));
#1340=LINE('',#1339,#1338);
#1341=DIRECTION('',(1.E0,0.E0,0.E0));
#1342=VECTOR('',#1341,5.8E-1);
#1343=CARTESIAN_POINT('',(-2.43E0,3.8E-1,-9.9E-1));
#1344=LINE('',#1343,#1342);
#1345=DIRECTION('',(0.E0,9.284766908853E-1,3.713906763541E-1));
#1346=VECTOR('',#1345,1.077032961427E-1);
#1347=CARTESIAN_POINT('',(-1.85E0,3.8E-1,-9.9E-1));
#1348=LINE('',#1347,#1346);
#1349=DIRECTION('',(1.E0,0.E0,0.E0));
#1350=VECTOR('',#1349,1.25E-1);
#1351=CARTESIAN_POINT('',(-1.85E0,4.8E-1,-9.5E-1));
#1352=LINE('',#1351,#1350);
#1353=DIRECTION('',(6.804138174398E-1,6.804138174398E-1,2.721655269759E-1));
#1354=VECTOR('',#1353,1.028785691969E-1);
#1355=CARTESIAN_POINT('',(-1.725E0,4.8E-1,-9.5E-1));
#1356=LINE('',#1355,#1354);
#1357=DIRECTION('',(-6.804138174398E-1,-6.804138174398E-1,-2.721655269759E-1));
#1358=VECTOR('',#1357,1.028785691969E-1);
#1359=CARTESIAN_POINT('',(-2.085E0,5.5E-1,-9.22E-1));
#1360=LINE('',#1359,#1358);
#1361=DIRECTION('',(0.E0,0.E0,1.E0));
#1362=VECTOR('',#1361,1.15E-1);
#1363=CARTESIAN_POINT('',(-2.155E0,4.8E-1,-9.5E-1));
#1364=LINE('',#1363,#1362);
#1365=DIRECTION('',(1.E0,0.E0,0.E0));
#1366=VECTOR('',#1365,4.3E-1);
#1367=CARTESIAN_POINT('',(-2.085E0,5.5E-1,-9.22E-1));
#1368=LINE('',#1367,#1366);
#1369=DIRECTION('',(0.E0,0.E0,1.E0));
#1370=VECTOR('',#1369,8.7E-2);
#1371=CARTESIAN_POINT('',(-2.085E0,5.5E-1,-9.22E-1));
#1372=LINE('',#1371,#1370);
#1373=DIRECTION('',(0.E0,1.E0,0.E0));
#1374=VECTOR('',#1373,9.E-2);
#1375=CARTESIAN_POINT('',(-1.655E0,5.5E-1,-1.22E0));
#1376=LINE('',#1375,#1374);
#1377=DIRECTION('',(0.E0,0.E0,1.E0));
#1378=VECTOR('',#1377,4.1E-1);
#1379=CARTESIAN_POINT('',(-1.655E0,6.4E-1,-1.22E0));
#1380=LINE('',#1379,#1378);
#1381=DIRECTION('',(0.E0,7.071067811865E-1,-7.071067811865E-1));
#1382=VECTOR('',#1381,7.071067811865E-2);
#1383=CARTESIAN_POINT('',(-1.655E0,5.9E-1,-7.6E-1));
#1384=LINE('',#1383,#1382);
#1385=DIRECTION('',(0.E0,-1.E0,0.E0));
#1386=VECTOR('',#1385,4.9E-1);
#1387=CARTESIAN_POINT('',(-1.655E0,5.9E-1,-7.6E-1));
#1388=LINE('',#1387,#1386);
#1389=DIRECTION('',(0.E0,0.E0,1.E0));
#1390=VECTOR('',#1389,8.7E-2);
#1391=CARTESIAN_POINT('',(-1.655E0,5.5E-1,-9.22E-1));
#1392=LINE('',#1391,#1390);
#1393=DIRECTION('',(0.E0,0.E0,1.E0));
#1394=VECTOR('',#1393,2.98E-1);
#1395=CARTESIAN_POINT('',(-1.655E0,5.5E-1,-1.22E0));
#1396=LINE('',#1395,#1394);
#1397=DIRECTION('',(0.E0,0.E0,-1.E0));
#1398=VECTOR('',#1397,2.7E-1);
#1399=CARTESIAN_POINT('',(-1.725E0,4.8E-1,-9.5E-1));
#1400=LINE('',#1399,#1398);
#1401=DIRECTION('',(7.071067811865E-1,7.071067811865E-1,0.E0));
#1402=VECTOR('',#1401,9.899494936612E-2);
#1403=CARTESIAN_POINT('',(-1.725E0,4.8E-1,-1.22E0));
#1404=LINE('',#1403,#1402);
#1405=DIRECTION('',(-1.E0,0.E0,0.E0));
#1406=VECTOR('',#1405,3.31E0);
#1407=CARTESIAN_POINT('',(1.655E0,6.4E-1,8.1E-1));
#1408=LINE('',#1407,#1406);
#1409=DIRECTION('',(1.E0,0.E0,0.E0));
#1410=VECTOR('',#1409,3.31E0);
#1411=CARTESIAN_POINT('',(-1.655E0,6.4E-1,1.22E0));
#1412=LINE('',#1411,#1410);
#1413=DIRECTION('',(1.E0,0.E0,0.E0));
#1414=VECTOR('',#1413,3.31E0);
#1415=CARTESIAN_POINT('',(-1.655E0,6.4E-1,-8.1E-1));
#1416=LINE('',#1415,#1414);
#1417=DIRECTION('',(-1.E0,0.E0,0.E0));
#1418=VECTOR('',#1417,3.31E0);
#1419=CARTESIAN_POINT('',(1.655E0,6.4E-1,-1.22E0));
#1420=LINE('',#1419,#1418);
#1421=DIRECTION('',(1.E0,0.E0,0.E0));
#1422=VECTOR('',#1421,3.25E0);
#1423=CARTESIAN_POINT('',(-1.625E0,6.4E-1,3.4E-1));
#1424=LINE('',#1423,#1422);
#1425=DIRECTION('',(0.E0,0.E0,1.E0));
#1426=VECTOR('',#1425,6.8E-1);
#1427=CARTESIAN_POINT('',(-1.625E0,6.4E-1,-3.4E-1));
#1428=LINE('',#1427,#1426);
#1429=DIRECTION('',(-1.E0,0.E0,0.E0));
#1430=VECTOR('',#1429,3.25E0);
#1431=CARTESIAN_POINT('',(1.625E0,6.4E-1,-3.4E-1));
#1432=LINE('',#1431,#1430);
#1433=DIRECTION('',(0.E0,0.E0,-1.E0));
#1434=VECTOR('',#1433,6.8E-1);
#1435=CARTESIAN_POINT('',(1.625E0,6.4E-1,3.4E-1));
#1436=LINE('',#1435,#1434);
#1437=DIRECTION('',(0.E0,0.E0,-1.E0));
#1438=VECTOR('',#1437,8.7E-2);
#1439=CARTESIAN_POINT('',(-1.655E0,5.5E-1,9.22E-1));
#1440=LINE('',#1439,#1438);
#1441=DIRECTION('',(0.E0,-1.E0,0.E0));
#1442=VECTOR('',#1441,4.5E-1);
#1443=CARTESIAN_POINT('',(-1.655E0,5.5E-1,8.35E-1));
#1444=LINE('',#1443,#1442);
#1445=DIRECTION('',(0.E0,-7.071067811865E-1,-7.071067811865E-1));
#1446=VECTOR('',#1445,7.071067811865E-2);
#1447=CARTESIAN_POINT('',(-1.655E0,6.4E-1,8.1E-1));
#1448=LINE('',#1447,#1446);
#1449=DIRECTION('',(0.E0,0.E0,1.E0));
#1450=VECTOR('',#1449,4.1E-1);
#1451=CARTESIAN_POINT('',(-1.655E0,6.4E-1,8.1E-1));
#1452=LINE('',#1451,#1450);
#1453=DIRECTION('',(0.E0,-1.E0,0.E0));
#1454=VECTOR('',#1453,9.E-2);
#1455=CARTESIAN_POINT('',(-1.655E0,6.4E-1,1.22E0));
#1456=LINE('',#1455,#1454);
#1457=DIRECTION('',(0.E0,0.E0,-1.E0));
#1458=VECTOR('',#1457,2.7E-1);
#1459=CARTESIAN_POINT('',(-1.725E0,4.8E-1,1.22E0));
#1460=LINE('',#1459,#1458);
#1461=DIRECTION('',(0.E0,0.E0,1.E0));
#1462=VECTOR('',#1461,2.98E-1);
#1463=CARTESIAN_POINT('',(-1.655E0,5.5E-1,9.22E-1));
#1464=LINE('',#1463,#1462);
#1465=DIRECTION('',(-7.071067811865E-1,-7.071067811865E-1,0.E0));
#1466=VECTOR('',#1465,9.899494936612E-2);
#1467=CARTESIAN_POINT('',(-1.655E0,5.5E-1,1.22E0));
#1468=LINE('',#1467,#1466);
#1469=DIRECTION('',(-1.E0,0.E0,0.E0));
#1470=VECTOR('',#1469,5.8E-1);
#1471=CARTESIAN_POINT('',(-1.85E0,3.8E-1,9.9E-1));
#1472=LINE('',#1471,#1470);
#1473=DIRECTION('',(0.E0,9.284766908853E-1,-3.713906763541E-1));
#1474=VECTOR('',#1473,1.077032961427E-1);
#1475=CARTESIAN_POINT('',(-2.43E0,3.8E-1,9.9E-1));
#1476=LINE('',#1475,#1474);
#1477=DIRECTION('',(-6.804138174398E-1,-6.804138174398E-1,2.721655269759E-1));
#1478=VECTOR('',#1477,1.028785691969E-1);
#1479=CARTESIAN_POINT('',(-1.655E0,5.5E-1,9.22E-1));
#1480=LINE('',#1479,#1478);
#1481=DIRECTION('',(-1.E0,0.E0,0.E0));
#1482=VECTOR('',#1481,1.25E-1);
#1483=CARTESIAN_POINT('',(-1.725E0,4.8E-1,9.5E-1));
#1484=LINE('',#1483,#1482);
#1485=DIRECTION('',(0.E0,-9.284766908853E-1,3.713906763541E-1));
#1486=VECTOR('',#1485,1.077032961427E-1);
#1487=CARTESIAN_POINT('',(-1.85E0,4.8E-1,9.5E-1));
#1488=LINE('',#1487,#1486);
#1489=DIRECTION('',(0.E0,-1.E0,0.E0));
#1490=VECTOR('',#1489,1.6E-1);
#1491=CARTESIAN_POINT('',(-1.85E0,3.8E-1,9.9E-1));
#1492=LINE('',#1491,#1490);
#1493=DIRECTION('',(0.E0,1.E0,0.E0));
#1494=VECTOR('',#1493,1.E-1);
#1495=CARTESIAN_POINT('',(-2.38E0,1.2E-1,9.9E-1));
#1496=LINE('',#1495,#1494);
#1497=DIRECTION('',(0.E0,0.E0,1.E0));
#1498=VECTOR('',#1497,1.6E-1);
#1499=CARTESIAN_POINT('',(-1.85E0,4.8E-1,9.5E-1));
#1500=LINE('',#1499,#1498);
#1501=DIRECTION('',(0.E0,-1.E0,0.E0));
#1502=VECTOR('',#1501,2.6E-1);
#1503=CARTESIAN_POINT('',(-1.85E0,4.8E-1,1.11E0));
#1504=LINE('',#1503,#1502);
#1505=DIRECTION('',(0.E0,1.E0,0.E0));
#1506=VECTOR('',#1505,2.1E-1);
#1507=CARTESIAN_POINT('',(-1.85E0,2.4E-1,1.1E0));
#1508=LINE('',#1507,#1506);
#1509=DIRECTION('',(0.E0,0.E0,1.E0));
#1510=VECTOR('',#1509,1.E-1);
#1511=CARTESIAN_POINT('',(-1.85E0,4.5E-1,1.E0));
#1512=LINE('',#1511,#1510);
#1513=DIRECTION('',(0.E0,1.E0,0.E0));
#1514=VECTOR('',#1513,2.1E-1);
#1515=CARTESIAN_POINT('',(-1.85E0,2.4E-1,1.E0));
#1516=LINE('',#1515,#1514);
#1517=DIRECTION('',(0.E0,0.E0,1.E0));
#1518=VECTOR('',#1517,1.E-1);
#1519=CARTESIAN_POINT('',(-1.85E0,2.4E-1,1.E0));
#1520=LINE('',#1519,#1518);
#1521=DIRECTION('',(0.E0,-1.E0,0.E0));
#1522=VECTOR('',#1521,2.6E-1);
#1523=CARTESIAN_POINT('',(-2.43E0,4.8E-1,1.11E0));
#1524=LINE('',#1523,#1522);
#1525=DIRECTION('',(0.E0,1.E0,0.E0));
#1526=VECTOR('',#1525,2.4E-1);
#1527=CARTESIAN_POINT('',(-2.43E0,2.4E-1,1.1E0));
#1528=LINE('',#1527,#1526);
#1529=DIRECTION('',(0.E0,0.E0,1.E0));
#1530=VECTOR('',#1529,1.E-1);
#1531=CARTESIAN_POINT('',(-2.43E0,2.4E-1,1.E0));
#1532=LINE('',#1531,#1530);
#1533=DIRECTION('',(0.E0,1.E0,0.E0));
#1534=VECTOR('',#1533,2.4E-1);
#1535=CARTESIAN_POINT('',(-2.43E0,2.4E-1,1.E0));
#1536=LINE('',#1535,#1534);
#1537=DIRECTION('',(0.E0,0.E0,-1.E0));
#1538=VECTOR('',#1537,5.E-2);
#1539=CARTESIAN_POINT('',(-2.43E0,4.8E-1,1.E0));
#1540=LINE('',#1539,#1538);
#1541=DIRECTION('',(0.E0,-1.E0,0.E0));
#1542=VECTOR('',#1541,1.6E-1);
#1543=CARTESIAN_POINT('',(-2.43E0,3.8E-1,9.9E-1));
#1544=LINE('',#1543,#1542);
#1545=DIRECTION('',(-4.440892098501E-14,0.E0,-1.E0));
#1546=VECTOR('',#1545,1.E-2);
#1547=CARTESIAN_POINT('',(-2.43E0,4.8E-1,1.11E0));
#1548=LINE('',#1547,#1546);
#1549=DIRECTION('',(0.E0,1.E0,0.E0));
#1550=VECTOR('',#1549,1.1E-1);
#1551=CARTESIAN_POINT('',(-2.295E0,1.3E-1,1.1E0));
#1552=LINE('',#1551,#1550);
#1553=DIRECTION('',(-1.E0,0.E0,0.E0));
#1554=VECTOR('',#1553,1.35E-1);
#1555=CARTESIAN_POINT('',(-2.295E0,2.4E-1,1.1E0));
#1556=LINE('',#1555,#1554);
#1557=DIRECTION('',(2.220446049250E-14,1.E0,-1.110223024625E-14));
#1558=VECTOR('',#1557,2.E-2);
#1559=CARTESIAN_POINT('',(-2.43E0,4.8E-1,1.1E0));
#1560=LINE('',#1559,#1558);
#1561=DIRECTION('',(1.E0,0.E0,0.E0));
#1562=VECTOR('',#1561,2.7E-1);
#1563=CARTESIAN_POINT('',(-2.12E0,4.5E-1,1.1E0));
#1564=LINE('',#1563,#1562);
#1565=DIRECTION('',(-1.E0,0.E0,0.E0));
#1566=VECTOR('',#1565,1.45E-1);
#1567=CARTESIAN_POINT('',(-1.85E0,2.4E-1,1.1E0));
#1568=LINE('',#1567,#1566);
#1569=DIRECTION('',(1.E0,0.E0,0.E0));
#1570=VECTOR('',#1569,3.E-1);
#1571=CARTESIAN_POINT('',(-2.295E0,1.3E-1,1.1E0));
#1572=LINE('',#1571,#1570);
#1573=DIRECTION('',(1.E0,0.E0,0.E0));
#1574=VECTOR('',#1573,3.E-1);
#1575=CARTESIAN_POINT('',(-2.295E0,8.E-2,1.15E0));
#1576=LINE('',#1575,#1574);
#1577=DIRECTION('',(1.E0,0.E0,0.E0));
#1578=VECTOR('',#1577,3.E-1);
#1579=CARTESIAN_POINT('',(-2.295E0,8.E-2,1.25E0));
#1580=LINE('',#1579,#1578);
#1581=DIRECTION('',(1.E0,0.E0,0.E0));
#1582=VECTOR('',#1581,3.E-1);
#1583=CARTESIAN_POINT('',(-2.295E0,-2.E-2,1.25E0));
#1584=LINE('',#1583,#1582);
#1585=DIRECTION('',(1.E0,0.E0,0.E0));
#1586=VECTOR('',#1585,3.E-1);
#1587=CARTESIAN_POINT('',(-2.295E0,-2.E-2,1.15E0));
#1588=LINE('',#1587,#1586);
#1589=DIRECTION('',(0.E0,-1.E0,0.E0));
#1590=VECTOR('',#1589,1.1E-1);
#1591=CARTESIAN_POINT('',(-2.295E0,2.4E-1,1.E0));
#1592=LINE('',#1591,#1590);
#1593=DIRECTION('',(1.E0,0.E0,0.E0));
#1594=VECTOR('',#1593,3.E-1);
#1595=CARTESIAN_POINT('',(-2.295E0,1.3E-1,1.E0));
#1596=LINE('',#1595,#1594);
#1597=DIRECTION('',(-1.E0,0.E0,0.E0));
#1598=VECTOR('',#1597,1.45E-1);
#1599=CARTESIAN_POINT('',(-1.85E0,2.4E-1,1.E0));
#1600=LINE('',#1599,#1598);
#1601=DIRECTION('',(1.E0,0.E0,0.E0));
#1602=VECTOR('',#1601,2.7E-1);
#1603=CARTESIAN_POINT('',(-2.12E0,4.5E-1,1.E0));
#1604=LINE('',#1603,#1602);
#1605=DIRECTION('',(0.E0,-1.E0,0.E0));
#1606=VECTOR('',#1605,5.E-2);
#1607=CARTESIAN_POINT('',(-2.12E0,5.E-1,1.E0));
#1608=LINE('',#1607,#1606);
#1609=DIRECTION('',(2.220446049250E-14,1.E0,0.E0));
#1610=VECTOR('',#1609,2.E-2);
#1611=CARTESIAN_POINT('',(-2.43E0,4.8E-1,1.E0));
#1612=LINE('',#1611,#1610);
#1613=DIRECTION('',(-1.E0,0.E0,0.E0));
#1614=VECTOR('',#1613,1.35E-1);
#1615=CARTESIAN_POINT('',(-2.295E0,2.4E-1,1.E0));
#1616=LINE('',#1615,#1614);
#1617=DIRECTION('',(0.E0,0.E0,-1.E0));
#1618=VECTOR('',#1617,1.E-1);
#1619=CARTESIAN_POINT('',(-2.12E0,4.5E-1,1.1E0));
#1620=LINE('',#1619,#1618);
#1621=DIRECTION('',(0.E0,-1.E0,0.E0));
#1622=VECTOR('',#1621,1.E-1);
#1623=CARTESIAN_POINT('',(-2.12E0,6.E-1,1.E0));
#1624=LINE('',#1623,#1622);
#1625=DIRECTION('',(0.E0,1.E0,0.E0));
#1626=VECTOR('',#1625,1.5E-1);
#1627=CARTESIAN_POINT('',(-2.12E0,4.5E-1,1.1E0));
#1628=LINE('',#1627,#1626);
#1629=DIRECTION('',(0.E0,-1.E0,0.E0));
#1630=VECTOR('',#1629,1.E-1);
#1631=CARTESIAN_POINT('',(-2.38E0,6.E-1,7.818340958939E-1));
#1632=LINE('',#1631,#1630);
#1633=DIRECTION('',(-1.E0,0.E0,0.E0));
#1634=VECTOR('',#1633,3.1E-1);
#1635=CARTESIAN_POINT('',(-2.12E0,5.E-1,-1.E0));
#1636=LINE('',#1635,#1634);
#1637=DIRECTION('',(0.E0,0.E0,1.E0));
#1638=VECTOR('',#1637,1.E-1);
#1639=CARTESIAN_POINT('',(-2.43E0,5.E-1,-1.1E0));
#1640=LINE('',#1639,#1638);
#1641=DIRECTION('',(1.E0,0.E0,0.E0));
#1642=VECTOR('',#1641,2.7E-1);
#1643=CARTESIAN_POINT('',(-2.7E0,5.E-1,-1.1E0));
#1644=LINE('',#1643,#1642);
#1645=DIRECTION('',(0.E0,0.E0,-1.E0));
#1646=VECTOR('',#1645,2.2E0);
#1647=CARTESIAN_POINT('',(-2.7E0,5.E-1,1.1E0));
#1648=LINE('',#1647,#1646);
#1649=DIRECTION('',(-1.E0,0.E0,0.E0));
#1650=VECTOR('',#1649,2.7E-1);
#1651=CARTESIAN_POINT('',(-2.43E0,5.E-1,1.1E0));
#1652=LINE('',#1651,#1650);
#1653=DIRECTION('',(0.E0,0.E0,-1.E0));
#1654=VECTOR('',#1653,1.E-1);
#1655=CARTESIAN_POINT('',(-2.43E0,5.E-1,1.1E0));
#1656=LINE('',#1655,#1654);
#1657=DIRECTION('',(-1.E0,0.E0,0.E0));
#1658=VECTOR('',#1657,3.1E-1);
#1659=CARTESIAN_POINT('',(-2.12E0,5.E-1,1.E0));
#1660=LINE('',#1659,#1658);
#1661=DIRECTION('',(7.660444431190E-1,0.E0,6.427876096865E-1));
#1662=VECTOR('',#1661,3.394058952264E-1);
#1663=CARTESIAN_POINT('',(-2.38E0,5.E-1,7.818340958939E-1));
#1664=LINE('',#1663,#1662);
#1665=DIRECTION('',(0.E0,0.E0,1.E0));
#1666=VECTOR('',#1665,1.563668191788E0);
#1667=CARTESIAN_POINT('',(-2.38E0,5.E-1,-7.818340958939E-1));
#1668=LINE('',#1667,#1666);
#1669=DIRECTION('',(-7.660444431190E-1,0.E0,6.427876096865E-1));
#1670=VECTOR('',#1669,3.394058952264E-1);
#1671=CARTESIAN_POINT('',(-2.12E0,5.E-1,-1.E0));
#1672=LINE('',#1671,#1670);
#1673=DIRECTION('',(0.E0,-1.E0,0.E0));
#1674=VECTOR('',#1673,1.E-1);
#1675=CARTESIAN_POINT('',(-2.7E0,6.E-1,1.1E0));
#1676=LINE('',#1675,#1674);
#1677=DIRECTION('',(0.E0,0.E0,1.E0));
#1678=VECTOR('',#1677,1.E-1);
#1679=CARTESIAN_POINT('',(-2.12E0,6.E-1,-1.1E0));
#1680=LINE('',#1679,#1678);
#1681=DIRECTION('',(-7.660444431190E-1,0.E0,6.427876096865E-1));
#1682=VECTOR('',#1681,3.394058952264E-1);
#1683=CARTESIAN_POINT('',(-2.12E0,6.E-1,-1.E0));
#1684=LINE('',#1683,#1682);
#1685=DIRECTION('',(0.E0,0.E0,1.E0));
#1686=VECTOR('',#1685,1.563668191788E0);
#1687=CARTESIAN_POINT('',(-2.38E0,6.E-1,-7.818340958939E-1));
#1688=LINE('',#1687,#1686);
#1689=DIRECTION('',(7.660444431190E-1,0.E0,6.427876096865E-1));
#1690=VECTOR('',#1689,3.394058952264E-1);
#1691=CARTESIAN_POINT('',(-2.38E0,6.E-1,7.818340958939E-1));
#1692=LINE('',#1691,#1690);
#1693=DIRECTION('',(0.E0,0.E0,1.E0));
#1694=VECTOR('',#1693,1.E-1);
#1695=CARTESIAN_POINT('',(-2.12E0,6.E-1,1.E0));
#1696=LINE('',#1695,#1694);
#1697=DIRECTION('',(-1.E0,0.E0,0.E0));
#1698=VECTOR('',#1697,5.8E-1);
#1699=CARTESIAN_POINT('',(-2.12E0,6.E-1,1.1E0));
#1700=LINE('',#1699,#1698);
#1701=DIRECTION('',(0.E0,0.E0,-1.E0));
#1702=VECTOR('',#1701,2.2E0);
#1703=CARTESIAN_POINT('',(-2.7E0,6.E-1,1.1E0));
#1704=LINE('',#1703,#1702);
#1705=DIRECTION('',(1.E0,0.E0,0.E0));
#1706=VECTOR('',#1705,5.8E-1);
#1707=CARTESIAN_POINT('',(-2.7E0,6.E-1,-1.1E0));
#1708=LINE('',#1707,#1706);
#1709=DIRECTION('',(0.E0,-1.E0,0.E0));
#1710=VECTOR('',#1709,1.5E-1);
#1711=CARTESIAN_POINT('',(-2.12E0,6.E-1,-1.1E0));
#1712=LINE('',#1711,#1710);
#1713=DIRECTION('',(0.E0,0.E0,1.E0));
#1714=VECTOR('',#1713,1.E-1);
#1715=CARTESIAN_POINT('',(-2.12E0,4.5E-1,-1.1E0));
#1716=LINE('',#1715,#1714);
#1717=DIRECTION('',(0.E0,-1.E0,0.E0));
#1718=VECTOR('',#1717,1.E-1);
#1719=CARTESIAN_POINT('',(-2.12E0,6.E-1,-1.E0));
#1720=LINE('',#1719,#1718);
#1721=DIRECTION('',(0.E0,-1.E0,0.E0));
#1722=VECTOR('',#1721,1.E-1);
#1723=CARTESIAN_POINT('',(-2.38E0,6.E-1,-7.818340958939E-1));
#1724=LINE('',#1723,#1722);
#1725=DIRECTION('',(0.E0,0.E0,-1.E0));
#1726=VECTOR('',#1725,1.E-1);
#1727=CARTESIAN_POINT('',(-2.295E0,2.4E-1,1.1E0));
#1728=LINE('',#1727,#1726);
#1729=DIRECTION('',(0.E0,0.E0,1.E0));
#1730=VECTOR('',#1729,1.2E-1);
#1731=CARTESIAN_POINT('',(-2.38E0,2.2E-1,9.9E-1));
#1732=LINE('',#1731,#1730);
#1733=DIRECTION('',(0.E0,-1.E0,0.E0));
#1734=VECTOR('',#1733,2.6E-1);
#1735=CARTESIAN_POINT('',(-2.38E0,4.8E-1,1.11E0));
#1736=LINE('',#1735,#1734);
#1737=DIRECTION('',(0.E0,0.E0,1.E0));
#1738=VECTOR('',#1737,1.2E-1);
#1739=CARTESIAN_POINT('',(-1.95E0,2.2E-1,9.9E-1));
#1740=LINE('',#1739,#1738);
#1741=DIRECTION('',(0.E0,-1.E0,0.E0));
#1742=VECTOR('',#1741,2.6E-1);
#1743=CARTESIAN_POINT('',(-1.95E0,4.8E-1,1.11E0));
#1744=LINE('',#1743,#1742);
#1745=DIRECTION('',(0.E0,0.E0,1.E0));
#1746=VECTOR('',#1745,1.1E-1);
#1747=CARTESIAN_POINT('',(-1.95E0,4.8E-1,1.11E0));
#1748=LINE('',#1747,#1746);
#1749=DIRECTION('',(0.E0,1.E0,0.E0));
#1750=VECTOR('',#1749,1.E-1);
#1751=CARTESIAN_POINT('',(-1.95E0,1.2E-1,9.9E-1));
#1752=LINE('',#1751,#1750);
#1753=DIRECTION('',(6.804138174398E-1,6.804138174398E-1,-2.721655269759E-1));
#1754=VECTOR('',#1753,1.028785691969E-1);
#1755=CARTESIAN_POINT('',(-2.155E0,4.8E-1,9.5E-1));
#1756=LINE('',#1755,#1754);
#1757=DIRECTION('',(0.E0,0.E0,-1.E0));
#1758=VECTOR('',#1757,1.15E-1);
#1759=CARTESIAN_POINT('',(-2.155E0,4.8E-1,9.5E-1));
#1760=LINE('',#1759,#1758);
#1761=DIRECTION('',(1.E0,0.E0,0.E0));
#1762=VECTOR('',#1761,2.E-1);
#1763=CARTESIAN_POINT('',(-2.355E0,4.8E-1,8.35E-1));
#1764=LINE('',#1763,#1762);
#1765=DIRECTION('',(0.E0,-1.E0,0.E0));
#1766=VECTOR('',#1765,3.8E-1);
#1767=CARTESIAN_POINT('',(-2.355E0,4.8E-1,8.35E-1));
#1768=LINE('',#1767,#1766);
#1769=DIRECTION('',(-1.E0,0.E0,0.E0));
#1770=VECTOR('',#1769,4.3E-1);
#1771=CARTESIAN_POINT('',(-1.655E0,5.5E-1,8.35E-1));
#1772=LINE('',#1771,#1770);
#1773=DIRECTION('',(7.071067811865E-1,7.071067811866E-1,0.E0));
#1774=VECTOR('',#1773,9.899494936612E-2);
#1775=CARTESIAN_POINT('',(-2.155E0,4.8E-1,8.35E-1));
#1776=LINE('',#1775,#1774);
#1777=DIRECTION('',(0.E0,0.E0,-1.E0));
#1778=VECTOR('',#1777,1.67E0);
#1779=CARTESIAN_POINT('',(-2.355E0,4.8E-1,8.35E-1));
#1780=LINE('',#1779,#1778);
#1781=DIRECTION('',(0.E0,-1.E0,0.E0));
#1782=VECTOR('',#1781,3.8E-1);
#1783=CARTESIAN_POINT('',(-2.355E0,4.8E-1,-8.35E-1));
#1784=LINE('',#1783,#1782);
#1785=DIRECTION('',(0.E0,0.E0,1.E0));
#1786=VECTOR('',#1785,1.67E0);
#1787=CARTESIAN_POINT('',(-2.355E0,1.E-1,-8.35E-1));
#1788=LINE('',#1787,#1786);
#1789=DIRECTION('',(1.E0,0.E0,0.E0));
#1790=VECTOR('',#1789,2.E-1);
#1791=CARTESIAN_POINT('',(-2.355E0,4.8E-1,-8.35E-1));
#1792=LINE('',#1791,#1790);
#1793=DIRECTION('',(7.071067811865E-1,7.071067811866E-1,0.E0));
#1794=VECTOR('',#1793,9.899494936612E-2);
#1795=CARTESIAN_POINT('',(-2.155E0,4.8E-1,-8.35E-1));
#1796=LINE('',#1795,#1794);
#1797=DIRECTION('',(-1.E0,0.E0,0.E0));
#1798=VECTOR('',#1797,4.3E-1);
#1799=CARTESIAN_POINT('',(-1.655E0,5.5E-1,-8.35E-1));
#1800=LINE('',#1799,#1798);
#1801=DIRECTION('',(0.E0,-1.E0,0.E0));
#1802=VECTOR('',#1801,4.5E-1);
#1803=CARTESIAN_POINT('',(-1.655E0,5.5E-1,-8.35E-1));
#1804=LINE('',#1803,#1802);
#1805=DIRECTION('',(0.E0,0.E0,-1.E0));
#1806=VECTOR('',#1805,1.320464045788E-1);
#1807=CARTESIAN_POINT('',(-1.49E0,1.E-1,7.6E-1));
#1808=LINE('',#1807,#1806);
#1809=DIRECTION('',(1.E0,0.E0,0.E0));
#1810=VECTOR('',#1809,1.65E-1);
#1811=CARTESIAN_POINT('',(-1.655E0,1.E-1,7.6E-1));
#1812=LINE('',#1811,#1810);
#1813=DIRECTION('',(0.E0,0.E0,-1.E0));
#1814=VECTOR('',#1813,7.5E-2);
#1815=CARTESIAN_POINT('',(-1.655E0,1.E-1,8.35E-1));
#1816=LINE('',#1815,#1814);
#1817=DIRECTION('',(1.E0,0.E0,0.E0));
#1818=VECTOR('',#1817,7.E-1);
#1819=CARTESIAN_POINT('',(-2.355E0,1.E-1,8.35E-1));
#1820=LINE('',#1819,#1818);
#1821=DIRECTION('',(-1.E0,0.E0,0.E0));
#1822=VECTOR('',#1821,7.E-1);
#1823=CARTESIAN_POINT('',(-1.655E0,1.E-1,-8.35E-1));
#1824=LINE('',#1823,#1822);
#1825=DIRECTION('',(0.E0,0.E0,-1.E0));
#1826=VECTOR('',#1825,7.5E-2);
#1827=CARTESIAN_POINT('',(-1.655E0,1.E-1,-7.6E-1));
#1828=LINE('',#1827,#1826);
#1829=DIRECTION('',(-1.E0,0.E0,0.E0));
#1830=VECTOR('',#1829,1.65E-1);
#1831=CARTESIAN_POINT('',(-1.49E0,1.E-1,-7.6E-1));
#1832=LINE('',#1831,#1830);
#1833=DIRECTION('',(0.E0,0.E0,-1.E0));
#1834=VECTOR('',#1833,1.320464045788E-1);
#1835=CARTESIAN_POINT('',(-1.49E0,1.E-1,-6.279535954212E-1));
#1836=LINE('',#1835,#1834);
#1837=DIRECTION('',(1.E0,0.E0,0.E0));
#1838=VECTOR('',#1837,1.8E-1);
#1839=CARTESIAN_POINT('',(-1.49E0,1.E-1,-6.279535954212E-1));
#1840=LINE('',#1839,#1838);
#1841=DIRECTION('',(0.E0,0.E0,-1.E0));
#1842=VECTOR('',#1841,1.320464045788E-1);
#1843=CARTESIAN_POINT('',(-1.31E0,1.E-1,-6.279535954212E-1));
#1844=LINE('',#1843,#1842);
#1845=DIRECTION('',(-1.E0,0.E0,0.E0));
#1846=VECTOR('',#1845,2.2E-1);
#1847=CARTESIAN_POINT('',(-1.09E0,1.E-1,-7.6E-1));
#1848=LINE('',#1847,#1846);
#1849=DIRECTION('',(0.E0,0.E0,-1.E0));
#1850=VECTOR('',#1849,1.320464045788E-1);
#1851=CARTESIAN_POINT('',(-1.09E0,1.E-1,-6.279535954212E-1));
#1852=LINE('',#1851,#1850);
#1853=DIRECTION('',(1.E0,0.E0,0.E0));
#1854=VECTOR('',#1853,1.8E-1);
#1855=CARTESIAN_POINT('',(-1.09E0,1.E-1,-6.279535954212E-1));
#1856=LINE('',#1855,#1854);
#1857=DIRECTION('',(0.E0,0.E0,-1.E0));
#1858=VECTOR('',#1857,1.320464045788E-1);
#1859=CARTESIAN_POINT('',(-9.1E-1,1.E-1,-6.279535954212E-1));
#1860=LINE('',#1859,#1858);
#1861=DIRECTION('',(-1.E0,0.E0,0.E0));
#1862=VECTOR('',#1861,2.2E-1);
#1863=CARTESIAN_POINT('',(-6.9E-1,1.E-1,-7.6E-1));
#1864=LINE('',#1863,#1862);
#1865=DIRECTION('',(0.E0,0.E0,-1.E0));
#1866=VECTOR('',#1865,1.320464045788E-1);
#1867=CARTESIAN_POINT('',(-6.9E-1,1.E-1,-6.279535954212E-1));
#1868=LINE('',#1867,#1866);
#1869=DIRECTION('',(1.E0,0.E0,0.E0));
#1870=VECTOR('',#1869,1.8E-1);
#1871=CARTESIAN_POINT('',(-6.9E-1,1.E-1,-6.279535954212E-1));
#1872=LINE('',#1871,#1870);
#1873=DIRECTION('',(0.E0,0.E0,-1.E0));
#1874=VECTOR('',#1873,1.320464045788E-1);
#1875=CARTESIAN_POINT('',(-5.1E-1,1.E-1,-6.279535954212E-1));
#1876=LINE('',#1875,#1874);
#1877=DIRECTION('',(-1.E0,0.E0,0.E0));
#1878=VECTOR('',#1877,2.2E-1);
#1879=CARTESIAN_POINT('',(-2.9E-1,1.E-1,-7.6E-1));
#1880=LINE('',#1879,#1878);
#1881=DIRECTION('',(0.E0,0.E0,-1.E0));
#1882=VECTOR('',#1881,1.320464045788E-1);
#1883=CARTESIAN_POINT('',(-2.9E-1,1.E-1,-6.279535954212E-1));
#1884=LINE('',#1883,#1882);
#1885=DIRECTION('',(1.E0,0.E0,0.E0));
#1886=VECTOR('',#1885,1.8E-1);
#1887=CARTESIAN_POINT('',(-2.9E-1,1.E-1,-6.279535954212E-1));
#1888=LINE('',#1887,#1886);
#1889=DIRECTION('',(0.E0,0.E0,-1.E0));
#1890=VECTOR('',#1889,1.320464045788E-1);
#1891=CARTESIAN_POINT('',(-1.1E-1,1.E-1,-6.279535954212E-1));
#1892=LINE('',#1891,#1890);
#1893=DIRECTION('',(-1.E0,0.E0,0.E0));
#1894=VECTOR('',#1893,2.2E-1);
#1895=CARTESIAN_POINT('',(1.1E-1,1.E-1,-7.6E-1));
#1896=LINE('',#1895,#1894);
#1897=DIRECTION('',(0.E0,0.E0,-1.E0));
#1898=VECTOR('',#1897,1.320464045788E-1);
#1899=CARTESIAN_POINT('',(1.1E-1,1.E-1,-6.279535954212E-1));
#1900=LINE('',#1899,#1898);
#1901=DIRECTION('',(1.E0,0.E0,0.E0));
#1902=VECTOR('',#1901,1.8E-1);
#1903=CARTESIAN_POINT('',(1.1E-1,1.E-1,-6.279535954212E-1));
#1904=LINE('',#1903,#1902);
#1905=DIRECTION('',(0.E0,0.E0,-1.E0));
#1906=VECTOR('',#1905,1.320464045788E-1);
#1907=CARTESIAN_POINT('',(2.9E-1,1.E-1,-6.279535954212E-1));
#1908=LINE('',#1907,#1906);
#1909=DIRECTION('',(-1.E0,0.E0,0.E0));
#1910=VECTOR('',#1909,2.2E-1);
#1911=CARTESIAN_POINT('',(5.1E-1,1.E-1,-7.6E-1));
#1912=LINE('',#1911,#1910);
#1913=DIRECTION('',(0.E0,0.E0,-1.E0));
#1914=VECTOR('',#1913,1.320464045788E-1);
#1915=CARTESIAN_POINT('',(5.1E-1,1.E-1,-6.279535954212E-1));
#1916=LINE('',#1915,#1914);
#1917=DIRECTION('',(1.E0,0.E0,0.E0));
#1918=VECTOR('',#1917,1.8E-1);
#1919=CARTESIAN_POINT('',(5.1E-1,1.E-1,-6.279535954212E-1));
#1920=LINE('',#1919,#1918);
#1921=DIRECTION('',(0.E0,0.E0,-1.E0));
#1922=VECTOR('',#1921,1.320464045788E-1);
#1923=CARTESIAN_POINT('',(6.9E-1,1.E-1,-6.279535954212E-1));
#1924=LINE('',#1923,#1922);
#1925=DIRECTION('',(-1.E0,0.E0,0.E0));
#1926=VECTOR('',#1925,2.2E-1);
#1927=CARTESIAN_POINT('',(9.1E-1,1.E-1,-7.6E-1));
#1928=LINE('',#1927,#1926);
#1929=DIRECTION('',(0.E0,0.E0,-1.E0));
#1930=VECTOR('',#1929,1.320464045788E-1);
#1931=CARTESIAN_POINT('',(9.1E-1,1.E-1,-6.279535954212E-1));
#1932=LINE('',#1931,#1930);
#1933=DIRECTION('',(1.E0,0.E0,0.E0));
#1934=VECTOR('',#1933,1.8E-1);
#1935=CARTESIAN_POINT('',(9.1E-1,1.E-1,-6.279535954212E-1));
#1936=LINE('',#1935,#1934);
#1937=DIRECTION('',(0.E0,0.E0,-1.E0));
#1938=VECTOR('',#1937,1.320464045788E-1);
#1939=CARTESIAN_POINT('',(1.09E0,1.E-1,-6.279535954212E-1));
#1940=LINE('',#1939,#1938);
#1941=DIRECTION('',(-1.E0,0.E0,0.E0));
#1942=VECTOR('',#1941,2.2E-1);
#1943=CARTESIAN_POINT('',(1.31E0,1.E-1,-7.6E-1));
#1944=LINE('',#1943,#1942);
#1945=DIRECTION('',(0.E0,0.E0,-1.E0));
#1946=VECTOR('',#1945,1.320464045788E-1);
#1947=CARTESIAN_POINT('',(1.31E0,1.E-1,-6.279535954212E-1));
#1948=LINE('',#1947,#1946);
#1949=DIRECTION('',(1.E0,0.E0,0.E0));
#1950=VECTOR('',#1949,1.8E-1);
#1951=CARTESIAN_POINT('',(1.31E0,1.E-1,-6.279535954212E-1));
#1952=LINE('',#1951,#1950);
#1953=DIRECTION('',(0.E0,0.E0,-1.E0));
#1954=VECTOR('',#1953,1.320464045788E-1);
#1955=CARTESIAN_POINT('',(1.49E0,1.E-1,-6.279535954212E-1));
#1956=LINE('',#1955,#1954);
#1957=DIRECTION('',(-1.E0,0.E0,0.E0));
#1958=VECTOR('',#1957,1.65E-1);
#1959=CARTESIAN_POINT('',(1.655E0,1.E-1,-7.6E-1));
#1960=LINE('',#1959,#1958);
#1961=DIRECTION('',(0.E0,0.E0,1.E0));
#1962=VECTOR('',#1961,7.5E-2);
#1963=CARTESIAN_POINT('',(1.655E0,1.E-1,-8.35E-1));
#1964=LINE('',#1963,#1962);
#1965=DIRECTION('',(-1.E0,0.E0,0.E0));
#1966=VECTOR('',#1965,7.E-1);
#1967=CARTESIAN_POINT('',(2.355E0,1.E-1,-8.35E-1));
#1968=LINE('',#1967,#1966);
#1969=DIRECTION('',(1.E0,0.E0,0.E0));
#1970=VECTOR('',#1969,7.E-1);
#1971=CARTESIAN_POINT('',(1.655E0,1.E-1,8.35E-1));
#1972=LINE('',#1971,#1970);
#1973=DIRECTION('',(0.E0,0.E0,1.E0));
#1974=VECTOR('',#1973,7.5E-2);
#1975=CARTESIAN_POINT('',(1.655E0,1.E-1,7.6E-1));
#1976=LINE('',#1975,#1974);
#1977=DIRECTION('',(1.E0,0.E0,0.E0));
#1978=VECTOR('',#1977,1.65E-1);
#1979=CARTESIAN_POINT('',(1.49E0,1.E-1,7.6E-1));
#1980=LINE('',#1979,#1978);
#1981=DIRECTION('',(0.E0,0.E0,-1.E0));
#1982=VECTOR('',#1981,1.320464045788E-1);
#1983=CARTESIAN_POINT('',(1.49E0,1.E-1,7.6E-1));
#1984=LINE('',#1983,#1982);
#1985=DIRECTION('',(1.E0,0.E0,0.E0));
#1986=VECTOR('',#1985,1.8E-1);
#1987=CARTESIAN_POINT('',(1.31E0,1.E-1,6.279535954212E-1));
#1988=LINE('',#1987,#1986);
#1989=DIRECTION('',(0.E0,0.E0,-1.E0));
#1990=VECTOR('',#1989,1.320464045788E-1);
#1991=CARTESIAN_POINT('',(1.31E0,1.E-1,7.6E-1));
#1992=LINE('',#1991,#1990);
#1993=DIRECTION('',(1.E0,0.E0,0.E0));
#1994=VECTOR('',#1993,2.2E-1);
#1995=CARTESIAN_POINT('',(1.09E0,1.E-1,7.6E-1));
#1996=LINE('',#1995,#1994);
#1997=DIRECTION('',(0.E0,0.E0,-1.E0));
#1998=VECTOR('',#1997,1.320464045788E-1);
#1999=CARTESIAN_POINT('',(1.09E0,1.E-1,7.6E-1));
#2000=LINE('',#1999,#1998);
#2001=DIRECTION('',(1.E0,0.E0,0.E0));
#2002=VECTOR('',#2001,1.8E-1);
#2003=CARTESIAN_POINT('',(9.1E-1,1.E-1,6.279535954212E-1));
#2004=LINE('',#2003,#2002);
#2005=DIRECTION('',(0.E0,0.E0,-1.E0));
#2006=VECTOR('',#2005,1.320464045788E-1);
#2007=CARTESIAN_POINT('',(9.1E-1,1.E-1,7.6E-1));
#2008=LINE('',#2007,#2006);
#2009=DIRECTION('',(1.E0,0.E0,0.E0));
#2010=VECTOR('',#2009,2.2E-1);
#2011=CARTESIAN_POINT('',(6.9E-1,1.E-1,7.6E-1));
#2012=LINE('',#2011,#2010);
#2013=DIRECTION('',(0.E0,0.E0,-1.E0));
#2014=VECTOR('',#2013,1.320464045788E-1);
#2015=CARTESIAN_POINT('',(6.9E-1,1.E-1,7.6E-1));
#2016=LINE('',#2015,#2014);
#2017=DIRECTION('',(1.E0,0.E0,0.E0));
#2018=VECTOR('',#2017,1.8E-1);
#2019=CARTESIAN_POINT('',(5.1E-1,1.E-1,6.279535954212E-1));
#2020=LINE('',#2019,#2018);
#2021=DIRECTION('',(0.E0,0.E0,-1.E0));
#2022=VECTOR('',#2021,1.320464045788E-1);
#2023=CARTESIAN_POINT('',(5.1E-1,1.E-1,7.6E-1));
#2024=LINE('',#2023,#2022);
#2025=DIRECTION('',(1.E0,0.E0,0.E0));
#2026=VECTOR('',#2025,2.2E-1);
#2027=CARTESIAN_POINT('',(2.9E-1,1.E-1,7.6E-1));
#2028=LINE('',#2027,#2026);
#2029=DIRECTION('',(0.E0,0.E0,-1.E0));
#2030=VECTOR('',#2029,1.320464045788E-1);
#2031=CARTESIAN_POINT('',(2.9E-1,1.E-1,7.6E-1));
#2032=LINE('',#2031,#2030);
#2033=DIRECTION('',(1.E0,0.E0,0.E0));
#2034=VECTOR('',#2033,1.8E-1);
#2035=CARTESIAN_POINT('',(1.1E-1,1.E-1,6.279535954212E-1));
#2036=LINE('',#2035,#2034);
#2037=DIRECTION('',(0.E0,0.E0,-1.E0));
#2038=VECTOR('',#2037,1.320464045788E-1);
#2039=CARTESIAN_POINT('',(1.1E-1,1.E-1,7.6E-1));
#2040=LINE('',#2039,#2038);
#2041=DIRECTION('',(1.E0,0.E0,0.E0));
#2042=VECTOR('',#2041,2.2E-1);
#2043=CARTESIAN_POINT('',(-1.1E-1,1.E-1,7.6E-1));
#2044=LINE('',#2043,#2042);
#2045=DIRECTION('',(0.E0,0.E0,-1.E0));
#2046=VECTOR('',#2045,1.320464045788E-1);
#2047=CARTESIAN_POINT('',(-1.1E-1,1.E-1,7.6E-1));
#2048=LINE('',#2047,#2046);
#2049=DIRECTION('',(1.E0,0.E0,0.E0));
#2050=VECTOR('',#2049,1.8E-1);
#2051=CARTESIAN_POINT('',(-2.9E-1,1.E-1,6.279535954212E-1));
#2052=LINE('',#2051,#2050);
#2053=DIRECTION('',(0.E0,0.E0,-1.E0));
#2054=VECTOR('',#2053,1.320464045788E-1);
#2055=CARTESIAN_POINT('',(-2.9E-1,1.E-1,7.6E-1));
#2056=LINE('',#2055,#2054);
#2057=DIRECTION('',(1.E0,0.E0,0.E0));
#2058=VECTOR('',#2057,2.2E-1);
#2059=CARTESIAN_POINT('',(-5.1E-1,1.E-1,7.6E-1));
#2060=LINE('',#2059,#2058);
#2061=DIRECTION('',(0.E0,0.E0,-1.E0));
#2062=VECTOR('',#2061,1.320464045788E-1);
#2063=CARTESIAN_POINT('',(-5.1E-1,1.E-1,7.6E-1));
#2064=LINE('',#2063,#2062);
#2065=DIRECTION('',(1.E0,0.E0,0.E0));
#2066=VECTOR('',#2065,1.8E-1);
#2067=CARTESIAN_POINT('',(-6.9E-1,1.E-1,6.279535954212E-1));
#2068=LINE('',#2067,#2066);
#2069=DIRECTION('',(0.E0,0.E0,-1.E0));
#2070=VECTOR('',#2069,1.320464045788E-1);
#2071=CARTESIAN_POINT('',(-6.9E-1,1.E-1,7.6E-1));
#2072=LINE('',#2071,#2070);
#2073=DIRECTION('',(1.E0,0.E0,0.E0));
#2074=VECTOR('',#2073,2.2E-1);
#2075=CARTESIAN_POINT('',(-9.1E-1,1.E-1,7.6E-1));
#2076=LINE('',#2075,#2074);
#2077=DIRECTION('',(0.E0,0.E0,-1.E0));
#2078=VECTOR('',#2077,1.320464045788E-1);
#2079=CARTESIAN_POINT('',(-9.1E-1,1.E-1,7.6E-1));
#2080=LINE('',#2079,#2078);
#2081=DIRECTION('',(1.E0,0.E0,0.E0));
#2082=VECTOR('',#2081,1.8E-1);
#2083=CARTESIAN_POINT('',(-1.09E0,1.E-1,6.279535954212E-1));
#2084=LINE('',#2083,#2082);
#2085=DIRECTION('',(0.E0,0.E0,-1.E0));
#2086=VECTOR('',#2085,1.320464045788E-1);
#2087=CARTESIAN_POINT('',(-1.09E0,1.E-1,7.6E-1));
#2088=LINE('',#2087,#2086);
#2089=DIRECTION('',(1.E0,0.E0,0.E0));
#2090=VECTOR('',#2089,2.2E-1);
#2091=CARTESIAN_POINT('',(-1.31E0,1.E-1,7.6E-1));
#2092=LINE('',#2091,#2090);
#2093=DIRECTION('',(0.E0,0.E0,-1.E0));
#2094=VECTOR('',#2093,1.320464045788E-1);
#2095=CARTESIAN_POINT('',(-1.31E0,1.E-1,7.6E-1));
#2096=LINE('',#2095,#2094);
#2097=DIRECTION('',(1.E0,0.E0,0.E0));
#2098=VECTOR('',#2097,1.8E-1);
#2099=CARTESIAN_POINT('',(-1.49E0,1.E-1,6.279535954212E-1));
#2100=LINE('',#2099,#2098);
#2101=DIRECTION('',(0.E0,0.E0,-1.E0));
#2102=VECTOR('',#2101,1.716926120242E-1);
#2103=CARTESIAN_POINT('',(-1.49E0,1.E-1,6.116926120242E-1));
#2104=LINE('',#2103,#2102);
#2105=DIRECTION('',(1.E0,0.E0,0.E0));
#2106=VECTOR('',#2105,1.8E-1);
#2107=CARTESIAN_POINT('',(-1.49E0,1.E-1,6.116926120242E-1));
#2108=LINE('',#2107,#2106);
#2109=DIRECTION('',(0.E0,0.E0,-1.E0));
#2110=VECTOR('',#2109,1.716926120242E-1);
#2111=CARTESIAN_POINT('',(-1.31E0,1.E-1,6.116926120242E-1));
#2112=LINE('',#2111,#2110);
#2113=DIRECTION('',(1.E0,0.E0,0.E0));
#2114=VECTOR('',#2113,2.2E-1);
#2115=CARTESIAN_POINT('',(-1.31E0,1.E-1,4.4E-1));
#2116=LINE('',#2115,#2114);
#2117=DIRECTION('',(0.E0,0.E0,-1.E0));
#2118=VECTOR('',#2117,1.716926120242E-1);
#2119=CARTESIAN_POINT('',(-1.09E0,1.E-1,6.116926120242E-1));
#2120=LINE('',#2119,#2118);
#2121=DIRECTION('',(1.E0,0.E0,0.E0));
#2122=VECTOR('',#2121,1.8E-1);
#2123=CARTESIAN_POINT('',(-1.09E0,1.E-1,6.116926120242E-1));
#2124=LINE('',#2123,#2122);
#2125=DIRECTION('',(0.E0,0.E0,-1.E0));
#2126=VECTOR('',#2125,1.716926120242E-1);
#2127=CARTESIAN_POINT('',(-9.1E-1,1.E-1,6.116926120242E-1));
#2128=LINE('',#2127,#2126);
#2129=DIRECTION('',(1.E0,0.E0,0.E0));
#2130=VECTOR('',#2129,2.2E-1);
#2131=CARTESIAN_POINT('',(-9.1E-1,1.E-1,4.4E-1));
#2132=LINE('',#2131,#2130);
#2133=DIRECTION('',(0.E0,0.E0,-1.E0));
#2134=VECTOR('',#2133,1.716926120242E-1);
#2135=CARTESIAN_POINT('',(-6.9E-1,1.E-1,6.116926120242E-1));
#2136=LINE('',#2135,#2134);
#2137=DIRECTION('',(1.E0,0.E0,0.E0));
#2138=VECTOR('',#2137,1.8E-1);
#2139=CARTESIAN_POINT('',(-6.9E-1,1.E-1,6.116926120242E-1));
#2140=LINE('',#2139,#2138);
#2141=DIRECTION('',(0.E0,0.E0,-1.E0));
#2142=VECTOR('',#2141,1.716926120242E-1);
#2143=CARTESIAN_POINT('',(-5.1E-1,1.E-1,6.116926120242E-1));
#2144=LINE('',#2143,#2142);
#2145=DIRECTION('',(1.E0,0.E0,0.E0));
#2146=VECTOR('',#2145,2.2E-1);
#2147=CARTESIAN_POINT('',(-5.1E-1,1.E-1,4.4E-1));
#2148=LINE('',#2147,#2146);
#2149=DIRECTION('',(0.E0,0.E0,-1.E0));
#2150=VECTOR('',#2149,1.716926120242E-1);
#2151=CARTESIAN_POINT('',(-2.9E-1,1.E-1,6.116926120242E-1));
#2152=LINE('',#2151,#2150);
#2153=DIRECTION('',(1.E0,0.E0,0.E0));
#2154=VECTOR('',#2153,1.8E-1);
#2155=CARTESIAN_POINT('',(-2.9E-1,1.E-1,6.116926120242E-1));
#2156=LINE('',#2155,#2154);
#2157=DIRECTION('',(0.E0,0.E0,-1.E0));
#2158=VECTOR('',#2157,1.716926120242E-1);
#2159=CARTESIAN_POINT('',(-1.1E-1,1.E-1,6.116926120242E-1));
#2160=LINE('',#2159,#2158);
#2161=DIRECTION('',(1.E0,0.E0,0.E0));
#2162=VECTOR('',#2161,2.2E-1);
#2163=CARTESIAN_POINT('',(-1.1E-1,1.E-1,4.4E-1));
#2164=LINE('',#2163,#2162);
#2165=DIRECTION('',(0.E0,0.E0,-1.E0));
#2166=VECTOR('',#2165,1.716926120242E-1);
#2167=CARTESIAN_POINT('',(1.1E-1,1.E-1,6.116926120242E-1));
#2168=LINE('',#2167,#2166);
#2169=DIRECTION('',(1.E0,0.E0,0.E0));
#2170=VECTOR('',#2169,1.8E-1);
#2171=CARTESIAN_POINT('',(1.1E-1,1.E-1,6.116926120242E-1));
#2172=LINE('',#2171,#2170);
#2173=DIRECTION('',(0.E0,0.E0,-1.E0));
#2174=VECTOR('',#2173,1.716926120242E-1);
#2175=CARTESIAN_POINT('',(2.9E-1,1.E-1,6.116926120242E-1));
#2176=LINE('',#2175,#2174);
#2177=DIRECTION('',(1.E0,0.E0,0.E0));
#2178=VECTOR('',#2177,2.2E-1);
#2179=CARTESIAN_POINT('',(2.9E-1,1.E-1,4.4E-1));
#2180=LINE('',#2179,#2178);
#2181=DIRECTION('',(0.E0,0.E0,-1.E0));
#2182=VECTOR('',#2181,1.716926120242E-1);
#2183=CARTESIAN_POINT('',(5.1E-1,1.E-1,6.116926120242E-1));
#2184=LINE('',#2183,#2182);
#2185=DIRECTION('',(1.E0,0.E0,0.E0));
#2186=VECTOR('',#2185,1.8E-1);
#2187=CARTESIAN_POINT('',(5.1E-1,1.E-1,6.116926120242E-1));
#2188=LINE('',#2187,#2186);
#2189=DIRECTION('',(0.E0,0.E0,-1.E0));
#2190=VECTOR('',#2189,1.716926120242E-1);
#2191=CARTESIAN_POINT('',(6.9E-1,1.E-1,6.116926120242E-1));
#2192=LINE('',#2191,#2190);
#2193=DIRECTION('',(1.E0,0.E0,0.E0));
#2194=VECTOR('',#2193,2.2E-1);
#2195=CARTESIAN_POINT('',(6.9E-1,1.E-1,4.4E-1));
#2196=LINE('',#2195,#2194);
#2197=DIRECTION('',(0.E0,0.E0,-1.E0));
#2198=VECTOR('',#2197,1.716926120242E-1);
#2199=CARTESIAN_POINT('',(9.1E-1,1.E-1,6.116926120242E-1));
#2200=LINE('',#2199,#2198);
#2201=DIRECTION('',(1.E0,0.E0,0.E0));
#2202=VECTOR('',#2201,1.8E-1);
#2203=CARTESIAN_POINT('',(9.1E-1,1.E-1,6.116926120242E-1));
#2204=LINE('',#2203,#2202);
#2205=DIRECTION('',(0.E0,0.E0,-1.E0));
#2206=VECTOR('',#2205,1.716926120242E-1);
#2207=CARTESIAN_POINT('',(1.09E0,1.E-1,6.116926120242E-1));
#2208=LINE('',#2207,#2206);
#2209=DIRECTION('',(1.E0,0.E0,0.E0));
#2210=VECTOR('',#2209,2.2E-1);
#2211=CARTESIAN_POINT('',(1.09E0,1.E-1,4.4E-1));
#2212=LINE('',#2211,#2210);
#2213=DIRECTION('',(0.E0,0.E0,-1.E0));
#2214=VECTOR('',#2213,1.716926120242E-1);
#2215=CARTESIAN_POINT('',(1.31E0,1.E-1,6.116926120242E-1));
#2216=LINE('',#2215,#2214);
#2217=DIRECTION('',(1.E0,0.E0,0.E0));
#2218=VECTOR('',#2217,1.8E-1);
#2219=CARTESIAN_POINT('',(1.31E0,1.E-1,6.116926120242E-1));
#2220=LINE('',#2219,#2218);
#2221=DIRECTION('',(0.E0,0.E0,-1.E0));
#2222=VECTOR('',#2221,1.716926120242E-1);
#2223=CARTESIAN_POINT('',(1.49E0,1.E-1,6.116926120242E-1));
#2224=LINE('',#2223,#2222);
#2225=DIRECTION('',(9.999999999887E-1,2.721511878224E-6,3.885786363749E-6));
#2226=VECTOR('',#2225,1.350000015185E-1);
#2227=CARTESIAN_POINT('',(1.49E0,1.E-1,4.4E-1));
#2228=LINE('',#2227,#2226);
#2229=CARTESIAN_POINT('',(1.625E0,1.000018483144E-1,2.7E-1));
#2230=DIRECTION('',(0.E0,1.E0,0.E0));
#2231=DIRECTION('',(0.E0,0.E0,1.E0));
#2232=AXIS2_PLACEMENT_3D('',#2229,#2230,#2231);
#2234=DIRECTION('',(-5.316159004389E-11,7.594400886554E-11,-1.E0));
#2235=VECTOR('',#2234,5.400000031722E-1);
#2236=CARTESIAN_POINT('',(1.795000524610E0,1.000003673631E-1,
2.700000016552E-1));
#2237=LINE('',#2236,#2235);
#2238=CARTESIAN_POINT('',(1.625E0,1.000018483144E-1,-2.7E-1));
#2239=DIRECTION('',(0.E0,1.E0,0.E0));
#2240=DIRECTION('',(1.E0,0.E0,0.E0));
#2241=AXIS2_PLACEMENT_3D('',#2238,#2239,#2240);
#2243=DIRECTION('',(-9.999999999887E-1,-2.721208099508E-6,3.885999007365E-6));
#2244=VECTOR('',#2243,1.350000016567E-1);
#2245=CARTESIAN_POINT('',(1.625000001655E0,1.000003673631E-1,
-4.400005246099E-1));
#2246=LINE('',#2245,#2244);
#2247=DIRECTION('',(0.E0,0.E0,-1.E0));
#2248=VECTOR('',#2247,1.716926120242E-1);
#2249=CARTESIAN_POINT('',(1.49E0,1.E-1,-4.4E-1));
#2250=LINE('',#2249,#2248);
#2251=DIRECTION('',(1.E0,0.E0,0.E0));
#2252=VECTOR('',#2251,1.8E-1);
#2253=CARTESIAN_POINT('',(1.31E0,1.E-1,-6.116926120242E-1));
#2254=LINE('',#2253,#2252);
#2255=DIRECTION('',(0.E0,0.E0,-1.E0));
#2256=VECTOR('',#2255,1.716926120242E-1);
#2257=CARTESIAN_POINT('',(1.31E0,1.E-1,-4.4E-1));
#2258=LINE('',#2257,#2256);
#2259=DIRECTION('',(-1.E0,0.E0,0.E0));
#2260=VECTOR('',#2259,2.2E-1);
#2261=CARTESIAN_POINT('',(1.31E0,1.E-1,-4.4E-1));
#2262=LINE('',#2261,#2260);
#2263=DIRECTION('',(0.E0,0.E0,-1.E0));
#2264=VECTOR('',#2263,1.716926120242E-1);
#2265=CARTESIAN_POINT('',(1.09E0,1.E-1,-4.4E-1));
#2266=LINE('',#2265,#2264);
#2267=DIRECTION('',(1.E0,0.E0,0.E0));
#2268=VECTOR('',#2267,1.8E-1);
#2269=CARTESIAN_POINT('',(9.1E-1,1.E-1,-6.116926120242E-1));
#2270=LINE('',#2269,#2268);
#2271=DIRECTION('',(0.E0,0.E0,-1.E0));
#2272=VECTOR('',#2271,1.716926120242E-1);
#2273=CARTESIAN_POINT('',(9.1E-1,1.E-1,-4.4E-1));
#2274=LINE('',#2273,#2272);
#2275=DIRECTION('',(-1.E0,0.E0,0.E0));
#2276=VECTOR('',#2275,2.2E-1);
#2277=CARTESIAN_POINT('',(9.1E-1,1.E-1,-4.4E-1));
#2278=LINE('',#2277,#2276);
#2279=DIRECTION('',(0.E0,0.E0,-1.E0));
#2280=VECTOR('',#2279,1.716926120242E-1);
#2281=CARTESIAN_POINT('',(6.9E-1,1.E-1,-4.4E-1));
#2282=LINE('',#2281,#2280);
#2283=DIRECTION('',(1.E0,0.E0,0.E0));
#2284=VECTOR('',#2283,1.8E-1);
#2285=CARTESIAN_POINT('',(5.1E-1,1.E-1,-6.116926120242E-1));
#2286=LINE('',#2285,#2284);
#2287=DIRECTION('',(0.E0,0.E0,-1.E0));
#2288=VECTOR('',#2287,1.716926120242E-1);
#2289=CARTESIAN_POINT('',(5.1E-1,1.E-1,-4.4E-1));
#2290=LINE('',#2289,#2288);
#2291=DIRECTION('',(-1.E0,0.E0,0.E0));
#2292=VECTOR('',#2291,2.2E-1);
#2293=CARTESIAN_POINT('',(5.1E-1,1.E-1,-4.4E-1));
#2294=LINE('',#2293,#2292);
#2295=DIRECTION('',(0.E0,0.E0,-1.E0));
#2296=VECTOR('',#2295,1.716926120242E-1);
#2297=CARTESIAN_POINT('',(2.9E-1,1.E-1,-4.4E-1));
#2298=LINE('',#2297,#2296);
#2299=DIRECTION('',(1.E0,0.E0,0.E0));
#2300=VECTOR('',#2299,1.8E-1);
#2301=CARTESIAN_POINT('',(1.1E-1,1.E-1,-6.116926120242E-1));
#2302=LINE('',#2301,#2300);
#2303=DIRECTION('',(0.E0,0.E0,-1.E0));
#2304=VECTOR('',#2303,1.716926120242E-1);
#2305=CARTESIAN_POINT('',(1.1E-1,1.E-1,-4.4E-1));
#2306=LINE('',#2305,#2304);
#2307=DIRECTION('',(-1.E0,0.E0,0.E0));
#2308=VECTOR('',#2307,2.2E-1);
#2309=CARTESIAN_POINT('',(1.1E-1,1.E-1,-4.4E-1));
#2310=LINE('',#2309,#2308);
#2311=DIRECTION('',(0.E0,0.E0,-1.E0));
#2312=VECTOR('',#2311,1.716926120242E-1);
#2313=CARTESIAN_POINT('',(-1.1E-1,1.E-1,-4.4E-1));
#2314=LINE('',#2313,#2312);
#2315=DIRECTION('',(1.E0,0.E0,0.E0));
#2316=VECTOR('',#2315,1.8E-1);
#2317=CARTESIAN_POINT('',(-2.9E-1,1.E-1,-6.116926120242E-1));
#2318=LINE('',#2317,#2316);
#2319=DIRECTION('',(0.E0,0.E0,-1.E0));
#2320=VECTOR('',#2319,1.716926120242E-1);
#2321=CARTESIAN_POINT('',(-2.9E-1,1.E-1,-4.4E-1));
#2322=LINE('',#2321,#2320);
#2323=DIRECTION('',(-1.E0,0.E0,0.E0));
#2324=VECTOR('',#2323,2.2E-1);
#2325=CARTESIAN_POINT('',(-2.9E-1,1.E-1,-4.4E-1));
#2326=LINE('',#2325,#2324);
#2327=DIRECTION('',(0.E0,0.E0,-1.E0));
#2328=VECTOR('',#2327,1.716926120242E-1);
#2329=CARTESIAN_POINT('',(-5.1E-1,1.E-1,-4.4E-1));
#2330=LINE('',#2329,#2328);
#2331=DIRECTION('',(1.E0,0.E0,0.E0));
#2332=VECTOR('',#2331,1.8E-1);
#2333=CARTESIAN_POINT('',(-6.9E-1,1.E-1,-6.116926120242E-1));
#2334=LINE('',#2333,#2332);
#2335=DIRECTION('',(0.E0,0.E0,-1.E0));
#2336=VECTOR('',#2335,1.716926120242E-1);
#2337=CARTESIAN_POINT('',(-6.9E-1,1.E-1,-4.4E-1));
#2338=LINE('',#2337,#2336);
#2339=DIRECTION('',(-1.E0,0.E0,0.E0));
#2340=VECTOR('',#2339,2.2E-1);
#2341=CARTESIAN_POINT('',(-6.9E-1,1.E-1,-4.4E-1));
#2342=LINE('',#2341,#2340);
#2343=DIRECTION('',(0.E0,0.E0,-1.E0));
#2344=VECTOR('',#2343,1.716926120242E-1);
#2345=CARTESIAN_POINT('',(-9.1E-1,1.E-1,-4.4E-1));
#2346=LINE('',#2345,#2344);
#2347=DIRECTION('',(1.E0,0.E0,0.E0));
#2348=VECTOR('',#2347,1.8E-1);
#2349=CARTESIAN_POINT('',(-1.09E0,1.E-1,-6.116926120242E-1));
#2350=LINE('',#2349,#2348);
#2351=DIRECTION('',(0.E0,0.E0,-1.E0));
#2352=VECTOR('',#2351,1.716926120242E-1);
#2353=CARTESIAN_POINT('',(-1.09E0,1.E-1,-4.4E-1));
#2354=LINE('',#2353,#2352);
#2355=DIRECTION('',(-1.E0,0.E0,0.E0));
#2356=VECTOR('',#2355,2.2E-1);
#2357=CARTESIAN_POINT('',(-1.09E0,1.E-1,-4.4E-1));
#2358=LINE('',#2357,#2356);
#2359=DIRECTION('',(0.E0,0.E0,-1.E0));
#2360=VECTOR('',#2359,1.716926120242E-1);
#2361=CARTESIAN_POINT('',(-1.31E0,1.E-1,-4.4E-1));
#2362=LINE('',#2361,#2360);
#2363=DIRECTION('',(1.E0,0.E0,0.E0));
#2364=VECTOR('',#2363,1.8E-1);
#2365=CARTESIAN_POINT('',(-1.49E0,1.E-1,-6.116926120242E-1));
#2366=LINE('',#2365,#2364);
#2367=DIRECTION('',(0.E0,0.E0,-1.E0));
#2368=VECTOR('',#2367,1.716926120242E-1);
#2369=CARTESIAN_POINT('',(-1.49E0,1.E-1,-4.4E-1));
#2370=LINE('',#2369,#2368);
#2371=DIRECTION('',(-9.999999999887E-1,2.721511878224E-6,-3.885786363749E-6));
#2372=VECTOR('',#2371,1.350000015185E-1);
#2373=CARTESIAN_POINT('',(-1.49E0,1.E-1,-4.4E-1));
#2374=LINE('',#2373,#2372);
#2375=CARTESIAN_POINT('',(-1.625E0,1.000018483144E-1,-2.7E-1));
#2376=DIRECTION('',(0.E0,1.E0,0.E0));
#2377=DIRECTION('',(0.E0,0.E0,-1.E0));
#2378=AXIS2_PLACEMENT_3D('',#2375,#2376,#2377);
#2380=DIRECTION('',(5.316159004389E-11,7.594400886554E-11,1.E0));
#2381=VECTOR('',#2380,5.400000031722E-1);
#2382=CARTESIAN_POINT('',(-1.795000524610E0,1.000003673631E-1,
-2.700000016552E-1));
#2383=LINE('',#2382,#2381);
#2384=CARTESIAN_POINT('',(-1.625E0,1.000018483144E-1,2.7E-1));
#2385=DIRECTION('',(0.E0,1.E0,0.E0));
#2386=DIRECTION('',(-1.E0,0.E0,0.E0));
#2387=AXIS2_PLACEMENT_3D('',#2384,#2385,#2386);
#2389=DIRECTION('',(9.999999999887E-1,-2.721208099508E-6,-3.885999007365E-6));
#2390=VECTOR('',#2389,1.350000016567E-1);
#2391=CARTESIAN_POINT('',(-1.625000001655E0,1.000003673631E-1,
4.400005246099E-1));
#2392=LINE('',#2391,#2390);
#2393=CARTESIAN_POINT('',(-1.49E0,1.996831997875E-1,6.2E-1));
#2394=DIRECTION('',(-1.E0,0.E0,0.E0));
#2395=DIRECTION('',(0.E0,-9.968319978750E-1,7.953595421243E-2));
#2396=AXIS2_PLACEMENT_3D('',#2393,#2394,#2395);
#2398=DIRECTION('',(0.E0,1.E0,0.E0));
#2399=VECTOR('',#2398,1.381049525984E-1);
#2400=CARTESIAN_POINT('',(-1.49E0,1.996831997875E-1,7.2E-1));
#2401=LINE('',#2400,#2399);
#2402=CARTESIAN_POINT('',(-1.49E0,3.377881523859E-1,6.7E-1));
#2403=DIRECTION('',(-1.E0,0.E0,0.E0));
#2404=DIRECTION('',(0.E0,0.E0,1.E0));
#2405=AXIS2_PLACEMENT_3D('',#2402,#2403,#2404);
#2407=DIRECTION('',(0.E0,9.072643437821E-1,-4.205608285392E-1));
#2408=VECTOR('',#2407,3.384751378868E-2);
#2409=CARTESIAN_POINT('',(-1.49E0,3.588161938129E-1,7.153632171891E-1));
#2410=LINE('',#2409,#2408);
#2411=CARTESIAN_POINT('',(-1.49E0,4.399921356237E-1,8.1E-1));
#2412=DIRECTION('',(1.E0,0.E0,0.E0));
#2413=DIRECTION('',(0.E0,-4.205608285392E-1,-9.072643437821E-1));
#2414=AXIS2_PLACEMENT_3D('',#2411,#2412,#2413);
#2416=DIRECTION('',(0.E0,7.071067811866E-1,7.071067811865E-1));
#2417=VECTOR('',#2416,4.928932188135E-2);
#2418=CARTESIAN_POINT('',(-1.49E0,5.248449493661E-1,7.251471862576E-1));
#2419=LINE('',#2418,#2417);
#2420=CARTESIAN_POINT('',(-1.49E0,1.897179320238E-1,4.5E-1));
#2421=DIRECTION('',(-1.E0,0.E0,0.E0));
#2422=DIRECTION('',(0.E0,-9.735295401011E-1,-2.285612271376E-1));
#2423=AXIS2_PLACEMENT_3D('',#2420,#2421,#2422);
#2425=DIRECTION('',(0.E0,-5.913040468104E-2,9.982502668381E-1));
#2426=VECTOR('',#2425,1.667147507266E-1);
#2427=CARTESIAN_POINT('',(-1.49E0,1.098579106768E-1,4.452695676255E-1));
#2428=LINE('',#2427,#2426);
#2429=DIRECTION('',(0.E0,5.913040468104E-2,9.982502668381E-1));
#2430=VECTOR('',#2429,1.667147507266E-1);
#2431=CARTESIAN_POINT('',(-1.49E0,1.E-1,-6.116926120242E-1));
#2432=LINE('',#2431,#2430);
#2433=CARTESIAN_POINT('',(-1.49E0,1.897179320238E-1,-4.5E-1));
#2434=DIRECTION('',(-1.E0,0.E0,0.E0));
#2435=DIRECTION('',(0.E0,-9.982502668381E-1,5.913040468104E-2));
#2436=AXIS2_PLACEMENT_3D('',#2433,#2434,#2435);
#2438=DIRECTION('',(0.E0,8.964864303834E-1,-4.430711908242E-1));
#2439=VECTOR('',#2438,1.346255608959E-1);
#2440=CARTESIAN_POINT('',(-1.49E0,2.850030229848E-1,-3.7E-1));
#2441=LINE('',#2440,#2439);
#2442=DIRECTION('',(0.E0,4.316134911876E-1,-9.020586423425E-1));
#2443=VECTOR('',#2442,4.473244922714E-2);
#2444=CARTESIAN_POINT('',(-1.49E0,4.056930115107E-1,-4.296487075815E-1));
#2445=LINE('',#2444,#2443);
#2446=DIRECTION('',(0.E0,1.E0,0.E0));
#2447=VECTOR('',#2446,7.E-2);
#2448=CARTESIAN_POINT('',(-1.49E0,4.250001400910E-1,-4.7E-1));
#2449=LINE('',#2448,#2447);
#2450=DIRECTION('',(0.E0,4.622841805883E-1,8.867318288963E-1));
#2451=VECTOR('',#2450,9.447228486817E-2);
#2452=CARTESIAN_POINT('',(-1.49E0,4.950001400910E-1,-4.7E-1));
#2453=LINE('',#2452,#2451);
#2454=CARTESIAN_POINT('',(-1.49E0,4.5E-1,-3.4E-1));
#2455=DIRECTION('',(1.E0,0.E0,0.E0));
#2456=DIRECTION('',(0.E0,8.867318288963E-1,-4.622841805883E-1));
#2457=AXIS2_PLACEMENT_3D('',#2454,#2455,#2456);
#2459=DIRECTION('',(0.E0,-8.964864303834E-1,4.430711908242E-1));
#2460=VECTOR('',#2459,1.322464050176E-2);
#2461=CARTESIAN_POINT('',(-1.49E0,4.322771523670E-1,-3.758594572153E-1));
#2462=LINE('',#2461,#2460);
#2463=DIRECTION('',(0.E0,8.964864303834E-1,4.430711908242E-1));
#2464=VECTOR('',#2463,1.322464050176E-2);
#2465=CARTESIAN_POINT('',(-1.49E0,4.204214416105E-1,3.7E-1));
#2466=LINE('',#2465,#2464);
#2467=CARTESIAN_POINT('',(-1.49E0,4.5E-1,3.4E-1));
#2468=DIRECTION('',(1.E0,0.E0,0.E0));
#2469=DIRECTION('',(0.E0,9.539392014169E-1,3.E-1));
#2470=AXIS2_PLACEMENT_3D('',#2467,#2468,#2469);
#2472=DIRECTION('',(0.E0,-4.622841805883E-1,8.867318288963E-1));
#2473=VECTOR('',#2472,9.447228486817E-2);
#2474=CARTESIAN_POINT('',(-1.49E0,5.386731828896E-1,3.862284180588E-1));
#2475=LINE('',#2474,#2473);
#2476=DIRECTION('',(0.E0,-1.E0,0.E0));
#2477=VECTOR('',#2476,7.E-2);
#2478=CARTESIAN_POINT('',(-1.49E0,4.950001400910E-1,4.7E-1));
#2479=LINE('',#2478,#2477);
#2480=DIRECTION('',(0.E0,-4.316134911876E-1,-9.020586423425E-1));
#2481=VECTOR('',#2480,4.473244922714E-2);
#2482=CARTESIAN_POINT('',(-1.49E0,4.250001400910E-1,4.7E-1));
#2483=LINE('',#2482,#2481);
#2484=DIRECTION('',(0.E0,-8.964864303834E-1,-4.430711908242E-1));
#2485=VECTOR('',#2484,1.346255608959E-1);
#2486=CARTESIAN_POINT('',(-1.49E0,4.056930115107E-1,4.296487075815E-1));
#2487=LINE('',#2486,#2485);
#2488=DIRECTION('',(0.E0,-7.071067811866E-1,7.071067811865E-1));
#2489=VECTOR('',#2488,4.928932188135E-2);
#2490=CARTESIAN_POINT('',(-1.49E0,5.596977631085E-1,-7.6E-1));
#2491=LINE('',#2490,#2489);
#2492=CARTESIAN_POINT('',(-1.49E0,4.399921356237E-1,-8.1E-1));
#2493=DIRECTION('',(1.E0,0.E0,0.E0));
#2494=DIRECTION('',(0.E0,7.071067811865E-1,7.071067811865E-1));
#2495=AXIS2_PLACEMENT_3D('',#2492,#2493,#2494);
#2497=DIRECTION('',(0.E0,-9.072643437821E-1,-4.205608285392E-1));
#2498=VECTOR('',#2497,3.384751378868E-2);
#2499=CARTESIAN_POINT('',(-1.49E0,3.895248361990E-1,-7.011282787461E-1));
#2500=LINE('',#2499,#2498);
#2501=CARTESIAN_POINT('',(-1.49E0,3.377881523859E-1,-6.7E-1));
#2502=DIRECTION('',(-1.E0,0.E0,0.E0));
#2503=DIRECTION('',(0.E0,4.205608285392E-1,-9.072643437821E-1));
#2504=AXIS2_PLACEMENT_3D('',#2501,#2502,#2503);
#2506=DIRECTION('',(0.E0,-1.E0,0.E0));
#2507=VECTOR('',#2506,1.381049525984E-1);
#2508=CARTESIAN_POINT('',(-1.49E0,3.377881523859E-1,-7.2E-1));
#2509=LINE('',#2508,#2507);
#2510=CARTESIAN_POINT('',(-1.49E0,1.996831997875E-1,-6.2E-1));
#2511=DIRECTION('',(-1.E0,0.E0,0.E0));
#2512=DIRECTION('',(0.E0,0.E0,-1.E0));
#2513=AXIS2_PLACEMENT_3D('',#2510,#2511,#2512);
#2515=DIRECTION('',(0.E0,7.071067811866E-1,7.071067811865E-1));
#2516=VECTOR('',#2515,4.928932188135E-2);
#2517=CARTESIAN_POINT('',(-1.31E0,5.248449493661E-1,7.251471862576E-1));
#2518=LINE('',#2517,#2516);
#2519=CARTESIAN_POINT('',(-1.31E0,4.399921356237E-1,8.1E-1));
#2520=DIRECTION('',(1.E0,0.E0,0.E0));
#2521=DIRECTION('',(0.E0,-4.205608285392E-1,-9.072643437821E-1));
#2522=AXIS2_PLACEMENT_3D('',#2519,#2520,#2521);
#2524=DIRECTION('',(0.E0,9.072643437821E-1,-4.205608285392E-1));
#2525=VECTOR('',#2524,3.384751378868E-2);
#2526=CARTESIAN_POINT('',(-1.31E0,3.588161938129E-1,7.153632171891E-1));
#2527=LINE('',#2526,#2525);
#2528=CARTESIAN_POINT('',(-1.31E0,3.377881523859E-1,6.7E-1));
#2529=DIRECTION('',(-1.E0,0.E0,0.E0));
#2530=DIRECTION('',(0.E0,0.E0,1.E0));
#2531=AXIS2_PLACEMENT_3D('',#2528,#2529,#2530);
#2533=DIRECTION('',(0.E0,1.E0,0.E0));
#2534=VECTOR('',#2533,1.381049525984E-1);
#2535=CARTESIAN_POINT('',(-1.31E0,1.996831997875E-1,7.2E-1));
#2536=LINE('',#2535,#2534);
#2537=CARTESIAN_POINT('',(-1.31E0,1.996831997875E-1,6.2E-1));
#2538=DIRECTION('',(-1.E0,0.E0,0.E0));
#2539=DIRECTION('',(0.E0,-9.968319978750E-1,7.953595421243E-2));
#2540=AXIS2_PLACEMENT_3D('',#2537,#2538,#2539);
#2542=DIRECTION('',(0.E0,-5.913040468104E-2,9.982502668381E-1));
#2543=VECTOR('',#2542,1.667147507266E-1);
#2544=CARTESIAN_POINT('',(-1.31E0,1.098579106768E-1,4.452695676255E-1));
#2545=LINE('',#2544,#2543);
#2546=CARTESIAN_POINT('',(-1.31E0,1.897179320238E-1,4.5E-1));
#2547=DIRECTION('',(-1.E0,0.E0,0.E0));
#2548=DIRECTION('',(0.E0,-9.735295401011E-1,-2.285612271376E-1));
#2549=AXIS2_PLACEMENT_3D('',#2546,#2547,#2548);
#2551=CARTESIAN_POINT('',(-1.31E0,1.897179320238E-1,-4.5E-1));
#2552=DIRECTION('',(-1.E0,0.E0,0.E0));
#2553=DIRECTION('',(0.E0,-9.982502668381E-1,5.913040468104E-2));
#2554=AXIS2_PLACEMENT_3D('',#2551,#2552,#2553);
#2556=DIRECTION('',(0.E0,5.913040468104E-2,9.982502668381E-1));
#2557=VECTOR('',#2556,1.667147507266E-1);
#2558=CARTESIAN_POINT('',(-1.31E0,1.E-1,-6.116926120242E-1));
#2559=LINE('',#2558,#2557);
#2560=DIRECTION('',(0.E0,-8.964864303834E-1,4.430711908242E-1));
#2561=VECTOR('',#2560,1.322464050176E-2);
#2562=CARTESIAN_POINT('',(-1.31E0,4.322771523670E-1,-3.758594572153E-1));
#2563=LINE('',#2562,#2561);
#2564=CARTESIAN_POINT('',(-1.31E0,4.5E-1,-3.4E-1));
#2565=DIRECTION('',(1.E0,0.E0,0.E0));
#2566=DIRECTION('',(0.E0,8.867318288963E-1,-4.622841805883E-1));
#2567=AXIS2_PLACEMENT_3D('',#2564,#2565,#2566);
#2569=DIRECTION('',(0.E0,4.622841805883E-1,8.867318288963E-1));
#2570=VECTOR('',#2569,9.447228486817E-2);
#2571=CARTESIAN_POINT('',(-1.31E0,4.950001400910E-1,-4.7E-1));
#2572=LINE('',#2571,#2570);
#2573=DIRECTION('',(0.E0,1.E0,0.E0));
#2574=VECTOR('',#2573,7.E-2);
#2575=CARTESIAN_POINT('',(-1.31E0,4.250001400910E-1,-4.7E-1));
#2576=LINE('',#2575,#2574);
#2577=DIRECTION('',(0.E0,4.316134911876E-1,-9.020586423425E-1));
#2578=VECTOR('',#2577,4.473244922714E-2);
#2579=CARTESIAN_POINT('',(-1.31E0,4.056930115107E-1,-4.296487075815E-1));
#2580=LINE('',#2579,#2578);
#2581=DIRECTION('',(0.E0,8.964864303834E-1,-4.430711908242E-1));
#2582=VECTOR('',#2581,1.346255608959E-1);
#2583=CARTESIAN_POINT('',(-1.31E0,2.850030229848E-1,-3.7E-1));
#2584=LINE('',#2583,#2582);
#2585=DIRECTION('',(0.E0,-8.964864303834E-1,-4.430711908242E-1));
#2586=VECTOR('',#2585,1.346255608959E-1);
#2587=CARTESIAN_POINT('',(-1.31E0,4.056930115107E-1,4.296487075815E-1));
#2588=LINE('',#2587,#2586);
#2589=DIRECTION('',(0.E0,-4.316134911876E-1,-9.020586423425E-1));
#2590=VECTOR('',#2589,4.473244922714E-2);
#2591=CARTESIAN_POINT('',(-1.31E0,4.250001400910E-1,4.7E-1));
#2592=LINE('',#2591,#2590);
#2593=DIRECTION('',(0.E0,-1.E0,0.E0));
#2594=VECTOR('',#2593,7.E-2);
#2595=CARTESIAN_POINT('',(-1.31E0,4.950001400910E-1,4.7E-1));
#2596=LINE('',#2595,#2594);
#2597=DIRECTION('',(0.E0,-4.622841805883E-1,8.867318288963E-1));
#2598=VECTOR('',#2597,9.447228486817E-2);
#2599=CARTESIAN_POINT('',(-1.31E0,5.386731828896E-1,3.862284180588E-1));
#2600=LINE('',#2599,#2598);
#2601=CARTESIAN_POINT('',(-1.31E0,4.5E-1,3.4E-1));
#2602=DIRECTION('',(1.E0,0.E0,0.E0));
#2603=DIRECTION('',(0.E0,9.539392014169E-1,3.E-1));
#2604=AXIS2_PLACEMENT_3D('',#2601,#2602,#2603);
#2606=DIRECTION('',(0.E0,8.964864303834E-1,4.430711908242E-1));
#2607=VECTOR('',#2606,1.322464050176E-2);
#2608=CARTESIAN_POINT('',(-1.31E0,4.204214416105E-1,3.7E-1));
#2609=LINE('',#2608,#2607);
#2610=CARTESIAN_POINT('',(-1.31E0,1.996831997875E-1,-6.2E-1));
#2611=DIRECTION('',(-1.E0,0.E0,0.E0));
#2612=DIRECTION('',(0.E0,0.E0,-1.E0));
#2613=AXIS2_PLACEMENT_3D('',#2610,#2611,#2612);
#2615=DIRECTION('',(0.E0,-1.E0,0.E0));
#2616=VECTOR('',#2615,1.381049525984E-1);
#2617=CARTESIAN_POINT('',(-1.31E0,3.377881523859E-1,-7.2E-1));
#2618=LINE('',#2617,#2616);
#2619=CARTESIAN_POINT('',(-1.31E0,3.377881523859E-1,-6.7E-1));
#2620=DIRECTION('',(-1.E0,0.E0,0.E0));
#2621=DIRECTION('',(0.E0,4.205608285392E-1,-9.072643437821E-1));
#2622=AXIS2_PLACEMENT_3D('',#2619,#2620,#2621);
#2624=DIRECTION('',(0.E0,-9.072643437821E-1,-4.205608285392E-1));
#2625=VECTOR('',#2624,3.384751378868E-2);
#2626=CARTESIAN_POINT('',(-1.31E0,3.895248361990E-1,-7.011282787461E-1));
#2627=LINE('',#2626,#2625);
#2628=CARTESIAN_POINT('',(-1.31E0,4.399921356237E-1,-8.1E-1));
#2629=DIRECTION('',(1.E0,0.E0,0.E0));
#2630=DIRECTION('',(0.E0,7.071067811865E-1,7.071067811865E-1));
#2631=AXIS2_PLACEMENT_3D('',#2628,#2629,#2630);
#2633=DIRECTION('',(0.E0,-7.071067811866E-1,7.071067811865E-1));
#2634=VECTOR('',#2633,4.928932188135E-2);
#2635=CARTESIAN_POINT('',(-1.31E0,5.596977631085E-1,-7.6E-1));
#2636=LINE('',#2635,#2634);
#2637=DIRECTION('',(0.E0,1.E0,0.E0));
#2638=VECTOR('',#2637,4.596977631085E-1);
#2639=CARTESIAN_POINT('',(-1.49E0,1.E-1,7.6E-1));
#2640=LINE('',#2639,#2638);
#2641=DIRECTION('',(1.E0,0.E0,0.E0));
#2642=VECTOR('',#2641,1.8E-1);
#2643=CARTESIAN_POINT('',(-1.49E0,5.596977631085E-1,7.6E-1));
#2644=LINE('',#2643,#2642);
#2645=DIRECTION('',(0.E0,1.E0,0.E0));
#2646=VECTOR('',#2645,4.596977631085E-1);
#2647=CARTESIAN_POINT('',(-1.31E0,1.E-1,7.6E-1));
#2648=LINE('',#2647,#2646);
#2649=DIRECTION('',(0.E0,1.E0,0.E0));
#2650=VECTOR('',#2649,4.596977631085E-1);
#2651=CARTESIAN_POINT('',(-1.09E0,1.E-1,7.6E-1));
#2652=LINE('',#2651,#2650);
#2653=DIRECTION('',(1.E0,0.E0,0.E0));
#2654=VECTOR('',#2653,1.8E-1);
#2655=CARTESIAN_POINT('',(-1.09E0,5.596977631085E-1,7.6E-1));
#2656=LINE('',#2655,#2654);
#2657=DIRECTION('',(0.E0,1.E0,0.E0));
#2658=VECTOR('',#2657,4.596977631085E-1);
#2659=CARTESIAN_POINT('',(-9.1E-1,1.E-1,7.6E-1));
#2660=LINE('',#2659,#2658);
#2661=DIRECTION('',(0.E0,1.E0,0.E0));
#2662=VECTOR('',#2661,4.596977631085E-1);
#2663=CARTESIAN_POINT('',(-6.9E-1,1.E-1,7.6E-1));
#2664=LINE('',#2663,#2662);
#2665=DIRECTION('',(1.E0,0.E0,0.E0));
#2666=VECTOR('',#2665,1.8E-1);
#2667=CARTESIAN_POINT('',(-6.9E-1,5.596977631085E-1,7.6E-1));
#2668=LINE('',#2667,#2666);
#2669=DIRECTION('',(0.E0,1.E0,0.E0));
#2670=VECTOR('',#2669,4.596977631085E-1);
#2671=CARTESIAN_POINT('',(-5.1E-1,1.E-1,7.6E-1));
#2672=LINE('',#2671,#2670);
#2673=DIRECTION('',(0.E0,1.E0,0.E0));
#2674=VECTOR('',#2673,4.596977631085E-1);
#2675=CARTESIAN_POINT('',(-2.9E-1,1.E-1,7.6E-1));
#2676=LINE('',#2675,#2674);
#2677=DIRECTION('',(1.E0,0.E0,0.E0));
#2678=VECTOR('',#2677,1.8E-1);
#2679=CARTESIAN_POINT('',(-2.9E-1,5.596977631085E-1,7.6E-1));
#2680=LINE('',#2679,#2678);
#2681=DIRECTION('',(0.E0,1.E0,0.E0));
#2682=VECTOR('',#2681,4.596977631085E-1);
#2683=CARTESIAN_POINT('',(-1.1E-1,1.E-1,7.6E-1));
#2684=LINE('',#2683,#2682);
#2685=DIRECTION('',(0.E0,1.E0,0.E0));
#2686=VECTOR('',#2685,4.596977631085E-1);
#2687=CARTESIAN_POINT('',(1.1E-1,1.E-1,7.6E-1));
#2688=LINE('',#2687,#2686);
#2689=DIRECTION('',(1.E0,0.E0,0.E0));
#2690=VECTOR('',#2689,1.8E-1);
#2691=CARTESIAN_POINT('',(1.1E-1,5.596977631085E-1,7.6E-1));
#2692=LINE('',#2691,#2690);
#2693=DIRECTION('',(0.E0,1.E0,0.E0));
#2694=VECTOR('',#2693,4.596977631085E-1);
#2695=CARTESIAN_POINT('',(2.9E-1,1.E-1,7.6E-1));
#2696=LINE('',#2695,#2694);
#2697=DIRECTION('',(0.E0,1.E0,0.E0));
#2698=VECTOR('',#2697,4.596977631085E-1);
#2699=CARTESIAN_POINT('',(5.1E-1,1.E-1,7.6E-1));
#2700=LINE('',#2699,#2698);
#2701=DIRECTION('',(1.E0,0.E0,0.E0));
#2702=VECTOR('',#2701,1.8E-1);
#2703=CARTESIAN_POINT('',(5.1E-1,5.596977631085E-1,7.6E-1));
#2704=LINE('',#2703,#2702);
#2705=DIRECTION('',(0.E0,1.E0,0.E0));
#2706=VECTOR('',#2705,4.596977631085E-1);
#2707=CARTESIAN_POINT('',(6.9E-1,1.E-1,7.6E-1));
#2708=LINE('',#2707,#2706);
#2709=DIRECTION('',(0.E0,1.E0,0.E0));
#2710=VECTOR('',#2709,4.596977631085E-1);
#2711=CARTESIAN_POINT('',(9.1E-1,1.E-1,7.6E-1));
#2712=LINE('',#2711,#2710);
#2713=DIRECTION('',(1.E0,0.E0,0.E0));
#2714=VECTOR('',#2713,1.8E-1);
#2715=CARTESIAN_POINT('',(9.1E-1,5.596977631085E-1,7.6E-1));
#2716=LINE('',#2715,#2714);
#2717=DIRECTION('',(0.E0,1.E0,0.E0));
#2718=VECTOR('',#2717,4.596977631085E-1);
#2719=CARTESIAN_POINT('',(1.09E0,1.E-1,7.6E-1));
#2720=LINE('',#2719,#2718);
#2721=DIRECTION('',(0.E0,1.E0,0.E0));
#2722=VECTOR('',#2721,4.596977631085E-1);
#2723=CARTESIAN_POINT('',(1.31E0,1.E-1,7.6E-1));
#2724=LINE('',#2723,#2722);
#2725=DIRECTION('',(1.E0,0.E0,0.E0));
#2726=VECTOR('',#2725,1.8E-1);
#2727=CARTESIAN_POINT('',(1.31E0,5.596977631085E-1,7.6E-1));
#2728=LINE('',#2727,#2726);
#2729=DIRECTION('',(0.E0,1.E0,0.E0));
#2730=VECTOR('',#2729,4.596977631085E-1);
#2731=CARTESIAN_POINT('',(1.49E0,1.E-1,7.6E-1));
#2732=LINE('',#2731,#2730);
#2733=DIRECTION('',(-1.E0,0.E0,0.E0));
#2734=VECTOR('',#2733,3.31E0);
#2735=CARTESIAN_POINT('',(1.655E0,5.9E-1,7.6E-1));
#2736=LINE('',#2735,#2734);
#2737=DIRECTION('',(0.E0,-1.E0,0.E0));
#2738=VECTOR('',#2737,4.9E-1);
#2739=CARTESIAN_POINT('',(-1.655E0,5.9E-1,7.6E-1));
#2740=LINE('',#2739,#2738);
#2741=DIRECTION('',(1.E0,0.E0,0.E0));
#2742=VECTOR('',#2741,1.8E-1);
#2743=CARTESIAN_POINT('',(-1.49E0,5.248449493661E-1,7.251471862576E-1));
#2744=LINE('',#2743,#2742);
#2745=DIRECTION('',(1.E0,0.E0,0.E0));
#2746=VECTOR('',#2745,1.8E-1);
#2747=CARTESIAN_POINT('',(-1.49E0,3.895248361990E-1,7.011282787461E-1));
#2748=LINE('',#2747,#2746);
#2749=DIRECTION('',(1.E0,0.E0,0.E0));
#2750=VECTOR('',#2749,1.8E-1);
#2751=CARTESIAN_POINT('',(-1.49E0,3.588161938129E-1,7.153632171891E-1));
#2752=LINE('',#2751,#2750);
#2753=DIRECTION('',(1.E0,0.E0,0.E0));
#2754=VECTOR('',#2753,1.8E-1);
#2755=CARTESIAN_POINT('',(-1.49E0,3.377881523859E-1,7.2E-1));
#2756=LINE('',#2755,#2754);
#2757=DIRECTION('',(1.E0,0.E0,0.E0));
#2758=VECTOR('',#2757,1.8E-1);
#2759=CARTESIAN_POINT('',(-1.49E0,1.996831997875E-1,7.2E-1));
#2760=LINE('',#2759,#2758);
#2761=CARTESIAN_POINT('',(-1.09E0,1.996831997875E-1,6.2E-1));
#2762=DIRECTION('',(-1.E0,0.E0,0.E0));
#2763=DIRECTION('',(0.E0,-9.968319978750E-1,7.953595421243E-2));
#2764=AXIS2_PLACEMENT_3D('',#2761,#2762,#2763);
#2766=DIRECTION('',(0.E0,1.E0,0.E0));
#2767=VECTOR('',#2766,1.381049525984E-1);
#2768=CARTESIAN_POINT('',(-1.09E0,1.996831997875E-1,7.2E-1));
#2769=LINE('',#2768,#2767);
#2770=CARTESIAN_POINT('',(-1.09E0,3.377881523859E-1,6.7E-1));
#2771=DIRECTION('',(-1.E0,0.E0,0.E0));
#2772=DIRECTION('',(0.E0,0.E0,1.E0));
#2773=AXIS2_PLACEMENT_3D('',#2770,#2771,#2772);
#2775=DIRECTION('',(0.E0,9.072643437821E-1,-4.205608285392E-1));
#2776=VECTOR('',#2775,3.384751378868E-2);
#2777=CARTESIAN_POINT('',(-1.09E0,3.588161938129E-1,7.153632171891E-1));
#2778=LINE('',#2777,#2776);
#2779=CARTESIAN_POINT('',(-1.09E0,4.399921356237E-1,8.1E-1));
#2780=DIRECTION('',(1.E0,0.E0,0.E0));
#2781=DIRECTION('',(0.E0,-4.205608285392E-1,-9.072643437821E-1));
#2782=AXIS2_PLACEMENT_3D('',#2779,#2780,#2781);
#2784=DIRECTION('',(0.E0,7.071067811866E-1,7.071067811865E-1));
#2785=VECTOR('',#2784,4.928932188135E-2);
#2786=CARTESIAN_POINT('',(-1.09E0,5.248449493661E-1,7.251471862576E-1));
#2787=LINE('',#2786,#2785);
#2788=CARTESIAN_POINT('',(-1.09E0,1.897179320238E-1,4.5E-1));
#2789=DIRECTION('',(-1.E0,0.E0,0.E0));
#2790=DIRECTION('',(0.E0,-9.735295401011E-1,-2.285612271376E-1));
#2791=AXIS2_PLACEMENT_3D('',#2788,#2789,#2790);
#2793=DIRECTION('',(0.E0,-5.913040468104E-2,9.982502668381E-1));
#2794=VECTOR('',#2793,1.667147507266E-1);
#2795=CARTESIAN_POINT('',(-1.09E0,1.098579106768E-1,4.452695676255E-1));
#2796=LINE('',#2795,#2794);
#2797=DIRECTION('',(0.E0,5.913040468104E-2,9.982502668381E-1));
#2798=VECTOR('',#2797,1.667147507266E-1);
#2799=CARTESIAN_POINT('',(-1.09E0,1.E-1,-6.116926120242E-1));
#2800=LINE('',#2799,#2798);
#2801=CARTESIAN_POINT('',(-1.09E0,1.897179320238E-1,-4.5E-1));
#2802=DIRECTION('',(-1.E0,0.E0,0.E0));
#2803=DIRECTION('',(0.E0,-9.982502668381E-1,5.913040468104E-2));
#2804=AXIS2_PLACEMENT_3D('',#2801,#2802,#2803);
#2806=DIRECTION('',(0.E0,8.964864303834E-1,-4.430711908242E-1));
#2807=VECTOR('',#2806,1.346255608959E-1);
#2808=CARTESIAN_POINT('',(-1.09E0,2.850030229848E-1,-3.7E-1));
#2809=LINE('',#2808,#2807);
#2810=DIRECTION('',(0.E0,4.316134911876E-1,-9.020586423425E-1));
#2811=VECTOR('',#2810,4.473244922714E-2);
#2812=CARTESIAN_POINT('',(-1.09E0,4.056930115107E-1,-4.296487075815E-1));
#2813=LINE('',#2812,#2811);
#2814=DIRECTION('',(0.E0,1.E0,0.E0));
#2815=VECTOR('',#2814,7.E-2);
#2816=CARTESIAN_POINT('',(-1.09E0,4.250001400910E-1,-4.7E-1));
#2817=LINE('',#2816,#2815);
#2818=DIRECTION('',(0.E0,4.622841805883E-1,8.867318288963E-1));
#2819=VECTOR('',#2818,9.447228486817E-2);
#2820=CARTESIAN_POINT('',(-1.09E0,4.950001400910E-1,-4.7E-1));
#2821=LINE('',#2820,#2819);
#2822=CARTESIAN_POINT('',(-1.09E0,4.5E-1,-3.4E-1));
#2823=DIRECTION('',(1.E0,0.E0,0.E0));
#2824=DIRECTION('',(0.E0,8.867318288963E-1,-4.622841805883E-1));
#2825=AXIS2_PLACEMENT_3D('',#2822,#2823,#2824);
#2827=DIRECTION('',(0.E0,-8.964864303834E-1,4.430711908242E-1));
#2828=VECTOR('',#2827,1.322464050176E-2);
#2829=CARTESIAN_POINT('',(-1.09E0,4.322771523670E-1,-3.758594572153E-1));
#2830=LINE('',#2829,#2828);
#2831=DIRECTION('',(0.E0,8.964864303834E-1,4.430711908242E-1));
#2832=VECTOR('',#2831,1.322464050176E-2);
#2833=CARTESIAN_POINT('',(-1.09E0,4.204214416105E-1,3.7E-1));
#2834=LINE('',#2833,#2832);
#2835=CARTESIAN_POINT('',(-1.09E0,4.5E-1,3.4E-1));
#2836=DIRECTION('',(1.E0,0.E0,0.E0));
#2837=DIRECTION('',(0.E0,9.539392014169E-1,3.E-1));
#2838=AXIS2_PLACEMENT_3D('',#2835,#2836,#2837);
#2840=DIRECTION('',(0.E0,-4.622841805883E-1,8.867318288963E-1));
#2841=VECTOR('',#2840,9.447228486817E-2);
#2842=CARTESIAN_POINT('',(-1.09E0,5.386731828896E-1,3.862284180588E-1));
#2843=LINE('',#2842,#2841);
#2844=DIRECTION('',(0.E0,-1.E0,0.E0));
#2845=VECTOR('',#2844,7.E-2);
#2846=CARTESIAN_POINT('',(-1.09E0,4.950001400910E-1,4.7E-1));
#2847=LINE('',#2846,#2845);
#2848=DIRECTION('',(0.E0,-4.316134911876E-1,-9.020586423425E-1));
#2849=VECTOR('',#2848,4.473244922714E-2);
#2850=CARTESIAN_POINT('',(-1.09E0,4.250001400910E-1,4.7E-1));
#2851=LINE('',#2850,#2849);
#2852=DIRECTION('',(0.E0,-8.964864303834E-1,-4.430711908242E-1));
#2853=VECTOR('',#2852,1.346255608959E-1);
#2854=CARTESIAN_POINT('',(-1.09E0,4.056930115107E-1,4.296487075815E-1));
#2855=LINE('',#2854,#2853);
#2856=DIRECTION('',(0.E0,-7.071067811866E-1,7.071067811865E-1));
#2857=VECTOR('',#2856,4.928932188135E-2);
#2858=CARTESIAN_POINT('',(-1.09E0,5.596977631085E-1,-7.6E-1));
#2859=LINE('',#2858,#2857);
#2860=CARTESIAN_POINT('',(-1.09E0,4.399921356237E-1,-8.1E-1));
#2861=DIRECTION('',(1.E0,0.E0,0.E0));
#2862=DIRECTION('',(0.E0,7.071067811865E-1,7.071067811865E-1));
#2863=AXIS2_PLACEMENT_3D('',#2860,#2861,#2862);
#2865=DIRECTION('',(0.E0,-9.072643437821E-1,-4.205608285392E-1));
#2866=VECTOR('',#2865,3.384751378868E-2);
#2867=CARTESIAN_POINT('',(-1.09E0,3.895248361990E-1,-7.011282787461E-1));
#2868=LINE('',#2867,#2866);
#2869=CARTESIAN_POINT('',(-1.09E0,3.377881523859E-1,-6.7E-1));
#2870=DIRECTION('',(-1.E0,0.E0,0.E0));
#2871=DIRECTION('',(0.E0,4.205608285392E-1,-9.072643437821E-1));
#2872=AXIS2_PLACEMENT_3D('',#2869,#2870,#2871);
#2874=DIRECTION('',(0.E0,-1.E0,0.E0));
#2875=VECTOR('',#2874,1.381049525984E-1);
#2876=CARTESIAN_POINT('',(-1.09E0,3.377881523859E-1,-7.2E-1));
#2877=LINE('',#2876,#2875);
#2878=CARTESIAN_POINT('',(-1.09E0,1.996831997875E-1,-6.2E-1));
#2879=DIRECTION('',(-1.E0,0.E0,0.E0));
#2880=DIRECTION('',(0.E0,0.E0,-1.E0));
#2881=AXIS2_PLACEMENT_3D('',#2878,#2879,#2880);
#2883=DIRECTION('',(0.E0,7.071067811865E-1,7.071067811865E-1));
#2884=VECTOR('',#2883,4.928932188135E-2);
#2885=CARTESIAN_POINT('',(-9.1E-1,5.248449493661E-1,7.251471862576E-1));
#2886=LINE('',#2885,#2884);
#2887=CARTESIAN_POINT('',(-9.1E-1,4.399921356237E-1,8.1E-1));
#2888=DIRECTION('',(1.E0,0.E0,0.E0));
#2889=DIRECTION('',(0.E0,-4.205608285392E-1,-9.072643437821E-1));
#2890=AXIS2_PLACEMENT_3D('',#2887,#2888,#2889);
#2892=DIRECTION('',(0.E0,9.072643437821E-1,-4.205608285392E-1));
#2893=VECTOR('',#2892,3.384751378868E-2);
#2894=CARTESIAN_POINT('',(-9.1E-1,3.588161938129E-1,7.153632171891E-1));
#2895=LINE('',#2894,#2893);
#2896=CARTESIAN_POINT('',(-9.1E-1,3.377881523859E-1,6.7E-1));
#2897=DIRECTION('',(-1.E0,0.E0,0.E0));
#2898=DIRECTION('',(0.E0,0.E0,1.E0));
#2899=AXIS2_PLACEMENT_3D('',#2896,#2897,#2898);
#2901=DIRECTION('',(0.E0,1.E0,0.E0));
#2902=VECTOR('',#2901,1.381049525984E-1);
#2903=CARTESIAN_POINT('',(-9.1E-1,1.996831997875E-1,7.2E-1));
#2904=LINE('',#2903,#2902);
#2905=CARTESIAN_POINT('',(-9.1E-1,1.996831997875E-1,6.2E-1));
#2906=DIRECTION('',(-1.E0,0.E0,0.E0));
#2907=DIRECTION('',(0.E0,-9.968319978750E-1,7.953595421243E-2));
#2908=AXIS2_PLACEMENT_3D('',#2905,#2906,#2907);
#2910=DIRECTION('',(0.E0,-5.913040468104E-2,9.982502668381E-1));
#2911=VECTOR('',#2910,1.667147507266E-1);
#2912=CARTESIAN_POINT('',(-9.1E-1,1.098579106768E-1,4.452695676255E-1));
#2913=LINE('',#2912,#2911);
#2914=CARTESIAN_POINT('',(-9.1E-1,1.897179320238E-1,4.5E-1));
#2915=DIRECTION('',(-1.E0,0.E0,0.E0));
#2916=DIRECTION('',(0.E0,-9.735295401011E-1,-2.285612271376E-1));
#2917=AXIS2_PLACEMENT_3D('',#2914,#2915,#2916);
#2919=CARTESIAN_POINT('',(-9.1E-1,1.897179320238E-1,-4.5E-1));
#2920=DIRECTION('',(-1.E0,0.E0,0.E0));
#2921=DIRECTION('',(0.E0,-9.982502668381E-1,5.913040468104E-2));
#2922=AXIS2_PLACEMENT_3D('',#2919,#2920,#2921);
#2924=DIRECTION('',(0.E0,5.913040468104E-2,9.982502668381E-1));
#2925=VECTOR('',#2924,1.667147507266E-1);
#2926=CARTESIAN_POINT('',(-9.1E-1,1.E-1,-6.116926120242E-1));
#2927=LINE('',#2926,#2925);
#2928=DIRECTION('',(0.E0,-8.964864303834E-1,4.430711908242E-1));
#2929=VECTOR('',#2928,1.322464050176E-2);
#2930=CARTESIAN_POINT('',(-9.1E-1,4.322771523670E-1,-3.758594572153E-1));
#2931=LINE('',#2930,#2929);
#2932=CARTESIAN_POINT('',(-9.1E-1,4.5E-1,-3.4E-1));
#2933=DIRECTION('',(1.E0,0.E0,0.E0));
#2934=DIRECTION('',(0.E0,8.867318288963E-1,-4.622841805883E-1));
#2935=AXIS2_PLACEMENT_3D('',#2932,#2933,#2934);
#2937=DIRECTION('',(0.E0,4.622841805883E-1,8.867318288963E-1));
#2938=VECTOR('',#2937,9.447228486817E-2);
#2939=CARTESIAN_POINT('',(-9.1E-1,4.950001400910E-1,-4.7E-1));
#2940=LINE('',#2939,#2938);
#2941=DIRECTION('',(0.E0,1.E0,0.E0));
#2942=VECTOR('',#2941,7.E-2);
#2943=CARTESIAN_POINT('',(-9.1E-1,4.250001400910E-1,-4.7E-1));
#2944=LINE('',#2943,#2942);
#2945=DIRECTION('',(0.E0,4.316134911876E-1,-9.020586423425E-1));
#2946=VECTOR('',#2945,4.473244922714E-2);
#2947=CARTESIAN_POINT('',(-9.1E-1,4.056930115107E-1,-4.296487075815E-1));
#2948=LINE('',#2947,#2946);
#2949=DIRECTION('',(0.E0,8.964864303834E-1,-4.430711908242E-1));
#2950=VECTOR('',#2949,1.346255608959E-1);
#2951=CARTESIAN_POINT('',(-9.1E-1,2.850030229848E-1,-3.7E-1));
#2952=LINE('',#2951,#2950);
#2953=DIRECTION('',(0.E0,-8.964864303834E-1,-4.430711908242E-1));
#2954=VECTOR('',#2953,1.346255608959E-1);
#2955=CARTESIAN_POINT('',(-9.1E-1,4.056930115107E-1,4.296487075815E-1));
#2956=LINE('',#2955,#2954);
#2957=DIRECTION('',(0.E0,-4.316134911876E-1,-9.020586423425E-1));
#2958=VECTOR('',#2957,4.473244922714E-2);
#2959=CARTESIAN_POINT('',(-9.1E-1,4.250001400910E-1,4.7E-1));
#2960=LINE('',#2959,#2958);
#2961=DIRECTION('',(0.E0,-1.E0,0.E0));
#2962=VECTOR('',#2961,7.E-2);
#2963=CARTESIAN_POINT('',(-9.1E-1,4.950001400910E-1,4.7E-1));
#2964=LINE('',#2963,#2962);
#2965=DIRECTION('',(0.E0,-4.622841805883E-1,8.867318288963E-1));
#2966=VECTOR('',#2965,9.447228486817E-2);
#2967=CARTESIAN_POINT('',(-9.1E-1,5.386731828896E-1,3.862284180588E-1));
#2968=LINE('',#2967,#2966);
#2969=CARTESIAN_POINT('',(-9.1E-1,4.5E-1,3.4E-1));
#2970=DIRECTION('',(1.E0,0.E0,0.E0));
#2971=DIRECTION('',(0.E0,9.539392014169E-1,3.E-1));
#2972=AXIS2_PLACEMENT_3D('',#2969,#2970,#2971);
#2974=DIRECTION('',(0.E0,8.964864303834E-1,4.430711908242E-1));
#2975=VECTOR('',#2974,1.322464050176E-2);
#2976=CARTESIAN_POINT('',(-9.1E-1,4.204214416105E-1,3.7E-1));
#2977=LINE('',#2976,#2975);
#2978=CARTESIAN_POINT('',(-9.1E-1,1.996831997875E-1,-6.2E-1));
#2979=DIRECTION('',(-1.E0,0.E0,0.E0));
#2980=DIRECTION('',(0.E0,0.E0,-1.E0));
#2981=AXIS2_PLACEMENT_3D('',#2978,#2979,#2980);
#2983=DIRECTION('',(0.E0,-1.E0,0.E0));
#2984=VECTOR('',#2983,1.381049525984E-1);
#2985=CARTESIAN_POINT('',(-9.1E-1,3.377881523859E-1,-7.2E-1));
#2986=LINE('',#2985,#2984);
#2987=CARTESIAN_POINT('',(-9.1E-1,3.377881523859E-1,-6.7E-1));
#2988=DIRECTION('',(-1.E0,0.E0,0.E0));
#2989=DIRECTION('',(0.E0,4.205608285392E-1,-9.072643437821E-1));
#2990=AXIS2_PLACEMENT_3D('',#2987,#2988,#2989);
#2992=DIRECTION('',(0.E0,-9.072643437821E-1,-4.205608285392E-1));
#2993=VECTOR('',#2992,3.384751378868E-2);
#2994=CARTESIAN_POINT('',(-9.1E-1,3.895248361990E-1,-7.011282787461E-1));
#2995=LINE('',#2994,#2993);
#2996=CARTESIAN_POINT('',(-9.1E-1,4.399921356237E-1,-8.1E-1));
#2997=DIRECTION('',(1.E0,0.E0,0.E0));
#2998=DIRECTION('',(0.E0,7.071067811865E-1,7.071067811865E-1));
#2999=AXIS2_PLACEMENT_3D('',#2996,#2997,#2998);
#3001=DIRECTION('',(0.E0,-7.071067811866E-1,7.071067811865E-1));
#3002=VECTOR('',#3001,4.928932188135E-2);
#3003=CARTESIAN_POINT('',(-9.1E-1,5.596977631085E-1,-7.6E-1));
#3004=LINE('',#3003,#3002);
#3005=DIRECTION('',(1.E0,0.E0,0.E0));
#3006=VECTOR('',#3005,1.8E-1);
#3007=CARTESIAN_POINT('',(-1.09E0,5.248449493661E-1,7.251471862576E-1));
#3008=LINE('',#3007,#3006);
#3009=DIRECTION('',(1.E0,0.E0,0.E0));
#3010=VECTOR('',#3009,1.8E-1);
#3011=CARTESIAN_POINT('',(-1.09E0,3.895248361990E-1,7.011282787461E-1));
#3012=LINE('',#3011,#3010);
#3013=DIRECTION('',(1.E0,0.E0,0.E0));
#3014=VECTOR('',#3013,1.8E-1);
#3015=CARTESIAN_POINT('',(-1.09E0,3.588161938129E-1,7.153632171891E-1));
#3016=LINE('',#3015,#3014);
#3017=DIRECTION('',(1.E0,0.E0,0.E0));
#3018=VECTOR('',#3017,1.8E-1);
#3019=CARTESIAN_POINT('',(-1.09E0,3.377881523859E-1,7.2E-1));
#3020=LINE('',#3019,#3018);
#3021=DIRECTION('',(1.E0,0.E0,0.E0));
#3022=VECTOR('',#3021,1.8E-1);
#3023=CARTESIAN_POINT('',(-1.09E0,1.996831997875E-1,7.2E-1));
#3024=LINE('',#3023,#3022);
#3025=DIRECTION('',(1.E0,0.E0,0.E0));
#3026=VECTOR('',#3025,1.8E-1);
#3027=CARTESIAN_POINT('',(-1.09E0,1.098579106768E-1,4.452695676255E-1));
#3028=LINE('',#3027,#3026);
#3029=DIRECTION('',(0.E0,-8.192319205190E-1,5.734623443633E-1));
#3030=VECTOR('',#3029,1.444715289929E-2);
#3031=CARTESIAN_POINT('',(-1.49E0,1.118355688157E-1,4.317151018290E-1));
#3032=LINE('',#3031,#3030);
#3033=DIRECTION('',(7.577377463457E-9,8.192302391234E-1,-5.734647463496E-1));
#3034=VECTOR('',#3033,1.220655560955E-1);
#3035=CARTESIAN_POINT('',(-1.625000001655E0,1.000003673631E-1,
4.400005246099E-1));
#3036=LINE('',#3035,#3034);
#3037=DIRECTION('',(0.E0,-8.192319205190E-1,5.734623443633E-1));
#3038=VECTOR('',#3037,1.444715289929E-2);
#3039=CARTESIAN_POINT('',(1.49E0,1.118355688157E-1,4.317151018290E-1));
#3040=LINE('',#3039,#3038);
#3041=DIRECTION('',(1.E0,0.E0,0.E0));
#3042=VECTOR('',#3041,1.8E-1);
#3043=CARTESIAN_POINT('',(1.31E0,1.118355688157E-1,4.317151018290E-1));
#3044=LINE('',#3043,#3042);
#3045=DIRECTION('',(0.E0,-8.192319205190E-1,5.734623443633E-1));
#3046=VECTOR('',#3045,1.444715289929E-2);
#3047=CARTESIAN_POINT('',(1.31E0,1.118355688157E-1,4.317151018290E-1));
#3048=LINE('',#3047,#3046);
#3049=DIRECTION('',(0.E0,-8.192319205190E-1,5.734623443633E-1));
#3050=VECTOR('',#3049,1.444715289929E-2);
#3051=CARTESIAN_POINT('',(1.09E0,1.118355688157E-1,4.317151018290E-1));
#3052=LINE('',#3051,#3050);
#3053=DIRECTION('',(1.E0,0.E0,0.E0));
#3054=VECTOR('',#3053,1.8E-1);
#3055=CARTESIAN_POINT('',(9.1E-1,1.118355688157E-1,4.317151018290E-1));
#3056=LINE('',#3055,#3054);
#3057=DIRECTION('',(0.E0,-8.192319205190E-1,5.734623443633E-1));
#3058=VECTOR('',#3057,1.444715289929E-2);
#3059=CARTESIAN_POINT('',(9.1E-1,1.118355688157E-1,4.317151018290E-1));
#3060=LINE('',#3059,#3058);
#3061=DIRECTION('',(0.E0,-8.192319205190E-1,5.734623443633E-1));
#3062=VECTOR('',#3061,1.444715289929E-2);
#3063=CARTESIAN_POINT('',(6.9E-1,1.118355688157E-1,4.317151018290E-1));
#3064=LINE('',#3063,#3062);
#3065=DIRECTION('',(1.E0,0.E0,0.E0));
#3066=VECTOR('',#3065,1.8E-1);
#3067=CARTESIAN_POINT('',(5.1E-1,1.118355688157E-1,4.317151018290E-1));
#3068=LINE('',#3067,#3066);
#3069=DIRECTION('',(0.E0,-8.192319205190E-1,5.734623443633E-1));
#3070=VECTOR('',#3069,1.444715289929E-2);
#3071=CARTESIAN_POINT('',(5.1E-1,1.118355688157E-1,4.317151018290E-1));
#3072=LINE('',#3071,#3070);
#3073=DIRECTION('',(0.E0,-8.192319205190E-1,5.734623443633E-1));
#3074=VECTOR('',#3073,1.444715289929E-2);
#3075=CARTESIAN_POINT('',(2.9E-1,1.118355688157E-1,4.317151018290E-1));
#3076=LINE('',#3075,#3074);
#3077=DIRECTION('',(1.E0,0.E0,0.E0));
#3078=VECTOR('',#3077,1.8E-1);
#3079=CARTESIAN_POINT('',(1.1E-1,1.118355688157E-1,4.317151018290E-1));
#3080=LINE('',#3079,#3078);
#3081=DIRECTION('',(0.E0,-8.192319205190E-1,5.734623443633E-1));
#3082=VECTOR('',#3081,1.444715289929E-2);
#3083=CARTESIAN_POINT('',(1.1E-1,1.118355688157E-1,4.317151018290E-1));
#3084=LINE('',#3083,#3082);
#3085=DIRECTION('',(0.E0,-8.192319205190E-1,5.734623443633E-1));
#3086=VECTOR('',#3085,1.444715289929E-2);
#3087=CARTESIAN_POINT('',(-1.1E-1,1.118355688157E-1,4.317151018290E-1));
#3088=LINE('',#3087,#3086);
#3089=DIRECTION('',(1.E0,0.E0,0.E0));
#3090=VECTOR('',#3089,1.8E-1);
#3091=CARTESIAN_POINT('',(-2.9E-1,1.118355688157E-1,4.317151018290E-1));
#3092=LINE('',#3091,#3090);
#3093=DIRECTION('',(0.E0,-8.192319205190E-1,5.734623443633E-1));
#3094=VECTOR('',#3093,1.444715289929E-2);
#3095=CARTESIAN_POINT('',(-2.9E-1,1.118355688157E-1,4.317151018290E-1));
#3096=LINE('',#3095,#3094);
#3097=DIRECTION('',(0.E0,-8.192319205190E-1,5.734623443633E-1));
#3098=VECTOR('',#3097,1.444715289929E-2);
#3099=CARTESIAN_POINT('',(-5.1E-1,1.118355688157E-1,4.317151018290E-1));
#3100=LINE('',#3099,#3098);
#3101=DIRECTION('',(1.E0,0.E0,0.E0));
#3102=VECTOR('',#3101,1.8E-1);
#3103=CARTESIAN_POINT('',(-6.9E-1,1.118355688157E-1,4.317151018290E-1));
#3104=LINE('',#3103,#3102);
#3105=DIRECTION('',(0.E0,-8.192319205190E-1,5.734623443633E-1));
#3106=VECTOR('',#3105,1.444715289929E-2);
#3107=CARTESIAN_POINT('',(-6.9E-1,1.118355688157E-1,4.317151018290E-1));
#3108=LINE('',#3107,#3106);
#3109=DIRECTION('',(0.E0,-8.192319205190E-1,5.734623443633E-1));
#3110=VECTOR('',#3109,1.444715289929E-2);
#3111=CARTESIAN_POINT('',(-9.1E-1,1.118355688157E-1,4.317151018290E-1));
#3112=LINE('',#3111,#3110);
#3113=DIRECTION('',(1.E0,0.E0,0.E0));
#3114=VECTOR('',#3113,1.8E-1);
#3115=CARTESIAN_POINT('',(-1.09E0,1.118355688157E-1,4.317151018290E-1));
#3116=LINE('',#3115,#3114);
#3117=DIRECTION('',(0.E0,-8.192319205190E-1,5.734623443633E-1));
#3118=VECTOR('',#3117,1.444715289929E-2);
#3119=CARTESIAN_POINT('',(-1.09E0,1.118355688157E-1,4.317151018290E-1));
#3120=LINE('',#3119,#3118);
#3121=DIRECTION('',(0.E0,-8.192319205190E-1,5.734623443633E-1));
#3122=VECTOR('',#3121,1.444715289929E-2);
#3123=CARTESIAN_POINT('',(-1.31E0,1.118355688157E-1,4.317151018290E-1));
#3124=LINE('',#3123,#3122);
#3125=DIRECTION('',(1.E0,0.E0,0.E0));
#3126=VECTOR('',#3125,1.8E-1);
#3127=CARTESIAN_POINT('',(-1.49E0,1.118355688157E-1,4.317151018290E-1));
#3128=LINE('',#3127,#3126);
#3129=DIRECTION('',(5.734647463496E-1,8.192302391234E-1,-6.944949779131E-9));
#3130=VECTOR('',#3129,1.220655560675E-1);
#3131=CARTESIAN_POINT('',(-1.795000524581E0,1.000003674041E-1,
2.700000015170E-1));
#3132=LINE('',#3131,#3130);
#3133=DIRECTION('',(5.734647463496E-1,8.192302391234E-1,7.577377918222E-9));
#3134=VECTOR('',#3133,1.220655560955E-1);
#3135=CARTESIAN_POINT('',(-1.795000524610E0,1.000003673631E-1,
-2.700000016552E-1));
#3136=LINE('',#3135,#3134);
#3137=DIRECTION('',(6.944946595776E-9,8.192302391234E-1,5.734647463496E-1));
#3138=VECTOR('',#3137,1.220655560675E-1);
#3139=CARTESIAN_POINT('',(-1.625000001517E0,1.000003674041E-1,
-4.400005245812E-1));
#3140=LINE('',#3139,#3138);
#3141=DIRECTION('',(0.E0,8.192319205190E-1,5.734623443633E-1));
#3142=VECTOR('',#3141,1.444715289929E-2);
#3143=CARTESIAN_POINT('',(-1.49E0,1.E-1,-4.4E-1));
#3144=LINE('',#3143,#3142);
#3145=DIRECTION('',(1.E0,0.E0,0.E0));
#3146=VECTOR('',#3145,1.8E-1);
#3147=CARTESIAN_POINT('',(-1.49E0,1.118355688157E-1,-4.317151018290E-1));
#3148=LINE('',#3147,#3146);
#3149=DIRECTION('',(0.E0,8.192319205190E-1,5.734623443633E-1));
#3150=VECTOR('',#3149,1.444715289929E-2);
#3151=CARTESIAN_POINT('',(-1.31E0,1.E-1,-4.4E-1));
#3152=LINE('',#3151,#3150);
#3153=DIRECTION('',(0.E0,8.192319205190E-1,5.734623443633E-1));
#3154=VECTOR('',#3153,1.444715289929E-2);
#3155=CARTESIAN_POINT('',(-1.09E0,1.E-1,-4.4E-1));
#3156=LINE('',#3155,#3154);
#3157=DIRECTION('',(1.E0,0.E0,0.E0));
#3158=VECTOR('',#3157,1.8E-1);
#3159=CARTESIAN_POINT('',(-1.09E0,1.118355688157E-1,-4.317151018290E-1));
#3160=LINE('',#3159,#3158);
#3161=DIRECTION('',(0.E0,8.192319205190E-1,5.734623443633E-1));
#3162=VECTOR('',#3161,1.444715289929E-2);
#3163=CARTESIAN_POINT('',(-9.1E-1,1.E-1,-4.4E-1));
#3164=LINE('',#3163,#3162);
#3165=DIRECTION('',(0.E0,8.192319205190E-1,5.734623443633E-1));
#3166=VECTOR('',#3165,1.444715289929E-2);
#3167=CARTESIAN_POINT('',(-6.9E-1,1.E-1,-4.4E-1));
#3168=LINE('',#3167,#3166);
#3169=DIRECTION('',(1.E0,0.E0,0.E0));
#3170=VECTOR('',#3169,1.8E-1);
#3171=CARTESIAN_POINT('',(-6.9E-1,1.118355688157E-1,-4.317151018290E-1));
#3172=LINE('',#3171,#3170);
#3173=DIRECTION('',(0.E0,8.192319205190E-1,5.734623443633E-1));
#3174=VECTOR('',#3173,1.444715289929E-2);
#3175=CARTESIAN_POINT('',(-5.1E-1,1.E-1,-4.4E-1));
#3176=LINE('',#3175,#3174);
#3177=DIRECTION('',(0.E0,8.192319205190E-1,5.734623443633E-1));
#3178=VECTOR('',#3177,1.444715289929E-2);
#3179=CARTESIAN_POINT('',(-2.9E-1,1.E-1,-4.4E-1));
#3180=LINE('',#3179,#3178);
#3181=DIRECTION('',(1.E0,0.E0,0.E0));
#3182=VECTOR('',#3181,1.8E-1);
#3183=CARTESIAN_POINT('',(-2.9E-1,1.118355688157E-1,-4.317151018290E-1));
#3184=LINE('',#3183,#3182);
#3185=DIRECTION('',(0.E0,8.192319205190E-1,5.734623443633E-1));
#3186=VECTOR('',#3185,1.444715289929E-2);
#3187=CARTESIAN_POINT('',(-1.1E-1,1.E-1,-4.4E-1));
#3188=LINE('',#3187,#3186);
#3189=DIRECTION('',(0.E0,8.192319205190E-1,5.734623443633E-1));
#3190=VECTOR('',#3189,1.444715289929E-2);
#3191=CARTESIAN_POINT('',(1.1E-1,1.E-1,-4.4E-1));
#3192=LINE('',#3191,#3190);
#3193=DIRECTION('',(1.E0,0.E0,0.E0));
#3194=VECTOR('',#3193,1.8E-1);
#3195=CARTESIAN_POINT('',(1.1E-1,1.118355688157E-1,-4.317151018290E-1));
#3196=LINE('',#3195,#3194);
#3197=DIRECTION('',(0.E0,8.192319205190E-1,5.734623443633E-1));
#3198=VECTOR('',#3197,1.444715289929E-2);
#3199=CARTESIAN_POINT('',(2.9E-1,1.E-1,-4.4E-1));
#3200=LINE('',#3199,#3198);
#3201=DIRECTION('',(0.E0,8.192319205190E-1,5.734623443633E-1));
#3202=VECTOR('',#3201,1.444715289929E-2);
#3203=CARTESIAN_POINT('',(5.1E-1,1.E-1,-4.4E-1));
#3204=LINE('',#3203,#3202);
#3205=DIRECTION('',(1.E0,0.E0,0.E0));
#3206=VECTOR('',#3205,1.8E-1);
#3207=CARTESIAN_POINT('',(5.1E-1,1.118355688157E-1,-4.317151018290E-1));
#3208=LINE('',#3207,#3206);
#3209=DIRECTION('',(0.E0,8.192319205190E-1,5.734623443633E-1));
#3210=VECTOR('',#3209,1.444715289929E-2);
#3211=CARTESIAN_POINT('',(6.9E-1,1.E-1,-4.4E-1));
#3212=LINE('',#3211,#3210);
#3213=DIRECTION('',(0.E0,8.192319205190E-1,5.734623443633E-1));
#3214=VECTOR('',#3213,1.444715289929E-2);
#3215=CARTESIAN_POINT('',(9.1E-1,1.E-1,-4.4E-1));
#3216=LINE('',#3215,#3214);
#3217=DIRECTION('',(1.E0,0.E0,0.E0));
#3218=VECTOR('',#3217,1.8E-1);
#3219=CARTESIAN_POINT('',(9.1E-1,1.118355688157E-1,-4.317151018290E-1));
#3220=LINE('',#3219,#3218);
#3221=DIRECTION('',(0.E0,8.192319205190E-1,5.734623443633E-1));
#3222=VECTOR('',#3221,1.444715289929E-2);
#3223=CARTESIAN_POINT('',(1.09E0,1.E-1,-4.4E-1));
#3224=LINE('',#3223,#3222);
#3225=DIRECTION('',(0.E0,8.192319205190E-1,5.734623443633E-1));
#3226=VECTOR('',#3225,1.444715289929E-2);
#3227=CARTESIAN_POINT('',(1.31E0,1.E-1,-4.4E-1));
#3228=LINE('',#3227,#3226);
#3229=DIRECTION('',(1.E0,0.E0,0.E0));
#3230=VECTOR('',#3229,1.8E-1);
#3231=CARTESIAN_POINT('',(1.31E0,1.118355688157E-1,-4.317151018290E-1));
#3232=LINE('',#3231,#3230);
#3233=DIRECTION('',(0.E0,8.192319205190E-1,5.734623443633E-1));
#3234=VECTOR('',#3233,1.444715289929E-2);
#3235=CARTESIAN_POINT('',(1.49E0,1.E-1,-4.4E-1));
#3236=LINE('',#3235,#3234);
#3237=DIRECTION('',(-7.577377463457E-9,8.192302391234E-1,5.734647463496E-1));
#3238=VECTOR('',#3237,1.220655560955E-1);
#3239=CARTESIAN_POINT('',(1.625000001655E0,1.000003673631E-1,
-4.400005246099E-1));
#3240=LINE('',#3239,#3238);
#3241=DIRECTION('',(1.E0,0.E0,0.E0));
#3242=VECTOR('',#3241,1.8E-1);
#3243=CARTESIAN_POINT('',(-1.49E0,1.098579106768E-1,-4.452695676255E-1));
#3244=LINE('',#3243,#3242);
#3245=DIRECTION('',(1.E0,0.E0,0.E0));
#3246=VECTOR('',#3245,1.8E-1);
#3247=CARTESIAN_POINT('',(-1.09E0,1.098579106768E-1,-4.452695676255E-1));
#3248=LINE('',#3247,#3246);
#3249=CARTESIAN_POINT('',(-6.9E-1,1.996831997875E-1,6.2E-1));
#3250=DIRECTION('',(-1.E0,0.E0,0.E0));
#3251=DIRECTION('',(0.E0,-9.968319978750E-1,7.953595421243E-2));
#3252=AXIS2_PLACEMENT_3D('',#3249,#3250,#3251);
#3254=DIRECTION('',(0.E0,1.E0,0.E0));
#3255=VECTOR('',#3254,1.381049525984E-1);
#3256=CARTESIAN_POINT('',(-6.9E-1,1.996831997875E-1,7.2E-1));
#3257=LINE('',#3256,#3255);
#3258=CARTESIAN_POINT('',(-6.9E-1,3.377881523859E-1,6.7E-1));
#3259=DIRECTION('',(-1.E0,0.E0,0.E0));
#3260=DIRECTION('',(0.E0,0.E0,1.E0));
#3261=AXIS2_PLACEMENT_3D('',#3258,#3259,#3260);
#3263=DIRECTION('',(0.E0,9.072643437821E-1,-4.205608285392E-1));
#3264=VECTOR('',#3263,3.384751378868E-2);
#3265=CARTESIAN_POINT('',(-6.9E-1,3.588161938129E-1,7.153632171891E-1));
#3266=LINE('',#3265,#3264);
#3267=CARTESIAN_POINT('',(-6.9E-1,4.399921356237E-1,8.1E-1));
#3268=DIRECTION('',(1.E0,0.E0,0.E0));
#3269=DIRECTION('',(0.E0,-4.205608285392E-1,-9.072643437821E-1));
#3270=AXIS2_PLACEMENT_3D('',#3267,#3268,#3269);
#3272=DIRECTION('',(0.E0,7.071067811865E-1,7.071067811865E-1));
#3273=VECTOR('',#3272,4.928932188135E-2);
#3274=CARTESIAN_POINT('',(-6.9E-1,5.248449493661E-1,7.251471862576E-1));
#3275=LINE('',#3274,#3273);
#3276=CARTESIAN_POINT('',(-6.9E-1,1.897179320238E-1,4.5E-1));
#3277=DIRECTION('',(-1.E0,0.E0,0.E0));
#3278=DIRECTION('',(0.E0,-9.735295401011E-1,-2.285612271376E-1));
#3279=AXIS2_PLACEMENT_3D('',#3276,#3277,#3278);
#3281=DIRECTION('',(0.E0,-5.913040468104E-2,9.982502668381E-1));
#3282=VECTOR('',#3281,1.667147507266E-1);
#3283=CARTESIAN_POINT('',(-6.9E-1,1.098579106768E-1,4.452695676255E-1));
#3284=LINE('',#3283,#3282);
#3285=DIRECTION('',(0.E0,5.913040468104E-2,9.982502668381E-1));
#3286=VECTOR('',#3285,1.667147507266E-1);
#3287=CARTESIAN_POINT('',(-6.9E-1,1.E-1,-6.116926120242E-1));
#3288=LINE('',#3287,#3286);
#3289=CARTESIAN_POINT('',(-6.9E-1,1.897179320238E-1,-4.5E-1));
#3290=DIRECTION('',(-1.E0,0.E0,0.E0));
#3291=DIRECTION('',(0.E0,-9.982502668381E-1,5.913040468104E-2));
#3292=AXIS2_PLACEMENT_3D('',#3289,#3290,#3291);
#3294=DIRECTION('',(0.E0,8.964864303834E-1,-4.430711908242E-1));
#3295=VECTOR('',#3294,1.346255608959E-1);
#3296=CARTESIAN_POINT('',(-6.9E-1,2.850030229848E-1,-3.7E-1));
#3297=LINE('',#3296,#3295);
#3298=DIRECTION('',(0.E0,4.316134911876E-1,-9.020586423425E-1));
#3299=VECTOR('',#3298,4.473244922714E-2);
#3300=CARTESIAN_POINT('',(-6.9E-1,4.056930115107E-1,-4.296487075815E-1));
#3301=LINE('',#3300,#3299);
#3302=DIRECTION('',(0.E0,1.E0,0.E0));
#3303=VECTOR('',#3302,7.E-2);
#3304=CARTESIAN_POINT('',(-6.9E-1,4.250001400910E-1,-4.7E-1));
#3305=LINE('',#3304,#3303);
#3306=DIRECTION('',(0.E0,4.622841805883E-1,8.867318288963E-1));
#3307=VECTOR('',#3306,9.447228486817E-2);
#3308=CARTESIAN_POINT('',(-6.9E-1,4.950001400910E-1,-4.7E-1));
#3309=LINE('',#3308,#3307);
#3310=CARTESIAN_POINT('',(-6.9E-1,4.5E-1,-3.4E-1));
#3311=DIRECTION('',(1.E0,0.E0,0.E0));
#3312=DIRECTION('',(0.E0,8.867318288963E-1,-4.622841805883E-1));
#3313=AXIS2_PLACEMENT_3D('',#3310,#3311,#3312);
#3315=DIRECTION('',(0.E0,-8.964864303834E-1,4.430711908242E-1));
#3316=VECTOR('',#3315,1.322464050176E-2);
#3317=CARTESIAN_POINT('',(-6.9E-1,4.322771523670E-1,-3.758594572153E-1));
#3318=LINE('',#3317,#3316);
#3319=DIRECTION('',(0.E0,8.964864303834E-1,4.430711908242E-1));
#3320=VECTOR('',#3319,1.322464050176E-2);
#3321=CARTESIAN_POINT('',(-6.9E-1,4.204214416105E-1,3.7E-1));
#3322=LINE('',#3321,#3320);
#3323=CARTESIAN_POINT('',(-6.9E-1,4.5E-1,3.4E-1));
#3324=DIRECTION('',(1.E0,0.E0,0.E0));
#3325=DIRECTION('',(0.E0,9.539392014169E-1,3.E-1));
#3326=AXIS2_PLACEMENT_3D('',#3323,#3324,#3325);
#3328=DIRECTION('',(0.E0,-4.622841805883E-1,8.867318288963E-1));
#3329=VECTOR('',#3328,9.447228486817E-2);
#3330=CARTESIAN_POINT('',(-6.9E-1,5.386731828896E-1,3.862284180588E-1));
#3331=LINE('',#3330,#3329);
#3332=DIRECTION('',(0.E0,-1.E0,0.E0));
#3333=VECTOR('',#3332,7.E-2);
#3334=CARTESIAN_POINT('',(-6.9E-1,4.950001400910E-1,4.7E-1));
#3335=LINE('',#3334,#3333);
#3336=DIRECTION('',(0.E0,-4.316134911876E-1,-9.020586423425E-1));
#3337=VECTOR('',#3336,4.473244922714E-2);
#3338=CARTESIAN_POINT('',(-6.9E-1,4.250001400910E-1,4.7E-1));
#3339=LINE('',#3338,#3337);
#3340=DIRECTION('',(0.E0,-8.964864303834E-1,-4.430711908242E-1));
#3341=VECTOR('',#3340,1.346255608959E-1);
#3342=CARTESIAN_POINT('',(-6.9E-1,4.056930115107E-1,4.296487075815E-1));
#3343=LINE('',#3342,#3341);
#3344=DIRECTION('',(0.E0,-7.071067811866E-1,7.071067811865E-1));
#3345=VECTOR('',#3344,4.928932188135E-2);
#3346=CARTESIAN_POINT('',(-6.9E-1,5.596977631085E-1,-7.6E-1));
#3347=LINE('',#3346,#3345);
#3348=CARTESIAN_POINT('',(-6.9E-1,4.399921356237E-1,-8.1E-1));
#3349=DIRECTION('',(1.E0,0.E0,0.E0));
#3350=DIRECTION('',(0.E0,7.071067811865E-1,7.071067811865E-1));
#3351=AXIS2_PLACEMENT_3D('',#3348,#3349,#3350);
#3353=DIRECTION('',(0.E0,-9.072643437821E-1,-4.205608285392E-1));
#3354=VECTOR('',#3353,3.384751378868E-2);
#3355=CARTESIAN_POINT('',(-6.9E-1,3.895248361990E-1,-7.011282787461E-1));
#3356=LINE('',#3355,#3354);
#3357=CARTESIAN_POINT('',(-6.9E-1,3.377881523859E-1,-6.7E-1));
#3358=DIRECTION('',(-1.E0,0.E0,0.E0));
#3359=DIRECTION('',(0.E0,4.205608285392E-1,-9.072643437821E-1));
#3360=AXIS2_PLACEMENT_3D('',#3357,#3358,#3359);
#3362=DIRECTION('',(0.E0,-1.E0,0.E0));
#3363=VECTOR('',#3362,1.381049525984E-1);
#3364=CARTESIAN_POINT('',(-6.9E-1,3.377881523859E-1,-7.2E-1));
#3365=LINE('',#3364,#3363);
#3366=CARTESIAN_POINT('',(-6.9E-1,1.996831997875E-1,-6.2E-1));
#3367=DIRECTION('',(-1.E0,0.E0,0.E0));
#3368=DIRECTION('',(0.E0,0.E0,-1.E0));
#3369=AXIS2_PLACEMENT_3D('',#3366,#3367,#3368);
#3371=DIRECTION('',(0.E0,7.071067811865E-1,7.071067811865E-1));
#3372=VECTOR('',#3371,4.928932188135E-2);
#3373=CARTESIAN_POINT('',(-5.1E-1,5.248449493661E-1,7.251471862576E-1));
#3374=LINE('',#3373,#3372);
#3375=CARTESIAN_POINT('',(-5.1E-1,4.399921356237E-1,8.1E-1));
#3376=DIRECTION('',(1.E0,0.E0,0.E0));
#3377=DIRECTION('',(0.E0,-4.205608285392E-1,-9.072643437821E-1));
#3378=AXIS2_PLACEMENT_3D('',#3375,#3376,#3377);
#3380=DIRECTION('',(0.E0,9.072643437821E-1,-4.205608285392E-1));
#3381=VECTOR('',#3380,3.384751378868E-2);
#3382=CARTESIAN_POINT('',(-5.1E-1,3.588161938129E-1,7.153632171891E-1));
#3383=LINE('',#3382,#3381);
#3384=CARTESIAN_POINT('',(-5.1E-1,3.377881523859E-1,6.7E-1));
#3385=DIRECTION('',(-1.E0,0.E0,0.E0));
#3386=DIRECTION('',(0.E0,0.E0,1.E0));
#3387=AXIS2_PLACEMENT_3D('',#3384,#3385,#3386);
#3389=DIRECTION('',(0.E0,1.E0,0.E0));
#3390=VECTOR('',#3389,1.381049525984E-1);
#3391=CARTESIAN_POINT('',(-5.1E-1,1.996831997875E-1,7.2E-1));
#3392=LINE('',#3391,#3390);
#3393=CARTESIAN_POINT('',(-5.1E-1,1.996831997875E-1,6.2E-1));
#3394=DIRECTION('',(-1.E0,0.E0,0.E0));
#3395=DIRECTION('',(0.E0,-9.968319978750E-1,7.953595421243E-2));
#3396=AXIS2_PLACEMENT_3D('',#3393,#3394,#3395);
#3398=DIRECTION('',(0.E0,-5.913040468104E-2,9.982502668381E-1));
#3399=VECTOR('',#3398,1.667147507266E-1);
#3400=CARTESIAN_POINT('',(-5.1E-1,1.098579106768E-1,4.452695676255E-1));
#3401=LINE('',#3400,#3399);
#3402=CARTESIAN_POINT('',(-5.1E-1,1.897179320238E-1,4.5E-1));
#3403=DIRECTION('',(-1.E0,0.E0,0.E0));
#3404=DIRECTION('',(0.E0,-9.735295401011E-1,-2.285612271376E-1));
#3405=AXIS2_PLACEMENT_3D('',#3402,#3403,#3404);
#3407=CARTESIAN_POINT('',(-5.1E-1,1.897179320238E-1,-4.5E-1));
#3408=DIRECTION('',(-1.E0,0.E0,0.E0));
#3409=DIRECTION('',(0.E0,-9.982502668381E-1,5.913040468104E-2));
#3410=AXIS2_PLACEMENT_3D('',#3407,#3408,#3409);
#3412=DIRECTION('',(0.E0,5.913040468104E-2,9.982502668381E-1));
#3413=VECTOR('',#3412,1.667147507266E-1);
#3414=CARTESIAN_POINT('',(-5.1E-1,1.E-1,-6.116926120242E-1));
#3415=LINE('',#3414,#3413);
#3416=DIRECTION('',(0.E0,-8.964864303834E-1,4.430711908242E-1));
#3417=VECTOR('',#3416,1.322464050176E-2);
#3418=CARTESIAN_POINT('',(-5.1E-1,4.322771523670E-1,-3.758594572153E-1));
#3419=LINE('',#3418,#3417);
#3420=CARTESIAN_POINT('',(-5.1E-1,4.5E-1,-3.4E-1));
#3421=DIRECTION('',(1.E0,0.E0,0.E0));
#3422=DIRECTION('',(0.E0,8.867318288963E-1,-4.622841805883E-1));
#3423=AXIS2_PLACEMENT_3D('',#3420,#3421,#3422);
#3425=DIRECTION('',(0.E0,4.622841805883E-1,8.867318288963E-1));
#3426=VECTOR('',#3425,9.447228486817E-2);
#3427=CARTESIAN_POINT('',(-5.1E-1,4.950001400910E-1,-4.7E-1));
#3428=LINE('',#3427,#3426);
#3429=DIRECTION('',(0.E0,1.E0,0.E0));
#3430=VECTOR('',#3429,7.E-2);
#3431=CARTESIAN_POINT('',(-5.1E-1,4.250001400910E-1,-4.7E-1));
#3432=LINE('',#3431,#3430);
#3433=DIRECTION('',(0.E0,4.316134911876E-1,-9.020586423425E-1));
#3434=VECTOR('',#3433,4.473244922714E-2);
#3435=CARTESIAN_POINT('',(-5.1E-1,4.056930115107E-1,-4.296487075815E-1));
#3436=LINE('',#3435,#3434);
#3437=DIRECTION('',(0.E0,8.964864303834E-1,-4.430711908242E-1));
#3438=VECTOR('',#3437,1.346255608959E-1);
#3439=CARTESIAN_POINT('',(-5.1E-1,2.850030229848E-1,-3.7E-1));
#3440=LINE('',#3439,#3438);
#3441=DIRECTION('',(0.E0,-8.964864303834E-1,-4.430711908242E-1));
#3442=VECTOR('',#3441,1.346255608959E-1);
#3443=CARTESIAN_POINT('',(-5.1E-1,4.056930115107E-1,4.296487075815E-1));
#3444=LINE('',#3443,#3442);
#3445=DIRECTION('',(0.E0,-4.316134911876E-1,-9.020586423425E-1));
#3446=VECTOR('',#3445,4.473244922714E-2);
#3447=CARTESIAN_POINT('',(-5.1E-1,4.250001400910E-1,4.7E-1));
#3448=LINE('',#3447,#3446);
#3449=DIRECTION('',(0.E0,-1.E0,0.E0));
#3450=VECTOR('',#3449,7.E-2);
#3451=CARTESIAN_POINT('',(-5.1E-1,4.950001400910E-1,4.7E-1));
#3452=LINE('',#3451,#3450);
#3453=DIRECTION('',(0.E0,-4.622841805883E-1,8.867318288963E-1));
#3454=VECTOR('',#3453,9.447228486817E-2);
#3455=CARTESIAN_POINT('',(-5.1E-1,5.386731828896E-1,3.862284180588E-1));
#3456=LINE('',#3455,#3454);
#3457=CARTESIAN_POINT('',(-5.1E-1,4.5E-1,3.4E-1));
#3458=DIRECTION('',(1.E0,0.E0,0.E0));
#3459=DIRECTION('',(0.E0,9.539392014169E-1,3.E-1));
#3460=AXIS2_PLACEMENT_3D('',#3457,#3458,#3459);
#3462=DIRECTION('',(0.E0,8.964864303834E-1,4.430711908242E-1));
#3463=VECTOR('',#3462,1.322464050176E-2);
#3464=CARTESIAN_POINT('',(-5.1E-1,4.204214416105E-1,3.7E-1));
#3465=LINE('',#3464,#3463);
#3466=CARTESIAN_POINT('',(-5.1E-1,1.996831997875E-1,-6.2E-1));
#3467=DIRECTION('',(-1.E0,0.E0,0.E0));
#3468=DIRECTION('',(0.E0,0.E0,-1.E0));
#3469=AXIS2_PLACEMENT_3D('',#3466,#3467,#3468);
#3471=DIRECTION('',(0.E0,-1.E0,0.E0));
#3472=VECTOR('',#3471,1.381049525984E-1);
#3473=CARTESIAN_POINT('',(-5.1E-1,3.377881523859E-1,-7.2E-1));
#3474=LINE('',#3473,#3472);
#3475=CARTESIAN_POINT('',(-5.1E-1,3.377881523859E-1,-6.7E-1));
#3476=DIRECTION('',(-1.E0,0.E0,0.E0));
#3477=DIRECTION('',(0.E0,4.205608285392E-1,-9.072643437821E-1));
#3478=AXIS2_PLACEMENT_3D('',#3475,#3476,#3477);
#3480=DIRECTION('',(0.E0,-9.072643437821E-1,-4.205608285392E-1));
#3481=VECTOR('',#3480,3.384751378868E-2);
#3482=CARTESIAN_POINT('',(-5.1E-1,3.895248361990E-1,-7.011282787461E-1));
#3483=LINE('',#3482,#3481);
#3484=CARTESIAN_POINT('',(-5.1E-1,4.399921356237E-1,-8.1E-1));
#3485=DIRECTION('',(1.E0,0.E0,0.E0));
#3486=DIRECTION('',(0.E0,7.071067811865E-1,7.071067811865E-1));
#3487=AXIS2_PLACEMENT_3D('',#3484,#3485,#3486);
#3489=DIRECTION('',(0.E0,-7.071067811866E-1,7.071067811865E-1));
#3490=VECTOR('',#3489,4.928932188135E-2);
#3491=CARTESIAN_POINT('',(-5.1E-1,5.596977631085E-1,-7.6E-1));
#3492=LINE('',#3491,#3490);
#3493=DIRECTION('',(1.E0,0.E0,0.E0));
#3494=VECTOR('',#3493,1.8E-1);
#3495=CARTESIAN_POINT('',(-6.9E-1,5.248449493661E-1,7.251471862576E-1));
#3496=LINE('',#3495,#3494);
#3497=DIRECTION('',(1.E0,0.E0,0.E0));
#3498=VECTOR('',#3497,1.8E-1);
#3499=CARTESIAN_POINT('',(-6.9E-1,3.895248361990E-1,7.011282787461E-1));
#3500=LINE('',#3499,#3498);
#3501=DIRECTION('',(1.E0,0.E0,0.E0));
#3502=VECTOR('',#3501,1.8E-1);
#3503=CARTESIAN_POINT('',(-6.9E-1,3.588161938129E-1,7.153632171891E-1));
#3504=LINE('',#3503,#3502);
#3505=DIRECTION('',(1.E0,0.E0,0.E0));
#3506=VECTOR('',#3505,1.8E-1);
#3507=CARTESIAN_POINT('',(-6.9E-1,3.377881523859E-1,7.2E-1));
#3508=LINE('',#3507,#3506);
#3509=DIRECTION('',(1.E0,0.E0,0.E0));
#3510=VECTOR('',#3509,1.8E-1);
#3511=CARTESIAN_POINT('',(-6.9E-1,1.996831997875E-1,7.2E-1));
#3512=LINE('',#3511,#3510);
#3513=DIRECTION('',(1.E0,0.E0,0.E0));
#3514=VECTOR('',#3513,1.8E-1);
#3515=CARTESIAN_POINT('',(-6.9E-1,1.098579106768E-1,4.452695676255E-1));
#3516=LINE('',#3515,#3514);
#3517=DIRECTION('',(1.E0,0.E0,0.E0));
#3518=VECTOR('',#3517,1.8E-1);
#3519=CARTESIAN_POINT('',(-6.9E-1,1.098579106768E-1,-4.452695676255E-1));
#3520=LINE('',#3519,#3518);
#3521=DIRECTION('',(-1.E0,0.E0,0.E0));
#3522=VECTOR('',#3521,3.249999999902E0);
#3523=CARTESIAN_POINT('',(1.625000000083E0,6.1E-1,-3.7E-1));
#3524=LINE('',#3523,#3522);
#3525=DIRECTION('',(2.073652097591E-9,9.999999999998E-1,5.644706301602E-7));
#3526=VECTOR('',#3525,4.099998379100E-1);
#3527=CARTESIAN_POINT('',(-1.625000000669E0,2.000001620900E-1,
-3.700002314329E-1));
#3528=LINE('',#3527,#3526);
#3529=DIRECTION('',(-1.E0,5.566931528741E-12,3.896934055819E-12));
#3530=VECTOR('',#3529,3.250000001399E0);
#3531=CARTESIAN_POINT('',(1.625000000730E0,2.000001620720E-1,
-3.700002314455E-1));
#3532=LINE('',#3531,#3530);
#3533=DIRECTION('',(-1.579290168957E-9,9.999999999998E-1,5.645015203431E-7));
#3534=VECTOR('',#3533,4.099998379281E-1);
#3535=CARTESIAN_POINT('',(1.625000000730E0,2.000001620720E-1,
-3.700002314455E-1));
#3536=LINE('',#3535,#3534);
#3537=DIRECTION('',(0.E0,1.E0,0.E0));
#3538=VECTOR('',#3537,1.354184186257E-1);
#3539=CARTESIAN_POINT('',(1.31E0,2.850030229848E-1,-3.7E-1));
#3540=LINE('',#3539,#3538);
#3541=DIRECTION('',(1.E0,0.E0,0.E0));
#3542=VECTOR('',#3541,1.8E-1);
#3543=CARTESIAN_POINT('',(1.31E0,4.204214416105E-1,-3.7E-1));
#3544=LINE('',#3543,#3542);
#3545=DIRECTION('',(0.E0,1.E0,0.E0));
#3546=VECTOR('',#3545,1.354184186257E-1);
#3547=CARTESIAN_POINT('',(1.49E0,2.850030229848E-1,-3.7E-1));
#3548=LINE('',#3547,#3546);
#3549=DIRECTION('',(1.E0,0.E0,0.E0));
#3550=VECTOR('',#3549,1.8E-1);
#3551=CARTESIAN_POINT('',(1.31E0,2.850030229848E-1,-3.7E-1));
#3552=LINE('',#3551,#3550);
#3553=DIRECTION('',(0.E0,1.E0,0.E0));
#3554=VECTOR('',#3553,6.893640703105E-2);
#3555=CARTESIAN_POINT('',(1.31E0,4.764575131106E-1,-3.7E-1));
#3556=LINE('',#3555,#3554);
#3557=DIRECTION('',(1.E0,0.E0,0.E0));
#3558=VECTOR('',#3557,1.8E-1);
#3559=CARTESIAN_POINT('',(1.31E0,5.453939201417E-1,-3.7E-1));
#3560=LINE('',#3559,#3558);
#3561=DIRECTION('',(0.E0,1.E0,0.E0));
#3562=VECTOR('',#3561,6.893640703105E-2);
#3563=CARTESIAN_POINT('',(1.49E0,4.764575131106E-1,-3.7E-1));
#3564=LINE('',#3563,#3562);
#3565=DIRECTION('',(1.E0,0.E0,0.E0));
#3566=VECTOR('',#3565,1.8E-1);
#3567=CARTESIAN_POINT('',(1.31E0,4.764575131106E-1,-3.7E-1));
#3568=LINE('',#3567,#3566);
#3569=DIRECTION('',(0.E0,1.E0,0.E0));
#3570=VECTOR('',#3569,1.354184186257E-1);
#3571=CARTESIAN_POINT('',(9.1E-1,2.850030229848E-1,-3.7E-1));
#3572=LINE('',#3571,#3570);
#3573=DIRECTION('',(1.E0,0.E0,0.E0));
#3574=VECTOR('',#3573,1.8E-1);
#3575=CARTESIAN_POINT('',(9.1E-1,4.204214416105E-1,-3.7E-1));
#3576=LINE('',#3575,#3574);
#3577=DIRECTION('',(0.E0,1.E0,0.E0));
#3578=VECTOR('',#3577,1.354184186257E-1);
#3579=CARTESIAN_POINT('',(1.09E0,2.850030229848E-1,-3.7E-1));
#3580=LINE('',#3579,#3578);
#3581=DIRECTION('',(1.E0,0.E0,0.E0));
#3582=VECTOR('',#3581,1.8E-1);
#3583=CARTESIAN_POINT('',(9.1E-1,2.850030229848E-1,-3.7E-1));
#3584=LINE('',#3583,#3582);
#3585=DIRECTION('',(0.E0,1.E0,0.E0));
#3586=VECTOR('',#3585,6.893640703105E-2);
#3587=CARTESIAN_POINT('',(9.1E-1,4.764575131106E-1,-3.7E-1));
#3588=LINE('',#3587,#3586);
#3589=DIRECTION('',(1.E0,0.E0,0.E0));
#3590=VECTOR('',#3589,1.8E-1);
#3591=CARTESIAN_POINT('',(9.1E-1,5.453939201417E-1,-3.7E-1));
#3592=LINE('',#3591,#3590);
#3593=DIRECTION('',(0.E0,1.E0,0.E0));
#3594=VECTOR('',#3593,6.893640703105E-2);
#3595=CARTESIAN_POINT('',(1.09E0,4.764575131106E-1,-3.7E-1));
#3596=LINE('',#3595,#3594);
#3597=DIRECTION('',(1.E0,0.E0,0.E0));
#3598=VECTOR('',#3597,1.8E-1);
#3599=CARTESIAN_POINT('',(9.1E-1,4.764575131106E-1,-3.7E-1));
#3600=LINE('',#3599,#3598);
#3601=DIRECTION('',(0.E0,1.E0,0.E0));
#3602=VECTOR('',#3601,1.354184186257E-1);
#3603=CARTESIAN_POINT('',(5.1E-1,2.850030229848E-1,-3.7E-1));
#3604=LINE('',#3603,#3602);
#3605=DIRECTION('',(1.E0,0.E0,0.E0));
#3606=VECTOR('',#3605,1.8E-1);
#3607=CARTESIAN_POINT('',(5.1E-1,4.204214416105E-1,-3.7E-1));
#3608=LINE('',#3607,#3606);
#3609=DIRECTION('',(0.E0,1.E0,0.E0));
#3610=VECTOR('',#3609,1.354184186257E-1);
#3611=CARTESIAN_POINT('',(6.9E-1,2.850030229848E-1,-3.7E-1));
#3612=LINE('',#3611,#3610);
#3613=DIRECTION('',(1.E0,0.E0,0.E0));
#3614=VECTOR('',#3613,1.8E-1);
#3615=CARTESIAN_POINT('',(5.1E-1,2.850030229848E-1,-3.7E-1));
#3616=LINE('',#3615,#3614);
#3617=DIRECTION('',(0.E0,1.E0,0.E0));
#3618=VECTOR('',#3617,6.893640703105E-2);
#3619=CARTESIAN_POINT('',(5.1E-1,4.764575131106E-1,-3.7E-1));
#3620=LINE('',#3619,#3618);
#3621=DIRECTION('',(1.E0,0.E0,0.E0));
#3622=VECTOR('',#3621,1.8E-1);
#3623=CARTESIAN_POINT('',(5.1E-1,5.453939201417E-1,-3.7E-1));
#3624=LINE('',#3623,#3622);
#3625=DIRECTION('',(0.E0,1.E0,0.E0));
#3626=VECTOR('',#3625,6.893640703105E-2);
#3627=CARTESIAN_POINT('',(6.9E-1,4.764575131106E-1,-3.7E-1));
#3628=LINE('',#3627,#3626);
#3629=DIRECTION('',(1.E0,0.E0,0.E0));
#3630=VECTOR('',#3629,1.8E-1);
#3631=CARTESIAN_POINT('',(5.1E-1,4.764575131106E-1,-3.7E-1));
#3632=LINE('',#3631,#3630);
#3633=DIRECTION('',(0.E0,1.E0,0.E0));
#3634=VECTOR('',#3633,1.354184186257E-1);
#3635=CARTESIAN_POINT('',(1.1E-1,2.850030229848E-1,-3.7E-1));
#3636=LINE('',#3635,#3634);
#3637=DIRECTION('',(1.E0,0.E0,0.E0));
#3638=VECTOR('',#3637,1.8E-1);
#3639=CARTESIAN_POINT('',(1.1E-1,4.204214416105E-1,-3.7E-1));
#3640=LINE('',#3639,#3638);
#3641=DIRECTION('',(0.E0,1.E0,0.E0));
#3642=VECTOR('',#3641,1.354184186257E-1);
#3643=CARTESIAN_POINT('',(2.9E-1,2.850030229848E-1,-3.7E-1));
#3644=LINE('',#3643,#3642);
#3645=DIRECTION('',(1.E0,0.E0,0.E0));
#3646=VECTOR('',#3645,1.8E-1);
#3647=CARTESIAN_POINT('',(1.1E-1,2.850030229848E-1,-3.7E-1));
#3648=LINE('',#3647,#3646);
#3649=DIRECTION('',(0.E0,1.E0,0.E0));
#3650=VECTOR('',#3649,6.893640703105E-2);
#3651=CARTESIAN_POINT('',(1.1E-1,4.764575131106E-1,-3.7E-1));
#3652=LINE('',#3651,#3650);
#3653=DIRECTION('',(1.E0,0.E0,0.E0));
#3654=VECTOR('',#3653,1.8E-1);
#3655=CARTESIAN_POINT('',(1.1E-1,5.453939201417E-1,-3.7E-1));
#3656=LINE('',#3655,#3654);
#3657=DIRECTION('',(0.E0,1.E0,0.E0));
#3658=VECTOR('',#3657,6.893640703105E-2);
#3659=CARTESIAN_POINT('',(2.9E-1,4.764575131106E-1,-3.7E-1));
#3660=LINE('',#3659,#3658);
#3661=DIRECTION('',(1.E0,0.E0,0.E0));
#3662=VECTOR('',#3661,1.8E-1);
#3663=CARTESIAN_POINT('',(1.1E-1,4.764575131106E-1,-3.7E-1));
#3664=LINE('',#3663,#3662);
#3665=DIRECTION('',(0.E0,1.E0,0.E0));
#3666=VECTOR('',#3665,1.354184186257E-1);
#3667=CARTESIAN_POINT('',(-2.9E-1,2.850030229848E-1,-3.7E-1));
#3668=LINE('',#3667,#3666);
#3669=DIRECTION('',(1.E0,0.E0,0.E0));
#3670=VECTOR('',#3669,1.8E-1);
#3671=CARTESIAN_POINT('',(-2.9E-1,4.204214416105E-1,-3.7E-1));
#3672=LINE('',#3671,#3670);
#3673=DIRECTION('',(0.E0,1.E0,0.E0));
#3674=VECTOR('',#3673,1.354184186257E-1);
#3675=CARTESIAN_POINT('',(-1.1E-1,2.850030229848E-1,-3.7E-1));
#3676=LINE('',#3675,#3674);
#3677=DIRECTION('',(1.E0,0.E0,0.E0));
#3678=VECTOR('',#3677,1.8E-1);
#3679=CARTESIAN_POINT('',(-2.9E-1,2.850030229848E-1,-3.7E-1));
#3680=LINE('',#3679,#3678);
#3681=DIRECTION('',(0.E0,1.E0,0.E0));
#3682=VECTOR('',#3681,6.893640703105E-2);
#3683=CARTESIAN_POINT('',(-2.9E-1,4.764575131106E-1,-3.7E-1));
#3684=LINE('',#3683,#3682);
#3685=DIRECTION('',(1.E0,0.E0,0.E0));
#3686=VECTOR('',#3685,1.8E-1);
#3687=CARTESIAN_POINT('',(-2.9E-1,5.453939201417E-1,-3.7E-1));
#3688=LINE('',#3687,#3686);
#3689=DIRECTION('',(0.E0,1.E0,0.E0));
#3690=VECTOR('',#3689,6.893640703105E-2);
#3691=CARTESIAN_POINT('',(-1.1E-1,4.764575131106E-1,-3.7E-1));
#3692=LINE('',#3691,#3690);
#3693=DIRECTION('',(1.E0,0.E0,0.E0));
#3694=VECTOR('',#3693,1.8E-1);
#3695=CARTESIAN_POINT('',(-2.9E-1,4.764575131106E-1,-3.7E-1));
#3696=LINE('',#3695,#3694);
#3697=DIRECTION('',(0.E0,1.E0,0.E0));
#3698=VECTOR('',#3697,1.354184186257E-1);
#3699=CARTESIAN_POINT('',(-6.9E-1,2.850030229848E-1,-3.7E-1));
#3700=LINE('',#3699,#3698);
#3701=DIRECTION('',(1.E0,0.E0,0.E0));
#3702=VECTOR('',#3701,1.8E-1);
#3703=CARTESIAN_POINT('',(-6.9E-1,4.204214416105E-1,-3.7E-1));
#3704=LINE('',#3703,#3702);
#3705=DIRECTION('',(0.E0,1.E0,0.E0));
#3706=VECTOR('',#3705,1.354184186257E-1);
#3707=CARTESIAN_POINT('',(-5.1E-1,2.850030229848E-1,-3.7E-1));
#3708=LINE('',#3707,#3706);
#3709=DIRECTION('',(1.E0,0.E0,0.E0));
#3710=VECTOR('',#3709,1.8E-1);
#3711=CARTESIAN_POINT('',(-6.9E-1,2.850030229848E-1,-3.7E-1));
#3712=LINE('',#3711,#3710);
#3713=DIRECTION('',(0.E0,1.E0,0.E0));
#3714=VECTOR('',#3713,6.893640703105E-2);
#3715=CARTESIAN_POINT('',(-6.9E-1,4.764575131106E-1,-3.7E-1));
#3716=LINE('',#3715,#3714);
#3717=DIRECTION('',(1.E0,0.E0,0.E0));
#3718=VECTOR('',#3717,1.8E-1);
#3719=CARTESIAN_POINT('',(-6.9E-1,5.453939201417E-1,-3.7E-1));
#3720=LINE('',#3719,#3718);
#3721=DIRECTION('',(0.E0,1.E0,0.E0));
#3722=VECTOR('',#3721,6.893640703105E-2);
#3723=CARTESIAN_POINT('',(-5.1E-1,4.764575131106E-1,-3.7E-1));
#3724=LINE('',#3723,#3722);
#3725=DIRECTION('',(1.E0,0.E0,0.E0));
#3726=VECTOR('',#3725,1.8E-1);
#3727=CARTESIAN_POINT('',(-6.9E-1,4.764575131106E-1,-3.7E-1));
#3728=LINE('',#3727,#3726);
#3729=DIRECTION('',(0.E0,1.E0,0.E0));
#3730=VECTOR('',#3729,1.354184186257E-1);
#3731=CARTESIAN_POINT('',(-1.09E0,2.850030229848E-1,-3.7E-1));
#3732=LINE('',#3731,#3730);
#3733=DIRECTION('',(1.E0,0.E0,0.E0));
#3734=VECTOR('',#3733,1.8E-1);
#3735=CARTESIAN_POINT('',(-1.09E0,4.204214416105E-1,-3.7E-1));
#3736=LINE('',#3735,#3734);
#3737=DIRECTION('',(0.E0,1.E0,0.E0));
#3738=VECTOR('',#3737,1.354184186257E-1);
#3739=CARTESIAN_POINT('',(-9.1E-1,2.850030229848E-1,-3.7E-1));
#3740=LINE('',#3739,#3738);
#3741=DIRECTION('',(1.E0,0.E0,0.E0));
#3742=VECTOR('',#3741,1.8E-1);
#3743=CARTESIAN_POINT('',(-1.09E0,2.850030229848E-1,-3.7E-1));
#3744=LINE('',#3743,#3742);
#3745=DIRECTION('',(0.E0,1.E0,0.E0));
#3746=VECTOR('',#3745,6.893640703105E-2);
#3747=CARTESIAN_POINT('',(-1.09E0,4.764575131106E-1,-3.7E-1));
#3748=LINE('',#3747,#3746);
#3749=DIRECTION('',(1.E0,0.E0,0.E0));
#3750=VECTOR('',#3749,1.8E-1);
#3751=CARTESIAN_POINT('',(-1.09E0,5.453939201417E-1,-3.7E-1));
#3752=LINE('',#3751,#3750);
#3753=DIRECTION('',(0.E0,1.E0,0.E0));
#3754=VECTOR('',#3753,6.893640703105E-2);
#3755=CARTESIAN_POINT('',(-9.1E-1,4.764575131106E-1,-3.7E-1));
#3756=LINE('',#3755,#3754);
#3757=DIRECTION('',(1.E0,0.E0,0.E0));
#3758=VECTOR('',#3757,1.8E-1);
#3759=CARTESIAN_POINT('',(-1.09E0,4.764575131106E-1,-3.7E-1));
#3760=LINE('',#3759,#3758);
#3761=DIRECTION('',(0.E0,1.E0,0.E0));
#3762=VECTOR('',#3761,1.354184186257E-1);
#3763=CARTESIAN_POINT('',(-1.49E0,2.850030229848E-1,-3.7E-1));
#3764=LINE('',#3763,#3762);
#3765=DIRECTION('',(1.E0,0.E0,0.E0));
#3766=VECTOR('',#3765,1.8E-1);
#3767=CARTESIAN_POINT('',(-1.49E0,4.204214416105E-1,-3.7E-1));
#3768=LINE('',#3767,#3766);
#3769=DIRECTION('',(0.E0,1.E0,0.E0));
#3770=VECTOR('',#3769,1.354184186257E-1);
#3771=CARTESIAN_POINT('',(-1.31E0,2.850030229848E-1,-3.7E-1));
#3772=LINE('',#3771,#3770);
#3773=DIRECTION('',(1.E0,0.E0,0.E0));
#3774=VECTOR('',#3773,1.8E-1);
#3775=CARTESIAN_POINT('',(-1.49E0,2.850030229848E-1,-3.7E-1));
#3776=LINE('',#3775,#3774);
#3777=DIRECTION('',(0.E0,1.E0,0.E0));
#3778=VECTOR('',#3777,6.893640703105E-2);
#3779=CARTESIAN_POINT('',(-1.49E0,4.764575131106E-1,-3.7E-1));
#3780=LINE('',#3779,#3778);
#3781=DIRECTION('',(1.E0,0.E0,0.E0));
#3782=VECTOR('',#3781,1.8E-1);
#3783=CARTESIAN_POINT('',(-1.49E0,5.453939201417E-1,-3.7E-1));
#3784=LINE('',#3783,#3782);
#3785=DIRECTION('',(0.E0,1.E0,0.E0));
#3786=VECTOR('',#3785,6.893640703105E-2);
#3787=CARTESIAN_POINT('',(-1.31E0,4.764575131106E-1,-3.7E-1));
#3788=LINE('',#3787,#3786);
#3789=DIRECTION('',(1.E0,0.E0,0.E0));
#3790=VECTOR('',#3789,1.8E-1);
#3791=CARTESIAN_POINT('',(-1.49E0,4.764575131106E-1,-3.7E-1));
#3792=LINE('',#3791,#3790);
#3793=CARTESIAN_POINT('',(1.625E0,6.1E-1,-3.4E-1));
#3794=DIRECTION('',(1.E0,0.E0,0.E0));
#3795=DIRECTION('',(0.E0,0.E0,-1.E0));
#3796=AXIS2_PLACEMENT_3D('',#3793,#3794,#3795);
#3798=CARTESIAN_POINT('',(-1.625E0,6.1E-1,-3.4E-1));
#3799=DIRECTION('',(-1.E0,0.E0,0.E0));
#3800=DIRECTION('',(0.E0,1.E0,0.E0));
#3801=AXIS2_PLACEMENT_3D('',#3798,#3799,#3800);
#3803=CARTESIAN_POINT('',(1.625E0,6.4E-1,3.4E-1));
#3804=CARTESIAN_POINT('',(1.625E0,6.4E-1,3.429872861216E-1));
#3805=CARTESIAN_POINT('',(1.625830950180E0,6.391690498196E-1,
3.486945890531E-1));
#3806=CARTESIAN_POINT('',(1.629754631244E0,6.352453687561E-1,
3.569867767342E-1));
#3807=CARTESIAN_POINT('',(1.636141247563E0,6.288587524370E-1,
3.634121419977E-1));
#3808=CARTESIAN_POINT('',(1.644858803400E0,6.201411966003E-1,
3.669294523803E-1));
#3809=CARTESIAN_POINT('',(1.651471143938E0,6.135288560622E-1,
3.665036940320E-1));
#3810=CARTESIAN_POINT('',(1.655E0,6.1E-1,3.653939201417E-1));
#3812=CARTESIAN_POINT('',(1.655E0,6.1E-1,-3.653939201417E-1));
#3813=CARTESIAN_POINT('',(1.651473999304E0,6.135260006960E-1,
-3.665027960609E-1));
#3814=CARTESIAN_POINT('',(1.644866271342E0,6.201337286584E-1,
-3.669311052042E-1));
#3815=CARTESIAN_POINT('',(1.636142945293E0,6.288570547074E-1,
-3.634125280178E-1));
#3816=CARTESIAN_POINT('',(1.629760790594E0,6.352392094059E-1,
-3.569971191554E-1));
#3817=CARTESIAN_POINT('',(1.625825966287E0,6.391740337127E-1,
-3.486831170241E-1));
#3818=CARTESIAN_POINT('',(1.625E0,6.4E-1,-3.429823174652E-1));
#3819=CARTESIAN_POINT('',(1.625E0,6.4E-1,-3.4E-1));
#3821=CARTESIAN_POINT('',(1.625E0,6.1E-1,2.7E-1));
#3822=DIRECTION('',(0.E0,1.E0,0.E0));
#3823=DIRECTION('',(0.E0,0.E0,1.E0));
#3824=AXIS2_PLACEMENT_3D('',#3821,#3822,#3823);
#3826=CARTESIAN_POINT('',(1.725E0,5.4E-1,2.7E-1));
#3827=CARTESIAN_POINT('',(1.725E0,5.4E-1,2.845660859448E-1));
#3828=CARTESIAN_POINT('',(1.719472922921E0,5.455270770794E-1,
3.074290434400E-1));
#3829=CARTESIAN_POINT('',(1.698796926518E0,5.662030734825E-1,
3.422411623978E-1));
#3830=CARTESIAN_POINT('',(1.675108370395E0,5.898916296049E-1,
3.590701302088E-1));
#3831=CARTESIAN_POINT('',(1.655E0,6.1E-1,3.653939201417E-1));
#3833=CARTESIAN_POINT('',(1.625E0,1.999986640498E-1,2.7E-1));
#3834=DIRECTION('',(0.E0,1.E0,0.E0));
#3835=DIRECTION('',(0.E0,0.E0,1.E0));
#3836=AXIS2_PLACEMENT_3D('',#3833,#3834,#3835);
#3838=DIRECTION('',(0.E0,0.E0,-1.E0));
#3839=VECTOR('',#3838,5.4E-1);
#3840=CARTESIAN_POINT('',(1.725E0,5.4E-1,2.7E-1));
#3841=LINE('',#3840,#3839);
#3842=DIRECTION('',(-6.806852270674E-7,9.999999999998E-1,1.968435340828E-9));
#3843=VECTOR('',#3842,3.399998379100E-1);
#3844=CARTESIAN_POINT('',(1.725000231433E0,2.000001620900E-1,
-2.700000006693E-1));
#3845=LINE('',#3844,#3843);
#3846=DIRECTION('',(-2.345407812499E-11,3.350488602150E-11,-1.E0));
#3847=VECTOR('',#3846,5.400000013995E-1);
#3848=CARTESIAN_POINT('',(1.725000231446E0,2.000001620720E-1,
2.700000007302E-1));
#3849=LINE('',#3848,#3847);
#3850=DIRECTION('',(-6.807224776437E-7,9.999999999998E-1,-2.147687464219E-9));
#3851=VECTOR('',#3850,3.399998379281E-1);
#3852=CARTESIAN_POINT('',(1.725000231446E0,2.000001620720E-1,
2.700000007302E-1));
#3853=LINE('',#3852,#3851);
#3854=CARTESIAN_POINT('',(1.625E0,6.1E-1,-2.7E-1));
#3855=DIRECTION('',(0.E0,1.E0,0.E0));
#3856=DIRECTION('',(3.E-1,0.E0,-9.539392014169E-1));
#3857=AXIS2_PLACEMENT_3D('',#3854,#3855,#3856);
#3859=CARTESIAN_POINT('',(1.625E0,1.999986640498E-1,-2.7E-1));
#3860=DIRECTION('',(0.E0,1.E0,0.E0));
#3861=DIRECTION('',(1.E0,0.E0,0.E0));
#3862=AXIS2_PLACEMENT_3D('',#3859,#3860,#3861);
#3864=CARTESIAN_POINT('',(1.655E0,6.1E-1,-3.653939201417E-1));
#3865=CARTESIAN_POINT('',(1.675108370395E0,5.898916296049E-1,
-3.590701302088E-1));
#3866=CARTESIAN_POINT('',(1.698796926518E0,5.662030734825E-1,
-3.422411623978E-1));
#3867=CARTESIAN_POINT('',(1.719472922921E0,5.455270770794E-1,
-3.074290434400E-1));
#3868=CARTESIAN_POINT('',(1.725E0,5.4E-1,-2.845660859448E-1));
#3869=CARTESIAN_POINT('',(1.725E0,5.4E-1,-2.7E-1));
#3871=DIRECTION('',(-5.734647463496E-1,8.192302391234E-1,6.944949779131E-9));
#3872=VECTOR('',#3871,1.220655560675E-1);
#3873=CARTESIAN_POINT('',(1.795000524581E0,1.000003674041E-1,
-2.700000015170E-1));
#3874=LINE('',#3873,#3872);
#3875=DIRECTION('',(-5.734647463496E-1,8.192302391234E-1,-7.577377918222E-9));
#3876=VECTOR('',#3875,1.220655560955E-1);
#3877=CARTESIAN_POINT('',(1.795000524610E0,1.000003673631E-1,
2.700000016552E-1));
#3878=LINE('',#3877,#3876);
#3879=DIRECTION('',(-6.944946595776E-9,8.192302391234E-1,-5.734647463496E-1));
#3880=VECTOR('',#3879,1.220655560675E-1);
#3881=CARTESIAN_POINT('',(1.625000001517E0,1.000003674041E-1,
4.400005245812E-1));
#3882=LINE('',#3881,#3880);
#3883=DIRECTION('',(1.E0,0.E0,0.E0));
#3884=VECTOR('',#3883,3.249999999902E0);
#3885=CARTESIAN_POINT('',(-1.625000000083E0,6.1E-1,3.7E-1));
#3886=LINE('',#3885,#3884);
#3887=DIRECTION('',(-2.073652097591E-9,9.999999999998E-1,-5.644706301602E-7));
#3888=VECTOR('',#3887,4.099998379100E-1);
#3889=CARTESIAN_POINT('',(1.625000000669E0,2.000001620900E-1,
3.700002314329E-1));
#3890=LINE('',#3889,#3888);
#3891=DIRECTION('',(1.E0,5.566931528741E-12,-3.896934055819E-12));
#3892=VECTOR('',#3891,3.250000001399E0);
#3893=CARTESIAN_POINT('',(-1.625000000730E0,2.000001620720E-1,
3.700002314455E-1));
#3894=LINE('',#3893,#3892);
#3895=DIRECTION('',(1.579290168957E-9,9.999999999998E-1,-5.645015203431E-7));
#3896=VECTOR('',#3895,4.099998379281E-1);
#3897=CARTESIAN_POINT('',(-1.625000000730E0,2.000001620720E-1,
3.700002314455E-1));
#3898=LINE('',#3897,#3896);
#3899=DIRECTION('',(0.E0,1.E0,0.E0));
#3900=VECTOR('',#3899,1.354184186257E-1);
#3901=CARTESIAN_POINT('',(1.31E0,2.850030229848E-1,3.7E-1));
#3902=LINE('',#3901,#3900);
#3903=DIRECTION('',(1.E0,0.E0,0.E0));
#3904=VECTOR('',#3903,1.8E-1);
#3905=CARTESIAN_POINT('',(1.31E0,2.850030229848E-1,3.7E-1));
#3906=LINE('',#3905,#3904);
#3907=DIRECTION('',(0.E0,1.E0,0.E0));
#3908=VECTOR('',#3907,1.354184186257E-1);
#3909=CARTESIAN_POINT('',(1.49E0,2.850030229848E-1,3.7E-1));
#3910=LINE('',#3909,#3908);
#3911=DIRECTION('',(1.E0,0.E0,0.E0));
#3912=VECTOR('',#3911,1.8E-1);
#3913=CARTESIAN_POINT('',(1.31E0,4.204214416105E-1,3.7E-1));
#3914=LINE('',#3913,#3912);
#3915=DIRECTION('',(0.E0,1.E0,0.E0));
#3916=VECTOR('',#3915,6.893640703105E-2);
#3917=CARTESIAN_POINT('',(1.31E0,4.764575131106E-1,3.7E-1));
#3918=LINE('',#3917,#3916);
#3919=DIRECTION('',(1.E0,0.E0,0.E0));
#3920=VECTOR('',#3919,1.8E-1);
#3921=CARTESIAN_POINT('',(1.31E0,4.764575131106E-1,3.7E-1));
#3922=LINE('',#3921,#3920);
#3923=DIRECTION('',(0.E0,1.E0,0.E0));
#3924=VECTOR('',#3923,6.893640703105E-2);
#3925=CARTESIAN_POINT('',(1.49E0,4.764575131106E-1,3.7E-1));
#3926=LINE('',#3925,#3924);
#3927=DIRECTION('',(1.E0,0.E0,0.E0));
#3928=VECTOR('',#3927,1.8E-1);
#3929=CARTESIAN_POINT('',(1.31E0,5.453939201417E-1,3.7E-1));
#3930=LINE('',#3929,#3928);
#3931=DIRECTION('',(0.E0,1.E0,0.E0));
#3932=VECTOR('',#3931,1.354184186257E-1);
#3933=CARTESIAN_POINT('',(9.1E-1,2.850030229848E-1,3.7E-1));
#3934=LINE('',#3933,#3932);
#3935=DIRECTION('',(1.E0,0.E0,0.E0));
#3936=VECTOR('',#3935,1.8E-1);
#3937=CARTESIAN_POINT('',(9.1E-1,2.850030229848E-1,3.7E-1));
#3938=LINE('',#3937,#3936);
#3939=DIRECTION('',(0.E0,1.E0,0.E0));
#3940=VECTOR('',#3939,1.354184186257E-1);
#3941=CARTESIAN_POINT('',(1.09E0,2.850030229848E-1,3.7E-1));
#3942=LINE('',#3941,#3940);
#3943=DIRECTION('',(1.E0,0.E0,0.E0));
#3944=VECTOR('',#3943,1.8E-1);
#3945=CARTESIAN_POINT('',(9.1E-1,4.204214416105E-1,3.7E-1));
#3946=LINE('',#3945,#3944);
#3947=DIRECTION('',(0.E0,1.E0,0.E0));
#3948=VECTOR('',#3947,6.893640703105E-2);
#3949=CARTESIAN_POINT('',(9.1E-1,4.764575131106E-1,3.7E-1));
#3950=LINE('',#3949,#3948);
#3951=DIRECTION('',(1.E0,0.E0,0.E0));
#3952=VECTOR('',#3951,1.8E-1);
#3953=CARTESIAN_POINT('',(9.1E-1,4.764575131106E-1,3.7E-1));
#3954=LINE('',#3953,#3952);
#3955=DIRECTION('',(0.E0,1.E0,0.E0));
#3956=VECTOR('',#3955,6.893640703105E-2);
#3957=CARTESIAN_POINT('',(1.09E0,4.764575131106E-1,3.7E-1));
#3958=LINE('',#3957,#3956);
#3959=DIRECTION('',(1.E0,0.E0,0.E0));
#3960=VECTOR('',#3959,1.8E-1);
#3961=CARTESIAN_POINT('',(9.1E-1,5.453939201417E-1,3.7E-1));
#3962=LINE('',#3961,#3960);
#3963=DIRECTION('',(0.E0,1.E0,0.E0));
#3964=VECTOR('',#3963,1.354184186257E-1);
#3965=CARTESIAN_POINT('',(5.1E-1,2.850030229848E-1,3.7E-1));
#3966=LINE('',#3965,#3964);
#3967=DIRECTION('',(1.E0,0.E0,0.E0));
#3968=VECTOR('',#3967,1.8E-1);
#3969=CARTESIAN_POINT('',(5.1E-1,2.850030229848E-1,3.7E-1));
#3970=LINE('',#3969,#3968);
#3971=DIRECTION('',(0.E0,1.E0,0.E0));
#3972=VECTOR('',#3971,1.354184186257E-1);
#3973=CARTESIAN_POINT('',(6.9E-1,2.850030229848E-1,3.7E-1));
#3974=LINE('',#3973,#3972);
#3975=DIRECTION('',(1.E0,0.E0,0.E0));
#3976=VECTOR('',#3975,1.8E-1);
#3977=CARTESIAN_POINT('',(5.1E-1,4.204214416105E-1,3.7E-1));
#3978=LINE('',#3977,#3976);
#3979=DIRECTION('',(0.E0,1.E0,0.E0));
#3980=VECTOR('',#3979,6.893640703105E-2);
#3981=CARTESIAN_POINT('',(5.1E-1,4.764575131106E-1,3.7E-1));
#3982=LINE('',#3981,#3980);
#3983=DIRECTION('',(1.E0,0.E0,0.E0));
#3984=VECTOR('',#3983,1.8E-1);
#3985=CARTESIAN_POINT('',(5.1E-1,4.764575131106E-1,3.7E-1));
#3986=LINE('',#3985,#3984);
#3987=DIRECTION('',(0.E0,1.E0,0.E0));
#3988=VECTOR('',#3987,6.893640703105E-2);
#3989=CARTESIAN_POINT('',(6.9E-1,4.764575131106E-1,3.7E-1));
#3990=LINE('',#3989,#3988);
#3991=DIRECTION('',(1.E0,0.E0,0.E0));
#3992=VECTOR('',#3991,1.8E-1);
#3993=CARTESIAN_POINT('',(5.1E-1,5.453939201417E-1,3.7E-1));
#3994=LINE('',#3993,#3992);
#3995=DIRECTION('',(0.E0,1.E0,0.E0));
#3996=VECTOR('',#3995,1.354184186257E-1);
#3997=CARTESIAN_POINT('',(1.1E-1,2.850030229848E-1,3.7E-1));
#3998=LINE('',#3997,#3996);
#3999=DIRECTION('',(1.E0,0.E0,0.E0));
#4000=VECTOR('',#3999,1.8E-1);
#4001=CARTESIAN_POINT('',(1.1E-1,2.850030229848E-1,3.7E-1));
#4002=LINE('',#4001,#4000);
#4003=DIRECTION('',(0.E0,1.E0,0.E0));
#4004=VECTOR('',#4003,1.354184186257E-1);
#4005=CARTESIAN_POINT('',(2.9E-1,2.850030229848E-1,3.7E-1));
#4006=LINE('',#4005,#4004);
#4007=DIRECTION('',(1.E0,0.E0,0.E0));
#4008=VECTOR('',#4007,1.8E-1);
#4009=CARTESIAN_POINT('',(1.1E-1,4.204214416105E-1,3.7E-1));
#4010=LINE('',#4009,#4008);
#4011=DIRECTION('',(0.E0,1.E0,0.E0));
#4012=VECTOR('',#4011,6.893640703105E-2);
#4013=CARTESIAN_POINT('',(1.1E-1,4.764575131106E-1,3.7E-1));
#4014=LINE('',#4013,#4012);
#4015=DIRECTION('',(1.E0,0.E0,0.E0));
#4016=VECTOR('',#4015,1.8E-1);
#4017=CARTESIAN_POINT('',(1.1E-1,4.764575131106E-1,3.7E-1));
#4018=LINE('',#4017,#4016);
#4019=DIRECTION('',(0.E0,1.E0,0.E0));
#4020=VECTOR('',#4019,6.893640703105E-2);
#4021=CARTESIAN_POINT('',(2.9E-1,4.764575131106E-1,3.7E-1));
#4022=LINE('',#4021,#4020);
#4023=DIRECTION('',(1.E0,0.E0,0.E0));
#4024=VECTOR('',#4023,1.8E-1);
#4025=CARTESIAN_POINT('',(1.1E-1,5.453939201417E-1,3.7E-1));
#4026=LINE('',#4025,#4024);
#4027=DIRECTION('',(0.E0,1.E0,0.E0));
#4028=VECTOR('',#4027,1.354184186257E-1);
#4029=CARTESIAN_POINT('',(-2.9E-1,2.850030229848E-1,3.7E-1));
#4030=LINE('',#4029,#4028);
#4031=DIRECTION('',(1.E0,0.E0,0.E0));
#4032=VECTOR('',#4031,1.8E-1);
#4033=CARTESIAN_POINT('',(-2.9E-1,2.850030229848E-1,3.7E-1));
#4034=LINE('',#4033,#4032);
#4035=DIRECTION('',(0.E0,1.E0,0.E0));
#4036=VECTOR('',#4035,1.354184186257E-1);
#4037=CARTESIAN_POINT('',(-1.1E-1,2.850030229848E-1,3.7E-1));
#4038=LINE('',#4037,#4036);
#4039=DIRECTION('',(1.E0,0.E0,0.E0));
#4040=VECTOR('',#4039,1.8E-1);
#4041=CARTESIAN_POINT('',(-2.9E-1,4.204214416105E-1,3.7E-1));
#4042=LINE('',#4041,#4040);
#4043=DIRECTION('',(0.E0,1.E0,0.E0));
#4044=VECTOR('',#4043,6.893640703105E-2);
#4045=CARTESIAN_POINT('',(-2.9E-1,4.764575131106E-1,3.7E-1));
#4046=LINE('',#4045,#4044);
#4047=DIRECTION('',(1.E0,0.E0,0.E0));
#4048=VECTOR('',#4047,1.8E-1);
#4049=CARTESIAN_POINT('',(-2.9E-1,4.764575131106E-1,3.7E-1));
#4050=LINE('',#4049,#4048);
#4051=DIRECTION('',(0.E0,1.E0,0.E0));
#4052=VECTOR('',#4051,6.893640703105E-2);
#4053=CARTESIAN_POINT('',(-1.1E-1,4.764575131106E-1,3.7E-1));
#4054=LINE('',#4053,#4052);
#4055=DIRECTION('',(1.E0,0.E0,0.E0));
#4056=VECTOR('',#4055,1.8E-1);
#4057=CARTESIAN_POINT('',(-2.9E-1,5.453939201417E-1,3.7E-1));
#4058=LINE('',#4057,#4056);
#4059=DIRECTION('',(0.E0,1.E0,0.E0));
#4060=VECTOR('',#4059,1.354184186257E-1);
#4061=CARTESIAN_POINT('',(-6.9E-1,2.850030229848E-1,3.7E-1));
#4062=LINE('',#4061,#4060);
#4063=DIRECTION('',(1.E0,0.E0,0.E0));
#4064=VECTOR('',#4063,1.8E-1);
#4065=CARTESIAN_POINT('',(-6.9E-1,2.850030229848E-1,3.7E-1));
#4066=LINE('',#4065,#4064);
#4067=DIRECTION('',(0.E0,1.E0,0.E0));
#4068=VECTOR('',#4067,1.354184186257E-1);
#4069=CARTESIAN_POINT('',(-5.1E-1,2.850030229848E-1,3.7E-1));
#4070=LINE('',#4069,#4068);
#4071=DIRECTION('',(1.E0,0.E0,0.E0));
#4072=VECTOR('',#4071,1.8E-1);
#4073=CARTESIAN_POINT('',(-6.9E-1,4.204214416105E-1,3.7E-1));
#4074=LINE('',#4073,#4072);
#4075=DIRECTION('',(0.E0,1.E0,0.E0));
#4076=VECTOR('',#4075,6.893640703105E-2);
#4077=CARTESIAN_POINT('',(-6.9E-1,4.764575131106E-1,3.7E-1));
#4078=LINE('',#4077,#4076);
#4079=DIRECTION('',(1.E0,0.E0,0.E0));
#4080=VECTOR('',#4079,1.8E-1);
#4081=CARTESIAN_POINT('',(-6.9E-1,4.764575131106E-1,3.7E-1));
#4082=LINE('',#4081,#4080);
#4083=DIRECTION('',(0.E0,1.E0,0.E0));
#4084=VECTOR('',#4083,6.893640703105E-2);
#4085=CARTESIAN_POINT('',(-5.1E-1,4.764575131106E-1,3.7E-1));
#4086=LINE('',#4085,#4084);
#4087=DIRECTION('',(1.E0,0.E0,0.E0));
#4088=VECTOR('',#4087,1.8E-1);
#4089=CARTESIAN_POINT('',(-6.9E-1,5.453939201417E-1,3.7E-1));
#4090=LINE('',#4089,#4088);
#4091=DIRECTION('',(0.E0,1.E0,0.E0));
#4092=VECTOR('',#4091,1.354184186257E-1);
#4093=CARTESIAN_POINT('',(-1.09E0,2.850030229848E-1,3.7E-1));
#4094=LINE('',#4093,#4092);
#4095=DIRECTION('',(1.E0,0.E0,0.E0));
#4096=VECTOR('',#4095,1.8E-1);
#4097=CARTESIAN_POINT('',(-1.09E0,2.850030229848E-1,3.7E-1));
#4098=LINE('',#4097,#4096);
#4099=DIRECTION('',(0.E0,1.E0,0.E0));
#4100=VECTOR('',#4099,1.354184186257E-1);
#4101=CARTESIAN_POINT('',(-9.1E-1,2.850030229848E-1,3.7E-1));
#4102=LINE('',#4101,#4100);
#4103=DIRECTION('',(1.E0,0.E0,0.E0));
#4104=VECTOR('',#4103,1.8E-1);
#4105=CARTESIAN_POINT('',(-1.09E0,4.204214416105E-1,3.7E-1));
#4106=LINE('',#4105,#4104);
#4107=DIRECTION('',(0.E0,1.E0,0.E0));
#4108=VECTOR('',#4107,6.893640703105E-2);
#4109=CARTESIAN_POINT('',(-1.09E0,4.764575131106E-1,3.7E-1));
#4110=LINE('',#4109,#4108);
#4111=DIRECTION('',(1.E0,0.E0,0.E0));
#4112=VECTOR('',#4111,1.8E-1);
#4113=CARTESIAN_POINT('',(-1.09E0,4.764575131106E-1,3.7E-1));
#4114=LINE('',#4113,#4112);
#4115=DIRECTION('',(0.E0,1.E0,0.E0));
#4116=VECTOR('',#4115,6.893640703105E-2);
#4117=CARTESIAN_POINT('',(-9.1E-1,4.764575131106E-1,3.7E-1));
#4118=LINE('',#4117,#4116);
#4119=DIRECTION('',(1.E0,0.E0,0.E0));
#4120=VECTOR('',#4119,1.8E-1);
#4121=CARTESIAN_POINT('',(-1.09E0,5.453939201417E-1,3.7E-1));
#4122=LINE('',#4121,#4120);
#4123=DIRECTION('',(0.E0,1.E0,0.E0));
#4124=VECTOR('',#4123,1.354184186257E-1);
#4125=CARTESIAN_POINT('',(-1.49E0,2.850030229848E-1,3.7E-1));
#4126=LINE('',#4125,#4124);
#4127=DIRECTION('',(1.E0,0.E0,0.E0));
#4128=VECTOR('',#4127,1.8E-1);
#4129=CARTESIAN_POINT('',(-1.49E0,2.850030229848E-1,3.7E-1));
#4130=LINE('',#4129,#4128);
#4131=DIRECTION('',(0.E0,1.E0,0.E0));
#4132=VECTOR('',#4131,1.354184186257E-1);
#4133=CARTESIAN_POINT('',(-1.31E0,2.850030229848E-1,3.7E-1));
#4134=LINE('',#4133,#4132);
#4135=DIRECTION('',(1.E0,0.E0,0.E0));
#4136=VECTOR('',#4135,1.8E-1);
#4137=CARTESIAN_POINT('',(-1.49E0,4.204214416105E-1,3.7E-1));
#4138=LINE('',#4137,#4136);
#4139=DIRECTION('',(0.E0,1.E0,0.E0));
#4140=VECTOR('',#4139,6.893640703105E-2);
#4141=CARTESIAN_POINT('',(-1.49E0,4.764575131106E-1,3.7E-1));
#4142=LINE('',#4141,#4140);
#4143=DIRECTION('',(1.E0,0.E0,0.E0));
#4144=VECTOR('',#4143,1.8E-1);
#4145=CARTESIAN_POINT('',(-1.49E0,4.764575131106E-1,3.7E-1));
#4146=LINE('',#4145,#4144);
#4147=DIRECTION('',(0.E0,1.E0,0.E0));
#4148=VECTOR('',#4147,6.893640703105E-2);
#4149=CARTESIAN_POINT('',(-1.31E0,4.764575131106E-1,3.7E-1));
#4150=LINE('',#4149,#4148);
#4151=DIRECTION('',(1.E0,0.E0,0.E0));
#4152=VECTOR('',#4151,1.8E-1);
#4153=CARTESIAN_POINT('',(-1.49E0,5.453939201417E-1,3.7E-1));
#4154=LINE('',#4153,#4152);
#4155=CARTESIAN_POINT('',(-1.625E0,6.1E-1,3.4E-1));
#4156=DIRECTION('',(-1.E0,0.E0,0.E0));
#4157=DIRECTION('',(0.E0,0.E0,1.E0));
#4158=AXIS2_PLACEMENT_3D('',#4155,#4156,#4157);
#4160=CARTESIAN_POINT('',(1.625E0,6.1E-1,3.4E-1));
#4161=DIRECTION('',(1.E0,0.E0,0.E0));
#4162=DIRECTION('',(0.E0,1.E0,0.E0));
#4163=AXIS2_PLACEMENT_3D('',#4160,#4161,#4162);
#4165=CARTESIAN_POINT('',(-1.655E0,6.1E-1,3.653939201417E-1));
#4166=CARTESIAN_POINT('',(-1.651473999304E0,6.135260006960E-1,
3.665027960609E-1));
#4167=CARTESIAN_POINT('',(-1.644866271342E0,6.201337286584E-1,
3.669311052042E-1));
#4168=CARTESIAN_POINT('',(-1.636142945293E0,6.288570547074E-1,
3.634125280178E-1));
#4169=CARTESIAN_POINT('',(-1.629760790594E0,6.352392094059E-1,
3.569971191554E-1));
#4170=CARTESIAN_POINT('',(-1.625825966287E0,6.391740337127E-1,
3.486831170241E-1));
#4171=CARTESIAN_POINT('',(-1.625E0,6.4E-1,3.429823174652E-1));
#4172=CARTESIAN_POINT('',(-1.625E0,6.4E-1,3.4E-1));
#4174=CARTESIAN_POINT('',(-1.625E0,6.4E-1,-3.4E-1));
#4175=CARTESIAN_POINT('',(-1.625E0,6.4E-1,-3.429872861216E-1));
#4176=CARTESIAN_POINT('',(-1.625830950180E0,6.391690498196E-1,
-3.486945890531E-1));
#4177=CARTESIAN_POINT('',(-1.629754631244E0,6.352453687561E-1,
-3.569867767342E-1));
#4178=CARTESIAN_POINT('',(-1.636141247563E0,6.288587524370E-1,
-3.634121419977E-1));
#4179=CARTESIAN_POINT('',(-1.644858803400E0,6.201411966003E-1,
-3.669294523803E-1));
#4180=CARTESIAN_POINT('',(-1.651471143938E0,6.135288560622E-1,
-3.665036940320E-1));
#4181=CARTESIAN_POINT('',(-1.655E0,6.1E-1,-3.653939201417E-1));
#4183=CARTESIAN_POINT('',(-1.625E0,6.1E-1,2.7E-1));
#4184=DIRECTION('',(0.E0,1.E0,0.E0));
#4185=DIRECTION('',(-3.E-1,0.E0,9.539392014169E-1));
#4186=AXIS2_PLACEMENT_3D('',#4183,#4184,#4185);
#4188=CARTESIAN_POINT('',(-1.625E0,1.999986640498E-1,2.7E-1));
#4189=DIRECTION('',(0.E0,1.E0,0.E0));
#4190=DIRECTION('',(-1.E0,0.E0,0.E0));
#4191=AXIS2_PLACEMENT_3D('',#4188,#4189,#4190);
#4193=CARTESIAN_POINT('',(-1.655E0,6.1E-1,3.653939201417E-1));
#4194=CARTESIAN_POINT('',(-1.675108370395E0,5.898916296049E-1,
3.590701302088E-1));
#4195=CARTESIAN_POINT('',(-1.698796926518E0,5.662030734825E-1,
3.422411623978E-1));
#4196=CARTESIAN_POINT('',(-1.719472922921E0,5.455270770794E-1,
3.074290434400E-1));
#4197=CARTESIAN_POINT('',(-1.725E0,5.4E-1,2.845660859448E-1));
#4198=CARTESIAN_POINT('',(-1.725E0,5.4E-1,2.7E-1));
#4200=DIRECTION('',(0.E0,0.E0,1.E0));
#4201=VECTOR('',#4200,5.4E-1);
#4202=CARTESIAN_POINT('',(-1.725E0,5.4E-1,-2.7E-1));
#4203=LINE('',#4202,#4201);
#4204=DIRECTION('',(6.806852270674E-7,9.999999999998E-1,-1.968435340828E-9));
#4205=VECTOR('',#4204,3.399998379100E-1);
#4206=CARTESIAN_POINT('',(-1.725000231433E0,2.000001620900E-1,
2.700000006693E-1));
#4207=LINE('',#4206,#4205);
#4208=DIRECTION('',(2.345407812499E-11,3.350488602150E-11,1.E0));
#4209=VECTOR('',#4208,5.400000013995E-1);
#4210=CARTESIAN_POINT('',(-1.725000231446E0,2.000001620720E-1,
-2.700000007302E-1));
#4211=LINE('',#4210,#4209);
#4212=DIRECTION('',(6.807224776437E-7,9.999999999998E-1,2.147687464219E-9));
#4213=VECTOR('',#4212,3.399998379281E-1);
#4214=CARTESIAN_POINT('',(-1.725000231446E0,2.000001620720E-1,
-2.700000007302E-1));
#4215=LINE('',#4214,#4213);
#4216=CARTESIAN_POINT('',(-1.625E0,6.1E-1,-2.7E-1));
#4217=DIRECTION('',(0.E0,1.E0,0.E0));
#4218=DIRECTION('',(0.E0,0.E0,-1.E0));
#4219=AXIS2_PLACEMENT_3D('',#4216,#4217,#4218);
#4221=CARTESIAN_POINT('',(-1.725E0,5.4E-1,-2.7E-1));
#4222=CARTESIAN_POINT('',(-1.725E0,5.4E-1,-2.845660859448E-1));
#4223=CARTESIAN_POINT('',(-1.719472922921E0,5.455270770794E-1,
-3.074290434400E-1));
#4224=CARTESIAN_POINT('',(-1.698796926518E0,5.662030734825E-1,
-3.422411623978E-1));
#4225=CARTESIAN_POINT('',(-1.675108370395E0,5.898916296049E-1,
-3.590701302088E-1));
#4226=CARTESIAN_POINT('',(-1.655E0,6.1E-1,-3.653939201417E-1));
#4228=CARTESIAN_POINT('',(-1.625E0,1.999986640498E-1,-2.7E-1));
#4229=DIRECTION('',(0.E0,1.E0,0.E0));
#4230=DIRECTION('',(0.E0,0.E0,-1.E0));
#4231=AXIS2_PLACEMENT_3D('',#4228,#4229,#4230);
#4233=CARTESIAN_POINT('',(1.31E0,1.996831997875E-1,6.2E-1));
#4234=DIRECTION('',(-1.E0,0.E0,0.E0));
#4235=DIRECTION('',(0.E0,-9.968319978750E-1,7.953595421243E-2));
#4236=AXIS2_PLACEMENT_3D('',#4233,#4234,#4235);
#4238=DIRECTION('',(0.E0,1.E0,0.E0));
#4239=VECTOR('',#4238,1.381049525984E-1);
#4240=CARTESIAN_POINT('',(1.31E0,1.996831997875E-1,7.2E-1));
#4241=LINE('',#4240,#4239);
#4242=CARTESIAN_POINT('',(1.31E0,3.377881523859E-1,6.7E-1));
#4243=DIRECTION('',(-1.E0,0.E0,0.E0));
#4244=DIRECTION('',(0.E0,0.E0,1.E0));
#4245=AXIS2_PLACEMENT_3D('',#4242,#4243,#4244);
#4247=DIRECTION('',(0.E0,9.072643437821E-1,-4.205608285392E-1));
#4248=VECTOR('',#4247,3.384751378868E-2);
#4249=CARTESIAN_POINT('',(1.31E0,3.588161938129E-1,7.153632171891E-1));
#4250=LINE('',#4249,#4248);
#4251=CARTESIAN_POINT('',(1.31E0,4.399921356237E-1,8.1E-1));
#4252=DIRECTION('',(1.E0,0.E0,0.E0));
#4253=DIRECTION('',(0.E0,-4.205608285392E-1,-9.072643437821E-1));
#4254=AXIS2_PLACEMENT_3D('',#4251,#4252,#4253);
#4256=DIRECTION('',(0.E0,7.071067811865E-1,7.071067811865E-1));
#4257=VECTOR('',#4256,4.928932188135E-2);
#4258=CARTESIAN_POINT('',(1.31E0,5.248449493661E-1,7.251471862576E-1));
#4259=LINE('',#4258,#4257);
#4260=CARTESIAN_POINT('',(1.31E0,1.897179320238E-1,4.5E-1));
#4261=DIRECTION('',(-1.E0,0.E0,0.E0));
#4262=DIRECTION('',(0.E0,-9.735295401011E-1,-2.285612271376E-1));
#4263=AXIS2_PLACEMENT_3D('',#4260,#4261,#4262);
#4265=DIRECTION('',(0.E0,-5.913040468104E-2,9.982502668381E-1));
#4266=VECTOR('',#4265,1.667147507266E-1);
#4267=CARTESIAN_POINT('',(1.31E0,1.098579106768E-1,4.452695676255E-1));
#4268=LINE('',#4267,#4266);
#4269=DIRECTION('',(0.E0,5.913040468104E-2,9.982502668381E-1));
#4270=VECTOR('',#4269,1.667147507266E-1);
#4271=CARTESIAN_POINT('',(1.31E0,1.E-1,-6.116926120242E-1));
#4272=LINE('',#4271,#4270);
#4273=CARTESIAN_POINT('',(1.31E0,1.897179320238E-1,-4.5E-1));
#4274=DIRECTION('',(-1.E0,0.E0,0.E0));
#4275=DIRECTION('',(0.E0,-9.982502668381E-1,5.913040468104E-2));
#4276=AXIS2_PLACEMENT_3D('',#4273,#4274,#4275);
#4278=DIRECTION('',(0.E0,8.964864303834E-1,-4.430711908242E-1));
#4279=VECTOR('',#4278,1.346255608959E-1);
#4280=CARTESIAN_POINT('',(1.31E0,2.850030229848E-1,-3.7E-1));
#4281=LINE('',#4280,#4279);
#4282=DIRECTION('',(0.E0,4.316134911876E-1,-9.020586423425E-1));
#4283=VECTOR('',#4282,4.473244922714E-2);
#4284=CARTESIAN_POINT('',(1.31E0,4.056930115107E-1,-4.296487075815E-1));
#4285=LINE('',#4284,#4283);
#4286=DIRECTION('',(0.E0,1.E0,0.E0));
#4287=VECTOR('',#4286,7.E-2);
#4288=CARTESIAN_POINT('',(1.31E0,4.250001400910E-1,-4.7E-1));
#4289=LINE('',#4288,#4287);
#4290=DIRECTION('',(0.E0,4.622841805883E-1,8.867318288963E-1));
#4291=VECTOR('',#4290,9.447228486817E-2);
#4292=CARTESIAN_POINT('',(1.31E0,4.950001400910E-1,-4.7E-1));
#4293=LINE('',#4292,#4291);
#4294=CARTESIAN_POINT('',(1.31E0,4.5E-1,-3.4E-1));
#4295=DIRECTION('',(1.E0,0.E0,0.E0));
#4296=DIRECTION('',(0.E0,8.867318288963E-1,-4.622841805883E-1));
#4297=AXIS2_PLACEMENT_3D('',#4294,#4295,#4296);
#4299=DIRECTION('',(0.E0,-8.964864303834E-1,4.430711908242E-1));
#4300=VECTOR('',#4299,1.322464050176E-2);
#4301=CARTESIAN_POINT('',(1.31E0,4.322771523670E-1,-3.758594572153E-1));
#4302=LINE('',#4301,#4300);
#4303=DIRECTION('',(0.E0,8.964864303834E-1,4.430711908242E-1));
#4304=VECTOR('',#4303,1.322464050176E-2);
#4305=CARTESIAN_POINT('',(1.31E0,4.204214416105E-1,3.7E-1));
#4306=LINE('',#4305,#4304);
#4307=CARTESIAN_POINT('',(1.31E0,4.5E-1,3.4E-1));
#4308=DIRECTION('',(1.E0,0.E0,0.E0));
#4309=DIRECTION('',(0.E0,9.539392014169E-1,3.E-1));
#4310=AXIS2_PLACEMENT_3D('',#4307,#4308,#4309);
#4312=DIRECTION('',(0.E0,-4.622841805883E-1,8.867318288963E-1));
#4313=VECTOR('',#4312,9.447228486817E-2);
#4314=CARTESIAN_POINT('',(1.31E0,5.386731828896E-1,3.862284180588E-1));
#4315=LINE('',#4314,#4313);
#4316=DIRECTION('',(0.E0,-1.E0,0.E0));
#4317=VECTOR('',#4316,7.E-2);
#4318=CARTESIAN_POINT('',(1.31E0,4.950001400910E-1,4.7E-1));
#4319=LINE('',#4318,#4317);
#4320=DIRECTION('',(0.E0,-4.316134911876E-1,-9.020586423425E-1));
#4321=VECTOR('',#4320,4.473244922714E-2);
#4322=CARTESIAN_POINT('',(1.31E0,4.250001400910E-1,4.7E-1));
#4323=LINE('',#4322,#4321);
#4324=DIRECTION('',(0.E0,-8.964864303834E-1,-4.430711908242E-1));
#4325=VECTOR('',#4324,1.346255608959E-1);
#4326=CARTESIAN_POINT('',(1.31E0,4.056930115107E-1,4.296487075815E-1));
#4327=LINE('',#4326,#4325);
#4328=DIRECTION('',(0.E0,-7.071067811866E-1,7.071067811865E-1));
#4329=VECTOR('',#4328,4.928932188135E-2);
#4330=CARTESIAN_POINT('',(1.31E0,5.596977631085E-1,-7.6E-1));
#4331=LINE('',#4330,#4329);
#4332=CARTESIAN_POINT('',(1.31E0,4.399921356237E-1,-8.1E-1));
#4333=DIRECTION('',(1.E0,0.E0,0.E0));
#4334=DIRECTION('',(0.E0,7.071067811865E-1,7.071067811865E-1));
#4335=AXIS2_PLACEMENT_3D('',#4332,#4333,#4334);
#4337=DIRECTION('',(0.E0,-9.072643437821E-1,-4.205608285392E-1));
#4338=VECTOR('',#4337,3.384751378868E-2);
#4339=CARTESIAN_POINT('',(1.31E0,3.895248361990E-1,-7.011282787461E-1));
#4340=LINE('',#4339,#4338);
#4341=CARTESIAN_POINT('',(1.31E0,3.377881523859E-1,-6.7E-1));
#4342=DIRECTION('',(-1.E0,0.E0,0.E0));
#4343=DIRECTION('',(0.E0,4.205608285392E-1,-9.072643437821E-1));
#4344=AXIS2_PLACEMENT_3D('',#4341,#4342,#4343);
#4346=DIRECTION('',(0.E0,-1.E0,0.E0));
#4347=VECTOR('',#4346,1.381049525984E-1);
#4348=CARTESIAN_POINT('',(1.31E0,3.377881523859E-1,-7.2E-1));
#4349=LINE('',#4348,#4347);
#4350=CARTESIAN_POINT('',(1.31E0,1.996831997875E-1,-6.2E-1));
#4351=DIRECTION('',(-1.E0,0.E0,0.E0));
#4352=DIRECTION('',(0.E0,0.E0,-1.E0));
#4353=AXIS2_PLACEMENT_3D('',#4350,#4351,#4352);
#4355=DIRECTION('',(0.E0,7.071067811866E-1,7.071067811865E-1));
#4356=VECTOR('',#4355,4.928932188135E-2);
#4357=CARTESIAN_POINT('',(1.49E0,5.248449493661E-1,7.251471862576E-1));
#4358=LINE('',#4357,#4356);
#4359=CARTESIAN_POINT('',(1.49E0,4.399921356237E-1,8.1E-1));
#4360=DIRECTION('',(1.E0,0.E0,0.E0));
#4361=DIRECTION('',(0.E0,-4.205608285392E-1,-9.072643437821E-1));
#4362=AXIS2_PLACEMENT_3D('',#4359,#4360,#4361);
#4364=DIRECTION('',(0.E0,9.072643437821E-1,-4.205608285392E-1));
#4365=VECTOR('',#4364,3.384751378868E-2);
#4366=CARTESIAN_POINT('',(1.49E0,3.588161938129E-1,7.153632171891E-1));
#4367=LINE('',#4366,#4365);
#4368=CARTESIAN_POINT('',(1.49E0,3.377881523859E-1,6.7E-1));
#4369=DIRECTION('',(-1.E0,0.E0,0.E0));
#4370=DIRECTION('',(0.E0,0.E0,1.E0));
#4371=AXIS2_PLACEMENT_3D('',#4368,#4369,#4370);
#4373=DIRECTION('',(0.E0,1.E0,0.E0));
#4374=VECTOR('',#4373,1.381049525984E-1);
#4375=CARTESIAN_POINT('',(1.49E0,1.996831997875E-1,7.2E-1));
#4376=LINE('',#4375,#4374);
#4377=CARTESIAN_POINT('',(1.49E0,1.996831997875E-1,6.2E-1));
#4378=DIRECTION('',(-1.E0,0.E0,0.E0));
#4379=DIRECTION('',(0.E0,-9.968319978750E-1,7.953595421243E-2));
#4380=AXIS2_PLACEMENT_3D('',#4377,#4378,#4379);
#4382=DIRECTION('',(0.E0,-5.913040468104E-2,9.982502668381E-1));
#4383=VECTOR('',#4382,1.667147507266E-1);
#4384=CARTESIAN_POINT('',(1.49E0,1.098579106768E-1,4.452695676255E-1));
#4385=LINE('',#4384,#4383);
#4386=CARTESIAN_POINT('',(1.49E0,1.897179320238E-1,4.5E-1));
#4387=DIRECTION('',(-1.E0,0.E0,0.E0));
#4388=DIRECTION('',(0.E0,-9.735295401011E-1,-2.285612271376E-1));
#4389=AXIS2_PLACEMENT_3D('',#4386,#4387,#4388);
#4391=CARTESIAN_POINT('',(1.49E0,1.897179320238E-1,-4.5E-1));
#4392=DIRECTION('',(-1.E0,0.E0,0.E0));
#4393=DIRECTION('',(0.E0,-9.982502668381E-1,5.913040468104E-2));
#4394=AXIS2_PLACEMENT_3D('',#4391,#4392,#4393);
#4396=DIRECTION('',(0.E0,5.913040468104E-2,9.982502668381E-1));
#4397=VECTOR('',#4396,1.667147507266E-1);
#4398=CARTESIAN_POINT('',(1.49E0,1.E-1,-6.116926120242E-1));
#4399=LINE('',#4398,#4397);
#4400=DIRECTION('',(0.E0,-8.964864303834E-1,4.430711908242E-1));
#4401=VECTOR('',#4400,1.322464050176E-2);
#4402=CARTESIAN_POINT('',(1.49E0,4.322771523670E-1,-3.758594572153E-1));
#4403=LINE('',#4402,#4401);
#4404=CARTESIAN_POINT('',(1.49E0,4.5E-1,-3.4E-1));
#4405=DIRECTION('',(1.E0,0.E0,0.E0));
#4406=DIRECTION('',(0.E0,8.867318288963E-1,-4.622841805883E-1));
#4407=AXIS2_PLACEMENT_3D('',#4404,#4405,#4406);
#4409=DIRECTION('',(0.E0,4.622841805883E-1,8.867318288963E-1));
#4410=VECTOR('',#4409,9.447228486817E-2);
#4411=CARTESIAN_POINT('',(1.49E0,4.950001400910E-1,-4.7E-1));
#4412=LINE('',#4411,#4410);
#4413=DIRECTION('',(0.E0,1.E0,0.E0));
#4414=VECTOR('',#4413,7.E-2);
#4415=CARTESIAN_POINT('',(1.49E0,4.250001400910E-1,-4.7E-1));
#4416=LINE('',#4415,#4414);
#4417=DIRECTION('',(0.E0,4.316134911876E-1,-9.020586423425E-1));
#4418=VECTOR('',#4417,4.473244922714E-2);
#4419=CARTESIAN_POINT('',(1.49E0,4.056930115107E-1,-4.296487075815E-1));
#4420=LINE('',#4419,#4418);
#4421=DIRECTION('',(0.E0,8.964864303834E-1,-4.430711908242E-1));
#4422=VECTOR('',#4421,1.346255608959E-1);
#4423=CARTESIAN_POINT('',(1.49E0,2.850030229848E-1,-3.7E-1));
#4424=LINE('',#4423,#4422);
#4425=DIRECTION('',(0.E0,-8.964864303834E-1,-4.430711908242E-1));
#4426=VECTOR('',#4425,1.346255608959E-1);
#4427=CARTESIAN_POINT('',(1.49E0,4.056930115107E-1,4.296487075815E-1));
#4428=LINE('',#4427,#4426);
#4429=DIRECTION('',(0.E0,-4.316134911876E-1,-9.020586423425E-1));
#4430=VECTOR('',#4429,4.473244922714E-2);
#4431=CARTESIAN_POINT('',(1.49E0,4.250001400910E-1,4.7E-1));
#4432=LINE('',#4431,#4430);
#4433=DIRECTION('',(0.E0,-1.E0,0.E0));
#4434=VECTOR('',#4433,7.E-2);
#4435=CARTESIAN_POINT('',(1.49E0,4.950001400910E-1,4.7E-1));
#4436=LINE('',#4435,#4434);
#4437=DIRECTION('',(0.E0,-4.622841805883E-1,8.867318288963E-1));
#4438=VECTOR('',#4437,9.447228486817E-2);
#4439=CARTESIAN_POINT('',(1.49E0,5.386731828896E-1,3.862284180588E-1));
#4440=LINE('',#4439,#4438);
#4441=CARTESIAN_POINT('',(1.49E0,4.5E-1,3.4E-1));
#4442=DIRECTION('',(1.E0,0.E0,0.E0));
#4443=DIRECTION('',(0.E0,9.539392014169E-1,3.E-1));
#4444=AXIS2_PLACEMENT_3D('',#4441,#4442,#4443);
#4446=DIRECTION('',(0.E0,8.964864303834E-1,4.430711908242E-1));
#4447=VECTOR('',#4446,1.322464050176E-2);
#4448=CARTESIAN_POINT('',(1.49E0,4.204214416105E-1,3.7E-1));
#4449=LINE('',#4448,#4447);
#4450=CARTESIAN_POINT('',(1.49E0,1.996831997875E-1,-6.2E-1));
#4451=DIRECTION('',(-1.E0,0.E0,0.E0));
#4452=DIRECTION('',(0.E0,0.E0,-1.E0));
#4453=AXIS2_PLACEMENT_3D('',#4450,#4451,#4452);
#4455=DIRECTION('',(0.E0,-1.E0,0.E0));
#4456=VECTOR('',#4455,1.381049525984E-1);
#4457=CARTESIAN_POINT('',(1.49E0,3.377881523859E-1,-7.2E-1));
#4458=LINE('',#4457,#4456);
#4459=CARTESIAN_POINT('',(1.49E0,3.377881523859E-1,-6.7E-1));
#4460=DIRECTION('',(-1.E0,0.E0,0.E0));
#4461=DIRECTION('',(0.E0,4.205608285392E-1,-9.072643437821E-1));
#4462=AXIS2_PLACEMENT_3D('',#4459,#4460,#4461);
#4464=DIRECTION('',(0.E0,-9.072643437821E-1,-4.205608285392E-1));
#4465=VECTOR('',#4464,3.384751378868E-2);
#4466=CARTESIAN_POINT('',(1.49E0,3.895248361990E-1,-7.011282787461E-1));
#4467=LINE('',#4466,#4465);
#4468=CARTESIAN_POINT('',(1.49E0,4.399921356237E-1,-8.1E-1));
#4469=DIRECTION('',(1.E0,0.E0,0.E0));
#4470=DIRECTION('',(0.E0,7.071067811865E-1,7.071067811865E-1));
#4471=AXIS2_PLACEMENT_3D('',#4468,#4469,#4470);
#4473=DIRECTION('',(0.E0,-7.071067811866E-1,7.071067811865E-1));
#4474=VECTOR('',#4473,4.928932188135E-2);
#4475=CARTESIAN_POINT('',(1.49E0,5.596977631085E-1,-7.6E-1));
#4476=LINE('',#4475,#4474);
#4477=DIRECTION('',(1.E0,0.E0,0.E0));
#4478=VECTOR('',#4477,1.8E-1);
#4479=CARTESIAN_POINT('',(1.31E0,5.248449493661E-1,7.251471862576E-1));
#4480=LINE('',#4479,#4478);
#4481=DIRECTION('',(1.E0,0.E0,0.E0));
#4482=VECTOR('',#4481,1.8E-1);
#4483=CARTESIAN_POINT('',(1.31E0,3.895248361990E-1,7.011282787461E-1));
#4484=LINE('',#4483,#4482);
#4485=DIRECTION('',(1.E0,0.E0,0.E0));
#4486=VECTOR('',#4485,1.8E-1);
#4487=CARTESIAN_POINT('',(1.31E0,3.588161938129E-1,7.153632171891E-1));
#4488=LINE('',#4487,#4486);
#4489=DIRECTION('',(1.E0,0.E0,0.E0));
#4490=VECTOR('',#4489,1.8E-1);
#4491=CARTESIAN_POINT('',(1.31E0,3.377881523859E-1,7.2E-1));
#4492=LINE('',#4491,#4490);
#4493=DIRECTION('',(1.E0,0.E0,0.E0));
#4494=VECTOR('',#4493,1.8E-1);
#4495=CARTESIAN_POINT('',(1.31E0,1.996831997875E-1,7.2E-1));
#4496=LINE('',#4495,#4494);
#4497=DIRECTION('',(1.E0,0.E0,0.E0));
#4498=VECTOR('',#4497,1.8E-1);
#4499=CARTESIAN_POINT('',(1.31E0,1.098579106768E-1,4.452695676255E-1));
#4500=LINE('',#4499,#4498);
#4501=DIRECTION('',(1.E0,0.E0,0.E0));
#4502=VECTOR('',#4501,1.8E-1);
#4503=CARTESIAN_POINT('',(1.31E0,1.098579106768E-1,-4.452695676255E-1));
#4504=LINE('',#4503,#4502);
#4505=DIRECTION('',(1.E0,0.E0,0.E0));
#4506=VECTOR('',#4505,1.8E-1);
#4507=CARTESIAN_POINT('',(1.31E0,4.322771523670E-1,-3.758594572153E-1));
#4508=LINE('',#4507,#4506);
#4509=CARTESIAN_POINT('',(1.49E0,4.5E-1,-3.4E-1));
#4510=DIRECTION('',(-1.E0,0.E0,0.E0));
#4511=DIRECTION('',(0.E0,6.614378277661E-1,-7.5E-1));
#4512=AXIS2_PLACEMENT_3D('',#4509,#4510,#4511);
#4514=CARTESIAN_POINT('',(1.31E0,4.5E-1,-3.4E-1));
#4515=DIRECTION('',(1.E0,0.E0,0.E0));
#4516=DIRECTION('',(0.E0,-4.430711908242E-1,-8.964864303834E-1));
#4517=AXIS2_PLACEMENT_3D('',#4514,#4515,#4516);
#4519=DIRECTION('',(1.E0,0.E0,0.E0));
#4520=VECTOR('',#4519,1.8E-1);
#4521=CARTESIAN_POINT('',(1.31E0,5.386731828896E-1,-3.862284180588E-1));
#4522=LINE('',#4521,#4520);
#4523=DIRECTION('',(1.E0,0.E0,0.E0));
#4524=VECTOR('',#4523,1.8E-1);
#4525=CARTESIAN_POINT('',(1.31E0,4.950001400910E-1,-4.7E-1));
#4526=LINE('',#4525,#4524);
#4527=DIRECTION('',(1.E0,0.E0,0.E0));
#4528=VECTOR('',#4527,1.8E-1);
#4529=CARTESIAN_POINT('',(1.31E0,4.250001400910E-1,-4.7E-1));
#4530=LINE('',#4529,#4528);
#4531=DIRECTION('',(1.E0,0.E0,0.E0));
#4532=VECTOR('',#4531,1.8E-1);
#4533=CARTESIAN_POINT('',(1.31E0,4.056930115107E-1,-4.296487075815E-1));
#4534=LINE('',#4533,#4532);
#4535=DIRECTION('',(1.E0,0.E0,0.E0));
#4536=VECTOR('',#4535,1.8E-1);
#4537=CARTESIAN_POINT('',(1.31E0,4.056930115107E-1,4.296487075815E-1));
#4538=LINE('',#4537,#4536);
#4539=DIRECTION('',(1.E0,0.E0,0.E0));
#4540=VECTOR('',#4539,1.8E-1);
#4541=CARTESIAN_POINT('',(1.31E0,4.250001400910E-1,4.7E-1));
#4542=LINE('',#4541,#4540);
#4543=DIRECTION('',(1.E0,0.E0,0.E0));
#4544=VECTOR('',#4543,1.8E-1);
#4545=CARTESIAN_POINT('',(1.31E0,4.950001400910E-1,4.7E-1));
#4546=LINE('',#4545,#4544);
#4547=DIRECTION('',(1.E0,0.E0,0.E0));
#4548=VECTOR('',#4547,1.8E-1);
#4549=CARTESIAN_POINT('',(1.31E0,5.386731828896E-1,3.862284180588E-1));
#4550=LINE('',#4549,#4548);
#4551=CARTESIAN_POINT('',(1.49E0,4.5E-1,3.4E-1));
#4552=DIRECTION('',(-1.E0,0.E0,0.E0));
#4553=DIRECTION('',(0.E0,-4.430711908242E-1,8.964864303834E-1));
#4554=AXIS2_PLACEMENT_3D('',#4551,#4552,#4553);
#4556=CARTESIAN_POINT('',(1.31E0,4.5E-1,3.4E-1));
#4557=DIRECTION('',(1.E0,0.E0,0.E0));
#4558=DIRECTION('',(0.E0,6.614378277661E-1,7.5E-1));
#4559=AXIS2_PLACEMENT_3D('',#4556,#4557,#4558);
#4561=DIRECTION('',(1.E0,0.E0,0.E0));
#4562=VECTOR('',#4561,1.8E-1);
#4563=CARTESIAN_POINT('',(1.31E0,4.322771523670E-1,3.758594572153E-1));
#4564=LINE('',#4563,#4562);
#4565=DIRECTION('',(0.E0,1.E0,0.E0));
#4566=VECTOR('',#4565,4.596977631085E-1);
#4567=CARTESIAN_POINT('',(-1.49E0,1.E-1,-7.6E-1));
#4568=LINE('',#4567,#4566);
#4569=DIRECTION('',(1.E0,0.E0,0.E0));
#4570=VECTOR('',#4569,3.31E0);
#4571=CARTESIAN_POINT('',(-1.655E0,5.9E-1,-7.6E-1));
#4572=LINE('',#4571,#4570);
#4573=DIRECTION('',(0.E0,-1.E0,0.E0));
#4574=VECTOR('',#4573,4.9E-1);
#4575=CARTESIAN_POINT('',(1.655E0,5.9E-1,-7.6E-1));
#4576=LINE('',#4575,#4574);
#4577=DIRECTION('',(0.E0,1.E0,0.E0));
#4578=VECTOR('',#4577,4.596977631085E-1);
#4579=CARTESIAN_POINT('',(1.49E0,1.E-1,-7.6E-1));
#4580=LINE('',#4579,#4578);
#4581=DIRECTION('',(1.E0,0.E0,0.E0));
#4582=VECTOR('',#4581,1.8E-1);
#4583=CARTESIAN_POINT('',(1.31E0,5.596977631085E-1,-7.6E-1));
#4584=LINE('',#4583,#4582);
#4585=DIRECTION('',(0.E0,1.E0,0.E0));
#4586=VECTOR('',#4585,4.596977631085E-1);
#4587=CARTESIAN_POINT('',(1.31E0,1.E-1,-7.6E-1));
#4588=LINE('',#4587,#4586);
#4589=DIRECTION('',(0.E0,1.E0,0.E0));
#4590=VECTOR('',#4589,4.596977631085E-1);
#4591=CARTESIAN_POINT('',(1.09E0,1.E-1,-7.6E-1));
#4592=LINE('',#4591,#4590);
#4593=DIRECTION('',(1.E0,0.E0,0.E0));
#4594=VECTOR('',#4593,1.8E-1);
#4595=CARTESIAN_POINT('',(9.1E-1,5.596977631085E-1,-7.6E-1));
#4596=LINE('',#4595,#4594);
#4597=DIRECTION('',(0.E0,1.E0,0.E0));
#4598=VECTOR('',#4597,4.596977631085E-1);
#4599=CARTESIAN_POINT('',(9.1E-1,1.E-1,-7.6E-1));
#4600=LINE('',#4599,#4598);
#4601=DIRECTION('',(0.E0,1.E0,0.E0));
#4602=VECTOR('',#4601,4.596977631085E-1);
#4603=CARTESIAN_POINT('',(6.9E-1,1.E-1,-7.6E-1));
#4604=LINE('',#4603,#4602);
#4605=DIRECTION('',(1.E0,0.E0,0.E0));
#4606=VECTOR('',#4605,1.8E-1);
#4607=CARTESIAN_POINT('',(5.1E-1,5.596977631085E-1,-7.6E-1));
#4608=LINE('',#4607,#4606);
#4609=DIRECTION('',(0.E0,1.E0,0.E0));
#4610=VECTOR('',#4609,4.596977631085E-1);
#4611=CARTESIAN_POINT('',(5.1E-1,1.E-1,-7.6E-1));
#4612=LINE('',#4611,#4610);
#4613=DIRECTION('',(0.E0,1.E0,0.E0));
#4614=VECTOR('',#4613,4.596977631085E-1);
#4615=CARTESIAN_POINT('',(2.9E-1,1.E-1,-7.6E-1));
#4616=LINE('',#4615,#4614);
#4617=DIRECTION('',(1.E0,0.E0,0.E0));
#4618=VECTOR('',#4617,1.8E-1);
#4619=CARTESIAN_POINT('',(1.1E-1,5.596977631085E-1,-7.6E-1));
#4620=LINE('',#4619,#4618);
#4621=DIRECTION('',(0.E0,1.E0,0.E0));
#4622=VECTOR('',#4621,4.596977631085E-1);
#4623=CARTESIAN_POINT('',(1.1E-1,1.E-1,-7.6E-1));
#4624=LINE('',#4623,#4622);
#4625=DIRECTION('',(0.E0,1.E0,0.E0));
#4626=VECTOR('',#4625,4.596977631085E-1);
#4627=CARTESIAN_POINT('',(-1.1E-1,1.E-1,-7.6E-1));
#4628=LINE('',#4627,#4626);
#4629=DIRECTION('',(1.E0,0.E0,0.E0));
#4630=VECTOR('',#4629,1.8E-1);
#4631=CARTESIAN_POINT('',(-2.9E-1,5.596977631085E-1,-7.6E-1));
#4632=LINE('',#4631,#4630);
#4633=DIRECTION('',(0.E0,1.E0,0.E0));
#4634=VECTOR('',#4633,4.596977631085E-1);
#4635=CARTESIAN_POINT('',(-2.9E-1,1.E-1,-7.6E-1));
#4636=LINE('',#4635,#4634);
#4637=DIRECTION('',(0.E0,1.E0,0.E0));
#4638=VECTOR('',#4637,4.596977631085E-1);
#4639=CARTESIAN_POINT('',(-5.1E-1,1.E-1,-7.6E-1));
#4640=LINE('',#4639,#4638);
#4641=DIRECTION('',(1.E0,0.E0,0.E0));
#4642=VECTOR('',#4641,1.8E-1);
#4643=CARTESIAN_POINT('',(-6.9E-1,5.596977631085E-1,-7.6E-1));
#4644=LINE('',#4643,#4642);
#4645=DIRECTION('',(0.E0,1.E0,0.E0));
#4646=VECTOR('',#4645,4.596977631085E-1);
#4647=CARTESIAN_POINT('',(-6.9E-1,1.E-1,-7.6E-1));
#4648=LINE('',#4647,#4646);
#4649=DIRECTION('',(0.E0,1.E0,0.E0));
#4650=VECTOR('',#4649,4.596977631085E-1);
#4651=CARTESIAN_POINT('',(-9.1E-1,1.E-1,-7.6E-1));
#4652=LINE('',#4651,#4650);
#4653=DIRECTION('',(1.E0,0.E0,0.E0));
#4654=VECTOR('',#4653,1.8E-1);
#4655=CARTESIAN_POINT('',(-1.09E0,5.596977631085E-1,-7.6E-1));
#4656=LINE('',#4655,#4654);
#4657=DIRECTION('',(0.E0,1.E0,0.E0));
#4658=VECTOR('',#4657,4.596977631085E-1);
#4659=CARTESIAN_POINT('',(-1.09E0,1.E-1,-7.6E-1));
#4660=LINE('',#4659,#4658);
#4661=DIRECTION('',(0.E0,1.E0,0.E0));
#4662=VECTOR('',#4661,4.596977631085E-1);
#4663=CARTESIAN_POINT('',(-1.31E0,1.E-1,-7.6E-1));
#4664=LINE('',#4663,#4662);
#4665=DIRECTION('',(1.E0,0.E0,0.E0));
#4666=VECTOR('',#4665,1.8E-1);
#4667=CARTESIAN_POINT('',(-1.49E0,5.596977631085E-1,-7.6E-1));
#4668=LINE('',#4667,#4666);
#4669=DIRECTION('',(1.E0,0.E0,0.E0));
#4670=VECTOR('',#4669,1.8E-1);
#4671=CARTESIAN_POINT('',(1.31E0,5.248449493661E-1,-7.251471862576E-1));
#4672=LINE('',#4671,#4670);
#4673=DIRECTION('',(1.E0,0.E0,0.E0));
#4674=VECTOR('',#4673,1.8E-1);
#4675=CARTESIAN_POINT('',(1.31E0,3.895248361990E-1,-7.011282787461E-1));
#4676=LINE('',#4675,#4674);
#4677=DIRECTION('',(1.E0,0.E0,0.E0));
#4678=VECTOR('',#4677,1.8E-1);
#4679=CARTESIAN_POINT('',(1.31E0,3.588161938129E-1,-7.153632171891E-1));
#4680=LINE('',#4679,#4678);
#4681=DIRECTION('',(1.E0,0.E0,0.E0));
#4682=VECTOR('',#4681,1.8E-1);
#4683=CARTESIAN_POINT('',(1.31E0,3.377881523859E-1,-7.2E-1));
#4684=LINE('',#4683,#4682);
#4685=DIRECTION('',(1.E0,0.E0,0.E0));
#4686=VECTOR('',#4685,1.8E-1);
#4687=CARTESIAN_POINT('',(1.31E0,1.996831997875E-1,-7.2E-1));
#4688=LINE('',#4687,#4686);
#4689=DIRECTION('',(0.E0,7.071067811865E-1,7.071067811865E-1));
#4690=VECTOR('',#4689,4.928932188135E-2);
#4691=CARTESIAN_POINT('',(1.09E0,5.248449493661E-1,7.251471862576E-1));
#4692=LINE('',#4691,#4690);
#4693=CARTESIAN_POINT('',(1.09E0,4.399921356237E-1,8.1E-1));
#4694=DIRECTION('',(1.E0,0.E0,0.E0));
#4695=DIRECTION('',(0.E0,-4.205608285392E-1,-9.072643437821E-1));
#4696=AXIS2_PLACEMENT_3D('',#4693,#4694,#4695);
#4698=DIRECTION('',(0.E0,9.072643437821E-1,-4.205608285392E-1));
#4699=VECTOR('',#4698,3.384751378868E-2);
#4700=CARTESIAN_POINT('',(1.09E0,3.588161938129E-1,7.153632171891E-1));
#4701=LINE('',#4700,#4699);
#4702=CARTESIAN_POINT('',(1.09E0,3.377881523859E-1,6.7E-1));
#4703=DIRECTION('',(-1.E0,0.E0,0.E0));
#4704=DIRECTION('',(0.E0,0.E0,1.E0));
#4705=AXIS2_PLACEMENT_3D('',#4702,#4703,#4704);
#4707=DIRECTION('',(0.E0,1.E0,0.E0));
#4708=VECTOR('',#4707,1.381049525984E-1);
#4709=CARTESIAN_POINT('',(1.09E0,1.996831997875E-1,7.2E-1));
#4710=LINE('',#4709,#4708);
#4711=CARTESIAN_POINT('',(1.09E0,1.996831997875E-1,6.2E-1));
#4712=DIRECTION('',(-1.E0,0.E0,0.E0));
#4713=DIRECTION('',(0.E0,-9.968319978750E-1,7.953595421243E-2));
#4714=AXIS2_PLACEMENT_3D('',#4711,#4712,#4713);
#4716=DIRECTION('',(0.E0,-5.913040468104E-2,9.982502668381E-1));
#4717=VECTOR('',#4716,1.667147507266E-1);
#4718=CARTESIAN_POINT('',(1.09E0,1.098579106768E-1,4.452695676255E-1));
#4719=LINE('',#4718,#4717);
#4720=CARTESIAN_POINT('',(1.09E0,1.897179320238E-1,4.5E-1));
#4721=DIRECTION('',(-1.E0,0.E0,0.E0));
#4722=DIRECTION('',(0.E0,-9.735295401011E-1,-2.285612271376E-1));
#4723=AXIS2_PLACEMENT_3D('',#4720,#4721,#4722);
#4725=CARTESIAN_POINT('',(1.09E0,1.897179320238E-1,-4.5E-1));
#4726=DIRECTION('',(-1.E0,0.E0,0.E0));
#4727=DIRECTION('',(0.E0,-9.982502668381E-1,5.913040468104E-2));
#4728=AXIS2_PLACEMENT_3D('',#4725,#4726,#4727);
#4730=DIRECTION('',(0.E0,5.913040468104E-2,9.982502668381E-1));
#4731=VECTOR('',#4730,1.667147507266E-1);
#4732=CARTESIAN_POINT('',(1.09E0,1.E-1,-6.116926120242E-1));
#4733=LINE('',#4732,#4731);
#4734=DIRECTION('',(0.E0,-8.964864303834E-1,4.430711908242E-1));
#4735=VECTOR('',#4734,1.322464050176E-2);
#4736=CARTESIAN_POINT('',(1.09E0,4.322771523670E-1,-3.758594572153E-1));
#4737=LINE('',#4736,#4735);
#4738=CARTESIAN_POINT('',(1.09E0,4.5E-1,-3.4E-1));
#4739=DIRECTION('',(1.E0,0.E0,0.E0));
#4740=DIRECTION('',(0.E0,8.867318288963E-1,-4.622841805883E-1));
#4741=AXIS2_PLACEMENT_3D('',#4738,#4739,#4740);
#4743=DIRECTION('',(0.E0,4.622841805883E-1,8.867318288963E-1));
#4744=VECTOR('',#4743,9.447228486817E-2);
#4745=CARTESIAN_POINT('',(1.09E0,4.950001400910E-1,-4.7E-1));
#4746=LINE('',#4745,#4744);
#4747=DIRECTION('',(0.E0,1.E0,0.E0));
#4748=VECTOR('',#4747,7.E-2);
#4749=CARTESIAN_POINT('',(1.09E0,4.250001400910E-1,-4.7E-1));
#4750=LINE('',#4749,#4748);
#4751=DIRECTION('',(0.E0,4.316134911876E-1,-9.020586423425E-1));
#4752=VECTOR('',#4751,4.473244922714E-2);
#4753=CARTESIAN_POINT('',(1.09E0,4.056930115107E-1,-4.296487075815E-1));
#4754=LINE('',#4753,#4752);
#4755=DIRECTION('',(0.E0,8.964864303834E-1,-4.430711908242E-1));
#4756=VECTOR('',#4755,1.346255608959E-1);
#4757=CARTESIAN_POINT('',(1.09E0,2.850030229848E-1,-3.7E-1));
#4758=LINE('',#4757,#4756);
#4759=DIRECTION('',(0.E0,-8.964864303834E-1,-4.430711908242E-1));
#4760=VECTOR('',#4759,1.346255608959E-1);
#4761=CARTESIAN_POINT('',(1.09E0,4.056930115107E-1,4.296487075815E-1));
#4762=LINE('',#4761,#4760);
#4763=DIRECTION('',(0.E0,-4.316134911876E-1,-9.020586423425E-1));
#4764=VECTOR('',#4763,4.473244922714E-2);
#4765=CARTESIAN_POINT('',(1.09E0,4.250001400910E-1,4.7E-1));
#4766=LINE('',#4765,#4764);
#4767=DIRECTION('',(0.E0,-1.E0,0.E0));
#4768=VECTOR('',#4767,7.E-2);
#4769=CARTESIAN_POINT('',(1.09E0,4.950001400910E-1,4.7E-1));
#4770=LINE('',#4769,#4768);
#4771=DIRECTION('',(0.E0,-4.622841805883E-1,8.867318288963E-1));
#4772=VECTOR('',#4771,9.447228486817E-2);
#4773=CARTESIAN_POINT('',(1.09E0,5.386731828896E-1,3.862284180588E-1));
#4774=LINE('',#4773,#4772);
#4775=CARTESIAN_POINT('',(1.09E0,4.5E-1,3.4E-1));
#4776=DIRECTION('',(1.E0,0.E0,0.E0));
#4777=DIRECTION('',(0.E0,9.539392014169E-1,3.E-1));
#4778=AXIS2_PLACEMENT_3D('',#4775,#4776,#4777);
#4780=DIRECTION('',(0.E0,8.964864303834E-1,4.430711908242E-1));
#4781=VECTOR('',#4780,1.322464050176E-2);
#4782=CARTESIAN_POINT('',(1.09E0,4.204214416105E-1,3.7E-1));
#4783=LINE('',#4782,#4781);
#4784=CARTESIAN_POINT('',(1.09E0,1.996831997875E-1,-6.2E-1));
#4785=DIRECTION('',(-1.E0,0.E0,0.E0));
#4786=DIRECTION('',(0.E0,0.E0,-1.E0));
#4787=AXIS2_PLACEMENT_3D('',#4784,#4785,#4786);
#4789=DIRECTION('',(0.E0,-1.E0,0.E0));
#4790=VECTOR('',#4789,1.381049525984E-1);
#4791=CARTESIAN_POINT('',(1.09E0,3.377881523859E-1,-7.2E-1));
#4792=LINE('',#4791,#4790);
#4793=CARTESIAN_POINT('',(1.09E0,3.377881523859E-1,-6.7E-1));
#4794=DIRECTION('',(-1.E0,0.E0,0.E0));
#4795=DIRECTION('',(0.E0,4.205608285392E-1,-9.072643437821E-1));
#4796=AXIS2_PLACEMENT_3D('',#4793,#4794,#4795);
#4798=DIRECTION('',(0.E0,-9.072643437821E-1,-4.205608285392E-1));
#4799=VECTOR('',#4798,3.384751378868E-2);
#4800=CARTESIAN_POINT('',(1.09E0,3.895248361990E-1,-7.011282787461E-1));
#4801=LINE('',#4800,#4799);
#4802=CARTESIAN_POINT('',(1.09E0,4.399921356237E-1,-8.1E-1));
#4803=DIRECTION('',(1.E0,0.E0,0.E0));
#4804=DIRECTION('',(0.E0,7.071067811865E-1,7.071067811865E-1));
#4805=AXIS2_PLACEMENT_3D('',#4802,#4803,#4804);
#4807=DIRECTION('',(0.E0,-7.071067811866E-1,7.071067811865E-1));
#4808=VECTOR('',#4807,4.928932188135E-2);
#4809=CARTESIAN_POINT('',(1.09E0,5.596977631085E-1,-7.6E-1));
#4810=LINE('',#4809,#4808);
#4811=DIRECTION('',(1.E0,0.E0,0.E0));
#4812=VECTOR('',#4811,1.8E-1);
#4813=CARTESIAN_POINT('',(9.1E-1,5.248449493661E-1,7.251471862576E-1));
#4814=LINE('',#4813,#4812);
#4815=CARTESIAN_POINT('',(9.1E-1,1.996831997875E-1,6.2E-1));
#4816=DIRECTION('',(-1.E0,0.E0,0.E0));
#4817=DIRECTION('',(0.E0,-9.968319978750E-1,7.953595421243E-2));
#4818=AXIS2_PLACEMENT_3D('',#4815,#4816,#4817);
#4820=DIRECTION('',(0.E0,1.E0,0.E0));
#4821=VECTOR('',#4820,1.381049525984E-1);
#4822=CARTESIAN_POINT('',(9.1E-1,1.996831997875E-1,7.2E-1));
#4823=LINE('',#4822,#4821);
#4824=CARTESIAN_POINT('',(9.1E-1,3.377881523859E-1,6.7E-1));
#4825=DIRECTION('',(-1.E0,0.E0,0.E0));
#4826=DIRECTION('',(0.E0,0.E0,1.E0));
#4827=AXIS2_PLACEMENT_3D('',#4824,#4825,#4826);
#4829=DIRECTION('',(0.E0,9.072643437821E-1,-4.205608285392E-1));
#4830=VECTOR('',#4829,3.384751378868E-2);
#4831=CARTESIAN_POINT('',(9.1E-1,3.588161938129E-1,7.153632171891E-1));
#4832=LINE('',#4831,#4830);
#4833=CARTESIAN_POINT('',(9.1E-1,4.399921356237E-1,8.1E-1));
#4834=DIRECTION('',(1.E0,0.E0,0.E0));
#4835=DIRECTION('',(0.E0,-4.205608285392E-1,-9.072643437821E-1));
#4836=AXIS2_PLACEMENT_3D('',#4833,#4834,#4835);
#4838=DIRECTION('',(0.E0,7.071067811865E-1,7.071067811865E-1));
#4839=VECTOR('',#4838,4.928932188135E-2);
#4840=CARTESIAN_POINT('',(9.1E-1,5.248449493661E-1,7.251471862576E-1));
#4841=LINE('',#4840,#4839);
#4842=CARTESIAN_POINT('',(9.1E-1,1.897179320238E-1,4.5E-1));
#4843=DIRECTION('',(-1.E0,0.E0,0.E0));
#4844=DIRECTION('',(0.E0,-9.735295401011E-1,-2.285612271376E-1));
#4845=AXIS2_PLACEMENT_3D('',#4842,#4843,#4844);
#4847=DIRECTION('',(0.E0,-5.913040468104E-2,9.982502668381E-1));
#4848=VECTOR('',#4847,1.667147507266E-1);
#4849=CARTESIAN_POINT('',(9.1E-1,1.098579106768E-1,4.452695676255E-1));
#4850=LINE('',#4849,#4848);
#4851=DIRECTION('',(0.E0,5.913040468104E-2,9.982502668381E-1));
#4852=VECTOR('',#4851,1.667147507266E-1);
#4853=CARTESIAN_POINT('',(9.1E-1,1.E-1,-6.116926120242E-1));
#4854=LINE('',#4853,#4852);
#4855=CARTESIAN_POINT('',(9.1E-1,1.897179320238E-1,-4.5E-1));
#4856=DIRECTION('',(-1.E0,0.E0,0.E0));
#4857=DIRECTION('',(0.E0,-9.982502668381E-1,5.913040468104E-2));
#4858=AXIS2_PLACEMENT_3D('',#4855,#4856,#4857);
#4860=DIRECTION('',(0.E0,8.964864303834E-1,-4.430711908242E-1));
#4861=VECTOR('',#4860,1.346255608959E-1);
#4862=CARTESIAN_POINT('',(9.1E-1,2.850030229848E-1,-3.7E-1));
#4863=LINE('',#4862,#4861);
#4864=DIRECTION('',(0.E0,4.316134911876E-1,-9.020586423425E-1));
#4865=VECTOR('',#4864,4.473244922714E-2);
#4866=CARTESIAN_POINT('',(9.1E-1,4.056930115107E-1,-4.296487075815E-1));
#4867=LINE('',#4866,#4865);
#4868=DIRECTION('',(0.E0,1.E0,0.E0));
#4869=VECTOR('',#4868,7.E-2);
#4870=CARTESIAN_POINT('',(9.1E-1,4.250001400910E-1,-4.7E-1));
#4871=LINE('',#4870,#4869);
#4872=DIRECTION('',(0.E0,4.622841805883E-1,8.867318288963E-1));
#4873=VECTOR('',#4872,9.447228486817E-2);
#4874=CARTESIAN_POINT('',(9.1E-1,4.950001400910E-1,-4.7E-1));
#4875=LINE('',#4874,#4873);
#4876=CARTESIAN_POINT('',(9.1E-1,4.5E-1,-3.4E-1));
#4877=DIRECTION('',(1.E0,0.E0,0.E0));
#4878=DIRECTION('',(0.E0,8.867318288963E-1,-4.622841805883E-1));
#4879=AXIS2_PLACEMENT_3D('',#4876,#4877,#4878);
#4881=DIRECTION('',(0.E0,-8.964864303834E-1,4.430711908242E-1));
#4882=VECTOR('',#4881,1.322464050176E-2);
#4883=CARTESIAN_POINT('',(9.1E-1,4.322771523670E-1,-3.758594572153E-1));
#4884=LINE('',#4883,#4882);
#4885=DIRECTION('',(0.E0,8.964864303834E-1,4.430711908242E-1));
#4886=VECTOR('',#4885,1.322464050176E-2);
#4887=CARTESIAN_POINT('',(9.1E-1,4.204214416105E-1,3.7E-1));
#4888=LINE('',#4887,#4886);
#4889=CARTESIAN_POINT('',(9.1E-1,4.5E-1,3.4E-1));
#4890=DIRECTION('',(1.E0,0.E0,0.E0));
#4891=DIRECTION('',(0.E0,9.539392014169E-1,3.E-1));
#4892=AXIS2_PLACEMENT_3D('',#4889,#4890,#4891);
#4894=DIRECTION('',(0.E0,-4.622841805883E-1,8.867318288963E-1));
#4895=VECTOR('',#4894,9.447228486817E-2);
#4896=CARTESIAN_POINT('',(9.1E-1,5.386731828896E-1,3.862284180588E-1));
#4897=LINE('',#4896,#4895);
#4898=DIRECTION('',(0.E0,-1.E0,0.E0));
#4899=VECTOR('',#4898,7.E-2);
#4900=CARTESIAN_POINT('',(9.1E-1,4.950001400910E-1,4.7E-1));
#4901=LINE('',#4900,#4899);
#4902=DIRECTION('',(0.E0,-4.316134911876E-1,-9.020586423425E-1));
#4903=VECTOR('',#4902,4.473244922714E-2);
#4904=CARTESIAN_POINT('',(9.1E-1,4.250001400910E-1,4.7E-1));
#4905=LINE('',#4904,#4903);
#4906=DIRECTION('',(0.E0,-8.964864303834E-1,-4.430711908242E-1));
#4907=VECTOR('',#4906,1.346255608959E-1);
#4908=CARTESIAN_POINT('',(9.1E-1,4.056930115107E-1,4.296487075815E-1));
#4909=LINE('',#4908,#4907);
#4910=DIRECTION('',(0.E0,-7.071067811866E-1,7.071067811865E-1));
#4911=VECTOR('',#4910,4.928932188135E-2);
#4912=CARTESIAN_POINT('',(9.1E-1,5.596977631085E-1,-7.6E-1));
#4913=LINE('',#4912,#4911);
#4914=CARTESIAN_POINT('',(9.1E-1,4.399921356237E-1,-8.1E-1));
#4915=DIRECTION('',(1.E0,0.E0,0.E0));
#4916=DIRECTION('',(0.E0,7.071067811865E-1,7.071067811865E-1));
#4917=AXIS2_PLACEMENT_3D('',#4914,#4915,#4916);
#4919=DIRECTION('',(0.E0,-9.072643437821E-1,-4.205608285392E-1));
#4920=VECTOR('',#4919,3.384751378868E-2);
#4921=CARTESIAN_POINT('',(9.1E-1,3.895248361990E-1,-7.011282787461E-1));
#4922=LINE('',#4921,#4920);
#4923=CARTESIAN_POINT('',(9.1E-1,3.377881523859E-1,-6.7E-1));
#4924=DIRECTION('',(-1.E0,0.E0,0.E0));
#4925=DIRECTION('',(0.E0,4.205608285392E-1,-9.072643437821E-1));
#4926=AXIS2_PLACEMENT_3D('',#4923,#4924,#4925);
#4928=DIRECTION('',(0.E0,-1.E0,0.E0));
#4929=VECTOR('',#4928,1.381049525984E-1);
#4930=CARTESIAN_POINT('',(9.1E-1,3.377881523859E-1,-7.2E-1));
#4931=LINE('',#4930,#4929);
#4932=CARTESIAN_POINT('',(9.1E-1,1.996831997875E-1,-6.2E-1));
#4933=DIRECTION('',(-1.E0,0.E0,0.E0));
#4934=DIRECTION('',(0.E0,0.E0,-1.E0));
#4935=AXIS2_PLACEMENT_3D('',#4932,#4933,#4934);
#4937=DIRECTION('',(1.E0,0.E0,0.E0));
#4938=VECTOR('',#4937,1.8E-1);
#4939=CARTESIAN_POINT('',(9.1E-1,1.996831997875E-1,7.2E-1));
#4940=LINE('',#4939,#4938);
#4941=DIRECTION('',(1.E0,0.E0,0.E0));
#4942=VECTOR('',#4941,1.8E-1);
#4943=CARTESIAN_POINT('',(9.1E-1,3.377881523859E-1,7.2E-1));
#4944=LINE('',#4943,#4942);
#4945=DIRECTION('',(1.E0,0.E0,0.E0));
#4946=VECTOR('',#4945,1.8E-1);
#4947=CARTESIAN_POINT('',(9.1E-1,3.588161938129E-1,7.153632171891E-1));
#4948=LINE('',#4947,#4946);
#4949=DIRECTION('',(1.E0,0.E0,0.E0));
#4950=VECTOR('',#4949,1.8E-1);
#4951=CARTESIAN_POINT('',(9.1E-1,3.895248361990E-1,7.011282787461E-1));
#4952=LINE('',#4951,#4950);
#4953=DIRECTION('',(1.E0,0.E0,0.E0));
#4954=VECTOR('',#4953,1.8E-1);
#4955=CARTESIAN_POINT('',(9.1E-1,1.098579106768E-1,4.452695676255E-1));
#4956=LINE('',#4955,#4954);
#4957=DIRECTION('',(1.E0,0.E0,0.E0));
#4958=VECTOR('',#4957,1.8E-1);
#4959=CARTESIAN_POINT('',(9.1E-1,1.098579106768E-1,-4.452695676255E-1));
#4960=LINE('',#4959,#4958);
#4961=DIRECTION('',(1.E0,0.E0,0.E0));
#4962=VECTOR('',#4961,1.8E-1);
#4963=CARTESIAN_POINT('',(9.1E-1,4.056930115107E-1,-4.296487075815E-1));
#4964=LINE('',#4963,#4962);
#4965=DIRECTION('',(1.E0,0.E0,0.E0));
#4966=VECTOR('',#4965,1.8E-1);
#4967=CARTESIAN_POINT('',(9.1E-1,4.250001400910E-1,-4.7E-1));
#4968=LINE('',#4967,#4966);
#4969=DIRECTION('',(1.E0,0.E0,0.E0));
#4970=VECTOR('',#4969,1.8E-1);
#4971=CARTESIAN_POINT('',(9.1E-1,4.950001400910E-1,-4.7E-1));
#4972=LINE('',#4971,#4970);
#4973=DIRECTION('',(1.E0,0.E0,0.E0));
#4974=VECTOR('',#4973,1.8E-1);
#4975=CARTESIAN_POINT('',(9.1E-1,5.386731828896E-1,-3.862284180588E-1));
#4976=LINE('',#4975,#4974);
#4977=CARTESIAN_POINT('',(1.09E0,4.5E-1,-3.4E-1));
#4978=DIRECTION('',(-1.E0,0.E0,0.E0));
#4979=DIRECTION('',(0.E0,6.614378277661E-1,-7.5E-1));
#4980=AXIS2_PLACEMENT_3D('',#4977,#4978,#4979);
#4982=CARTESIAN_POINT('',(9.1E-1,4.5E-1,-3.4E-1));
#4983=DIRECTION('',(1.E0,0.E0,0.E0));
#4984=DIRECTION('',(0.E0,-4.430711908242E-1,-8.964864303834E-1));
#4985=AXIS2_PLACEMENT_3D('',#4982,#4983,#4984);
#4987=DIRECTION('',(1.E0,0.E0,0.E0));
#4988=VECTOR('',#4987,1.8E-1);
#4989=CARTESIAN_POINT('',(9.1E-1,4.322771523670E-1,-3.758594572153E-1));
#4990=LINE('',#4989,#4988);
#4991=CARTESIAN_POINT('',(1.09E0,4.5E-1,3.4E-1));
#4992=DIRECTION('',(-1.E0,0.E0,0.E0));
#4993=DIRECTION('',(0.E0,-4.430711908242E-1,8.964864303834E-1));
#4994=AXIS2_PLACEMENT_3D('',#4991,#4992,#4993);
#4996=CARTESIAN_POINT('',(9.1E-1,4.5E-1,3.4E-1));
#4997=DIRECTION('',(1.E0,0.E0,0.E0));
#4998=DIRECTION('',(0.E0,6.614378277661E-1,7.5E-1));
#4999=AXIS2_PLACEMENT_3D('',#4996,#4997,#4998);
#5001=DIRECTION('',(1.E0,0.E0,0.E0));
#5002=VECTOR('',#5001,1.8E-1);
#5003=CARTESIAN_POINT('',(9.1E-1,4.322771523670E-1,3.758594572153E-1));
#5004=LINE('',#5003,#5002);
#5005=DIRECTION('',(1.E0,0.E0,0.E0));
#5006=VECTOR('',#5005,1.8E-1);
#5007=CARTESIAN_POINT('',(9.1E-1,5.386731828896E-1,3.862284180588E-1));
#5008=LINE('',#5007,#5006);
#5009=DIRECTION('',(1.E0,0.E0,0.E0));
#5010=VECTOR('',#5009,1.8E-1);
#5011=CARTESIAN_POINT('',(9.1E-1,4.950001400910E-1,4.7E-1));
#5012=LINE('',#5011,#5010);
#5013=DIRECTION('',(1.E0,0.E0,0.E0));
#5014=VECTOR('',#5013,1.8E-1);
#5015=CARTESIAN_POINT('',(9.1E-1,4.250001400910E-1,4.7E-1));
#5016=LINE('',#5015,#5014);
#5017=DIRECTION('',(1.E0,0.E0,0.E0));
#5018=VECTOR('',#5017,1.8E-1);
#5019=CARTESIAN_POINT('',(9.1E-1,4.056930115107E-1,4.296487075815E-1));
#5020=LINE('',#5019,#5018);
#5021=DIRECTION('',(1.E0,0.E0,0.E0));
#5022=VECTOR('',#5021,1.8E-1);
#5023=CARTESIAN_POINT('',(9.1E-1,5.248449493661E-1,-7.251471862576E-1));
#5024=LINE('',#5023,#5022);
#5025=DIRECTION('',(1.E0,0.E0,0.E0));
#5026=VECTOR('',#5025,1.8E-1);
#5027=CARTESIAN_POINT('',(9.1E-1,3.895248361990E-1,-7.011282787461E-1));
#5028=LINE('',#5027,#5026);
#5029=DIRECTION('',(1.E0,0.E0,0.E0));
#5030=VECTOR('',#5029,1.8E-1);
#5031=CARTESIAN_POINT('',(9.1E-1,3.588161938129E-1,-7.153632171891E-1));
#5032=LINE('',#5031,#5030);
#5033=DIRECTION('',(1.E0,0.E0,0.E0));
#5034=VECTOR('',#5033,1.8E-1);
#5035=CARTESIAN_POINT('',(9.1E-1,3.377881523859E-1,-7.2E-1));
#5036=LINE('',#5035,#5034);
#5037=DIRECTION('',(1.E0,0.E0,0.E0));
#5038=VECTOR('',#5037,1.8E-1);
#5039=CARTESIAN_POINT('',(9.1E-1,1.996831997875E-1,-7.2E-1));
#5040=LINE('',#5039,#5038);
#5041=DIRECTION('',(0.E0,7.071067811865E-1,7.071067811865E-1));
#5042=VECTOR('',#5041,4.928932188135E-2);
#5043=CARTESIAN_POINT('',(6.9E-1,5.248449493661E-1,7.251471862576E-1));
#5044=LINE('',#5043,#5042);
#5045=CARTESIAN_POINT('',(6.9E-1,4.399921356237E-1,8.1E-1));
#5046=DIRECTION('',(1.E0,0.E0,0.E0));
#5047=DIRECTION('',(0.E0,-4.205608285392E-1,-9.072643437821E-1));
#5048=AXIS2_PLACEMENT_3D('',#5045,#5046,#5047);
#5050=DIRECTION('',(0.E0,9.072643437821E-1,-4.205608285392E-1));
#5051=VECTOR('',#5050,3.384751378868E-2);
#5052=CARTESIAN_POINT('',(6.9E-1,3.588161938129E-1,7.153632171891E-1));
#5053=LINE('',#5052,#5051);
#5054=CARTESIAN_POINT('',(6.9E-1,3.377881523859E-1,6.7E-1));
#5055=DIRECTION('',(-1.E0,0.E0,0.E0));
#5056=DIRECTION('',(0.E0,0.E0,1.E0));
#5057=AXIS2_PLACEMENT_3D('',#5054,#5055,#5056);
#5059=DIRECTION('',(0.E0,1.E0,0.E0));
#5060=VECTOR('',#5059,1.381049525984E-1);
#5061=CARTESIAN_POINT('',(6.9E-1,1.996831997875E-1,7.2E-1));
#5062=LINE('',#5061,#5060);
#5063=CARTESIAN_POINT('',(6.9E-1,1.996831997875E-1,6.2E-1));
#5064=DIRECTION('',(-1.E0,0.E0,0.E0));
#5065=DIRECTION('',(0.E0,-9.968319978750E-1,7.953595421243E-2));
#5066=AXIS2_PLACEMENT_3D('',#5063,#5064,#5065);
#5068=DIRECTION('',(0.E0,-5.913040468104E-2,9.982502668381E-1));
#5069=VECTOR('',#5068,1.667147507266E-1);
#5070=CARTESIAN_POINT('',(6.9E-1,1.098579106768E-1,4.452695676255E-1));
#5071=LINE('',#5070,#5069);
#5072=CARTESIAN_POINT('',(6.9E-1,1.897179320238E-1,4.5E-1));
#5073=DIRECTION('',(-1.E0,0.E0,0.E0));
#5074=DIRECTION('',(0.E0,-9.735295401011E-1,-2.285612271376E-1));
#5075=AXIS2_PLACEMENT_3D('',#5072,#5073,#5074);
#5077=CARTESIAN_POINT('',(6.9E-1,1.897179320238E-1,-4.5E-1));
#5078=DIRECTION('',(-1.E0,0.E0,0.E0));
#5079=DIRECTION('',(0.E0,-9.982502668381E-1,5.913040468104E-2));
#5080=AXIS2_PLACEMENT_3D('',#5077,#5078,#5079);
#5082=DIRECTION('',(0.E0,5.913040468104E-2,9.982502668381E-1));
#5083=VECTOR('',#5082,1.667147507266E-1);
#5084=CARTESIAN_POINT('',(6.9E-1,1.E-1,-6.116926120242E-1));
#5085=LINE('',#5084,#5083);
#5086=DIRECTION('',(0.E0,-8.964864303834E-1,4.430711908242E-1));
#5087=VECTOR('',#5086,1.322464050176E-2);
#5088=CARTESIAN_POINT('',(6.9E-1,4.322771523670E-1,-3.758594572153E-1));
#5089=LINE('',#5088,#5087);
#5090=CARTESIAN_POINT('',(6.9E-1,4.5E-1,-3.4E-1));
#5091=DIRECTION('',(1.E0,0.E0,0.E0));
#5092=DIRECTION('',(0.E0,8.867318288963E-1,-4.622841805883E-1));
#5093=AXIS2_PLACEMENT_3D('',#5090,#5091,#5092);
#5095=DIRECTION('',(0.E0,4.622841805883E-1,8.867318288963E-1));
#5096=VECTOR('',#5095,9.447228486817E-2);
#5097=CARTESIAN_POINT('',(6.9E-1,4.950001400910E-1,-4.7E-1));
#5098=LINE('',#5097,#5096);
#5099=DIRECTION('',(0.E0,1.E0,0.E0));
#5100=VECTOR('',#5099,7.E-2);
#5101=CARTESIAN_POINT('',(6.9E-1,4.250001400910E-1,-4.7E-1));
#5102=LINE('',#5101,#5100);
#5103=DIRECTION('',(0.E0,4.316134911876E-1,-9.020586423425E-1));
#5104=VECTOR('',#5103,4.473244922714E-2);
#5105=CARTESIAN_POINT('',(6.9E-1,4.056930115107E-1,-4.296487075815E-1));
#5106=LINE('',#5105,#5104);
#5107=DIRECTION('',(0.E0,8.964864303834E-1,-4.430711908242E-1));
#5108=VECTOR('',#5107,1.346255608959E-1);
#5109=CARTESIAN_POINT('',(6.9E-1,2.850030229848E-1,-3.7E-1));
#5110=LINE('',#5109,#5108);
#5111=DIRECTION('',(0.E0,-8.964864303834E-1,-4.430711908242E-1));
#5112=VECTOR('',#5111,1.346255608959E-1);
#5113=CARTESIAN_POINT('',(6.9E-1,4.056930115107E-1,4.296487075815E-1));
#5114=LINE('',#5113,#5112);
#5115=DIRECTION('',(0.E0,-4.316134911876E-1,-9.020586423425E-1));
#5116=VECTOR('',#5115,4.473244922714E-2);
#5117=CARTESIAN_POINT('',(6.9E-1,4.250001400910E-1,4.7E-1));
#5118=LINE('',#5117,#5116);
#5119=DIRECTION('',(0.E0,-1.E0,0.E0));
#5120=VECTOR('',#5119,7.E-2);
#5121=CARTESIAN_POINT('',(6.9E-1,4.950001400910E-1,4.7E-1));
#5122=LINE('',#5121,#5120);
#5123=DIRECTION('',(0.E0,-4.622841805883E-1,8.867318288963E-1));
#5124=VECTOR('',#5123,9.447228486817E-2);
#5125=CARTESIAN_POINT('',(6.9E-1,5.386731828896E-1,3.862284180588E-1));
#5126=LINE('',#5125,#5124);
#5127=CARTESIAN_POINT('',(6.9E-1,4.5E-1,3.4E-1));
#5128=DIRECTION('',(1.E0,0.E0,0.E0));
#5129=DIRECTION('',(0.E0,9.539392014169E-1,3.E-1));
#5130=AXIS2_PLACEMENT_3D('',#5127,#5128,#5129);
#5132=DIRECTION('',(0.E0,8.964864303834E-1,4.430711908242E-1));
#5133=VECTOR('',#5132,1.322464050176E-2);
#5134=CARTESIAN_POINT('',(6.9E-1,4.204214416105E-1,3.7E-1));
#5135=LINE('',#5134,#5133);
#5136=CARTESIAN_POINT('',(6.9E-1,1.996831997875E-1,-6.2E-1));
#5137=DIRECTION('',(-1.E0,0.E0,0.E0));
#5138=DIRECTION('',(0.E0,0.E0,-1.E0));
#5139=AXIS2_PLACEMENT_3D('',#5136,#5137,#5138);
#5141=DIRECTION('',(0.E0,-1.E0,0.E0));
#5142=VECTOR('',#5141,1.381049525984E-1);
#5143=CARTESIAN_POINT('',(6.9E-1,3.377881523859E-1,-7.2E-1));
#5144=LINE('',#5143,#5142);
#5145=CARTESIAN_POINT('',(6.9E-1,3.377881523859E-1,-6.7E-1));
#5146=DIRECTION('',(-1.E0,0.E0,0.E0));
#5147=DIRECTION('',(0.E0,4.205608285392E-1,-9.072643437821E-1));
#5148=AXIS2_PLACEMENT_3D('',#5145,#5146,#5147);
#5150=DIRECTION('',(0.E0,-9.072643437821E-1,-4.205608285392E-1));
#5151=VECTOR('',#5150,3.384751378868E-2);
#5152=CARTESIAN_POINT('',(6.9E-1,3.895248361990E-1,-7.011282787461E-1));
#5153=LINE('',#5152,#5151);
#5154=CARTESIAN_POINT('',(6.9E-1,4.399921356237E-1,-8.1E-1));
#5155=DIRECTION('',(1.E0,0.E0,0.E0));
#5156=DIRECTION('',(0.E0,7.071067811865E-1,7.071067811865E-1));
#5157=AXIS2_PLACEMENT_3D('',#5154,#5155,#5156);
#5159=DIRECTION('',(0.E0,-7.071067811866E-1,7.071067811865E-1));
#5160=VECTOR('',#5159,4.928932188135E-2);
#5161=CARTESIAN_POINT('',(6.9E-1,5.596977631085E-1,-7.6E-1));
#5162=LINE('',#5161,#5160);
#5163=DIRECTION('',(1.E0,0.E0,0.E0));
#5164=VECTOR('',#5163,1.8E-1);
#5165=CARTESIAN_POINT('',(5.1E-1,5.248449493661E-1,7.251471862576E-1));
#5166=LINE('',#5165,#5164);
#5167=CARTESIAN_POINT('',(5.1E-1,1.996831997875E-1,6.2E-1));
#5168=DIRECTION('',(-1.E0,0.E0,0.E0));
#5169=DIRECTION('',(0.E0,-9.968319978750E-1,7.953595421243E-2));
#5170=AXIS2_PLACEMENT_3D('',#5167,#5168,#5169);
#5172=DIRECTION('',(0.E0,1.E0,0.E0));
#5173=VECTOR('',#5172,1.381049525984E-1);
#5174=CARTESIAN_POINT('',(5.1E-1,1.996831997875E-1,7.2E-1));
#5175=LINE('',#5174,#5173);
#5176=CARTESIAN_POINT('',(5.1E-1,3.377881523859E-1,6.7E-1));
#5177=DIRECTION('',(-1.E0,0.E0,0.E0));
#5178=DIRECTION('',(0.E0,0.E0,1.E0));
#5179=AXIS2_PLACEMENT_3D('',#5176,#5177,#5178);
#5181=DIRECTION('',(0.E0,9.072643437821E-1,-4.205608285392E-1));
#5182=VECTOR('',#5181,3.384751378868E-2);
#5183=CARTESIAN_POINT('',(5.1E-1,3.588161938129E-1,7.153632171891E-1));
#5184=LINE('',#5183,#5182);
#5185=CARTESIAN_POINT('',(5.1E-1,4.399921356237E-1,8.1E-1));
#5186=DIRECTION('',(1.E0,0.E0,0.E0));
#5187=DIRECTION('',(0.E0,-4.205608285392E-1,-9.072643437821E-1));
#5188=AXIS2_PLACEMENT_3D('',#5185,#5186,#5187);
#5190=DIRECTION('',(0.E0,7.071067811866E-1,7.071067811865E-1));
#5191=VECTOR('',#5190,4.928932188135E-2);
#5192=CARTESIAN_POINT('',(5.1E-1,5.248449493661E-1,7.251471862576E-1));
#5193=LINE('',#5192,#5191);
#5194=CARTESIAN_POINT('',(5.1E-1,1.897179320238E-1,4.5E-1));
#5195=DIRECTION('',(-1.E0,0.E0,0.E0));
#5196=DIRECTION('',(0.E0,-9.735295401011E-1,-2.285612271376E-1));
#5197=AXIS2_PLACEMENT_3D('',#5194,#5195,#5196);
#5199=DIRECTION('',(0.E0,-5.913040468104E-2,9.982502668381E-1));
#5200=VECTOR('',#5199,1.667147507266E-1);
#5201=CARTESIAN_POINT('',(5.1E-1,1.098579106768E-1,4.452695676255E-1));
#5202=LINE('',#5201,#5200);
#5203=DIRECTION('',(0.E0,5.913040468104E-2,9.982502668381E-1));
#5204=VECTOR('',#5203,1.667147507266E-1);
#5205=CARTESIAN_POINT('',(5.1E-1,1.E-1,-6.116926120242E-1));
#5206=LINE('',#5205,#5204);
#5207=CARTESIAN_POINT('',(5.1E-1,1.897179320238E-1,-4.5E-1));
#5208=DIRECTION('',(-1.E0,0.E0,0.E0));
#5209=DIRECTION('',(0.E0,-9.982502668381E-1,5.913040468104E-2));
#5210=AXIS2_PLACEMENT_3D('',#5207,#5208,#5209);
#5212=DIRECTION('',(0.E0,8.964864303834E-1,-4.430711908242E-1));
#5213=VECTOR('',#5212,1.346255608959E-1);
#5214=CARTESIAN_POINT('',(5.1E-1,2.850030229848E-1,-3.7E-1));
#5215=LINE('',#5214,#5213);
#5216=DIRECTION('',(0.E0,4.316134911876E-1,-9.020586423425E-1));
#5217=VECTOR('',#5216,4.473244922714E-2);
#5218=CARTESIAN_POINT('',(5.1E-1,4.056930115107E-1,-4.296487075815E-1));
#5219=LINE('',#5218,#5217);
#5220=DIRECTION('',(0.E0,1.E0,0.E0));
#5221=VECTOR('',#5220,7.E-2);
#5222=CARTESIAN_POINT('',(5.1E-1,4.250001400910E-1,-4.7E-1));
#5223=LINE('',#5222,#5221);
#5224=DIRECTION('',(0.E0,4.622841805883E-1,8.867318288963E-1));
#5225=VECTOR('',#5224,9.447228486817E-2);
#5226=CARTESIAN_POINT('',(5.1E-1,4.950001400910E-1,-4.7E-1));
#5227=LINE('',#5226,#5225);
#5228=CARTESIAN_POINT('',(5.1E-1,4.5E-1,-3.4E-1));
#5229=DIRECTION('',(1.E0,0.E0,0.E0));
#5230=DIRECTION('',(0.E0,8.867318288963E-1,-4.622841805883E-1));
#5231=AXIS2_PLACEMENT_3D('',#5228,#5229,#5230);
#5233=DIRECTION('',(0.E0,-8.964864303834E-1,4.430711908242E-1));
#5234=VECTOR('',#5233,1.322464050176E-2);
#5235=CARTESIAN_POINT('',(5.1E-1,4.322771523670E-1,-3.758594572153E-1));
#5236=LINE('',#5235,#5234);
#5237=DIRECTION('',(0.E0,8.964864303834E-1,4.430711908242E-1));
#5238=VECTOR('',#5237,1.322464050176E-2);
#5239=CARTESIAN_POINT('',(5.1E-1,4.204214416105E-1,3.7E-1));
#5240=LINE('',#5239,#5238);
#5241=CARTESIAN_POINT('',(5.1E-1,4.5E-1,3.4E-1));
#5242=DIRECTION('',(1.E0,0.E0,0.E0));
#5243=DIRECTION('',(0.E0,9.539392014169E-1,3.E-1));
#5244=AXIS2_PLACEMENT_3D('',#5241,#5242,#5243);
#5246=DIRECTION('',(0.E0,-4.622841805883E-1,8.867318288963E-1));
#5247=VECTOR('',#5246,9.447228486817E-2);
#5248=CARTESIAN_POINT('',(5.1E-1,5.386731828896E-1,3.862284180588E-1));
#5249=LINE('',#5248,#5247);
#5250=DIRECTION('',(0.E0,-1.E0,0.E0));
#5251=VECTOR('',#5250,7.E-2);
#5252=CARTESIAN_POINT('',(5.1E-1,4.950001400910E-1,4.7E-1));
#5253=LINE('',#5252,#5251);
#5254=DIRECTION('',(0.E0,-4.316134911876E-1,-9.020586423425E-1));
#5255=VECTOR('',#5254,4.473244922714E-2);
#5256=CARTESIAN_POINT('',(5.1E-1,4.250001400910E-1,4.7E-1));
#5257=LINE('',#5256,#5255);
#5258=DIRECTION('',(0.E0,-8.964864303834E-1,-4.430711908242E-1));
#5259=VECTOR('',#5258,1.346255608959E-1);
#5260=CARTESIAN_POINT('',(5.1E-1,4.056930115107E-1,4.296487075815E-1));
#5261=LINE('',#5260,#5259);
#5262=DIRECTION('',(0.E0,-7.071067811866E-1,7.071067811865E-1));
#5263=VECTOR('',#5262,4.928932188135E-2);
#5264=CARTESIAN_POINT('',(5.1E-1,5.596977631085E-1,-7.6E-1));
#5265=LINE('',#5264,#5263);
#5266=CARTESIAN_POINT('',(5.1E-1,4.399921356237E-1,-8.1E-1));
#5267=DIRECTION('',(1.E0,0.E0,0.E0));
#5268=DIRECTION('',(0.E0,7.071067811865E-1,7.071067811865E-1));
#5269=AXIS2_PLACEMENT_3D('',#5266,#5267,#5268);
#5271=DIRECTION('',(0.E0,-9.072643437821E-1,-4.205608285392E-1));
#5272=VECTOR('',#5271,3.384751378868E-2);
#5273=CARTESIAN_POINT('',(5.1E-1,3.895248361990E-1,-7.011282787461E-1));
#5274=LINE('',#5273,#5272);
#5275=CARTESIAN_POINT('',(5.1E-1,3.377881523859E-1,-6.7E-1));
#5276=DIRECTION('',(-1.E0,0.E0,0.E0));
#5277=DIRECTION('',(0.E0,4.205608285392E-1,-9.072643437821E-1));
#5278=AXIS2_PLACEMENT_3D('',#5275,#5276,#5277);
#5280=DIRECTION('',(0.E0,-1.E0,0.E0));
#5281=VECTOR('',#5280,1.381049525984E-1);
#5282=CARTESIAN_POINT('',(5.1E-1,3.377881523859E-1,-7.2E-1));
#5283=LINE('',#5282,#5281);
#5284=CARTESIAN_POINT('',(5.1E-1,1.996831997875E-1,-6.2E-1));
#5285=DIRECTION('',(-1.E0,0.E0,0.E0));
#5286=DIRECTION('',(0.E0,0.E0,-1.E0));
#5287=AXIS2_PLACEMENT_3D('',#5284,#5285,#5286);
#5289=DIRECTION('',(1.E0,0.E0,0.E0));
#5290=VECTOR('',#5289,1.8E-1);
#5291=CARTESIAN_POINT('',(5.1E-1,1.996831997875E-1,7.2E-1));
#5292=LINE('',#5291,#5290);
#5293=DIRECTION('',(1.E0,0.E0,0.E0));
#5294=VECTOR('',#5293,1.8E-1);
#5295=CARTESIAN_POINT('',(5.1E-1,3.377881523859E-1,7.2E-1));
#5296=LINE('',#5295,#5294);
#5297=DIRECTION('',(1.E0,0.E0,0.E0));
#5298=VECTOR('',#5297,1.8E-1);
#5299=CARTESIAN_POINT('',(5.1E-1,3.588161938129E-1,7.153632171891E-1));
#5300=LINE('',#5299,#5298);
#5301=DIRECTION('',(1.E0,0.E0,0.E0));
#5302=VECTOR('',#5301,1.8E-1);
#5303=CARTESIAN_POINT('',(5.1E-1,3.895248361990E-1,7.011282787461E-1));
#5304=LINE('',#5303,#5302);
#5305=DIRECTION('',(1.E0,0.E0,0.E0));
#5306=VECTOR('',#5305,1.8E-1);
#5307=CARTESIAN_POINT('',(5.1E-1,1.098579106768E-1,4.452695676255E-1));
#5308=LINE('',#5307,#5306);
#5309=DIRECTION('',(1.E0,0.E0,0.E0));
#5310=VECTOR('',#5309,1.8E-1);
#5311=CARTESIAN_POINT('',(5.1E-1,1.098579106768E-1,-4.452695676255E-1));
#5312=LINE('',#5311,#5310);
#5313=DIRECTION('',(1.E0,0.E0,0.E0));
#5314=VECTOR('',#5313,1.8E-1);
#5315=CARTESIAN_POINT('',(5.1E-1,4.056930115107E-1,-4.296487075815E-1));
#5316=LINE('',#5315,#5314);
#5317=DIRECTION('',(1.E0,0.E0,0.E0));
#5318=VECTOR('',#5317,1.8E-1);
#5319=CARTESIAN_POINT('',(5.1E-1,4.250001400910E-1,-4.7E-1));
#5320=LINE('',#5319,#5318);
#5321=DIRECTION('',(1.E0,0.E0,0.E0));
#5322=VECTOR('',#5321,1.8E-1);
#5323=CARTESIAN_POINT('',(5.1E-1,4.950001400910E-1,-4.7E-1));
#5324=LINE('',#5323,#5322);
#5325=DIRECTION('',(1.E0,0.E0,0.E0));
#5326=VECTOR('',#5325,1.8E-1);
#5327=CARTESIAN_POINT('',(5.1E-1,5.386731828896E-1,-3.862284180588E-1));
#5328=LINE('',#5327,#5326);
#5329=CARTESIAN_POINT('',(6.9E-1,4.5E-1,-3.4E-1));
#5330=DIRECTION('',(-1.E0,0.E0,0.E0));
#5331=DIRECTION('',(0.E0,6.614378277661E-1,-7.5E-1));
#5332=AXIS2_PLACEMENT_3D('',#5329,#5330,#5331);
#5334=CARTESIAN_POINT('',(5.1E-1,4.5E-1,-3.4E-1));
#5335=DIRECTION('',(1.E0,0.E0,0.E0));
#5336=DIRECTION('',(0.E0,-4.430711908242E-1,-8.964864303834E-1));
#5337=AXIS2_PLACEMENT_3D('',#5334,#5335,#5336);
#5339=DIRECTION('',(1.E0,0.E0,0.E0));
#5340=VECTOR('',#5339,1.8E-1);
#5341=CARTESIAN_POINT('',(5.1E-1,4.322771523670E-1,-3.758594572153E-1));
#5342=LINE('',#5341,#5340);
#5343=CARTESIAN_POINT('',(6.9E-1,4.5E-1,3.4E-1));
#5344=DIRECTION('',(-1.E0,0.E0,0.E0));
#5345=DIRECTION('',(0.E0,-4.430711908242E-1,8.964864303834E-1));
#5346=AXIS2_PLACEMENT_3D('',#5343,#5344,#5345);
#5348=CARTESIAN_POINT('',(5.1E-1,4.5E-1,3.4E-1));
#5349=DIRECTION('',(1.E0,0.E0,0.E0));
#5350=DIRECTION('',(0.E0,6.614378277661E-1,7.5E-1));
#5351=AXIS2_PLACEMENT_3D('',#5348,#5349,#5350);
#5353=DIRECTION('',(1.E0,0.E0,0.E0));
#5354=VECTOR('',#5353,1.8E-1);
#5355=CARTESIAN_POINT('',(5.1E-1,4.322771523670E-1,3.758594572153E-1));
#5356=LINE('',#5355,#5354);
#5357=DIRECTION('',(1.E0,0.E0,0.E0));
#5358=VECTOR('',#5357,1.8E-1);
#5359=CARTESIAN_POINT('',(5.1E-1,5.386731828896E-1,3.862284180588E-1));
#5360=LINE('',#5359,#5358);
#5361=DIRECTION('',(1.E0,0.E0,0.E0));
#5362=VECTOR('',#5361,1.8E-1);
#5363=CARTESIAN_POINT('',(5.1E-1,4.950001400910E-1,4.7E-1));
#5364=LINE('',#5363,#5362);
#5365=DIRECTION('',(1.E0,0.E0,0.E0));
#5366=VECTOR('',#5365,1.8E-1);
#5367=CARTESIAN_POINT('',(5.1E-1,4.250001400910E-1,4.7E-1));
#5368=LINE('',#5367,#5366);
#5369=DIRECTION('',(1.E0,0.E0,0.E0));
#5370=VECTOR('',#5369,1.8E-1);
#5371=CARTESIAN_POINT('',(5.1E-1,4.056930115107E-1,4.296487075815E-1));
#5372=LINE('',#5371,#5370);
#5373=DIRECTION('',(1.E0,0.E0,0.E0));
#5374=VECTOR('',#5373,1.8E-1);
#5375=CARTESIAN_POINT('',(5.1E-1,5.248449493661E-1,-7.251471862576E-1));
#5376=LINE('',#5375,#5374);
#5377=DIRECTION('',(1.E0,0.E0,0.E0));
#5378=VECTOR('',#5377,1.8E-1);
#5379=CARTESIAN_POINT('',(5.1E-1,3.895248361990E-1,-7.011282787461E-1));
#5380=LINE('',#5379,#5378);
#5381=DIRECTION('',(1.E0,0.E0,0.E0));
#5382=VECTOR('',#5381,1.8E-1);
#5383=CARTESIAN_POINT('',(5.1E-1,3.588161938129E-1,-7.153632171891E-1));
#5384=LINE('',#5383,#5382);
#5385=DIRECTION('',(1.E0,0.E0,0.E0));
#5386=VECTOR('',#5385,1.8E-1);
#5387=CARTESIAN_POINT('',(5.1E-1,3.377881523859E-1,-7.2E-1));
#5388=LINE('',#5387,#5386);
#5389=DIRECTION('',(1.E0,0.E0,0.E0));
#5390=VECTOR('',#5389,1.8E-1);
#5391=CARTESIAN_POINT('',(5.1E-1,1.996831997875E-1,-7.2E-1));
#5392=LINE('',#5391,#5390);
#5393=DIRECTION('',(0.E0,7.071067811866E-1,7.071067811865E-1));
#5394=VECTOR('',#5393,4.928932188135E-2);
#5395=CARTESIAN_POINT('',(2.9E-1,5.248449493661E-1,7.251471862576E-1));
#5396=LINE('',#5395,#5394);
#5397=CARTESIAN_POINT('',(2.9E-1,4.399921356237E-1,8.1E-1));
#5398=DIRECTION('',(1.E0,0.E0,0.E0));
#5399=DIRECTION('',(0.E0,-4.205608285392E-1,-9.072643437821E-1));
#5400=AXIS2_PLACEMENT_3D('',#5397,#5398,#5399);
#5402=DIRECTION('',(0.E0,9.072643437821E-1,-4.205608285392E-1));
#5403=VECTOR('',#5402,3.384751378868E-2);
#5404=CARTESIAN_POINT('',(2.9E-1,3.588161938129E-1,7.153632171891E-1));
#5405=LINE('',#5404,#5403);
#5406=CARTESIAN_POINT('',(2.9E-1,3.377881523859E-1,6.7E-1));
#5407=DIRECTION('',(-1.E0,0.E0,0.E0));
#5408=DIRECTION('',(0.E0,0.E0,1.E0));
#5409=AXIS2_PLACEMENT_3D('',#5406,#5407,#5408);
#5411=DIRECTION('',(0.E0,1.E0,0.E0));
#5412=VECTOR('',#5411,1.381049525984E-1);
#5413=CARTESIAN_POINT('',(2.9E-1,1.996831997875E-1,7.2E-1));
#5414=LINE('',#5413,#5412);
#5415=CARTESIAN_POINT('',(2.9E-1,1.996831997875E-1,6.2E-1));
#5416=DIRECTION('',(-1.E0,0.E0,0.E0));
#5417=DIRECTION('',(0.E0,-9.968319978750E-1,7.953595421243E-2));
#5418=AXIS2_PLACEMENT_3D('',#5415,#5416,#5417);
#5420=DIRECTION('',(0.E0,-5.913040468104E-2,9.982502668381E-1));
#5421=VECTOR('',#5420,1.667147507266E-1);
#5422=CARTESIAN_POINT('',(2.9E-1,1.098579106768E-1,4.452695676255E-1));
#5423=LINE('',#5422,#5421);
#5424=CARTESIAN_POINT('',(2.9E-1,1.897179320238E-1,4.5E-1));
#5425=DIRECTION('',(-1.E0,0.E0,0.E0));
#5426=DIRECTION('',(0.E0,-9.735295401011E-1,-2.285612271376E-1));
#5427=AXIS2_PLACEMENT_3D('',#5424,#5425,#5426);
#5429=CARTESIAN_POINT('',(2.9E-1,1.897179320238E-1,-4.5E-1));
#5430=DIRECTION('',(-1.E0,0.E0,0.E0));
#5431=DIRECTION('',(0.E0,-9.982502668381E-1,5.913040468104E-2));
#5432=AXIS2_PLACEMENT_3D('',#5429,#5430,#5431);
#5434=DIRECTION('',(0.E0,5.913040468104E-2,9.982502668381E-1));
#5435=VECTOR('',#5434,1.667147507266E-1);
#5436=CARTESIAN_POINT('',(2.9E-1,1.E-1,-6.116926120242E-1));
#5437=LINE('',#5436,#5435);
#5438=DIRECTION('',(0.E0,-8.964864303834E-1,4.430711908242E-1));
#5439=VECTOR('',#5438,1.322464050176E-2);
#5440=CARTESIAN_POINT('',(2.9E-1,4.322771523670E-1,-3.758594572153E-1));
#5441=LINE('',#5440,#5439);
#5442=CARTESIAN_POINT('',(2.9E-1,4.5E-1,-3.4E-1));
#5443=DIRECTION('',(1.E0,0.E0,0.E0));
#5444=DIRECTION('',(0.E0,8.867318288963E-1,-4.622841805883E-1));
#5445=AXIS2_PLACEMENT_3D('',#5442,#5443,#5444);
#5447=DIRECTION('',(0.E0,4.622841805883E-1,8.867318288963E-1));
#5448=VECTOR('',#5447,9.447228486817E-2);
#5449=CARTESIAN_POINT('',(2.9E-1,4.950001400910E-1,-4.7E-1));
#5450=LINE('',#5449,#5448);
#5451=DIRECTION('',(0.E0,1.E0,0.E0));
#5452=VECTOR('',#5451,7.E-2);
#5453=CARTESIAN_POINT('',(2.9E-1,4.250001400910E-1,-4.7E-1));
#5454=LINE('',#5453,#5452);
#5455=DIRECTION('',(0.E0,4.316134911876E-1,-9.020586423425E-1));
#5456=VECTOR('',#5455,4.473244922714E-2);
#5457=CARTESIAN_POINT('',(2.9E-1,4.056930115107E-1,-4.296487075815E-1));
#5458=LINE('',#5457,#5456);
#5459=DIRECTION('',(0.E0,8.964864303834E-1,-4.430711908242E-1));
#5460=VECTOR('',#5459,1.346255608959E-1);
#5461=CARTESIAN_POINT('',(2.9E-1,2.850030229848E-1,-3.7E-1));
#5462=LINE('',#5461,#5460);
#5463=DIRECTION('',(0.E0,-8.964864303834E-1,-4.430711908242E-1));
#5464=VECTOR('',#5463,1.346255608959E-1);
#5465=CARTESIAN_POINT('',(2.9E-1,4.056930115107E-1,4.296487075815E-1));
#5466=LINE('',#5465,#5464);
#5467=DIRECTION('',(0.E0,-4.316134911876E-1,-9.020586423425E-1));
#5468=VECTOR('',#5467,4.473244922714E-2);
#5469=CARTESIAN_POINT('',(2.9E-1,4.250001400910E-1,4.7E-1));
#5470=LINE('',#5469,#5468);
#5471=DIRECTION('',(0.E0,-1.E0,0.E0));
#5472=VECTOR('',#5471,7.E-2);
#5473=CARTESIAN_POINT('',(2.9E-1,4.950001400910E-1,4.7E-1));
#5474=LINE('',#5473,#5472);
#5475=DIRECTION('',(0.E0,-4.622841805883E-1,8.867318288963E-1));
#5476=VECTOR('',#5475,9.447228486817E-2);
#5477=CARTESIAN_POINT('',(2.9E-1,5.386731828896E-1,3.862284180588E-1));
#5478=LINE('',#5477,#5476);
#5479=CARTESIAN_POINT('',(2.9E-1,4.5E-1,3.4E-1));
#5480=DIRECTION('',(1.E0,0.E0,0.E0));
#5481=DIRECTION('',(0.E0,9.539392014169E-1,3.E-1));
#5482=AXIS2_PLACEMENT_3D('',#5479,#5480,#5481);
#5484=DIRECTION('',(0.E0,8.964864303834E-1,4.430711908242E-1));
#5485=VECTOR('',#5484,1.322464050176E-2);
#5486=CARTESIAN_POINT('',(2.9E-1,4.204214416105E-1,3.7E-1));
#5487=LINE('',#5486,#5485);
#5488=CARTESIAN_POINT('',(2.9E-1,1.996831997875E-1,-6.2E-1));
#5489=DIRECTION('',(-1.E0,0.E0,0.E0));
#5490=DIRECTION('',(0.E0,0.E0,-1.E0));
#5491=AXIS2_PLACEMENT_3D('',#5488,#5489,#5490);
#5493=DIRECTION('',(0.E0,-1.E0,0.E0));
#5494=VECTOR('',#5493,1.381049525984E-1);
#5495=CARTESIAN_POINT('',(2.9E-1,3.377881523859E-1,-7.2E-1));
#5496=LINE('',#5495,#5494);
#5497=CARTESIAN_POINT('',(2.9E-1,3.377881523859E-1,-6.7E-1));
#5498=DIRECTION('',(-1.E0,0.E0,0.E0));
#5499=DIRECTION('',(0.E0,4.205608285392E-1,-9.072643437821E-1));
#5500=AXIS2_PLACEMENT_3D('',#5497,#5498,#5499);
#5502=DIRECTION('',(0.E0,-9.072643437821E-1,-4.205608285392E-1));
#5503=VECTOR('',#5502,3.384751378868E-2);
#5504=CARTESIAN_POINT('',(2.9E-1,3.895248361990E-1,-7.011282787461E-1));
#5505=LINE('',#5504,#5503);
#5506=CARTESIAN_POINT('',(2.9E-1,4.399921356237E-1,-8.1E-1));
#5507=DIRECTION('',(1.E0,0.E0,0.E0));
#5508=DIRECTION('',(0.E0,7.071067811865E-1,7.071067811865E-1));
#5509=AXIS2_PLACEMENT_3D('',#5506,#5507,#5508);
#5511=DIRECTION('',(0.E0,-7.071067811866E-1,7.071067811865E-1));
#5512=VECTOR('',#5511,4.928932188135E-2);
#5513=CARTESIAN_POINT('',(2.9E-1,5.596977631085E-1,-7.6E-1));
#5514=LINE('',#5513,#5512);
#5515=DIRECTION('',(1.E0,0.E0,0.E0));
#5516=VECTOR('',#5515,1.8E-1);
#5517=CARTESIAN_POINT('',(1.1E-1,5.248449493661E-1,7.251471862576E-1));
#5518=LINE('',#5517,#5516);
#5519=CARTESIAN_POINT('',(1.1E-1,1.996831997875E-1,6.2E-1));
#5520=DIRECTION('',(-1.E0,0.E0,0.E0));
#5521=DIRECTION('',(0.E0,-9.968319978750E-1,7.953595421243E-2));
#5522=AXIS2_PLACEMENT_3D('',#5519,#5520,#5521);
#5524=DIRECTION('',(0.E0,1.E0,0.E0));
#5525=VECTOR('',#5524,1.381049525984E-1);
#5526=CARTESIAN_POINT('',(1.1E-1,1.996831997875E-1,7.2E-1));
#5527=LINE('',#5526,#5525);
#5528=CARTESIAN_POINT('',(1.1E-1,3.377881523859E-1,6.7E-1));
#5529=DIRECTION('',(-1.E0,0.E0,0.E0));
#5530=DIRECTION('',(0.E0,0.E0,1.E0));
#5531=AXIS2_PLACEMENT_3D('',#5528,#5529,#5530);
#5533=DIRECTION('',(0.E0,9.072643437821E-1,-4.205608285392E-1));
#5534=VECTOR('',#5533,3.384751378868E-2);
#5535=CARTESIAN_POINT('',(1.1E-1,3.588161938129E-1,7.153632171891E-1));
#5536=LINE('',#5535,#5534);
#5537=CARTESIAN_POINT('',(1.1E-1,4.399921356237E-1,8.1E-1));
#5538=DIRECTION('',(1.E0,0.E0,0.E0));
#5539=DIRECTION('',(0.E0,-4.205608285392E-1,-9.072643437821E-1));
#5540=AXIS2_PLACEMENT_3D('',#5537,#5538,#5539);
#5542=DIRECTION('',(0.E0,7.071067811865E-1,7.071067811865E-1));
#5543=VECTOR('',#5542,4.928932188135E-2);
#5544=CARTESIAN_POINT('',(1.1E-1,5.248449493661E-1,7.251471862576E-1));
#5545=LINE('',#5544,#5543);
#5546=CARTESIAN_POINT('',(1.1E-1,1.897179320238E-1,4.5E-1));
#5547=DIRECTION('',(-1.E0,0.E0,0.E0));
#5548=DIRECTION('',(0.E0,-9.735295401011E-1,-2.285612271376E-1));
#5549=AXIS2_PLACEMENT_3D('',#5546,#5547,#5548);
#5551=DIRECTION('',(0.E0,-5.913040468104E-2,9.982502668381E-1));
#5552=VECTOR('',#5551,1.667147507266E-1);
#5553=CARTESIAN_POINT('',(1.1E-1,1.098579106768E-1,4.452695676255E-1));
#5554=LINE('',#5553,#5552);
#5555=DIRECTION('',(0.E0,5.913040468104E-2,9.982502668381E-1));
#5556=VECTOR('',#5555,1.667147507266E-1);
#5557=CARTESIAN_POINT('',(1.1E-1,1.E-1,-6.116926120242E-1));
#5558=LINE('',#5557,#5556);
#5559=CARTESIAN_POINT('',(1.1E-1,1.897179320238E-1,-4.5E-1));
#5560=DIRECTION('',(-1.E0,0.E0,0.E0));
#5561=DIRECTION('',(0.E0,-9.982502668381E-1,5.913040468104E-2));
#5562=AXIS2_PLACEMENT_3D('',#5559,#5560,#5561);
#5564=DIRECTION('',(0.E0,8.964864303834E-1,-4.430711908242E-1));
#5565=VECTOR('',#5564,1.346255608959E-1);
#5566=CARTESIAN_POINT('',(1.1E-1,2.850030229848E-1,-3.7E-1));
#5567=LINE('',#5566,#5565);
#5568=DIRECTION('',(0.E0,4.316134911876E-1,-9.020586423425E-1));
#5569=VECTOR('',#5568,4.473244922714E-2);
#5570=CARTESIAN_POINT('',(1.1E-1,4.056930115107E-1,-4.296487075815E-1));
#5571=LINE('',#5570,#5569);
#5572=DIRECTION('',(0.E0,1.E0,0.E0));
#5573=VECTOR('',#5572,7.E-2);
#5574=CARTESIAN_POINT('',(1.1E-1,4.250001400910E-1,-4.7E-1));
#5575=LINE('',#5574,#5573);
#5576=DIRECTION('',(0.E0,4.622841805883E-1,8.867318288963E-1));
#5577=VECTOR('',#5576,9.447228486817E-2);
#5578=CARTESIAN_POINT('',(1.1E-1,4.950001400910E-1,-4.7E-1));
#5579=LINE('',#5578,#5577);
#5580=CARTESIAN_POINT('',(1.1E-1,4.5E-1,-3.4E-1));
#5581=DIRECTION('',(1.E0,0.E0,0.E0));
#5582=DIRECTION('',(0.E0,8.867318288963E-1,-4.622841805883E-1));
#5583=AXIS2_PLACEMENT_3D('',#5580,#5581,#5582);
#5585=DIRECTION('',(0.E0,-8.964864303834E-1,4.430711908242E-1));
#5586=VECTOR('',#5585,1.322464050176E-2);
#5587=CARTESIAN_POINT('',(1.1E-1,4.322771523670E-1,-3.758594572153E-1));
#5588=LINE('',#5587,#5586);
#5589=DIRECTION('',(0.E0,8.964864303834E-1,4.430711908242E-1));
#5590=VECTOR('',#5589,1.322464050176E-2);
#5591=CARTESIAN_POINT('',(1.1E-1,4.204214416105E-1,3.7E-1));
#5592=LINE('',#5591,#5590);
#5593=CARTESIAN_POINT('',(1.1E-1,4.5E-1,3.4E-1));
#5594=DIRECTION('',(1.E0,0.E0,0.E0));
#5595=DIRECTION('',(0.E0,9.539392014169E-1,3.E-1));
#5596=AXIS2_PLACEMENT_3D('',#5593,#5594,#5595);
#5598=DIRECTION('',(0.E0,-4.622841805883E-1,8.867318288963E-1));
#5599=VECTOR('',#5598,9.447228486817E-2);
#5600=CARTESIAN_POINT('',(1.1E-1,5.386731828896E-1,3.862284180588E-1));
#5601=LINE('',#5600,#5599);
#5602=DIRECTION('',(0.E0,-1.E0,0.E0));
#5603=VECTOR('',#5602,7.E-2);
#5604=CARTESIAN_POINT('',(1.1E-1,4.950001400910E-1,4.7E-1));
#5605=LINE('',#5604,#5603);
#5606=DIRECTION('',(0.E0,-4.316134911876E-1,-9.020586423425E-1));
#5607=VECTOR('',#5606,4.473244922714E-2);
#5608=CARTESIAN_POINT('',(1.1E-1,4.250001400910E-1,4.7E-1));
#5609=LINE('',#5608,#5607);
#5610=DIRECTION('',(0.E0,-8.964864303834E-1,-4.430711908242E-1));
#5611=VECTOR('',#5610,1.346255608959E-1);
#5612=CARTESIAN_POINT('',(1.1E-1,4.056930115107E-1,4.296487075815E-1));
#5613=LINE('',#5612,#5611);
#5614=DIRECTION('',(0.E0,-7.071067811866E-1,7.071067811865E-1));
#5615=VECTOR('',#5614,4.928932188135E-2);
#5616=CARTESIAN_POINT('',(1.1E-1,5.596977631085E-1,-7.6E-1));
#5617=LINE('',#5616,#5615);
#5618=CARTESIAN_POINT('',(1.1E-1,4.399921356237E-1,-8.1E-1));
#5619=DIRECTION('',(1.E0,0.E0,0.E0));
#5620=DIRECTION('',(0.E0,7.071067811865E-1,7.071067811865E-1));
#5621=AXIS2_PLACEMENT_3D('',#5618,#5619,#5620);
#5623=DIRECTION('',(0.E0,-9.072643437821E-1,-4.205608285392E-1));
#5624=VECTOR('',#5623,3.384751378868E-2);
#5625=CARTESIAN_POINT('',(1.1E-1,3.895248361990E-1,-7.011282787461E-1));
#5626=LINE('',#5625,#5624);
#5627=CARTESIAN_POINT('',(1.1E-1,3.377881523859E-1,-6.7E-1));
#5628=DIRECTION('',(-1.E0,0.E0,0.E0));
#5629=DIRECTION('',(0.E0,4.205608285392E-1,-9.072643437821E-1));
#5630=AXIS2_PLACEMENT_3D('',#5627,#5628,#5629);
#5632=DIRECTION('',(0.E0,-1.E0,0.E0));
#5633=VECTOR('',#5632,1.381049525984E-1);
#5634=CARTESIAN_POINT('',(1.1E-1,3.377881523859E-1,-7.2E-1));
#5635=LINE('',#5634,#5633);
#5636=CARTESIAN_POINT('',(1.1E-1,1.996831997875E-1,-6.2E-1));
#5637=DIRECTION('',(-1.E0,0.E0,0.E0));
#5638=DIRECTION('',(0.E0,0.E0,-1.E0));
#5639=AXIS2_PLACEMENT_3D('',#5636,#5637,#5638);
#5641=DIRECTION('',(1.E0,0.E0,0.E0));
#5642=VECTOR('',#5641,1.8E-1);
#5643=CARTESIAN_POINT('',(1.1E-1,1.996831997875E-1,7.2E-1));
#5644=LINE('',#5643,#5642);
#5645=DIRECTION('',(1.E0,0.E0,0.E0));
#5646=VECTOR('',#5645,1.8E-1);
#5647=CARTESIAN_POINT('',(1.1E-1,3.377881523859E-1,7.2E-1));
#5648=LINE('',#5647,#5646);
#5649=DIRECTION('',(1.E0,0.E0,0.E0));
#5650=VECTOR('',#5649,1.8E-1);
#5651=CARTESIAN_POINT('',(1.1E-1,3.588161938129E-1,7.153632171891E-1));
#5652=LINE('',#5651,#5650);
#5653=DIRECTION('',(1.E0,0.E0,0.E0));
#5654=VECTOR('',#5653,1.8E-1);
#5655=CARTESIAN_POINT('',(1.1E-1,3.895248361990E-1,7.011282787461E-1));
#5656=LINE('',#5655,#5654);
#5657=DIRECTION('',(1.E0,0.E0,0.E0));
#5658=VECTOR('',#5657,1.8E-1);
#5659=CARTESIAN_POINT('',(1.1E-1,1.098579106768E-1,4.452695676255E-1));
#5660=LINE('',#5659,#5658);
#5661=DIRECTION('',(1.E0,0.E0,0.E0));
#5662=VECTOR('',#5661,1.8E-1);
#5663=CARTESIAN_POINT('',(1.1E-1,1.098579106768E-1,-4.452695676255E-1));
#5664=LINE('',#5663,#5662);
#5665=DIRECTION('',(1.E0,0.E0,0.E0));
#5666=VECTOR('',#5665,1.8E-1);
#5667=CARTESIAN_POINT('',(1.1E-1,4.056930115107E-1,-4.296487075815E-1));
#5668=LINE('',#5667,#5666);
#5669=DIRECTION('',(1.E0,0.E0,0.E0));
#5670=VECTOR('',#5669,1.8E-1);
#5671=CARTESIAN_POINT('',(1.1E-1,4.250001400910E-1,-4.7E-1));
#5672=LINE('',#5671,#5670);
#5673=DIRECTION('',(1.E0,0.E0,0.E0));
#5674=VECTOR('',#5673,1.8E-1);
#5675=CARTESIAN_POINT('',(1.1E-1,4.950001400910E-1,-4.7E-1));
#5676=LINE('',#5675,#5674);
#5677=DIRECTION('',(1.E0,0.E0,0.E0));
#5678=VECTOR('',#5677,1.8E-1);
#5679=CARTESIAN_POINT('',(1.1E-1,5.386731828896E-1,-3.862284180588E-1));
#5680=LINE('',#5679,#5678);
#5681=CARTESIAN_POINT('',(2.9E-1,4.5E-1,-3.4E-1));
#5682=DIRECTION('',(-1.E0,0.E0,0.E0));
#5683=DIRECTION('',(0.E0,6.614378277661E-1,-7.5E-1));
#5684=AXIS2_PLACEMENT_3D('',#5681,#5682,#5683);
#5686=CARTESIAN_POINT('',(1.1E-1,4.5E-1,-3.4E-1));
#5687=DIRECTION('',(1.E0,0.E0,0.E0));
#5688=DIRECTION('',(0.E0,-4.430711908242E-1,-8.964864303834E-1));
#5689=AXIS2_PLACEMENT_3D('',#5686,#5687,#5688);
#5691=DIRECTION('',(1.E0,0.E0,0.E0));
#5692=VECTOR('',#5691,1.8E-1);
#5693=CARTESIAN_POINT('',(1.1E-1,4.322771523670E-1,-3.758594572153E-1));
#5694=LINE('',#5693,#5692);
#5695=CARTESIAN_POINT('',(2.9E-1,4.5E-1,3.4E-1));
#5696=DIRECTION('',(-1.E0,0.E0,0.E0));
#5697=DIRECTION('',(0.E0,-4.430711908242E-1,8.964864303834E-1));
#5698=AXIS2_PLACEMENT_3D('',#5695,#5696,#5697);
#5700=CARTESIAN_POINT('',(1.1E-1,4.5E-1,3.4E-1));
#5701=DIRECTION('',(1.E0,0.E0,0.E0));
#5702=DIRECTION('',(0.E0,6.614378277661E-1,7.5E-1));
#5703=AXIS2_PLACEMENT_3D('',#5700,#5701,#5702);
#5705=DIRECTION('',(1.E0,0.E0,0.E0));
#5706=VECTOR('',#5705,1.8E-1);
#5707=CARTESIAN_POINT('',(1.1E-1,4.322771523670E-1,3.758594572153E-1));
#5708=LINE('',#5707,#5706);
#5709=DIRECTION('',(1.E0,0.E0,0.E0));
#5710=VECTOR('',#5709,1.8E-1);
#5711=CARTESIAN_POINT('',(1.1E-1,5.386731828896E-1,3.862284180588E-1));
#5712=LINE('',#5711,#5710);
#5713=DIRECTION('',(1.E0,0.E0,0.E0));
#5714=VECTOR('',#5713,1.8E-1);
#5715=CARTESIAN_POINT('',(1.1E-1,4.950001400910E-1,4.7E-1));
#5716=LINE('',#5715,#5714);
#5717=DIRECTION('',(1.E0,0.E0,0.E0));
#5718=VECTOR('',#5717,1.8E-1);
#5719=CARTESIAN_POINT('',(1.1E-1,4.250001400910E-1,4.7E-1));
#5720=LINE('',#5719,#5718);
#5721=DIRECTION('',(1.E0,0.E0,0.E0));
#5722=VECTOR('',#5721,1.8E-1);
#5723=CARTESIAN_POINT('',(1.1E-1,4.056930115107E-1,4.296487075815E-1));
#5724=LINE('',#5723,#5722);
#5725=DIRECTION('',(1.E0,0.E0,0.E0));
#5726=VECTOR('',#5725,1.8E-1);
#5727=CARTESIAN_POINT('',(1.1E-1,5.248449493661E-1,-7.251471862576E-1));
#5728=LINE('',#5727,#5726);
#5729=DIRECTION('',(1.E0,0.E0,0.E0));
#5730=VECTOR('',#5729,1.8E-1);
#5731=CARTESIAN_POINT('',(1.1E-1,3.895248361990E-1,-7.011282787461E-1));
#5732=LINE('',#5731,#5730);
#5733=DIRECTION('',(1.E0,0.E0,0.E0));
#5734=VECTOR('',#5733,1.8E-1);
#5735=CARTESIAN_POINT('',(1.1E-1,3.588161938129E-1,-7.153632171891E-1));
#5736=LINE('',#5735,#5734);
#5737=DIRECTION('',(1.E0,0.E0,0.E0));
#5738=VECTOR('',#5737,1.8E-1);
#5739=CARTESIAN_POINT('',(1.1E-1,3.377881523859E-1,-7.2E-1));
#5740=LINE('',#5739,#5738);
#5741=DIRECTION('',(1.E0,0.E0,0.E0));
#5742=VECTOR('',#5741,1.8E-1);
#5743=CARTESIAN_POINT('',(1.1E-1,1.996831997875E-1,-7.2E-1));
#5744=LINE('',#5743,#5742);
#5745=DIRECTION('',(0.E0,7.071067811865E-1,7.071067811865E-1));
#5746=VECTOR('',#5745,4.928932188135E-2);
#5747=CARTESIAN_POINT('',(-1.1E-1,5.248449493661E-1,7.251471862576E-1));
#5748=LINE('',#5747,#5746);
#5749=CARTESIAN_POINT('',(-1.1E-1,4.399921356237E-1,8.1E-1));
#5750=DIRECTION('',(1.E0,0.E0,0.E0));
#5751=DIRECTION('',(0.E0,-4.205608285392E-1,-9.072643437821E-1));
#5752=AXIS2_PLACEMENT_3D('',#5749,#5750,#5751);
#5754=DIRECTION('',(0.E0,9.072643437821E-1,-4.205608285392E-1));
#5755=VECTOR('',#5754,3.384751378868E-2);
#5756=CARTESIAN_POINT('',(-1.1E-1,3.588161938129E-1,7.153632171891E-1));
#5757=LINE('',#5756,#5755);
#5758=CARTESIAN_POINT('',(-1.1E-1,3.377881523859E-1,6.7E-1));
#5759=DIRECTION('',(-1.E0,0.E0,0.E0));
#5760=DIRECTION('',(0.E0,0.E0,1.E0));
#5761=AXIS2_PLACEMENT_3D('',#5758,#5759,#5760);
#5763=DIRECTION('',(0.E0,1.E0,0.E0));
#5764=VECTOR('',#5763,1.381049525984E-1);
#5765=CARTESIAN_POINT('',(-1.1E-1,1.996831997875E-1,7.2E-1));
#5766=LINE('',#5765,#5764);
#5767=CARTESIAN_POINT('',(-1.1E-1,1.996831997875E-1,6.2E-1));
#5768=DIRECTION('',(-1.E0,0.E0,0.E0));
#5769=DIRECTION('',(0.E0,-9.968319978750E-1,7.953595421243E-2));
#5770=AXIS2_PLACEMENT_3D('',#5767,#5768,#5769);
#5772=DIRECTION('',(0.E0,-5.913040468104E-2,9.982502668381E-1));
#5773=VECTOR('',#5772,1.667147507266E-1);
#5774=CARTESIAN_POINT('',(-1.1E-1,1.098579106768E-1,4.452695676255E-1));
#5775=LINE('',#5774,#5773);
#5776=CARTESIAN_POINT('',(-1.1E-1,1.897179320238E-1,4.5E-1));
#5777=DIRECTION('',(-1.E0,0.E0,0.E0));
#5778=DIRECTION('',(0.E0,-9.735295401011E-1,-2.285612271376E-1));
#5779=AXIS2_PLACEMENT_3D('',#5776,#5777,#5778);
#5781=CARTESIAN_POINT('',(-1.1E-1,1.897179320238E-1,-4.5E-1));
#5782=DIRECTION('',(-1.E0,0.E0,0.E0));
#5783=DIRECTION('',(0.E0,-9.982502668381E-1,5.913040468104E-2));
#5784=AXIS2_PLACEMENT_3D('',#5781,#5782,#5783);
#5786=DIRECTION('',(0.E0,5.913040468104E-2,9.982502668381E-1));
#5787=VECTOR('',#5786,1.667147507266E-1);
#5788=CARTESIAN_POINT('',(-1.1E-1,1.E-1,-6.116926120242E-1));
#5789=LINE('',#5788,#5787);
#5790=DIRECTION('',(0.E0,-8.964864303834E-1,4.430711908242E-1));
#5791=VECTOR('',#5790,1.322464050176E-2);
#5792=CARTESIAN_POINT('',(-1.1E-1,4.322771523670E-1,-3.758594572153E-1));
#5793=LINE('',#5792,#5791);
#5794=CARTESIAN_POINT('',(-1.1E-1,4.5E-1,-3.4E-1));
#5795=DIRECTION('',(1.E0,0.E0,0.E0));
#5796=DIRECTION('',(0.E0,8.867318288963E-1,-4.622841805883E-1));
#5797=AXIS2_PLACEMENT_3D('',#5794,#5795,#5796);
#5799=DIRECTION('',(0.E0,4.622841805883E-1,8.867318288963E-1));
#5800=VECTOR('',#5799,9.447228486817E-2);
#5801=CARTESIAN_POINT('',(-1.1E-1,4.950001400910E-1,-4.7E-1));
#5802=LINE('',#5801,#5800);
#5803=DIRECTION('',(0.E0,1.E0,0.E0));
#5804=VECTOR('',#5803,7.E-2);
#5805=CARTESIAN_POINT('',(-1.1E-1,4.250001400910E-1,-4.7E-1));
#5806=LINE('',#5805,#5804);
#5807=DIRECTION('',(0.E0,4.316134911876E-1,-9.020586423425E-1));
#5808=VECTOR('',#5807,4.473244922714E-2);
#5809=CARTESIAN_POINT('',(-1.1E-1,4.056930115107E-1,-4.296487075815E-1));
#5810=LINE('',#5809,#5808);
#5811=DIRECTION('',(0.E0,8.964864303834E-1,-4.430711908242E-1));
#5812=VECTOR('',#5811,1.346255608959E-1);
#5813=CARTESIAN_POINT('',(-1.1E-1,2.850030229848E-1,-3.7E-1));
#5814=LINE('',#5813,#5812);
#5815=DIRECTION('',(0.E0,-8.964864303834E-1,-4.430711908242E-1));
#5816=VECTOR('',#5815,1.346255608959E-1);
#5817=CARTESIAN_POINT('',(-1.1E-1,4.056930115107E-1,4.296487075815E-1));
#5818=LINE('',#5817,#5816);
#5819=DIRECTION('',(0.E0,-4.316134911876E-1,-9.020586423425E-1));
#5820=VECTOR('',#5819,4.473244922714E-2);
#5821=CARTESIAN_POINT('',(-1.1E-1,4.250001400910E-1,4.7E-1));
#5822=LINE('',#5821,#5820);
#5823=DIRECTION('',(0.E0,-1.E0,0.E0));
#5824=VECTOR('',#5823,7.E-2);
#5825=CARTESIAN_POINT('',(-1.1E-1,4.950001400910E-1,4.7E-1));
#5826=LINE('',#5825,#5824);
#5827=DIRECTION('',(0.E0,-4.622841805883E-1,8.867318288963E-1));
#5828=VECTOR('',#5827,9.447228486817E-2);
#5829=CARTESIAN_POINT('',(-1.1E-1,5.386731828896E-1,3.862284180588E-1));
#5830=LINE('',#5829,#5828);
#5831=CARTESIAN_POINT('',(-1.1E-1,4.5E-1,3.4E-1));
#5832=DIRECTION('',(1.E0,0.E0,0.E0));
#5833=DIRECTION('',(0.E0,9.539392014169E-1,3.E-1));
#5834=AXIS2_PLACEMENT_3D('',#5831,#5832,#5833);
#5836=DIRECTION('',(0.E0,8.964864303834E-1,4.430711908242E-1));
#5837=VECTOR('',#5836,1.322464050176E-2);
#5838=CARTESIAN_POINT('',(-1.1E-1,4.204214416105E-1,3.7E-1));
#5839=LINE('',#5838,#5837);
#5840=CARTESIAN_POINT('',(-1.1E-1,1.996831997875E-1,-6.2E-1));
#5841=DIRECTION('',(-1.E0,0.E0,0.E0));
#5842=DIRECTION('',(0.E0,0.E0,-1.E0));
#5843=AXIS2_PLACEMENT_3D('',#5840,#5841,#5842);
#5845=DIRECTION('',(0.E0,-1.E0,0.E0));
#5846=VECTOR('',#5845,1.381049525984E-1);
#5847=CARTESIAN_POINT('',(-1.1E-1,3.377881523859E-1,-7.2E-1));
#5848=LINE('',#5847,#5846);
#5849=CARTESIAN_POINT('',(-1.1E-1,3.377881523859E-1,-6.7E-1));
#5850=DIRECTION('',(-1.E0,0.E0,0.E0));
#5851=DIRECTION('',(0.E0,4.205608285392E-1,-9.072643437821E-1));
#5852=AXIS2_PLACEMENT_3D('',#5849,#5850,#5851);
#5854=DIRECTION('',(0.E0,-9.072643437821E-1,-4.205608285392E-1));
#5855=VECTOR('',#5854,3.384751378868E-2);
#5856=CARTESIAN_POINT('',(-1.1E-1,3.895248361990E-1,-7.011282787461E-1));
#5857=LINE('',#5856,#5855);
#5858=CARTESIAN_POINT('',(-1.1E-1,4.399921356237E-1,-8.1E-1));
#5859=DIRECTION('',(1.E0,0.E0,0.E0));
#5860=DIRECTION('',(0.E0,7.071067811865E-1,7.071067811865E-1));
#5861=AXIS2_PLACEMENT_3D('',#5858,#5859,#5860);
#5863=DIRECTION('',(0.E0,-7.071067811866E-1,7.071067811865E-1));
#5864=VECTOR('',#5863,4.928932188135E-2);
#5865=CARTESIAN_POINT('',(-1.1E-1,5.596977631085E-1,-7.6E-1));
#5866=LINE('',#5865,#5864);
#5867=DIRECTION('',(1.E0,0.E0,0.E0));
#5868=VECTOR('',#5867,1.8E-1);
#5869=CARTESIAN_POINT('',(-2.9E-1,5.248449493661E-1,7.251471862576E-1));
#5870=LINE('',#5869,#5868);
#5871=CARTESIAN_POINT('',(-2.9E-1,1.996831997875E-1,6.2E-1));
#5872=DIRECTION('',(-1.E0,0.E0,0.E0));
#5873=DIRECTION('',(0.E0,-9.968319978750E-1,7.953595421243E-2));
#5874=AXIS2_PLACEMENT_3D('',#5871,#5872,#5873);
#5876=DIRECTION('',(0.E0,1.E0,0.E0));
#5877=VECTOR('',#5876,1.381049525984E-1);
#5878=CARTESIAN_POINT('',(-2.9E-1,1.996831997875E-1,7.2E-1));
#5879=LINE('',#5878,#5877);
#5880=CARTESIAN_POINT('',(-2.9E-1,3.377881523859E-1,6.7E-1));
#5881=DIRECTION('',(-1.E0,0.E0,0.E0));
#5882=DIRECTION('',(0.E0,0.E0,1.E0));
#5883=AXIS2_PLACEMENT_3D('',#5880,#5881,#5882);
#5885=DIRECTION('',(0.E0,9.072643437821E-1,-4.205608285392E-1));
#5886=VECTOR('',#5885,3.384751378868E-2);
#5887=CARTESIAN_POINT('',(-2.9E-1,3.588161938129E-1,7.153632171891E-1));
#5888=LINE('',#5887,#5886);
#5889=CARTESIAN_POINT('',(-2.9E-1,4.399921356237E-1,8.1E-1));
#5890=DIRECTION('',(1.E0,0.E0,0.E0));
#5891=DIRECTION('',(0.E0,-4.205608285392E-1,-9.072643437821E-1));
#5892=AXIS2_PLACEMENT_3D('',#5889,#5890,#5891);
#5894=DIRECTION('',(0.E0,7.071067811865E-1,7.071067811865E-1));
#5895=VECTOR('',#5894,4.928932188135E-2);
#5896=CARTESIAN_POINT('',(-2.9E-1,5.248449493661E-1,7.251471862576E-1));
#5897=LINE('',#5896,#5895);
#5898=CARTESIAN_POINT('',(-2.9E-1,1.897179320238E-1,4.5E-1));
#5899=DIRECTION('',(-1.E0,0.E0,0.E0));
#5900=DIRECTION('',(0.E0,-9.735295401011E-1,-2.285612271376E-1));
#5901=AXIS2_PLACEMENT_3D('',#5898,#5899,#5900);
#5903=DIRECTION('',(0.E0,-5.913040468104E-2,9.982502668381E-1));
#5904=VECTOR('',#5903,1.667147507266E-1);
#5905=CARTESIAN_POINT('',(-2.9E-1,1.098579106768E-1,4.452695676255E-1));
#5906=LINE('',#5905,#5904);
#5907=DIRECTION('',(0.E0,5.913040468104E-2,9.982502668381E-1));
#5908=VECTOR('',#5907,1.667147507266E-1);
#5909=CARTESIAN_POINT('',(-2.9E-1,1.E-1,-6.116926120242E-1));
#5910=LINE('',#5909,#5908);
#5911=CARTESIAN_POINT('',(-2.9E-1,1.897179320238E-1,-4.5E-1));
#5912=DIRECTION('',(-1.E0,0.E0,0.E0));
#5913=DIRECTION('',(0.E0,-9.982502668381E-1,5.913040468104E-2));
#5914=AXIS2_PLACEMENT_3D('',#5911,#5912,#5913);
#5916=DIRECTION('',(0.E0,8.964864303834E-1,-4.430711908242E-1));
#5917=VECTOR('',#5916,1.346255608959E-1);
#5918=CARTESIAN_POINT('',(-2.9E-1,2.850030229848E-1,-3.7E-1));
#5919=LINE('',#5918,#5917);
#5920=DIRECTION('',(0.E0,4.316134911876E-1,-9.020586423425E-1));
#5921=VECTOR('',#5920,4.473244922714E-2);
#5922=CARTESIAN_POINT('',(-2.9E-1,4.056930115107E-1,-4.296487075815E-1));
#5923=LINE('',#5922,#5921);
#5924=DIRECTION('',(0.E0,1.E0,0.E0));
#5925=VECTOR('',#5924,7.E-2);
#5926=CARTESIAN_POINT('',(-2.9E-1,4.250001400910E-1,-4.7E-1));
#5927=LINE('',#5926,#5925);
#5928=DIRECTION('',(0.E0,4.622841805883E-1,8.867318288963E-1));
#5929=VECTOR('',#5928,9.447228486817E-2);
#5930=CARTESIAN_POINT('',(-2.9E-1,4.950001400910E-1,-4.7E-1));
#5931=LINE('',#5930,#5929);
#5932=CARTESIAN_POINT('',(-2.9E-1,4.5E-1,-3.4E-1));
#5933=DIRECTION('',(1.E0,0.E0,0.E0));
#5934=DIRECTION('',(0.E0,8.867318288963E-1,-4.622841805883E-1));
#5935=AXIS2_PLACEMENT_3D('',#5932,#5933,#5934);
#5937=DIRECTION('',(0.E0,-8.964864303834E-1,4.430711908242E-1));
#5938=VECTOR('',#5937,1.322464050176E-2);
#5939=CARTESIAN_POINT('',(-2.9E-1,4.322771523670E-1,-3.758594572153E-1));
#5940=LINE('',#5939,#5938);
#5941=DIRECTION('',(0.E0,8.964864303834E-1,4.430711908242E-1));
#5942=VECTOR('',#5941,1.322464050176E-2);
#5943=CARTESIAN_POINT('',(-2.9E-1,4.204214416105E-1,3.7E-1));
#5944=LINE('',#5943,#5942);
#5945=CARTESIAN_POINT('',(-2.9E-1,4.5E-1,3.4E-1));
#5946=DIRECTION('',(1.E0,0.E0,0.E0));
#5947=DIRECTION('',(0.E0,9.539392014169E-1,3.E-1));
#5948=AXIS2_PLACEMENT_3D('',#5945,#5946,#5947);
#5950=DIRECTION('',(0.E0,-4.622841805883E-1,8.867318288963E-1));
#5951=VECTOR('',#5950,9.447228486817E-2);
#5952=CARTESIAN_POINT('',(-2.9E-1,5.386731828896E-1,3.862284180588E-1));
#5953=LINE('',#5952,#5951);
#5954=DIRECTION('',(0.E0,-1.E0,0.E0));
#5955=VECTOR('',#5954,7.E-2);
#5956=CARTESIAN_POINT('',(-2.9E-1,4.950001400910E-1,4.7E-1));
#5957=LINE('',#5956,#5955);
#5958=DIRECTION('',(0.E0,-4.316134911876E-1,-9.020586423425E-1));
#5959=VECTOR('',#5958,4.473244922714E-2);
#5960=CARTESIAN_POINT('',(-2.9E-1,4.250001400910E-1,4.7E-1));
#5961=LINE('',#5960,#5959);
#5962=DIRECTION('',(0.E0,-8.964864303834E-1,-4.430711908242E-1));
#5963=VECTOR('',#5962,1.346255608959E-1);
#5964=CARTESIAN_POINT('',(-2.9E-1,4.056930115107E-1,4.296487075815E-1));
#5965=LINE('',#5964,#5963);
#5966=DIRECTION('',(0.E0,-7.071067811866E-1,7.071067811865E-1));
#5967=VECTOR('',#5966,4.928932188135E-2);
#5968=CARTESIAN_POINT('',(-2.9E-1,5.596977631085E-1,-7.6E-1));
#5969=LINE('',#5968,#5967);
#5970=CARTESIAN_POINT('',(-2.9E-1,4.399921356237E-1,-8.1E-1));
#5971=DIRECTION('',(1.E0,0.E0,0.E0));
#5972=DIRECTION('',(0.E0,7.071067811865E-1,7.071067811865E-1));
#5973=AXIS2_PLACEMENT_3D('',#5970,#5971,#5972);
#5975=DIRECTION('',(0.E0,-9.072643437821E-1,-4.205608285392E-1));
#5976=VECTOR('',#5975,3.384751378868E-2);
#5977=CARTESIAN_POINT('',(-2.9E-1,3.895248361990E-1,-7.011282787461E-1));
#5978=LINE('',#5977,#5976);
#5979=CARTESIAN_POINT('',(-2.9E-1,3.377881523859E-1,-6.7E-1));
#5980=DIRECTION('',(-1.E0,0.E0,0.E0));
#5981=DIRECTION('',(0.E0,4.205608285392E-1,-9.072643437821E-1));
#5982=AXIS2_PLACEMENT_3D('',#5979,#5980,#5981);
#5984=DIRECTION('',(0.E0,-1.E0,0.E0));
#5985=VECTOR('',#5984,1.381049525984E-1);
#5986=CARTESIAN_POINT('',(-2.9E-1,3.377881523859E-1,-7.2E-1));
#5987=LINE('',#5986,#5985);
#5988=CARTESIAN_POINT('',(-2.9E-1,1.996831997875E-1,-6.2E-1));
#5989=DIRECTION('',(-1.E0,0.E0,0.E0));
#5990=DIRECTION('',(0.E0,0.E0,-1.E0));
#5991=AXIS2_PLACEMENT_3D('',#5988,#5989,#5990);
#5993=DIRECTION('',(1.E0,0.E0,0.E0));
#5994=VECTOR('',#5993,1.8E-1);
#5995=CARTESIAN_POINT('',(-2.9E-1,1.996831997875E-1,7.2E-1));
#5996=LINE('',#5995,#5994);
#5997=DIRECTION('',(1.E0,0.E0,0.E0));
#5998=VECTOR('',#5997,1.8E-1);
#5999=CARTESIAN_POINT('',(-2.9E-1,3.377881523859E-1,7.2E-1));
#6000=LINE('',#5999,#5998);
#6001=DIRECTION('',(1.E0,0.E0,0.E0));
#6002=VECTOR('',#6001,1.8E-1);
#6003=CARTESIAN_POINT('',(-2.9E-1,3.588161938129E-1,7.153632171891E-1));
#6004=LINE('',#6003,#6002);
#6005=DIRECTION('',(1.E0,0.E0,0.E0));
#6006=VECTOR('',#6005,1.8E-1);
#6007=CARTESIAN_POINT('',(-2.9E-1,3.895248361990E-1,7.011282787461E-1));
#6008=LINE('',#6007,#6006);
#6009=DIRECTION('',(1.E0,0.E0,0.E0));
#6010=VECTOR('',#6009,1.8E-1);
#6011=CARTESIAN_POINT('',(-2.9E-1,1.098579106768E-1,4.452695676255E-1));
#6012=LINE('',#6011,#6010);
#6013=DIRECTION('',(1.E0,0.E0,0.E0));
#6014=VECTOR('',#6013,1.8E-1);
#6015=CARTESIAN_POINT('',(-2.9E-1,1.098579106768E-1,-4.452695676255E-1));
#6016=LINE('',#6015,#6014);
#6017=DIRECTION('',(1.E0,0.E0,0.E0));
#6018=VECTOR('',#6017,1.8E-1);
#6019=CARTESIAN_POINT('',(-2.9E-1,4.056930115107E-1,-4.296487075815E-1));
#6020=LINE('',#6019,#6018);
#6021=DIRECTION('',(1.E0,0.E0,0.E0));
#6022=VECTOR('',#6021,1.8E-1);
#6023=CARTESIAN_POINT('',(-2.9E-1,4.250001400910E-1,-4.7E-1));
#6024=LINE('',#6023,#6022);
#6025=DIRECTION('',(1.E0,0.E0,0.E0));
#6026=VECTOR('',#6025,1.8E-1);
#6027=CARTESIAN_POINT('',(-2.9E-1,4.950001400910E-1,-4.7E-1));
#6028=LINE('',#6027,#6026);
#6029=DIRECTION('',(1.E0,0.E0,0.E0));
#6030=VECTOR('',#6029,1.8E-1);
#6031=CARTESIAN_POINT('',(-2.9E-1,5.386731828896E-1,-3.862284180588E-1));
#6032=LINE('',#6031,#6030);
#6033=CARTESIAN_POINT('',(-1.1E-1,4.5E-1,-3.4E-1));
#6034=DIRECTION('',(-1.E0,0.E0,0.E0));
#6035=DIRECTION('',(0.E0,6.614378277661E-1,-7.5E-1));
#6036=AXIS2_PLACEMENT_3D('',#6033,#6034,#6035);
#6038=CARTESIAN_POINT('',(-2.9E-1,4.5E-1,-3.4E-1));
#6039=DIRECTION('',(1.E0,0.E0,0.E0));
#6040=DIRECTION('',(0.E0,-4.430711908242E-1,-8.964864303834E-1));
#6041=AXIS2_PLACEMENT_3D('',#6038,#6039,#6040);
#6043=DIRECTION('',(1.E0,0.E0,0.E0));
#6044=VECTOR('',#6043,1.8E-1);
#6045=CARTESIAN_POINT('',(-2.9E-1,4.322771523670E-1,-3.758594572153E-1));
#6046=LINE('',#6045,#6044);
#6047=CARTESIAN_POINT('',(-1.1E-1,4.5E-1,3.4E-1));
#6048=DIRECTION('',(-1.E0,0.E0,0.E0));
#6049=DIRECTION('',(0.E0,-4.430711908242E-1,8.964864303834E-1));
#6050=AXIS2_PLACEMENT_3D('',#6047,#6048,#6049);
#6052=CARTESIAN_POINT('',(-2.9E-1,4.5E-1,3.4E-1));
#6053=DIRECTION('',(1.E0,0.E0,0.E0));
#6054=DIRECTION('',(0.E0,6.614378277661E-1,7.5E-1));
#6055=AXIS2_PLACEMENT_3D('',#6052,#6053,#6054);
#6057=DIRECTION('',(1.E0,0.E0,0.E0));
#6058=VECTOR('',#6057,1.8E-1);
#6059=CARTESIAN_POINT('',(-2.9E-1,4.322771523670E-1,3.758594572153E-1));
#6060=LINE('',#6059,#6058);
#6061=DIRECTION('',(1.E0,0.E0,0.E0));
#6062=VECTOR('',#6061,1.8E-1);
#6063=CARTESIAN_POINT('',(-2.9E-1,5.386731828896E-1,3.862284180588E-1));
#6064=LINE('',#6063,#6062);
#6065=DIRECTION('',(1.E0,0.E0,0.E0));
#6066=VECTOR('',#6065,1.8E-1);
#6067=CARTESIAN_POINT('',(-2.9E-1,4.950001400910E-1,4.7E-1));
#6068=LINE('',#6067,#6066);
#6069=DIRECTION('',(1.E0,0.E0,0.E0));
#6070=VECTOR('',#6069,1.8E-1);
#6071=CARTESIAN_POINT('',(-2.9E-1,4.250001400910E-1,4.7E-1));
#6072=LINE('',#6071,#6070);
#6073=DIRECTION('',(1.E0,0.E0,0.E0));
#6074=VECTOR('',#6073,1.8E-1);
#6075=CARTESIAN_POINT('',(-2.9E-1,4.056930115107E-1,4.296487075815E-1));
#6076=LINE('',#6075,#6074);
#6077=DIRECTION('',(1.E0,0.E0,0.E0));
#6078=VECTOR('',#6077,1.8E-1);
#6079=CARTESIAN_POINT('',(-2.9E-1,5.248449493661E-1,-7.251471862576E-1));
#6080=LINE('',#6079,#6078);
#6081=DIRECTION('',(1.E0,0.E0,0.E0));
#6082=VECTOR('',#6081,1.8E-1);
#6083=CARTESIAN_POINT('',(-2.9E-1,3.895248361990E-1,-7.011282787461E-1));
#6084=LINE('',#6083,#6082);
#6085=DIRECTION('',(1.E0,0.E0,0.E0));
#6086=VECTOR('',#6085,1.8E-1);
#6087=CARTESIAN_POINT('',(-2.9E-1,3.588161938129E-1,-7.153632171891E-1));
#6088=LINE('',#6087,#6086);
#6089=DIRECTION('',(1.E0,0.E0,0.E0));
#6090=VECTOR('',#6089,1.8E-1);
#6091=CARTESIAN_POINT('',(-2.9E-1,3.377881523859E-1,-7.2E-1));
#6092=LINE('',#6091,#6090);
#6093=DIRECTION('',(1.E0,0.E0,0.E0));
#6094=VECTOR('',#6093,1.8E-1);
#6095=CARTESIAN_POINT('',(-2.9E-1,1.996831997875E-1,-7.2E-1));
#6096=LINE('',#6095,#6094);
#6097=DIRECTION('',(1.E0,0.E0,0.E0));
#6098=VECTOR('',#6097,1.8E-1);
#6099=CARTESIAN_POINT('',(-6.9E-1,5.248449493661E-1,-7.251471862576E-1));
#6100=LINE('',#6099,#6098);
#6101=DIRECTION('',(1.E0,0.E0,0.E0));
#6102=VECTOR('',#6101,1.8E-1);
#6103=CARTESIAN_POINT('',(-6.9E-1,3.895248361990E-1,-7.011282787461E-1));
#6104=LINE('',#6103,#6102);
#6105=DIRECTION('',(1.E0,0.E0,0.E0));
#6106=VECTOR('',#6105,1.8E-1);
#6107=CARTESIAN_POINT('',(-6.9E-1,3.588161938129E-1,-7.153632171891E-1));
#6108=LINE('',#6107,#6106);
#6109=DIRECTION('',(1.E0,0.E0,0.E0));
#6110=VECTOR('',#6109,1.8E-1);
#6111=CARTESIAN_POINT('',(-6.9E-1,3.377881523859E-1,-7.2E-1));
#6112=LINE('',#6111,#6110);
#6113=DIRECTION('',(1.E0,0.E0,0.E0));
#6114=VECTOR('',#6113,1.8E-1);
#6115=CARTESIAN_POINT('',(-6.9E-1,1.996831997875E-1,-7.2E-1));
#6116=LINE('',#6115,#6114);
#6117=DIRECTION('',(1.E0,0.E0,0.E0));
#6118=VECTOR('',#6117,1.8E-1);
#6119=CARTESIAN_POINT('',(-1.09E0,5.248449493661E-1,-7.251471862576E-1));
#6120=LINE('',#6119,#6118);
#6121=DIRECTION('',(1.E0,0.E0,0.E0));
#6122=VECTOR('',#6121,1.8E-1);
#6123=CARTESIAN_POINT('',(-1.09E0,3.895248361990E-1,-7.011282787461E-1));
#6124=LINE('',#6123,#6122);
#6125=DIRECTION('',(1.E0,0.E0,0.E0));
#6126=VECTOR('',#6125,1.8E-1);
#6127=CARTESIAN_POINT('',(-1.09E0,3.588161938129E-1,-7.153632171891E-1));
#6128=LINE('',#6127,#6126);
#6129=DIRECTION('',(1.E0,0.E0,0.E0));
#6130=VECTOR('',#6129,1.8E-1);
#6131=CARTESIAN_POINT('',(-1.09E0,3.377881523859E-1,-7.2E-1));
#6132=LINE('',#6131,#6130);
#6133=DIRECTION('',(1.E0,0.E0,0.E0));
#6134=VECTOR('',#6133,1.8E-1);
#6135=CARTESIAN_POINT('',(-1.09E0,1.996831997875E-1,-7.2E-1));
#6136=LINE('',#6135,#6134);
#6137=DIRECTION('',(1.E0,0.E0,0.E0));
#6138=VECTOR('',#6137,1.8E-1);
#6139=CARTESIAN_POINT('',(-1.49E0,5.248449493661E-1,-7.251471862576E-1));
#6140=LINE('',#6139,#6138);
#6141=DIRECTION('',(1.E0,0.E0,0.E0));
#6142=VECTOR('',#6141,1.8E-1);
#6143=CARTESIAN_POINT('',(-1.49E0,3.895248361990E-1,-7.011282787461E-1));
#6144=LINE('',#6143,#6142);
#6145=DIRECTION('',(1.E0,0.E0,0.E0));
#6146=VECTOR('',#6145,1.8E-1);
#6147=CARTESIAN_POINT('',(-1.49E0,3.588161938129E-1,-7.153632171891E-1));
#6148=LINE('',#6147,#6146);
#6149=DIRECTION('',(1.E0,0.E0,0.E0));
#6150=VECTOR('',#6149,1.8E-1);
#6151=CARTESIAN_POINT('',(-1.49E0,3.377881523859E-1,-7.2E-1));
#6152=LINE('',#6151,#6150);
#6153=DIRECTION('',(1.E0,0.E0,0.E0));
#6154=VECTOR('',#6153,1.8E-1);
#6155=CARTESIAN_POINT('',(-1.49E0,1.996831997875E-1,-7.2E-1));
#6156=LINE('',#6155,#6154);
#6157=DIRECTION('',(1.E0,0.E0,0.E0));
#6158=VECTOR('',#6157,1.8E-1);
#6159=CARTESIAN_POINT('',(-6.9E-1,4.056930115107E-1,4.296487075815E-1));
#6160=LINE('',#6159,#6158);
#6161=DIRECTION('',(1.E0,0.E0,0.E0));
#6162=VECTOR('',#6161,1.8E-1);
#6163=CARTESIAN_POINT('',(-6.9E-1,4.250001400910E-1,4.7E-1));
#6164=LINE('',#6163,#6162);
#6165=DIRECTION('',(1.E0,0.E0,0.E0));
#6166=VECTOR('',#6165,1.8E-1);
#6167=CARTESIAN_POINT('',(-6.9E-1,4.950001400910E-1,4.7E-1));
#6168=LINE('',#6167,#6166);
#6169=DIRECTION('',(1.E0,0.E0,0.E0));
#6170=VECTOR('',#6169,1.8E-1);
#6171=CARTESIAN_POINT('',(-6.9E-1,5.386731828896E-1,3.862284180588E-1));
#6172=LINE('',#6171,#6170);
#6173=CARTESIAN_POINT('',(-5.1E-1,4.5E-1,3.4E-1));
#6174=DIRECTION('',(-1.E0,0.E0,0.E0));
#6175=DIRECTION('',(0.E0,-4.430711908242E-1,8.964864303834E-1));
#6176=AXIS2_PLACEMENT_3D('',#6173,#6174,#6175);
#6178=CARTESIAN_POINT('',(-6.9E-1,4.5E-1,3.4E-1));
#6179=DIRECTION('',(1.E0,0.E0,0.E0));
#6180=DIRECTION('',(0.E0,6.614378277661E-1,7.5E-1));
#6181=AXIS2_PLACEMENT_3D('',#6178,#6179,#6180);
#6183=DIRECTION('',(1.E0,0.E0,0.E0));
#6184=VECTOR('',#6183,1.8E-1);
#6185=CARTESIAN_POINT('',(-6.9E-1,4.322771523670E-1,3.758594572153E-1));
#6186=LINE('',#6185,#6184);
#6187=DIRECTION('',(1.E0,0.E0,0.E0));
#6188=VECTOR('',#6187,1.8E-1);
#6189=CARTESIAN_POINT('',(-1.09E0,4.056930115107E-1,4.296487075815E-1));
#6190=LINE('',#6189,#6188);
#6191=DIRECTION('',(1.E0,0.E0,0.E0));
#6192=VECTOR('',#6191,1.8E-1);
#6193=CARTESIAN_POINT('',(-1.09E0,4.250001400910E-1,4.7E-1));
#6194=LINE('',#6193,#6192);
#6195=DIRECTION('',(1.E0,0.E0,0.E0));
#6196=VECTOR('',#6195,1.8E-1);
#6197=CARTESIAN_POINT('',(-1.09E0,4.950001400910E-1,4.7E-1));
#6198=LINE('',#6197,#6196);
#6199=DIRECTION('',(1.E0,0.E0,0.E0));
#6200=VECTOR('',#6199,1.8E-1);
#6201=CARTESIAN_POINT('',(-1.09E0,5.386731828896E-1,3.862284180588E-1));
#6202=LINE('',#6201,#6200);
#6203=CARTESIAN_POINT('',(-9.1E-1,4.5E-1,3.4E-1));
#6204=DIRECTION('',(-1.E0,0.E0,0.E0));
#6205=DIRECTION('',(0.E0,-4.430711908242E-1,8.964864303834E-1));
#6206=AXIS2_PLACEMENT_3D('',#6203,#6204,#6205);
#6208=CARTESIAN_POINT('',(-1.09E0,4.5E-1,3.4E-1));
#6209=DIRECTION('',(1.E0,0.E0,0.E0));
#6210=DIRECTION('',(0.E0,6.614378277661E-1,7.5E-1));
#6211=AXIS2_PLACEMENT_3D('',#6208,#6209,#6210);
#6213=DIRECTION('',(1.E0,0.E0,0.E0));
#6214=VECTOR('',#6213,1.8E-1);
#6215=CARTESIAN_POINT('',(-1.09E0,4.322771523670E-1,3.758594572153E-1));
#6216=LINE('',#6215,#6214);
#6217=DIRECTION('',(1.E0,0.E0,0.E0));
#6218=VECTOR('',#6217,1.8E-1);
#6219=CARTESIAN_POINT('',(-1.49E0,4.056930115107E-1,4.296487075815E-1));
#6220=LINE('',#6219,#6218);
#6221=DIRECTION('',(1.E0,0.E0,0.E0));
#6222=VECTOR('',#6221,1.8E-1);
#6223=CARTESIAN_POINT('',(-1.49E0,4.250001400910E-1,4.7E-1));
#6224=LINE('',#6223,#6222);
#6225=DIRECTION('',(1.E0,0.E0,0.E0));
#6226=VECTOR('',#6225,1.8E-1);
#6227=CARTESIAN_POINT('',(-1.49E0,4.950001400910E-1,4.7E-1));
#6228=LINE('',#6227,#6226);
#6229=DIRECTION('',(1.E0,0.E0,0.E0));
#6230=VECTOR('',#6229,1.8E-1);
#6231=CARTESIAN_POINT('',(-1.49E0,5.386731828896E-1,3.862284180588E-1));
#6232=LINE('',#6231,#6230);
#6233=CARTESIAN_POINT('',(-1.31E0,4.5E-1,3.4E-1));
#6234=DIRECTION('',(-1.E0,0.E0,0.E0));
#6235=DIRECTION('',(0.E0,-4.430711908242E-1,8.964864303834E-1));
#6236=AXIS2_PLACEMENT_3D('',#6233,#6234,#6235);
#6238=CARTESIAN_POINT('',(-1.49E0,4.5E-1,3.4E-1));
#6239=DIRECTION('',(1.E0,0.E0,0.E0));
#6240=DIRECTION('',(0.E0,6.614378277661E-1,7.5E-1));
#6241=AXIS2_PLACEMENT_3D('',#6238,#6239,#6240);
#6243=DIRECTION('',(1.E0,0.E0,0.E0));
#6244=VECTOR('',#6243,1.8E-1);
#6245=CARTESIAN_POINT('',(-1.49E0,4.322771523670E-1,3.758594572153E-1));
#6246=LINE('',#6245,#6244);
#6247=DIRECTION('',(1.E0,0.E0,0.E0));
#6248=VECTOR('',#6247,1.8E-1);
#6249=CARTESIAN_POINT('',(-6.9E-1,4.322771523670E-1,-3.758594572153E-1));
#6250=LINE('',#6249,#6248);
#6251=CARTESIAN_POINT('',(-5.1E-1,4.5E-1,-3.4E-1));
#6252=DIRECTION('',(-1.E0,0.E0,0.E0));
#6253=DIRECTION('',(0.E0,6.614378277661E-1,-7.5E-1));
#6254=AXIS2_PLACEMENT_3D('',#6251,#6252,#6253);
#6256=CARTESIAN_POINT('',(-6.9E-1,4.5E-1,-3.4E-1));
#6257=DIRECTION('',(1.E0,0.E0,0.E0));
#6258=DIRECTION('',(0.E0,-4.430711908242E-1,-8.964864303834E-1));
#6259=AXIS2_PLACEMENT_3D('',#6256,#6257,#6258);
#6261=DIRECTION('',(1.E0,0.E0,0.E0));
#6262=VECTOR('',#6261,1.8E-1);
#6263=CARTESIAN_POINT('',(-6.9E-1,4.056930115107E-1,-4.296487075815E-1));
#6264=LINE('',#6263,#6262);
#6265=DIRECTION('',(1.E0,0.E0,0.E0));
#6266=VECTOR('',#6265,1.8E-1);
#6267=CARTESIAN_POINT('',(-6.9E-1,4.250001400910E-1,-4.7E-1));
#6268=LINE('',#6267,#6266);
#6269=DIRECTION('',(1.E0,0.E0,0.E0));
#6270=VECTOR('',#6269,1.8E-1);
#6271=CARTESIAN_POINT('',(-6.9E-1,4.950001400910E-1,-4.7E-1));
#6272=LINE('',#6271,#6270);
#6273=DIRECTION('',(1.E0,0.E0,0.E0));
#6274=VECTOR('',#6273,1.8E-1);
#6275=CARTESIAN_POINT('',(-6.9E-1,5.386731828896E-1,-3.862284180588E-1));
#6276=LINE('',#6275,#6274);
#6277=DIRECTION('',(1.E0,0.E0,0.E0));
#6278=VECTOR('',#6277,1.8E-1);
#6279=CARTESIAN_POINT('',(-1.09E0,4.322771523670E-1,-3.758594572153E-1));
#6280=LINE('',#6279,#6278);
#6281=CARTESIAN_POINT('',(-9.1E-1,4.5E-1,-3.4E-1));
#6282=DIRECTION('',(-1.E0,0.E0,0.E0));
#6283=DIRECTION('',(0.E0,6.614378277661E-1,-7.5E-1));
#6284=AXIS2_PLACEMENT_3D('',#6281,#6282,#6283);
#6286=CARTESIAN_POINT('',(-1.09E0,4.5E-1,-3.4E-1));
#6287=DIRECTION('',(1.E0,0.E0,0.E0));
#6288=DIRECTION('',(0.E0,-4.430711908242E-1,-8.964864303834E-1));
#6289=AXIS2_PLACEMENT_3D('',#6286,#6287,#6288);
#6291=DIRECTION('',(1.E0,0.E0,0.E0));
#6292=VECTOR('',#6291,1.8E-1);
#6293=CARTESIAN_POINT('',(-1.09E0,4.056930115107E-1,-4.296487075815E-1));
#6294=LINE('',#6293,#6292);
#6295=DIRECTION('',(1.E0,0.E0,0.E0));
#6296=VECTOR('',#6295,1.8E-1);
#6297=CARTESIAN_POINT('',(-1.09E0,4.250001400910E-1,-4.7E-1));
#6298=LINE('',#6297,#6296);
#6299=DIRECTION('',(1.E0,0.E0,0.E0));
#6300=VECTOR('',#6299,1.8E-1);
#6301=CARTESIAN_POINT('',(-1.09E0,4.950001400910E-1,-4.7E-1));
#6302=LINE('',#6301,#6300);
#6303=DIRECTION('',(1.E0,0.E0,0.E0));
#6304=VECTOR('',#6303,1.8E-1);
#6305=CARTESIAN_POINT('',(-1.09E0,5.386731828896E-1,-3.862284180588E-1));
#6306=LINE('',#6305,#6304);
#6307=DIRECTION('',(1.E0,0.E0,0.E0));
#6308=VECTOR('',#6307,1.8E-1);
#6309=CARTESIAN_POINT('',(-1.49E0,4.322771523670E-1,-3.758594572153E-1));
#6310=LINE('',#6309,#6308);
#6311=CARTESIAN_POINT('',(-1.31E0,4.5E-1,-3.4E-1));
#6312=DIRECTION('',(-1.E0,0.E0,0.E0));
#6313=DIRECTION('',(0.E0,6.614378277661E-1,-7.5E-1));
#6314=AXIS2_PLACEMENT_3D('',#6311,#6312,#6313);
#6316=CARTESIAN_POINT('',(-1.49E0,4.5E-1,-3.4E-1));
#6317=DIRECTION('',(1.E0,0.E0,0.E0));
#6318=DIRECTION('',(0.E0,-4.430711908242E-1,-8.964864303834E-1));
#6319=AXIS2_PLACEMENT_3D('',#6316,#6317,#6318);
#6321=DIRECTION('',(1.E0,0.E0,0.E0));
#6322=VECTOR('',#6321,1.8E-1);
#6323=CARTESIAN_POINT('',(-1.49E0,4.056930115107E-1,-4.296487075815E-1));
#6324=LINE('',#6323,#6322);
#6325=DIRECTION('',(1.E0,0.E0,0.E0));
#6326=VECTOR('',#6325,1.8E-1);
#6327=CARTESIAN_POINT('',(-1.49E0,4.250001400910E-1,-4.7E-1));
#6328=LINE('',#6327,#6326);
#6329=DIRECTION('',(1.E0,0.E0,0.E0));
#6330=VECTOR('',#6329,1.8E-1);
#6331=CARTESIAN_POINT('',(-1.49E0,4.950001400910E-1,-4.7E-1));
#6332=LINE('',#6331,#6330);
#6333=DIRECTION('',(1.E0,0.E0,0.E0));
#6334=VECTOR('',#6333,1.8E-1);
#6335=CARTESIAN_POINT('',(-1.49E0,5.386731828896E-1,-3.862284180588E-1));
#6336=LINE('',#6335,#6334);
#6337=DIRECTION('',(1.E0,0.E0,0.E0));
#6338=VECTOR('',#6337,1.8E-1);
#6339=CARTESIAN_POINT('',(-1.49E0,1.098579106768E-1,4.452695676255E-1));
#6340=LINE('',#6339,#6338);
#6341=DIRECTION('',(0.E0,0.E0,1.E0));
#6342=VECTOR('',#6341,1.67E0);
#6343=CARTESIAN_POINT('',(2.355E0,4.8E-1,-8.35E-1));
#6344=LINE('',#6343,#6342);
#6345=DIRECTION('',(0.E0,-1.E0,0.E0));
#6346=VECTOR('',#6345,3.8E-1);
#6347=CARTESIAN_POINT('',(2.355E0,4.8E-1,8.35E-1));
#6348=LINE('',#6347,#6346);
#6349=DIRECTION('',(0.E0,0.E0,-1.E0));
#6350=VECTOR('',#6349,1.67E0);
#6351=CARTESIAN_POINT('',(2.355E0,1.E-1,8.35E-1));
#6352=LINE('',#6351,#6350);
#6353=DIRECTION('',(1.E0,0.E0,0.E0));
#6354=VECTOR('',#6353,4.3E-1);
#6355=CARTESIAN_POINT('',(1.655E0,5.5E-1,8.35E-1));
#6356=LINE('',#6355,#6354);
#6357=DIRECTION('',(0.E0,-1.E0,0.E0));
#6358=VECTOR('',#6357,4.5E-1);
#6359=CARTESIAN_POINT('',(1.655E0,5.5E-1,8.35E-1));
#6360=LINE('',#6359,#6358);
#6361=DIRECTION('',(-1.E0,0.E0,0.E0));
#6362=VECTOR('',#6361,2.E-1);
#6363=CARTESIAN_POINT('',(2.355E0,4.8E-1,8.35E-1));
#6364=LINE('',#6363,#6362);
#6365=DIRECTION('',(7.071067811865E-1,-7.071067811866E-1,0.E0));
#6366=VECTOR('',#6365,9.899494936612E-2);
#6367=CARTESIAN_POINT('',(2.085E0,5.5E-1,8.35E-1));
#6368=LINE('',#6367,#6366);
#6369=DIRECTION('',(-1.E0,0.E0,0.E0));
#6370=VECTOR('',#6369,4.3E-1);
#6371=CARTESIAN_POINT('',(2.085E0,5.5E-1,9.22E-1));
#6372=LINE('',#6371,#6370);
#6373=DIRECTION('',(0.E0,0.E0,-1.E0));
#6374=VECTOR('',#6373,8.7E-2);
#6375=CARTESIAN_POINT('',(1.655E0,5.5E-1,9.22E-1));
#6376=LINE('',#6375,#6374);
#6377=DIRECTION('',(0.E0,-9.284766908853E-1,3.713906763541E-1));
#6378=VECTOR('',#6377,1.077032961427E-1);
#6379=CARTESIAN_POINT('',(2.43E0,4.8E-1,9.5E-1));
#6380=LINE('',#6379,#6378);
#6381=DIRECTION('',(-1.E0,0.E0,0.E0));
#6382=VECTOR('',#6381,5.8E-1);
#6383=CARTESIAN_POINT('',(2.43E0,3.8E-1,9.9E-1));
#6384=LINE('',#6383,#6382);
#6385=DIRECTION('',(0.E0,9.284766908853E-1,-3.713906763541E-1));
#6386=VECTOR('',#6385,1.077032961427E-1);
#6387=CARTESIAN_POINT('',(1.85E0,3.8E-1,9.9E-1));
#6388=LINE('',#6387,#6386);
#6389=DIRECTION('',(-1.E0,0.E0,0.E0));
#6390=VECTOR('',#6389,1.25E-1);
#6391=CARTESIAN_POINT('',(1.85E0,4.8E-1,9.5E-1));
#6392=LINE('',#6391,#6390);
#6393=DIRECTION('',(-6.804138174398E-1,6.804138174398E-1,-2.721655269759E-1));
#6394=VECTOR('',#6393,1.028785691969E-1);
#6395=CARTESIAN_POINT('',(1.725E0,4.8E-1,9.5E-1));
#6396=LINE('',#6395,#6394);
#6397=DIRECTION('',(6.804138174398E-1,-6.804138174398E-1,2.721655269759E-1));
#6398=VECTOR('',#6397,1.028785691969E-1);
#6399=CARTESIAN_POINT('',(2.085E0,5.5E-1,9.22E-1));
#6400=LINE('',#6399,#6398);
#6401=DIRECTION('',(0.E0,0.E0,-1.E0));
#6402=VECTOR('',#6401,8.7E-2);
#6403=CARTESIAN_POINT('',(2.085E0,5.5E-1,9.22E-1));
#6404=LINE('',#6403,#6402);
#6405=DIRECTION('',(0.E0,1.E0,0.E0));
#6406=VECTOR('',#6405,2.4E-1);
#6407=CARTESIAN_POINT('',(2.43E0,2.4E-1,1.1E0));
#6408=LINE('',#6407,#6406);
#6409=DIRECTION('',(-4.440892098501E-14,0.E0,1.E0));
#6410=VECTOR('',#6409,1.E-2);
#6411=CARTESIAN_POINT('',(2.43E0,4.8E-1,1.1E0));
#6412=LINE('',#6411,#6410);
#6413=DIRECTION('',(0.E0,-1.E0,0.E0));
#6414=VECTOR('',#6413,2.6E-1);
#6415=CARTESIAN_POINT('',(2.43E0,4.8E-1,1.11E0));
#6416=LINE('',#6415,#6414);
#6417=DIRECTION('',(0.E0,0.E0,1.E0));
#6418=VECTOR('',#6417,5.E-2);
#6419=CARTESIAN_POINT('',(2.43E0,4.8E-1,9.5E-1));
#6420=LINE('',#6419,#6418);
#6421=DIRECTION('',(0.E0,1.E0,0.E0));
#6422=VECTOR('',#6421,2.4E-1);
#6423=CARTESIAN_POINT('',(2.43E0,2.4E-1,1.E0));
#6424=LINE('',#6423,#6422);
#6425=DIRECTION('',(0.E0,0.E0,1.E0));
#6426=VECTOR('',#6425,1.E-1);
#6427=CARTESIAN_POINT('',(2.43E0,2.4E-1,1.E0));
#6428=LINE('',#6427,#6426);
#6429=DIRECTION('',(0.E0,-1.E0,0.E0));
#6430=VECTOR('',#6429,1.1E-1);
#6431=CARTESIAN_POINT('',(2.295E0,2.4E-1,1.1E0));
#6432=LINE('',#6431,#6430);
#6433=DIRECTION('',(1.E0,0.E0,0.E0));
#6434=VECTOR('',#6433,1.45E-1);
#6435=CARTESIAN_POINT('',(1.85E0,2.4E-1,1.1E0));
#6436=LINE('',#6435,#6434);
#6437=DIRECTION('',(-1.E0,0.E0,0.E0));
#6438=VECTOR('',#6437,2.7E-1);
#6439=CARTESIAN_POINT('',(2.12E0,4.5E-1,1.1E0));
#6440=LINE('',#6439,#6438);
#6441=DIRECTION('',(-2.220446049250E-14,1.E0,-1.110223024625E-14));
#6442=VECTOR('',#6441,2.E-2);
#6443=CARTESIAN_POINT('',(2.43E0,4.8E-1,1.1E0));
#6444=LINE('',#6443,#6442);
#6445=DIRECTION('',(1.E0,0.E0,0.E0));
#6446=VECTOR('',#6445,1.35E-1);
#6447=CARTESIAN_POINT('',(2.295E0,2.4E-1,1.1E0));
#6448=LINE('',#6447,#6446);
#6449=DIRECTION('',(0.E0,0.E0,1.E0));
#6450=VECTOR('',#6449,1.E-1);
#6451=CARTESIAN_POINT('',(2.295E0,2.4E-1,-1.1E0));
#6452=LINE('',#6451,#6450);
#6453=CARTESIAN_POINT('',(2.295E0,1.3E-1,-1.15E0));
#6454=DIRECTION('',(-1.E0,0.E0,0.E0));
#6455=DIRECTION('',(0.E0,-1.E0,0.E0));
#6456=AXIS2_PLACEMENT_3D('',#6453,#6454,#6455);
#6458=DIRECTION('',(0.E0,0.E0,1.E0));
#6459=VECTOR('',#6458,1.E-1);
#6460=CARTESIAN_POINT('',(2.295E0,8.E-2,-1.25E0));
#6461=LINE('',#6460,#6459);
#6462=DIRECTION('',(0.E0,1.E0,0.E0));
#6463=VECTOR('',#6462,1.E-1);
#6464=CARTESIAN_POINT('',(2.295E0,-2.E-2,-1.25E0));
#6465=LINE('',#6464,#6463);
#6466=DIRECTION('',(0.E0,0.E0,-1.E0));
#6467=VECTOR('',#6466,1.E-1);
#6468=CARTESIAN_POINT('',(2.295E0,-2.E-2,-1.15E0));
#6469=LINE('',#6468,#6467);
#6470=CARTESIAN_POINT('',(2.295E0,1.3E-1,-1.15E0));
#6471=DIRECTION('',(1.E0,0.E0,0.E0));
#6472=DIRECTION('',(0.E0,0.E0,1.E0));
#6473=AXIS2_PLACEMENT_3D('',#6470,#6471,#6472);
#6475=CARTESIAN_POINT('',(2.295E0,1.3E-1,1.15E0));
#6476=DIRECTION('',(1.E0,0.E0,0.E0));
#6477=DIRECTION('',(0.E0,-1.E0,0.E0));
#6478=AXIS2_PLACEMENT_3D('',#6475,#6476,#6477);
#6480=DIRECTION('',(0.E0,0.E0,-1.E0));
#6481=VECTOR('',#6480,1.E-1);
#6482=CARTESIAN_POINT('',(2.295E0,-2.E-2,1.25E0));
#6483=LINE('',#6482,#6481);
#6484=DIRECTION('',(0.E0,-1.E0,0.E0));
#6485=VECTOR('',#6484,1.E-1);
#6486=CARTESIAN_POINT('',(2.295E0,8.E-2,1.25E0));
#6487=LINE('',#6486,#6485);
#6488=DIRECTION('',(0.E0,0.E0,1.E0));
#6489=VECTOR('',#6488,1.E-1);
#6490=CARTESIAN_POINT('',(2.295E0,8.E-2,1.15E0));
#6491=LINE('',#6490,#6489);
#6492=CARTESIAN_POINT('',(2.295E0,1.3E-1,1.15E0));
#6493=DIRECTION('',(-1.E0,0.E0,0.E0));
#6494=DIRECTION('',(0.E0,0.E0,-1.E0));
#6495=AXIS2_PLACEMENT_3D('',#6492,#6493,#6494);
#6497=DIRECTION('',(0.E0,-1.E0,0.E0));
#6498=VECTOR('',#6497,1.1E-1);
#6499=CARTESIAN_POINT('',(2.295E0,2.4E-1,-1.E0));
#6500=LINE('',#6499,#6498);
#6501=DIRECTION('',(-1.E0,0.E0,0.E0));
#6502=VECTOR('',#6501,1.45E-1);
#6503=CARTESIAN_POINT('',(1.995E0,2.4E-1,-1.E0));
#6504=LINE('',#6503,#6502);
#6505=DIRECTION('',(1.E0,0.E0,0.E0));
#6506=VECTOR('',#6505,2.7E-1);
#6507=CARTESIAN_POINT('',(1.85E0,4.5E-1,-1.E0));
#6508=LINE('',#6507,#6506);
#6509=DIRECTION('',(0.E0,1.E0,0.E0));
#6510=VECTOR('',#6509,5.E-2);
#6511=CARTESIAN_POINT('',(2.12E0,4.5E-1,-1.E0));
#6512=LINE('',#6511,#6510);
#6513=DIRECTION('',(2.220446049250E-14,-1.E0,0.E0));
#6514=VECTOR('',#6513,2.E-2);
#6515=CARTESIAN_POINT('',(2.43E0,5.E-1,-1.E0));
#6516=LINE('',#6515,#6514);
#6517=DIRECTION('',(-1.E0,0.E0,0.E0));
#6518=VECTOR('',#6517,1.35E-1);
#6519=CARTESIAN_POINT('',(2.43E0,2.4E-1,-1.E0));
#6520=LINE('',#6519,#6518);
#6521=DIRECTION('',(-1.E0,0.E0,0.E0));
#6522=VECTOR('',#6521,3.E-1);
#6523=CARTESIAN_POINT('',(2.295E0,1.3E-1,-1.E0));
#6524=LINE('',#6523,#6522);
#6525=DIRECTION('',(-1.E0,0.E0,0.E0));
#6526=VECTOR('',#6525,3.E-1);
#6527=CARTESIAN_POINT('',(2.295E0,-2.E-2,-1.15E0));
#6528=LINE('',#6527,#6526);
#6529=DIRECTION('',(-1.E0,0.E0,0.E0));
#6530=VECTOR('',#6529,3.E-1);
#6531=CARTESIAN_POINT('',(2.295E0,-2.E-2,-1.25E0));
#6532=LINE('',#6531,#6530);
#6533=DIRECTION('',(-1.E0,0.E0,0.E0));
#6534=VECTOR('',#6533,3.E-1);
#6535=CARTESIAN_POINT('',(2.295E0,8.E-2,-1.25E0));
#6536=LINE('',#6535,#6534);
#6537=DIRECTION('',(-1.E0,0.E0,0.E0));
#6538=VECTOR('',#6537,3.E-1);
#6539=CARTESIAN_POINT('',(2.295E0,8.E-2,-1.15E0));
#6540=LINE('',#6539,#6538);
#6541=DIRECTION('',(0.E0,0.E0,1.E0));
#6542=VECTOR('',#6541,1.E-1);
#6543=CARTESIAN_POINT('',(2.12E0,4.5E-1,-1.1E0));
#6544=LINE('',#6543,#6542);
#6545=DIRECTION('',(0.E0,1.E0,0.E0));
#6546=VECTOR('',#6545,1.5E-1);
#6547=CARTESIAN_POINT('',(2.12E0,4.5E-1,-1.1E0));
#6548=LINE('',#6547,#6546);
#6549=DIRECTION('',(0.E0,1.E0,0.E0));
#6550=VECTOR('',#6549,1.E-1);
#6551=CARTESIAN_POINT('',(2.12E0,5.E-1,-1.E0));
#6552=LINE('',#6551,#6550);
#6553=DIRECTION('',(1.E0,0.E0,0.E0));
#6554=VECTOR('',#6553,3.1E-1);
#6555=CARTESIAN_POINT('',(2.12E0,5.E-1,-1.E0));
#6556=LINE('',#6555,#6554);
#6557=DIRECTION('',(-7.660444431190E-1,0.E0,-6.427876096865E-1));
#6558=VECTOR('',#6557,3.394058952264E-1);
#6559=CARTESIAN_POINT('',(2.38E0,5.E-1,-7.818340958939E-1));
#6560=LINE('',#6559,#6558);
#6561=DIRECTION('',(0.E0,0.E0,1.E0));
#6562=VECTOR('',#6561,1.563668191788E0);
#6563=CARTESIAN_POINT('',(2.38E0,5.E-1,-7.818340958939E-1));
#6564=LINE('',#6563,#6562);
#6565=DIRECTION('',(7.660444431190E-1,0.E0,-6.427876096865E-1));
#6566=VECTOR('',#6565,3.394058952264E-1);
#6567=CARTESIAN_POINT('',(2.12E0,5.E-1,1.E0));
#6568=LINE('',#6567,#6566);
#6569=DIRECTION('',(1.E0,0.E0,0.E0));
#6570=VECTOR('',#6569,3.1E-1);
#6571=CARTESIAN_POINT('',(2.12E0,5.E-1,1.E0));
#6572=LINE('',#6571,#6570);
#6573=DIRECTION('',(0.E0,0.E0,-1.E0));
#6574=VECTOR('',#6573,1.E-1);
#6575=CARTESIAN_POINT('',(2.43E0,5.E-1,1.1E0));
#6576=LINE('',#6575,#6574);
#6577=DIRECTION('',(-1.E0,0.E0,0.E0));
#6578=VECTOR('',#6577,2.7E-1);
#6579=CARTESIAN_POINT('',(2.7E0,5.E-1,1.1E0));
#6580=LINE('',#6579,#6578);
#6581=DIRECTION('',(0.E0,0.E0,-1.E0));
#6582=VECTOR('',#6581,2.2E0);
#6583=CARTESIAN_POINT('',(2.7E0,5.E-1,1.1E0));
#6584=LINE('',#6583,#6582);
#6585=DIRECTION('',(1.E0,0.E0,0.E0));
#6586=VECTOR('',#6585,2.7E-1);
#6587=CARTESIAN_POINT('',(2.43E0,5.E-1,-1.1E0));
#6588=LINE('',#6587,#6586);
#6589=DIRECTION('',(0.E0,0.E0,1.E0));
#6590=VECTOR('',#6589,1.E-1);
#6591=CARTESIAN_POINT('',(2.43E0,5.E-1,-1.1E0));
#6592=LINE('',#6591,#6590);
#6593=DIRECTION('',(0.E0,1.E0,0.E0));
#6594=VECTOR('',#6593,1.E-1);
#6595=CARTESIAN_POINT('',(2.38E0,5.E-1,-7.818340958939E-1));
#6596=LINE('',#6595,#6594);
#6597=DIRECTION('',(0.E0,0.E0,-1.E0));
#6598=VECTOR('',#6597,1.E-1);
#6599=CARTESIAN_POINT('',(2.12E0,6.E-1,-1.E0));
#6600=LINE('',#6599,#6598);
#6601=DIRECTION('',(1.E0,0.E0,0.E0));
#6602=VECTOR('',#6601,5.8E-1);
#6603=CARTESIAN_POINT('',(2.12E0,6.E-1,-1.1E0));
#6604=LINE('',#6603,#6602);
#6605=DIRECTION('',(0.E0,0.E0,1.E0));
#6606=VECTOR('',#6605,2.2E0);
#6607=CARTESIAN_POINT('',(2.7E0,6.E-1,-1.1E0));
#6608=LINE('',#6607,#6606);
#6609=DIRECTION('',(-1.E0,0.E0,0.E0));
#6610=VECTOR('',#6609,5.8E-1);
#6611=CARTESIAN_POINT('',(2.7E0,6.E-1,1.1E0));
#6612=LINE('',#6611,#6610);
#6613=DIRECTION('',(0.E0,0.E0,-1.E0));
#6614=VECTOR('',#6613,1.E-1);
#6615=CARTESIAN_POINT('',(2.12E0,6.E-1,1.1E0));
#6616=LINE('',#6615,#6614);
#6617=DIRECTION('',(7.660444431190E-1,0.E0,-6.427876096865E-1));
#6618=VECTOR('',#6617,3.394058952264E-1);
#6619=CARTESIAN_POINT('',(2.12E0,6.E-1,1.E0));
#6620=LINE('',#6619,#6618);
#6621=DIRECTION('',(0.E0,0.E0,-1.E0));
#6622=VECTOR('',#6621,1.563668191788E0);
#6623=CARTESIAN_POINT('',(2.38E0,6.E-1,7.818340958939E-1));
#6624=LINE('',#6623,#6622);
#6625=DIRECTION('',(-7.660444431190E-1,0.E0,-6.427876096865E-1));
#6626=VECTOR('',#6625,3.394058952264E-1);
#6627=CARTESIAN_POINT('',(2.38E0,6.E-1,-7.818340958939E-1));
#6628=LINE('',#6627,#6626);
#6629=DIRECTION('',(0.E0,-1.E0,0.E0));
#6630=VECTOR('',#6629,1.E-1);
#6631=CARTESIAN_POINT('',(2.7E0,6.E-1,1.1E0));
#6632=LINE('',#6631,#6630);
#6633=DIRECTION('',(0.E0,-1.E0,0.E0));
#6634=VECTOR('',#6633,1.5E-1);
#6635=CARTESIAN_POINT('',(2.12E0,6.E-1,1.1E0));
#6636=LINE('',#6635,#6634);
#6637=DIRECTION('',(0.E0,1.E0,0.E0));
#6638=VECTOR('',#6637,1.E-1);
#6639=CARTESIAN_POINT('',(2.12E0,5.E-1,1.E0));
#6640=LINE('',#6639,#6638);
#6641=DIRECTION('',(0.E0,0.E0,-1.E0));
#6642=VECTOR('',#6641,1.E-1);
#6643=CARTESIAN_POINT('',(2.12E0,4.5E-1,1.1E0));
#6644=LINE('',#6643,#6642);
#6645=DIRECTION('',(0.E0,-1.E0,0.E0));
#6646=VECTOR('',#6645,1.6E-1);
#6647=CARTESIAN_POINT('',(1.85E0,3.8E-1,9.9E-1));
#6648=LINE('',#6647,#6646);
#6649=DIRECTION('',(0.E0,1.E0,0.E0));
#6650=VECTOR('',#6649,2.1E-1);
#6651=CARTESIAN_POINT('',(1.85E0,2.4E-1,1.1E0));
#6652=LINE('',#6651,#6650);
#6653=DIRECTION('',(0.E0,0.E0,1.E0));
#6654=VECTOR('',#6653,1.E-1);
#6655=CARTESIAN_POINT('',(1.85E0,2.4E-1,1.E0));
#6656=LINE('',#6655,#6654);
#6657=DIRECTION('',(0.E0,1.E0,0.E0));
#6658=VECTOR('',#6657,2.1E-1);
#6659=CARTESIAN_POINT('',(1.85E0,2.4E-1,1.E0));
#6660=LINE('',#6659,#6658);
#6661=DIRECTION('',(0.E0,0.E0,1.E0));
#6662=VECTOR('',#6661,1.E-1);
#6663=CARTESIAN_POINT('',(1.85E0,4.5E-1,1.E0));
#6664=LINE('',#6663,#6662);
#6665=DIRECTION('',(0.E0,-1.E0,0.E0));
#6666=VECTOR('',#6665,1.6E-1);
#6667=CARTESIAN_POINT('',(2.43E0,3.8E-1,9.9E-1));
#6668=LINE('',#6667,#6666);
#6669=DIRECTION('',(0.E0,1.E0,0.E0));
#6670=VECTOR('',#6669,1.E-1);
#6671=CARTESIAN_POINT('',(1.95E0,1.2E-1,9.9E-1));
#6672=LINE('',#6671,#6670);
#6673=DIRECTION('',(0.E0,0.E0,1.E0));
#6674=VECTOR('',#6673,1.2E-1);
#6675=CARTESIAN_POINT('',(1.95E0,2.2E-1,9.9E-1));
#6676=LINE('',#6675,#6674);
#6677=DIRECTION('',(0.E0,0.E0,-1.E0));
#6678=VECTOR('',#6677,1.1E-1);
#6679=CARTESIAN_POINT('',(1.95E0,4.8E-1,1.22E0));
#6680=LINE('',#6679,#6678);
#6681=DIRECTION('',(0.E0,-1.E0,0.E0));
#6682=VECTOR('',#6681,2.6E-1);
#6683=CARTESIAN_POINT('',(1.95E0,4.8E-1,1.11E0));
#6684=LINE('',#6683,#6682);
#6685=DIRECTION('',(0.E0,-1.E0,0.E0));
#6686=VECTOR('',#6685,2.6E-1);
#6687=CARTESIAN_POINT('',(1.85E0,4.8E-1,1.11E0));
#6688=LINE('',#6687,#6686);
#6689=DIRECTION('',(-1.E0,0.E0,0.E0));
#6690=VECTOR('',#6689,3.E-1);
#6691=CARTESIAN_POINT('',(2.295E0,1.3E-1,1.E0));
#6692=LINE('',#6691,#6690);
#6693=DIRECTION('',(0.E0,1.E0,0.E0));
#6694=VECTOR('',#6693,1.1E-1);
#6695=CARTESIAN_POINT('',(2.295E0,1.3E-1,1.E0));
#6696=LINE('',#6695,#6694);
#6697=DIRECTION('',(1.E0,0.E0,0.E0));
#6698=VECTOR('',#6697,1.35E-1);
#6699=CARTESIAN_POINT('',(2.295E0,2.4E-1,1.E0));
#6700=LINE('',#6699,#6698);
#6701=DIRECTION('',(-2.220446049250E-14,1.E0,0.E0));
#6702=VECTOR('',#6701,2.E-2);
#6703=CARTESIAN_POINT('',(2.43E0,4.8E-1,1.E0));
#6704=LINE('',#6703,#6702);
#6705=DIRECTION('',(0.E0,-1.E0,0.E0));
#6706=VECTOR('',#6705,5.E-2);
#6707=CARTESIAN_POINT('',(2.12E0,5.E-1,1.E0));
#6708=LINE('',#6707,#6706);
#6709=DIRECTION('',(-1.E0,0.E0,0.E0));
#6710=VECTOR('',#6709,2.7E-1);
#6711=CARTESIAN_POINT('',(2.12E0,4.5E-1,1.E0));
#6712=LINE('',#6711,#6710);
#6713=DIRECTION('',(1.E0,0.E0,0.E0));
#6714=VECTOR('',#6713,1.45E-1);
#6715=CARTESIAN_POINT('',(1.85E0,2.4E-1,1.E0));
#6716=LINE('',#6715,#6714);
#6717=DIRECTION('',(-1.E0,0.E0,0.E0));
#6718=VECTOR('',#6717,3.E-1);
#6719=CARTESIAN_POINT('',(2.295E0,-2.E-2,1.15E0));
#6720=LINE('',#6719,#6718);
#6721=DIRECTION('',(-1.E0,0.E0,0.E0));
#6722=VECTOR('',#6721,3.E-1);
#6723=CARTESIAN_POINT('',(2.295E0,-2.E-2,1.25E0));
#6724=LINE('',#6723,#6722);
#6725=DIRECTION('',(-1.E0,0.E0,0.E0));
#6726=VECTOR('',#6725,3.E-1);
#6727=CARTESIAN_POINT('',(2.295E0,8.E-2,1.25E0));
#6728=LINE('',#6727,#6726);
#6729=DIRECTION('',(-1.E0,0.E0,0.E0));
#6730=VECTOR('',#6729,3.E-1);
#6731=CARTESIAN_POINT('',(2.295E0,8.E-2,1.15E0));
#6732=LINE('',#6731,#6730);
#6733=DIRECTION('',(-1.E0,0.E0,0.E0));
#6734=VECTOR('',#6733,3.E-1);
#6735=CARTESIAN_POINT('',(2.295E0,1.3E-1,1.1E0));
#6736=LINE('',#6735,#6734);
#6737=DIRECTION('',(0.E0,0.E0,-1.E0));
#6738=VECTOR('',#6737,1.E-1);
#6739=CARTESIAN_POINT('',(2.295E0,2.4E-1,1.1E0));
#6740=LINE('',#6739,#6738);
#6741=DIRECTION('',(0.E0,-1.E0,0.E0));
#6742=VECTOR('',#6741,1.E-1);
#6743=CARTESIAN_POINT('',(2.38E0,6.E-1,7.818340958939E-1));
#6744=LINE('',#6743,#6742);
#6745=DIRECTION('',(-1.E0,0.E0,0.E0));
#6746=VECTOR('',#6745,4.3E-1);
#6747=CARTESIAN_POINT('',(-1.655E0,5.5E-1,9.22E-1));
#6748=LINE('',#6747,#6746);
#6749=DIRECTION('',(0.E0,0.E0,-1.E0));
#6750=VECTOR('',#6749,8.7E-2);
#6751=CARTESIAN_POINT('',(-2.085E0,5.5E-1,9.22E-1));
#6752=LINE('',#6751,#6750);
#6753=DIRECTION('',(0.E0,-1.E0,0.E0));
#6754=VECTOR('',#6753,1.6E-1);
#6755=CARTESIAN_POINT('',(-2.43E0,3.8E-1,-9.9E-1));
#6756=LINE('',#6755,#6754);
#6757=DIRECTION('',(0.E0,1.E0,0.E0));
#6758=VECTOR('',#6757,1.E-1);
#6759=CARTESIAN_POINT('',(-1.95E0,1.2E-1,-9.9E-1));
#6760=LINE('',#6759,#6758);
#6761=DIRECTION('',(0.E0,0.E0,-1.E0));
#6762=VECTOR('',#6761,1.2E-1);
#6763=CARTESIAN_POINT('',(-1.95E0,2.2E-1,-9.9E-1));
#6764=LINE('',#6763,#6762);
#6765=DIRECTION('',(0.E0,0.E0,1.E0));
#6766=VECTOR('',#6765,1.1E-1);
#6767=CARTESIAN_POINT('',(-1.95E0,4.8E-1,-1.22E0));
#6768=LINE('',#6767,#6766);
#6769=DIRECTION('',(0.E0,-1.E0,0.E0));
#6770=VECTOR('',#6769,2.6E-1);
#6771=CARTESIAN_POINT('',(-1.95E0,4.8E-1,-1.11E0));
#6772=LINE('',#6771,#6770);
#6773=DIRECTION('',(1.E0,0.E0,0.E0));
#6774=VECTOR('',#6773,3.E-1);
#6775=CARTESIAN_POINT('',(-2.295E0,8.E-2,-1.15E0));
#6776=LINE('',#6775,#6774);
#6777=DIRECTION('',(1.E0,0.E0,0.E0));
#6778=VECTOR('',#6777,3.E-1);
#6779=CARTESIAN_POINT('',(-2.295E0,8.E-2,-1.25E0));
#6780=LINE('',#6779,#6778);
#6781=DIRECTION('',(1.E0,0.E0,0.E0));
#6782=VECTOR('',#6781,3.E-1);
#6783=CARTESIAN_POINT('',(-2.295E0,-2.E-2,-1.25E0));
#6784=LINE('',#6783,#6782);
#6785=DIRECTION('',(1.E0,0.E0,0.E0));
#6786=VECTOR('',#6785,3.E-1);
#6787=CARTESIAN_POINT('',(-2.295E0,-2.E-2,-1.15E0));
#6788=LINE('',#6787,#6786);
#6789=DIRECTION('',(1.E0,0.E0,0.E0));
#6790=VECTOR('',#6789,3.E-1);
#6791=CARTESIAN_POINT('',(-2.295E0,1.3E-1,-1.E0));
#6792=LINE('',#6791,#6790);
#6793=DIRECTION('',(0.E0,-1.E0,0.E0));
#6794=VECTOR('',#6793,2.E-2);
#6795=CARTESIAN_POINT('',(1.33E0,1.2E-1,-9.5E-1));
#6796=LINE('',#6795,#6794);
#6797=DIRECTION('',(0.E0,-1.E0,0.E0));
#6798=VECTOR('',#6797,2.E-2);
#6799=CARTESIAN_POINT('',(1.47E0,1.2E-1,-9.5E-1));
#6800=LINE('',#6799,#6798);
#6801=CARTESIAN_POINT('',(1.33E0,1.E-1,-1.07E0));
#6802=DIRECTION('',(1.E0,0.E0,0.E0));
#6803=DIRECTION('',(0.E0,-7.042977312466E-14,1.E0));
#6804=AXIS2_PLACEMENT_3D('',#6801,#6802,#6803);
#6806=DIRECTION('',(1.E0,0.E0,0.E0));
#6807=VECTOR('',#6806,1.4E-1);
#6808=CARTESIAN_POINT('',(1.33E0,1.E-1,-9.5E-1));
#6809=LINE('',#6808,#6807);
#6810=CARTESIAN_POINT('',(1.47E0,1.E-1,-1.07E0));
#6811=DIRECTION('',(1.E0,0.E0,0.E0));
#6812=DIRECTION('',(0.E0,-6.418476861114E-14,1.E0));
#6813=AXIS2_PLACEMENT_3D('',#6810,#6811,#6812);
#6815=DIRECTION('',(0.E0,0.E0,-1.E0));
#6816=VECTOR('',#6815,1.8E-1);
#6817=CARTESIAN_POINT('',(1.33E0,-2.E-2,-1.07E0));
#6818=LINE('',#6817,#6816);
#6819=DIRECTION('',(1.E0,0.E0,0.E0));
#6820=VECTOR('',#6819,1.4E-1);
#6821=CARTESIAN_POINT('',(1.33E0,-2.E-2,-1.07E0));
#6822=LINE('',#6821,#6820);
#6823=DIRECTION('',(0.E0,0.E0,-1.E0));
#6824=VECTOR('',#6823,1.8E-1);
#6825=CARTESIAN_POINT('',(1.47E0,-2.E-2,-1.07E0));
#6826=LINE('',#6825,#6824);
#6827=DIRECTION('',(0.E0,1.E0,0.E0));
#6828=VECTOR('',#6827,8.E-2);
#6829=CARTESIAN_POINT('',(1.33E0,-2.E-2,-1.25E0));
#6830=LINE('',#6829,#6828);
#6831=DIRECTION('',(1.E0,0.E0,0.E0));
#6832=VECTOR('',#6831,1.4E-1);
#6833=CARTESIAN_POINT('',(1.33E0,-2.E-2,-1.25E0));
#6834=LINE('',#6833,#6832);
#6835=DIRECTION('',(0.E0,1.E0,0.E0));
#6836=VECTOR('',#6835,8.E-2);
#6837=CARTESIAN_POINT('',(1.47E0,-2.E-2,-1.25E0));
#6838=LINE('',#6837,#6836);
#6839=DIRECTION('',(0.E0,0.E0,1.E0));
#6840=VECTOR('',#6839,1.8E-1);
#6841=CARTESIAN_POINT('',(1.33E0,6.E-2,-1.25E0));
#6842=LINE('',#6841,#6840);
#6843=DIRECTION('',(1.E0,0.E0,0.E0));
#6844=VECTOR('',#6843,1.4E-1);
#6845=CARTESIAN_POINT('',(1.33E0,6.E-2,-1.25E0));
#6846=LINE('',#6845,#6844);
#6847=DIRECTION('',(0.E0,0.E0,1.E0));
#6848=VECTOR('',#6847,1.8E-1);
#6849=CARTESIAN_POINT('',(1.47E0,6.E-2,-1.25E0));
#6850=LINE('',#6849,#6848);
#6851=CARTESIAN_POINT('',(1.33E0,1.E-1,-1.07E0));
#6852=DIRECTION('',(1.E0,0.E0,0.E0));
#6853=DIRECTION('',(0.E0,0.E0,1.E0));
#6854=AXIS2_PLACEMENT_3D('',#6851,#6852,#6853);
#6856=DIRECTION('',(1.E0,0.E0,0.E0));
#6857=VECTOR('',#6856,1.4E-1);
#6858=CARTESIAN_POINT('',(1.33E0,6.E-2,-1.07E0));
#6859=LINE('',#6858,#6857);
#6860=CARTESIAN_POINT('',(1.47E0,1.E-1,-1.07E0));
#6861=DIRECTION('',(1.E0,0.E0,0.E0));
#6862=DIRECTION('',(0.E0,0.E0,1.E0));
#6863=AXIS2_PLACEMENT_3D('',#6860,#6861,#6862);
#6865=DIRECTION('',(0.E0,1.E0,-1.110223024625E-14));
#6866=VECTOR('',#6865,2.E-2);
#6867=CARTESIAN_POINT('',(1.33E0,1.E-1,-1.03E0));
#6868=LINE('',#6867,#6866);
#6869=DIRECTION('',(1.E0,0.E0,0.E0));
#6870=VECTOR('',#6869,1.4E-1);
#6871=CARTESIAN_POINT('',(1.33E0,1.E-1,-1.03E0));
#6872=LINE('',#6871,#6870);
#6873=DIRECTION('',(0.E0,1.E0,-1.110223024625E-14));
#6874=VECTOR('',#6873,2.E-2);
#6875=CARTESIAN_POINT('',(1.47E0,1.E-1,-1.03E0));
#6876=LINE('',#6875,#6874);
#6877=DIRECTION('',(0.E0,1.E0,0.E0));
#6878=VECTOR('',#6877,2.E-2);
#6879=CARTESIAN_POINT('',(1.33E0,1.E-1,9.5E-1));
#6880=LINE('',#6879,#6878);
#6881=DIRECTION('',(1.E0,0.E0,0.E0));
#6882=VECTOR('',#6881,1.4E-1);
#6883=CARTESIAN_POINT('',(1.33E0,1.E-1,9.5E-1));
#6884=LINE('',#6883,#6882);
#6885=DIRECTION('',(0.E0,1.E0,0.E0));
#6886=VECTOR('',#6885,2.E-2);
#6887=CARTESIAN_POINT('',(1.47E0,1.E-1,9.5E-1));
#6888=LINE('',#6887,#6886);
#6889=DIRECTION('',(0.E0,-1.E0,0.E0));
#6890=VECTOR('',#6889,2.E-2);
#6891=CARTESIAN_POINT('',(1.33E0,1.2E-1,1.03E0));
#6892=LINE('',#6891,#6890);
#6893=DIRECTION('',(0.E0,-1.E0,0.E0));
#6894=VECTOR('',#6893,2.E-2);
#6895=CARTESIAN_POINT('',(1.47E0,1.2E-1,1.03E0));
#6896=LINE('',#6895,#6894);
#6897=CARTESIAN_POINT('',(1.33E0,1.E-1,1.07E0));
#6898=DIRECTION('',(1.E0,0.E0,0.E0));
#6899=DIRECTION('',(0.E0,-1.E0,-6.291263806209E-14));
#6900=AXIS2_PLACEMENT_3D('',#6897,#6898,#6899);
#6902=DIRECTION('',(1.E0,0.E0,0.E0));
#6903=VECTOR('',#6902,1.4E-1);
#6904=CARTESIAN_POINT('',(1.33E0,-2.E-2,1.07E0));
#6905=LINE('',#6904,#6903);
#6906=CARTESIAN_POINT('',(1.47E0,1.E-1,1.07E0));
#6907=DIRECTION('',(1.E0,0.E0,0.E0));
#6908=DIRECTION('',(0.E0,-1.E0,-6.291263806209E-14));
#6909=AXIS2_PLACEMENT_3D('',#6906,#6907,#6908);
#6911=DIRECTION('',(0.E0,0.E0,-1.E0));
#6912=VECTOR('',#6911,1.8E-1);
#6913=CARTESIAN_POINT('',(1.33E0,-2.E-2,1.25E0));
#6914=LINE('',#6913,#6912);
#6915=DIRECTION('',(1.E0,0.E0,0.E0));
#6916=VECTOR('',#6915,1.4E-1);
#6917=CARTESIAN_POINT('',(1.33E0,-2.E-2,1.25E0));
#6918=LINE('',#6917,#6916);
#6919=DIRECTION('',(0.E0,0.E0,-1.E0));
#6920=VECTOR('',#6919,1.8E-1);
#6921=CARTESIAN_POINT('',(1.47E0,-2.E-2,1.25E0));
#6922=LINE('',#6921,#6920);
#6923=DIRECTION('',(0.E0,-1.E0,0.E0));
#6924=VECTOR('',#6923,8.E-2);
#6925=CARTESIAN_POINT('',(1.33E0,6.E-2,1.25E0));
#6926=LINE('',#6925,#6924);
#6927=DIRECTION('',(1.E0,0.E0,0.E0));
#6928=VECTOR('',#6927,1.4E-1);
#6929=CARTESIAN_POINT('',(1.33E0,6.E-2,1.25E0));
#6930=LINE('',#6929,#6928);
#6931=DIRECTION('',(0.E0,-1.E0,0.E0));
#6932=VECTOR('',#6931,8.E-2);
#6933=CARTESIAN_POINT('',(1.47E0,6.E-2,1.25E0));
#6934=LINE('',#6933,#6932);
#6935=DIRECTION('',(0.E0,0.E0,1.E0));
#6936=VECTOR('',#6935,1.8E-1);
#6937=CARTESIAN_POINT('',(1.33E0,6.E-2,1.07E0));
#6938=LINE('',#6937,#6936);
#6939=DIRECTION('',(1.E0,0.E0,0.E0));
#6940=VECTOR('',#6939,1.4E-1);
#6941=CARTESIAN_POINT('',(1.33E0,6.E-2,1.07E0));
#6942=LINE('',#6941,#6940);
#6943=DIRECTION('',(0.E0,0.E0,1.E0));
#6944=VECTOR('',#6943,1.8E-1);
#6945=CARTESIAN_POINT('',(1.47E0,6.E-2,1.07E0));
#6946=LINE('',#6945,#6944);
#6947=CARTESIAN_POINT('',(1.33E0,1.E-1,1.07E0));
#6948=DIRECTION('',(1.E0,0.E0,0.E0));
#6949=DIRECTION('',(0.E0,-1.E0,0.E0));
#6950=AXIS2_PLACEMENT_3D('',#6947,#6948,#6949);
#6952=DIRECTION('',(1.E0,0.E0,0.E0));
#6953=VECTOR('',#6952,1.4E-1);
#6954=CARTESIAN_POINT('',(1.33E0,1.E-1,1.03E0));
#6955=LINE('',#6954,#6953);
#6956=CARTESIAN_POINT('',(1.47E0,1.E-1,1.07E0));
#6957=DIRECTION('',(1.E0,0.E0,0.E0));
#6958=DIRECTION('',(0.E0,-1.E0,0.E0));
#6959=AXIS2_PLACEMENT_3D('',#6956,#6957,#6958);
#6961=DIRECTION('',(0.E0,1.E0,0.E0));
#6962=VECTOR('',#6961,2.E-2);
#6963=CARTESIAN_POINT('',(9.3E-1,1.E-1,9.5E-1));
#6964=LINE('',#6963,#6962);
#6965=DIRECTION('',(1.E0,0.E0,0.E0));
#6966=VECTOR('',#6965,1.4E-1);
#6967=CARTESIAN_POINT('',(9.3E-1,1.E-1,9.5E-1));
#6968=LINE('',#6967,#6966);
#6969=DIRECTION('',(0.E0,1.E0,0.E0));
#6970=VECTOR('',#6969,2.E-2);
#6971=CARTESIAN_POINT('',(1.07E0,1.E-1,9.5E-1));
#6972=LINE('',#6971,#6970);
#6973=DIRECTION('',(0.E0,-1.E0,0.E0));
#6974=VECTOR('',#6973,2.E-2);
#6975=CARTESIAN_POINT('',(9.3E-1,1.2E-1,1.03E0));
#6976=LINE('',#6975,#6974);
#6977=DIRECTION('',(0.E0,-1.E0,0.E0));
#6978=VECTOR('',#6977,2.E-2);
#6979=CARTESIAN_POINT('',(1.07E0,1.2E-1,1.03E0));
#6980=LINE('',#6979,#6978);
#6981=CARTESIAN_POINT('',(9.3E-1,1.E-1,1.07E0));
#6982=DIRECTION('',(1.E0,0.E0,0.E0));
#6983=DIRECTION('',(0.E0,-1.E0,-6.291263806209E-14));
#6984=AXIS2_PLACEMENT_3D('',#6981,#6982,#6983);
#6986=DIRECTION('',(1.E0,0.E0,0.E0));
#6987=VECTOR('',#6986,1.4E-1);
#6988=CARTESIAN_POINT('',(9.3E-1,-2.E-2,1.07E0));
#6989=LINE('',#6988,#6987);
#6990=CARTESIAN_POINT('',(1.07E0,1.E-1,1.07E0));
#6991=DIRECTION('',(1.E0,0.E0,0.E0));
#6992=DIRECTION('',(0.E0,-1.E0,-6.291263806209E-14));
#6993=AXIS2_PLACEMENT_3D('',#6990,#6991,#6992);
#6995=DIRECTION('',(0.E0,0.E0,-1.E0));
#6996=VECTOR('',#6995,1.8E-1);
#6997=CARTESIAN_POINT('',(9.3E-1,-2.E-2,1.25E0));
#6998=LINE('',#6997,#6996);
#6999=DIRECTION('',(1.E0,0.E0,0.E0));
#7000=VECTOR('',#6999,1.4E-1);
#7001=CARTESIAN_POINT('',(9.3E-1,-2.E-2,1.25E0));
#7002=LINE('',#7001,#7000);
#7003=DIRECTION('',(0.E0,0.E0,-1.E0));
#7004=VECTOR('',#7003,1.8E-1);
#7005=CARTESIAN_POINT('',(1.07E0,-2.E-2,1.25E0));
#7006=LINE('',#7005,#7004);
#7007=DIRECTION('',(0.E0,-1.E0,0.E0));
#7008=VECTOR('',#7007,8.E-2);
#7009=CARTESIAN_POINT('',(9.3E-1,6.E-2,1.25E0));
#7010=LINE('',#7009,#7008);
#7011=DIRECTION('',(1.E0,0.E0,0.E0));
#7012=VECTOR('',#7011,1.4E-1);
#7013=CARTESIAN_POINT('',(9.3E-1,6.E-2,1.25E0));
#7014=LINE('',#7013,#7012);
#7015=DIRECTION('',(0.E0,-1.E0,0.E0));
#7016=VECTOR('',#7015,8.E-2);
#7017=CARTESIAN_POINT('',(1.07E0,6.E-2,1.25E0));
#7018=LINE('',#7017,#7016);
#7019=DIRECTION('',(0.E0,0.E0,1.E0));
#7020=VECTOR('',#7019,1.8E-1);
#7021=CARTESIAN_POINT('',(9.3E-1,6.E-2,1.07E0));
#7022=LINE('',#7021,#7020);
#7023=DIRECTION('',(1.E0,0.E0,0.E0));
#7024=VECTOR('',#7023,1.4E-1);
#7025=CARTESIAN_POINT('',(9.3E-1,6.E-2,1.07E0));
#7026=LINE('',#7025,#7024);
#7027=DIRECTION('',(0.E0,0.E0,1.E0));
#7028=VECTOR('',#7027,1.8E-1);
#7029=CARTESIAN_POINT('',(1.07E0,6.E-2,1.07E0));
#7030=LINE('',#7029,#7028);
#7031=CARTESIAN_POINT('',(9.3E-1,1.E-1,1.07E0));
#7032=DIRECTION('',(1.E0,0.E0,0.E0));
#7033=DIRECTION('',(0.E0,-1.E0,0.E0));
#7034=AXIS2_PLACEMENT_3D('',#7031,#7032,#7033);
#7036=DIRECTION('',(1.E0,0.E0,0.E0));
#7037=VECTOR('',#7036,1.4E-1);
#7038=CARTESIAN_POINT('',(9.3E-1,1.E-1,1.03E0));
#7039=LINE('',#7038,#7037);
#7040=CARTESIAN_POINT('',(1.07E0,1.E-1,1.07E0));
#7041=DIRECTION('',(1.E0,0.E0,0.E0));
#7042=DIRECTION('',(0.E0,-1.E0,0.E0));
#7043=AXIS2_PLACEMENT_3D('',#7040,#7041,#7042);
#7045=DIRECTION('',(0.E0,1.E0,0.E0));
#7046=VECTOR('',#7045,2.E-2);
#7047=CARTESIAN_POINT('',(9.3E-1,1.E-1,-1.03E0));
#7048=LINE('',#7047,#7046);
#7049=DIRECTION('',(1.E0,0.E0,0.E0));
#7050=VECTOR('',#7049,1.4E-1);
#7051=CARTESIAN_POINT('',(9.3E-1,1.E-1,-1.03E0));
#7052=LINE('',#7051,#7050);
#7053=DIRECTION('',(0.E0,1.E0,0.E0));
#7054=VECTOR('',#7053,2.E-2);
#7055=CARTESIAN_POINT('',(1.07E0,1.E-1,-1.03E0));
#7056=LINE('',#7055,#7054);
#7057=DIRECTION('',(0.E0,-1.E0,0.E0));
#7058=VECTOR('',#7057,2.E-2);
#7059=CARTESIAN_POINT('',(9.3E-1,1.2E-1,-9.5E-1));
#7060=LINE('',#7059,#7058);
#7061=DIRECTION('',(0.E0,-1.E0,0.E0));
#7062=VECTOR('',#7061,2.E-2);
#7063=CARTESIAN_POINT('',(1.07E0,1.2E-1,-9.5E-1));
#7064=LINE('',#7063,#7062);
#7065=CARTESIAN_POINT('',(9.3E-1,1.E-1,-1.07E0));
#7066=DIRECTION('',(1.E0,0.E0,0.E0));
#7067=DIRECTION('',(0.E0,0.E0,1.E0));
#7068=AXIS2_PLACEMENT_3D('',#7065,#7066,#7067);
#7070=DIRECTION('',(1.E0,0.E0,0.E0));
#7071=VECTOR('',#7070,1.4E-1);
#7072=CARTESIAN_POINT('',(9.3E-1,6.E-2,-1.07E0));
#7073=LINE('',#7072,#7071);
#7074=CARTESIAN_POINT('',(1.07E0,1.E-1,-1.07E0));
#7075=DIRECTION('',(1.E0,0.E0,0.E0));
#7076=DIRECTION('',(0.E0,0.E0,1.E0));
#7077=AXIS2_PLACEMENT_3D('',#7074,#7075,#7076);
#7079=DIRECTION('',(0.E0,0.E0,1.E0));
#7080=VECTOR('',#7079,1.8E-1);
#7081=CARTESIAN_POINT('',(9.3E-1,6.E-2,-1.25E0));
#7082=LINE('',#7081,#7080);
#7083=DIRECTION('',(1.E0,0.E0,0.E0));
#7084=VECTOR('',#7083,1.4E-1);
#7085=CARTESIAN_POINT('',(9.3E-1,6.E-2,-1.25E0));
#7086=LINE('',#7085,#7084);
#7087=DIRECTION('',(0.E0,0.E0,1.E0));
#7088=VECTOR('',#7087,1.8E-1);
#7089=CARTESIAN_POINT('',(1.07E0,6.E-2,-1.25E0));
#7090=LINE('',#7089,#7088);
#7091=DIRECTION('',(0.E0,1.E0,0.E0));
#7092=VECTOR('',#7091,8.E-2);
#7093=CARTESIAN_POINT('',(9.3E-1,-2.E-2,-1.25E0));
#7094=LINE('',#7093,#7092);
#7095=DIRECTION('',(1.E0,0.E0,0.E0));
#7096=VECTOR('',#7095,1.4E-1);
#7097=CARTESIAN_POINT('',(9.3E-1,-2.E-2,-1.25E0));
#7098=LINE('',#7097,#7096);
#7099=DIRECTION('',(0.E0,1.E0,0.E0));
#7100=VECTOR('',#7099,8.E-2);
#7101=CARTESIAN_POINT('',(1.07E0,-2.E-2,-1.25E0));
#7102=LINE('',#7101,#7100);
#7103=DIRECTION('',(0.E0,0.E0,-1.E0));
#7104=VECTOR('',#7103,1.8E-1);
#7105=CARTESIAN_POINT('',(9.3E-1,-2.E-2,-1.07E0));
#7106=LINE('',#7105,#7104);
#7107=DIRECTION('',(1.E0,0.E0,0.E0));
#7108=VECTOR('',#7107,1.4E-1);
#7109=CARTESIAN_POINT('',(9.3E-1,-2.E-2,-1.07E0));
#7110=LINE('',#7109,#7108);
#7111=DIRECTION('',(0.E0,0.E0,-1.E0));
#7112=VECTOR('',#7111,1.8E-1);
#7113=CARTESIAN_POINT('',(1.07E0,-2.E-2,-1.07E0));
#7114=LINE('',#7113,#7112);
#7115=CARTESIAN_POINT('',(9.3E-1,1.E-1,-1.07E0));
#7116=DIRECTION('',(1.E0,0.E0,0.E0));
#7117=DIRECTION('',(0.E0,-7.042977312466E-14,1.E0));
#7118=AXIS2_PLACEMENT_3D('',#7115,#7116,#7117);
#7120=DIRECTION('',(1.E0,0.E0,0.E0));
#7121=VECTOR('',#7120,1.4E-1);
#7122=CARTESIAN_POINT('',(9.3E-1,1.E-1,-9.5E-1));
#7123=LINE('',#7122,#7121);
#7124=CARTESIAN_POINT('',(1.07E0,1.E-1,-1.07E0));
#7125=DIRECTION('',(1.E0,0.E0,0.E0));
#7126=DIRECTION('',(0.E0,-6.418476861114E-14,1.E0));
#7127=AXIS2_PLACEMENT_3D('',#7124,#7125,#7126);
#7129=DIRECTION('',(0.E0,1.E0,0.E0));
#7130=VECTOR('',#7129,2.E-2);
#7131=CARTESIAN_POINT('',(5.3E-1,1.E-1,9.5E-1));
#7132=LINE('',#7131,#7130);
#7133=DIRECTION('',(1.E0,0.E0,0.E0));
#7134=VECTOR('',#7133,1.4E-1);
#7135=CARTESIAN_POINT('',(5.3E-1,1.E-1,9.5E-1));
#7136=LINE('',#7135,#7134);
#7137=DIRECTION('',(0.E0,1.E0,0.E0));
#7138=VECTOR('',#7137,2.E-2);
#7139=CARTESIAN_POINT('',(6.7E-1,1.E-1,9.5E-1));
#7140=LINE('',#7139,#7138);
#7141=DIRECTION('',(0.E0,-1.E0,0.E0));
#7142=VECTOR('',#7141,2.E-2);
#7143=CARTESIAN_POINT('',(5.3E-1,1.2E-1,1.03E0));
#7144=LINE('',#7143,#7142);
#7145=DIRECTION('',(0.E0,-1.E0,0.E0));
#7146=VECTOR('',#7145,2.E-2);
#7147=CARTESIAN_POINT('',(6.7E-1,1.2E-1,1.03E0));
#7148=LINE('',#7147,#7146);
#7149=CARTESIAN_POINT('',(5.3E-1,1.E-1,1.07E0));
#7150=DIRECTION('',(1.E0,0.E0,0.E0));
#7151=DIRECTION('',(0.E0,-1.E0,-6.291263806209E-14));
#7152=AXIS2_PLACEMENT_3D('',#7149,#7150,#7151);
#7154=DIRECTION('',(1.E0,0.E0,0.E0));
#7155=VECTOR('',#7154,1.4E-1);
#7156=CARTESIAN_POINT('',(5.3E-1,-2.E-2,1.07E0));
#7157=LINE('',#7156,#7155);
#7158=CARTESIAN_POINT('',(6.7E-1,1.E-1,1.07E0));
#7159=DIRECTION('',(1.E0,0.E0,0.E0));
#7160=DIRECTION('',(0.E0,-1.E0,-6.291263806209E-14));
#7161=AXIS2_PLACEMENT_3D('',#7158,#7159,#7160);
#7163=DIRECTION('',(0.E0,0.E0,-1.E0));
#7164=VECTOR('',#7163,1.8E-1);
#7165=CARTESIAN_POINT('',(5.3E-1,-2.E-2,1.25E0));
#7166=LINE('',#7165,#7164);
#7167=DIRECTION('',(1.E0,0.E0,0.E0));
#7168=VECTOR('',#7167,1.4E-1);
#7169=CARTESIAN_POINT('',(5.3E-1,-2.E-2,1.25E0));
#7170=LINE('',#7169,#7168);
#7171=DIRECTION('',(0.E0,0.E0,-1.E0));
#7172=VECTOR('',#7171,1.8E-1);
#7173=CARTESIAN_POINT('',(6.7E-1,-2.E-2,1.25E0));
#7174=LINE('',#7173,#7172);
#7175=DIRECTION('',(0.E0,-1.E0,0.E0));
#7176=VECTOR('',#7175,8.E-2);
#7177=CARTESIAN_POINT('',(5.3E-1,6.E-2,1.25E0));
#7178=LINE('',#7177,#7176);
#7179=DIRECTION('',(1.E0,0.E0,0.E0));
#7180=VECTOR('',#7179,1.4E-1);
#7181=CARTESIAN_POINT('',(5.3E-1,6.E-2,1.25E0));
#7182=LINE('',#7181,#7180);
#7183=DIRECTION('',(0.E0,-1.E0,0.E0));
#7184=VECTOR('',#7183,8.E-2);
#7185=CARTESIAN_POINT('',(6.7E-1,6.E-2,1.25E0));
#7186=LINE('',#7185,#7184);
#7187=DIRECTION('',(0.E0,0.E0,1.E0));
#7188=VECTOR('',#7187,1.8E-1);
#7189=CARTESIAN_POINT('',(5.3E-1,6.E-2,1.07E0));
#7190=LINE('',#7189,#7188);
#7191=DIRECTION('',(1.E0,0.E0,0.E0));
#7192=VECTOR('',#7191,1.4E-1);
#7193=CARTESIAN_POINT('',(5.3E-1,6.E-2,1.07E0));
#7194=LINE('',#7193,#7192);
#7195=DIRECTION('',(0.E0,0.E0,1.E0));
#7196=VECTOR('',#7195,1.8E-1);
#7197=CARTESIAN_POINT('',(6.7E-1,6.E-2,1.07E0));
#7198=LINE('',#7197,#7196);
#7199=CARTESIAN_POINT('',(5.3E-1,1.E-1,1.07E0));
#7200=DIRECTION('',(1.E0,0.E0,0.E0));
#7201=DIRECTION('',(0.E0,-1.E0,0.E0));
#7202=AXIS2_PLACEMENT_3D('',#7199,#7200,#7201);
#7204=DIRECTION('',(1.E0,0.E0,0.E0));
#7205=VECTOR('',#7204,1.4E-1);
#7206=CARTESIAN_POINT('',(5.3E-1,1.E-1,1.03E0));
#7207=LINE('',#7206,#7205);
#7208=CARTESIAN_POINT('',(6.7E-1,1.E-1,1.07E0));
#7209=DIRECTION('',(1.E0,0.E0,0.E0));
#7210=DIRECTION('',(0.E0,-1.E0,0.E0));
#7211=AXIS2_PLACEMENT_3D('',#7208,#7209,#7210);
#7213=DIRECTION('',(0.E0,1.E0,0.E0));
#7214=VECTOR('',#7213,2.E-2);
#7215=CARTESIAN_POINT('',(5.3E-1,1.E-1,-1.03E0));
#7216=LINE('',#7215,#7214);
#7217=DIRECTION('',(1.E0,0.E0,0.E0));
#7218=VECTOR('',#7217,1.4E-1);
#7219=CARTESIAN_POINT('',(5.3E-1,1.E-1,-1.03E0));
#7220=LINE('',#7219,#7218);
#7221=DIRECTION('',(0.E0,1.E0,0.E0));
#7222=VECTOR('',#7221,2.E-2);
#7223=CARTESIAN_POINT('',(6.7E-1,1.E-1,-1.03E0));
#7224=LINE('',#7223,#7222);
#7225=DIRECTION('',(0.E0,-1.E0,0.E0));
#7226=VECTOR('',#7225,2.E-2);
#7227=CARTESIAN_POINT('',(5.3E-1,1.2E-1,-9.5E-1));
#7228=LINE('',#7227,#7226);
#7229=DIRECTION('',(0.E0,-1.E0,0.E0));
#7230=VECTOR('',#7229,2.E-2);
#7231=CARTESIAN_POINT('',(6.7E-1,1.2E-1,-9.5E-1));
#7232=LINE('',#7231,#7230);
#7233=CARTESIAN_POINT('',(5.3E-1,1.E-1,-1.07E0));
#7234=DIRECTION('',(1.E0,0.E0,0.E0));
#7235=DIRECTION('',(0.E0,0.E0,1.E0));
#7236=AXIS2_PLACEMENT_3D('',#7233,#7234,#7235);
#7238=DIRECTION('',(1.E0,0.E0,0.E0));
#7239=VECTOR('',#7238,1.4E-1);
#7240=CARTESIAN_POINT('',(5.3E-1,6.E-2,-1.07E0));
#7241=LINE('',#7240,#7239);
#7242=CARTESIAN_POINT('',(6.7E-1,1.E-1,-1.07E0));
#7243=DIRECTION('',(1.E0,0.E0,0.E0));
#7244=DIRECTION('',(0.E0,0.E0,1.E0));
#7245=AXIS2_PLACEMENT_3D('',#7242,#7243,#7244);
#7247=DIRECTION('',(0.E0,0.E0,1.E0));
#7248=VECTOR('',#7247,1.8E-1);
#7249=CARTESIAN_POINT('',(5.3E-1,6.E-2,-1.25E0));
#7250=LINE('',#7249,#7248);
#7251=DIRECTION('',(1.E0,0.E0,0.E0));
#7252=VECTOR('',#7251,1.4E-1);
#7253=CARTESIAN_POINT('',(5.3E-1,6.E-2,-1.25E0));
#7254=LINE('',#7253,#7252);
#7255=DIRECTION('',(0.E0,0.E0,1.E0));
#7256=VECTOR('',#7255,1.8E-1);
#7257=CARTESIAN_POINT('',(6.7E-1,6.E-2,-1.25E0));
#7258=LINE('',#7257,#7256);
#7259=DIRECTION('',(0.E0,1.E0,0.E0));
#7260=VECTOR('',#7259,8.E-2);
#7261=CARTESIAN_POINT('',(5.3E-1,-2.E-2,-1.25E0));
#7262=LINE('',#7261,#7260);
#7263=DIRECTION('',(1.E0,0.E0,0.E0));
#7264=VECTOR('',#7263,1.4E-1);
#7265=CARTESIAN_POINT('',(5.3E-1,-2.E-2,-1.25E0));
#7266=LINE('',#7265,#7264);
#7267=DIRECTION('',(0.E0,1.E0,0.E0));
#7268=VECTOR('',#7267,8.E-2);
#7269=CARTESIAN_POINT('',(6.7E-1,-2.E-2,-1.25E0));
#7270=LINE('',#7269,#7268);
#7271=DIRECTION('',(0.E0,0.E0,-1.E0));
#7272=VECTOR('',#7271,1.8E-1);
#7273=CARTESIAN_POINT('',(5.3E-1,-2.E-2,-1.07E0));
#7274=LINE('',#7273,#7272);
#7275=DIRECTION('',(1.E0,0.E0,0.E0));
#7276=VECTOR('',#7275,1.4E-1);
#7277=CARTESIAN_POINT('',(5.3E-1,-2.E-2,-1.07E0));
#7278=LINE('',#7277,#7276);
#7279=DIRECTION('',(0.E0,0.E0,-1.E0));
#7280=VECTOR('',#7279,1.8E-1);
#7281=CARTESIAN_POINT('',(6.7E-1,-2.E-2,-1.07E0));
#7282=LINE('',#7281,#7280);
#7283=CARTESIAN_POINT('',(5.3E-1,1.E-1,-1.07E0));
#7284=DIRECTION('',(1.E0,0.E0,0.E0));
#7285=DIRECTION('',(0.E0,-7.042977312466E-14,1.E0));
#7286=AXIS2_PLACEMENT_3D('',#7283,#7284,#7285);
#7288=DIRECTION('',(1.E0,0.E0,0.E0));
#7289=VECTOR('',#7288,1.4E-1);
#7290=CARTESIAN_POINT('',(5.3E-1,1.E-1,-9.5E-1));
#7291=LINE('',#7290,#7289);
#7292=CARTESIAN_POINT('',(6.7E-1,1.E-1,-1.07E0));
#7293=DIRECTION('',(1.E0,0.E0,0.E0));
#7294=DIRECTION('',(0.E0,-6.418476861114E-14,1.E0));
#7295=AXIS2_PLACEMENT_3D('',#7292,#7293,#7294);
#7297=DIRECTION('',(0.E0,1.E0,0.E0));
#7298=VECTOR('',#7297,2.E-2);
#7299=CARTESIAN_POINT('',(1.3E-1,1.E-1,9.5E-1));
#7300=LINE('',#7299,#7298);
#7301=DIRECTION('',(1.E0,0.E0,0.E0));
#7302=VECTOR('',#7301,1.4E-1);
#7303=CARTESIAN_POINT('',(1.3E-1,1.E-1,9.5E-1));
#7304=LINE('',#7303,#7302);
#7305=DIRECTION('',(0.E0,1.E0,0.E0));
#7306=VECTOR('',#7305,2.E-2);
#7307=CARTESIAN_POINT('',(2.7E-1,1.E-1,9.5E-1));
#7308=LINE('',#7307,#7306);
#7309=DIRECTION('',(0.E0,-1.E0,0.E0));
#7310=VECTOR('',#7309,2.E-2);
#7311=CARTESIAN_POINT('',(1.3E-1,1.2E-1,1.03E0));
#7312=LINE('',#7311,#7310);
#7313=DIRECTION('',(0.E0,-1.E0,0.E0));
#7314=VECTOR('',#7313,2.E-2);
#7315=CARTESIAN_POINT('',(2.7E-1,1.2E-1,1.03E0));
#7316=LINE('',#7315,#7314);
#7317=CARTESIAN_POINT('',(1.3E-1,1.E-1,1.07E0));
#7318=DIRECTION('',(1.E0,0.E0,0.E0));
#7319=DIRECTION('',(0.E0,-1.E0,-6.291263806209E-14));
#7320=AXIS2_PLACEMENT_3D('',#7317,#7318,#7319);
#7322=DIRECTION('',(1.E0,0.E0,0.E0));
#7323=VECTOR('',#7322,1.4E-1);
#7324=CARTESIAN_POINT('',(1.3E-1,-2.E-2,1.07E0));
#7325=LINE('',#7324,#7323);
#7326=CARTESIAN_POINT('',(2.7E-1,1.E-1,1.07E0));
#7327=DIRECTION('',(1.E0,0.E0,0.E0));
#7328=DIRECTION('',(0.E0,-1.E0,-6.291263806209E-14));
#7329=AXIS2_PLACEMENT_3D('',#7326,#7327,#7328);
#7331=DIRECTION('',(0.E0,0.E0,-1.E0));
#7332=VECTOR('',#7331,1.8E-1);
#7333=CARTESIAN_POINT('',(1.3E-1,-2.E-2,1.25E0));
#7334=LINE('',#7333,#7332);
#7335=DIRECTION('',(1.E0,0.E0,0.E0));
#7336=VECTOR('',#7335,1.4E-1);
#7337=CARTESIAN_POINT('',(1.3E-1,-2.E-2,1.25E0));
#7338=LINE('',#7337,#7336);
#7339=DIRECTION('',(0.E0,0.E0,-1.E0));
#7340=VECTOR('',#7339,1.8E-1);
#7341=CARTESIAN_POINT('',(2.7E-1,-2.E-2,1.25E0));
#7342=LINE('',#7341,#7340);
#7343=DIRECTION('',(0.E0,-1.E0,0.E0));
#7344=VECTOR('',#7343,8.E-2);
#7345=CARTESIAN_POINT('',(1.3E-1,6.E-2,1.25E0));
#7346=LINE('',#7345,#7344);
#7347=DIRECTION('',(1.E0,0.E0,0.E0));
#7348=VECTOR('',#7347,1.4E-1);
#7349=CARTESIAN_POINT('',(1.3E-1,6.E-2,1.25E0));
#7350=LINE('',#7349,#7348);
#7351=DIRECTION('',(0.E0,-1.E0,0.E0));
#7352=VECTOR('',#7351,8.E-2);
#7353=CARTESIAN_POINT('',(2.7E-1,6.E-2,1.25E0));
#7354=LINE('',#7353,#7352);
#7355=DIRECTION('',(0.E0,0.E0,1.E0));
#7356=VECTOR('',#7355,1.8E-1);
#7357=CARTESIAN_POINT('',(1.3E-1,6.E-2,1.07E0));
#7358=LINE('',#7357,#7356);
#7359=DIRECTION('',(1.E0,0.E0,0.E0));
#7360=VECTOR('',#7359,1.4E-1);
#7361=CARTESIAN_POINT('',(1.3E-1,6.E-2,1.07E0));
#7362=LINE('',#7361,#7360);
#7363=DIRECTION('',(0.E0,0.E0,1.E0));
#7364=VECTOR('',#7363,1.8E-1);
#7365=CARTESIAN_POINT('',(2.7E-1,6.E-2,1.07E0));
#7366=LINE('',#7365,#7364);
#7367=CARTESIAN_POINT('',(1.3E-1,1.E-1,1.07E0));
#7368=DIRECTION('',(1.E0,0.E0,0.E0));
#7369=DIRECTION('',(0.E0,-1.E0,0.E0));
#7370=AXIS2_PLACEMENT_3D('',#7367,#7368,#7369);
#7372=DIRECTION('',(1.E0,0.E0,0.E0));
#7373=VECTOR('',#7372,1.4E-1);
#7374=CARTESIAN_POINT('',(1.3E-1,1.E-1,1.03E0));
#7375=LINE('',#7374,#7373);
#7376=CARTESIAN_POINT('',(2.7E-1,1.E-1,1.07E0));
#7377=DIRECTION('',(1.E0,0.E0,0.E0));
#7378=DIRECTION('',(0.E0,-1.E0,0.E0));
#7379=AXIS2_PLACEMENT_3D('',#7376,#7377,#7378);
#7381=DIRECTION('',(0.E0,1.E0,0.E0));
#7382=VECTOR('',#7381,2.E-2);
#7383=CARTESIAN_POINT('',(1.3E-1,1.E-1,-1.03E0));
#7384=LINE('',#7383,#7382);
#7385=DIRECTION('',(1.E0,0.E0,0.E0));
#7386=VECTOR('',#7385,1.4E-1);
#7387=CARTESIAN_POINT('',(1.3E-1,1.E-1,-1.03E0));
#7388=LINE('',#7387,#7386);
#7389=DIRECTION('',(0.E0,1.E0,0.E0));
#7390=VECTOR('',#7389,2.E-2);
#7391=CARTESIAN_POINT('',(2.7E-1,1.E-1,-1.03E0));
#7392=LINE('',#7391,#7390);
#7393=DIRECTION('',(0.E0,-1.E0,0.E0));
#7394=VECTOR('',#7393,2.E-2);
#7395=CARTESIAN_POINT('',(1.3E-1,1.2E-1,-9.5E-1));
#7396=LINE('',#7395,#7394);
#7397=DIRECTION('',(0.E0,-1.E0,0.E0));
#7398=VECTOR('',#7397,2.E-2);
#7399=CARTESIAN_POINT('',(2.7E-1,1.2E-1,-9.5E-1));
#7400=LINE('',#7399,#7398);
#7401=CARTESIAN_POINT('',(1.3E-1,1.E-1,-1.07E0));
#7402=DIRECTION('',(1.E0,0.E0,0.E0));
#7403=DIRECTION('',(0.E0,0.E0,1.E0));
#7404=AXIS2_PLACEMENT_3D('',#7401,#7402,#7403);
#7406=DIRECTION('',(1.E0,0.E0,0.E0));
#7407=VECTOR('',#7406,1.4E-1);
#7408=CARTESIAN_POINT('',(1.3E-1,6.E-2,-1.07E0));
#7409=LINE('',#7408,#7407);
#7410=CARTESIAN_POINT('',(2.7E-1,1.E-1,-1.07E0));
#7411=DIRECTION('',(1.E0,0.E0,0.E0));
#7412=DIRECTION('',(0.E0,0.E0,1.E0));
#7413=AXIS2_PLACEMENT_3D('',#7410,#7411,#7412);
#7415=DIRECTION('',(0.E0,0.E0,1.E0));
#7416=VECTOR('',#7415,1.8E-1);
#7417=CARTESIAN_POINT('',(1.3E-1,6.E-2,-1.25E0));
#7418=LINE('',#7417,#7416);
#7419=DIRECTION('',(1.E0,0.E0,0.E0));
#7420=VECTOR('',#7419,1.4E-1);
#7421=CARTESIAN_POINT('',(1.3E-1,6.E-2,-1.25E0));
#7422=LINE('',#7421,#7420);
#7423=DIRECTION('',(0.E0,0.E0,1.E0));
#7424=VECTOR('',#7423,1.8E-1);
#7425=CARTESIAN_POINT('',(2.7E-1,6.E-2,-1.25E0));
#7426=LINE('',#7425,#7424);
#7427=DIRECTION('',(0.E0,1.E0,0.E0));
#7428=VECTOR('',#7427,8.E-2);
#7429=CARTESIAN_POINT('',(1.3E-1,-2.E-2,-1.25E0));
#7430=LINE('',#7429,#7428);
#7431=DIRECTION('',(1.E0,0.E0,0.E0));
#7432=VECTOR('',#7431,1.4E-1);
#7433=CARTESIAN_POINT('',(1.3E-1,-2.E-2,-1.25E0));
#7434=LINE('',#7433,#7432);
#7435=DIRECTION('',(0.E0,1.E0,0.E0));
#7436=VECTOR('',#7435,8.E-2);
#7437=CARTESIAN_POINT('',(2.7E-1,-2.E-2,-1.25E0));
#7438=LINE('',#7437,#7436);
#7439=DIRECTION('',(0.E0,0.E0,-1.E0));
#7440=VECTOR('',#7439,1.8E-1);
#7441=CARTESIAN_POINT('',(1.3E-1,-2.E-2,-1.07E0));
#7442=LINE('',#7441,#7440);
#7443=DIRECTION('',(1.E0,0.E0,0.E0));
#7444=VECTOR('',#7443,1.4E-1);
#7445=CARTESIAN_POINT('',(1.3E-1,-2.E-2,-1.07E0));
#7446=LINE('',#7445,#7444);
#7447=DIRECTION('',(0.E0,0.E0,-1.E0));
#7448=VECTOR('',#7447,1.8E-1);
#7449=CARTESIAN_POINT('',(2.7E-1,-2.E-2,-1.07E0));
#7450=LINE('',#7449,#7448);
#7451=CARTESIAN_POINT('',(1.3E-1,1.E-1,-1.07E0));
#7452=DIRECTION('',(1.E0,0.E0,0.E0));
#7453=DIRECTION('',(0.E0,-7.042977312466E-14,1.E0));
#7454=AXIS2_PLACEMENT_3D('',#7451,#7452,#7453);
#7456=DIRECTION('',(1.E0,0.E0,0.E0));
#7457=VECTOR('',#7456,1.4E-1);
#7458=CARTESIAN_POINT('',(1.3E-1,1.E-1,-9.5E-1));
#7459=LINE('',#7458,#7457);
#7460=CARTESIAN_POINT('',(2.7E-1,1.E-1,-1.07E0));
#7461=DIRECTION('',(1.E0,0.E0,0.E0));
#7462=DIRECTION('',(0.E0,-6.418476861114E-14,1.E0));
#7463=AXIS2_PLACEMENT_3D('',#7460,#7461,#7462);
#7465=DIRECTION('',(0.E0,1.E0,0.E0));
#7466=VECTOR('',#7465,2.E-2);
#7467=CARTESIAN_POINT('',(-2.7E-1,1.E-1,9.5E-1));
#7468=LINE('',#7467,#7466);
#7469=DIRECTION('',(1.E0,0.E0,0.E0));
#7470=VECTOR('',#7469,1.4E-1);
#7471=CARTESIAN_POINT('',(-2.7E-1,1.E-1,9.5E-1));
#7472=LINE('',#7471,#7470);
#7473=DIRECTION('',(0.E0,1.E0,0.E0));
#7474=VECTOR('',#7473,2.E-2);
#7475=CARTESIAN_POINT('',(-1.3E-1,1.E-1,9.5E-1));
#7476=LINE('',#7475,#7474);
#7477=DIRECTION('',(0.E0,-1.E0,0.E0));
#7478=VECTOR('',#7477,2.E-2);
#7479=CARTESIAN_POINT('',(-2.7E-1,1.2E-1,1.03E0));
#7480=LINE('',#7479,#7478);
#7481=DIRECTION('',(0.E0,-1.E0,0.E0));
#7482=VECTOR('',#7481,2.E-2);
#7483=CARTESIAN_POINT('',(-1.3E-1,1.2E-1,1.03E0));
#7484=LINE('',#7483,#7482);
#7485=CARTESIAN_POINT('',(-2.7E-1,1.E-1,1.07E0));
#7486=DIRECTION('',(1.E0,0.E0,0.E0));
#7487=DIRECTION('',(0.E0,-1.E0,-6.291263806209E-14));
#7488=AXIS2_PLACEMENT_3D('',#7485,#7486,#7487);
#7490=DIRECTION('',(1.E0,0.E0,0.E0));
#7491=VECTOR('',#7490,1.4E-1);
#7492=CARTESIAN_POINT('',(-2.7E-1,-2.E-2,1.07E0));
#7493=LINE('',#7492,#7491);
#7494=CARTESIAN_POINT('',(-1.3E-1,1.E-1,1.07E0));
#7495=DIRECTION('',(1.E0,0.E0,0.E0));
#7496=DIRECTION('',(0.E0,-1.E0,-6.291263806209E-14));
#7497=AXIS2_PLACEMENT_3D('',#7494,#7495,#7496);
#7499=DIRECTION('',(0.E0,0.E0,-1.E0));
#7500=VECTOR('',#7499,1.8E-1);
#7501=CARTESIAN_POINT('',(-2.7E-1,-2.E-2,1.25E0));
#7502=LINE('',#7501,#7500);
#7503=DIRECTION('',(1.E0,0.E0,0.E0));
#7504=VECTOR('',#7503,1.4E-1);
#7505=CARTESIAN_POINT('',(-2.7E-1,-2.E-2,1.25E0));
#7506=LINE('',#7505,#7504);
#7507=DIRECTION('',(0.E0,0.E0,-1.E0));
#7508=VECTOR('',#7507,1.8E-1);
#7509=CARTESIAN_POINT('',(-1.3E-1,-2.E-2,1.25E0));
#7510=LINE('',#7509,#7508);
#7511=DIRECTION('',(0.E0,-1.E0,0.E0));
#7512=VECTOR('',#7511,8.E-2);
#7513=CARTESIAN_POINT('',(-2.7E-1,6.E-2,1.25E0));
#7514=LINE('',#7513,#7512);
#7515=DIRECTION('',(1.E0,0.E0,0.E0));
#7516=VECTOR('',#7515,1.4E-1);
#7517=CARTESIAN_POINT('',(-2.7E-1,6.E-2,1.25E0));
#7518=LINE('',#7517,#7516);
#7519=DIRECTION('',(0.E0,-1.E0,0.E0));
#7520=VECTOR('',#7519,8.E-2);
#7521=CARTESIAN_POINT('',(-1.3E-1,6.E-2,1.25E0));
#7522=LINE('',#7521,#7520);
#7523=DIRECTION('',(0.E0,0.E0,1.E0));
#7524=VECTOR('',#7523,1.8E-1);
#7525=CARTESIAN_POINT('',(-2.7E-1,6.E-2,1.07E0));
#7526=LINE('',#7525,#7524);
#7527=DIRECTION('',(1.E0,0.E0,0.E0));
#7528=VECTOR('',#7527,1.4E-1);
#7529=CARTESIAN_POINT('',(-2.7E-1,6.E-2,1.07E0));
#7530=LINE('',#7529,#7528);
#7531=DIRECTION('',(0.E0,0.E0,1.E0));
#7532=VECTOR('',#7531,1.8E-1);
#7533=CARTESIAN_POINT('',(-1.3E-1,6.E-2,1.07E0));
#7534=LINE('',#7533,#7532);
#7535=CARTESIAN_POINT('',(-2.7E-1,1.E-1,1.07E0));
#7536=DIRECTION('',(1.E0,0.E0,0.E0));
#7537=DIRECTION('',(0.E0,-1.E0,0.E0));
#7538=AXIS2_PLACEMENT_3D('',#7535,#7536,#7537);
#7540=DIRECTION('',(1.E0,0.E0,0.E0));
#7541=VECTOR('',#7540,1.4E-1);
#7542=CARTESIAN_POINT('',(-2.7E-1,1.E-1,1.03E0));
#7543=LINE('',#7542,#7541);
#7544=CARTESIAN_POINT('',(-1.3E-1,1.E-1,1.07E0));
#7545=DIRECTION('',(1.E0,0.E0,0.E0));
#7546=DIRECTION('',(0.E0,-1.E0,0.E0));
#7547=AXIS2_PLACEMENT_3D('',#7544,#7545,#7546);
#7549=DIRECTION('',(0.E0,1.E0,0.E0));
#7550=VECTOR('',#7549,2.E-2);
#7551=CARTESIAN_POINT('',(-2.7E-1,1.E-1,-1.03E0));
#7552=LINE('',#7551,#7550);
#7553=DIRECTION('',(1.E0,0.E0,0.E0));
#7554=VECTOR('',#7553,1.4E-1);
#7555=CARTESIAN_POINT('',(-2.7E-1,1.E-1,-1.03E0));
#7556=LINE('',#7555,#7554);
#7557=DIRECTION('',(0.E0,1.E0,0.E0));
#7558=VECTOR('',#7557,2.E-2);
#7559=CARTESIAN_POINT('',(-1.3E-1,1.E-1,-1.03E0));
#7560=LINE('',#7559,#7558);
#7561=DIRECTION('',(0.E0,-1.E0,0.E0));
#7562=VECTOR('',#7561,2.E-2);
#7563=CARTESIAN_POINT('',(-2.7E-1,1.2E-1,-9.5E-1));
#7564=LINE('',#7563,#7562);
#7565=DIRECTION('',(0.E0,-1.E0,0.E0));
#7566=VECTOR('',#7565,2.E-2);
#7567=CARTESIAN_POINT('',(-1.3E-1,1.2E-1,-9.5E-1));
#7568=LINE('',#7567,#7566);
#7569=CARTESIAN_POINT('',(-2.7E-1,1.E-1,-1.07E0));
#7570=DIRECTION('',(1.E0,0.E0,0.E0));
#7571=DIRECTION('',(0.E0,0.E0,1.E0));
#7572=AXIS2_PLACEMENT_3D('',#7569,#7570,#7571);
#7574=DIRECTION('',(1.E0,0.E0,0.E0));
#7575=VECTOR('',#7574,1.4E-1);
#7576=CARTESIAN_POINT('',(-2.7E-1,6.E-2,-1.07E0));
#7577=LINE('',#7576,#7575);
#7578=CARTESIAN_POINT('',(-1.3E-1,1.E-1,-1.07E0));
#7579=DIRECTION('',(1.E0,0.E0,0.E0));
#7580=DIRECTION('',(0.E0,0.E0,1.E0));
#7581=AXIS2_PLACEMENT_3D('',#7578,#7579,#7580);
#7583=DIRECTION('',(0.E0,0.E0,1.E0));
#7584=VECTOR('',#7583,1.8E-1);
#7585=CARTESIAN_POINT('',(-2.7E-1,6.E-2,-1.25E0));
#7586=LINE('',#7585,#7584);
#7587=DIRECTION('',(1.E0,0.E0,0.E0));
#7588=VECTOR('',#7587,1.4E-1);
#7589=CARTESIAN_POINT('',(-2.7E-1,6.E-2,-1.25E0));
#7590=LINE('',#7589,#7588);
#7591=DIRECTION('',(0.E0,0.E0,1.E0));
#7592=VECTOR('',#7591,1.8E-1);
#7593=CARTESIAN_POINT('',(-1.3E-1,6.E-2,-1.25E0));
#7594=LINE('',#7593,#7592);
#7595=DIRECTION('',(0.E0,1.E0,0.E0));
#7596=VECTOR('',#7595,8.E-2);
#7597=CARTESIAN_POINT('',(-2.7E-1,-2.E-2,-1.25E0));
#7598=LINE('',#7597,#7596);
#7599=DIRECTION('',(1.E0,0.E0,0.E0));
#7600=VECTOR('',#7599,1.4E-1);
#7601=CARTESIAN_POINT('',(-2.7E-1,-2.E-2,-1.25E0));
#7602=LINE('',#7601,#7600);
#7603=DIRECTION('',(0.E0,1.E0,0.E0));
#7604=VECTOR('',#7603,8.E-2);
#7605=CARTESIAN_POINT('',(-1.3E-1,-2.E-2,-1.25E0));
#7606=LINE('',#7605,#7604);
#7607=DIRECTION('',(0.E0,0.E0,-1.E0));
#7608=VECTOR('',#7607,1.8E-1);
#7609=CARTESIAN_POINT('',(-2.7E-1,-2.E-2,-1.07E0));
#7610=LINE('',#7609,#7608);
#7611=DIRECTION('',(1.E0,0.E0,0.E0));
#7612=VECTOR('',#7611,1.4E-1);
#7613=CARTESIAN_POINT('',(-2.7E-1,-2.E-2,-1.07E0));
#7614=LINE('',#7613,#7612);
#7615=DIRECTION('',(0.E0,0.E0,-1.E0));
#7616=VECTOR('',#7615,1.8E-1);
#7617=CARTESIAN_POINT('',(-1.3E-1,-2.E-2,-1.07E0));
#7618=LINE('',#7617,#7616);
#7619=CARTESIAN_POINT('',(-2.7E-1,1.E-1,-1.07E0));
#7620=DIRECTION('',(1.E0,0.E0,0.E0));
#7621=DIRECTION('',(0.E0,-7.042977312466E-14,1.E0));
#7622=AXIS2_PLACEMENT_3D('',#7619,#7620,#7621);
#7624=DIRECTION('',(1.E0,0.E0,0.E0));
#7625=VECTOR('',#7624,1.4E-1);
#7626=CARTESIAN_POINT('',(-2.7E-1,1.E-1,-9.5E-1));
#7627=LINE('',#7626,#7625);
#7628=CARTESIAN_POINT('',(-1.3E-1,1.E-1,-1.07E0));
#7629=DIRECTION('',(1.E0,0.E0,0.E0));
#7630=DIRECTION('',(0.E0,-6.418476861114E-14,1.E0));
#7631=AXIS2_PLACEMENT_3D('',#7628,#7629,#7630);
#7633=DIRECTION('',(-1.110223024625E-14,1.E0,0.E0));
#7634=VECTOR('',#7633,2.E-2);
#7635=CARTESIAN_POINT('',(-6.7E-1,1.E-1,9.5E-1));
#7636=LINE('',#7635,#7634);
#7637=DIRECTION('',(1.E0,0.E0,0.E0));
#7638=VECTOR('',#7637,1.4E-1);
#7639=CARTESIAN_POINT('',(-6.7E-1,1.E-1,9.5E-1));
#7640=LINE('',#7639,#7638);
#7641=DIRECTION('',(0.E0,1.E0,0.E0));
#7642=VECTOR('',#7641,2.E-2);
#7643=CARTESIAN_POINT('',(-5.3E-1,1.E-1,9.5E-1));
#7644=LINE('',#7643,#7642);
#7645=DIRECTION('',(1.110223024625E-14,-1.E0,0.E0));
#7646=VECTOR('',#7645,2.E-2);
#7647=CARTESIAN_POINT('',(-6.7E-1,1.2E-1,1.03E0));
#7648=LINE('',#7647,#7646);
#7649=DIRECTION('',(0.E0,-1.E0,0.E0));
#7650=VECTOR('',#7649,2.E-2);
#7651=CARTESIAN_POINT('',(-5.3E-1,1.2E-1,1.03E0));
#7652=LINE('',#7651,#7650);
#7653=CARTESIAN_POINT('',(-6.7E-1,1.E-1,1.07E0));
#7654=DIRECTION('',(1.E0,0.E0,0.E0));
#7655=DIRECTION('',(0.E0,-1.E0,-6.291263806209E-14));
#7656=AXIS2_PLACEMENT_3D('',#7653,#7654,#7655);
#7658=DIRECTION('',(1.E0,0.E0,0.E0));
#7659=VECTOR('',#7658,1.4E-1);
#7660=CARTESIAN_POINT('',(-6.7E-1,-2.E-2,1.07E0));
#7661=LINE('',#7660,#7659);
#7662=CARTESIAN_POINT('',(-5.3E-1,1.E-1,1.07E0));
#7663=DIRECTION('',(1.E0,0.E0,0.E0));
#7664=DIRECTION('',(0.E0,-1.E0,-6.291263806209E-14));
#7665=AXIS2_PLACEMENT_3D('',#7662,#7663,#7664);
#7667=DIRECTION('',(0.E0,0.E0,-1.E0));
#7668=VECTOR('',#7667,1.8E-1);
#7669=CARTESIAN_POINT('',(-6.7E-1,-2.E-2,1.25E0));
#7670=LINE('',#7669,#7668);
#7671=DIRECTION('',(1.E0,0.E0,0.E0));
#7672=VECTOR('',#7671,1.4E-1);
#7673=CARTESIAN_POINT('',(-6.7E-1,-2.E-2,1.25E0));
#7674=LINE('',#7673,#7672);
#7675=DIRECTION('',(0.E0,0.E0,-1.E0));
#7676=VECTOR('',#7675,1.8E-1);
#7677=CARTESIAN_POINT('',(-5.3E-1,-2.E-2,1.25E0));
#7678=LINE('',#7677,#7676);
#7679=DIRECTION('',(0.E0,-1.E0,0.E0));
#7680=VECTOR('',#7679,8.E-2);
#7681=CARTESIAN_POINT('',(-6.7E-1,6.E-2,1.25E0));
#7682=LINE('',#7681,#7680);
#7683=DIRECTION('',(1.E0,0.E0,0.E0));
#7684=VECTOR('',#7683,1.4E-1);
#7685=CARTESIAN_POINT('',(-6.7E-1,6.E-2,1.25E0));
#7686=LINE('',#7685,#7684);
#7687=DIRECTION('',(0.E0,-1.E0,0.E0));
#7688=VECTOR('',#7687,8.E-2);
#7689=CARTESIAN_POINT('',(-5.3E-1,6.E-2,1.25E0));
#7690=LINE('',#7689,#7688);
#7691=DIRECTION('',(0.E0,0.E0,1.E0));
#7692=VECTOR('',#7691,1.8E-1);
#7693=CARTESIAN_POINT('',(-6.7E-1,6.E-2,1.07E0));
#7694=LINE('',#7693,#7692);
#7695=DIRECTION('',(1.E0,0.E0,0.E0));
#7696=VECTOR('',#7695,1.4E-1);
#7697=CARTESIAN_POINT('',(-6.7E-1,6.E-2,1.07E0));
#7698=LINE('',#7697,#7696);
#7699=DIRECTION('',(0.E0,0.E0,1.E0));
#7700=VECTOR('',#7699,1.8E-1);
#7701=CARTESIAN_POINT('',(-5.3E-1,6.E-2,1.07E0));
#7702=LINE('',#7701,#7700);
#7703=CARTESIAN_POINT('',(-6.7E-1,1.E-1,1.07E0));
#7704=DIRECTION('',(1.E0,0.E0,0.E0));
#7705=DIRECTION('',(0.E0,-1.E0,0.E0));
#7706=AXIS2_PLACEMENT_3D('',#7703,#7704,#7705);
#7708=DIRECTION('',(1.E0,0.E0,0.E0));
#7709=VECTOR('',#7708,1.4E-1);
#7710=CARTESIAN_POINT('',(-6.7E-1,1.E-1,1.03E0));
#7711=LINE('',#7710,#7709);
#7712=CARTESIAN_POINT('',(-5.3E-1,1.E-1,1.07E0));
#7713=DIRECTION('',(1.E0,0.E0,0.E0));
#7714=DIRECTION('',(0.E0,-1.E0,0.E0));
#7715=AXIS2_PLACEMENT_3D('',#7712,#7713,#7714);
#7717=DIRECTION('',(-1.110223024625E-14,1.E0,0.E0));
#7718=VECTOR('',#7717,2.E-2);
#7719=CARTESIAN_POINT('',(-6.7E-1,1.E-1,-1.03E0));
#7720=LINE('',#7719,#7718);
#7721=DIRECTION('',(1.E0,0.E0,0.E0));
#7722=VECTOR('',#7721,1.4E-1);
#7723=CARTESIAN_POINT('',(-6.7E-1,1.E-1,-1.03E0));
#7724=LINE('',#7723,#7722);
#7725=DIRECTION('',(0.E0,1.E0,0.E0));
#7726=VECTOR('',#7725,2.E-2);
#7727=CARTESIAN_POINT('',(-5.3E-1,1.E-1,-1.03E0));
#7728=LINE('',#7727,#7726);
#7729=DIRECTION('',(1.110223024625E-14,-1.E0,0.E0));
#7730=VECTOR('',#7729,2.E-2);
#7731=CARTESIAN_POINT('',(-6.7E-1,1.2E-1,-9.5E-1));
#7732=LINE('',#7731,#7730);
#7733=DIRECTION('',(0.E0,-1.E0,0.E0));
#7734=VECTOR('',#7733,2.E-2);
#7735=CARTESIAN_POINT('',(-5.3E-1,1.2E-1,-9.5E-1));
#7736=LINE('',#7735,#7734);
#7737=CARTESIAN_POINT('',(-6.7E-1,1.E-1,-1.07E0));
#7738=DIRECTION('',(1.E0,0.E0,0.E0));
#7739=DIRECTION('',(0.E0,0.E0,1.E0));
#7740=AXIS2_PLACEMENT_3D('',#7737,#7738,#7739);
#7742=DIRECTION('',(1.E0,0.E0,0.E0));
#7743=VECTOR('',#7742,1.4E-1);
#7744=CARTESIAN_POINT('',(-6.7E-1,6.E-2,-1.07E0));
#7745=LINE('',#7744,#7743);
#7746=CARTESIAN_POINT('',(-5.3E-1,1.E-1,-1.07E0));
#7747=DIRECTION('',(1.E0,0.E0,0.E0));
#7748=DIRECTION('',(0.E0,0.E0,1.E0));
#7749=AXIS2_PLACEMENT_3D('',#7746,#7747,#7748);
#7751=DIRECTION('',(0.E0,0.E0,1.E0));
#7752=VECTOR('',#7751,1.8E-1);
#7753=CARTESIAN_POINT('',(-6.7E-1,6.E-2,-1.25E0));
#7754=LINE('',#7753,#7752);
#7755=DIRECTION('',(1.E0,0.E0,0.E0));
#7756=VECTOR('',#7755,1.4E-1);
#7757=CARTESIAN_POINT('',(-6.7E-1,6.E-2,-1.25E0));
#7758=LINE('',#7757,#7756);
#7759=DIRECTION('',(0.E0,0.E0,1.E0));
#7760=VECTOR('',#7759,1.8E-1);
#7761=CARTESIAN_POINT('',(-5.3E-1,6.E-2,-1.25E0));
#7762=LINE('',#7761,#7760);
#7763=DIRECTION('',(0.E0,1.E0,0.E0));
#7764=VECTOR('',#7763,8.E-2);
#7765=CARTESIAN_POINT('',(-6.7E-1,-2.E-2,-1.25E0));
#7766=LINE('',#7765,#7764);
#7767=DIRECTION('',(1.E0,0.E0,0.E0));
#7768=VECTOR('',#7767,1.4E-1);
#7769=CARTESIAN_POINT('',(-6.7E-1,-2.E-2,-1.25E0));
#7770=LINE('',#7769,#7768);
#7771=DIRECTION('',(0.E0,1.E0,0.E0));
#7772=VECTOR('',#7771,8.E-2);
#7773=CARTESIAN_POINT('',(-5.3E-1,-2.E-2,-1.25E0));
#7774=LINE('',#7773,#7772);
#7775=DIRECTION('',(0.E0,0.E0,-1.E0));
#7776=VECTOR('',#7775,1.8E-1);
#7777=CARTESIAN_POINT('',(-6.7E-1,-2.E-2,-1.07E0));
#7778=LINE('',#7777,#7776);
#7779=DIRECTION('',(1.E0,0.E0,0.E0));
#7780=VECTOR('',#7779,1.4E-1);
#7781=CARTESIAN_POINT('',(-6.7E-1,-2.E-2,-1.07E0));
#7782=LINE('',#7781,#7780);
#7783=DIRECTION('',(0.E0,0.E0,-1.E0));
#7784=VECTOR('',#7783,1.8E-1);
#7785=CARTESIAN_POINT('',(-5.3E-1,-2.E-2,-1.07E0));
#7786=LINE('',#7785,#7784);
#7787=CARTESIAN_POINT('',(-6.7E-1,1.E-1,-1.07E0));
#7788=DIRECTION('',(1.E0,0.E0,0.E0));
#7789=DIRECTION('',(0.E0,-7.042977312466E-14,1.E0));
#7790=AXIS2_PLACEMENT_3D('',#7787,#7788,#7789);
#7792=DIRECTION('',(1.E0,0.E0,0.E0));
#7793=VECTOR('',#7792,1.4E-1);
#7794=CARTESIAN_POINT('',(-6.7E-1,1.E-1,-9.5E-1));
#7795=LINE('',#7794,#7793);
#7796=CARTESIAN_POINT('',(-5.3E-1,1.E-1,-1.07E0));
#7797=DIRECTION('',(1.E0,0.E0,0.E0));
#7798=DIRECTION('',(0.E0,-6.418476861114E-14,1.E0));
#7799=AXIS2_PLACEMENT_3D('',#7796,#7797,#7798);
#7801=DIRECTION('',(0.E0,1.E0,0.E0));
#7802=VECTOR('',#7801,2.E-2);
#7803=CARTESIAN_POINT('',(-1.07E0,1.E-1,9.5E-1));
#7804=LINE('',#7803,#7802);
#7805=DIRECTION('',(1.E0,0.E0,0.E0));
#7806=VECTOR('',#7805,1.4E-1);
#7807=CARTESIAN_POINT('',(-1.07E0,1.E-1,9.5E-1));
#7808=LINE('',#7807,#7806);
#7809=DIRECTION('',(0.E0,1.E0,0.E0));
#7810=VECTOR('',#7809,2.E-2);
#7811=CARTESIAN_POINT('',(-9.3E-1,1.E-1,9.5E-1));
#7812=LINE('',#7811,#7810);
#7813=DIRECTION('',(0.E0,-1.E0,0.E0));
#7814=VECTOR('',#7813,2.E-2);
#7815=CARTESIAN_POINT('',(-1.07E0,1.2E-1,1.03E0));
#7816=LINE('',#7815,#7814);
#7817=DIRECTION('',(0.E0,-1.E0,0.E0));
#7818=VECTOR('',#7817,2.E-2);
#7819=CARTESIAN_POINT('',(-9.3E-1,1.2E-1,1.03E0));
#7820=LINE('',#7819,#7818);
#7821=CARTESIAN_POINT('',(-1.07E0,1.E-1,1.07E0));
#7822=DIRECTION('',(1.E0,0.E0,0.E0));
#7823=DIRECTION('',(0.E0,-1.E0,-6.291263806209E-14));
#7824=AXIS2_PLACEMENT_3D('',#7821,#7822,#7823);
#7826=DIRECTION('',(1.E0,0.E0,0.E0));
#7827=VECTOR('',#7826,1.4E-1);
#7828=CARTESIAN_POINT('',(-1.07E0,-2.E-2,1.07E0));
#7829=LINE('',#7828,#7827);
#7830=CARTESIAN_POINT('',(-9.3E-1,1.E-1,1.07E0));
#7831=DIRECTION('',(1.E0,0.E0,0.E0));
#7832=DIRECTION('',(0.E0,-1.E0,-6.291263806209E-14));
#7833=AXIS2_PLACEMENT_3D('',#7830,#7831,#7832);
#7835=DIRECTION('',(0.E0,0.E0,-1.E0));
#7836=VECTOR('',#7835,1.8E-1);
#7837=CARTESIAN_POINT('',(-1.07E0,-2.E-2,1.25E0));
#7838=LINE('',#7837,#7836);
#7839=DIRECTION('',(1.E0,0.E0,0.E0));
#7840=VECTOR('',#7839,1.4E-1);
#7841=CARTESIAN_POINT('',(-1.07E0,-2.E-2,1.25E0));
#7842=LINE('',#7841,#7840);
#7843=DIRECTION('',(0.E0,0.E0,-1.E0));
#7844=VECTOR('',#7843,1.8E-1);
#7845=CARTESIAN_POINT('',(-9.3E-1,-2.E-2,1.25E0));
#7846=LINE('',#7845,#7844);
#7847=DIRECTION('',(0.E0,-1.E0,0.E0));
#7848=VECTOR('',#7847,8.E-2);
#7849=CARTESIAN_POINT('',(-1.07E0,6.E-2,1.25E0));
#7850=LINE('',#7849,#7848);
#7851=DIRECTION('',(1.E0,0.E0,0.E0));
#7852=VECTOR('',#7851,1.4E-1);
#7853=CARTESIAN_POINT('',(-1.07E0,6.E-2,1.25E0));
#7854=LINE('',#7853,#7852);
#7855=DIRECTION('',(0.E0,-1.E0,0.E0));
#7856=VECTOR('',#7855,8.E-2);
#7857=CARTESIAN_POINT('',(-9.3E-1,6.E-2,1.25E0));
#7858=LINE('',#7857,#7856);
#7859=DIRECTION('',(0.E0,0.E0,1.E0));
#7860=VECTOR('',#7859,1.8E-1);
#7861=CARTESIAN_POINT('',(-1.07E0,6.E-2,1.07E0));
#7862=LINE('',#7861,#7860);
#7863=DIRECTION('',(1.E0,0.E0,0.E0));
#7864=VECTOR('',#7863,1.4E-1);
#7865=CARTESIAN_POINT('',(-1.07E0,6.E-2,1.07E0));
#7866=LINE('',#7865,#7864);
#7867=DIRECTION('',(0.E0,0.E0,1.E0));
#7868=VECTOR('',#7867,1.8E-1);
#7869=CARTESIAN_POINT('',(-9.3E-1,6.E-2,1.07E0));
#7870=LINE('',#7869,#7868);
#7871=CARTESIAN_POINT('',(-1.07E0,1.E-1,1.07E0));
#7872=DIRECTION('',(1.E0,0.E0,0.E0));
#7873=DIRECTION('',(0.E0,-1.E0,0.E0));
#7874=AXIS2_PLACEMENT_3D('',#7871,#7872,#7873);
#7876=DIRECTION('',(1.E0,0.E0,0.E0));
#7877=VECTOR('',#7876,1.4E-1);
#7878=CARTESIAN_POINT('',(-1.07E0,1.E-1,1.03E0));
#7879=LINE('',#7878,#7877);
#7880=CARTESIAN_POINT('',(-9.3E-1,1.E-1,1.07E0));
#7881=DIRECTION('',(1.E0,0.E0,0.E0));
#7882=DIRECTION('',(0.E0,-1.E0,0.E0));
#7883=AXIS2_PLACEMENT_3D('',#7880,#7881,#7882);
#7885=DIRECTION('',(0.E0,1.E0,0.E0));
#7886=VECTOR('',#7885,2.E-2);
#7887=CARTESIAN_POINT('',(-1.07E0,1.E-1,-1.03E0));
#7888=LINE('',#7887,#7886);
#7889=DIRECTION('',(1.E0,0.E0,0.E0));
#7890=VECTOR('',#7889,1.4E-1);
#7891=CARTESIAN_POINT('',(-1.07E0,1.E-1,-1.03E0));
#7892=LINE('',#7891,#7890);
#7893=DIRECTION('',(0.E0,1.E0,0.E0));
#7894=VECTOR('',#7893,2.E-2);
#7895=CARTESIAN_POINT('',(-9.3E-1,1.E-1,-1.03E0));
#7896=LINE('',#7895,#7894);
#7897=DIRECTION('',(0.E0,-1.E0,0.E0));
#7898=VECTOR('',#7897,2.E-2);
#7899=CARTESIAN_POINT('',(-1.07E0,1.2E-1,-9.5E-1));
#7900=LINE('',#7899,#7898);
#7901=DIRECTION('',(0.E0,-1.E0,0.E0));
#7902=VECTOR('',#7901,2.E-2);
#7903=CARTESIAN_POINT('',(-9.3E-1,1.2E-1,-9.5E-1));
#7904=LINE('',#7903,#7902);
#7905=CARTESIAN_POINT('',(-1.07E0,1.E-1,-1.07E0));
#7906=DIRECTION('',(1.E0,0.E0,0.E0));
#7907=DIRECTION('',(0.E0,0.E0,1.E0));
#7908=AXIS2_PLACEMENT_3D('',#7905,#7906,#7907);
#7910=DIRECTION('',(1.E0,0.E0,0.E0));
#7911=VECTOR('',#7910,1.4E-1);
#7912=CARTESIAN_POINT('',(-1.07E0,6.E-2,-1.07E0));
#7913=LINE('',#7912,#7911);
#7914=CARTESIAN_POINT('',(-9.3E-1,1.E-1,-1.07E0));
#7915=DIRECTION('',(1.E0,0.E0,0.E0));
#7916=DIRECTION('',(0.E0,0.E0,1.E0));
#7917=AXIS2_PLACEMENT_3D('',#7914,#7915,#7916);
#7919=DIRECTION('',(0.E0,0.E0,1.E0));
#7920=VECTOR('',#7919,1.8E-1);
#7921=CARTESIAN_POINT('',(-1.07E0,6.E-2,-1.25E0));
#7922=LINE('',#7921,#7920);
#7923=DIRECTION('',(1.E0,0.E0,0.E0));
#7924=VECTOR('',#7923,1.4E-1);
#7925=CARTESIAN_POINT('',(-1.07E0,6.E-2,-1.25E0));
#7926=LINE('',#7925,#7924);
#7927=DIRECTION('',(0.E0,0.E0,1.E0));
#7928=VECTOR('',#7927,1.8E-1);
#7929=CARTESIAN_POINT('',(-9.3E-1,6.E-2,-1.25E0));
#7930=LINE('',#7929,#7928);
#7931=DIRECTION('',(0.E0,1.E0,0.E0));
#7932=VECTOR('',#7931,8.E-2);
#7933=CARTESIAN_POINT('',(-1.07E0,-2.E-2,-1.25E0));
#7934=LINE('',#7933,#7932);
#7935=DIRECTION('',(1.E0,0.E0,0.E0));
#7936=VECTOR('',#7935,1.4E-1);
#7937=CARTESIAN_POINT('',(-1.07E0,-2.E-2,-1.25E0));
#7938=LINE('',#7937,#7936);
#7939=DIRECTION('',(0.E0,1.E0,0.E0));
#7940=VECTOR('',#7939,8.E-2);
#7941=CARTESIAN_POINT('',(-9.3E-1,-2.E-2,-1.25E0));
#7942=LINE('',#7941,#7940);
#7943=DIRECTION('',(0.E0,0.E0,-1.E0));
#7944=VECTOR('',#7943,1.8E-1);
#7945=CARTESIAN_POINT('',(-1.07E0,-2.E-2,-1.07E0));
#7946=LINE('',#7945,#7944);
#7947=DIRECTION('',(1.E0,0.E0,0.E0));
#7948=VECTOR('',#7947,1.4E-1);
#7949=CARTESIAN_POINT('',(-1.07E0,-2.E-2,-1.07E0));
#7950=LINE('',#7949,#7948);
#7951=DIRECTION('',(0.E0,0.E0,-1.E0));
#7952=VECTOR('',#7951,1.8E-1);
#7953=CARTESIAN_POINT('',(-9.3E-1,-2.E-2,-1.07E0));
#7954=LINE('',#7953,#7952);
#7955=CARTESIAN_POINT('',(-1.07E0,1.E-1,-1.07E0));
#7956=DIRECTION('',(1.E0,0.E0,0.E0));
#7957=DIRECTION('',(0.E0,-7.042977312466E-14,1.E0));
#7958=AXIS2_PLACEMENT_3D('',#7955,#7956,#7957);
#7960=DIRECTION('',(1.E0,0.E0,0.E0));
#7961=VECTOR('',#7960,1.4E-1);
#7962=CARTESIAN_POINT('',(-1.07E0,1.E-1,-9.5E-1));
#7963=LINE('',#7962,#7961);
#7964=CARTESIAN_POINT('',(-9.3E-1,1.E-1,-1.07E0));
#7965=DIRECTION('',(1.E0,0.E0,0.E0));
#7966=DIRECTION('',(0.E0,-6.418476861114E-14,1.E0));
#7967=AXIS2_PLACEMENT_3D('',#7964,#7965,#7966);
#7969=DIRECTION('',(0.E0,1.E0,0.E0));
#7970=VECTOR('',#7969,2.E-2);
#7971=CARTESIAN_POINT('',(-1.47E0,1.E-1,9.5E-1));
#7972=LINE('',#7971,#7970);
#7973=DIRECTION('',(1.E0,0.E0,0.E0));
#7974=VECTOR('',#7973,1.4E-1);
#7975=CARTESIAN_POINT('',(-1.47E0,1.E-1,9.5E-1));
#7976=LINE('',#7975,#7974);
#7977=DIRECTION('',(0.E0,1.E0,0.E0));
#7978=VECTOR('',#7977,2.E-2);
#7979=CARTESIAN_POINT('',(-1.33E0,1.E-1,9.5E-1));
#7980=LINE('',#7979,#7978);
#7981=DIRECTION('',(0.E0,-1.E0,0.E0));
#7982=VECTOR('',#7981,2.E-2);
#7983=CARTESIAN_POINT('',(-1.47E0,1.2E-1,1.03E0));
#7984=LINE('',#7983,#7982);
#7985=DIRECTION('',(0.E0,-1.E0,0.E0));
#7986=VECTOR('',#7985,2.E-2);
#7987=CARTESIAN_POINT('',(-1.33E0,1.2E-1,1.03E0));
#7988=LINE('',#7987,#7986);
#7989=CARTESIAN_POINT('',(-1.47E0,1.E-1,1.07E0));
#7990=DIRECTION('',(1.E0,0.E0,0.E0));
#7991=DIRECTION('',(0.E0,-1.E0,-6.291263806209E-14));
#7992=AXIS2_PLACEMENT_3D('',#7989,#7990,#7991);
#7994=DIRECTION('',(1.E0,0.E0,0.E0));
#7995=VECTOR('',#7994,1.4E-1);
#7996=CARTESIAN_POINT('',(-1.47E0,-2.E-2,1.07E0));
#7997=LINE('',#7996,#7995);
#7998=CARTESIAN_POINT('',(-1.33E0,1.E-1,1.07E0));
#7999=DIRECTION('',(1.E0,0.E0,0.E0));
#8000=DIRECTION('',(0.E0,-1.E0,-6.291263806209E-14));
#8001=AXIS2_PLACEMENT_3D('',#7998,#7999,#8000);
#8003=DIRECTION('',(0.E0,0.E0,-1.E0));
#8004=VECTOR('',#8003,1.8E-1);
#8005=CARTESIAN_POINT('',(-1.47E0,-2.E-2,1.25E0));
#8006=LINE('',#8005,#8004);
#8007=DIRECTION('',(1.E0,0.E0,0.E0));
#8008=VECTOR('',#8007,1.4E-1);
#8009=CARTESIAN_POINT('',(-1.47E0,-2.E-2,1.25E0));
#8010=LINE('',#8009,#8008);
#8011=DIRECTION('',(0.E0,0.E0,-1.E0));
#8012=VECTOR('',#8011,1.8E-1);
#8013=CARTESIAN_POINT('',(-1.33E0,-2.E-2,1.25E0));
#8014=LINE('',#8013,#8012);
#8015=DIRECTION('',(0.E0,-1.E0,0.E0));
#8016=VECTOR('',#8015,8.E-2);
#8017=CARTESIAN_POINT('',(-1.47E0,6.E-2,1.25E0));
#8018=LINE('',#8017,#8016);
#8019=DIRECTION('',(1.E0,0.E0,0.E0));
#8020=VECTOR('',#8019,1.4E-1);
#8021=CARTESIAN_POINT('',(-1.47E0,6.E-2,1.25E0));
#8022=LINE('',#8021,#8020);
#8023=DIRECTION('',(0.E0,-1.E0,0.E0));
#8024=VECTOR('',#8023,8.E-2);
#8025=CARTESIAN_POINT('',(-1.33E0,6.E-2,1.25E0));
#8026=LINE('',#8025,#8024);
#8027=DIRECTION('',(0.E0,0.E0,1.E0));
#8028=VECTOR('',#8027,1.8E-1);
#8029=CARTESIAN_POINT('',(-1.47E0,6.E-2,1.07E0));
#8030=LINE('',#8029,#8028);
#8031=DIRECTION('',(1.E0,0.E0,0.E0));
#8032=VECTOR('',#8031,1.4E-1);
#8033=CARTESIAN_POINT('',(-1.47E0,6.E-2,1.07E0));
#8034=LINE('',#8033,#8032);
#8035=DIRECTION('',(0.E0,0.E0,1.E0));
#8036=VECTOR('',#8035,1.8E-1);
#8037=CARTESIAN_POINT('',(-1.33E0,6.E-2,1.07E0));
#8038=LINE('',#8037,#8036);
#8039=CARTESIAN_POINT('',(-1.47E0,1.E-1,1.07E0));
#8040=DIRECTION('',(1.E0,0.E0,0.E0));
#8041=DIRECTION('',(0.E0,-1.E0,0.E0));
#8042=AXIS2_PLACEMENT_3D('',#8039,#8040,#8041);
#8044=DIRECTION('',(1.E0,0.E0,0.E0));
#8045=VECTOR('',#8044,1.4E-1);
#8046=CARTESIAN_POINT('',(-1.47E0,1.E-1,1.03E0));
#8047=LINE('',#8046,#8045);
#8048=CARTESIAN_POINT('',(-1.33E0,1.E-1,1.07E0));
#8049=DIRECTION('',(1.E0,0.E0,0.E0));
#8050=DIRECTION('',(0.E0,-1.E0,0.E0));
#8051=AXIS2_PLACEMENT_3D('',#8048,#8049,#8050);
#8053=DIRECTION('',(0.E0,1.E0,0.E0));
#8054=VECTOR('',#8053,2.E-2);
#8055=CARTESIAN_POINT('',(-1.47E0,1.E-1,-1.03E0));
#8056=LINE('',#8055,#8054);
#8057=DIRECTION('',(1.E0,0.E0,0.E0));
#8058=VECTOR('',#8057,1.4E-1);
#8059=CARTESIAN_POINT('',(-1.47E0,1.E-1,-1.03E0));
#8060=LINE('',#8059,#8058);
#8061=DIRECTION('',(0.E0,1.E0,0.E0));
#8062=VECTOR('',#8061,2.E-2);
#8063=CARTESIAN_POINT('',(-1.33E0,1.E-1,-1.03E0));
#8064=LINE('',#8063,#8062);
#8065=DIRECTION('',(0.E0,-1.E0,0.E0));
#8066=VECTOR('',#8065,2.E-2);
#8067=CARTESIAN_POINT('',(-1.47E0,1.2E-1,-9.5E-1));
#8068=LINE('',#8067,#8066);
#8069=DIRECTION('',(0.E0,-1.E0,0.E0));
#8070=VECTOR('',#8069,2.E-2);
#8071=CARTESIAN_POINT('',(-1.33E0,1.2E-1,-9.5E-1));
#8072=LINE('',#8071,#8070);
#8073=CARTESIAN_POINT('',(-1.47E0,1.E-1,-1.07E0));
#8074=DIRECTION('',(1.E0,0.E0,0.E0));
#8075=DIRECTION('',(0.E0,0.E0,1.E0));
#8076=AXIS2_PLACEMENT_3D('',#8073,#8074,#8075);
#8078=DIRECTION('',(1.E0,0.E0,0.E0));
#8079=VECTOR('',#8078,1.4E-1);
#8080=CARTESIAN_POINT('',(-1.47E0,6.E-2,-1.07E0));
#8081=LINE('',#8080,#8079);
#8082=CARTESIAN_POINT('',(-1.33E0,1.E-1,-1.07E0));
#8083=DIRECTION('',(1.E0,0.E0,0.E0));
#8084=DIRECTION('',(0.E0,0.E0,1.E0));
#8085=AXIS2_PLACEMENT_3D('',#8082,#8083,#8084);
#8087=DIRECTION('',(0.E0,0.E0,1.E0));
#8088=VECTOR('',#8087,1.8E-1);
#8089=CARTESIAN_POINT('',(-1.47E0,6.E-2,-1.25E0));
#8090=LINE('',#8089,#8088);
#8091=DIRECTION('',(1.E0,0.E0,0.E0));
#8092=VECTOR('',#8091,1.4E-1);
#8093=CARTESIAN_POINT('',(-1.47E0,6.E-2,-1.25E0));
#8094=LINE('',#8093,#8092);
#8095=DIRECTION('',(0.E0,0.E0,1.E0));
#8096=VECTOR('',#8095,1.8E-1);
#8097=CARTESIAN_POINT('',(-1.33E0,6.E-2,-1.25E0));
#8098=LINE('',#8097,#8096);
#8099=DIRECTION('',(0.E0,1.E0,0.E0));
#8100=VECTOR('',#8099,8.E-2);
#8101=CARTESIAN_POINT('',(-1.47E0,-2.E-2,-1.25E0));
#8102=LINE('',#8101,#8100);
#8103=DIRECTION('',(1.E0,0.E0,0.E0));
#8104=VECTOR('',#8103,1.4E-1);
#8105=CARTESIAN_POINT('',(-1.47E0,-2.E-2,-1.25E0));
#8106=LINE('',#8105,#8104);
#8107=DIRECTION('',(0.E0,1.E0,0.E0));
#8108=VECTOR('',#8107,8.E-2);
#8109=CARTESIAN_POINT('',(-1.33E0,-2.E-2,-1.25E0));
#8110=LINE('',#8109,#8108);
#8111=DIRECTION('',(0.E0,0.E0,-1.E0));
#8112=VECTOR('',#8111,1.8E-1);
#8113=CARTESIAN_POINT('',(-1.47E0,-2.E-2,-1.07E0));
#8114=LINE('',#8113,#8112);
#8115=DIRECTION('',(1.E0,0.E0,0.E0));
#8116=VECTOR('',#8115,1.4E-1);
#8117=CARTESIAN_POINT('',(-1.47E0,-2.E-2,-1.07E0));
#8118=LINE('',#8117,#8116);
#8119=DIRECTION('',(0.E0,0.E0,-1.E0));
#8120=VECTOR('',#8119,1.8E-1);
#8121=CARTESIAN_POINT('',(-1.33E0,-2.E-2,-1.07E0));
#8122=LINE('',#8121,#8120);
#8123=CARTESIAN_POINT('',(-1.47E0,1.E-1,-1.07E0));
#8124=DIRECTION('',(1.E0,0.E0,0.E0));
#8125=DIRECTION('',(0.E0,-7.042977312466E-14,1.E0));
#8126=AXIS2_PLACEMENT_3D('',#8123,#8124,#8125);
#8128=DIRECTION('',(1.E0,0.E0,0.E0));
#8129=VECTOR('',#8128,1.4E-1);
#8130=CARTESIAN_POINT('',(-1.47E0,1.E-1,-9.5E-1));
#8131=LINE('',#8130,#8129);
#8132=CARTESIAN_POINT('',(-1.33E0,1.E-1,-1.07E0));
#8133=DIRECTION('',(1.E0,0.E0,0.E0));
#8134=DIRECTION('',(0.E0,-6.418476861114E-14,1.E0));
#8135=AXIS2_PLACEMENT_3D('',#8132,#8133,#8134);
#8137=CARTESIAN_POINT('',(-2.75E0,1.2E-1,1.22E0));
#8138=CARTESIAN_POINT('',(-2.75E0,1.2E-1,9.E-1));
#8139=VERTEX_POINT('',#8137);
#8140=VERTEX_POINT('',#8138);
#8141=CARTESIAN_POINT('',(-2.75E0,1.2E-1,-1.22E0));
#8142=CARTESIAN_POINT('',(-2.75E0,1.2E-1,-9.E-1));
#8143=VERTEX_POINT('',#8141);
#8144=VERTEX_POINT('',#8142);
#8145=CARTESIAN_POINT('',(2.75E0,1.2E-1,1.22E0));
#8146=CARTESIAN_POINT('',(2.75E0,1.2E-1,9.E-1));
#8147=VERTEX_POINT('',#8145);
#8148=VERTEX_POINT('',#8146);
#8149=CARTESIAN_POINT('',(2.75E0,1.2E-1,-1.22E0));
#8150=CARTESIAN_POINT('',(2.75E0,1.2E-1,-9.E-1));
#8151=VERTEX_POINT('',#8149);
#8152=VERTEX_POINT('',#8150);
#8153=CARTESIAN_POINT('',(-2.355E0,1.E-1,8.35E-1));
#8154=CARTESIAN_POINT('',(-1.655E0,1.E-1,8.35E-1));
#8155=VERTEX_POINT('',#8153);
#8156=VERTEX_POINT('',#8154);
#8157=CARTESIAN_POINT('',(-1.655E0,1.E-1,7.6E-1));
#8158=VERTEX_POINT('',#8157);
#8159=CARTESIAN_POINT('',(1.655E0,1.E-1,7.6E-1));
#8160=CARTESIAN_POINT('',(1.655E0,1.E-1,8.35E-1));
#8161=VERTEX_POINT('',#8159);
#8162=VERTEX_POINT('',#8160);
#8163=CARTESIAN_POINT('',(2.355E0,1.E-1,8.35E-1));
#8164=VERTEX_POINT('',#8163);
#8165=CARTESIAN_POINT('',(2.355E0,1.E-1,-8.35E-1));
#8166=CARTESIAN_POINT('',(1.655E0,1.E-1,-8.35E-1));
#8167=VERTEX_POINT('',#8165);
#8168=VERTEX_POINT('',#8166);
#8169=CARTESIAN_POINT('',(1.655E0,1.E-1,-7.6E-1));
#8170=VERTEX_POINT('',#8169);
#8171=CARTESIAN_POINT('',(-1.655E0,1.E-1,-7.6E-1));
#8172=CARTESIAN_POINT('',(-1.655E0,1.E-1,-8.35E-1));
#8173=VERTEX_POINT('',#8171);
#8174=VERTEX_POINT('',#8172);
#8175=CARTESIAN_POINT('',(-2.355E0,1.E-1,-8.35E-1));
#8176=VERTEX_POINT('',#8175);
#8177=CARTESIAN_POINT('',(-2.355E0,4.8E-1,8.35E-1));
#8178=CARTESIAN_POINT('',(-2.155E0,4.8E-1,8.35E-1));
#8179=VERTEX_POINT('',#8177);
#8180=VERTEX_POINT('',#8178);
#8181=CARTESIAN_POINT('',(-2.085E0,5.5E-1,8.35E-1));
#8182=VERTEX_POINT('',#8181);
#8183=CARTESIAN_POINT('',(-1.655E0,5.5E-1,8.35E-1));
#8184=VERTEX_POINT('',#8183);
#8185=CARTESIAN_POINT('',(1.655E0,5.5E-1,8.35E-1));
#8186=CARTESIAN_POINT('',(2.085E0,5.5E-1,8.35E-1));
#8187=VERTEX_POINT('',#8185);
#8188=VERTEX_POINT('',#8186);
#8189=CARTESIAN_POINT('',(2.155E0,4.8E-1,8.35E-1));
#8190=VERTEX_POINT('',#8189);
#8191=CARTESIAN_POINT('',(2.355E0,4.8E-1,8.35E-1));
#8192=VERTEX_POINT('',#8191);
#8193=CARTESIAN_POINT('',(-1.655E0,6.4E-1,1.22E0));
#8194=CARTESIAN_POINT('',(1.655E0,6.4E-1,1.22E0));
#8195=VERTEX_POINT('',#8193);
#8196=VERTEX_POINT('',#8194);
#8197=CARTESIAN_POINT('',(-2.75E0,4.8E-1,1.22E0));
#8198=VERTEX_POINT('',#8197);
#8199=CARTESIAN_POINT('',(2.75E0,4.8E-1,1.22E0));
#8200=VERTEX_POINT('',#8199);
#8201=CARTESIAN_POINT('',(1.655E0,5.5E-1,-8.35E-1));
#8202=CARTESIAN_POINT('',(2.085E0,5.5E-1,-8.35E-1));
#8203=VERTEX_POINT('',#8201);
#8204=VERTEX_POINT('',#8202);
#8205=CARTESIAN_POINT('',(2.155E0,4.8E-1,-8.35E-1));
#8206=VERTEX_POINT('',#8205);
#8207=CARTESIAN_POINT('',(2.355E0,4.8E-1,-8.35E-1));
#8208=VERTEX_POINT('',#8207);
#8209=CARTESIAN_POINT('',(-2.355E0,4.8E-1,-8.35E-1));
#8210=CARTESIAN_POINT('',(-2.155E0,4.8E-1,-8.35E-1));
#8211=VERTEX_POINT('',#8209);
#8212=VERTEX_POINT('',#8210);
#8213=CARTESIAN_POINT('',(-2.085E0,5.5E-1,-8.35E-1));
#8214=VERTEX_POINT('',#8213);
#8215=CARTESIAN_POINT('',(-1.655E0,5.5E-1,-8.35E-1));
#8216=VERTEX_POINT('',#8215);
#8217=CARTESIAN_POINT('',(1.655E0,6.4E-1,-1.22E0));
#8218=CARTESIAN_POINT('',(-1.655E0,6.4E-1,-1.22E0));
#8219=VERTEX_POINT('',#8217);
#8220=VERTEX_POINT('',#8218);
#8221=CARTESIAN_POINT('',(-2.75E0,4.8E-1,-1.22E0));
#8222=VERTEX_POINT('',#8221);
#8223=CARTESIAN_POINT('',(2.75E0,4.8E-1,-1.22E0));
#8224=VERTEX_POINT('',#8223);
#8225=CARTESIAN_POINT('',(2.38E0,1.2E-1,1.22E0));
#8226=CARTESIAN_POINT('',(2.38E0,4.8E-1,1.22E0));
#8227=VERTEX_POINT('',#8225);
#8228=VERTEX_POINT('',#8226);
#8229=CARTESIAN_POINT('',(-2.38E0,1.2E-1,1.22E0));
#8230=CARTESIAN_POINT('',(-2.38E0,4.8E-1,1.22E0));
#8231=VERTEX_POINT('',#8229);
#8232=VERTEX_POINT('',#8230);
#8233=CARTESIAN_POINT('',(2.38E0,1.2E-1,-1.22E0));
#8234=CARTESIAN_POINT('',(2.38E0,4.8E-1,-1.22E0));
#8235=VERTEX_POINT('',#8233);
#8236=VERTEX_POINT('',#8234);
#8237=CARTESIAN_POINT('',(-2.38E0,1.2E-1,-1.22E0));
#8238=CARTESIAN_POINT('',(-2.38E0,4.8E-1,-1.22E0));
#8239=VERTEX_POINT('',#8237);
#8240=VERTEX_POINT('',#8238);
#8241=CARTESIAN_POINT('',(1.95E0,1.2E-1,9.9E-1));
#8242=CARTESIAN_POINT('',(1.95E0,1.2E-1,1.22E0));
#8243=VERTEX_POINT('',#8241);
#8244=VERTEX_POINT('',#8242);
#8245=CARTESIAN_POINT('',(2.38E0,1.2E-1,9.9E-1));
#8246=VERTEX_POINT('',#8245);
#8247=CARTESIAN_POINT('',(-2.38E0,1.2E-1,9.9E-1));
#8248=VERTEX_POINT('',#8247);
#8249=CARTESIAN_POINT('',(-1.95E0,1.2E-1,9.9E-1));
#8250=CARTESIAN_POINT('',(-1.95E0,1.2E-1,1.22E0));
#8251=VERTEX_POINT('',#8249);
#8252=VERTEX_POINT('',#8250);
#8253=CARTESIAN_POINT('',(2.38E0,1.2E-1,-9.9E-1));
#8254=VERTEX_POINT('',#8253);
#8255=CARTESIAN_POINT('',(1.95E0,1.2E-1,-1.22E0));
#8256=CARTESIAN_POINT('',(1.95E0,1.2E-1,-9.9E-1));
#8257=VERTEX_POINT('',#8255);
#8258=VERTEX_POINT('',#8256);
#8259=CARTESIAN_POINT('',(-1.95E0,1.2E-1,-1.22E0));
#8260=CARTESIAN_POINT('',(-1.95E0,1.2E-1,-9.9E-1));
#8261=VERTEX_POINT('',#8259);
#8262=VERTEX_POINT('',#8260);
#8263=CARTESIAN_POINT('',(-2.38E0,1.2E-1,-9.9E-1));
#8264=VERTEX_POINT('',#8263);
#8265=CARTESIAN_POINT('',(2.6E0,0.E0,8.5E-1));
#8266=CARTESIAN_POINT('',(2.6E0,0.E0,-8.5E-1));
#8267=VERTEX_POINT('',#8265);
#8268=VERTEX_POINT('',#8266);
#8269=CARTESIAN_POINT('',(-2.6E0,0.E0,8.5E-1));
#8270=CARTESIAN_POINT('',(-2.6E0,0.E0,-8.5E-1));
#8271=VERTEX_POINT('',#8269);
#8272=VERTEX_POINT('',#8270);
#8273=CARTESIAN_POINT('',(2.75E0,5.E-2,8.708333333333E-1));
#8274=CARTESIAN_POINT('',(2.65E0,5.E-2,8.708333333333E-1));
#8275=VERTEX_POINT('',#8273);
#8276=VERTEX_POINT('',#8274);
#8277=CARTESIAN_POINT('',(-2.65E0,5.E-2,8.708333333333E-1));
#8278=VERTEX_POINT('',#8277);
#8279=CARTESIAN_POINT('',(-2.75E0,5.E-2,8.708333333333E-1));
#8280=VERTEX_POINT('',#8279);
#8281=CARTESIAN_POINT('',(2.75E0,5.E-2,-8.708333333333E-1));
#8282=CARTESIAN_POINT('',(2.65E0,5.E-2,-8.708333333333E-1));
#8283=VERTEX_POINT('',#8281);
#8284=VERTEX_POINT('',#8282);
#8285=CARTESIAN_POINT('',(-2.65E0,5.E-2,-8.708333333333E-1));
#8286=VERTEX_POINT('',#8285);
#8287=CARTESIAN_POINT('',(-2.75E0,5.E-2,-8.708333333333E-1));
#8288=VERTEX_POINT('',#8287);
#8289=CARTESIAN_POINT('',(1.95E0,4.8E-1,1.22E0));
#8290=VERTEX_POINT('',#8289);
#8291=CARTESIAN_POINT('',(-1.95E0,4.8E-1,1.22E0));
#8292=VERTEX_POINT('',#8291);
#8293=CARTESIAN_POINT('',(1.95E0,4.8E-1,-1.22E0));
#8294=VERTEX_POINT('',#8293);
#8295=CARTESIAN_POINT('',(-1.95E0,4.8E-1,-1.22E0));
#8296=VERTEX_POINT('',#8295);
#8297=CARTESIAN_POINT('',(1.85E0,2.2E-1,9.9E-1));
#8298=CARTESIAN_POINT('',(1.85E0,2.2E-1,1.11E0));
#8299=VERTEX_POINT('',#8297);
#8300=VERTEX_POINT('',#8298);
#8301=CARTESIAN_POINT('',(2.43E0,2.2E-1,1.11E0));
#8302=CARTESIAN_POINT('',(2.43E0,2.2E-1,9.9E-1));
#8303=VERTEX_POINT('',#8301);
#8304=VERTEX_POINT('',#8302);
#8305=CARTESIAN_POINT('',(-2.43E0,2.2E-1,9.9E-1));
#8306=CARTESIAN_POINT('',(-2.43E0,2.2E-1,1.11E0));
#8307=VERTEX_POINT('',#8305);
#8308=VERTEX_POINT('',#8306);
#8309=CARTESIAN_POINT('',(-1.85E0,2.2E-1,1.11E0));
#8310=CARTESIAN_POINT('',(-1.85E0,2.2E-1,9.9E-1));
#8311=VERTEX_POINT('',#8309);
#8312=VERTEX_POINT('',#8310);
#8313=CARTESIAN_POINT('',(2.43E0,2.2E-1,-9.9E-1));
#8314=CARTESIAN_POINT('',(2.43E0,2.2E-1,-1.11E0));
#8315=VERTEX_POINT('',#8313);
#8316=VERTEX_POINT('',#8314);
#8317=CARTESIAN_POINT('',(1.85E0,2.2E-1,-1.11E0));
#8318=CARTESIAN_POINT('',(1.85E0,2.2E-1,-9.9E-1));
#8319=VERTEX_POINT('',#8317);
#8320=VERTEX_POINT('',#8318);
#8321=CARTESIAN_POINT('',(-1.85E0,2.2E-1,-9.9E-1));
#8322=CARTESIAN_POINT('',(-1.85E0,2.2E-1,-1.11E0));
#8323=VERTEX_POINT('',#8321);
#8324=VERTEX_POINT('',#8322);
#8325=CARTESIAN_POINT('',(-2.43E0,2.2E-1,-1.11E0));
#8326=CARTESIAN_POINT('',(-2.43E0,2.2E-1,-9.9E-1));
#8327=VERTEX_POINT('',#8325);
#8328=VERTEX_POINT('',#8326);
#8329=CARTESIAN_POINT('',(2.38E0,4.8E-1,1.11E0));
#8330=CARTESIAN_POINT('',(2.43E0,4.8E-1,1.11E0));
#8331=VERTEX_POINT('',#8329);
#8332=VERTEX_POINT('',#8330);
#8333=CARTESIAN_POINT('',(-2.43E0,4.8E-1,1.11E0));
#8334=CARTESIAN_POINT('',(-2.38E0,4.8E-1,1.11E0));
#8335=VERTEX_POINT('',#8333);
#8336=VERTEX_POINT('',#8334);
#8337=CARTESIAN_POINT('',(2.43E0,4.8E-1,-1.11E0));
#8338=CARTESIAN_POINT('',(2.38E0,4.8E-1,-1.11E0));
#8339=VERTEX_POINT('',#8337);
#8340=VERTEX_POINT('',#8338);
#8341=CARTESIAN_POINT('',(-2.38E0,4.8E-1,-1.11E0));
#8342=CARTESIAN_POINT('',(-2.43E0,4.8E-1,-1.11E0));
#8343=VERTEX_POINT('',#8341);
#8344=VERTEX_POINT('',#8342);
#8345=CARTESIAN_POINT('',(2.38E0,2.2E-1,-9.9E-1));
#8346=CARTESIAN_POINT('',(2.38E0,2.2E-1,-1.11E0));
#8347=VERTEX_POINT('',#8345);
#8348=VERTEX_POINT('',#8346);
#8349=CARTESIAN_POINT('',(1.95E0,2.2E-1,-9.9E-1));
#8350=CARTESIAN_POINT('',(1.95E0,2.2E-1,-1.11E0));
#8351=VERTEX_POINT('',#8349);
#8352=VERTEX_POINT('',#8350);
#8353=CARTESIAN_POINT('',(1.95E0,4.8E-1,-1.11E0));
#8354=VERTEX_POINT('',#8353);
#8355=CARTESIAN_POINT('',(-1.95E0,2.2E-1,-9.9E-1));
#8356=CARTESIAN_POINT('',(-1.95E0,2.2E-1,-1.11E0));
#8357=VERTEX_POINT('',#8355);
#8358=VERTEX_POINT('',#8356);
#8359=CARTESIAN_POINT('',(-1.95E0,4.8E-1,-1.11E0));
#8360=VERTEX_POINT('',#8359);
#8361=CARTESIAN_POINT('',(-2.38E0,2.2E-1,-9.9E-1));
#8362=CARTESIAN_POINT('',(-2.38E0,2.2E-1,-1.11E0));
#8363=VERTEX_POINT('',#8361);
#8364=VERTEX_POINT('',#8362);
#8365=CARTESIAN_POINT('',(1.95E0,2.2E-1,9.9E-1));
#8366=CARTESIAN_POINT('',(1.95E0,2.2E-1,1.11E0));
#8367=VERTEX_POINT('',#8365);
#8368=VERTEX_POINT('',#8366);
#8369=CARTESIAN_POINT('',(1.95E0,4.8E-1,1.11E0));
#8370=VERTEX_POINT('',#8369);
#8371=CARTESIAN_POINT('',(2.38E0,2.2E-1,9.9E-1));
#8372=CARTESIAN_POINT('',(2.38E0,2.2E-1,1.11E0));
#8373=VERTEX_POINT('',#8371);
#8374=VERTEX_POINT('',#8372);
#8375=CARTESIAN_POINT('',(-2.38E0,2.2E-1,9.9E-1));
#8376=CARTESIAN_POINT('',(-2.38E0,2.2E-1,1.11E0));
#8377=VERTEX_POINT('',#8375);
#8378=VERTEX_POINT('',#8376);
#8379=CARTESIAN_POINT('',(-1.95E0,2.2E-1,9.9E-1));
#8380=CARTESIAN_POINT('',(-1.95E0,2.2E-1,1.11E0));
#8381=VERTEX_POINT('',#8379);
#8382=VERTEX_POINT('',#8380);
#8383=CARTESIAN_POINT('',(-1.95E0,4.8E-1,1.11E0));
#8384=VERTEX_POINT('',#8383);
#8385=CARTESIAN_POINT('',(1.85E0,4.8E-1,1.11E0));
#8386=VERTEX_POINT('',#8385);
#8387=CARTESIAN_POINT('',(-1.85E0,4.8E-1,1.11E0));
#8388=VERTEX_POINT('',#8387);
#8389=CARTESIAN_POINT('',(1.85E0,4.8E-1,-1.11E0));
#8390=VERTEX_POINT('',#8389);
#8391=CARTESIAN_POINT('',(-1.85E0,4.8E-1,-1.11E0));
#8392=VERTEX_POINT('',#8391);
#8393=CARTESIAN_POINT('',(-1.725E0,4.8E-1,1.22E0));
#8394=VERTEX_POINT('',#8393);
#8395=CARTESIAN_POINT('',(1.725E0,4.8E-1,1.22E0));
#8396=VERTEX_POINT('',#8395);
#8397=CARTESIAN_POINT('',(-1.725E0,4.8E-1,-1.22E0));
#8398=VERTEX_POINT('',#8397);
#8399=CARTESIAN_POINT('',(1.725E0,4.8E-1,-1.22E0));
#8400=VERTEX_POINT('',#8399);
#8401=CARTESIAN_POINT('',(1.655E0,5.5E-1,1.22E0));
#8402=VERTEX_POINT('',#8401);
#8403=CARTESIAN_POINT('',(1.655E0,5.5E-1,-1.22E0));
#8404=VERTEX_POINT('',#8403);
#8405=CARTESIAN_POINT('',(-1.655E0,5.5E-1,1.22E0));
#8406=VERTEX_POINT('',#8405);
#8407=CARTESIAN_POINT('',(-1.655E0,5.5E-1,-1.22E0));
#8408=VERTEX_POINT('',#8407);
#8409=CARTESIAN_POINT('',(2.12E0,6.E-1,-1.E0));
#8410=CARTESIAN_POINT('',(2.12E0,6.E-1,-1.1E0));
#8411=VERTEX_POINT('',#8409);
#8412=VERTEX_POINT('',#8410);
#8413=CARTESIAN_POINT('',(2.38E0,6.E-1,-7.818340958939E-1));
#8414=VERTEX_POINT('',#8413);
#8415=CARTESIAN_POINT('',(2.38E0,6.E-1,7.818340958939E-1));
#8416=VERTEX_POINT('',#8415);
#8417=CARTESIAN_POINT('',(2.12E0,6.E-1,1.E0));
#8418=VERTEX_POINT('',#8417);
#8419=CARTESIAN_POINT('',(2.12E0,6.E-1,1.1E0));
#8420=VERTEX_POINT('',#8419);
#8421=CARTESIAN_POINT('',(2.7E0,6.E-1,1.1E0));
#8422=VERTEX_POINT('',#8421);
#8423=CARTESIAN_POINT('',(2.7E0,6.E-1,-1.1E0));
#8424=VERTEX_POINT('',#8423);
#8425=CARTESIAN_POINT('',(2.38E0,5.E-1,-7.818340958939E-1));
#8426=CARTESIAN_POINT('',(2.38E0,5.E-1,7.818340958939E-1));
#8427=VERTEX_POINT('',#8425);
#8428=VERTEX_POINT('',#8426);
#8429=CARTESIAN_POINT('',(2.7E0,5.E-1,1.1E0));
#8430=CARTESIAN_POINT('',(2.7E0,5.E-1,-1.1E0));
#8431=VERTEX_POINT('',#8429);
#8432=VERTEX_POINT('',#8430);
#8433=CARTESIAN_POINT('',(1.995E0,2.4E-1,1.1E0));
#8434=CARTESIAN_POINT('',(1.995E0,2.4E-1,1.E0));
#8435=VERTEX_POINT('',#8433);
#8436=VERTEX_POINT('',#8434);
#8437=CARTESIAN_POINT('',(2.295E0,2.4E-1,1.1E0));
#8438=CARTESIAN_POINT('',(2.295E0,2.4E-1,1.E0));
#8439=VERTEX_POINT('',#8437);
#8440=VERTEX_POINT('',#8438);
#8441=CARTESIAN_POINT('',(1.85E0,2.4E-1,1.1E0));
#8442=CARTESIAN_POINT('',(1.85E0,4.5E-1,1.1E0));
#8443=VERTEX_POINT('',#8441);
#8444=VERTEX_POINT('',#8442);
#8445=CARTESIAN_POINT('',(1.85E0,2.4E-1,1.E0));
#8446=CARTESIAN_POINT('',(1.85E0,4.5E-1,1.E0));
#8447=VERTEX_POINT('',#8445);
#8448=VERTEX_POINT('',#8446);
#8449=CARTESIAN_POINT('',(2.12E0,5.E-1,1.E0));
#8450=CARTESIAN_POINT('',(2.43E0,5.E-1,1.E0));
#8451=VERTEX_POINT('',#8449);
#8452=VERTEX_POINT('',#8450);
#8453=CARTESIAN_POINT('',(2.43E0,5.E-1,1.1E0));
#8454=VERTEX_POINT('',#8453);
#8455=CARTESIAN_POINT('',(2.43E0,2.4E-1,1.1E0));
#8456=VERTEX_POINT('',#8455);
#8457=CARTESIAN_POINT('',(2.43E0,4.8E-1,1.1E0));
#8458=VERTEX_POINT('',#8457);
#8459=CARTESIAN_POINT('',(2.43E0,2.4E-1,1.E0));
#8460=VERTEX_POINT('',#8459);
#8461=CARTESIAN_POINT('',(2.43E0,4.8E-1,1.E0));
#8462=VERTEX_POINT('',#8461);
#8463=CARTESIAN_POINT('',(2.295E0,2.4E-1,-1.1E0));
#8464=CARTESIAN_POINT('',(2.295E0,2.4E-1,-1.E0));
#8465=VERTEX_POINT('',#8463);
#8466=VERTEX_POINT('',#8464);
#8467=CARTESIAN_POINT('',(1.995E0,2.4E-1,-1.1E0));
#8468=CARTESIAN_POINT('',(1.995E0,2.4E-1,-1.E0));
#8469=VERTEX_POINT('',#8467);
#8470=VERTEX_POINT('',#8468);
#8471=CARTESIAN_POINT('',(2.12E0,5.E-1,-1.E0));
#8472=CARTESIAN_POINT('',(2.43E0,5.E-1,-1.E0));
#8473=VERTEX_POINT('',#8471);
#8474=VERTEX_POINT('',#8472);
#8475=CARTESIAN_POINT('',(2.43E0,5.E-1,-1.1E0));
#8476=VERTEX_POINT('',#8475);
#8477=CARTESIAN_POINT('',(2.43E0,2.4E-1,-1.1E0));
#8478=VERTEX_POINT('',#8477);
#8479=CARTESIAN_POINT('',(1.85E0,2.4E-1,-1.1E0));
#8480=VERTEX_POINT('',#8479);
#8481=CARTESIAN_POINT('',(2.43E0,4.8E-1,-1.1E0));
#8482=VERTEX_POINT('',#8481);
#8483=CARTESIAN_POINT('',(2.43E0,2.4E-1,-1.E0));
#8484=VERTEX_POINT('',#8483);
#8485=CARTESIAN_POINT('',(1.85E0,2.4E-1,-1.E0));
#8486=VERTEX_POINT('',#8485);
#8487=CARTESIAN_POINT('',(2.43E0,4.8E-1,-1.E0));
#8488=VERTEX_POINT('',#8487);
#8489=CARTESIAN_POINT('',(2.295E0,1.3E-1,-1.E0));
#8490=CARTESIAN_POINT('',(2.295E0,-2.E-2,-1.15E0));
#8491=VERTEX_POINT('',#8489);
#8492=VERTEX_POINT('',#8490);
#8493=CARTESIAN_POINT('',(2.295E0,-2.E-2,-1.25E0));
#8494=VERTEX_POINT('',#8493);
#8495=CARTESIAN_POINT('',(2.295E0,8.E-2,-1.25E0));
#8496=VERTEX_POINT('',#8495);
#8497=CARTESIAN_POINT('',(2.295E0,8.E-2,-1.15E0));
#8498=VERTEX_POINT('',#8497);
#8499=CARTESIAN_POINT('',(2.295E0,1.3E-1,-1.1E0));
#8500=VERTEX_POINT('',#8499);
#8501=CARTESIAN_POINT('',(2.295E0,1.3E-1,1.1E0));
#8502=CARTESIAN_POINT('',(2.295E0,8.E-2,1.15E0));
#8503=VERTEX_POINT('',#8501);
#8504=VERTEX_POINT('',#8502);
#8505=CARTESIAN_POINT('',(2.295E0,8.E-2,1.25E0));
#8506=VERTEX_POINT('',#8505);
#8507=CARTESIAN_POINT('',(2.295E0,-2.E-2,1.25E0));
#8508=VERTEX_POINT('',#8507);
#8509=CARTESIAN_POINT('',(2.295E0,-2.E-2,1.15E0));
#8510=VERTEX_POINT('',#8509);
#8511=CARTESIAN_POINT('',(2.295E0,1.3E-1,1.E0));
#8512=VERTEX_POINT('',#8511);
#8513=CARTESIAN_POINT('',(1.995E0,1.3E-1,-1.E0));
#8514=CARTESIAN_POINT('',(1.995E0,-2.E-2,-1.15E0));
#8515=VERTEX_POINT('',#8513);
#8516=VERTEX_POINT('',#8514);
#8517=CARTESIAN_POINT('',(1.995E0,-2.E-2,-1.25E0));
#8518=VERTEX_POINT('',#8517);
#8519=CARTESIAN_POINT('',(1.995E0,8.E-2,-1.25E0));
#8520=VERTEX_POINT('',#8519);
#8521=CARTESIAN_POINT('',(1.995E0,8.E-2,-1.15E0));
#8522=VERTEX_POINT('',#8521);
#8523=CARTESIAN_POINT('',(1.995E0,1.3E-1,-1.1E0));
#8524=VERTEX_POINT('',#8523);
#8525=CARTESIAN_POINT('',(1.995E0,1.3E-1,1.1E0));
#8526=CARTESIAN_POINT('',(1.995E0,8.E-2,1.15E0));
#8527=VERTEX_POINT('',#8525);
#8528=VERTEX_POINT('',#8526);
#8529=CARTESIAN_POINT('',(1.995E0,8.E-2,1.25E0));
#8530=VERTEX_POINT('',#8529);
#8531=CARTESIAN_POINT('',(1.995E0,-2.E-2,1.25E0));
#8532=VERTEX_POINT('',#8531);
#8533=CARTESIAN_POINT('',(1.995E0,-2.E-2,1.15E0));
#8534=VERTEX_POINT('',#8533);
#8535=CARTESIAN_POINT('',(1.995E0,1.3E-1,1.E0));
#8536=VERTEX_POINT('',#8535);
#8537=CARTESIAN_POINT('',(-2.12E0,6.E-1,-1.1E0));
#8538=CARTESIAN_POINT('',(-2.12E0,6.E-1,-1.E0));
#8539=VERTEX_POINT('',#8537);
#8540=VERTEX_POINT('',#8538);
#8541=CARTESIAN_POINT('',(-2.38E0,6.E-1,-7.818340958939E-1));
#8542=VERTEX_POINT('',#8541);
#8543=CARTESIAN_POINT('',(-2.38E0,6.E-1,7.818340958939E-1));
#8544=VERTEX_POINT('',#8543);
#8545=CARTESIAN_POINT('',(-2.12E0,6.E-1,1.E0));
#8546=VERTEX_POINT('',#8545);
#8547=CARTESIAN_POINT('',(-2.12E0,6.E-1,1.1E0));
#8548=VERTEX_POINT('',#8547);
#8549=CARTESIAN_POINT('',(-2.7E0,6.E-1,1.1E0));
#8550=VERTEX_POINT('',#8549);
#8551=CARTESIAN_POINT('',(-2.7E0,6.E-1,-1.1E0));
#8552=VERTEX_POINT('',#8551);
#8553=CARTESIAN_POINT('',(-2.38E0,5.E-1,-7.818340958939E-1));
#8554=CARTESIAN_POINT('',(-2.38E0,5.E-1,7.818340958939E-1));
#8555=VERTEX_POINT('',#8553);
#8556=VERTEX_POINT('',#8554);
#8557=CARTESIAN_POINT('',(-2.7E0,5.E-1,1.1E0));
#8558=CARTESIAN_POINT('',(-2.7E0,5.E-1,-1.1E0));
#8559=VERTEX_POINT('',#8557);
#8560=VERTEX_POINT('',#8558);
#8561=CARTESIAN_POINT('',(-1.995E0,2.4E-1,1.1E0));
#8562=CARTESIAN_POINT('',(-1.995E0,2.4E-1,1.E0));
#8563=VERTEX_POINT('',#8561);
#8564=VERTEX_POINT('',#8562);
#8565=CARTESIAN_POINT('',(-2.295E0,2.4E-1,1.1E0));
#8566=CARTESIAN_POINT('',(-2.295E0,2.4E-1,1.E0));
#8567=VERTEX_POINT('',#8565);
#8568=VERTEX_POINT('',#8566);
#8569=CARTESIAN_POINT('',(-1.85E0,2.4E-1,1.1E0));
#8570=CARTESIAN_POINT('',(-1.85E0,4.5E-1,1.1E0));
#8571=VERTEX_POINT('',#8569);
#8572=VERTEX_POINT('',#8570);
#8573=CARTESIAN_POINT('',(-1.85E0,2.4E-1,1.E0));
#8574=CARTESIAN_POINT('',(-1.85E0,4.5E-1,1.E0));
#8575=VERTEX_POINT('',#8573);
#8576=VERTEX_POINT('',#8574);
#8577=CARTESIAN_POINT('',(-2.12E0,5.E-1,1.E0));
#8578=CARTESIAN_POINT('',(-2.43E0,5.E-1,1.E0));
#8579=VERTEX_POINT('',#8577);
#8580=VERTEX_POINT('',#8578);
#8581=CARTESIAN_POINT('',(-2.43E0,5.E-1,1.1E0));
#8582=VERTEX_POINT('',#8581);
#8583=CARTESIAN_POINT('',(-2.43E0,2.4E-1,1.1E0));
#8584=VERTEX_POINT('',#8583);
#8585=CARTESIAN_POINT('',(-2.43E0,4.8E-1,1.1E0));
#8586=VERTEX_POINT('',#8585);
#8587=CARTESIAN_POINT('',(-2.43E0,2.4E-1,1.E0));
#8588=VERTEX_POINT('',#8587);
#8589=CARTESIAN_POINT('',(-2.43E0,4.8E-1,1.E0));
#8590=VERTEX_POINT('',#8589);
#8591=CARTESIAN_POINT('',(-2.295E0,2.4E-1,-1.1E0));
#8592=CARTESIAN_POINT('',(-2.295E0,2.4E-1,-1.E0));
#8593=VERTEX_POINT('',#8591);
#8594=VERTEX_POINT('',#8592);
#8595=CARTESIAN_POINT('',(-1.995E0,2.4E-1,-1.1E0));
#8596=CARTESIAN_POINT('',(-1.995E0,2.4E-1,-1.E0));
#8597=VERTEX_POINT('',#8595);
#8598=VERTEX_POINT('',#8596);
#8599=CARTESIAN_POINT('',(-2.12E0,5.E-1,-1.E0));
#8600=CARTESIAN_POINT('',(-2.43E0,5.E-1,-1.E0));
#8601=VERTEX_POINT('',#8599);
#8602=VERTEX_POINT('',#8600);
#8603=CARTESIAN_POINT('',(-2.43E0,5.E-1,-1.1E0));
#8604=VERTEX_POINT('',#8603);
#8605=CARTESIAN_POINT('',(-2.43E0,2.4E-1,-1.1E0));
#8606=VERTEX_POINT('',#8605);
#8607=CARTESIAN_POINT('',(-1.85E0,2.4E-1,-1.1E0));
#8608=VERTEX_POINT('',#8607);
#8609=CARTESIAN_POINT('',(-2.43E0,4.8E-1,-1.1E0));
#8610=VERTEX_POINT('',#8609);
#8611=CARTESIAN_POINT('',(-2.43E0,2.4E-1,-1.E0));
#8612=VERTEX_POINT('',#8611);
#8613=CARTESIAN_POINT('',(-1.85E0,2.4E-1,-1.E0));
#8614=VERTEX_POINT('',#8613);
#8615=CARTESIAN_POINT('',(-2.43E0,4.8E-1,-1.E0));
#8616=VERTEX_POINT('',#8615);
#8617=CARTESIAN_POINT('',(-2.295E0,1.3E-1,-1.E0));
#8618=CARTESIAN_POINT('',(-2.295E0,-2.E-2,-1.15E0));
#8619=VERTEX_POINT('',#8617);
#8620=VERTEX_POINT('',#8618);
#8621=CARTESIAN_POINT('',(-2.295E0,-2.E-2,-1.25E0));
#8622=VERTEX_POINT('',#8621);
#8623=CARTESIAN_POINT('',(-2.295E0,8.E-2,-1.25E0));
#8624=VERTEX_POINT('',#8623);
#8625=CARTESIAN_POINT('',(-2.295E0,8.E-2,-1.15E0));
#8626=VERTEX_POINT('',#8625);
#8627=CARTESIAN_POINT('',(-2.295E0,1.3E-1,-1.1E0));
#8628=VERTEX_POINT('',#8627);
#8629=CARTESIAN_POINT('',(-2.295E0,1.3E-1,1.1E0));
#8630=CARTESIAN_POINT('',(-2.295E0,8.E-2,1.15E0));
#8631=VERTEX_POINT('',#8629);
#8632=VERTEX_POINT('',#8630);
#8633=CARTESIAN_POINT('',(-2.295E0,8.E-2,1.25E0));
#8634=VERTEX_POINT('',#8633);
#8635=CARTESIAN_POINT('',(-2.295E0,-2.E-2,1.25E0));
#8636=VERTEX_POINT('',#8635);
#8637=CARTESIAN_POINT('',(-2.295E0,-2.E-2,1.15E0));
#8638=VERTEX_POINT('',#8637);
#8639=CARTESIAN_POINT('',(-2.295E0,1.3E-1,1.E0));
#8640=VERTEX_POINT('',#8639);
#8641=CARTESIAN_POINT('',(-1.995E0,1.3E-1,-1.E0));
#8642=CARTESIAN_POINT('',(-1.995E0,-2.E-2,-1.15E0));
#8643=VERTEX_POINT('',#8641);
#8644=VERTEX_POINT('',#8642);
#8645=CARTESIAN_POINT('',(-1.995E0,-2.E-2,-1.25E0));
#8646=VERTEX_POINT('',#8645);
#8647=CARTESIAN_POINT('',(-1.995E0,8.E-2,-1.25E0));
#8648=VERTEX_POINT('',#8647);
#8649=CARTESIAN_POINT('',(-1.995E0,8.E-2,-1.15E0));
#8650=VERTEX_POINT('',#8649);
#8651=CARTESIAN_POINT('',(-1.995E0,1.3E-1,-1.1E0));
#8652=VERTEX_POINT('',#8651);
#8653=CARTESIAN_POINT('',(-1.995E0,1.3E-1,1.1E0));
#8654=CARTESIAN_POINT('',(-1.995E0,8.E-2,1.15E0));
#8655=VERTEX_POINT('',#8653);
#8656=VERTEX_POINT('',#8654);
#8657=CARTESIAN_POINT('',(-1.995E0,8.E-2,1.25E0));
#8658=VERTEX_POINT('',#8657);
#8659=CARTESIAN_POINT('',(-1.995E0,-2.E-2,1.25E0));
#8660=VERTEX_POINT('',#8659);
#8661=CARTESIAN_POINT('',(-1.995E0,-2.E-2,1.15E0));
#8662=VERTEX_POINT('',#8661);
#8663=CARTESIAN_POINT('',(-1.995E0,1.3E-1,1.E0));
#8664=VERTEX_POINT('',#8663);
#8665=CARTESIAN_POINT('',(1.655E0,6.4E-1,-8.1E-1));
#8666=CARTESIAN_POINT('',(1.655E0,5.9E-1,-7.6E-1));
#8667=VERTEX_POINT('',#8665);
#8668=VERTEX_POINT('',#8666);
#8669=CARTESIAN_POINT('',(-1.655E0,5.9E-1,-7.6E-1));
#8670=VERTEX_POINT('',#8669);
#8671=CARTESIAN_POINT('',(-1.655E0,6.4E-1,-8.1E-1));
#8672=VERTEX_POINT('',#8671);
#8673=CARTESIAN_POINT('',(-1.655E0,6.4E-1,8.1E-1));
#8674=CARTESIAN_POINT('',(-1.655E0,5.9E-1,7.6E-1));
#8675=VERTEX_POINT('',#8673);
#8676=VERTEX_POINT('',#8674);
#8677=CARTESIAN_POINT('',(1.655E0,5.9E-1,7.6E-1));
#8678=VERTEX_POINT('',#8677);
#8679=CARTESIAN_POINT('',(1.655E0,6.4E-1,8.1E-1));
#8680=VERTEX_POINT('',#8679);
#8681=CARTESIAN_POINT('',(1.31E0,5.248449493661E-1,-7.251471862576E-1));
#8682=CARTESIAN_POINT('',(1.31E0,3.895248361990E-1,-7.011282787461E-1));
#8683=VERTEX_POINT('',#8681);
#8684=VERTEX_POINT('',#8682);
#8685=CARTESIAN_POINT('',(1.31E0,3.377881523859E-1,-7.2E-1));
#8686=CARTESIAN_POINT('',(1.31E0,1.996831997875E-1,-7.2E-1));
#8687=VERTEX_POINT('',#8685);
#8688=VERTEX_POINT('',#8686);
#8689=CARTESIAN_POINT('',(1.49E0,5.248449493661E-1,-7.251471862576E-1));
#8690=CARTESIAN_POINT('',(1.49E0,3.895248361990E-1,-7.011282787461E-1));
#8691=VERTEX_POINT('',#8689);
#8692=VERTEX_POINT('',#8690);
#8693=CARTESIAN_POINT('',(1.49E0,3.377881523859E-1,-7.2E-1));
#8694=CARTESIAN_POINT('',(1.49E0,1.996831997875E-1,-7.2E-1));
#8695=VERTEX_POINT('',#8693);
#8696=VERTEX_POINT('',#8694);
#8697=CARTESIAN_POINT('',(1.625E0,1.000018483144E-1,4.400010514648E-1));
#8698=CARTESIAN_POINT('',(1.795001051465E0,1.000018483144E-1,2.7E-1));
#8699=VERTEX_POINT('',#8697);
#8700=VERTEX_POINT('',#8698);
#8701=CARTESIAN_POINT('',(1.625E0,1.999986640498E-1,3.7E-1));
#8702=CARTESIAN_POINT('',(1.725E0,1.999986640498E-1,2.7E-1));
#8703=VERTEX_POINT('',#8701);
#8704=VERTEX_POINT('',#8702);
#8705=CARTESIAN_POINT('',(1.795000524581E0,1.000003674041E-1,
-2.700000015170E-1));
#8706=VERTEX_POINT('',#8705);
#8707=CARTESIAN_POINT('',(1.725000231433E0,2.000001620900E-1,
-2.700000006693E-1));
#8708=VERTEX_POINT('',#8707);
#8709=CARTESIAN_POINT('',(1.625E0,1.000018483144E-1,-4.400010514648E-1));
#8710=VERTEX_POINT('',#8709);
#8711=CARTESIAN_POINT('',(1.625E0,1.999986640498E-1,-3.7E-1));
#8712=VERTEX_POINT('',#8711);
#8713=CARTESIAN_POINT('',(-1.625000000669E0,2.000001620900E-1,
-3.700002314329E-1));
#8714=VERTEX_POINT('',#8713);
#8715=CARTESIAN_POINT('',(-1.625E0,1.000018483144E-1,-4.400010514648E-1));
#8716=CARTESIAN_POINT('',(-1.795001051465E0,1.000018483144E-1,-2.7E-1));
#8717=VERTEX_POINT('',#8715);
#8718=VERTEX_POINT('',#8716);
#8719=CARTESIAN_POINT('',(-1.725E0,1.999986640498E-1,-2.7E-1));
#8720=VERTEX_POINT('',#8719);
#8721=CARTESIAN_POINT('',(-1.795000524581E0,1.000003674041E-1,
2.700000015170E-1));
#8722=VERTEX_POINT('',#8721);
#8723=CARTESIAN_POINT('',(-1.725000231433E0,2.000001620900E-1,
2.700000006693E-1));
#8724=VERTEX_POINT('',#8723);
#8725=CARTESIAN_POINT('',(-1.625E0,1.000018483144E-1,4.400010514648E-1));
#8726=VERTEX_POINT('',#8725);
#8727=CARTESIAN_POINT('',(-1.625E0,1.999986640498E-1,3.7E-1));
#8728=VERTEX_POINT('',#8727);
#8729=CARTESIAN_POINT('',(1.725E0,5.4E-1,2.7E-1));
#8730=CARTESIAN_POINT('',(1.725E0,5.4E-1,-2.7E-1));
#8731=VERTEX_POINT('',#8729);
#8732=VERTEX_POINT('',#8730);
#8733=CARTESIAN_POINT('',(-1.725E0,5.4E-1,-2.7E-1));
#8734=CARTESIAN_POINT('',(-1.725E0,5.4E-1,2.7E-1));
#8735=VERTEX_POINT('',#8733);
#8736=VERTEX_POINT('',#8734);
#8737=CARTESIAN_POINT('',(9.1E-1,5.248449493661E-1,-7.251471862576E-1));
#8738=CARTESIAN_POINT('',(9.1E-1,3.895248361990E-1,-7.011282787461E-1));
#8739=VERTEX_POINT('',#8737);
#8740=VERTEX_POINT('',#8738);
#8741=CARTESIAN_POINT('',(9.1E-1,3.377881523859E-1,-7.2E-1));
#8742=CARTESIAN_POINT('',(9.1E-1,1.996831997875E-1,-7.2E-1));
#8743=VERTEX_POINT('',#8741);
#8744=VERTEX_POINT('',#8742);
#8745=CARTESIAN_POINT('',(1.09E0,5.248449493661E-1,-7.251471862576E-1));
#8746=CARTESIAN_POINT('',(1.09E0,3.895248361990E-1,-7.011282787461E-1));
#8747=VERTEX_POINT('',#8745);
#8748=VERTEX_POINT('',#8746);
#8749=CARTESIAN_POINT('',(1.09E0,3.377881523859E-1,-7.2E-1));
#8750=CARTESIAN_POINT('',(1.09E0,1.996831997875E-1,-7.2E-1));
#8751=VERTEX_POINT('',#8749);
#8752=VERTEX_POINT('',#8750);
#8753=CARTESIAN_POINT('',(5.1E-1,5.248449493661E-1,-7.251471862576E-1));
#8754=CARTESIAN_POINT('',(5.1E-1,3.895248361990E-1,-7.011282787461E-1));
#8755=VERTEX_POINT('',#8753);
#8756=VERTEX_POINT('',#8754);
#8757=CARTESIAN_POINT('',(5.1E-1,3.377881523859E-1,-7.2E-1));
#8758=CARTESIAN_POINT('',(5.1E-1,1.996831997875E-1,-7.2E-1));
#8759=VERTEX_POINT('',#8757);
#8760=VERTEX_POINT('',#8758);
#8761=CARTESIAN_POINT('',(6.9E-1,5.248449493661E-1,-7.251471862576E-1));
#8762=CARTESIAN_POINT('',(6.9E-1,3.895248361990E-1,-7.011282787461E-1));
#8763=VERTEX_POINT('',#8761);
#8764=VERTEX_POINT('',#8762);
#8765=CARTESIAN_POINT('',(6.9E-1,3.377881523859E-1,-7.2E-1));
#8766=CARTESIAN_POINT('',(6.9E-1,1.996831997875E-1,-7.2E-1));
#8767=VERTEX_POINT('',#8765);
#8768=VERTEX_POINT('',#8766);
#8769=CARTESIAN_POINT('',(1.1E-1,5.248449493661E-1,-7.251471862576E-1));
#8770=CARTESIAN_POINT('',(1.1E-1,3.895248361990E-1,-7.011282787461E-1));
#8771=VERTEX_POINT('',#8769);
#8772=VERTEX_POINT('',#8770);
#8773=CARTESIAN_POINT('',(1.1E-1,3.377881523859E-1,-7.2E-1));
#8774=CARTESIAN_POINT('',(1.1E-1,1.996831997875E-1,-7.2E-1));
#8775=VERTEX_POINT('',#8773);
#8776=VERTEX_POINT('',#8774);
#8777=CARTESIAN_POINT('',(2.9E-1,5.248449493661E-1,-7.251471862576E-1));
#8778=CARTESIAN_POINT('',(2.9E-1,3.895248361990E-1,-7.011282787461E-1));
#8779=VERTEX_POINT('',#8777);
#8780=VERTEX_POINT('',#8778);
#8781=CARTESIAN_POINT('',(2.9E-1,3.377881523859E-1,-7.2E-1));
#8782=CARTESIAN_POINT('',(2.9E-1,1.996831997875E-1,-7.2E-1));
#8783=VERTEX_POINT('',#8781);
#8784=VERTEX_POINT('',#8782);
#8785=CARTESIAN_POINT('',(-2.9E-1,5.248449493661E-1,-7.251471862576E-1));
#8786=CARTESIAN_POINT('',(-2.9E-1,3.895248361990E-1,-7.011282787461E-1));
#8787=VERTEX_POINT('',#8785);
#8788=VERTEX_POINT('',#8786);
#8789=CARTESIAN_POINT('',(-2.9E-1,3.377881523859E-1,-7.2E-1));
#8790=CARTESIAN_POINT('',(-2.9E-1,1.996831997875E-1,-7.2E-1));
#8791=VERTEX_POINT('',#8789);
#8792=VERTEX_POINT('',#8790);
#8793=CARTESIAN_POINT('',(-1.1E-1,5.248449493661E-1,-7.251471862576E-1));
#8794=CARTESIAN_POINT('',(-1.1E-1,3.895248361990E-1,-7.011282787461E-1));
#8795=VERTEX_POINT('',#8793);
#8796=VERTEX_POINT('',#8794);
#8797=CARTESIAN_POINT('',(-1.1E-1,3.377881523859E-1,-7.2E-1));
#8798=CARTESIAN_POINT('',(-1.1E-1,1.996831997875E-1,-7.2E-1));
#8799=VERTEX_POINT('',#8797);
#8800=VERTEX_POINT('',#8798);
#8801=CARTESIAN_POINT('',(-6.9E-1,5.248449493661E-1,-7.251471862576E-1));
#8802=CARTESIAN_POINT('',(-6.9E-1,3.895248361990E-1,-7.011282787461E-1));
#8803=VERTEX_POINT('',#8801);
#8804=VERTEX_POINT('',#8802);
#8805=CARTESIAN_POINT('',(-6.9E-1,3.377881523859E-1,-7.2E-1));
#8806=CARTESIAN_POINT('',(-6.9E-1,1.996831997875E-1,-7.2E-1));
#8807=VERTEX_POINT('',#8805);
#8808=VERTEX_POINT('',#8806);
#8809=CARTESIAN_POINT('',(-5.1E-1,5.248449493661E-1,-7.251471862576E-1));
#8810=CARTESIAN_POINT('',(-5.1E-1,3.895248361990E-1,-7.011282787461E-1));
#8811=VERTEX_POINT('',#8809);
#8812=VERTEX_POINT('',#8810);
#8813=CARTESIAN_POINT('',(-5.1E-1,3.377881523859E-1,-7.2E-1));
#8814=CARTESIAN_POINT('',(-5.1E-1,1.996831997875E-1,-7.2E-1));
#8815=VERTEX_POINT('',#8813);
#8816=VERTEX_POINT('',#8814);
#8817=CARTESIAN_POINT('',(-1.09E0,5.248449493661E-1,-7.251471862576E-1));
#8818=CARTESIAN_POINT('',(-1.09E0,3.895248361990E-1,-7.011282787461E-1));
#8819=VERTEX_POINT('',#8817);
#8820=VERTEX_POINT('',#8818);
#8821=CARTESIAN_POINT('',(-1.09E0,3.377881523859E-1,-7.2E-1));
#8822=CARTESIAN_POINT('',(-1.09E0,1.996831997875E-1,-7.2E-1));
#8823=VERTEX_POINT('',#8821);
#8824=VERTEX_POINT('',#8822);
#8825=CARTESIAN_POINT('',(-9.1E-1,5.248449493661E-1,-7.251471862576E-1));
#8826=CARTESIAN_POINT('',(-9.1E-1,3.895248361990E-1,-7.011282787461E-1));
#8827=VERTEX_POINT('',#8825);
#8828=VERTEX_POINT('',#8826);
#8829=CARTESIAN_POINT('',(-9.1E-1,3.377881523859E-1,-7.2E-1));
#8830=CARTESIAN_POINT('',(-9.1E-1,1.996831997875E-1,-7.2E-1));
#8831=VERTEX_POINT('',#8829);
#8832=VERTEX_POINT('',#8830);
#8833=CARTESIAN_POINT('',(-1.49E0,5.248449493661E-1,-7.251471862576E-1));
#8834=CARTESIAN_POINT('',(-1.49E0,3.895248361990E-1,-7.011282787461E-1));
#8835=VERTEX_POINT('',#8833);
#8836=VERTEX_POINT('',#8834);
#8837=CARTESIAN_POINT('',(-1.49E0,3.377881523859E-1,-7.2E-1));
#8838=CARTESIAN_POINT('',(-1.49E0,1.996831997875E-1,-7.2E-1));
#8839=VERTEX_POINT('',#8837);
#8840=VERTEX_POINT('',#8838);
#8841=CARTESIAN_POINT('',(-1.31E0,5.248449493661E-1,-7.251471862576E-1));
#8842=CARTESIAN_POINT('',(-1.31E0,3.895248361990E-1,-7.011282787461E-1));
#8843=VERTEX_POINT('',#8841);
#8844=VERTEX_POINT('',#8842);
#8845=CARTESIAN_POINT('',(-1.31E0,3.377881523859E-1,-7.2E-1));
#8846=CARTESIAN_POINT('',(-1.31E0,1.996831997875E-1,-7.2E-1));
#8847=VERTEX_POINT('',#8845);
#8848=VERTEX_POINT('',#8846);
#8849=CARTESIAN_POINT('',(1.85E0,4.8E-1,9.5E-1));
#8850=CARTESIAN_POINT('',(1.725E0,4.8E-1,9.5E-1));
#8851=VERTEX_POINT('',#8849);
#8852=VERTEX_POINT('',#8850);
#8853=CARTESIAN_POINT('',(1.725E0,4.8E-1,-9.5E-1));
#8854=CARTESIAN_POINT('',(1.85E0,4.8E-1,-9.5E-1));
#8855=VERTEX_POINT('',#8853);
#8856=VERTEX_POINT('',#8854);
#8857=CARTESIAN_POINT('',(2.085E0,5.5E-1,9.22E-1));
#8858=CARTESIAN_POINT('',(1.655E0,5.5E-1,9.22E-1));
#8859=VERTEX_POINT('',#8857);
#8860=VERTEX_POINT('',#8858);
#8861=CARTESIAN_POINT('',(1.85E0,3.8E-1,9.9E-1));
#8862=VERTEX_POINT('',#8861);
#8863=CARTESIAN_POINT('',(1.655E0,5.5E-1,-9.22E-1));
#8864=VERTEX_POINT('',#8863);
#8865=CARTESIAN_POINT('',(-1.85E0,4.8E-1,-9.5E-1));
#8866=CARTESIAN_POINT('',(-1.725E0,4.8E-1,-9.5E-1));
#8867=VERTEX_POINT('',#8865);
#8868=VERTEX_POINT('',#8866);
#8869=CARTESIAN_POINT('',(-1.725E0,4.8E-1,9.5E-1));
#8870=CARTESIAN_POINT('',(-1.85E0,4.8E-1,9.5E-1));
#8871=VERTEX_POINT('',#8869);
#8872=VERTEX_POINT('',#8870);
#8873=CARTESIAN_POINT('',(2.085E0,5.5E-1,-9.22E-1));
#8874=VERTEX_POINT('',#8873);
#8875=CARTESIAN_POINT('',(-2.085E0,5.5E-1,-9.22E-1));
#8876=CARTESIAN_POINT('',(-1.655E0,5.5E-1,-9.22E-1));
#8877=VERTEX_POINT('',#8875);
#8878=VERTEX_POINT('',#8876);
#8879=CARTESIAN_POINT('',(-1.655E0,5.5E-1,9.22E-1));
#8880=CARTESIAN_POINT('',(-2.085E0,5.5E-1,9.22E-1));
#8881=VERTEX_POINT('',#8879);
#8882=VERTEX_POINT('',#8880);
#8883=CARTESIAN_POINT('',(-1.85E0,3.8E-1,9.9E-1));
#8884=VERTEX_POINT('',#8883);
#8885=CARTESIAN_POINT('',(1.85E0,3.8E-1,-9.9E-1));
#8886=VERTEX_POINT('',#8885);
#8887=CARTESIAN_POINT('',(-1.85E0,3.8E-1,-9.9E-1));
#8888=VERTEX_POINT('',#8887);
#8889=CARTESIAN_POINT('',(2.43E0,4.8E-1,9.5E-1));
#8890=CARTESIAN_POINT('',(2.155E0,4.8E-1,9.5E-1));
#8891=VERTEX_POINT('',#8889);
#8892=VERTEX_POINT('',#8890);
#8893=CARTESIAN_POINT('',(2.155E0,4.8E-1,-9.5E-1));
#8894=CARTESIAN_POINT('',(2.43E0,4.8E-1,-9.5E-1));
#8895=VERTEX_POINT('',#8893);
#8896=VERTEX_POINT('',#8894);
#8897=CARTESIAN_POINT('',(-2.43E0,4.8E-1,-9.5E-1));
#8898=CARTESIAN_POINT('',(-2.155E0,4.8E-1,-9.5E-1));
#8899=VERTEX_POINT('',#8897);
#8900=VERTEX_POINT('',#8898);
#8901=CARTESIAN_POINT('',(-2.155E0,4.8E-1,9.5E-1));
#8902=CARTESIAN_POINT('',(-2.43E0,4.8E-1,9.5E-1));
#8903=VERTEX_POINT('',#8901);
#8904=VERTEX_POINT('',#8902);
#8905=CARTESIAN_POINT('',(2.43E0,3.8E-1,9.9E-1));
#8906=VERTEX_POINT('',#8905);
#8907=CARTESIAN_POINT('',(-2.43E0,3.8E-1,9.9E-1));
#8908=VERTEX_POINT('',#8907);
#8909=CARTESIAN_POINT('',(2.43E0,3.8E-1,-9.9E-1));
#8910=VERTEX_POINT('',#8909);
#8911=CARTESIAN_POINT('',(-2.43E0,3.8E-1,-9.9E-1));
#8912=VERTEX_POINT('',#8911);
#8913=CARTESIAN_POINT('',(1.85E0,4.5E-1,-1.1E0));
#8914=VERTEX_POINT('',#8913);
#8915=CARTESIAN_POINT('',(1.85E0,4.5E-1,-1.E0));
#8916=VERTEX_POINT('',#8915);
#8917=CARTESIAN_POINT('',(-1.85E0,4.5E-1,-1.1E0));
#8918=VERTEX_POINT('',#8917);
#8919=CARTESIAN_POINT('',(-1.85E0,4.5E-1,-1.E0));
#8920=VERTEX_POINT('',#8919);
#8921=CARTESIAN_POINT('',(1.31E0,1.E-1,7.6E-1));
#8922=CARTESIAN_POINT('',(1.31E0,1.E-1,6.279535954212E-1));
#8923=VERTEX_POINT('',#8921);
#8924=VERTEX_POINT('',#8922);
#8925=CARTESIAN_POINT('',(1.31E0,1.E-1,6.116926120242E-1));
#8926=CARTESIAN_POINT('',(1.31E0,1.E-1,4.4E-1));
#8927=VERTEX_POINT('',#8925);
#8928=VERTEX_POINT('',#8926);
#8929=CARTESIAN_POINT('',(1.31E0,1.E-1,-4.4E-1));
#8930=CARTESIAN_POINT('',(1.31E0,1.E-1,-6.116926120242E-1));
#8931=VERTEX_POINT('',#8929);
#8932=VERTEX_POINT('',#8930);
#8933=CARTESIAN_POINT('',(1.49E0,1.E-1,7.6E-1));
#8934=CARTESIAN_POINT('',(1.49E0,1.E-1,6.279535954212E-1));
#8935=VERTEX_POINT('',#8933);
#8936=VERTEX_POINT('',#8934);
#8937=CARTESIAN_POINT('',(1.49E0,1.E-1,6.116926120242E-1));
#8938=CARTESIAN_POINT('',(1.49E0,1.E-1,4.4E-1));
#8939=VERTEX_POINT('',#8937);
#8940=VERTEX_POINT('',#8938);
#8941=CARTESIAN_POINT('',(1.49E0,1.E-1,-4.4E-1));
#8942=CARTESIAN_POINT('',(1.49E0,1.E-1,-6.116926120242E-1));
#8943=VERTEX_POINT('',#8941);
#8944=VERTEX_POINT('',#8942);
#8945=CARTESIAN_POINT('',(1.31E0,2.850030229848E-1,-3.7E-1));
#8946=CARTESIAN_POINT('',(1.31E0,4.204214416105E-1,-3.7E-1));
#8947=VERTEX_POINT('',#8945);
#8948=VERTEX_POINT('',#8946);
#8949=CARTESIAN_POINT('',(1.31E0,4.764575131106E-1,-3.7E-1));
#8950=CARTESIAN_POINT('',(1.31E0,5.453939201417E-1,-3.7E-1));
#8951=VERTEX_POINT('',#8949);
#8952=VERTEX_POINT('',#8950);
#8953=CARTESIAN_POINT('',(1.49E0,2.850030229848E-1,-3.7E-1));
#8954=CARTESIAN_POINT('',(1.49E0,4.204214416105E-1,-3.7E-1));
#8955=VERTEX_POINT('',#8953);
#8956=VERTEX_POINT('',#8954);
#8957=CARTESIAN_POINT('',(1.49E0,4.764575131106E-1,-3.7E-1));
#8958=CARTESIAN_POINT('',(1.49E0,5.453939201417E-1,-3.7E-1));
#8959=VERTEX_POINT('',#8957);
#8960=VERTEX_POINT('',#8958);
#8961=CARTESIAN_POINT('',(1.31E0,2.850030229848E-1,3.7E-1));
#8962=CARTESIAN_POINT('',(1.31E0,4.204214416105E-1,3.7E-1));
#8963=VERTEX_POINT('',#8961);
#8964=VERTEX_POINT('',#8962);
#8965=CARTESIAN_POINT('',(1.31E0,4.764575131106E-1,3.7E-1));
#8966=CARTESIAN_POINT('',(1.31E0,5.453939201417E-1,3.7E-1));
#8967=VERTEX_POINT('',#8965);
#8968=VERTEX_POINT('',#8966);
#8969=CARTESIAN_POINT('',(1.49E0,2.850030229848E-1,3.7E-1));
#8970=CARTESIAN_POINT('',(1.49E0,4.204214416105E-1,3.7E-1));
#8971=VERTEX_POINT('',#8969);
#8972=VERTEX_POINT('',#8970);
#8973=CARTESIAN_POINT('',(1.49E0,4.764575131106E-1,3.7E-1));
#8974=CARTESIAN_POINT('',(1.49E0,5.453939201417E-1,3.7E-1));
#8975=VERTEX_POINT('',#8973);
#8976=VERTEX_POINT('',#8974);
#8977=CARTESIAN_POINT('',(1.31E0,5.596977631085E-1,7.6E-1));
#8978=VERTEX_POINT('',#8977);
#8979=CARTESIAN_POINT('',(1.49E0,5.596977631085E-1,7.6E-1));
#8980=VERTEX_POINT('',#8979);
#8981=CARTESIAN_POINT('',(1.31E0,1.E-1,-7.6E-1));
#8982=CARTESIAN_POINT('',(1.31E0,5.596977631085E-1,-7.6E-1));
#8983=VERTEX_POINT('',#8981);
#8984=VERTEX_POINT('',#8982);
#8985=CARTESIAN_POINT('',(1.49E0,1.E-1,-7.6E-1));
#8986=CARTESIAN_POINT('',(1.49E0,5.596977631085E-1,-7.6E-1));
#8987=VERTEX_POINT('',#8985);
#8988=VERTEX_POINT('',#8986);
#8989=CARTESIAN_POINT('',(1.31E0,1.118355688157E-1,4.317151018290E-1));
#8990=VERTEX_POINT('',#8989);
#8991=CARTESIAN_POINT('',(1.49E0,1.118355688157E-1,4.317151018290E-1));
#8992=VERTEX_POINT('',#8991);
#8993=CARTESIAN_POINT('',(1.31E0,1.118355688157E-1,-4.317151018290E-1));
#8994=VERTEX_POINT('',#8993);
#8995=CARTESIAN_POINT('',(1.49E0,1.118355688157E-1,-4.317151018290E-1));
#8996=VERTEX_POINT('',#8995);
#8997=CARTESIAN_POINT('',(1.31E0,1.E-1,-6.279535954212E-1));
#8998=VERTEX_POINT('',#8997);
#8999=CARTESIAN_POINT('',(1.49E0,1.E-1,-6.279535954212E-1));
#9000=VERTEX_POINT('',#8999);
#9001=CARTESIAN_POINT('',(9.1E-1,1.E-1,7.6E-1));
#9002=CARTESIAN_POINT('',(9.1E-1,1.E-1,6.279535954212E-1));
#9003=VERTEX_POINT('',#9001);
#9004=VERTEX_POINT('',#9002);
#9005=CARTESIAN_POINT('',(9.1E-1,1.E-1,6.116926120242E-1));
#9006=CARTESIAN_POINT('',(9.1E-1,1.E-1,4.4E-1));
#9007=VERTEX_POINT('',#9005);
#9008=VERTEX_POINT('',#9006);
#9009=CARTESIAN_POINT('',(9.1E-1,1.E-1,-4.4E-1));
#9010=CARTESIAN_POINT('',(9.1E-1,1.E-1,-6.116926120242E-1));
#9011=VERTEX_POINT('',#9009);
#9012=VERTEX_POINT('',#9010);
#9013=CARTESIAN_POINT('',(1.09E0,1.E-1,7.6E-1));
#9014=CARTESIAN_POINT('',(1.09E0,1.E-1,6.279535954212E-1));
#9015=VERTEX_POINT('',#9013);
#9016=VERTEX_POINT('',#9014);
#9017=CARTESIAN_POINT('',(1.09E0,1.E-1,6.116926120242E-1));
#9018=CARTESIAN_POINT('',(1.09E0,1.E-1,4.4E-1));
#9019=VERTEX_POINT('',#9017);
#9020=VERTEX_POINT('',#9018);
#9021=CARTESIAN_POINT('',(1.09E0,1.E-1,-4.4E-1));
#9022=CARTESIAN_POINT('',(1.09E0,1.E-1,-6.116926120242E-1));
#9023=VERTEX_POINT('',#9021);
#9024=VERTEX_POINT('',#9022);
#9025=CARTESIAN_POINT('',(9.1E-1,2.850030229848E-1,-3.7E-1));
#9026=CARTESIAN_POINT('',(9.1E-1,4.204214416105E-1,-3.7E-1));
#9027=VERTEX_POINT('',#9025);
#9028=VERTEX_POINT('',#9026);
#9029=CARTESIAN_POINT('',(9.1E-1,4.764575131106E-1,-3.7E-1));
#9030=CARTESIAN_POINT('',(9.1E-1,5.453939201417E-1,-3.7E-1));
#9031=VERTEX_POINT('',#9029);
#9032=VERTEX_POINT('',#9030);
#9033=CARTESIAN_POINT('',(1.09E0,2.850030229848E-1,-3.7E-1));
#9034=CARTESIAN_POINT('',(1.09E0,4.204214416105E-1,-3.7E-1));
#9035=VERTEX_POINT('',#9033);
#9036=VERTEX_POINT('',#9034);
#9037=CARTESIAN_POINT('',(1.09E0,4.764575131106E-1,-3.7E-1));
#9038=CARTESIAN_POINT('',(1.09E0,5.453939201417E-1,-3.7E-1));
#9039=VERTEX_POINT('',#9037);
#9040=VERTEX_POINT('',#9038);
#9041=CARTESIAN_POINT('',(9.1E-1,2.850030229848E-1,3.7E-1));
#9042=CARTESIAN_POINT('',(9.1E-1,4.204214416105E-1,3.7E-1));
#9043=VERTEX_POINT('',#9041);
#9044=VERTEX_POINT('',#9042);
#9045=CARTESIAN_POINT('',(9.1E-1,4.764575131106E-1,3.7E-1));
#9046=CARTESIAN_POINT('',(9.1E-1,5.453939201417E-1,3.7E-1));
#9047=VERTEX_POINT('',#9045);
#9048=VERTEX_POINT('',#9046);
#9049=CARTESIAN_POINT('',(1.09E0,2.850030229848E-1,3.7E-1));
#9050=CARTESIAN_POINT('',(1.09E0,4.204214416105E-1,3.7E-1));
#9051=VERTEX_POINT('',#9049);
#9052=VERTEX_POINT('',#9050);
#9053=CARTESIAN_POINT('',(1.09E0,4.764575131106E-1,3.7E-1));
#9054=CARTESIAN_POINT('',(1.09E0,5.453939201417E-1,3.7E-1));
#9055=VERTEX_POINT('',#9053);
#9056=VERTEX_POINT('',#9054);
#9057=CARTESIAN_POINT('',(9.1E-1,5.596977631085E-1,7.6E-1));
#9058=VERTEX_POINT('',#9057);
#9059=CARTESIAN_POINT('',(1.09E0,5.596977631085E-1,7.6E-1));
#9060=VERTEX_POINT('',#9059);
#9061=CARTESIAN_POINT('',(9.1E-1,1.E-1,-7.6E-1));
#9062=CARTESIAN_POINT('',(9.1E-1,5.596977631085E-1,-7.6E-1));
#9063=VERTEX_POINT('',#9061);
#9064=VERTEX_POINT('',#9062);
#9065=CARTESIAN_POINT('',(1.09E0,1.E-1,-7.6E-1));
#9066=CARTESIAN_POINT('',(1.09E0,5.596977631085E-1,-7.6E-1));
#9067=VERTEX_POINT('',#9065);
#9068=VERTEX_POINT('',#9066);
#9069=CARTESIAN_POINT('',(9.1E-1,1.118355688157E-1,4.317151018290E-1));
#9070=VERTEX_POINT('',#9069);
#9071=CARTESIAN_POINT('',(1.09E0,1.118355688157E-1,4.317151018290E-1));
#9072=VERTEX_POINT('',#9071);
#9073=CARTESIAN_POINT('',(9.1E-1,1.118355688157E-1,-4.317151018290E-1));
#9074=VERTEX_POINT('',#9073);
#9075=CARTESIAN_POINT('',(1.09E0,1.118355688157E-1,-4.317151018290E-1));
#9076=VERTEX_POINT('',#9075);
#9077=CARTESIAN_POINT('',(9.1E-1,1.E-1,-6.279535954212E-1));
#9078=VERTEX_POINT('',#9077);
#9079=CARTESIAN_POINT('',(1.09E0,1.E-1,-6.279535954212E-1));
#9080=VERTEX_POINT('',#9079);
#9081=CARTESIAN_POINT('',(5.1E-1,1.E-1,7.6E-1));
#9082=CARTESIAN_POINT('',(5.1E-1,1.E-1,6.279535954212E-1));
#9083=VERTEX_POINT('',#9081);
#9084=VERTEX_POINT('',#9082);
#9085=CARTESIAN_POINT('',(5.1E-1,1.E-1,6.116926120242E-1));
#9086=CARTESIAN_POINT('',(5.1E-1,1.E-1,4.4E-1));
#9087=VERTEX_POINT('',#9085);
#9088=VERTEX_POINT('',#9086);
#9089=CARTESIAN_POINT('',(5.1E-1,1.E-1,-4.4E-1));
#9090=CARTESIAN_POINT('',(5.1E-1,1.E-1,-6.116926120242E-1));
#9091=VERTEX_POINT('',#9089);
#9092=VERTEX_POINT('',#9090);
#9093=CARTESIAN_POINT('',(6.9E-1,1.E-1,7.6E-1));
#9094=CARTESIAN_POINT('',(6.9E-1,1.E-1,6.279535954212E-1));
#9095=VERTEX_POINT('',#9093);
#9096=VERTEX_POINT('',#9094);
#9097=CARTESIAN_POINT('',(6.9E-1,1.E-1,6.116926120242E-1));
#9098=CARTESIAN_POINT('',(6.9E-1,1.E-1,4.4E-1));
#9099=VERTEX_POINT('',#9097);
#9100=VERTEX_POINT('',#9098);
#9101=CARTESIAN_POINT('',(6.9E-1,1.E-1,-4.4E-1));
#9102=CARTESIAN_POINT('',(6.9E-1,1.E-1,-6.116926120242E-1));
#9103=VERTEX_POINT('',#9101);
#9104=VERTEX_POINT('',#9102);
#9105=CARTESIAN_POINT('',(5.1E-1,2.850030229848E-1,-3.7E-1));
#9106=CARTESIAN_POINT('',(5.1E-1,4.204214416105E-1,-3.7E-1));
#9107=VERTEX_POINT('',#9105);
#9108=VERTEX_POINT('',#9106);
#9109=CARTESIAN_POINT('',(5.1E-1,4.764575131106E-1,-3.7E-1));
#9110=CARTESIAN_POINT('',(5.1E-1,5.453939201417E-1,-3.7E-1));
#9111=VERTEX_POINT('',#9109);
#9112=VERTEX_POINT('',#9110);
#9113=CARTESIAN_POINT('',(6.9E-1,2.850030229848E-1,-3.7E-1));
#9114=CARTESIAN_POINT('',(6.9E-1,4.204214416105E-1,-3.7E-1));
#9115=VERTEX_POINT('',#9113);
#9116=VERTEX_POINT('',#9114);
#9117=CARTESIAN_POINT('',(6.9E-1,4.764575131106E-1,-3.7E-1));
#9118=CARTESIAN_POINT('',(6.9E-1,5.453939201417E-1,-3.7E-1));
#9119=VERTEX_POINT('',#9117);
#9120=VERTEX_POINT('',#9118);
#9121=CARTESIAN_POINT('',(5.1E-1,2.850030229848E-1,3.7E-1));
#9122=CARTESIAN_POINT('',(5.1E-1,4.204214416105E-1,3.7E-1));
#9123=VERTEX_POINT('',#9121);
#9124=VERTEX_POINT('',#9122);
#9125=CARTESIAN_POINT('',(5.1E-1,4.764575131106E-1,3.7E-1));
#9126=CARTESIAN_POINT('',(5.1E-1,5.453939201417E-1,3.7E-1));
#9127=VERTEX_POINT('',#9125);
#9128=VERTEX_POINT('',#9126);
#9129=CARTESIAN_POINT('',(6.9E-1,2.850030229848E-1,3.7E-1));
#9130=CARTESIAN_POINT('',(6.9E-1,4.204214416105E-1,3.7E-1));
#9131=VERTEX_POINT('',#9129);
#9132=VERTEX_POINT('',#9130);
#9133=CARTESIAN_POINT('',(6.9E-1,4.764575131106E-1,3.7E-1));
#9134=CARTESIAN_POINT('',(6.9E-1,5.453939201417E-1,3.7E-1));
#9135=VERTEX_POINT('',#9133);
#9136=VERTEX_POINT('',#9134);
#9137=CARTESIAN_POINT('',(5.1E-1,5.596977631085E-1,7.6E-1));
#9138=VERTEX_POINT('',#9137);
#9139=CARTESIAN_POINT('',(6.9E-1,5.596977631085E-1,7.6E-1));
#9140=VERTEX_POINT('',#9139);
#9141=CARTESIAN_POINT('',(5.1E-1,1.E-1,-7.6E-1));
#9142=CARTESIAN_POINT('',(5.1E-1,5.596977631085E-1,-7.6E-1));
#9143=VERTEX_POINT('',#9141);
#9144=VERTEX_POINT('',#9142);
#9145=CARTESIAN_POINT('',(6.9E-1,1.E-1,-7.6E-1));
#9146=CARTESIAN_POINT('',(6.9E-1,5.596977631085E-1,-7.6E-1));
#9147=VERTEX_POINT('',#9145);
#9148=VERTEX_POINT('',#9146);
#9149=CARTESIAN_POINT('',(5.1E-1,1.118355688157E-1,4.317151018290E-1));
#9150=VERTEX_POINT('',#9149);
#9151=CARTESIAN_POINT('',(6.9E-1,1.118355688157E-1,4.317151018290E-1));
#9152=VERTEX_POINT('',#9151);
#9153=CARTESIAN_POINT('',(5.1E-1,1.118355688157E-1,-4.317151018290E-1));
#9154=VERTEX_POINT('',#9153);
#9155=CARTESIAN_POINT('',(6.9E-1,1.118355688157E-1,-4.317151018290E-1));
#9156=VERTEX_POINT('',#9155);
#9157=CARTESIAN_POINT('',(5.1E-1,1.E-1,-6.279535954212E-1));
#9158=VERTEX_POINT('',#9157);
#9159=CARTESIAN_POINT('',(6.9E-1,1.E-1,-6.279535954212E-1));
#9160=VERTEX_POINT('',#9159);
#9161=CARTESIAN_POINT('',(1.1E-1,1.E-1,7.6E-1));
#9162=CARTESIAN_POINT('',(1.1E-1,1.E-1,6.279535954212E-1));
#9163=VERTEX_POINT('',#9161);
#9164=VERTEX_POINT('',#9162);
#9165=CARTESIAN_POINT('',(1.1E-1,1.E-1,6.116926120242E-1));
#9166=CARTESIAN_POINT('',(1.1E-1,1.E-1,4.4E-1));
#9167=VERTEX_POINT('',#9165);
#9168=VERTEX_POINT('',#9166);
#9169=CARTESIAN_POINT('',(1.1E-1,1.E-1,-4.4E-1));
#9170=CARTESIAN_POINT('',(1.1E-1,1.E-1,-6.116926120242E-1));
#9171=VERTEX_POINT('',#9169);
#9172=VERTEX_POINT('',#9170);
#9173=CARTESIAN_POINT('',(2.9E-1,1.E-1,7.6E-1));
#9174=CARTESIAN_POINT('',(2.9E-1,1.E-1,6.279535954212E-1));
#9175=VERTEX_POINT('',#9173);
#9176=VERTEX_POINT('',#9174);
#9177=CARTESIAN_POINT('',(2.9E-1,1.E-1,6.116926120242E-1));
#9178=CARTESIAN_POINT('',(2.9E-1,1.E-1,4.4E-1));
#9179=VERTEX_POINT('',#9177);
#9180=VERTEX_POINT('',#9178);
#9181=CARTESIAN_POINT('',(2.9E-1,1.E-1,-4.4E-1));
#9182=CARTESIAN_POINT('',(2.9E-1,1.E-1,-6.116926120242E-1));
#9183=VERTEX_POINT('',#9181);
#9184=VERTEX_POINT('',#9182);
#9185=CARTESIAN_POINT('',(1.1E-1,2.850030229848E-1,-3.7E-1));
#9186=CARTESIAN_POINT('',(1.1E-1,4.204214416105E-1,-3.7E-1));
#9187=VERTEX_POINT('',#9185);
#9188=VERTEX_POINT('',#9186);
#9189=CARTESIAN_POINT('',(1.1E-1,4.764575131106E-1,-3.7E-1));
#9190=CARTESIAN_POINT('',(1.1E-1,5.453939201417E-1,-3.7E-1));
#9191=VERTEX_POINT('',#9189);
#9192=VERTEX_POINT('',#9190);
#9193=CARTESIAN_POINT('',(2.9E-1,2.850030229848E-1,-3.7E-1));
#9194=CARTESIAN_POINT('',(2.9E-1,4.204214416105E-1,-3.7E-1));
#9195=VERTEX_POINT('',#9193);
#9196=VERTEX_POINT('',#9194);
#9197=CARTESIAN_POINT('',(2.9E-1,4.764575131106E-1,-3.7E-1));
#9198=CARTESIAN_POINT('',(2.9E-1,5.453939201417E-1,-3.7E-1));
#9199=VERTEX_POINT('',#9197);
#9200=VERTEX_POINT('',#9198);
#9201=CARTESIAN_POINT('',(1.1E-1,2.850030229848E-1,3.7E-1));
#9202=CARTESIAN_POINT('',(1.1E-1,4.204214416105E-1,3.7E-1));
#9203=VERTEX_POINT('',#9201);
#9204=VERTEX_POINT('',#9202);
#9205=CARTESIAN_POINT('',(1.1E-1,4.764575131106E-1,3.7E-1));
#9206=CARTESIAN_POINT('',(1.1E-1,5.453939201417E-1,3.7E-1));
#9207=VERTEX_POINT('',#9205);
#9208=VERTEX_POINT('',#9206);
#9209=CARTESIAN_POINT('',(2.9E-1,2.850030229848E-1,3.7E-1));
#9210=CARTESIAN_POINT('',(2.9E-1,4.204214416105E-1,3.7E-1));
#9211=VERTEX_POINT('',#9209);
#9212=VERTEX_POINT('',#9210);
#9213=CARTESIAN_POINT('',(2.9E-1,4.764575131106E-1,3.7E-1));
#9214=CARTESIAN_POINT('',(2.9E-1,5.453939201417E-1,3.7E-1));
#9215=VERTEX_POINT('',#9213);
#9216=VERTEX_POINT('',#9214);
#9217=CARTESIAN_POINT('',(1.1E-1,5.596977631085E-1,7.6E-1));
#9218=VERTEX_POINT('',#9217);
#9219=CARTESIAN_POINT('',(2.9E-1,5.596977631085E-1,7.6E-1));
#9220=VERTEX_POINT('',#9219);
#9221=CARTESIAN_POINT('',(1.1E-1,1.E-1,-7.6E-1));
#9222=CARTESIAN_POINT('',(1.1E-1,5.596977631085E-1,-7.6E-1));
#9223=VERTEX_POINT('',#9221);
#9224=VERTEX_POINT('',#9222);
#9225=CARTESIAN_POINT('',(2.9E-1,1.E-1,-7.6E-1));
#9226=CARTESIAN_POINT('',(2.9E-1,5.596977631085E-1,-7.6E-1));
#9227=VERTEX_POINT('',#9225);
#9228=VERTEX_POINT('',#9226);
#9229=CARTESIAN_POINT('',(1.1E-1,1.118355688157E-1,4.317151018290E-1));
#9230=VERTEX_POINT('',#9229);
#9231=CARTESIAN_POINT('',(2.9E-1,1.118355688157E-1,4.317151018290E-1));
#9232=VERTEX_POINT('',#9231);
#9233=CARTESIAN_POINT('',(1.1E-1,1.118355688157E-1,-4.317151018290E-1));
#9234=VERTEX_POINT('',#9233);
#9235=CARTESIAN_POINT('',(2.9E-1,1.118355688157E-1,-4.317151018290E-1));
#9236=VERTEX_POINT('',#9235);
#9237=CARTESIAN_POINT('',(1.1E-1,1.E-1,-6.279535954212E-1));
#9238=VERTEX_POINT('',#9237);
#9239=CARTESIAN_POINT('',(2.9E-1,1.E-1,-6.279535954212E-1));
#9240=VERTEX_POINT('',#9239);
#9241=CARTESIAN_POINT('',(-2.9E-1,1.E-1,7.6E-1));
#9242=CARTESIAN_POINT('',(-2.9E-1,1.E-1,6.279535954212E-1));
#9243=VERTEX_POINT('',#9241);
#9244=VERTEX_POINT('',#9242);
#9245=CARTESIAN_POINT('',(-2.9E-1,1.E-1,6.116926120242E-1));
#9246=CARTESIAN_POINT('',(-2.9E-1,1.E-1,4.4E-1));
#9247=VERTEX_POINT('',#9245);
#9248=VERTEX_POINT('',#9246);
#9249=CARTESIAN_POINT('',(-2.9E-1,1.E-1,-4.4E-1));
#9250=CARTESIAN_POINT('',(-2.9E-1,1.E-1,-6.116926120242E-1));
#9251=VERTEX_POINT('',#9249);
#9252=VERTEX_POINT('',#9250);
#9253=CARTESIAN_POINT('',(-1.1E-1,1.E-1,7.6E-1));
#9254=CARTESIAN_POINT('',(-1.1E-1,1.E-1,6.279535954212E-1));
#9255=VERTEX_POINT('',#9253);
#9256=VERTEX_POINT('',#9254);
#9257=CARTESIAN_POINT('',(-1.1E-1,1.E-1,6.116926120242E-1));
#9258=CARTESIAN_POINT('',(-1.1E-1,1.E-1,4.4E-1));
#9259=VERTEX_POINT('',#9257);
#9260=VERTEX_POINT('',#9258);
#9261=CARTESIAN_POINT('',(-1.1E-1,1.E-1,-4.4E-1));
#9262=CARTESIAN_POINT('',(-1.1E-1,1.E-1,-6.116926120242E-1));
#9263=VERTEX_POINT('',#9261);
#9264=VERTEX_POINT('',#9262);
#9265=CARTESIAN_POINT('',(-2.9E-1,2.850030229848E-1,-3.7E-1));
#9266=CARTESIAN_POINT('',(-2.9E-1,4.204214416105E-1,-3.7E-1));
#9267=VERTEX_POINT('',#9265);
#9268=VERTEX_POINT('',#9266);
#9269=CARTESIAN_POINT('',(-2.9E-1,4.764575131106E-1,-3.7E-1));
#9270=CARTESIAN_POINT('',(-2.9E-1,5.453939201417E-1,-3.7E-1));
#9271=VERTEX_POINT('',#9269);
#9272=VERTEX_POINT('',#9270);
#9273=CARTESIAN_POINT('',(-1.1E-1,2.850030229848E-1,-3.7E-1));
#9274=CARTESIAN_POINT('',(-1.1E-1,4.204214416105E-1,-3.7E-1));
#9275=VERTEX_POINT('',#9273);
#9276=VERTEX_POINT('',#9274);
#9277=CARTESIAN_POINT('',(-1.1E-1,4.764575131106E-1,-3.7E-1));
#9278=CARTESIAN_POINT('',(-1.1E-1,5.453939201417E-1,-3.7E-1));
#9279=VERTEX_POINT('',#9277);
#9280=VERTEX_POINT('',#9278);
#9281=CARTESIAN_POINT('',(-2.9E-1,2.850030229848E-1,3.7E-1));
#9282=CARTESIAN_POINT('',(-2.9E-1,4.204214416105E-1,3.7E-1));
#9283=VERTEX_POINT('',#9281);
#9284=VERTEX_POINT('',#9282);
#9285=CARTESIAN_POINT('',(-2.9E-1,4.764575131106E-1,3.7E-1));
#9286=CARTESIAN_POINT('',(-2.9E-1,5.453939201417E-1,3.7E-1));
#9287=VERTEX_POINT('',#9285);
#9288=VERTEX_POINT('',#9286);
#9289=CARTESIAN_POINT('',(-1.1E-1,2.850030229848E-1,3.7E-1));
#9290=CARTESIAN_POINT('',(-1.1E-1,4.204214416105E-1,3.7E-1));
#9291=VERTEX_POINT('',#9289);
#9292=VERTEX_POINT('',#9290);
#9293=CARTESIAN_POINT('',(-1.1E-1,4.764575131106E-1,3.7E-1));
#9294=CARTESIAN_POINT('',(-1.1E-1,5.453939201417E-1,3.7E-1));
#9295=VERTEX_POINT('',#9293);
#9296=VERTEX_POINT('',#9294);
#9297=CARTESIAN_POINT('',(-2.9E-1,5.596977631085E-1,7.6E-1));
#9298=VERTEX_POINT('',#9297);
#9299=CARTESIAN_POINT('',(-1.1E-1,5.596977631085E-1,7.6E-1));
#9300=VERTEX_POINT('',#9299);
#9301=CARTESIAN_POINT('',(-2.9E-1,1.E-1,-7.6E-1));
#9302=CARTESIAN_POINT('',(-2.9E-1,5.596977631085E-1,-7.6E-1));
#9303=VERTEX_POINT('',#9301);
#9304=VERTEX_POINT('',#9302);
#9305=CARTESIAN_POINT('',(-1.1E-1,1.E-1,-7.6E-1));
#9306=CARTESIAN_POINT('',(-1.1E-1,5.596977631085E-1,-7.6E-1));
#9307=VERTEX_POINT('',#9305);
#9308=VERTEX_POINT('',#9306);
#9309=CARTESIAN_POINT('',(-2.9E-1,1.118355688157E-1,4.317151018290E-1));
#9310=VERTEX_POINT('',#9309);
#9311=CARTESIAN_POINT('',(-1.1E-1,1.118355688157E-1,4.317151018290E-1));
#9312=VERTEX_POINT('',#9311);
#9313=CARTESIAN_POINT('',(-2.9E-1,1.118355688157E-1,-4.317151018290E-1));
#9314=VERTEX_POINT('',#9313);
#9315=CARTESIAN_POINT('',(-1.1E-1,1.118355688157E-1,-4.317151018290E-1));
#9316=VERTEX_POINT('',#9315);
#9317=CARTESIAN_POINT('',(-2.9E-1,1.E-1,-6.279535954212E-1));
#9318=VERTEX_POINT('',#9317);
#9319=CARTESIAN_POINT('',(-1.1E-1,1.E-1,-6.279535954212E-1));
#9320=VERTEX_POINT('',#9319);
#9321=CARTESIAN_POINT('',(-6.9E-1,1.E-1,7.6E-1));
#9322=CARTESIAN_POINT('',(-6.9E-1,1.E-1,6.279535954212E-1));
#9323=VERTEX_POINT('',#9321);
#9324=VERTEX_POINT('',#9322);
#9325=CARTESIAN_POINT('',(-6.9E-1,1.E-1,6.116926120242E-1));
#9326=CARTESIAN_POINT('',(-6.9E-1,1.E-1,4.4E-1));
#9327=VERTEX_POINT('',#9325);
#9328=VERTEX_POINT('',#9326);
#9329=CARTESIAN_POINT('',(-6.9E-1,1.E-1,-4.4E-1));
#9330=CARTESIAN_POINT('',(-6.9E-1,1.E-1,-6.116926120242E-1));
#9331=VERTEX_POINT('',#9329);
#9332=VERTEX_POINT('',#9330);
#9333=CARTESIAN_POINT('',(-5.1E-1,1.E-1,7.6E-1));
#9334=CARTESIAN_POINT('',(-5.1E-1,1.E-1,6.279535954212E-1));
#9335=VERTEX_POINT('',#9333);
#9336=VERTEX_POINT('',#9334);
#9337=CARTESIAN_POINT('',(-5.1E-1,1.E-1,6.116926120242E-1));
#9338=CARTESIAN_POINT('',(-5.1E-1,1.E-1,4.4E-1));
#9339=VERTEX_POINT('',#9337);
#9340=VERTEX_POINT('',#9338);
#9341=CARTESIAN_POINT('',(-5.1E-1,1.E-1,-4.4E-1));
#9342=CARTESIAN_POINT('',(-5.1E-1,1.E-1,-6.116926120242E-1));
#9343=VERTEX_POINT('',#9341);
#9344=VERTEX_POINT('',#9342);
#9345=CARTESIAN_POINT('',(-6.9E-1,2.850030229848E-1,-3.7E-1));
#9346=CARTESIAN_POINT('',(-6.9E-1,4.204214416105E-1,-3.7E-1));
#9347=VERTEX_POINT('',#9345);
#9348=VERTEX_POINT('',#9346);
#9349=CARTESIAN_POINT('',(-6.9E-1,4.764575131106E-1,-3.7E-1));
#9350=CARTESIAN_POINT('',(-6.9E-1,5.453939201417E-1,-3.7E-1));
#9351=VERTEX_POINT('',#9349);
#9352=VERTEX_POINT('',#9350);
#9353=CARTESIAN_POINT('',(-5.1E-1,2.850030229848E-1,-3.7E-1));
#9354=CARTESIAN_POINT('',(-5.1E-1,4.204214416105E-1,-3.7E-1));
#9355=VERTEX_POINT('',#9353);
#9356=VERTEX_POINT('',#9354);
#9357=CARTESIAN_POINT('',(-5.1E-1,4.764575131106E-1,-3.7E-1));
#9358=CARTESIAN_POINT('',(-5.1E-1,5.453939201417E-1,-3.7E-1));
#9359=VERTEX_POINT('',#9357);
#9360=VERTEX_POINT('',#9358);
#9361=CARTESIAN_POINT('',(-6.9E-1,2.850030229848E-1,3.7E-1));
#9362=CARTESIAN_POINT('',(-6.9E-1,4.204214416105E-1,3.7E-1));
#9363=VERTEX_POINT('',#9361);
#9364=VERTEX_POINT('',#9362);
#9365=CARTESIAN_POINT('',(-6.9E-1,4.764575131106E-1,3.7E-1));
#9366=CARTESIAN_POINT('',(-6.9E-1,5.453939201417E-1,3.7E-1));
#9367=VERTEX_POINT('',#9365);
#9368=VERTEX_POINT('',#9366);
#9369=CARTESIAN_POINT('',(-5.1E-1,2.850030229848E-1,3.7E-1));
#9370=CARTESIAN_POINT('',(-5.1E-1,4.204214416105E-1,3.7E-1));
#9371=VERTEX_POINT('',#9369);
#9372=VERTEX_POINT('',#9370);
#9373=CARTESIAN_POINT('',(-5.1E-1,4.764575131106E-1,3.7E-1));
#9374=CARTESIAN_POINT('',(-5.1E-1,5.453939201417E-1,3.7E-1));
#9375=VERTEX_POINT('',#9373);
#9376=VERTEX_POINT('',#9374);
#9377=CARTESIAN_POINT('',(-6.9E-1,5.596977631085E-1,7.6E-1));
#9378=VERTEX_POINT('',#9377);
#9379=CARTESIAN_POINT('',(-5.1E-1,5.596977631085E-1,7.6E-1));
#9380=VERTEX_POINT('',#9379);
#9381=CARTESIAN_POINT('',(-6.9E-1,1.E-1,-7.6E-1));
#9382=CARTESIAN_POINT('',(-6.9E-1,5.596977631085E-1,-7.6E-1));
#9383=VERTEX_POINT('',#9381);
#9384=VERTEX_POINT('',#9382);
#9385=CARTESIAN_POINT('',(-5.1E-1,1.E-1,-7.6E-1));
#9386=CARTESIAN_POINT('',(-5.1E-1,5.596977631085E-1,-7.6E-1));
#9387=VERTEX_POINT('',#9385);
#9388=VERTEX_POINT('',#9386);
#9389=CARTESIAN_POINT('',(-6.9E-1,1.118355688157E-1,4.317151018290E-1));
#9390=VERTEX_POINT('',#9389);
#9391=CARTESIAN_POINT('',(-5.1E-1,1.118355688157E-1,4.317151018290E-1));
#9392=VERTEX_POINT('',#9391);
#9393=CARTESIAN_POINT('',(-6.9E-1,1.118355688157E-1,-4.317151018290E-1));
#9394=VERTEX_POINT('',#9393);
#9395=CARTESIAN_POINT('',(-5.1E-1,1.118355688157E-1,-4.317151018290E-1));
#9396=VERTEX_POINT('',#9395);
#9397=CARTESIAN_POINT('',(-6.9E-1,1.E-1,-6.279535954212E-1));
#9398=VERTEX_POINT('',#9397);
#9399=CARTESIAN_POINT('',(-5.1E-1,1.E-1,-6.279535954212E-1));
#9400=VERTEX_POINT('',#9399);
#9401=CARTESIAN_POINT('',(-1.09E0,1.E-1,7.6E-1));
#9402=CARTESIAN_POINT('',(-1.09E0,1.E-1,6.279535954212E-1));
#9403=VERTEX_POINT('',#9401);
#9404=VERTEX_POINT('',#9402);
#9405=CARTESIAN_POINT('',(-1.09E0,1.E-1,6.116926120242E-1));
#9406=CARTESIAN_POINT('',(-1.09E0,1.E-1,4.4E-1));
#9407=VERTEX_POINT('',#9405);
#9408=VERTEX_POINT('',#9406);
#9409=CARTESIAN_POINT('',(-1.09E0,1.E-1,-4.4E-1));
#9410=CARTESIAN_POINT('',(-1.09E0,1.E-1,-6.116926120242E-1));
#9411=VERTEX_POINT('',#9409);
#9412=VERTEX_POINT('',#9410);
#9413=CARTESIAN_POINT('',(-9.1E-1,1.E-1,7.6E-1));
#9414=CARTESIAN_POINT('',(-9.1E-1,1.E-1,6.279535954212E-1));
#9415=VERTEX_POINT('',#9413);
#9416=VERTEX_POINT('',#9414);
#9417=CARTESIAN_POINT('',(-9.1E-1,1.E-1,6.116926120242E-1));
#9418=CARTESIAN_POINT('',(-9.1E-1,1.E-1,4.4E-1));
#9419=VERTEX_POINT('',#9417);
#9420=VERTEX_POINT('',#9418);
#9421=CARTESIAN_POINT('',(-9.1E-1,1.E-1,-4.4E-1));
#9422=CARTESIAN_POINT('',(-9.1E-1,1.E-1,-6.116926120242E-1));
#9423=VERTEX_POINT('',#9421);
#9424=VERTEX_POINT('',#9422);
#9425=CARTESIAN_POINT('',(-1.09E0,2.850030229848E-1,-3.7E-1));
#9426=CARTESIAN_POINT('',(-1.09E0,4.204214416105E-1,-3.7E-1));
#9427=VERTEX_POINT('',#9425);
#9428=VERTEX_POINT('',#9426);
#9429=CARTESIAN_POINT('',(-1.09E0,4.764575131106E-1,-3.7E-1));
#9430=CARTESIAN_POINT('',(-1.09E0,5.453939201417E-1,-3.7E-1));
#9431=VERTEX_POINT('',#9429);
#9432=VERTEX_POINT('',#9430);
#9433=CARTESIAN_POINT('',(-9.1E-1,2.850030229848E-1,-3.7E-1));
#9434=CARTESIAN_POINT('',(-9.1E-1,4.204214416105E-1,-3.7E-1));
#9435=VERTEX_POINT('',#9433);
#9436=VERTEX_POINT('',#9434);
#9437=CARTESIAN_POINT('',(-9.1E-1,4.764575131106E-1,-3.7E-1));
#9438=CARTESIAN_POINT('',(-9.1E-1,5.453939201417E-1,-3.7E-1));
#9439=VERTEX_POINT('',#9437);
#9440=VERTEX_POINT('',#9438);
#9441=CARTESIAN_POINT('',(-1.09E0,2.850030229848E-1,3.7E-1));
#9442=CARTESIAN_POINT('',(-1.09E0,4.204214416105E-1,3.7E-1));
#9443=VERTEX_POINT('',#9441);
#9444=VERTEX_POINT('',#9442);
#9445=CARTESIAN_POINT('',(-1.09E0,4.764575131106E-1,3.7E-1));
#9446=CARTESIAN_POINT('',(-1.09E0,5.453939201417E-1,3.7E-1));
#9447=VERTEX_POINT('',#9445);
#9448=VERTEX_POINT('',#9446);
#9449=CARTESIAN_POINT('',(-9.1E-1,2.850030229848E-1,3.7E-1));
#9450=CARTESIAN_POINT('',(-9.1E-1,4.204214416105E-1,3.7E-1));
#9451=VERTEX_POINT('',#9449);
#9452=VERTEX_POINT('',#9450);
#9453=CARTESIAN_POINT('',(-9.1E-1,4.764575131106E-1,3.7E-1));
#9454=CARTESIAN_POINT('',(-9.1E-1,5.453939201417E-1,3.7E-1));
#9455=VERTEX_POINT('',#9453);
#9456=VERTEX_POINT('',#9454);
#9457=CARTESIAN_POINT('',(-1.09E0,5.596977631085E-1,7.6E-1));
#9458=VERTEX_POINT('',#9457);
#9459=CARTESIAN_POINT('',(-9.1E-1,5.596977631085E-1,7.6E-1));
#9460=VERTEX_POINT('',#9459);
#9461=CARTESIAN_POINT('',(-1.09E0,1.E-1,-7.6E-1));
#9462=CARTESIAN_POINT('',(-1.09E0,5.596977631085E-1,-7.6E-1));
#9463=VERTEX_POINT('',#9461);
#9464=VERTEX_POINT('',#9462);
#9465=CARTESIAN_POINT('',(-9.1E-1,1.E-1,-7.6E-1));
#9466=CARTESIAN_POINT('',(-9.1E-1,5.596977631085E-1,-7.6E-1));
#9467=VERTEX_POINT('',#9465);
#9468=VERTEX_POINT('',#9466);
#9469=CARTESIAN_POINT('',(-1.09E0,1.118355688157E-1,4.317151018290E-1));
#9470=VERTEX_POINT('',#9469);
#9471=CARTESIAN_POINT('',(-9.1E-1,1.118355688157E-1,4.317151018290E-1));
#9472=VERTEX_POINT('',#9471);
#9473=CARTESIAN_POINT('',(-1.09E0,1.118355688157E-1,-4.317151018290E-1));
#9474=VERTEX_POINT('',#9473);
#9475=CARTESIAN_POINT('',(-9.1E-1,1.118355688157E-1,-4.317151018290E-1));
#9476=VERTEX_POINT('',#9475);
#9477=CARTESIAN_POINT('',(-1.09E0,1.E-1,-6.279535954212E-1));
#9478=VERTEX_POINT('',#9477);
#9479=CARTESIAN_POINT('',(-9.1E-1,1.E-1,-6.279535954212E-1));
#9480=VERTEX_POINT('',#9479);
#9481=CARTESIAN_POINT('',(-1.49E0,1.E-1,7.6E-1));
#9482=CARTESIAN_POINT('',(-1.49E0,1.E-1,6.279535954212E-1));
#9483=VERTEX_POINT('',#9481);
#9484=VERTEX_POINT('',#9482);
#9485=CARTESIAN_POINT('',(-1.49E0,1.E-1,6.116926120242E-1));
#9486=CARTESIAN_POINT('',(-1.49E0,1.E-1,4.4E-1));
#9487=VERTEX_POINT('',#9485);
#9488=VERTEX_POINT('',#9486);
#9489=CARTESIAN_POINT('',(-1.49E0,1.E-1,-4.4E-1));
#9490=CARTESIAN_POINT('',(-1.49E0,1.E-1,-6.116926120242E-1));
#9491=VERTEX_POINT('',#9489);
#9492=VERTEX_POINT('',#9490);
#9493=CARTESIAN_POINT('',(-1.31E0,1.E-1,7.6E-1));
#9494=CARTESIAN_POINT('',(-1.31E0,1.E-1,6.279535954212E-1));
#9495=VERTEX_POINT('',#9493);
#9496=VERTEX_POINT('',#9494);
#9497=CARTESIAN_POINT('',(-1.31E0,1.E-1,6.116926120242E-1));
#9498=CARTESIAN_POINT('',(-1.31E0,1.E-1,4.4E-1));
#9499=VERTEX_POINT('',#9497);
#9500=VERTEX_POINT('',#9498);
#9501=CARTESIAN_POINT('',(-1.31E0,1.E-1,-4.4E-1));
#9502=CARTESIAN_POINT('',(-1.31E0,1.E-1,-6.116926120242E-1));
#9503=VERTEX_POINT('',#9501);
#9504=VERTEX_POINT('',#9502);
#9505=CARTESIAN_POINT('',(-1.49E0,2.850030229848E-1,-3.7E-1));
#9506=CARTESIAN_POINT('',(-1.49E0,4.204214416105E-1,-3.7E-1));
#9507=VERTEX_POINT('',#9505);
#9508=VERTEX_POINT('',#9506);
#9509=CARTESIAN_POINT('',(-1.49E0,4.764575131106E-1,-3.7E-1));
#9510=CARTESIAN_POINT('',(-1.49E0,5.453939201417E-1,-3.7E-1));
#9511=VERTEX_POINT('',#9509);
#9512=VERTEX_POINT('',#9510);
#9513=CARTESIAN_POINT('',(-1.31E0,2.850030229848E-1,-3.7E-1));
#9514=CARTESIAN_POINT('',(-1.31E0,4.204214416105E-1,-3.7E-1));
#9515=VERTEX_POINT('',#9513);
#9516=VERTEX_POINT('',#9514);
#9517=CARTESIAN_POINT('',(-1.31E0,4.764575131106E-1,-3.7E-1));
#9518=CARTESIAN_POINT('',(-1.31E0,5.453939201417E-1,-3.7E-1));
#9519=VERTEX_POINT('',#9517);
#9520=VERTEX_POINT('',#9518);
#9521=CARTESIAN_POINT('',(-1.49E0,2.850030229848E-1,3.7E-1));
#9522=CARTESIAN_POINT('',(-1.49E0,4.204214416105E-1,3.7E-1));
#9523=VERTEX_POINT('',#9521);
#9524=VERTEX_POINT('',#9522);
#9525=CARTESIAN_POINT('',(-1.49E0,4.764575131106E-1,3.7E-1));
#9526=CARTESIAN_POINT('',(-1.49E0,5.453939201417E-1,3.7E-1));
#9527=VERTEX_POINT('',#9525);
#9528=VERTEX_POINT('',#9526);
#9529=CARTESIAN_POINT('',(-1.31E0,2.850030229848E-1,3.7E-1));
#9530=CARTESIAN_POINT('',(-1.31E0,4.204214416105E-1,3.7E-1));
#9531=VERTEX_POINT('',#9529);
#9532=VERTEX_POINT('',#9530);
#9533=CARTESIAN_POINT('',(-1.31E0,4.764575131106E-1,3.7E-1));
#9534=CARTESIAN_POINT('',(-1.31E0,5.453939201417E-1,3.7E-1));
#9535=VERTEX_POINT('',#9533);
#9536=VERTEX_POINT('',#9534);
#9537=CARTESIAN_POINT('',(-1.49E0,5.596977631085E-1,7.6E-1));
#9538=VERTEX_POINT('',#9537);
#9539=CARTESIAN_POINT('',(-1.31E0,5.596977631085E-1,7.6E-1));
#9540=VERTEX_POINT('',#9539);
#9541=CARTESIAN_POINT('',(-1.49E0,1.E-1,-7.6E-1));
#9542=CARTESIAN_POINT('',(-1.49E0,5.596977631085E-1,-7.6E-1));
#9543=VERTEX_POINT('',#9541);
#9544=VERTEX_POINT('',#9542);
#9545=CARTESIAN_POINT('',(-1.31E0,1.E-1,-7.6E-1));
#9546=CARTESIAN_POINT('',(-1.31E0,5.596977631085E-1,-7.6E-1));
#9547=VERTEX_POINT('',#9545);
#9548=VERTEX_POINT('',#9546);
#9549=CARTESIAN_POINT('',(-1.49E0,1.118355688157E-1,4.317151018290E-1));
#9550=VERTEX_POINT('',#9549);
#9551=CARTESIAN_POINT('',(-1.31E0,1.118355688157E-1,4.317151018290E-1));
#9552=VERTEX_POINT('',#9551);
#9553=CARTESIAN_POINT('',(-1.49E0,1.118355688157E-1,-4.317151018290E-1));
#9554=VERTEX_POINT('',#9553);
#9555=CARTESIAN_POINT('',(-1.31E0,1.118355688157E-1,-4.317151018290E-1));
#9556=VERTEX_POINT('',#9555);
#9557=CARTESIAN_POINT('',(-1.49E0,1.E-1,-6.279535954212E-1));
#9558=VERTEX_POINT('',#9557);
#9559=CARTESIAN_POINT('',(-1.31E0,1.E-1,-6.279535954212E-1));
#9560=VERTEX_POINT('',#9559);
#9561=CARTESIAN_POINT('',(2.12E0,4.5E-1,1.1E0));
#9562=CARTESIAN_POINT('',(2.12E0,4.5E-1,1.E0));
#9563=VERTEX_POINT('',#9561);
#9564=VERTEX_POINT('',#9562);
#9565=CARTESIAN_POINT('',(2.12E0,4.5E-1,-1.1E0));
#9566=CARTESIAN_POINT('',(2.12E0,4.5E-1,-1.E0));
#9567=VERTEX_POINT('',#9565);
#9568=VERTEX_POINT('',#9566);
#9569=CARTESIAN_POINT('',(-2.12E0,4.5E-1,-1.1E0));
#9570=CARTESIAN_POINT('',(-2.12E0,4.5E-1,-1.E0));
#9571=VERTEX_POINT('',#9569);
#9572=VERTEX_POINT('',#9570);
#9573=CARTESIAN_POINT('',(-2.75E0,4.8E-1,-4.E-1));
#9574=CARTESIAN_POINT('',(-2.71E0,4.8E-1,-4.E-1));
#9575=VERTEX_POINT('',#9573);
#9576=VERTEX_POINT('',#9574);
#9577=CARTESIAN_POINT('',(-2.75E0,4.8E-1,4.E-1));
#9578=CARTESIAN_POINT('',(-2.71E0,4.8E-1,4.E-1));
#9579=VERTEX_POINT('',#9577);
#9580=VERTEX_POINT('',#9578);
#9581=CARTESIAN_POINT('',(-2.71E0,5.E-2,-4.E-1));
#9582=VERTEX_POINT('',#9581);
#9583=CARTESIAN_POINT('',(-2.71E0,5.E-2,4.E-1));
#9584=VERTEX_POINT('',#9583);
#9585=CARTESIAN_POINT('',(2.71E0,4.8E-1,-4.E-1));
#9586=CARTESIAN_POINT('',(2.71E0,4.8E-1,4.E-1));
#9587=VERTEX_POINT('',#9585);
#9588=VERTEX_POINT('',#9586);
#9589=CARTESIAN_POINT('',(2.75E0,4.8E-1,4.E-1));
#9590=VERTEX_POINT('',#9589);
#9591=CARTESIAN_POINT('',(2.75E0,4.8E-1,-4.E-1));
#9592=VERTEX_POINT('',#9591);
#9593=CARTESIAN_POINT('',(2.71E0,5.E-2,-4.E-1));
#9594=VERTEX_POINT('',#9593);
#9595=CARTESIAN_POINT('',(2.71E0,5.E-2,4.E-1));
#9596=VERTEX_POINT('',#9595);
#9597=CARTESIAN_POINT('',(-2.75E0,5.E-2,-4.E-1));
#9598=VERTEX_POINT('',#9597);
#9599=CARTESIAN_POINT('',(-2.75E0,5.E-2,4.E-1));
#9600=VERTEX_POINT('',#9599);
#9601=CARTESIAN_POINT('',(2.75E0,5.E-2,4.E-1));
#9602=VERTEX_POINT('',#9601);
#9603=CARTESIAN_POINT('',(2.75E0,5.E-2,-4.E-1));
#9604=VERTEX_POINT('',#9603);
#9605=CARTESIAN_POINT('',(1.31E0,3.588161938129E-1,-7.153632171891E-1));
#9606=VERTEX_POINT('',#9605);
#9607=CARTESIAN_POINT('',(1.31E0,4.056930115107E-1,-4.296487075815E-1));
#9608=CARTESIAN_POINT('',(1.31E0,4.250001400910E-1,-4.7E-1));
#9609=VERTEX_POINT('',#9607);
#9610=VERTEX_POINT('',#9608);
#9611=CARTESIAN_POINT('',(1.31E0,4.950001400910E-1,-4.7E-1));
#9612=VERTEX_POINT('',#9611);
#9613=CARTESIAN_POINT('',(1.31E0,5.386731828896E-1,-3.862284180588E-1));
#9614=VERTEX_POINT('',#9613);
#9615=CARTESIAN_POINT('',(1.31E0,5.386731828896E-1,3.862284180588E-1));
#9616=CARTESIAN_POINT('',(1.31E0,4.950001400910E-1,4.7E-1));
#9617=VERTEX_POINT('',#9615);
#9618=VERTEX_POINT('',#9616);
#9619=CARTESIAN_POINT('',(1.31E0,4.250001400910E-1,4.7E-1));
#9620=VERTEX_POINT('',#9619);
#9621=CARTESIAN_POINT('',(1.31E0,4.056930115107E-1,4.296487075815E-1));
#9622=VERTEX_POINT('',#9621);
#9623=CARTESIAN_POINT('',(1.31E0,1.996831997875E-1,7.2E-1));
#9624=CARTESIAN_POINT('',(1.31E0,3.377881523859E-1,7.2E-1));
#9625=VERTEX_POINT('',#9623);
#9626=VERTEX_POINT('',#9624);
#9627=CARTESIAN_POINT('',(1.31E0,3.588161938129E-1,7.153632171891E-1));
#9628=VERTEX_POINT('',#9627);
#9629=CARTESIAN_POINT('',(1.31E0,3.895248361990E-1,7.011282787461E-1));
#9630=VERTEX_POINT('',#9629);
#9631=CARTESIAN_POINT('',(1.31E0,5.248449493661E-1,7.251471862576E-1));
#9632=VERTEX_POINT('',#9631);
#9633=CARTESIAN_POINT('',(1.49E0,3.588161938129E-1,-7.153632171891E-1));
#9634=VERTEX_POINT('',#9633);
#9635=CARTESIAN_POINT('',(1.49E0,4.056930115107E-1,-4.296487075815E-1));
#9636=CARTESIAN_POINT('',(1.49E0,4.250001400910E-1,-4.7E-1));
#9637=VERTEX_POINT('',#9635);
#9638=VERTEX_POINT('',#9636);
#9639=CARTESIAN_POINT('',(1.49E0,4.950001400910E-1,-4.7E-1));
#9640=VERTEX_POINT('',#9639);
#9641=CARTESIAN_POINT('',(1.49E0,5.386731828896E-1,-3.862284180588E-1));
#9642=VERTEX_POINT('',#9641);
#9643=CARTESIAN_POINT('',(1.49E0,5.386731828896E-1,3.862284180588E-1));
#9644=CARTESIAN_POINT('',(1.49E0,4.950001400910E-1,4.7E-1));
#9645=VERTEX_POINT('',#9643);
#9646=VERTEX_POINT('',#9644);
#9647=CARTESIAN_POINT('',(1.49E0,4.250001400910E-1,4.7E-1));
#9648=VERTEX_POINT('',#9647);
#9649=CARTESIAN_POINT('',(1.49E0,4.056930115107E-1,4.296487075815E-1));
#9650=VERTEX_POINT('',#9649);
#9651=CARTESIAN_POINT('',(1.49E0,1.996831997875E-1,7.2E-1));
#9652=CARTESIAN_POINT('',(1.49E0,3.377881523859E-1,7.2E-1));
#9653=VERTEX_POINT('',#9651);
#9654=VERTEX_POINT('',#9652);
#9655=CARTESIAN_POINT('',(1.49E0,3.588161938129E-1,7.153632171891E-1));
#9656=VERTEX_POINT('',#9655);
#9657=CARTESIAN_POINT('',(1.49E0,3.895248361990E-1,7.011282787461E-1));
#9658=VERTEX_POINT('',#9657);
#9659=CARTESIAN_POINT('',(1.49E0,5.248449493661E-1,7.251471862576E-1));
#9660=VERTEX_POINT('',#9659);
#9661=CARTESIAN_POINT('',(1.31E0,4.322771523670E-1,-3.758594572153E-1));
#9662=CARTESIAN_POINT('',(1.49E0,4.322771523670E-1,-3.758594572153E-1));
#9663=VERTEX_POINT('',#9661);
#9664=VERTEX_POINT('',#9662);
#9665=CARTESIAN_POINT('',(1.31E0,1.098579106768E-1,-4.452695676255E-1));
#9666=CARTESIAN_POINT('',(1.49E0,1.098579106768E-1,-4.452695676255E-1));
#9667=VERTEX_POINT('',#9665);
#9668=VERTEX_POINT('',#9666);
#9669=CARTESIAN_POINT('',(1.31E0,1.098579106768E-1,4.452695676255E-1));
#9670=CARTESIAN_POINT('',(1.49E0,1.098579106768E-1,4.452695676255E-1));
#9671=VERTEX_POINT('',#9669);
#9672=VERTEX_POINT('',#9670);
#9673=CARTESIAN_POINT('',(1.31E0,4.322771523670E-1,3.758594572153E-1));
#9674=CARTESIAN_POINT('',(1.49E0,4.322771523670E-1,3.758594572153E-1));
#9675=VERTEX_POINT('',#9673);
#9676=VERTEX_POINT('',#9674);
#9677=CARTESIAN_POINT('',(9.1E-1,3.588161938129E-1,-7.153632171891E-1));
#9678=VERTEX_POINT('',#9677);
#9679=CARTESIAN_POINT('',(9.1E-1,4.056930115107E-1,-4.296487075815E-1));
#9680=CARTESIAN_POINT('',(9.1E-1,4.250001400910E-1,-4.7E-1));
#9681=VERTEX_POINT('',#9679);
#9682=VERTEX_POINT('',#9680);
#9683=CARTESIAN_POINT('',(9.1E-1,4.950001400910E-1,-4.7E-1));
#9684=VERTEX_POINT('',#9683);
#9685=CARTESIAN_POINT('',(9.1E-1,5.386731828896E-1,-3.862284180588E-1));
#9686=VERTEX_POINT('',#9685);
#9687=CARTESIAN_POINT('',(9.1E-1,5.386731828896E-1,3.862284180588E-1));
#9688=CARTESIAN_POINT('',(9.1E-1,4.950001400910E-1,4.7E-1));
#9689=VERTEX_POINT('',#9687);
#9690=VERTEX_POINT('',#9688);
#9691=CARTESIAN_POINT('',(9.1E-1,4.250001400910E-1,4.7E-1));
#9692=VERTEX_POINT('',#9691);
#9693=CARTESIAN_POINT('',(9.1E-1,4.056930115107E-1,4.296487075815E-1));
#9694=VERTEX_POINT('',#9693);
#9695=CARTESIAN_POINT('',(9.1E-1,1.996831997875E-1,7.2E-1));
#9696=CARTESIAN_POINT('',(9.1E-1,3.377881523859E-1,7.2E-1));
#9697=VERTEX_POINT('',#9695);
#9698=VERTEX_POINT('',#9696);
#9699=CARTESIAN_POINT('',(9.1E-1,3.588161938129E-1,7.153632171891E-1));
#9700=VERTEX_POINT('',#9699);
#9701=CARTESIAN_POINT('',(9.1E-1,3.895248361990E-1,7.011282787461E-1));
#9702=VERTEX_POINT('',#9701);
#9703=CARTESIAN_POINT('',(9.1E-1,5.248449493661E-1,7.251471862576E-1));
#9704=VERTEX_POINT('',#9703);
#9705=CARTESIAN_POINT('',(1.09E0,3.588161938129E-1,-7.153632171891E-1));
#9706=VERTEX_POINT('',#9705);
#9707=CARTESIAN_POINT('',(1.09E0,4.056930115107E-1,-4.296487075815E-1));
#9708=CARTESIAN_POINT('',(1.09E0,4.250001400910E-1,-4.7E-1));
#9709=VERTEX_POINT('',#9707);
#9710=VERTEX_POINT('',#9708);
#9711=CARTESIAN_POINT('',(1.09E0,4.950001400910E-1,-4.7E-1));
#9712=VERTEX_POINT('',#9711);
#9713=CARTESIAN_POINT('',(1.09E0,5.386731828896E-1,-3.862284180588E-1));
#9714=VERTEX_POINT('',#9713);
#9715=CARTESIAN_POINT('',(1.09E0,5.386731828896E-1,3.862284180588E-1));
#9716=CARTESIAN_POINT('',(1.09E0,4.950001400910E-1,4.7E-1));
#9717=VERTEX_POINT('',#9715);
#9718=VERTEX_POINT('',#9716);
#9719=CARTESIAN_POINT('',(1.09E0,4.250001400910E-1,4.7E-1));
#9720=VERTEX_POINT('',#9719);
#9721=CARTESIAN_POINT('',(1.09E0,4.056930115107E-1,4.296487075815E-1));
#9722=VERTEX_POINT('',#9721);
#9723=CARTESIAN_POINT('',(1.09E0,1.996831997875E-1,7.2E-1));
#9724=CARTESIAN_POINT('',(1.09E0,3.377881523859E-1,7.2E-1));
#9725=VERTEX_POINT('',#9723);
#9726=VERTEX_POINT('',#9724);
#9727=CARTESIAN_POINT('',(1.09E0,3.588161938129E-1,7.153632171891E-1));
#9728=VERTEX_POINT('',#9727);
#9729=CARTESIAN_POINT('',(1.09E0,3.895248361990E-1,7.011282787461E-1));
#9730=VERTEX_POINT('',#9729);
#9731=CARTESIAN_POINT('',(1.09E0,5.248449493661E-1,7.251471862576E-1));
#9732=VERTEX_POINT('',#9731);
#9733=CARTESIAN_POINT('',(9.1E-1,4.322771523670E-1,-3.758594572153E-1));
#9734=CARTESIAN_POINT('',(1.09E0,4.322771523670E-1,-3.758594572153E-1));
#9735=VERTEX_POINT('',#9733);
#9736=VERTEX_POINT('',#9734);
#9737=CARTESIAN_POINT('',(9.1E-1,1.098579106768E-1,-4.452695676255E-1));
#9738=CARTESIAN_POINT('',(1.09E0,1.098579106768E-1,-4.452695676255E-1));
#9739=VERTEX_POINT('',#9737);
#9740=VERTEX_POINT('',#9738);
#9741=CARTESIAN_POINT('',(9.1E-1,1.098579106768E-1,4.452695676255E-1));
#9742=CARTESIAN_POINT('',(1.09E0,1.098579106768E-1,4.452695676255E-1));
#9743=VERTEX_POINT('',#9741);
#9744=VERTEX_POINT('',#9742);
#9745=CARTESIAN_POINT('',(9.1E-1,4.322771523670E-1,3.758594572153E-1));
#9746=CARTESIAN_POINT('',(1.09E0,4.322771523670E-1,3.758594572153E-1));
#9747=VERTEX_POINT('',#9745);
#9748=VERTEX_POINT('',#9746);
#9749=CARTESIAN_POINT('',(5.1E-1,3.588161938129E-1,-7.153632171891E-1));
#9750=VERTEX_POINT('',#9749);
#9751=CARTESIAN_POINT('',(5.1E-1,4.056930115107E-1,-4.296487075815E-1));
#9752=CARTESIAN_POINT('',(5.1E-1,4.250001400910E-1,-4.7E-1));
#9753=VERTEX_POINT('',#9751);
#9754=VERTEX_POINT('',#9752);
#9755=CARTESIAN_POINT('',(5.1E-1,4.950001400910E-1,-4.7E-1));
#9756=VERTEX_POINT('',#9755);
#9757=CARTESIAN_POINT('',(5.1E-1,5.386731828896E-1,-3.862284180588E-1));
#9758=VERTEX_POINT('',#9757);
#9759=CARTESIAN_POINT('',(5.1E-1,5.386731828896E-1,3.862284180588E-1));
#9760=CARTESIAN_POINT('',(5.1E-1,4.950001400910E-1,4.7E-1));
#9761=VERTEX_POINT('',#9759);
#9762=VERTEX_POINT('',#9760);
#9763=CARTESIAN_POINT('',(5.1E-1,4.250001400910E-1,4.7E-1));
#9764=VERTEX_POINT('',#9763);
#9765=CARTESIAN_POINT('',(5.1E-1,4.056930115107E-1,4.296487075815E-1));
#9766=VERTEX_POINT('',#9765);
#9767=CARTESIAN_POINT('',(5.1E-1,1.996831997875E-1,7.2E-1));
#9768=CARTESIAN_POINT('',(5.1E-1,3.377881523859E-1,7.2E-1));
#9769=VERTEX_POINT('',#9767);
#9770=VERTEX_POINT('',#9768);
#9771=CARTESIAN_POINT('',(5.1E-1,3.588161938129E-1,7.153632171891E-1));
#9772=VERTEX_POINT('',#9771);
#9773=CARTESIAN_POINT('',(5.1E-1,3.895248361990E-1,7.011282787461E-1));
#9774=VERTEX_POINT('',#9773);
#9775=CARTESIAN_POINT('',(5.1E-1,5.248449493661E-1,7.251471862576E-1));
#9776=VERTEX_POINT('',#9775);
#9777=CARTESIAN_POINT('',(6.9E-1,3.588161938129E-1,-7.153632171891E-1));
#9778=VERTEX_POINT('',#9777);
#9779=CARTESIAN_POINT('',(6.9E-1,4.056930115107E-1,-4.296487075815E-1));
#9780=CARTESIAN_POINT('',(6.9E-1,4.250001400910E-1,-4.7E-1));
#9781=VERTEX_POINT('',#9779);
#9782=VERTEX_POINT('',#9780);
#9783=CARTESIAN_POINT('',(6.9E-1,4.950001400910E-1,-4.7E-1));
#9784=VERTEX_POINT('',#9783);
#9785=CARTESIAN_POINT('',(6.9E-1,5.386731828896E-1,-3.862284180588E-1));
#9786=VERTEX_POINT('',#9785);
#9787=CARTESIAN_POINT('',(6.9E-1,5.386731828896E-1,3.862284180588E-1));
#9788=CARTESIAN_POINT('',(6.9E-1,4.950001400910E-1,4.7E-1));
#9789=VERTEX_POINT('',#9787);
#9790=VERTEX_POINT('',#9788);
#9791=CARTESIAN_POINT('',(6.9E-1,4.250001400910E-1,4.7E-1));
#9792=VERTEX_POINT('',#9791);
#9793=CARTESIAN_POINT('',(6.9E-1,4.056930115107E-1,4.296487075815E-1));
#9794=VERTEX_POINT('',#9793);
#9795=CARTESIAN_POINT('',(6.9E-1,1.996831997875E-1,7.2E-1));
#9796=CARTESIAN_POINT('',(6.9E-1,3.377881523859E-1,7.2E-1));
#9797=VERTEX_POINT('',#9795);
#9798=VERTEX_POINT('',#9796);
#9799=CARTESIAN_POINT('',(6.9E-1,3.588161938129E-1,7.153632171891E-1));
#9800=VERTEX_POINT('',#9799);
#9801=CARTESIAN_POINT('',(6.9E-1,3.895248361990E-1,7.011282787461E-1));
#9802=VERTEX_POINT('',#9801);
#9803=CARTESIAN_POINT('',(6.9E-1,5.248449493661E-1,7.251471862576E-1));
#9804=VERTEX_POINT('',#9803);
#9805=CARTESIAN_POINT('',(5.1E-1,4.322771523670E-1,-3.758594572153E-1));
#9806=CARTESIAN_POINT('',(6.9E-1,4.322771523670E-1,-3.758594572153E-1));
#9807=VERTEX_POINT('',#9805);
#9808=VERTEX_POINT('',#9806);
#9809=CARTESIAN_POINT('',(5.1E-1,1.098579106768E-1,-4.452695676255E-1));
#9810=CARTESIAN_POINT('',(6.9E-1,1.098579106768E-1,-4.452695676255E-1));
#9811=VERTEX_POINT('',#9809);
#9812=VERTEX_POINT('',#9810);
#9813=CARTESIAN_POINT('',(5.1E-1,1.098579106768E-1,4.452695676255E-1));
#9814=CARTESIAN_POINT('',(6.9E-1,1.098579106768E-1,4.452695676255E-1));
#9815=VERTEX_POINT('',#9813);
#9816=VERTEX_POINT('',#9814);
#9817=CARTESIAN_POINT('',(5.1E-1,4.322771523670E-1,3.758594572153E-1));
#9818=CARTESIAN_POINT('',(6.9E-1,4.322771523670E-1,3.758594572153E-1));
#9819=VERTEX_POINT('',#9817);
#9820=VERTEX_POINT('',#9818);
#9821=CARTESIAN_POINT('',(1.1E-1,3.588161938129E-1,-7.153632171891E-1));
#9822=VERTEX_POINT('',#9821);
#9823=CARTESIAN_POINT('',(1.1E-1,4.056930115107E-1,-4.296487075815E-1));
#9824=CARTESIAN_POINT('',(1.1E-1,4.250001400910E-1,-4.7E-1));
#9825=VERTEX_POINT('',#9823);
#9826=VERTEX_POINT('',#9824);
#9827=CARTESIAN_POINT('',(1.1E-1,4.950001400910E-1,-4.7E-1));
#9828=VERTEX_POINT('',#9827);
#9829=CARTESIAN_POINT('',(1.1E-1,5.386731828896E-1,-3.862284180588E-1));
#9830=VERTEX_POINT('',#9829);
#9831=CARTESIAN_POINT('',(1.1E-1,5.386731828896E-1,3.862284180588E-1));
#9832=CARTESIAN_POINT('',(1.1E-1,4.950001400910E-1,4.7E-1));
#9833=VERTEX_POINT('',#9831);
#9834=VERTEX_POINT('',#9832);
#9835=CARTESIAN_POINT('',(1.1E-1,4.250001400910E-1,4.7E-1));
#9836=VERTEX_POINT('',#9835);
#9837=CARTESIAN_POINT('',(1.1E-1,4.056930115107E-1,4.296487075815E-1));
#9838=VERTEX_POINT('',#9837);
#9839=CARTESIAN_POINT('',(1.1E-1,1.996831997875E-1,7.2E-1));
#9840=CARTESIAN_POINT('',(1.1E-1,3.377881523859E-1,7.2E-1));
#9841=VERTEX_POINT('',#9839);
#9842=VERTEX_POINT('',#9840);
#9843=CARTESIAN_POINT('',(1.1E-1,3.588161938129E-1,7.153632171891E-1));
#9844=VERTEX_POINT('',#9843);
#9845=CARTESIAN_POINT('',(1.1E-1,3.895248361990E-1,7.011282787461E-1));
#9846=VERTEX_POINT('',#9845);
#9847=CARTESIAN_POINT('',(1.1E-1,5.248449493661E-1,7.251471862576E-1));
#9848=VERTEX_POINT('',#9847);
#9849=CARTESIAN_POINT('',(2.9E-1,3.588161938129E-1,-7.153632171891E-1));
#9850=VERTEX_POINT('',#9849);
#9851=CARTESIAN_POINT('',(2.9E-1,4.056930115107E-1,-4.296487075815E-1));
#9852=CARTESIAN_POINT('',(2.9E-1,4.250001400910E-1,-4.7E-1));
#9853=VERTEX_POINT('',#9851);
#9854=VERTEX_POINT('',#9852);
#9855=CARTESIAN_POINT('',(2.9E-1,4.950001400910E-1,-4.7E-1));
#9856=VERTEX_POINT('',#9855);
#9857=CARTESIAN_POINT('',(2.9E-1,5.386731828896E-1,-3.862284180588E-1));
#9858=VERTEX_POINT('',#9857);
#9859=CARTESIAN_POINT('',(2.9E-1,5.386731828896E-1,3.862284180588E-1));
#9860=CARTESIAN_POINT('',(2.9E-1,4.950001400910E-1,4.7E-1));
#9861=VERTEX_POINT('',#9859);
#9862=VERTEX_POINT('',#9860);
#9863=CARTESIAN_POINT('',(2.9E-1,4.250001400910E-1,4.7E-1));
#9864=VERTEX_POINT('',#9863);
#9865=CARTESIAN_POINT('',(2.9E-1,4.056930115107E-1,4.296487075815E-1));
#9866=VERTEX_POINT('',#9865);
#9867=CARTESIAN_POINT('',(2.9E-1,1.996831997875E-1,7.2E-1));
#9868=CARTESIAN_POINT('',(2.9E-1,3.377881523859E-1,7.2E-1));
#9869=VERTEX_POINT('',#9867);
#9870=VERTEX_POINT('',#9868);
#9871=CARTESIAN_POINT('',(2.9E-1,3.588161938129E-1,7.153632171891E-1));
#9872=VERTEX_POINT('',#9871);
#9873=CARTESIAN_POINT('',(2.9E-1,3.895248361990E-1,7.011282787461E-1));
#9874=VERTEX_POINT('',#9873);
#9875=CARTESIAN_POINT('',(2.9E-1,5.248449493661E-1,7.251471862576E-1));
#9876=VERTEX_POINT('',#9875);
#9877=CARTESIAN_POINT('',(1.1E-1,4.322771523670E-1,-3.758594572153E-1));
#9878=CARTESIAN_POINT('',(2.9E-1,4.322771523670E-1,-3.758594572153E-1));
#9879=VERTEX_POINT('',#9877);
#9880=VERTEX_POINT('',#9878);
#9881=CARTESIAN_POINT('',(1.1E-1,1.098579106768E-1,-4.452695676255E-1));
#9882=CARTESIAN_POINT('',(2.9E-1,1.098579106768E-1,-4.452695676255E-1));
#9883=VERTEX_POINT('',#9881);
#9884=VERTEX_POINT('',#9882);
#9885=CARTESIAN_POINT('',(1.1E-1,1.098579106768E-1,4.452695676255E-1));
#9886=CARTESIAN_POINT('',(2.9E-1,1.098579106768E-1,4.452695676255E-1));
#9887=VERTEX_POINT('',#9885);
#9888=VERTEX_POINT('',#9886);
#9889=CARTESIAN_POINT('',(1.1E-1,4.322771523670E-1,3.758594572153E-1));
#9890=CARTESIAN_POINT('',(2.9E-1,4.322771523670E-1,3.758594572153E-1));
#9891=VERTEX_POINT('',#9889);
#9892=VERTEX_POINT('',#9890);
#9893=CARTESIAN_POINT('',(-2.9E-1,3.588161938129E-1,-7.153632171891E-1));
#9894=VERTEX_POINT('',#9893);
#9895=CARTESIAN_POINT('',(-2.9E-1,4.056930115107E-1,-4.296487075815E-1));
#9896=CARTESIAN_POINT('',(-2.9E-1,4.250001400910E-1,-4.7E-1));
#9897=VERTEX_POINT('',#9895);
#9898=VERTEX_POINT('',#9896);
#9899=CARTESIAN_POINT('',(-2.9E-1,4.950001400910E-1,-4.7E-1));
#9900=VERTEX_POINT('',#9899);
#9901=CARTESIAN_POINT('',(-2.9E-1,5.386731828896E-1,-3.862284180588E-1));
#9902=VERTEX_POINT('',#9901);
#9903=CARTESIAN_POINT('',(-2.9E-1,5.386731828896E-1,3.862284180588E-1));
#9904=CARTESIAN_POINT('',(-2.9E-1,4.950001400910E-1,4.7E-1));
#9905=VERTEX_POINT('',#9903);
#9906=VERTEX_POINT('',#9904);
#9907=CARTESIAN_POINT('',(-2.9E-1,4.250001400910E-1,4.7E-1));
#9908=VERTEX_POINT('',#9907);
#9909=CARTESIAN_POINT('',(-2.9E-1,4.056930115107E-1,4.296487075815E-1));
#9910=VERTEX_POINT('',#9909);
#9911=CARTESIAN_POINT('',(-2.9E-1,1.996831997875E-1,7.2E-1));
#9912=CARTESIAN_POINT('',(-2.9E-1,3.377881523859E-1,7.2E-1));
#9913=VERTEX_POINT('',#9911);
#9914=VERTEX_POINT('',#9912);
#9915=CARTESIAN_POINT('',(-2.9E-1,3.588161938129E-1,7.153632171891E-1));
#9916=VERTEX_POINT('',#9915);
#9917=CARTESIAN_POINT('',(-2.9E-1,3.895248361990E-1,7.011282787461E-1));
#9918=VERTEX_POINT('',#9917);
#9919=CARTESIAN_POINT('',(-2.9E-1,5.248449493661E-1,7.251471862576E-1));
#9920=VERTEX_POINT('',#9919);
#9921=CARTESIAN_POINT('',(-1.1E-1,3.588161938129E-1,-7.153632171891E-1));
#9922=VERTEX_POINT('',#9921);
#9923=CARTESIAN_POINT('',(-1.1E-1,4.056930115107E-1,-4.296487075815E-1));
#9924=CARTESIAN_POINT('',(-1.1E-1,4.250001400910E-1,-4.7E-1));
#9925=VERTEX_POINT('',#9923);
#9926=VERTEX_POINT('',#9924);
#9927=CARTESIAN_POINT('',(-1.1E-1,4.950001400910E-1,-4.7E-1));
#9928=VERTEX_POINT('',#9927);
#9929=CARTESIAN_POINT('',(-1.1E-1,5.386731828896E-1,-3.862284180588E-1));
#9930=VERTEX_POINT('',#9929);
#9931=CARTESIAN_POINT('',(-1.1E-1,5.386731828896E-1,3.862284180588E-1));
#9932=CARTESIAN_POINT('',(-1.1E-1,4.950001400910E-1,4.7E-1));
#9933=VERTEX_POINT('',#9931);
#9934=VERTEX_POINT('',#9932);
#9935=CARTESIAN_POINT('',(-1.1E-1,4.250001400910E-1,4.7E-1));
#9936=VERTEX_POINT('',#9935);
#9937=CARTESIAN_POINT('',(-1.1E-1,4.056930115107E-1,4.296487075815E-1));
#9938=VERTEX_POINT('',#9937);
#9939=CARTESIAN_POINT('',(-1.1E-1,1.996831997875E-1,7.2E-1));
#9940=CARTESIAN_POINT('',(-1.1E-1,3.377881523859E-1,7.2E-1));
#9941=VERTEX_POINT('',#9939);
#9942=VERTEX_POINT('',#9940);
#9943=CARTESIAN_POINT('',(-1.1E-1,3.588161938129E-1,7.153632171891E-1));
#9944=VERTEX_POINT('',#9943);
#9945=CARTESIAN_POINT('',(-1.1E-1,3.895248361990E-1,7.011282787461E-1));
#9946=VERTEX_POINT('',#9945);
#9947=CARTESIAN_POINT('',(-1.1E-1,5.248449493661E-1,7.251471862576E-1));
#9948=VERTEX_POINT('',#9947);
#9949=CARTESIAN_POINT('',(-2.9E-1,4.322771523670E-1,-3.758594572153E-1));
#9950=CARTESIAN_POINT('',(-1.1E-1,4.322771523670E-1,-3.758594572153E-1));
#9951=VERTEX_POINT('',#9949);
#9952=VERTEX_POINT('',#9950);
#9953=CARTESIAN_POINT('',(-2.9E-1,1.098579106768E-1,-4.452695676255E-1));
#9954=CARTESIAN_POINT('',(-1.1E-1,1.098579106768E-1,-4.452695676255E-1));
#9955=VERTEX_POINT('',#9953);
#9956=VERTEX_POINT('',#9954);
#9957=CARTESIAN_POINT('',(-2.9E-1,1.098579106768E-1,4.452695676255E-1));
#9958=CARTESIAN_POINT('',(-1.1E-1,1.098579106768E-1,4.452695676255E-1));
#9959=VERTEX_POINT('',#9957);
#9960=VERTEX_POINT('',#9958);
#9961=CARTESIAN_POINT('',(-2.9E-1,4.322771523670E-1,3.758594572153E-1));
#9962=CARTESIAN_POINT('',(-1.1E-1,4.322771523670E-1,3.758594572153E-1));
#9963=VERTEX_POINT('',#9961);
#9964=VERTEX_POINT('',#9962);
#9965=CARTESIAN_POINT('',(-6.9E-1,3.588161938129E-1,-7.153632171891E-1));
#9966=VERTEX_POINT('',#9965);
#9967=CARTESIAN_POINT('',(-6.9E-1,4.056930115107E-1,-4.296487075815E-1));
#9968=CARTESIAN_POINT('',(-6.9E-1,4.250001400910E-1,-4.7E-1));
#9969=VERTEX_POINT('',#9967);
#9970=VERTEX_POINT('',#9968);
#9971=CARTESIAN_POINT('',(-6.9E-1,4.950001400910E-1,-4.7E-1));
#9972=VERTEX_POINT('',#9971);
#9973=CARTESIAN_POINT('',(-6.9E-1,5.386731828896E-1,-3.862284180588E-1));
#9974=VERTEX_POINT('',#9973);
#9975=CARTESIAN_POINT('',(-6.9E-1,5.386731828896E-1,3.862284180588E-1));
#9976=CARTESIAN_POINT('',(-6.9E-1,4.950001400910E-1,4.7E-1));
#9977=VERTEX_POINT('',#9975);
#9978=VERTEX_POINT('',#9976);
#9979=CARTESIAN_POINT('',(-6.9E-1,4.250001400910E-1,4.7E-1));
#9980=VERTEX_POINT('',#9979);
#9981=CARTESIAN_POINT('',(-6.9E-1,4.056930115107E-1,4.296487075815E-1));
#9982=VERTEX_POINT('',#9981);
#9983=CARTESIAN_POINT('',(-6.9E-1,1.996831997875E-1,7.2E-1));
#9984=CARTESIAN_POINT('',(-6.9E-1,3.377881523859E-1,7.2E-1));
#9985=VERTEX_POINT('',#9983);
#9986=VERTEX_POINT('',#9984);
#9987=CARTESIAN_POINT('',(-6.9E-1,3.588161938129E-1,7.153632171891E-1));
#9988=VERTEX_POINT('',#9987);
#9989=CARTESIAN_POINT('',(-6.9E-1,3.895248361990E-1,7.011282787461E-1));
#9990=VERTEX_POINT('',#9989);
#9991=CARTESIAN_POINT('',(-6.9E-1,5.248449493661E-1,7.251471862576E-1));
#9992=VERTEX_POINT('',#9991);
#9993=CARTESIAN_POINT('',(-5.1E-1,3.588161938129E-1,-7.153632171891E-1));
#9994=VERTEX_POINT('',#9993);
#9995=CARTESIAN_POINT('',(-5.1E-1,4.056930115107E-1,-4.296487075815E-1));
#9996=CARTESIAN_POINT('',(-5.1E-1,4.250001400910E-1,-4.7E-1));
#9997=VERTEX_POINT('',#9995);
#9998=VERTEX_POINT('',#9996);
#9999=CARTESIAN_POINT('',(-5.1E-1,4.950001400910E-1,-4.7E-1));
#10000=VERTEX_POINT('',#9999);
#10001=CARTESIAN_POINT('',(-5.1E-1,5.386731828896E-1,-3.862284180588E-1));
#10002=VERTEX_POINT('',#10001);
#10003=CARTESIAN_POINT('',(-5.1E-1,5.386731828896E-1,3.862284180588E-1));
#10004=CARTESIAN_POINT('',(-5.1E-1,4.950001400910E-1,4.7E-1));
#10005=VERTEX_POINT('',#10003);
#10006=VERTEX_POINT('',#10004);
#10007=CARTESIAN_POINT('',(-5.1E-1,4.250001400910E-1,4.7E-1));
#10008=VERTEX_POINT('',#10007);
#10009=CARTESIAN_POINT('',(-5.1E-1,4.056930115107E-1,4.296487075815E-1));
#10010=VERTEX_POINT('',#10009);
#10011=CARTESIAN_POINT('',(-5.1E-1,1.996831997875E-1,7.2E-1));
#10012=CARTESIAN_POINT('',(-5.1E-1,3.377881523859E-1,7.2E-1));
#10013=VERTEX_POINT('',#10011);
#10014=VERTEX_POINT('',#10012);
#10015=CARTESIAN_POINT('',(-5.1E-1,3.588161938129E-1,7.153632171891E-1));
#10016=VERTEX_POINT('',#10015);
#10017=CARTESIAN_POINT('',(-5.1E-1,3.895248361990E-1,7.011282787461E-1));
#10018=VERTEX_POINT('',#10017);
#10019=CARTESIAN_POINT('',(-5.1E-1,5.248449493661E-1,7.251471862576E-1));
#10020=VERTEX_POINT('',#10019);
#10021=CARTESIAN_POINT('',(-6.9E-1,4.322771523670E-1,-3.758594572153E-1));
#10022=CARTESIAN_POINT('',(-5.1E-1,4.322771523670E-1,-3.758594572153E-1));
#10023=VERTEX_POINT('',#10021);
#10024=VERTEX_POINT('',#10022);
#10025=CARTESIAN_POINT('',(-6.9E-1,1.098579106768E-1,-4.452695676255E-1));
#10026=CARTESIAN_POINT('',(-5.1E-1,1.098579106768E-1,-4.452695676255E-1));
#10027=VERTEX_POINT('',#10025);
#10028=VERTEX_POINT('',#10026);
#10029=CARTESIAN_POINT('',(-6.9E-1,1.098579106768E-1,4.452695676255E-1));
#10030=CARTESIAN_POINT('',(-5.1E-1,1.098579106768E-1,4.452695676255E-1));
#10031=VERTEX_POINT('',#10029);
#10032=VERTEX_POINT('',#10030);
#10033=CARTESIAN_POINT('',(-6.9E-1,4.322771523670E-1,3.758594572153E-1));
#10034=CARTESIAN_POINT('',(-5.1E-1,4.322771523670E-1,3.758594572153E-1));
#10035=VERTEX_POINT('',#10033);
#10036=VERTEX_POINT('',#10034);
#10037=CARTESIAN_POINT('',(-1.09E0,3.588161938129E-1,-7.153632171891E-1));
#10038=VERTEX_POINT('',#10037);
#10039=CARTESIAN_POINT('',(-1.09E0,4.056930115107E-1,-4.296487075815E-1));
#10040=CARTESIAN_POINT('',(-1.09E0,4.250001400910E-1,-4.7E-1));
#10041=VERTEX_POINT('',#10039);
#10042=VERTEX_POINT('',#10040);
#10043=CARTESIAN_POINT('',(-1.09E0,4.950001400910E-1,-4.7E-1));
#10044=VERTEX_POINT('',#10043);
#10045=CARTESIAN_POINT('',(-1.09E0,5.386731828896E-1,-3.862284180588E-1));
#10046=VERTEX_POINT('',#10045);
#10047=CARTESIAN_POINT('',(-1.09E0,5.386731828896E-1,3.862284180588E-1));
#10048=CARTESIAN_POINT('',(-1.09E0,4.950001400910E-1,4.7E-1));
#10049=VERTEX_POINT('',#10047);
#10050=VERTEX_POINT('',#10048);
#10051=CARTESIAN_POINT('',(-1.09E0,4.250001400910E-1,4.7E-1));
#10052=VERTEX_POINT('',#10051);
#10053=CARTESIAN_POINT('',(-1.09E0,4.056930115107E-1,4.296487075815E-1));
#10054=VERTEX_POINT('',#10053);
#10055=CARTESIAN_POINT('',(-1.09E0,1.996831997875E-1,7.2E-1));
#10056=CARTESIAN_POINT('',(-1.09E0,3.377881523859E-1,7.2E-1));
#10057=VERTEX_POINT('',#10055);
#10058=VERTEX_POINT('',#10056);
#10059=CARTESIAN_POINT('',(-1.09E0,3.588161938129E-1,7.153632171891E-1));
#10060=VERTEX_POINT('',#10059);
#10061=CARTESIAN_POINT('',(-1.09E0,3.895248361990E-1,7.011282787461E-1));
#10062=VERTEX_POINT('',#10061);
#10063=CARTESIAN_POINT('',(-1.09E0,5.248449493661E-1,7.251471862576E-1));
#10064=VERTEX_POINT('',#10063);
#10065=CARTESIAN_POINT('',(-9.1E-1,3.588161938129E-1,-7.153632171891E-1));
#10066=VERTEX_POINT('',#10065);
#10067=CARTESIAN_POINT('',(-9.1E-1,4.056930115107E-1,-4.296487075815E-1));
#10068=CARTESIAN_POINT('',(-9.1E-1,4.250001400910E-1,-4.7E-1));
#10069=VERTEX_POINT('',#10067);
#10070=VERTEX_POINT('',#10068);
#10071=CARTESIAN_POINT('',(-9.1E-1,4.950001400910E-1,-4.7E-1));
#10072=VERTEX_POINT('',#10071);
#10073=CARTESIAN_POINT('',(-9.1E-1,5.386731828896E-1,-3.862284180588E-1));
#10074=VERTEX_POINT('',#10073);
#10075=CARTESIAN_POINT('',(-9.1E-1,5.386731828896E-1,3.862284180588E-1));
#10076=CARTESIAN_POINT('',(-9.1E-1,4.950001400910E-1,4.7E-1));
#10077=VERTEX_POINT('',#10075);
#10078=VERTEX_POINT('',#10076);
#10079=CARTESIAN_POINT('',(-9.1E-1,4.250001400910E-1,4.7E-1));
#10080=VERTEX_POINT('',#10079);
#10081=CARTESIAN_POINT('',(-9.1E-1,4.056930115107E-1,4.296487075815E-1));
#10082=VERTEX_POINT('',#10081);
#10083=CARTESIAN_POINT('',(-9.1E-1,1.996831997875E-1,7.2E-1));
#10084=CARTESIAN_POINT('',(-9.1E-1,3.377881523859E-1,7.2E-1));
#10085=VERTEX_POINT('',#10083);
#10086=VERTEX_POINT('',#10084);
#10087=CARTESIAN_POINT('',(-9.1E-1,3.588161938129E-1,7.153632171891E-1));
#10088=VERTEX_POINT('',#10087);
#10089=CARTESIAN_POINT('',(-9.1E-1,3.895248361990E-1,7.011282787461E-1));
#10090=VERTEX_POINT('',#10089);
#10091=CARTESIAN_POINT('',(-9.1E-1,5.248449493661E-1,7.251471862576E-1));
#10092=VERTEX_POINT('',#10091);
#10093=CARTESIAN_POINT('',(-1.09E0,4.322771523670E-1,-3.758594572153E-1));
#10094=CARTESIAN_POINT('',(-9.1E-1,4.322771523670E-1,-3.758594572153E-1));
#10095=VERTEX_POINT('',#10093);
#10096=VERTEX_POINT('',#10094);
#10097=CARTESIAN_POINT('',(-1.09E0,1.098579106768E-1,-4.452695676255E-1));
#10098=CARTESIAN_POINT('',(-9.1E-1,1.098579106768E-1,-4.452695676255E-1));
#10099=VERTEX_POINT('',#10097);
#10100=VERTEX_POINT('',#10098);
#10101=CARTESIAN_POINT('',(-1.09E0,1.098579106768E-1,4.452695676255E-1));
#10102=CARTESIAN_POINT('',(-9.1E-1,1.098579106768E-1,4.452695676255E-1));
#10103=VERTEX_POINT('',#10101);
#10104=VERTEX_POINT('',#10102);
#10105=CARTESIAN_POINT('',(-1.09E0,4.322771523670E-1,3.758594572153E-1));
#10106=CARTESIAN_POINT('',(-9.1E-1,4.322771523670E-1,3.758594572153E-1));
#10107=VERTEX_POINT('',#10105);
#10108=VERTEX_POINT('',#10106);
#10109=CARTESIAN_POINT('',(-1.49E0,3.588161938129E-1,-7.153632171891E-1));
#10110=VERTEX_POINT('',#10109);
#10111=CARTESIAN_POINT('',(-1.49E0,4.056930115107E-1,-4.296487075815E-1));
#10112=CARTESIAN_POINT('',(-1.49E0,4.250001400910E-1,-4.7E-1));
#10113=VERTEX_POINT('',#10111);
#10114=VERTEX_POINT('',#10112);
#10115=CARTESIAN_POINT('',(-1.49E0,4.950001400910E-1,-4.7E-1));
#10116=VERTEX_POINT('',#10115);
#10117=CARTESIAN_POINT('',(-1.49E0,5.386731828896E-1,-3.862284180588E-1));
#10118=VERTEX_POINT('',#10117);
#10119=CARTESIAN_POINT('',(-1.49E0,5.386731828896E-1,3.862284180588E-1));
#10120=CARTESIAN_POINT('',(-1.49E0,4.950001400910E-1,4.7E-1));
#10121=VERTEX_POINT('',#10119);
#10122=VERTEX_POINT('',#10120);
#10123=CARTESIAN_POINT('',(-1.49E0,4.250001400910E-1,4.7E-1));
#10124=VERTEX_POINT('',#10123);
#10125=CARTESIAN_POINT('',(-1.49E0,4.056930115107E-1,4.296487075815E-1));
#10126=VERTEX_POINT('',#10125);
#10127=CARTESIAN_POINT('',(-1.49E0,1.996831997875E-1,7.2E-1));
#10128=CARTESIAN_POINT('',(-1.49E0,3.377881523859E-1,7.2E-1));
#10129=VERTEX_POINT('',#10127);
#10130=VERTEX_POINT('',#10128);
#10131=CARTESIAN_POINT('',(-1.49E0,3.588161938129E-1,7.153632171891E-1));
#10132=VERTEX_POINT('',#10131);
#10133=CARTESIAN_POINT('',(-1.49E0,3.895248361990E-1,7.011282787461E-1));
#10134=VERTEX_POINT('',#10133);
#10135=CARTESIAN_POINT('',(-1.49E0,5.248449493661E-1,7.251471862576E-1));
#10136=VERTEX_POINT('',#10135);
#10137=CARTESIAN_POINT('',(-1.31E0,3.588161938129E-1,-7.153632171891E-1));
#10138=VERTEX_POINT('',#10137);
#10139=CARTESIAN_POINT('',(-1.31E0,4.056930115107E-1,-4.296487075815E-1));
#10140=CARTESIAN_POINT('',(-1.31E0,4.250001400910E-1,-4.7E-1));
#10141=VERTEX_POINT('',#10139);
#10142=VERTEX_POINT('',#10140);
#10143=CARTESIAN_POINT('',(-1.31E0,4.950001400910E-1,-4.7E-1));
#10144=VERTEX_POINT('',#10143);
#10145=CARTESIAN_POINT('',(-1.31E0,5.386731828896E-1,-3.862284180588E-1));
#10146=VERTEX_POINT('',#10145);
#10147=CARTESIAN_POINT('',(-1.31E0,5.386731828896E-1,3.862284180588E-1));
#10148=CARTESIAN_POINT('',(-1.31E0,4.950001400910E-1,4.7E-1));
#10149=VERTEX_POINT('',#10147);
#10150=VERTEX_POINT('',#10148);
#10151=CARTESIAN_POINT('',(-1.31E0,4.250001400910E-1,4.7E-1));
#10152=VERTEX_POINT('',#10151);
#10153=CARTESIAN_POINT('',(-1.31E0,4.056930115107E-1,4.296487075815E-1));
#10154=VERTEX_POINT('',#10153);
#10155=CARTESIAN_POINT('',(-1.31E0,1.996831997875E-1,7.2E-1));
#10156=CARTESIAN_POINT('',(-1.31E0,3.377881523859E-1,7.2E-1));
#10157=VERTEX_POINT('',#10155);
#10158=VERTEX_POINT('',#10156);
#10159=CARTESIAN_POINT('',(-1.31E0,3.588161938129E-1,7.153632171891E-1));
#10160=VERTEX_POINT('',#10159);
#10161=CARTESIAN_POINT('',(-1.31E0,3.895248361990E-1,7.011282787461E-1));
#10162=VERTEX_POINT('',#10161);
#10163=CARTESIAN_POINT('',(-1.31E0,5.248449493661E-1,7.251471862576E-1));
#10164=VERTEX_POINT('',#10163);
#10165=CARTESIAN_POINT('',(-1.49E0,4.322771523670E-1,-3.758594572153E-1));
#10166=CARTESIAN_POINT('',(-1.31E0,4.322771523670E-1,-3.758594572153E-1));
#10167=VERTEX_POINT('',#10165);
#10168=VERTEX_POINT('',#10166);
#10169=CARTESIAN_POINT('',(-1.49E0,1.098579106768E-1,-4.452695676255E-1));
#10170=CARTESIAN_POINT('',(-1.31E0,1.098579106768E-1,-4.452695676255E-1));
#10171=VERTEX_POINT('',#10169);
#10172=VERTEX_POINT('',#10170);
#10173=CARTESIAN_POINT('',(-1.49E0,1.098579106768E-1,4.452695676255E-1));
#10174=CARTESIAN_POINT('',(-1.31E0,1.098579106768E-1,4.452695676255E-1));
#10175=VERTEX_POINT('',#10173);
#10176=VERTEX_POINT('',#10174);
#10177=CARTESIAN_POINT('',(-1.49E0,4.322771523670E-1,3.758594572153E-1));
#10178=CARTESIAN_POINT('',(-1.31E0,4.322771523670E-1,3.758594572153E-1));
#10179=VERTEX_POINT('',#10177);
#10180=VERTEX_POINT('',#10178);
#10181=CARTESIAN_POINT('',(-1.625000000083E0,6.1E-1,3.7E-1));
#10182=CARTESIAN_POINT('',(1.624999999819E0,6.1E-1,3.7E-1));
#10183=VERTEX_POINT('',#10181);
#10184=VERTEX_POINT('',#10182);
#10185=CARTESIAN_POINT('',(-1.625E0,6.4E-1,3.4E-1));
#10186=CARTESIAN_POINT('',(1.625E0,6.4E-1,3.4E-1));
#10187=VERTEX_POINT('',#10185);
#10188=VERTEX_POINT('',#10186);
#10189=VERTEX_POINT('',#4165);
#10190=VERTEX_POINT('',#3810);
#10191=CARTESIAN_POINT('',(1.625000000083E0,6.1E-1,-3.7E-1));
#10192=CARTESIAN_POINT('',(-1.624999999819E0,6.1E-1,-3.7E-1));
#10193=VERTEX_POINT('',#10191);
#10194=VERTEX_POINT('',#10192);
#10195=CARTESIAN_POINT('',(1.625E0,6.4E-1,-3.4E-1));
#10196=CARTESIAN_POINT('',(-1.625E0,6.4E-1,-3.4E-1));
#10197=VERTEX_POINT('',#10195);
#10198=VERTEX_POINT('',#10196);
#10199=VERTEX_POINT('',#3812);
#10200=VERTEX_POINT('',#4181);
#10201=CARTESIAN_POINT('',(1.33E0,1.2E-1,-9.5E-1));
#10202=CARTESIAN_POINT('',(1.33E0,1.E-1,-9.5E-1));
#10203=VERTEX_POINT('',#10201);
#10204=VERTEX_POINT('',#10202);
#10205=CARTESIAN_POINT('',(1.47E0,1.2E-1,-9.5E-1));
#10206=CARTESIAN_POINT('',(1.47E0,1.E-1,-9.5E-1));
#10207=VERTEX_POINT('',#10205);
#10208=VERTEX_POINT('',#10206);
#10209=CARTESIAN_POINT('',(1.33E0,-2.E-2,-1.07E0));
#10210=VERTEX_POINT('',#10209);
#10211=CARTESIAN_POINT('',(1.47E0,-2.E-2,-1.07E0));
#10212=VERTEX_POINT('',#10211);
#10213=CARTESIAN_POINT('',(1.33E0,-2.E-2,-1.25E0));
#10214=VERTEX_POINT('',#10213);
#10215=CARTESIAN_POINT('',(1.47E0,-2.E-2,-1.25E0));
#10216=VERTEX_POINT('',#10215);
#10217=CARTESIAN_POINT('',(1.33E0,6.E-2,-1.25E0));
#10218=VERTEX_POINT('',#10217);
#10219=CARTESIAN_POINT('',(1.47E0,6.E-2,-1.25E0));
#10220=VERTEX_POINT('',#10219);
#10221=CARTESIAN_POINT('',(1.33E0,6.E-2,-1.07E0));
#10222=VERTEX_POINT('',#10221);
#10223=CARTESIAN_POINT('',(1.47E0,6.E-2,-1.07E0));
#10224=VERTEX_POINT('',#10223);
#10225=CARTESIAN_POINT('',(1.33E0,1.E-1,-1.03E0));
#10226=VERTEX_POINT('',#10225);
#10227=CARTESIAN_POINT('',(1.47E0,1.E-1,-1.03E0));
#10228=VERTEX_POINT('',#10227);
#10229=CARTESIAN_POINT('',(1.33E0,1.2E-1,-1.03E0));
#10230=VERTEX_POINT('',#10229);
#10231=CARTESIAN_POINT('',(1.47E0,1.2E-1,-1.03E0));
#10232=VERTEX_POINT('',#10231);
#10233=CARTESIAN_POINT('',(1.33E0,1.2E-1,1.03E0));
#10234=CARTESIAN_POINT('',(1.33E0,1.E-1,1.03E0));
#10235=VERTEX_POINT('',#10233);
#10236=VERTEX_POINT('',#10234);
#10237=CARTESIAN_POINT('',(1.47E0,1.2E-1,1.03E0));
#10238=CARTESIAN_POINT('',(1.47E0,1.E-1,1.03E0));
#10239=VERTEX_POINT('',#10237);
#10240=VERTEX_POINT('',#10238);
#10241=CARTESIAN_POINT('',(1.33E0,6.E-2,1.07E0));
#10242=VERTEX_POINT('',#10241);
#10243=CARTESIAN_POINT('',(1.47E0,6.E-2,1.07E0));
#10244=VERTEX_POINT('',#10243);
#10245=CARTESIAN_POINT('',(1.33E0,6.E-2,1.25E0));
#10246=VERTEX_POINT('',#10245);
#10247=CARTESIAN_POINT('',(1.47E0,6.E-2,1.25E0));
#10248=VERTEX_POINT('',#10247);
#10249=CARTESIAN_POINT('',(1.33E0,-2.E-2,1.25E0));
#10250=VERTEX_POINT('',#10249);
#10251=CARTESIAN_POINT('',(1.47E0,-2.E-2,1.25E0));
#10252=VERTEX_POINT('',#10251);
#10253=CARTESIAN_POINT('',(1.33E0,-2.E-2,1.07E0));
#10254=VERTEX_POINT('',#10253);
#10255=CARTESIAN_POINT('',(1.47E0,-2.E-2,1.07E0));
#10256=VERTEX_POINT('',#10255);
#10257=CARTESIAN_POINT('',(1.33E0,9.999999999999E-2,9.5E-1));
#10258=VERTEX_POINT('',#10257);
#10259=CARTESIAN_POINT('',(1.47E0,9.999999999999E-2,9.5E-1));
#10260=VERTEX_POINT('',#10259);
#10261=CARTESIAN_POINT('',(1.33E0,1.2E-1,9.5E-1));
#10262=VERTEX_POINT('',#10261);
#10263=CARTESIAN_POINT('',(1.47E0,1.2E-1,9.5E-1));
#10264=VERTEX_POINT('',#10263);
#10265=CARTESIAN_POINT('',(9.3E-1,1.2E-1,-9.5E-1));
#10266=CARTESIAN_POINT('',(9.3E-1,1.E-1,-9.5E-1));
#10267=VERTEX_POINT('',#10265);
#10268=VERTEX_POINT('',#10266);
#10269=CARTESIAN_POINT('',(1.07E0,1.2E-1,-9.5E-1));
#10270=CARTESIAN_POINT('',(1.07E0,1.E-1,-9.5E-1));
#10271=VERTEX_POINT('',#10269);
#10272=VERTEX_POINT('',#10270);
#10273=CARTESIAN_POINT('',(9.3E-1,-2.E-2,-1.07E0));
#10274=VERTEX_POINT('',#10273);
#10275=CARTESIAN_POINT('',(1.07E0,-2.E-2,-1.07E0));
#10276=VERTEX_POINT('',#10275);
#10277=CARTESIAN_POINT('',(9.3E-1,-2.E-2,-1.25E0));
#10278=VERTEX_POINT('',#10277);
#10279=CARTESIAN_POINT('',(1.07E0,-2.E-2,-1.25E0));
#10280=VERTEX_POINT('',#10279);
#10281=CARTESIAN_POINT('',(9.3E-1,6.E-2,-1.25E0));
#10282=VERTEX_POINT('',#10281);
#10283=CARTESIAN_POINT('',(1.07E0,6.E-2,-1.25E0));
#10284=VERTEX_POINT('',#10283);
#10285=CARTESIAN_POINT('',(9.3E-1,6.E-2,-1.07E0));
#10286=VERTEX_POINT('',#10285);
#10287=CARTESIAN_POINT('',(1.07E0,6.E-2,-1.07E0));
#10288=VERTEX_POINT('',#10287);
#10289=CARTESIAN_POINT('',(9.3E-1,1.E-1,-1.03E0));
#10290=VERTEX_POINT('',#10289);
#10291=CARTESIAN_POINT('',(1.07E0,1.E-1,-1.03E0));
#10292=VERTEX_POINT('',#10291);
#10293=CARTESIAN_POINT('',(9.3E-1,1.2E-1,-1.03E0));
#10294=VERTEX_POINT('',#10293);
#10295=CARTESIAN_POINT('',(1.07E0,1.2E-1,-1.03E0));
#10296=VERTEX_POINT('',#10295);
#10297=CARTESIAN_POINT('',(9.3E-1,1.2E-1,1.03E0));
#10298=CARTESIAN_POINT('',(9.3E-1,1.E-1,1.03E0));
#10299=VERTEX_POINT('',#10297);
#10300=VERTEX_POINT('',#10298);
#10301=CARTESIAN_POINT('',(1.07E0,1.2E-1,1.03E0));
#10302=CARTESIAN_POINT('',(1.07E0,1.E-1,1.03E0));
#10303=VERTEX_POINT('',#10301);
#10304=VERTEX_POINT('',#10302);
#10305=CARTESIAN_POINT('',(9.3E-1,6.E-2,1.07E0));
#10306=VERTEX_POINT('',#10305);
#10307=CARTESIAN_POINT('',(1.07E0,6.E-2,1.07E0));
#10308=VERTEX_POINT('',#10307);
#10309=CARTESIAN_POINT('',(9.3E-1,6.E-2,1.25E0));
#10310=VERTEX_POINT('',#10309);
#10311=CARTESIAN_POINT('',(1.07E0,6.E-2,1.25E0));
#10312=VERTEX_POINT('',#10311);
#10313=CARTESIAN_POINT('',(9.3E-1,-2.E-2,1.25E0));
#10314=VERTEX_POINT('',#10313);
#10315=CARTESIAN_POINT('',(1.07E0,-2.E-2,1.25E0));
#10316=VERTEX_POINT('',#10315);
#10317=CARTESIAN_POINT('',(9.3E-1,-2.E-2,1.07E0));
#10318=VERTEX_POINT('',#10317);
#10319=CARTESIAN_POINT('',(1.07E0,-2.E-2,1.07E0));
#10320=VERTEX_POINT('',#10319);
#10321=CARTESIAN_POINT('',(9.3E-1,9.999999999999E-2,9.5E-1));
#10322=VERTEX_POINT('',#10321);
#10323=CARTESIAN_POINT('',(1.07E0,9.999999999999E-2,9.5E-1));
#10324=VERTEX_POINT('',#10323);
#10325=CARTESIAN_POINT('',(9.3E-1,1.2E-1,9.5E-1));
#10326=VERTEX_POINT('',#10325);
#10327=CARTESIAN_POINT('',(1.07E0,1.2E-1,9.5E-1));
#10328=VERTEX_POINT('',#10327);
#10329=CARTESIAN_POINT('',(5.3E-1,1.2E-1,-9.5E-1));
#10330=CARTESIAN_POINT('',(5.3E-1,1.E-1,-9.5E-1));
#10331=VERTEX_POINT('',#10329);
#10332=VERTEX_POINT('',#10330);
#10333=CARTESIAN_POINT('',(6.7E-1,1.2E-1,-9.5E-1));
#10334=CARTESIAN_POINT('',(6.7E-1,1.E-1,-9.5E-1));
#10335=VERTEX_POINT('',#10333);
#10336=VERTEX_POINT('',#10334);
#10337=CARTESIAN_POINT('',(5.3E-1,-2.E-2,-1.07E0));
#10338=VERTEX_POINT('',#10337);
#10339=CARTESIAN_POINT('',(6.7E-1,-2.E-2,-1.07E0));
#10340=VERTEX_POINT('',#10339);
#10341=CARTESIAN_POINT('',(5.3E-1,-2.E-2,-1.25E0));
#10342=VERTEX_POINT('',#10341);
#10343=CARTESIAN_POINT('',(6.7E-1,-2.E-2,-1.25E0));
#10344=VERTEX_POINT('',#10343);
#10345=CARTESIAN_POINT('',(5.3E-1,6.E-2,-1.25E0));
#10346=VERTEX_POINT('',#10345);
#10347=CARTESIAN_POINT('',(6.7E-1,6.E-2,-1.25E0));
#10348=VERTEX_POINT('',#10347);
#10349=CARTESIAN_POINT('',(5.3E-1,6.E-2,-1.07E0));
#10350=VERTEX_POINT('',#10349);
#10351=CARTESIAN_POINT('',(6.7E-1,6.E-2,-1.07E0));
#10352=VERTEX_POINT('',#10351);
#10353=CARTESIAN_POINT('',(5.3E-1,1.E-1,-1.03E0));
#10354=VERTEX_POINT('',#10353);
#10355=CARTESIAN_POINT('',(6.7E-1,1.E-1,-1.03E0));
#10356=VERTEX_POINT('',#10355);
#10357=CARTESIAN_POINT('',(5.3E-1,1.2E-1,-1.03E0));
#10358=VERTEX_POINT('',#10357);
#10359=CARTESIAN_POINT('',(6.7E-1,1.2E-1,-1.03E0));
#10360=VERTEX_POINT('',#10359);
#10361=CARTESIAN_POINT('',(5.3E-1,1.2E-1,1.03E0));
#10362=CARTESIAN_POINT('',(5.3E-1,1.E-1,1.03E0));
#10363=VERTEX_POINT('',#10361);
#10364=VERTEX_POINT('',#10362);
#10365=CARTESIAN_POINT('',(6.7E-1,1.2E-1,1.03E0));
#10366=CARTESIAN_POINT('',(6.7E-1,1.E-1,1.03E0));
#10367=VERTEX_POINT('',#10365);
#10368=VERTEX_POINT('',#10366);
#10369=CARTESIAN_POINT('',(5.3E-1,6.E-2,1.07E0));
#10370=VERTEX_POINT('',#10369);
#10371=CARTESIAN_POINT('',(6.7E-1,6.E-2,1.07E0));
#10372=VERTEX_POINT('',#10371);
#10373=CARTESIAN_POINT('',(5.3E-1,6.E-2,1.25E0));
#10374=VERTEX_POINT('',#10373);
#10375=CARTESIAN_POINT('',(6.7E-1,6.E-2,1.25E0));
#10376=VERTEX_POINT('',#10375);
#10377=CARTESIAN_POINT('',(5.3E-1,-2.E-2,1.25E0));
#10378=VERTEX_POINT('',#10377);
#10379=CARTESIAN_POINT('',(6.7E-1,-2.E-2,1.25E0));
#10380=VERTEX_POINT('',#10379);
#10381=CARTESIAN_POINT('',(5.3E-1,-2.E-2,1.07E0));
#10382=VERTEX_POINT('',#10381);
#10383=CARTESIAN_POINT('',(6.7E-1,-2.E-2,1.07E0));
#10384=VERTEX_POINT('',#10383);
#10385=CARTESIAN_POINT('',(5.3E-1,9.999999999999E-2,9.5E-1));
#10386=VERTEX_POINT('',#10385);
#10387=CARTESIAN_POINT('',(6.7E-1,9.999999999999E-2,9.5E-1));
#10388=VERTEX_POINT('',#10387);
#10389=CARTESIAN_POINT('',(5.3E-1,1.2E-1,9.5E-1));
#10390=VERTEX_POINT('',#10389);
#10391=CARTESIAN_POINT('',(6.7E-1,1.2E-1,9.5E-1));
#10392=VERTEX_POINT('',#10391);
#10393=CARTESIAN_POINT('',(1.3E-1,1.2E-1,-9.5E-1));
#10394=CARTESIAN_POINT('',(1.3E-1,1.E-1,-9.5E-1));
#10395=VERTEX_POINT('',#10393);
#10396=VERTEX_POINT('',#10394);
#10397=CARTESIAN_POINT('',(2.7E-1,1.2E-1,-9.5E-1));
#10398=CARTESIAN_POINT('',(2.7E-1,1.E-1,-9.5E-1));
#10399=VERTEX_POINT('',#10397);
#10400=VERTEX_POINT('',#10398);
#10401=CARTESIAN_POINT('',(1.3E-1,-2.E-2,-1.07E0));
#10402=VERTEX_POINT('',#10401);
#10403=CARTESIAN_POINT('',(2.7E-1,-2.E-2,-1.07E0));
#10404=VERTEX_POINT('',#10403);
#10405=CARTESIAN_POINT('',(1.3E-1,-2.E-2,-1.25E0));
#10406=VERTEX_POINT('',#10405);
#10407=CARTESIAN_POINT('',(2.7E-1,-2.E-2,-1.25E0));
#10408=VERTEX_POINT('',#10407);
#10409=CARTESIAN_POINT('',(1.3E-1,6.E-2,-1.25E0));
#10410=VERTEX_POINT('',#10409);
#10411=CARTESIAN_POINT('',(2.7E-1,6.E-2,-1.25E0));
#10412=VERTEX_POINT('',#10411);
#10413=CARTESIAN_POINT('',(1.3E-1,6.E-2,-1.07E0));
#10414=VERTEX_POINT('',#10413);
#10415=CARTESIAN_POINT('',(2.7E-1,6.E-2,-1.07E0));
#10416=VERTEX_POINT('',#10415);
#10417=CARTESIAN_POINT('',(1.3E-1,1.E-1,-1.03E0));
#10418=VERTEX_POINT('',#10417);
#10419=CARTESIAN_POINT('',(2.7E-1,1.E-1,-1.03E0));
#10420=VERTEX_POINT('',#10419);
#10421=CARTESIAN_POINT('',(1.3E-1,1.2E-1,-1.03E0));
#10422=VERTEX_POINT('',#10421);
#10423=CARTESIAN_POINT('',(2.7E-1,1.2E-1,-1.03E0));
#10424=VERTEX_POINT('',#10423);
#10425=CARTESIAN_POINT('',(1.3E-1,1.2E-1,1.03E0));
#10426=CARTESIAN_POINT('',(1.3E-1,1.E-1,1.03E0));
#10427=VERTEX_POINT('',#10425);
#10428=VERTEX_POINT('',#10426);
#10429=CARTESIAN_POINT('',(2.7E-1,1.2E-1,1.03E0));
#10430=CARTESIAN_POINT('',(2.7E-1,1.E-1,1.03E0));
#10431=VERTEX_POINT('',#10429);
#10432=VERTEX_POINT('',#10430);
#10433=CARTESIAN_POINT('',(1.3E-1,6.E-2,1.07E0));
#10434=VERTEX_POINT('',#10433);
#10435=CARTESIAN_POINT('',(2.7E-1,6.E-2,1.07E0));
#10436=VERTEX_POINT('',#10435);
#10437=CARTESIAN_POINT('',(1.3E-1,6.E-2,1.25E0));
#10438=VERTEX_POINT('',#10437);
#10439=CARTESIAN_POINT('',(2.7E-1,6.E-2,1.25E0));
#10440=VERTEX_POINT('',#10439);
#10441=CARTESIAN_POINT('',(1.3E-1,-2.E-2,1.25E0));
#10442=VERTEX_POINT('',#10441);
#10443=CARTESIAN_POINT('',(2.7E-1,-2.E-2,1.25E0));
#10444=VERTEX_POINT('',#10443);
#10445=CARTESIAN_POINT('',(1.3E-1,-2.E-2,1.07E0));
#10446=VERTEX_POINT('',#10445);
#10447=CARTESIAN_POINT('',(2.7E-1,-2.E-2,1.07E0));
#10448=VERTEX_POINT('',#10447);
#10449=CARTESIAN_POINT('',(1.3E-1,9.999999999999E-2,9.5E-1));
#10450=VERTEX_POINT('',#10449);
#10451=CARTESIAN_POINT('',(2.7E-1,9.999999999999E-2,9.5E-1));
#10452=VERTEX_POINT('',#10451);
#10453=CARTESIAN_POINT('',(1.3E-1,1.2E-1,9.5E-1));
#10454=VERTEX_POINT('',#10453);
#10455=CARTESIAN_POINT('',(2.7E-1,1.2E-1,9.5E-1));
#10456=VERTEX_POINT('',#10455);
#10457=CARTESIAN_POINT('',(-2.7E-1,1.2E-1,-9.5E-1));
#10458=CARTESIAN_POINT('',(-2.7E-1,1.E-1,-9.5E-1));
#10459=VERTEX_POINT('',#10457);
#10460=VERTEX_POINT('',#10458);
#10461=CARTESIAN_POINT('',(-1.3E-1,1.2E-1,-9.5E-1));
#10462=CARTESIAN_POINT('',(-1.3E-1,1.E-1,-9.5E-1));
#10463=VERTEX_POINT('',#10461);
#10464=VERTEX_POINT('',#10462);
#10465=CARTESIAN_POINT('',(-2.7E-1,-2.E-2,-1.07E0));
#10466=VERTEX_POINT('',#10465);
#10467=CARTESIAN_POINT('',(-1.3E-1,-2.E-2,-1.07E0));
#10468=VERTEX_POINT('',#10467);
#10469=CARTESIAN_POINT('',(-2.7E-1,-2.E-2,-1.25E0));
#10470=VERTEX_POINT('',#10469);
#10471=CARTESIAN_POINT('',(-1.3E-1,-2.E-2,-1.25E0));
#10472=VERTEX_POINT('',#10471);
#10473=CARTESIAN_POINT('',(-2.7E-1,6.E-2,-1.25E0));
#10474=VERTEX_POINT('',#10473);
#10475=CARTESIAN_POINT('',(-1.3E-1,6.E-2,-1.25E0));
#10476=VERTEX_POINT('',#10475);
#10477=CARTESIAN_POINT('',(-2.7E-1,6.E-2,-1.07E0));
#10478=VERTEX_POINT('',#10477);
#10479=CARTESIAN_POINT('',(-1.3E-1,6.E-2,-1.07E0));
#10480=VERTEX_POINT('',#10479);
#10481=CARTESIAN_POINT('',(-2.7E-1,1.E-1,-1.03E0));
#10482=VERTEX_POINT('',#10481);
#10483=CARTESIAN_POINT('',(-1.3E-1,1.E-1,-1.03E0));
#10484=VERTEX_POINT('',#10483);
#10485=CARTESIAN_POINT('',(-2.7E-1,1.2E-1,-1.03E0));
#10486=VERTEX_POINT('',#10485);
#10487=CARTESIAN_POINT('',(-1.3E-1,1.2E-1,-1.03E0));
#10488=VERTEX_POINT('',#10487);
#10489=CARTESIAN_POINT('',(-2.7E-1,1.2E-1,1.03E0));
#10490=CARTESIAN_POINT('',(-2.7E-1,1.E-1,1.03E0));
#10491=VERTEX_POINT('',#10489);
#10492=VERTEX_POINT('',#10490);
#10493=CARTESIAN_POINT('',(-1.3E-1,1.2E-1,1.03E0));
#10494=CARTESIAN_POINT('',(-1.3E-1,1.E-1,1.03E0));
#10495=VERTEX_POINT('',#10493);
#10496=VERTEX_POINT('',#10494);
#10497=CARTESIAN_POINT('',(-2.7E-1,6.E-2,1.07E0));
#10498=VERTEX_POINT('',#10497);
#10499=CARTESIAN_POINT('',(-1.3E-1,6.E-2,1.07E0));
#10500=VERTEX_POINT('',#10499);
#10501=CARTESIAN_POINT('',(-2.7E-1,6.E-2,1.25E0));
#10502=VERTEX_POINT('',#10501);
#10503=CARTESIAN_POINT('',(-1.3E-1,6.E-2,1.25E0));
#10504=VERTEX_POINT('',#10503);
#10505=CARTESIAN_POINT('',(-2.7E-1,-2.E-2,1.25E0));
#10506=VERTEX_POINT('',#10505);
#10507=CARTESIAN_POINT('',(-1.3E-1,-2.E-2,1.25E0));
#10508=VERTEX_POINT('',#10507);
#10509=CARTESIAN_POINT('',(-2.7E-1,-2.E-2,1.07E0));
#10510=VERTEX_POINT('',#10509);
#10511=CARTESIAN_POINT('',(-1.3E-1,-2.E-2,1.07E0));
#10512=VERTEX_POINT('',#10511);
#10513=CARTESIAN_POINT('',(-2.7E-1,9.999999999999E-2,9.5E-1));
#10514=VERTEX_POINT('',#10513);
#10515=CARTESIAN_POINT('',(-1.3E-1,9.999999999999E-2,9.5E-1));
#10516=VERTEX_POINT('',#10515);
#10517=CARTESIAN_POINT('',(-2.7E-1,1.2E-1,9.5E-1));
#10518=VERTEX_POINT('',#10517);
#10519=CARTESIAN_POINT('',(-1.3E-1,1.2E-1,9.5E-1));
#10520=VERTEX_POINT('',#10519);
#10521=CARTESIAN_POINT('',(-6.7E-1,1.2E-1,-9.5E-1));
#10522=CARTESIAN_POINT('',(-6.7E-1,1.E-1,-9.5E-1));
#10523=VERTEX_POINT('',#10521);
#10524=VERTEX_POINT('',#10522);
#10525=CARTESIAN_POINT('',(-5.3E-1,1.2E-1,-9.5E-1));
#10526=CARTESIAN_POINT('',(-5.3E-1,1.E-1,-9.5E-1));
#10527=VERTEX_POINT('',#10525);
#10528=VERTEX_POINT('',#10526);
#10529=CARTESIAN_POINT('',(-6.7E-1,-2.E-2,-1.07E0));
#10530=VERTEX_POINT('',#10529);
#10531=CARTESIAN_POINT('',(-5.3E-1,-2.E-2,-1.07E0));
#10532=VERTEX_POINT('',#10531);
#10533=CARTESIAN_POINT('',(-6.7E-1,-2.E-2,-1.25E0));
#10534=VERTEX_POINT('',#10533);
#10535=CARTESIAN_POINT('',(-5.3E-1,-2.E-2,-1.25E0));
#10536=VERTEX_POINT('',#10535);
#10537=CARTESIAN_POINT('',(-6.7E-1,6.E-2,-1.25E0));
#10538=VERTEX_POINT('',#10537);
#10539=CARTESIAN_POINT('',(-5.3E-1,6.E-2,-1.25E0));
#10540=VERTEX_POINT('',#10539);
#10541=CARTESIAN_POINT('',(-6.7E-1,6.E-2,-1.07E0));
#10542=VERTEX_POINT('',#10541);
#10543=CARTESIAN_POINT('',(-5.3E-1,6.E-2,-1.07E0));
#10544=VERTEX_POINT('',#10543);
#10545=CARTESIAN_POINT('',(-6.7E-1,1.E-1,-1.03E0));
#10546=VERTEX_POINT('',#10545);
#10547=CARTESIAN_POINT('',(-5.3E-1,1.E-1,-1.03E0));
#10548=VERTEX_POINT('',#10547);
#10549=CARTESIAN_POINT('',(-6.7E-1,1.2E-1,-1.03E0));
#10550=VERTEX_POINT('',#10549);
#10551=CARTESIAN_POINT('',(-5.3E-1,1.2E-1,-1.03E0));
#10552=VERTEX_POINT('',#10551);
#10553=CARTESIAN_POINT('',(-6.7E-1,1.2E-1,1.03E0));
#10554=CARTESIAN_POINT('',(-6.7E-1,1.E-1,1.03E0));
#10555=VERTEX_POINT('',#10553);
#10556=VERTEX_POINT('',#10554);
#10557=CARTESIAN_POINT('',(-5.3E-1,1.2E-1,1.03E0));
#10558=CARTESIAN_POINT('',(-5.3E-1,1.E-1,1.03E0));
#10559=VERTEX_POINT('',#10557);
#10560=VERTEX_POINT('',#10558);
#10561=CARTESIAN_POINT('',(-6.7E-1,6.E-2,1.07E0));
#10562=VERTEX_POINT('',#10561);
#10563=CARTESIAN_POINT('',(-5.3E-1,6.E-2,1.07E0));
#10564=VERTEX_POINT('',#10563);
#10565=CARTESIAN_POINT('',(-6.7E-1,6.E-2,1.25E0));
#10566=VERTEX_POINT('',#10565);
#10567=CARTESIAN_POINT('',(-5.3E-1,6.E-2,1.25E0));
#10568=VERTEX_POINT('',#10567);
#10569=CARTESIAN_POINT('',(-6.7E-1,-2.E-2,1.25E0));
#10570=VERTEX_POINT('',#10569);
#10571=CARTESIAN_POINT('',(-5.3E-1,-2.E-2,1.25E0));
#10572=VERTEX_POINT('',#10571);
#10573=CARTESIAN_POINT('',(-6.7E-1,-2.E-2,1.07E0));
#10574=VERTEX_POINT('',#10573);
#10575=CARTESIAN_POINT('',(-5.3E-1,-2.E-2,1.07E0));
#10576=VERTEX_POINT('',#10575);
#10577=CARTESIAN_POINT('',(-6.7E-1,9.999999999999E-2,9.5E-1));
#10578=VERTEX_POINT('',#10577);
#10579=CARTESIAN_POINT('',(-5.3E-1,9.999999999999E-2,9.5E-1));
#10580=VERTEX_POINT('',#10579);
#10581=CARTESIAN_POINT('',(-6.7E-1,1.2E-1,9.5E-1));
#10582=VERTEX_POINT('',#10581);
#10583=CARTESIAN_POINT('',(-5.3E-1,1.2E-1,9.5E-1));
#10584=VERTEX_POINT('',#10583);
#10585=CARTESIAN_POINT('',(-1.07E0,1.2E-1,-9.5E-1));
#10586=CARTESIAN_POINT('',(-1.07E0,1.E-1,-9.5E-1));
#10587=VERTEX_POINT('',#10585);
#10588=VERTEX_POINT('',#10586);
#10589=CARTESIAN_POINT('',(-9.3E-1,1.2E-1,-9.5E-1));
#10590=CARTESIAN_POINT('',(-9.3E-1,1.E-1,-9.5E-1));
#10591=VERTEX_POINT('',#10589);
#10592=VERTEX_POINT('',#10590);
#10593=CARTESIAN_POINT('',(-1.07E0,-2.E-2,-1.07E0));
#10594=VERTEX_POINT('',#10593);
#10595=CARTESIAN_POINT('',(-9.3E-1,-2.E-2,-1.07E0));
#10596=VERTEX_POINT('',#10595);
#10597=CARTESIAN_POINT('',(-1.07E0,-2.E-2,-1.25E0));
#10598=VERTEX_POINT('',#10597);
#10599=CARTESIAN_POINT('',(-9.3E-1,-2.E-2,-1.25E0));
#10600=VERTEX_POINT('',#10599);
#10601=CARTESIAN_POINT('',(-1.07E0,6.E-2,-1.25E0));
#10602=VERTEX_POINT('',#10601);
#10603=CARTESIAN_POINT('',(-9.3E-1,6.E-2,-1.25E0));
#10604=VERTEX_POINT('',#10603);
#10605=CARTESIAN_POINT('',(-1.07E0,6.E-2,-1.07E0));
#10606=VERTEX_POINT('',#10605);
#10607=CARTESIAN_POINT('',(-9.3E-1,6.E-2,-1.07E0));
#10608=VERTEX_POINT('',#10607);
#10609=CARTESIAN_POINT('',(-1.07E0,1.E-1,-1.03E0));
#10610=VERTEX_POINT('',#10609);
#10611=CARTESIAN_POINT('',(-9.3E-1,1.E-1,-1.03E0));
#10612=VERTEX_POINT('',#10611);
#10613=CARTESIAN_POINT('',(-1.07E0,1.2E-1,-1.03E0));
#10614=VERTEX_POINT('',#10613);
#10615=CARTESIAN_POINT('',(-9.3E-1,1.2E-1,-1.03E0));
#10616=VERTEX_POINT('',#10615);
#10617=CARTESIAN_POINT('',(-1.07E0,1.2E-1,1.03E0));
#10618=CARTESIAN_POINT('',(-1.07E0,1.E-1,1.03E0));
#10619=VERTEX_POINT('',#10617);
#10620=VERTEX_POINT('',#10618);
#10621=CARTESIAN_POINT('',(-9.3E-1,1.2E-1,1.03E0));
#10622=CARTESIAN_POINT('',(-9.3E-1,1.E-1,1.03E0));
#10623=VERTEX_POINT('',#10621);
#10624=VERTEX_POINT('',#10622);
#10625=CARTESIAN_POINT('',(-1.07E0,6.E-2,1.07E0));
#10626=VERTEX_POINT('',#10625);
#10627=CARTESIAN_POINT('',(-9.3E-1,6.E-2,1.07E0));
#10628=VERTEX_POINT('',#10627);
#10629=CARTESIAN_POINT('',(-1.07E0,6.E-2,1.25E0));
#10630=VERTEX_POINT('',#10629);
#10631=CARTESIAN_POINT('',(-9.3E-1,6.E-2,1.25E0));
#10632=VERTEX_POINT('',#10631);
#10633=CARTESIAN_POINT('',(-1.07E0,-2.E-2,1.25E0));
#10634=VERTEX_POINT('',#10633);
#10635=CARTESIAN_POINT('',(-9.3E-1,-2.E-2,1.25E0));
#10636=VERTEX_POINT('',#10635);
#10637=CARTESIAN_POINT('',(-1.07E0,-2.E-2,1.07E0));
#10638=VERTEX_POINT('',#10637);
#10639=CARTESIAN_POINT('',(-9.3E-1,-2.E-2,1.07E0));
#10640=VERTEX_POINT('',#10639);
#10641=CARTESIAN_POINT('',(-1.07E0,9.999999999999E-2,9.5E-1));
#10642=VERTEX_POINT('',#10641);
#10643=CARTESIAN_POINT('',(-9.3E-1,9.999999999999E-2,9.5E-1));
#10644=VERTEX_POINT('',#10643);
#10645=CARTESIAN_POINT('',(-1.07E0,1.2E-1,9.5E-1));
#10646=VERTEX_POINT('',#10645);
#10647=CARTESIAN_POINT('',(-9.3E-1,1.2E-1,9.5E-1));
#10648=VERTEX_POINT('',#10647);
#10649=CARTESIAN_POINT('',(-1.47E0,1.2E-1,-9.5E-1));
#10650=CARTESIAN_POINT('',(-1.47E0,1.E-1,-9.5E-1));
#10651=VERTEX_POINT('',#10649);
#10652=VERTEX_POINT('',#10650);
#10653=CARTESIAN_POINT('',(-1.33E0,1.2E-1,-9.5E-1));
#10654=CARTESIAN_POINT('',(-1.33E0,1.E-1,-9.5E-1));
#10655=VERTEX_POINT('',#10653);
#10656=VERTEX_POINT('',#10654);
#10657=CARTESIAN_POINT('',(-1.47E0,-2.E-2,-1.07E0));
#10658=VERTEX_POINT('',#10657);
#10659=CARTESIAN_POINT('',(-1.33E0,-2.E-2,-1.07E0));
#10660=VERTEX_POINT('',#10659);
#10661=CARTESIAN_POINT('',(-1.47E0,-2.E-2,-1.25E0));
#10662=VERTEX_POINT('',#10661);
#10663=CARTESIAN_POINT('',(-1.33E0,-2.E-2,-1.25E0));
#10664=VERTEX_POINT('',#10663);
#10665=CARTESIAN_POINT('',(-1.47E0,6.E-2,-1.25E0));
#10666=VERTEX_POINT('',#10665);
#10667=CARTESIAN_POINT('',(-1.33E0,6.E-2,-1.25E0));
#10668=VERTEX_POINT('',#10667);
#10669=CARTESIAN_POINT('',(-1.47E0,6.E-2,-1.07E0));
#10670=VERTEX_POINT('',#10669);
#10671=CARTESIAN_POINT('',(-1.33E0,6.E-2,-1.07E0));
#10672=VERTEX_POINT('',#10671);
#10673=CARTESIAN_POINT('',(-1.47E0,1.E-1,-1.03E0));
#10674=VERTEX_POINT('',#10673);
#10675=CARTESIAN_POINT('',(-1.33E0,1.E-1,-1.03E0));
#10676=VERTEX_POINT('',#10675);
#10677=CARTESIAN_POINT('',(-1.47E0,1.2E-1,-1.03E0));
#10678=VERTEX_POINT('',#10677);
#10679=CARTESIAN_POINT('',(-1.33E0,1.2E-1,-1.03E0));
#10680=VERTEX_POINT('',#10679);
#10681=CARTESIAN_POINT('',(-1.47E0,1.2E-1,1.03E0));
#10682=CARTESIAN_POINT('',(-1.47E0,1.E-1,1.03E0));
#10683=VERTEX_POINT('',#10681);
#10684=VERTEX_POINT('',#10682);
#10685=CARTESIAN_POINT('',(-1.33E0,1.2E-1,1.03E0));
#10686=CARTESIAN_POINT('',(-1.33E0,1.E-1,1.03E0));
#10687=VERTEX_POINT('',#10685);
#10688=VERTEX_POINT('',#10686);
#10689=CARTESIAN_POINT('',(-1.47E0,6.E-2,1.07E0));
#10690=VERTEX_POINT('',#10689);
#10691=CARTESIAN_POINT('',(-1.33E0,6.E-2,1.07E0));
#10692=VERTEX_POINT('',#10691);
#10693=CARTESIAN_POINT('',(-1.47E0,6.E-2,1.25E0));
#10694=VERTEX_POINT('',#10693);
#10695=CARTESIAN_POINT('',(-1.33E0,6.E-2,1.25E0));
#10696=VERTEX_POINT('',#10695);
#10697=CARTESIAN_POINT('',(-1.47E0,-2.E-2,1.25E0));
#10698=VERTEX_POINT('',#10697);
#10699=CARTESIAN_POINT('',(-1.33E0,-2.E-2,1.25E0));
#10700=VERTEX_POINT('',#10699);
#10701=CARTESIAN_POINT('',(-1.47E0,-2.E-2,1.07E0));
#10702=VERTEX_POINT('',#10701);
#10703=CARTESIAN_POINT('',(-1.33E0,-2.E-2,1.07E0));
#10704=VERTEX_POINT('',#10703);
#10705=CARTESIAN_POINT('',(-1.47E0,9.999999999999E-2,9.5E-1));
#10706=VERTEX_POINT('',#10705);
#10707=CARTESIAN_POINT('',(-1.33E0,9.999999999999E-2,9.5E-1));
#10708=VERTEX_POINT('',#10707);
#10709=CARTESIAN_POINT('',(-1.47E0,1.2E-1,9.5E-1));
#10710=VERTEX_POINT('',#10709);
#10711=CARTESIAN_POINT('',(-1.33E0,1.2E-1,9.5E-1));
#10712=VERTEX_POINT('',#10711);
#10713=CARTESIAN_POINT('',(-2.12E0,4.5E-1,1.1E0));
#10714=CARTESIAN_POINT('',(-2.12E0,4.5E-1,1.E0));
#10715=VERTEX_POINT('',#10713);
#10716=VERTEX_POINT('',#10714);
#10717=CARTESIAN_POINT('',(0.E0,0.E0,0.E0));
#10718=DIRECTION('',(0.E0,1.E0,0.E0));
#10719=DIRECTION('',(1.E0,0.E0,0.E0));
#10720=AXIS2_PLACEMENT_3D('',#10717,#10718,#10719);
#10721=PLANE('',#10720);
#10723=ORIENTED_EDGE('',*,*,#10722,.T.);
#10725=ORIENTED_EDGE('',*,*,#10724,.F.);
#10727=ORIENTED_EDGE('',*,*,#10726,.F.);
#10729=ORIENTED_EDGE('',*,*,#10728,.T.);
#10730=EDGE_LOOP('',(#10723,#10725,#10727,#10729));
#10731=FACE_OUTER_BOUND('',#10730,.F.);
#10732=ADVANCED_FACE('',(#10731),#10721,.F.);
#10733=CARTESIAN_POINT('',(2.65E0,5.E-2,1.22E0));
#10734=DIRECTION('',(-7.071067811865E-1,7.071067811865E-1,0.E0));
#10735=DIRECTION('',(-7.071067811865E-1,-7.071067811865E-1,0.E0));
#10736=AXIS2_PLACEMENT_3D('',#10733,#10734,#10735);
#10737=PLANE('',#10736);
#10738=ORIENTED_EDGE('',*,*,#10722,.F.);
#10740=ORIENTED_EDGE('',*,*,#10739,.F.);
#10742=ORIENTED_EDGE('',*,*,#10741,.T.);
#10744=ORIENTED_EDGE('',*,*,#10743,.T.);
#10745=EDGE_LOOP('',(#10738,#10740,#10742,#10744));
#10746=FACE_OUTER_BOUND('',#10745,.F.);
#10747=ADVANCED_FACE('',(#10746),#10737,.F.);
#10748=CARTESIAN_POINT('',(2.75E0,0.E0,8.5E-1));
#10749=DIRECTION('',(0.E0,3.846153846154E-1,-9.230769230769E-1));
#10750=DIRECTION('',(0.E0,9.230769230769E-1,3.846153846154E-1));
#10751=AXIS2_PLACEMENT_3D('',#10748,#10749,#10750);
#10752=PLANE('',#10751);
#10754=ORIENTED_EDGE('',*,*,#10753,.T.);
#10755=ORIENTED_EDGE('',*,*,#10739,.T.);
#10756=ORIENTED_EDGE('',*,*,#10728,.F.);
#10758=ORIENTED_EDGE('',*,*,#10757,.T.);
#10760=ORIENTED_EDGE('',*,*,#10759,.F.);
#10762=ORIENTED_EDGE('',*,*,#10761,.T.);
#10764=ORIENTED_EDGE('',*,*,#10763,.F.);
#10766=ORIENTED_EDGE('',*,*,#10765,.F.);
#10767=EDGE_LOOP('',(#10754,#10755,#10756,#10758,#10760,#10762,#10764,#10766));
#10768=FACE_OUTER_BOUND('',#10767,.F.);
#10769=ADVANCED_FACE('',(#10768),#10752,.F.);
#10770=CARTESIAN_POINT('',(2.75E0,5.E-2,1.22E0));
#10771=DIRECTION('',(0.E0,1.E0,0.E0));
#10772=DIRECTION('',(-1.E0,0.E0,0.E0));
#10773=AXIS2_PLACEMENT_3D('',#10770,#10771,#10772);
#10774=PLANE('',#10773);
#10776=ORIENTED_EDGE('',*,*,#10775,.F.);
#10778=ORIENTED_EDGE('',*,*,#10777,.F.);
#10780=ORIENTED_EDGE('',*,*,#10779,.T.);
#10782=ORIENTED_EDGE('',*,*,#10781,.T.);
#10783=ORIENTED_EDGE('',*,*,#10741,.F.);
#10784=ORIENTED_EDGE('',*,*,#10753,.F.);
#10786=ORIENTED_EDGE('',*,*,#10785,.T.);
#10788=ORIENTED_EDGE('',*,*,#10787,.T.);
#10789=EDGE_LOOP('',(#10776,#10778,#10780,#10782,#10783,#10784,#10786,#10788));
#10790=FACE_OUTER_BOUND('',#10789,.F.);
#10791=ADVANCED_FACE('',(#10790),#10774,.F.);
#10792=CARTESIAN_POINT('',(2.71E0,4.8E-1,-4.E-1));
#10793=DIRECTION('',(-1.E0,0.E0,0.E0));
#10794=DIRECTION('',(0.E0,0.E0,1.E0));
#10795=AXIS2_PLACEMENT_3D('',#10792,#10793,#10794);
#10796=PLANE('',#10795);
#10798=ORIENTED_EDGE('',*,*,#10797,.F.);
#10800=ORIENTED_EDGE('',*,*,#10799,.T.);
#10801=ORIENTED_EDGE('',*,*,#10775,.T.);
#10803=ORIENTED_EDGE('',*,*,#10802,.F.);
#10804=EDGE_LOOP('',(#10798,#10800,#10801,#10803));
#10805=FACE_OUTER_BOUND('',#10804,.F.);
#10806=ADVANCED_FACE('',(#10805),#10796,.F.);
#10807=CARTESIAN_POINT('',(2.155E0,4.8E-1,1.22E0));
#10808=DIRECTION('',(0.E0,-1.E0,0.E0));
#10809=DIRECTION('',(1.E0,0.E0,0.E0));
#10810=AXIS2_PLACEMENT_3D('',#10807,#10808,#10809);
#10811=PLANE('',#10810);
#10813=ORIENTED_EDGE('',*,*,#10812,.F.);
#10815=ORIENTED_EDGE('',*,*,#10814,.T.);
#10817=ORIENTED_EDGE('',*,*,#10816,.F.);
#10819=ORIENTED_EDGE('',*,*,#10818,.F.);
#10821=ORIENTED_EDGE('',*,*,#10820,.T.);
#10823=ORIENTED_EDGE('',*,*,#10822,.T.);
#10824=ORIENTED_EDGE('',*,*,#10797,.T.);
#10826=ORIENTED_EDGE('',*,*,#10825,.F.);
#10828=ORIENTED_EDGE('',*,*,#10827,.T.);
#10830=ORIENTED_EDGE('',*,*,#10829,.T.);
#10832=ORIENTED_EDGE('',*,*,#10831,.T.);
#10834=ORIENTED_EDGE('',*,*,#10833,.T.);
#10836=ORIENTED_EDGE('',*,*,#10835,.F.);
#10838=ORIENTED_EDGE('',*,*,#10837,.F.);
#10840=ORIENTED_EDGE('',*,*,#10839,.F.);
#10842=ORIENTED_EDGE('',*,*,#10841,.T.);
#10844=ORIENTED_EDGE('',*,*,#10843,.T.);
#10846=ORIENTED_EDGE('',*,*,#10845,.F.);
#10848=ORIENTED_EDGE('',*,*,#10847,.F.);
#10850=ORIENTED_EDGE('',*,*,#10849,.T.);
#10852=ORIENTED_EDGE('',*,*,#10851,.F.);
#10854=ORIENTED_EDGE('',*,*,#10853,.T.);
#10856=ORIENTED_EDGE('',*,*,#10855,.F.);
#10858=ORIENTED_EDGE('',*,*,#10857,.T.);
#10859=EDGE_LOOP('',(#10813,#10815,#10817,#10819,#10821,#10823,#10824,#10826,
#10828,#10830,#10832,#10834,#10836,#10838,#10840,#10842,#10844,#10846,#10848,
#10850,#10852,#10854,#10856,#10858));
#10860=FACE_OUTER_BOUND('',#10859,.F.);
#10861=ADVANCED_FACE('',(#10860),#10811,.F.);
#10862=CARTESIAN_POINT('',(2.155E0,4.8E-1,1.22E0));
#10863=DIRECTION('',(0.E0,-1.E0,0.E0));
#10864=DIRECTION('',(1.E0,0.E0,0.E0));
#10865=AXIS2_PLACEMENT_3D('',#10862,#10863,#10864);
#10866=PLANE('',#10865);
#10868=ORIENTED_EDGE('',*,*,#10867,.F.);
#10870=ORIENTED_EDGE('',*,*,#10869,.T.);
#10872=ORIENTED_EDGE('',*,*,#10871,.T.);
#10874=ORIENTED_EDGE('',*,*,#10873,.F.);
#10876=ORIENTED_EDGE('',*,*,#10875,.F.);
#10878=ORIENTED_EDGE('',*,*,#10877,.T.);
#10880=ORIENTED_EDGE('',*,*,#10879,.F.);
#10882=ORIENTED_EDGE('',*,*,#10881,.T.);
#10884=ORIENTED_EDGE('',*,*,#10883,.F.);
#10886=ORIENTED_EDGE('',*,*,#10885,.T.);
#10888=ORIENTED_EDGE('',*,*,#10887,.F.);
#10890=ORIENTED_EDGE('',*,*,#10889,.T.);
#10892=ORIENTED_EDGE('',*,*,#10891,.F.);
#10894=ORIENTED_EDGE('',*,*,#10893,.F.);
#10896=ORIENTED_EDGE('',*,*,#10895,.T.);
#10898=ORIENTED_EDGE('',*,*,#10897,.T.);
#10900=ORIENTED_EDGE('',*,*,#10899,.T.);
#10902=ORIENTED_EDGE('',*,*,#10901,.F.);
#10904=ORIENTED_EDGE('',*,*,#10903,.T.);
#10906=ORIENTED_EDGE('',*,*,#10905,.T.);
#10908=ORIENTED_EDGE('',*,*,#10907,.T.);
#10910=ORIENTED_EDGE('',*,*,#10909,.T.);
#10912=ORIENTED_EDGE('',*,*,#10911,.F.);
#10914=ORIENTED_EDGE('',*,*,#10913,.F.);
#10915=EDGE_LOOP('',(#10868,#10870,#10872,#10874,#10876,#10878,#10880,#10882,
#10884,#10886,#10888,#10890,#10892,#10894,#10896,#10898,#10900,#10902,#10904,
#10906,#10908,#10910,#10912,#10914));
#10916=FACE_OUTER_BOUND('',#10915,.F.);
#10917=ADVANCED_FACE('',(#10916),#10866,.F.);
#10918=CARTESIAN_POINT('',(2.43E0,4.8E-1,-9.9E-1));
#10919=DIRECTION('',(1.E0,0.E0,0.E0));
#10920=DIRECTION('',(0.E0,0.E0,-1.E0));
#10921=AXIS2_PLACEMENT_3D('',#10918,#10919,#10920);
#10922=PLANE('',#10921);
#10924=ORIENTED_EDGE('',*,*,#10923,.F.);
#10926=ORIENTED_EDGE('',*,*,#10925,.F.);
#10928=ORIENTED_EDGE('',*,*,#10927,.T.);
#10929=ORIENTED_EDGE('',*,*,#10855,.T.);
#10931=ORIENTED_EDGE('',*,*,#10930,.F.);
#10933=ORIENTED_EDGE('',*,*,#10932,.T.);
#10935=ORIENTED_EDGE('',*,*,#10934,.T.);
#10937=ORIENTED_EDGE('',*,*,#10936,.F.);
#10938=ORIENTED_EDGE('',*,*,#10812,.T.);
#10939=EDGE_LOOP('',(#10924,#10926,#10928,#10929,#10931,#10933,#10935,#10937,
#10938));
#10940=FACE_OUTER_BOUND('',#10939,.F.);
#10941=ADVANCED_FACE('',(#10940),#10922,.F.);
#10942=CARTESIAN_POINT('',(2.7E0,6.E-1,-1.1E0));
#10943=DIRECTION('',(0.E0,0.E0,-1.E0));
#10944=DIRECTION('',(-1.E0,0.E0,0.E0));
#10945=AXIS2_PLACEMENT_3D('',#10942,#10943,#10944);
#10946=PLANE('',#10945);
#10948=ORIENTED_EDGE('',*,*,#10947,.F.);
#10950=ORIENTED_EDGE('',*,*,#10949,.F.);
#10952=ORIENTED_EDGE('',*,*,#10951,.T.);
#10954=ORIENTED_EDGE('',*,*,#10953,.F.);
#10955=ORIENTED_EDGE('',*,*,#10923,.T.);
#10957=ORIENTED_EDGE('',*,*,#10956,.F.);
#10959=ORIENTED_EDGE('',*,*,#10958,.T.);
#10961=ORIENTED_EDGE('',*,*,#10960,.F.);
#10963=ORIENTED_EDGE('',*,*,#10962,.F.);
#10965=ORIENTED_EDGE('',*,*,#10964,.F.);
#10967=ORIENTED_EDGE('',*,*,#10966,.F.);
#10969=ORIENTED_EDGE('',*,*,#10968,.F.);
#10971=ORIENTED_EDGE('',*,*,#10970,.F.);
#10972=EDGE_LOOP('',(#10948,#10950,#10952,#10954,#10955,#10957,#10959,#10961,
#10963,#10965,#10967,#10969,#10971));
#10973=FACE_OUTER_BOUND('',#10972,.F.);
#10974=ADVANCED_FACE('',(#10973),#10946,.T.);
#10975=CARTESIAN_POINT('',(1.995E0,2.4E-1,1.1E0));
#10976=DIRECTION('',(-1.E0,0.E0,0.E0));
#10977=DIRECTION('',(0.E0,-1.E0,0.E0));
#10978=AXIS2_PLACEMENT_3D('',#10975,#10976,#10977);
#10979=PLANE('',#10978);
#10980=ORIENTED_EDGE('',*,*,#10947,.T.);
#10982=ORIENTED_EDGE('',*,*,#10981,.T.);
#10984=ORIENTED_EDGE('',*,*,#10983,.T.);
#10986=ORIENTED_EDGE('',*,*,#10985,.T.);
#10988=ORIENTED_EDGE('',*,*,#10987,.T.);
#10990=ORIENTED_EDGE('',*,*,#10989,.T.);
#10992=ORIENTED_EDGE('',*,*,#10991,.T.);
#10994=ORIENTED_EDGE('',*,*,#10993,.T.);
#10995=EDGE_LOOP('',(#10980,#10982,#10984,#10986,#10988,#10990,#10992,#10994));
#10996=FACE_OUTER_BOUND('',#10995,.F.);
#10997=ADVANCED_FACE('',(#10996),#10979,.T.);
#10998=CARTESIAN_POINT('',(1.995E0,2.4E-1,1.1E0));
#10999=DIRECTION('',(-1.E0,0.E0,0.E0));
#11000=DIRECTION('',(0.E0,-1.E0,0.E0));
#11001=AXIS2_PLACEMENT_3D('',#10998,#10999,#11000);
#11002=PLANE('',#11001);
#11004=ORIENTED_EDGE('',*,*,#11003,.T.);
#11006=ORIENTED_EDGE('',*,*,#11005,.T.);
#11008=ORIENTED_EDGE('',*,*,#11007,.T.);
#11010=ORIENTED_EDGE('',*,*,#11009,.T.);
#11012=ORIENTED_EDGE('',*,*,#11011,.T.);
#11014=ORIENTED_EDGE('',*,*,#11013,.T.);
#11016=ORIENTED_EDGE('',*,*,#11015,.T.);
#11018=ORIENTED_EDGE('',*,*,#11017,.F.);
#11019=EDGE_LOOP('',(#11004,#11006,#11008,#11010,#11012,#11014,#11016,#11018));
#11020=FACE_OUTER_BOUND('',#11019,.F.);
#11021=ADVANCED_FACE('',(#11020),#11002,.T.);
#11022=CARTESIAN_POINT('',(1.995E0,2.4E-1,-1.1E0));
#11023=DIRECTION('',(0.E0,-1.E0,0.E0));
#11024=DIRECTION('',(-1.E0,0.E0,0.E0));
#11025=AXIS2_PLACEMENT_3D('',#11022,#11023,#11024);
#11026=PLANE('',#11025);
#11027=ORIENTED_EDGE('',*,*,#10970,.T.);
#11029=ORIENTED_EDGE('',*,*,#11028,.F.);
#11031=ORIENTED_EDGE('',*,*,#11030,.F.);
#11032=ORIENTED_EDGE('',*,*,#10981,.F.);
#11033=EDGE_LOOP('',(#11027,#11029,#11031,#11032));
#11034=FACE_OUTER_BOUND('',#11033,.F.);
#11035=ADVANCED_FACE('',(#11034),#11026,.T.);
#11036=CARTESIAN_POINT('',(1.85E0,4.8E-1,-1.11E0));
#11037=DIRECTION('',(-1.E0,0.E0,0.E0));
#11038=DIRECTION('',(0.E0,0.E0,1.E0));
#11039=AXIS2_PLACEMENT_3D('',#11036,#11037,#11038);
#11040=PLANE('',#11039);
#11042=ORIENTED_EDGE('',*,*,#11041,.F.);
#11044=ORIENTED_EDGE('',*,*,#11043,.F.);
#11046=ORIENTED_EDGE('',*,*,#11045,.T.);
#11048=ORIENTED_EDGE('',*,*,#11047,.T.);
#11050=ORIENTED_EDGE('',*,*,#11049,.T.);
#11051=EDGE_LOOP('',(#11042,#11044,#11046,#11048,#11050));
#11052=FACE_OUTER_BOUND('',#11051,.F.);
#11053=ORIENTED_EDGE('',*,*,#10968,.T.);
#11055=ORIENTED_EDGE('',*,*,#11054,.F.);
#11057=ORIENTED_EDGE('',*,*,#11056,.F.);
#11058=ORIENTED_EDGE('',*,*,#11028,.T.);
#11059=EDGE_LOOP('',(#11053,#11055,#11057,#11058));
#11060=FACE_BOUND('',#11059,.F.);
#11061=ADVANCED_FACE('',(#11052,#11060),#11040,.F.);
#11062=CARTESIAN_POINT('',(2.38E0,1.2E-1,-9.9E-1));
#11063=DIRECTION('',(0.E0,0.E0,1.E0));
#11064=DIRECTION('',(-1.E0,0.E0,0.E0));
#11065=AXIS2_PLACEMENT_3D('',#11062,#11063,#11064);
#11066=PLANE('',#11065);
#11068=ORIENTED_EDGE('',*,*,#11067,.F.);
#11069=ORIENTED_EDGE('',*,*,#11041,.T.);
#11071=ORIENTED_EDGE('',*,*,#11070,.T.);
#11073=ORIENTED_EDGE('',*,*,#11072,.F.);
#11075=ORIENTED_EDGE('',*,*,#11074,.F.);
#11077=ORIENTED_EDGE('',*,*,#11076,.T.);
#11079=ORIENTED_EDGE('',*,*,#11078,.T.);
#11080=ORIENTED_EDGE('',*,*,#10932,.F.);
#11081=EDGE_LOOP('',(#11068,#11069,#11071,#11073,#11075,#11077,#11079,#11080));
#11082=FACE_OUTER_BOUND('',#11081,.F.);
#11083=ADVANCED_FACE('',(#11082),#11066,.F.);
#11084=CARTESIAN_POINT('',(1.9675E0,4.65E-1,-9.56E-1));
#11085=DIRECTION('',(0.E0,3.713906763541E-1,-9.284766908853E-1));
#11086=DIRECTION('',(0.E0,9.284766908853E-1,3.713906763541E-1));
#11087=AXIS2_PLACEMENT_3D('',#11084,#11085,#11086);
#11088=PLANE('',#11087);
#11089=ORIENTED_EDGE('',*,*,#11067,.T.);
#11090=ORIENTED_EDGE('',*,*,#10930,.T.);
#11091=ORIENTED_EDGE('',*,*,#10853,.F.);
#11093=ORIENTED_EDGE('',*,*,#11092,.T.);
#11095=ORIENTED_EDGE('',*,*,#11094,.F.);
#11097=ORIENTED_EDGE('',*,*,#11096,.T.);
#11099=ORIENTED_EDGE('',*,*,#11098,.T.);
#11100=ORIENTED_EDGE('',*,*,#11043,.T.);
#11101=EDGE_LOOP('',(#11089,#11090,#11091,#11093,#11095,#11097,#11099,#11100));
#11102=FACE_OUTER_BOUND('',#11101,.F.);
#11103=ADVANCED_FACE('',(#11102),#11088,.T.);
#11104=CARTESIAN_POINT('',(2.085E0,5.5E-1,-1.22E0));
#11105=DIRECTION('',(7.071067811866E-1,7.071067811865E-1,0.E0));
#11106=DIRECTION('',(7.071067811865E-1,-7.071067811866E-1,0.E0));
#11107=AXIS2_PLACEMENT_3D('',#11104,#11105,#11106);
#11108=PLANE('',#11107);
#11109=ORIENTED_EDGE('',*,*,#11092,.F.);
#11110=ORIENTED_EDGE('',*,*,#10851,.T.);
#11112=ORIENTED_EDGE('',*,*,#11111,.F.);
#11114=ORIENTED_EDGE('',*,*,#11113,.F.);
#11115=EDGE_LOOP('',(#11109,#11110,#11112,#11114));
#11116=FACE_OUTER_BOUND('',#11115,.F.);
#11117=ADVANCED_FACE('',(#11116),#11108,.T.);
#11118=CARTESIAN_POINT('',(2.355E0,6.4E-1,-8.35E-1));
#11119=DIRECTION('',(0.E0,0.E0,-1.E0));
#11120=DIRECTION('',(-1.E0,0.E0,0.E0));
#11121=AXIS2_PLACEMENT_3D('',#11118,#11119,#11120);
#11122=PLANE('',#11121);
#11124=ORIENTED_EDGE('',*,*,#11123,.T.);
#11125=ORIENTED_EDGE('',*,*,#11111,.T.);
#11126=ORIENTED_EDGE('',*,*,#10849,.F.);
#11128=ORIENTED_EDGE('',*,*,#11127,.T.);
#11130=ORIENTED_EDGE('',*,*,#11129,.T.);
#11132=ORIENTED_EDGE('',*,*,#11131,.F.);
#11133=EDGE_LOOP('',(#11124,#11125,#11126,#11128,#11130,#11132));
#11134=FACE_OUTER_BOUND('',#11133,.F.);
#11135=ADVANCED_FACE('',(#11134),#11122,.F.);
#11136=CARTESIAN_POINT('',(1.655E0,5.5E-1,-1.22E0));
#11137=DIRECTION('',(0.E0,1.E0,0.E0));
#11138=DIRECTION('',(1.E0,0.E0,0.E0));
#11139=AXIS2_PLACEMENT_3D('',#11136,#11137,#11138);
#11140=PLANE('',#11139);
#11141=ORIENTED_EDGE('',*,*,#11094,.T.);
#11142=ORIENTED_EDGE('',*,*,#11113,.T.);
#11143=ORIENTED_EDGE('',*,*,#11123,.F.);
#11145=ORIENTED_EDGE('',*,*,#11144,.F.);
#11146=EDGE_LOOP('',(#11141,#11142,#11143,#11145));
#11147=FACE_OUTER_BOUND('',#11146,.F.);
#11148=ADVANCED_FACE('',(#11147),#11140,.T.);
#11149=CARTESIAN_POINT('',(1.655E0,6.4E-1,-8.35E-1));
#11150=DIRECTION('',(-1.E0,0.E0,0.E0));
#11151=DIRECTION('',(0.E0,0.E0,1.E0));
#11152=AXIS2_PLACEMENT_3D('',#11149,#11150,#11151);
#11153=PLANE('',#11152);
#11155=ORIENTED_EDGE('',*,*,#11154,.F.);
#11156=ORIENTED_EDGE('',*,*,#11144,.T.);
#11157=ORIENTED_EDGE('',*,*,#11131,.T.);
#11159=ORIENTED_EDGE('',*,*,#11158,.T.);
#11161=ORIENTED_EDGE('',*,*,#11160,.F.);
#11163=ORIENTED_EDGE('',*,*,#11162,.F.);
#11165=ORIENTED_EDGE('',*,*,#11164,.T.);
#11167=ORIENTED_EDGE('',*,*,#11166,.T.);
#11168=EDGE_LOOP('',(#11155,#11156,#11157,#11159,#11161,#11163,#11165,#11167));
#11169=FACE_OUTER_BOUND('',#11168,.F.);
#11170=ADVANCED_FACE('',(#11169),#11153,.F.);
#11171=CARTESIAN_POINT('',(1.69E0,5.15E-1,-1.105E0));
#11172=DIRECTION('',(7.071067811865E-1,7.071067811865E-1,0.E0));
#11173=DIRECTION('',(0.E0,0.E0,-1.E0));
#11174=AXIS2_PLACEMENT_3D('',#11171,#11172,#11173);
#11175=PLANE('',#11174);
#11177=ORIENTED_EDGE('',*,*,#11176,.T.);
#11178=ORIENTED_EDGE('',*,*,#11096,.F.);
#11179=ORIENTED_EDGE('',*,*,#11154,.T.);
#11181=ORIENTED_EDGE('',*,*,#11180,.T.);
#11182=EDGE_LOOP('',(#11177,#11178,#11179,#11181));
#11183=FACE_OUTER_BOUND('',#11182,.F.);
#11184=ADVANCED_FACE('',(#11183),#11175,.T.);
#11185=CARTESIAN_POINT('',(2.155E0,4.8E-1,1.22E0));
#11186=DIRECTION('',(0.E0,-1.E0,0.E0));
#11187=DIRECTION('',(1.E0,0.E0,0.E0));
#11188=AXIS2_PLACEMENT_3D('',#11185,#11186,#11187);
#11189=PLANE('',#11188);
#11191=ORIENTED_EDGE('',*,*,#11190,.F.);
#11193=ORIENTED_EDGE('',*,*,#11192,.F.);
#11195=ORIENTED_EDGE('',*,*,#11194,.T.);
#11197=ORIENTED_EDGE('',*,*,#11196,.F.);
#11199=ORIENTED_EDGE('',*,*,#11198,.F.);
#11201=ORIENTED_EDGE('',*,*,#11200,.F.);
#11202=EDGE_LOOP('',(#11191,#11193,#11195,#11197,#11199,#11201));
#11203=FACE_OUTER_BOUND('',#11202,.F.);
#11204=ADVANCED_FACE('',(#11203),#11189,.F.);
#11205=CARTESIAN_POINT('',(2.155E0,4.8E-1,1.22E0));
#11206=DIRECTION('',(0.E0,-1.E0,0.E0));
#11207=DIRECTION('',(1.E0,0.E0,0.E0));
#11208=AXIS2_PLACEMENT_3D('',#11205,#11206,#11207);
#11209=PLANE('',#11208);
#11210=ORIENTED_EDGE('',*,*,#11045,.F.);
#11211=ORIENTED_EDGE('',*,*,#11098,.F.);
#11212=ORIENTED_EDGE('',*,*,#11176,.F.);
#11214=ORIENTED_EDGE('',*,*,#11213,.T.);
#11216=ORIENTED_EDGE('',*,*,#11215,.F.);
#11218=ORIENTED_EDGE('',*,*,#11217,.T.);
#11219=EDGE_LOOP('',(#11210,#11211,#11212,#11214,#11216,#11218));
#11220=FACE_OUTER_BOUND('',#11219,.F.);
#11221=ADVANCED_FACE('',(#11220),#11209,.F.);
#11222=CARTESIAN_POINT('',(2.155E0,4.8E-1,1.22E0));
#11223=DIRECTION('',(0.E0,-1.E0,0.E0));
#11224=DIRECTION('',(1.E0,0.E0,0.E0));
#11225=AXIS2_PLACEMENT_3D('',#11222,#11223,#11224);
#11226=PLANE('',#11225);
#11228=ORIENTED_EDGE('',*,*,#11227,.F.);
#11230=ORIENTED_EDGE('',*,*,#11229,.F.);
#11232=ORIENTED_EDGE('',*,*,#11231,.F.);
#11234=ORIENTED_EDGE('',*,*,#11233,.F.);
#11236=ORIENTED_EDGE('',*,*,#11235,.F.);
#11238=ORIENTED_EDGE('',*,*,#11237,.T.);
#11239=EDGE_LOOP('',(#11228,#11230,#11232,#11234,#11236,#11238));
#11240=FACE_OUTER_BOUND('',#11239,.F.);
#11241=ADVANCED_FACE('',(#11240),#11226,.F.);
#11242=CARTESIAN_POINT('',(2.155E0,4.8E-1,1.22E0));
#11243=DIRECTION('',(0.E0,-1.E0,0.E0));
#11244=DIRECTION('',(1.E0,0.E0,0.E0));
#11245=AXIS2_PLACEMENT_3D('',#11242,#11243,#11244);
#11246=PLANE('',#11245);
#11248=ORIENTED_EDGE('',*,*,#11247,.F.);
#11250=ORIENTED_EDGE('',*,*,#11249,.F.);
#11252=ORIENTED_EDGE('',*,*,#11251,.F.);
#11254=ORIENTED_EDGE('',*,*,#11253,.F.);
#11256=ORIENTED_EDGE('',*,*,#11255,.F.);
#11258=ORIENTED_EDGE('',*,*,#11257,.T.);
#11259=EDGE_LOOP('',(#11248,#11250,#11252,#11254,#11256,#11258));
#11260=FACE_OUTER_BOUND('',#11259,.F.);
#11261=ADVANCED_FACE('',(#11260),#11246,.F.);
#11262=CARTESIAN_POINT('',(1.69E0,5.15E-1,1.105E0));
#11263=DIRECTION('',(7.071067811865E-1,7.071067811865E-1,0.E0));
#11264=DIRECTION('',(0.E0,0.E0,-1.E0));
#11265=AXIS2_PLACEMENT_3D('',#11262,#11263,#11264);
#11266=PLANE('',#11265);
#11268=ORIENTED_EDGE('',*,*,#11267,.T.);
#11270=ORIENTED_EDGE('',*,*,#11269,.F.);
#11271=ORIENTED_EDGE('',*,*,#11190,.T.);
#11273=ORIENTED_EDGE('',*,*,#11272,.T.);
#11274=EDGE_LOOP('',(#11268,#11270,#11271,#11273));
#11275=FACE_OUTER_BOUND('',#11274,.F.);
#11276=ADVANCED_FACE('',(#11275),#11266,.T.);
#11277=CARTESIAN_POINT('',(1.655E0,6.4E-1,7.6E-1));
#11278=DIRECTION('',(-1.E0,0.E0,0.E0));
#11279=DIRECTION('',(0.E0,0.E0,1.E0));
#11280=AXIS2_PLACEMENT_3D('',#11277,#11278,#11279);
#11281=PLANE('',#11280);
#11282=ORIENTED_EDGE('',*,*,#11267,.F.);
#11284=ORIENTED_EDGE('',*,*,#11283,.T.);
#11286=ORIENTED_EDGE('',*,*,#11285,.T.);
#11288=ORIENTED_EDGE('',*,*,#11287,.F.);
#11290=ORIENTED_EDGE('',*,*,#11289,.T.);
#11292=ORIENTED_EDGE('',*,*,#11291,.T.);
#11294=ORIENTED_EDGE('',*,*,#11293,.F.);
#11296=ORIENTED_EDGE('',*,*,#11295,.F.);
#11297=EDGE_LOOP('',(#11282,#11284,#11286,#11288,#11290,#11292,#11294,#11296));
#11298=FACE_OUTER_BOUND('',#11297,.F.);
#11299=ADVANCED_FACE('',(#11298),#11281,.F.);
#11300=CARTESIAN_POINT('',(-2.75E0,0.E0,1.22E0));
#11301=DIRECTION('',(0.E0,0.E0,1.E0));
#11302=DIRECTION('',(1.E0,0.E0,0.E0));
#11303=AXIS2_PLACEMENT_3D('',#11300,#11301,#11302);
#11304=PLANE('',#11303);
#11306=ORIENTED_EDGE('',*,*,#11305,.T.);
#11307=ORIENTED_EDGE('',*,*,#10829,.F.);
#11309=ORIENTED_EDGE('',*,*,#11308,.F.);
#11311=ORIENTED_EDGE('',*,*,#11310,.F.);
#11312=EDGE_LOOP('',(#11306,#11307,#11309,#11311));
#11313=FACE_OUTER_BOUND('',#11312,.F.);
#11314=ADVANCED_FACE('',(#11313),#11304,.T.);
#11315=CARTESIAN_POINT('',(-2.75E0,0.E0,1.22E0));
#11316=DIRECTION('',(0.E0,0.E0,1.E0));
#11317=DIRECTION('',(1.E0,0.E0,0.E0));
#11318=AXIS2_PLACEMENT_3D('',#11315,#11316,#11317);
#11319=PLANE('',#11318);
#11321=ORIENTED_EDGE('',*,*,#11320,.F.);
#11323=ORIENTED_EDGE('',*,*,#11322,.F.);
#11325=ORIENTED_EDGE('',*,*,#11324,.T.);
#11326=ORIENTED_EDGE('',*,*,#10893,.T.);
#11327=EDGE_LOOP('',(#11321,#11323,#11325,#11326));
#11328=FACE_OUTER_BOUND('',#11327,.F.);
#11329=ADVANCED_FACE('',(#11328),#11319,.T.);
#11330=CARTESIAN_POINT('',(-2.75E0,0.E0,1.22E0));
#11331=DIRECTION('',(0.E0,0.E0,1.E0));
#11332=DIRECTION('',(1.E0,0.E0,0.E0));
#11333=AXIS2_PLACEMENT_3D('',#11330,#11331,#11332);
#11334=PLANE('',#11333);
#11335=ORIENTED_EDGE('',*,*,#11253,.T.);
#11337=ORIENTED_EDGE('',*,*,#11336,.F.);
#11339=ORIENTED_EDGE('',*,*,#11338,.F.);
#11341=ORIENTED_EDGE('',*,*,#11340,.T.);
#11342=ORIENTED_EDGE('',*,*,#11283,.F.);
#11343=ORIENTED_EDGE('',*,*,#11272,.F.);
#11344=ORIENTED_EDGE('',*,*,#11200,.T.);
#11346=ORIENTED_EDGE('',*,*,#11345,.F.);
#11348=ORIENTED_EDGE('',*,*,#11347,.F.);
#11350=ORIENTED_EDGE('',*,*,#11349,.T.);
#11351=EDGE_LOOP('',(#11335,#11337,#11339,#11341,#11342,#11343,#11344,#11346,
#11348,#11350));
#11352=FACE_OUTER_BOUND('',#11351,.F.);
#11353=ADVANCED_FACE('',(#11352),#11334,.T.);
#11354=CARTESIAN_POINT('',(2.38E0,1.2E-1,9.9E-1));
#11355=DIRECTION('',(1.E0,0.E0,0.E0));
#11356=DIRECTION('',(0.E0,0.E0,1.E0));
#11357=AXIS2_PLACEMENT_3D('',#11354,#11355,#11356);
#11358=PLANE('',#11357);
#11360=ORIENTED_EDGE('',*,*,#11359,.T.);
#11362=ORIENTED_EDGE('',*,*,#11361,.F.);
#11363=ORIENTED_EDGE('',*,*,#10831,.F.);
#11364=ORIENTED_EDGE('',*,*,#11305,.F.);
#11366=ORIENTED_EDGE('',*,*,#11365,.F.);
#11368=ORIENTED_EDGE('',*,*,#11367,.T.);
#11369=EDGE_LOOP('',(#11360,#11362,#11363,#11364,#11366,#11368));
#11370=FACE_OUTER_BOUND('',#11369,.F.);
#11371=ADVANCED_FACE('',(#11370),#11358,.F.);
#11372=CARTESIAN_POINT('',(0.E0,2.2E-1,1.22E0));
#11373=DIRECTION('',(0.E0,1.E0,0.E0));
#11374=DIRECTION('',(1.E0,0.E0,0.E0));
#11375=AXIS2_PLACEMENT_3D('',#11372,#11373,#11374);
#11376=PLANE('',#11375);
#11378=ORIENTED_EDGE('',*,*,#11377,.T.);
#11380=ORIENTED_EDGE('',*,*,#11379,.F.);
#11381=ORIENTED_EDGE('',*,*,#10934,.F.);
#11382=ORIENTED_EDGE('',*,*,#11078,.F.);
#11383=EDGE_LOOP('',(#11378,#11380,#11381,#11382));
#11384=FACE_OUTER_BOUND('',#11383,.F.);
#11385=ADVANCED_FACE('',(#11384),#11376,.T.);
#11386=CARTESIAN_POINT('',(0.E0,2.2E-1,1.22E0));
#11387=DIRECTION('',(0.E0,1.E0,0.E0));
#11388=DIRECTION('',(1.E0,0.E0,0.E0));
#11389=AXIS2_PLACEMENT_3D('',#11386,#11387,#11388);
#11390=PLANE('',#11389);
#11392=ORIENTED_EDGE('',*,*,#11391,.F.);
#11393=ORIENTED_EDGE('',*,*,#11070,.F.);
#11394=ORIENTED_EDGE('',*,*,#11049,.F.);
#11396=ORIENTED_EDGE('',*,*,#11395,.F.);
#11397=EDGE_LOOP('',(#11392,#11393,#11394,#11396));
#11398=FACE_OUTER_BOUND('',#11397,.F.);
#11399=ADVANCED_FACE('',(#11398),#11390,.T.);
#11400=CARTESIAN_POINT('',(0.E0,2.2E-1,1.22E0));
#11401=DIRECTION('',(0.E0,1.E0,0.E0));
#11402=DIRECTION('',(1.E0,0.E0,0.E0));
#11403=AXIS2_PLACEMENT_3D('',#11400,#11401,#11402);
#11404=PLANE('',#11403);
#11406=ORIENTED_EDGE('',*,*,#11405,.T.);
#11408=ORIENTED_EDGE('',*,*,#11407,.F.);
#11410=ORIENTED_EDGE('',*,*,#11409,.F.);
#11412=ORIENTED_EDGE('',*,*,#11411,.F.);
#11413=EDGE_LOOP('',(#11406,#11408,#11410,#11412));
#11414=FACE_OUTER_BOUND('',#11413,.F.);
#11415=ADVANCED_FACE('',(#11414),#11404,.T.);
#11416=CARTESIAN_POINT('',(0.E0,2.2E-1,1.22E0));
#11417=DIRECTION('',(0.E0,1.E0,0.E0));
#11418=DIRECTION('',(1.E0,0.E0,0.E0));
#11419=AXIS2_PLACEMENT_3D('',#11416,#11417,#11418);
#11420=PLANE('',#11419);
#11422=ORIENTED_EDGE('',*,*,#11421,.F.);
#11424=ORIENTED_EDGE('',*,*,#11423,.F.);
#11426=ORIENTED_EDGE('',*,*,#11425,.F.);
#11428=ORIENTED_EDGE('',*,*,#11427,.F.);
#11429=EDGE_LOOP('',(#11422,#11424,#11426,#11428));
#11430=FACE_OUTER_BOUND('',#11429,.F.);
#11431=ADVANCED_FACE('',(#11430),#11420,.T.);
#11432=CARTESIAN_POINT('',(0.E0,2.2E-1,1.22E0));
#11433=DIRECTION('',(0.E0,1.E0,0.E0));
#11434=DIRECTION('',(1.E0,0.E0,0.E0));
#11435=AXIS2_PLACEMENT_3D('',#11432,#11433,#11434);
#11436=PLANE('',#11435);
#11438=ORIENTED_EDGE('',*,*,#11437,.T.);
#11440=ORIENTED_EDGE('',*,*,#11439,.F.);
#11442=ORIENTED_EDGE('',*,*,#11441,.F.);
#11444=ORIENTED_EDGE('',*,*,#11443,.F.);
#11445=EDGE_LOOP('',(#11438,#11440,#11442,#11444));
#11446=FACE_OUTER_BOUND('',#11445,.F.);
#11447=ADVANCED_FACE('',(#11446),#11436,.T.);
#11448=CARTESIAN_POINT('',(0.E0,2.2E-1,1.22E0));
#11449=DIRECTION('',(0.E0,1.E0,0.E0));
#11450=DIRECTION('',(1.E0,0.E0,0.E0));
#11451=AXIS2_PLACEMENT_3D('',#11448,#11449,#11450);
#11452=PLANE('',#11451);
#11453=ORIENTED_EDGE('',*,*,#11359,.F.);
#11455=ORIENTED_EDGE('',*,*,#11454,.F.);
#11457=ORIENTED_EDGE('',*,*,#11456,.F.);
#11459=ORIENTED_EDGE('',*,*,#11458,.F.);
#11460=EDGE_LOOP('',(#11453,#11455,#11457,#11459));
#11461=FACE_OUTER_BOUND('',#11460,.F.);
#11462=ADVANCED_FACE('',(#11461),#11452,.T.);
#11463=CARTESIAN_POINT('',(0.E0,2.2E-1,1.22E0));
#11464=DIRECTION('',(0.E0,1.E0,0.E0));
#11465=DIRECTION('',(1.E0,0.E0,0.E0));
#11466=AXIS2_PLACEMENT_3D('',#11463,#11464,#11465);
#11467=PLANE('',#11466);
#11469=ORIENTED_EDGE('',*,*,#11468,.T.);
#11471=ORIENTED_EDGE('',*,*,#11470,.F.);
#11473=ORIENTED_EDGE('',*,*,#11472,.F.);
#11475=ORIENTED_EDGE('',*,*,#11474,.F.);
#11476=EDGE_LOOP('',(#11469,#11471,#11473,#11475));
#11477=FACE_OUTER_BOUND('',#11476,.F.);
#11478=ADVANCED_FACE('',(#11477),#11467,.T.);
#11479=CARTESIAN_POINT('',(0.E0,2.2E-1,1.22E0));
#11480=DIRECTION('',(0.E0,1.E0,0.E0));
#11481=DIRECTION('',(1.E0,0.E0,0.E0));
#11482=AXIS2_PLACEMENT_3D('',#11479,#11480,#11481);
#11483=PLANE('',#11482);
#11485=ORIENTED_EDGE('',*,*,#11484,.F.);
#11487=ORIENTED_EDGE('',*,*,#11486,.F.);
#11489=ORIENTED_EDGE('',*,*,#11488,.F.);
#11491=ORIENTED_EDGE('',*,*,#11490,.F.);
#11492=EDGE_LOOP('',(#11485,#11487,#11489,#11491));
#11493=FACE_OUTER_BOUND('',#11492,.F.);
#11494=ADVANCED_FACE('',(#11493),#11483,.T.);
#11495=CARTESIAN_POINT('',(2.38E0,1.2E-1,-1.22E0));
#11496=DIRECTION('',(1.E0,0.E0,0.E0));
#11497=DIRECTION('',(0.E0,0.E0,1.E0));
#11498=AXIS2_PLACEMENT_3D('',#11495,#11496,#11497);
#11499=PLANE('',#11498);
#11500=ORIENTED_EDGE('',*,*,#11377,.F.);
#11501=ORIENTED_EDGE('',*,*,#11076,.F.);
#11503=ORIENTED_EDGE('',*,*,#11502,.F.);
#11505=ORIENTED_EDGE('',*,*,#11504,.T.);
#11506=ORIENTED_EDGE('',*,*,#10816,.T.);
#11508=ORIENTED_EDGE('',*,*,#11507,.T.);
#11509=EDGE_LOOP('',(#11500,#11501,#11503,#11505,#11506,#11508));
#11510=FACE_OUTER_BOUND('',#11509,.F.);
#11511=ADVANCED_FACE('',(#11510),#11499,.F.);
#11512=CARTESIAN_POINT('',(2.75E0,1.2E-1,9.E-1));
#11513=DIRECTION('',(0.E0,1.E0,0.E0));
#11514=DIRECTION('',(0.E0,0.E0,1.E0));
#11515=AXIS2_PLACEMENT_3D('',#11512,#11513,#11514);
#11516=PLANE('',#11515);
#11517=ORIENTED_EDGE('',*,*,#11502,.T.);
#11518=ORIENTED_EDGE('',*,*,#11074,.T.);
#11520=ORIENTED_EDGE('',*,*,#11519,.F.);
#11522=ORIENTED_EDGE('',*,*,#11521,.T.);
#11524=ORIENTED_EDGE('',*,*,#11523,.T.);
#11526=ORIENTED_EDGE('',*,*,#11525,.T.);
#11528=ORIENTED_EDGE('',*,*,#11527,.F.);
#11530=ORIENTED_EDGE('',*,*,#11529,.T.);
#11532=ORIENTED_EDGE('',*,*,#11531,.T.);
#11534=ORIENTED_EDGE('',*,*,#11533,.F.);
#11536=ORIENTED_EDGE('',*,*,#11535,.F.);
#11538=ORIENTED_EDGE('',*,*,#11537,.T.);
#11539=EDGE_LOOP('',(#11517,#11518,#11520,#11522,#11524,#11526,#11528,#11530,
#11532,#11534,#11536,#11538));
#11540=FACE_OUTER_BOUND('',#11539,.F.);
#11542=ORIENTED_EDGE('',*,*,#11541,.F.);
#11544=ORIENTED_EDGE('',*,*,#11543,.F.);
#11546=ORIENTED_EDGE('',*,*,#11545,.F.);
#11548=ORIENTED_EDGE('',*,*,#11547,.T.);
#11549=EDGE_LOOP('',(#11542,#11544,#11546,#11548));
#11550=FACE_BOUND('',#11549,.F.);
#11552=ORIENTED_EDGE('',*,*,#11551,.T.);
#11554=ORIENTED_EDGE('',*,*,#11553,.F.);
#11556=ORIENTED_EDGE('',*,*,#11555,.F.);
#11558=ORIENTED_EDGE('',*,*,#11557,.F.);
#11559=EDGE_LOOP('',(#11552,#11554,#11556,#11558));
#11560=FACE_BOUND('',#11559,.F.);
#11562=ORIENTED_EDGE('',*,*,#11561,.T.);
#11564=ORIENTED_EDGE('',*,*,#11563,.F.);
#11566=ORIENTED_EDGE('',*,*,#11565,.F.);
#11568=ORIENTED_EDGE('',*,*,#11567,.F.);
#11569=EDGE_LOOP('',(#11562,#11564,#11566,#11568));
#11570=FACE_BOUND('',#11569,.F.);
#11572=ORIENTED_EDGE('',*,*,#11571,.T.);
#11574=ORIENTED_EDGE('',*,*,#11573,.F.);
#11576=ORIENTED_EDGE('',*,*,#11575,.F.);
#11578=ORIENTED_EDGE('',*,*,#11577,.F.);
#11579=EDGE_LOOP('',(#11572,#11574,#11576,#11578));
#11580=FACE_BOUND('',#11579,.F.);
#11582=ORIENTED_EDGE('',*,*,#11581,.T.);
#11584=ORIENTED_EDGE('',*,*,#11583,.F.);
#11586=ORIENTED_EDGE('',*,*,#11585,.F.);
#11588=ORIENTED_EDGE('',*,*,#11587,.F.);
#11589=EDGE_LOOP('',(#11582,#11584,#11586,#11588));
#11590=FACE_BOUND('',#11589,.F.);
#11592=ORIENTED_EDGE('',*,*,#11591,.T.);
#11594=ORIENTED_EDGE('',*,*,#11593,.F.);
#11596=ORIENTED_EDGE('',*,*,#11595,.F.);
#11598=ORIENTED_EDGE('',*,*,#11597,.F.);
#11599=EDGE_LOOP('',(#11592,#11594,#11596,#11598));
#11600=FACE_BOUND('',#11599,.F.);
#11602=ORIENTED_EDGE('',*,*,#11601,.T.);
#11604=ORIENTED_EDGE('',*,*,#11603,.F.);
#11606=ORIENTED_EDGE('',*,*,#11605,.F.);
#11608=ORIENTED_EDGE('',*,*,#11607,.F.);
#11609=EDGE_LOOP('',(#11602,#11604,#11606,#11608));
#11610=FACE_BOUND('',#11609,.F.);
#11612=ORIENTED_EDGE('',*,*,#11611,.T.);
#11614=ORIENTED_EDGE('',*,*,#11613,.F.);
#11616=ORIENTED_EDGE('',*,*,#11615,.F.);
#11618=ORIENTED_EDGE('',*,*,#11617,.F.);
#11619=EDGE_LOOP('',(#11612,#11614,#11616,#11618));
#11620=FACE_BOUND('',#11619,.F.);
#11621=ADVANCED_FACE('',(#11540,#11550,#11560,#11570,#11580,#11590,#11600,
#11610,#11620),#11516,.F.);
#11622=CARTESIAN_POINT('',(2.75E0,1.2E-1,9.E-1));
#11623=DIRECTION('',(0.E0,1.E0,0.E0));
#11624=DIRECTION('',(0.E0,0.E0,1.E0));
#11625=AXIS2_PLACEMENT_3D('',#11622,#11623,#11624);
#11626=PLANE('',#11625);
#11628=ORIENTED_EDGE('',*,*,#11627,.F.);
#11630=ORIENTED_EDGE('',*,*,#11629,.T.);
#11631=ORIENTED_EDGE('',*,*,#11365,.T.);
#11632=ORIENTED_EDGE('',*,*,#11310,.T.);
#11634=ORIENTED_EDGE('',*,*,#11633,.T.);
#11635=ORIENTED_EDGE('',*,*,#10763,.T.);
#11637=ORIENTED_EDGE('',*,*,#11636,.F.);
#11638=ORIENTED_EDGE('',*,*,#11322,.T.);
#11640=ORIENTED_EDGE('',*,*,#11639,.F.);
#11642=ORIENTED_EDGE('',*,*,#11641,.T.);
#11644=ORIENTED_EDGE('',*,*,#11643,.T.);
#11645=ORIENTED_EDGE('',*,*,#11347,.T.);
#11646=EDGE_LOOP('',(#11628,#11630,#11631,#11632,#11634,#11635,#11637,#11638,
#11640,#11642,#11644,#11645));
#11647=FACE_OUTER_BOUND('',#11646,.F.);
#11649=ORIENTED_EDGE('',*,*,#11648,.T.);
#11651=ORIENTED_EDGE('',*,*,#11650,.F.);
#11653=ORIENTED_EDGE('',*,*,#11652,.F.);
#11655=ORIENTED_EDGE('',*,*,#11654,.F.);
#11656=EDGE_LOOP('',(#11649,#11651,#11653,#11655));
#11657=FACE_BOUND('',#11656,.F.);
#11659=ORIENTED_EDGE('',*,*,#11658,.T.);
#11661=ORIENTED_EDGE('',*,*,#11660,.F.);
#11663=ORIENTED_EDGE('',*,*,#11662,.F.);
#11665=ORIENTED_EDGE('',*,*,#11664,.F.);
#11666=EDGE_LOOP('',(#11659,#11661,#11663,#11665));
#11667=FACE_BOUND('',#11666,.F.);
#11669=ORIENTED_EDGE('',*,*,#11668,.T.);
#11671=ORIENTED_EDGE('',*,*,#11670,.F.);
#11673=ORIENTED_EDGE('',*,*,#11672,.F.);
#11675=ORIENTED_EDGE('',*,*,#11674,.F.);
#11676=EDGE_LOOP('',(#11669,#11671,#11673,#11675));
#11677=FACE_BOUND('',#11676,.F.);
#11679=ORIENTED_EDGE('',*,*,#11678,.T.);
#11681=ORIENTED_EDGE('',*,*,#11680,.F.);
#11683=ORIENTED_EDGE('',*,*,#11682,.F.);
#11685=ORIENTED_EDGE('',*,*,#11684,.F.);
#11686=EDGE_LOOP('',(#11679,#11681,#11683,#11685));
#11687=FACE_BOUND('',#11686,.F.);
#11689=ORIENTED_EDGE('',*,*,#11688,.T.);
#11691=ORIENTED_EDGE('',*,*,#11690,.F.);
#11693=ORIENTED_EDGE('',*,*,#11692,.F.);
#11695=ORIENTED_EDGE('',*,*,#11694,.F.);
#11696=EDGE_LOOP('',(#11689,#11691,#11693,#11695));
#11697=FACE_BOUND('',#11696,.F.);
#11699=ORIENTED_EDGE('',*,*,#11698,.T.);
#11701=ORIENTED_EDGE('',*,*,#11700,.F.);
#11703=ORIENTED_EDGE('',*,*,#11702,.F.);
#11705=ORIENTED_EDGE('',*,*,#11704,.F.);
#11706=EDGE_LOOP('',(#11699,#11701,#11703,#11705));
#11707=FACE_BOUND('',#11706,.F.);
#11709=ORIENTED_EDGE('',*,*,#11708,.T.);
#11711=ORIENTED_EDGE('',*,*,#11710,.F.);
#11713=ORIENTED_EDGE('',*,*,#11712,.F.);
#11715=ORIENTED_EDGE('',*,*,#11714,.F.);
#11716=EDGE_LOOP('',(#11709,#11711,#11713,#11715));
#11717=FACE_BOUND('',#11716,.F.);
#11719=ORIENTED_EDGE('',*,*,#11718,.T.);
#11721=ORIENTED_EDGE('',*,*,#11720,.F.);
#11723=ORIENTED_EDGE('',*,*,#11722,.F.);
#11725=ORIENTED_EDGE('',*,*,#11724,.F.);
#11726=EDGE_LOOP('',(#11719,#11721,#11723,#11725));
#11727=FACE_BOUND('',#11726,.F.);
#11728=ADVANCED_FACE('',(#11647,#11657,#11667,#11677,#11687,#11697,#11707,
#11717,#11727),#11626,.F.);
#11729=CARTESIAN_POINT('',(1.95E0,1.2E-1,-9.9E-1));
#11730=DIRECTION('',(-1.E0,0.E0,0.E0));
#11731=DIRECTION('',(0.E0,0.E0,-1.E0));
#11732=AXIS2_PLACEMENT_3D('',#11729,#11730,#11731);
#11733=PLANE('',#11732);
#11734=ORIENTED_EDGE('',*,*,#11391,.T.);
#11736=ORIENTED_EDGE('',*,*,#11735,.F.);
#11737=ORIENTED_EDGE('',*,*,#11215,.T.);
#11739=ORIENTED_EDGE('',*,*,#11738,.F.);
#11740=ORIENTED_EDGE('',*,*,#11519,.T.);
#11741=ORIENTED_EDGE('',*,*,#11072,.T.);
#11742=EDGE_LOOP('',(#11734,#11736,#11737,#11739,#11740,#11741));
#11743=FACE_OUTER_BOUND('',#11742,.F.);
#11744=ADVANCED_FACE('',(#11743),#11733,.F.);
#11745=CARTESIAN_POINT('',(2.43E0,4.8E-1,-1.11E0));
#11746=DIRECTION('',(0.E0,0.E0,-1.E0));
#11747=DIRECTION('',(-1.E0,0.E0,0.E0));
#11748=AXIS2_PLACEMENT_3D('',#11745,#11746,#11747);
#11749=PLANE('',#11748);
#11750=ORIENTED_EDGE('',*,*,#10814,.F.);
#11751=ORIENTED_EDGE('',*,*,#10936,.T.);
#11752=ORIENTED_EDGE('',*,*,#11379,.T.);
#11753=ORIENTED_EDGE('',*,*,#11507,.F.);
#11754=EDGE_LOOP('',(#11750,#11751,#11752,#11753));
#11755=FACE_OUTER_BOUND('',#11754,.F.);
#11756=ADVANCED_FACE('',(#11755),#11749,.F.);
#11757=CARTESIAN_POINT('',(2.43E0,4.8E-1,-1.11E0));
#11758=DIRECTION('',(0.E0,0.E0,-1.E0));
#11759=DIRECTION('',(-1.E0,0.E0,0.E0));
#11760=AXIS2_PLACEMENT_3D('',#11757,#11758,#11759);
#11761=PLANE('',#11760);
#11762=ORIENTED_EDGE('',*,*,#11735,.T.);
#11763=ORIENTED_EDGE('',*,*,#11395,.T.);
#11764=ORIENTED_EDGE('',*,*,#11047,.F.);
#11765=ORIENTED_EDGE('',*,*,#11217,.F.);
#11766=EDGE_LOOP('',(#11762,#11763,#11764,#11765));
#11767=FACE_OUTER_BOUND('',#11766,.F.);
#11768=ADVANCED_FACE('',(#11767),#11761,.F.);
#11769=CARTESIAN_POINT('',(2.75E0,0.E0,-1.22E0));
#11770=DIRECTION('',(0.E0,0.E0,-1.E0));
#11771=DIRECTION('',(-1.E0,0.E0,0.E0));
#11772=AXIS2_PLACEMENT_3D('',#11769,#11770,#11771);
#11773=PLANE('',#11772);
#11774=ORIENTED_EDGE('',*,*,#11504,.F.);
#11775=ORIENTED_EDGE('',*,*,#11537,.F.);
#11777=ORIENTED_EDGE('',*,*,#11776,.T.);
#11778=ORIENTED_EDGE('',*,*,#10818,.T.);
#11779=EDGE_LOOP('',(#11774,#11775,#11777,#11778));
#11780=FACE_OUTER_BOUND('',#11779,.F.);
#11781=ADVANCED_FACE('',(#11780),#11773,.T.);
#11782=CARTESIAN_POINT('',(2.75E0,0.E0,-1.22E0));
#11783=DIRECTION('',(0.E0,0.E0,-1.E0));
#11784=DIRECTION('',(-1.E0,0.E0,0.E0));
#11785=AXIS2_PLACEMENT_3D('',#11782,#11783,#11784);
#11786=PLANE('',#11785);
#11788=ORIENTED_EDGE('',*,*,#11787,.T.);
#11789=ORIENTED_EDGE('',*,*,#10905,.F.);
#11791=ORIENTED_EDGE('',*,*,#11790,.F.);
#11792=ORIENTED_EDGE('',*,*,#11529,.F.);
#11793=EDGE_LOOP('',(#11788,#11789,#11791,#11792));
#11794=FACE_OUTER_BOUND('',#11793,.F.);
#11795=ADVANCED_FACE('',(#11794),#11786,.T.);
#11796=CARTESIAN_POINT('',(2.75E0,0.E0,-1.22E0));
#11797=DIRECTION('',(0.E0,0.E0,-1.E0));
#11798=DIRECTION('',(-1.E0,0.E0,0.E0));
#11799=AXIS2_PLACEMENT_3D('',#11796,#11797,#11798);
#11800=PLANE('',#11799);
#11802=ORIENTED_EDGE('',*,*,#11801,.F.);
#11804=ORIENTED_EDGE('',*,*,#11803,.F.);
#11805=ORIENTED_EDGE('',*,*,#11237,.F.);
#11807=ORIENTED_EDGE('',*,*,#11806,.F.);
#11808=ORIENTED_EDGE('',*,*,#11521,.F.);
#11809=ORIENTED_EDGE('',*,*,#11738,.T.);
#11810=ORIENTED_EDGE('',*,*,#11213,.F.);
#11811=ORIENTED_EDGE('',*,*,#11180,.F.);
#11812=ORIENTED_EDGE('',*,*,#11166,.F.);
#11814=ORIENTED_EDGE('',*,*,#11813,.T.);
#11815=EDGE_LOOP('',(#11802,#11804,#11805,#11807,#11808,#11809,#11810,#11811,
#11812,#11814));
#11816=FACE_OUTER_BOUND('',#11815,.F.);
#11817=ADVANCED_FACE('',(#11816),#11800,.T.);
#11818=CARTESIAN_POINT('',(2.75E0,0.E0,1.22E0));
#11819=DIRECTION('',(1.E0,0.E0,0.E0));
#11820=DIRECTION('',(0.E0,0.E0,-1.E0));
#11821=AXIS2_PLACEMENT_3D('',#11818,#11819,#11820);
#11822=PLANE('',#11821);
#11823=ORIENTED_EDGE('',*,*,#10820,.F.);
#11824=ORIENTED_EDGE('',*,*,#11776,.F.);
#11825=ORIENTED_EDGE('',*,*,#11535,.T.);
#11827=ORIENTED_EDGE('',*,*,#11826,.T.);
#11828=ORIENTED_EDGE('',*,*,#10779,.F.);
#11830=ORIENTED_EDGE('',*,*,#11829,.T.);
#11831=EDGE_LOOP('',(#11823,#11824,#11825,#11827,#11828,#11830));
#11832=FACE_OUTER_BOUND('',#11831,.F.);
#11833=ADVANCED_FACE('',(#11832),#11822,.T.);
#11834=CARTESIAN_POINT('',(2.75E0,0.E0,1.22E0));
#11835=DIRECTION('',(1.E0,0.E0,0.E0));
#11836=DIRECTION('',(0.E0,0.E0,-1.E0));
#11837=AXIS2_PLACEMENT_3D('',#11834,#11835,#11836);
#11838=PLANE('',#11837);
#11839=ORIENTED_EDGE('',*,*,#10827,.F.);
#11841=ORIENTED_EDGE('',*,*,#11840,.F.);
#11842=ORIENTED_EDGE('',*,*,#10785,.F.);
#11843=ORIENTED_EDGE('',*,*,#10765,.T.);
#11844=ORIENTED_EDGE('',*,*,#11633,.F.);
#11845=ORIENTED_EDGE('',*,*,#11308,.T.);
#11846=EDGE_LOOP('',(#11839,#11841,#11842,#11843,#11844,#11845));
#11847=FACE_OUTER_BOUND('',#11846,.F.);
#11848=ADVANCED_FACE('',(#11847),#11838,.T.);
#11849=CARTESIAN_POINT('',(2.75E0,1.2E-1,-9.E-1));
#11850=DIRECTION('',(0.E0,3.846153846154E-1,9.230769230769E-1));
#11851=DIRECTION('',(0.E0,-9.230769230769E-1,3.846153846154E-1));
#11852=AXIS2_PLACEMENT_3D('',#11849,#11850,#11851);
#11853=PLANE('',#11852);
#11854=ORIENTED_EDGE('',*,*,#10781,.F.);
#11855=ORIENTED_EDGE('',*,*,#11826,.F.);
#11856=ORIENTED_EDGE('',*,*,#11533,.T.);
#11858=ORIENTED_EDGE('',*,*,#11857,.T.);
#11860=ORIENTED_EDGE('',*,*,#11859,.T.);
#11862=ORIENTED_EDGE('',*,*,#11861,.F.);
#11863=ORIENTED_EDGE('',*,*,#10724,.T.);
#11864=ORIENTED_EDGE('',*,*,#10743,.F.);
#11865=EDGE_LOOP('',(#11854,#11855,#11856,#11858,#11860,#11862,#11863,#11864));
#11866=FACE_OUTER_BOUND('',#11865,.F.);
#11867=ADVANCED_FACE('',(#11866),#11853,.F.);
#11868=CARTESIAN_POINT('',(-2.75E0,0.E0,-1.22E0));
#11869=DIRECTION('',(-1.E0,0.E0,0.E0));
#11870=DIRECTION('',(0.E0,0.E0,1.E0));
#11871=AXIS2_PLACEMENT_3D('',#11868,#11869,#11870);
#11872=PLANE('',#11871);
#11873=ORIENTED_EDGE('',*,*,#10895,.F.);
#11874=ORIENTED_EDGE('',*,*,#11324,.F.);
#11875=ORIENTED_EDGE('',*,*,#11636,.T.);
#11876=ORIENTED_EDGE('',*,*,#10761,.F.);
#11878=ORIENTED_EDGE('',*,*,#11877,.F.);
#11880=ORIENTED_EDGE('',*,*,#11879,.T.);
#11881=EDGE_LOOP('',(#11873,#11874,#11875,#11876,#11878,#11880));
#11882=FACE_OUTER_BOUND('',#11881,.F.);
#11883=ADVANCED_FACE('',(#11882),#11872,.T.);
#11884=CARTESIAN_POINT('',(-2.75E0,0.E0,-1.22E0));
#11885=DIRECTION('',(-1.E0,0.E0,0.E0));
#11886=DIRECTION('',(0.E0,0.E0,1.E0));
#11887=AXIS2_PLACEMENT_3D('',#11884,#11885,#11886);
#11888=PLANE('',#11887);
#11889=ORIENTED_EDGE('',*,*,#10903,.F.);
#11891=ORIENTED_EDGE('',*,*,#11890,.F.);
#11893=ORIENTED_EDGE('',*,*,#11892,.F.);
#11894=ORIENTED_EDGE('',*,*,#11857,.F.);
#11895=ORIENTED_EDGE('',*,*,#11531,.F.);
#11896=ORIENTED_EDGE('',*,*,#11790,.T.);
#11897=EDGE_LOOP('',(#11889,#11891,#11893,#11894,#11895,#11896));
#11898=FACE_OUTER_BOUND('',#11897,.F.);
#11899=ADVANCED_FACE('',(#11898),#11888,.T.);
#11900=CARTESIAN_POINT('',(-2.65E0,5.E-2,1.22E0));
#11901=DIRECTION('',(0.E0,1.E0,0.E0));
#11902=DIRECTION('',(-1.E0,0.E0,0.E0));
#11903=AXIS2_PLACEMENT_3D('',#11900,#11901,#11902);
#11904=PLANE('',#11903);
#11906=ORIENTED_EDGE('',*,*,#11905,.T.);
#11908=ORIENTED_EDGE('',*,*,#11907,.F.);
#11910=ORIENTED_EDGE('',*,*,#11909,.F.);
#11911=ORIENTED_EDGE('',*,*,#11877,.T.);
#11912=ORIENTED_EDGE('',*,*,#10759,.T.);
#11914=ORIENTED_EDGE('',*,*,#11913,.T.);
#11915=ORIENTED_EDGE('',*,*,#11859,.F.);
#11916=ORIENTED_EDGE('',*,*,#11892,.T.);
#11917=EDGE_LOOP('',(#11906,#11908,#11910,#11911,#11912,#11914,#11915,#11916));
#11918=FACE_OUTER_BOUND('',#11917,.F.);
#11919=ADVANCED_FACE('',(#11918),#11904,.F.);
#11920=CARTESIAN_POINT('',(-2.71E0,4.8E-1,-4.E-1));
#11921=DIRECTION('',(0.E0,0.E0,-1.E0));
#11922=DIRECTION('',(-1.E0,0.E0,0.E0));
#11923=AXIS2_PLACEMENT_3D('',#11920,#11921,#11922);
#11924=PLANE('',#11923);
#11925=ORIENTED_EDGE('',*,*,#10901,.T.);
#11927=ORIENTED_EDGE('',*,*,#11926,.T.);
#11928=ORIENTED_EDGE('',*,*,#11905,.F.);
#11929=ORIENTED_EDGE('',*,*,#11890,.T.);
#11930=EDGE_LOOP('',(#11925,#11927,#11928,#11929));
#11931=FACE_OUTER_BOUND('',#11930,.F.);
#11932=ADVANCED_FACE('',(#11931),#11924,.F.);
#11933=CARTESIAN_POINT('',(-2.71E0,4.8E-1,4.E-1));
#11934=DIRECTION('',(1.E0,0.E0,0.E0));
#11935=DIRECTION('',(0.E0,0.E0,-1.E0));
#11936=AXIS2_PLACEMENT_3D('',#11933,#11934,#11935);
#11937=PLANE('',#11936);
#11938=ORIENTED_EDGE('',*,*,#10899,.F.);
#11940=ORIENTED_EDGE('',*,*,#11939,.T.);
#11941=ORIENTED_EDGE('',*,*,#11907,.T.);
#11942=ORIENTED_EDGE('',*,*,#11926,.F.);
#11943=EDGE_LOOP('',(#11938,#11940,#11941,#11942));
#11944=FACE_OUTER_BOUND('',#11943,.F.);
#11945=ADVANCED_FACE('',(#11944),#11937,.F.);
#11946=CARTESIAN_POINT('',(-2.75E0,4.8E-1,4.E-1));
#11947=DIRECTION('',(0.E0,0.E0,1.E0));
#11948=DIRECTION('',(1.E0,0.E0,0.E0));
#11949=AXIS2_PLACEMENT_3D('',#11946,#11947,#11948);
#11950=PLANE('',#11949);
#11951=ORIENTED_EDGE('',*,*,#10897,.F.);
#11952=ORIENTED_EDGE('',*,*,#11879,.F.);
#11953=ORIENTED_EDGE('',*,*,#11909,.T.);
#11954=ORIENTED_EDGE('',*,*,#11939,.F.);
#11955=EDGE_LOOP('',(#11951,#11952,#11953,#11954));
#11956=FACE_OUTER_BOUND('',#11955,.F.);
#11957=ADVANCED_FACE('',(#11956),#11950,.F.);
#11958=CARTESIAN_POINT('',(-2.6E0,0.E0,1.22E0));
#11959=DIRECTION('',(7.071067811865E-1,7.071067811865E-1,0.E0));
#11960=DIRECTION('',(-7.071067811865E-1,7.071067811865E-1,0.E0));
#11961=AXIS2_PLACEMENT_3D('',#11958,#11959,#11960);
#11962=PLANE('',#11961);
#11963=ORIENTED_EDGE('',*,*,#10726,.T.);
#11964=ORIENTED_EDGE('',*,*,#11861,.T.);
#11965=ORIENTED_EDGE('',*,*,#11913,.F.);
#11966=ORIENTED_EDGE('',*,*,#10757,.F.);
#11967=EDGE_LOOP('',(#11963,#11964,#11965,#11966));
#11968=FACE_OUTER_BOUND('',#11967,.F.);
#11969=ADVANCED_FACE('',(#11968),#11962,.F.);
#11970=CARTESIAN_POINT('',(2.75E0,4.8E-1,-4.E-1));
#11971=DIRECTION('',(0.E0,0.E0,-1.E0));
#11972=DIRECTION('',(-1.E0,0.E0,0.E0));
#11973=AXIS2_PLACEMENT_3D('',#11970,#11971,#11972);
#11974=PLANE('',#11973);
#11975=ORIENTED_EDGE('',*,*,#10822,.F.);
#11976=ORIENTED_EDGE('',*,*,#11829,.F.);
#11977=ORIENTED_EDGE('',*,*,#10777,.T.);
#11978=ORIENTED_EDGE('',*,*,#10799,.F.);
#11979=EDGE_LOOP('',(#11975,#11976,#11977,#11978));
#11980=FACE_OUTER_BOUND('',#11979,.F.);
#11981=ADVANCED_FACE('',(#11980),#11974,.F.);
#11982=CARTESIAN_POINT('',(2.71E0,4.8E-1,4.E-1));
#11983=DIRECTION('',(0.E0,0.E0,1.E0));
#11984=DIRECTION('',(1.E0,0.E0,0.E0));
#11985=AXIS2_PLACEMENT_3D('',#11982,#11983,#11984);
#11986=PLANE('',#11985);
#11987=ORIENTED_EDGE('',*,*,#10825,.T.);
#11988=ORIENTED_EDGE('',*,*,#10802,.T.);
#11989=ORIENTED_EDGE('',*,*,#10787,.F.);
#11990=ORIENTED_EDGE('',*,*,#11840,.T.);
#11991=EDGE_LOOP('',(#11987,#11988,#11989,#11990));
#11992=FACE_OUTER_BOUND('',#11991,.F.);
#11993=ADVANCED_FACE('',(#11992),#11986,.F.);
#11994=CARTESIAN_POINT('',(-2.38E0,1.2E-1,-9.9E-1));
#11995=DIRECTION('',(-1.E0,0.E0,0.E0));
#11996=DIRECTION('',(0.E0,0.E0,-1.E0));
#11997=AXIS2_PLACEMENT_3D('',#11994,#11995,#11996);
#11998=PLANE('',#11997);
#11999=ORIENTED_EDGE('',*,*,#11421,.T.);
#12001=ORIENTED_EDGE('',*,*,#12000,.F.);
#12002=ORIENTED_EDGE('',*,*,#10907,.F.);
#12003=ORIENTED_EDGE('',*,*,#11787,.F.);
#12004=ORIENTED_EDGE('',*,*,#11527,.T.);
#12006=ORIENTED_EDGE('',*,*,#12005,.T.);
#12007=EDGE_LOOP('',(#11999,#12001,#12002,#12003,#12004,#12006));
#12008=FACE_OUTER_BOUND('',#12007,.F.);
#12009=ADVANCED_FACE('',(#12008),#11998,.F.);
#12010=CARTESIAN_POINT('',(-1.85E0,4.8E-1,-1.11E0));
#12011=DIRECTION('',(0.E0,0.E0,-1.E0));
#12012=DIRECTION('',(-1.E0,0.E0,0.E0));
#12013=AXIS2_PLACEMENT_3D('',#12010,#12011,#12012);
#12014=PLANE('',#12013);
#12015=ORIENTED_EDGE('',*,*,#10909,.F.);
#12016=ORIENTED_EDGE('',*,*,#12000,.T.);
#12017=ORIENTED_EDGE('',*,*,#11427,.T.);
#12019=ORIENTED_EDGE('',*,*,#12018,.F.);
#12020=EDGE_LOOP('',(#12015,#12016,#12017,#12019));
#12021=FACE_OUTER_BOUND('',#12020,.F.);
#12022=ADVANCED_FACE('',(#12021),#12014,.F.);
#12023=CARTESIAN_POINT('',(-1.85E0,4.8E-1,-1.11E0));
#12024=DIRECTION('',(0.E0,0.E0,-1.E0));
#12025=DIRECTION('',(-1.E0,0.E0,0.E0));
#12026=AXIS2_PLACEMENT_3D('',#12023,#12024,#12025);
#12027=PLANE('',#12026);
#12029=ORIENTED_EDGE('',*,*,#12028,.F.);
#12030=ORIENTED_EDGE('',*,*,#11233,.T.);
#12032=ORIENTED_EDGE('',*,*,#12031,.T.);
#12033=ORIENTED_EDGE('',*,*,#11407,.T.);
#12034=EDGE_LOOP('',(#12029,#12030,#12032,#12033));
#12035=FACE_OUTER_BOUND('',#12034,.F.);
#12036=ADVANCED_FACE('',(#12035),#12027,.F.);
#12037=CARTESIAN_POINT('',(-2.43E0,4.8E-1,-1.11E0));
#12038=DIRECTION('',(-1.E0,0.E0,0.E0));
#12039=DIRECTION('',(0.E0,0.E0,1.E0));
#12040=AXIS2_PLACEMENT_3D('',#12037,#12038,#12039);
#12041=PLANE('',#12040);
#12043=ORIENTED_EDGE('',*,*,#12042,.T.);
#12044=ORIENTED_EDGE('',*,*,#10911,.T.);
#12045=ORIENTED_EDGE('',*,*,#12018,.T.);
#12046=ORIENTED_EDGE('',*,*,#11425,.T.);
#12048=ORIENTED_EDGE('',*,*,#12047,.F.);
#12050=ORIENTED_EDGE('',*,*,#12049,.F.);
#12051=ORIENTED_EDGE('',*,*,#10867,.T.);
#12053=ORIENTED_EDGE('',*,*,#12052,.F.);
#12055=ORIENTED_EDGE('',*,*,#12054,.T.);
#12056=EDGE_LOOP('',(#12043,#12044,#12045,#12046,#12048,#12050,#12051,#12053,
#12055));
#12057=FACE_OUTER_BOUND('',#12056,.F.);
#12058=ADVANCED_FACE('',(#12057),#12041,.F.);
#12059=CARTESIAN_POINT('',(-2.7E0,6.E-1,-1.1E0));
#12060=DIRECTION('',(0.E0,0.E0,1.E0));
#12061=DIRECTION('',(1.E0,0.E0,0.E0));
#12062=AXIS2_PLACEMENT_3D('',#12059,#12060,#12061);
#12063=PLANE('',#12062);
#12065=ORIENTED_EDGE('',*,*,#12064,.T.);
#12067=ORIENTED_EDGE('',*,*,#12066,.T.);
#12069=ORIENTED_EDGE('',*,*,#12068,.F.);
#12071=ORIENTED_EDGE('',*,*,#12070,.T.);
#12073=ORIENTED_EDGE('',*,*,#12072,.T.);
#12075=ORIENTED_EDGE('',*,*,#12074,.T.);
#12077=ORIENTED_EDGE('',*,*,#12076,.F.);
#12079=ORIENTED_EDGE('',*,*,#12078,.F.);
#12081=ORIENTED_EDGE('',*,*,#12080,.T.);
#12083=ORIENTED_EDGE('',*,*,#12082,.T.);
#12085=ORIENTED_EDGE('',*,*,#12084,.T.);
#12086=ORIENTED_EDGE('',*,*,#12042,.F.);
#12088=ORIENTED_EDGE('',*,*,#12087,.T.);
#12089=EDGE_LOOP('',(#12065,#12067,#12069,#12071,#12073,#12075,#12077,#12079,
#12081,#12083,#12085,#12086,#12088));
#12090=FACE_OUTER_BOUND('',#12089,.F.);
#12091=ADVANCED_FACE('',(#12090),#12063,.F.);
#12092=CARTESIAN_POINT('',(-2.295E0,1.4E-1,1.1E0));
#12093=DIRECTION('',(1.E0,0.E0,0.E0));
#12094=DIRECTION('',(0.E0,1.E0,0.E0));
#12095=AXIS2_PLACEMENT_3D('',#12092,#12093,#12094);
#12096=PLANE('',#12095);
#12097=ORIENTED_EDGE('',*,*,#12064,.F.);
#12099=ORIENTED_EDGE('',*,*,#12098,.T.);
#12101=ORIENTED_EDGE('',*,*,#12100,.F.);
#12103=ORIENTED_EDGE('',*,*,#12102,.T.);
#12105=ORIENTED_EDGE('',*,*,#12104,.T.);
#12107=ORIENTED_EDGE('',*,*,#12106,.T.);
#12109=ORIENTED_EDGE('',*,*,#12108,.T.);
#12111=ORIENTED_EDGE('',*,*,#12110,.T.);
#12112=EDGE_LOOP('',(#12097,#12099,#12101,#12103,#12105,#12107,#12109,#12111));
#12113=FACE_OUTER_BOUND('',#12112,.F.);
#12114=ADVANCED_FACE('',(#12113),#12096,.F.);
#12115=CARTESIAN_POINT('',(-2.295E0,1.4E-1,1.1E0));
#12116=DIRECTION('',(1.E0,0.E0,0.E0));
#12117=DIRECTION('',(0.E0,1.E0,0.E0));
#12118=AXIS2_PLACEMENT_3D('',#12115,#12116,#12117);
#12119=PLANE('',#12118);
#12121=ORIENTED_EDGE('',*,*,#12120,.F.);
#12123=ORIENTED_EDGE('',*,*,#12122,.T.);
#12125=ORIENTED_EDGE('',*,*,#12124,.T.);
#12127=ORIENTED_EDGE('',*,*,#12126,.T.);
#12129=ORIENTED_EDGE('',*,*,#12128,.T.);
#12131=ORIENTED_EDGE('',*,*,#12130,.T.);
#12133=ORIENTED_EDGE('',*,*,#12132,.F.);
#12135=ORIENTED_EDGE('',*,*,#12134,.F.);
#12136=EDGE_LOOP('',(#12121,#12123,#12125,#12127,#12129,#12131,#12133,#12135));
#12137=FACE_OUTER_BOUND('',#12136,.F.);
#12138=ADVANCED_FACE('',(#12137),#12119,.F.);
#12139=CARTESIAN_POINT('',(-2.43E0,2.4E-1,-1.1E0));
#12140=DIRECTION('',(0.E0,1.E0,0.E0));
#12141=DIRECTION('',(1.E0,0.E0,0.E0));
#12142=AXIS2_PLACEMENT_3D('',#12139,#12140,#12141);
#12143=PLANE('',#12142);
#12144=ORIENTED_EDGE('',*,*,#12087,.F.);
#12145=ORIENTED_EDGE('',*,*,#12054,.F.);
#12147=ORIENTED_EDGE('',*,*,#12146,.T.);
#12148=ORIENTED_EDGE('',*,*,#12098,.F.);
#12149=EDGE_LOOP('',(#12144,#12145,#12147,#12148));
#12150=FACE_OUTER_BOUND('',#12149,.F.);
#12151=ADVANCED_FACE('',(#12150),#12143,.F.);
#12152=CARTESIAN_POINT('',(0.E0,6.E-1,-1.E0));
#12153=DIRECTION('',(0.E0,0.E0,1.E0));
#12154=DIRECTION('',(1.E0,0.E0,0.E0));
#12155=AXIS2_PLACEMENT_3D('',#12152,#12153,#12154);
#12156=PLANE('',#12155);
#12158=ORIENTED_EDGE('',*,*,#12157,.F.);
#12160=ORIENTED_EDGE('',*,*,#12159,.F.);
#12161=ORIENTED_EDGE('',*,*,#12100,.T.);
#12162=ORIENTED_EDGE('',*,*,#12146,.F.);
#12163=ORIENTED_EDGE('',*,*,#12052,.T.);
#12165=ORIENTED_EDGE('',*,*,#12164,.F.);
#12167=ORIENTED_EDGE('',*,*,#12166,.F.);
#12169=ORIENTED_EDGE('',*,*,#12168,.F.);
#12171=ORIENTED_EDGE('',*,*,#12170,.F.);
#12173=ORIENTED_EDGE('',*,*,#12172,.F.);
#12175=ORIENTED_EDGE('',*,*,#12174,.F.);
#12176=EDGE_LOOP('',(#12158,#12160,#12161,#12162,#12163,#12165,#12167,#12169,
#12171,#12173,#12175));
#12177=FACE_OUTER_BOUND('',#12176,.F.);
#12178=ADVANCED_FACE('',(#12177),#12156,.T.);
#12179=CARTESIAN_POINT('',(-1.995E0,2.4E-1,1.1E0));
#12180=DIRECTION('',(-1.E0,0.E0,0.E0));
#12181=DIRECTION('',(0.E0,-1.E0,0.E0));
#12182=AXIS2_PLACEMENT_3D('',#12179,#12180,#12181);
#12183=PLANE('',#12182);
#12184=ORIENTED_EDGE('',*,*,#12157,.T.);
#12186=ORIENTED_EDGE('',*,*,#12185,.F.);
#12187=ORIENTED_EDGE('',*,*,#12068,.T.);
#12189=ORIENTED_EDGE('',*,*,#12188,.F.);
#12191=ORIENTED_EDGE('',*,*,#12190,.F.);
#12193=ORIENTED_EDGE('',*,*,#12192,.F.);
#12195=ORIENTED_EDGE('',*,*,#12194,.F.);
#12197=ORIENTED_EDGE('',*,*,#12196,.F.);
#12198=EDGE_LOOP('',(#12184,#12186,#12187,#12189,#12191,#12193,#12195,#12197));
#12199=FACE_OUTER_BOUND('',#12198,.F.);
#12200=ADVANCED_FACE('',(#12199),#12183,.F.);
#12201=CARTESIAN_POINT('',(-1.995E0,2.4E-1,1.1E0));
#12202=DIRECTION('',(-1.E0,0.E0,0.E0));
#12203=DIRECTION('',(0.E0,-1.E0,0.E0));
#12204=AXIS2_PLACEMENT_3D('',#12201,#12202,#12203);
#12205=PLANE('',#12204);
#12207=ORIENTED_EDGE('',*,*,#12206,.T.);
#12209=ORIENTED_EDGE('',*,*,#12208,.F.);
#12211=ORIENTED_EDGE('',*,*,#12210,.F.);
#12213=ORIENTED_EDGE('',*,*,#12212,.F.);
#12215=ORIENTED_EDGE('',*,*,#12214,.F.);
#12217=ORIENTED_EDGE('',*,*,#12216,.F.);
#12219=ORIENTED_EDGE('',*,*,#12218,.T.);
#12221=ORIENTED_EDGE('',*,*,#12220,.T.);
#12222=EDGE_LOOP('',(#12207,#12209,#12211,#12213,#12215,#12217,#12219,#12221));
#12223=FACE_OUTER_BOUND('',#12222,.F.);
#12224=ADVANCED_FACE('',(#12223),#12205,.F.);
#12225=CARTESIAN_POINT('',(-1.995E0,2.4E-1,-1.1E0));
#12226=DIRECTION('',(0.E0,1.E0,0.E0));
#12227=DIRECTION('',(1.E0,0.E0,0.E0));
#12228=AXIS2_PLACEMENT_3D('',#12225,#12226,#12227);
#12229=PLANE('',#12228);
#12230=ORIENTED_EDGE('',*,*,#12070,.F.);
#12231=ORIENTED_EDGE('',*,*,#12185,.T.);
#12232=ORIENTED_EDGE('',*,*,#12174,.T.);
#12234=ORIENTED_EDGE('',*,*,#12233,.T.);
#12235=EDGE_LOOP('',(#12230,#12231,#12232,#12234));
#12236=FACE_OUTER_BOUND('',#12235,.F.);
#12237=ADVANCED_FACE('',(#12236),#12229,.F.);
#12238=CARTESIAN_POINT('',(-1.85E0,4.8E-1,-9.9E-1));
#12239=DIRECTION('',(1.E0,0.E0,0.E0));
#12240=DIRECTION('',(0.E0,0.E0,-1.E0));
#12241=AXIS2_PLACEMENT_3D('',#12238,#12239,#12240);
#12242=PLANE('',#12241);
#12243=ORIENTED_EDGE('',*,*,#11231,.T.);
#12245=ORIENTED_EDGE('',*,*,#12244,.F.);
#12247=ORIENTED_EDGE('',*,*,#12246,.T.);
#12248=ORIENTED_EDGE('',*,*,#11409,.T.);
#12249=ORIENTED_EDGE('',*,*,#12031,.F.);
#12250=EDGE_LOOP('',(#12243,#12245,#12247,#12248,#12249));
#12251=FACE_OUTER_BOUND('',#12250,.F.);
#12252=ORIENTED_EDGE('',*,*,#12072,.F.);
#12253=ORIENTED_EDGE('',*,*,#12233,.F.);
#12254=ORIENTED_EDGE('',*,*,#12172,.T.);
#12256=ORIENTED_EDGE('',*,*,#12255,.T.);
#12257=EDGE_LOOP('',(#12252,#12253,#12254,#12256));
#12258=FACE_BOUND('',#12257,.F.);
#12259=ADVANCED_FACE('',(#12251,#12258),#12242,.F.);
#12260=CARTESIAN_POINT('',(-1.9675E0,4.65E-1,-9.56E-1));
#12261=DIRECTION('',(0.E0,3.713906763541E-1,-9.284766908853E-1));
#12262=DIRECTION('',(0.E0,9.284766908853E-1,3.713906763541E-1));
#12263=AXIS2_PLACEMENT_3D('',#12260,#12261,#12262);
#12264=PLANE('',#12263);
#12266=ORIENTED_EDGE('',*,*,#12265,.T.);
#12267=ORIENTED_EDGE('',*,*,#10869,.F.);
#12268=ORIENTED_EDGE('',*,*,#12049,.T.);
#12270=ORIENTED_EDGE('',*,*,#12269,.T.);
#12271=ORIENTED_EDGE('',*,*,#12244,.T.);
#12272=ORIENTED_EDGE('',*,*,#11229,.T.);
#12274=ORIENTED_EDGE('',*,*,#12273,.T.);
#12276=ORIENTED_EDGE('',*,*,#12275,.F.);
#12277=EDGE_LOOP('',(#12266,#12267,#12268,#12270,#12271,#12272,#12274,#12276));
#12278=FACE_OUTER_BOUND('',#12277,.F.);
#12279=ADVANCED_FACE('',(#12278),#12264,.T.);
#12280=CARTESIAN_POINT('',(-2.155E0,4.8E-1,-1.22E0));
#12281=DIRECTION('',(-7.071067811866E-1,7.071067811865E-1,0.E0));
#12282=DIRECTION('',(7.071067811865E-1,7.071067811866E-1,0.E0));
#12283=AXIS2_PLACEMENT_3D('',#12280,#12281,#12282);
#12284=PLANE('',#12283);
#12285=ORIENTED_EDGE('',*,*,#12265,.F.);
#12287=ORIENTED_EDGE('',*,*,#12286,.T.);
#12289=ORIENTED_EDGE('',*,*,#12288,.F.);
#12290=ORIENTED_EDGE('',*,*,#10871,.F.);
#12291=EDGE_LOOP('',(#12285,#12287,#12289,#12290));
#12292=FACE_OUTER_BOUND('',#12291,.F.);
#12293=ADVANCED_FACE('',(#12292),#12284,.T.);
#12294=CARTESIAN_POINT('',(-2.085E0,5.5E-1,-1.22E0));
#12295=DIRECTION('',(0.E0,1.E0,0.E0));
#12296=DIRECTION('',(1.E0,0.E0,0.E0));
#12297=AXIS2_PLACEMENT_3D('',#12294,#12295,#12296);
#12298=PLANE('',#12297);
#12299=ORIENTED_EDGE('',*,*,#12275,.T.);
#12301=ORIENTED_EDGE('',*,*,#12300,.T.);
#12303=ORIENTED_EDGE('',*,*,#12302,.T.);
#12304=ORIENTED_EDGE('',*,*,#12286,.F.);
#12305=EDGE_LOOP('',(#12299,#12301,#12303,#12304));
#12306=FACE_OUTER_BOUND('',#12305,.F.);
#12307=ADVANCED_FACE('',(#12306),#12298,.T.);
#12308=CARTESIAN_POINT('',(-1.655E0,6.4E-1,-7.6E-1));
#12309=DIRECTION('',(1.E0,0.E0,0.E0));
#12310=DIRECTION('',(0.E0,0.E0,-1.E0));
#12311=AXIS2_PLACEMENT_3D('',#12308,#12309,#12310);
#12312=PLANE('',#12311);
#12314=ORIENTED_EDGE('',*,*,#12313,.F.);
#12315=ORIENTED_EDGE('',*,*,#11801,.T.);
#12317=ORIENTED_EDGE('',*,*,#12316,.T.);
#12319=ORIENTED_EDGE('',*,*,#12318,.F.);
#12321=ORIENTED_EDGE('',*,*,#12320,.T.);
#12323=ORIENTED_EDGE('',*,*,#12322,.T.);
#12325=ORIENTED_EDGE('',*,*,#12324,.F.);
#12326=ORIENTED_EDGE('',*,*,#12300,.F.);
#12327=EDGE_LOOP('',(#12314,#12315,#12317,#12319,#12321,#12323,#12325,#12326));
#12328=FACE_OUTER_BOUND('',#12327,.F.);
#12329=ADVANCED_FACE('',(#12328),#12312,.F.);
#12330=CARTESIAN_POINT('',(-1.69E0,5.15E-1,-1.105E0));
#12331=DIRECTION('',(-7.071067811865E-1,7.071067811865E-1,0.E0));
#12332=DIRECTION('',(0.E0,0.E0,-1.E0));
#12333=AXIS2_PLACEMENT_3D('',#12330,#12331,#12332);
#12334=PLANE('',#12333);
#12335=ORIENTED_EDGE('',*,*,#12313,.T.);
#12336=ORIENTED_EDGE('',*,*,#12273,.F.);
#12337=ORIENTED_EDGE('',*,*,#11227,.T.);
#12338=ORIENTED_EDGE('',*,*,#11803,.T.);
#12339=EDGE_LOOP('',(#12335,#12336,#12337,#12338));
#12340=FACE_OUTER_BOUND('',#12339,.F.);
#12341=ADVANCED_FACE('',(#12340),#12334,.T.);
#12342=CARTESIAN_POINT('',(0.E0,6.4E-1,0.E0));
#12343=DIRECTION('',(0.E0,1.E0,0.E0));
#12344=DIRECTION('',(1.E0,0.E0,0.E0));
#12345=AXIS2_PLACEMENT_3D('',#12342,#12343,#12344);
#12346=PLANE('',#12345);
#12348=ORIENTED_EDGE('',*,*,#12347,.F.);
#12349=ORIENTED_EDGE('',*,*,#11285,.F.);
#12350=ORIENTED_EDGE('',*,*,#11340,.F.);
#12352=ORIENTED_EDGE('',*,*,#12351,.F.);
#12353=EDGE_LOOP('',(#12348,#12349,#12350,#12352));
#12354=FACE_OUTER_BOUND('',#12353,.F.);
#12355=ADVANCED_FACE('',(#12354),#12346,.T.);
#12356=CARTESIAN_POINT('',(0.E0,6.4E-1,0.E0));
#12357=DIRECTION('',(0.E0,1.E0,0.E0));
#12358=DIRECTION('',(1.E0,0.E0,0.E0));
#12359=AXIS2_PLACEMENT_3D('',#12356,#12357,#12358);
#12360=PLANE('',#12359);
#12361=ORIENTED_EDGE('',*,*,#11164,.F.);
#12363=ORIENTED_EDGE('',*,*,#12362,.F.);
#12364=ORIENTED_EDGE('',*,*,#12316,.F.);
#12365=ORIENTED_EDGE('',*,*,#11813,.F.);
#12366=EDGE_LOOP('',(#12361,#12363,#12364,#12365));
#12367=FACE_OUTER_BOUND('',#12366,.F.);
#12368=ADVANCED_FACE('',(#12367),#12360,.T.);
#12369=CARTESIAN_POINT('',(0.E0,6.4E-1,0.E0));
#12370=DIRECTION('',(0.E0,1.E0,0.E0));
#12371=DIRECTION('',(1.E0,0.E0,0.E0));
#12372=AXIS2_PLACEMENT_3D('',#12369,#12370,#12371);
#12373=PLANE('',#12372);
#12375=ORIENTED_EDGE('',*,*,#12374,.F.);
#12377=ORIENTED_EDGE('',*,*,#12376,.F.);
#12379=ORIENTED_EDGE('',*,*,#12378,.F.);
#12381=ORIENTED_EDGE('',*,*,#12380,.F.);
#12382=EDGE_LOOP('',(#12375,#12377,#12379,#12381));
#12383=FACE_OUTER_BOUND('',#12382,.F.);
#12384=ADVANCED_FACE('',(#12383),#12373,.T.);
#12385=CARTESIAN_POINT('',(0.E0,6.15E-1,7.85E-1));
#12386=DIRECTION('',(0.E0,7.071067811865E-1,-7.071067811865E-1));
#12387=DIRECTION('',(-1.E0,0.E0,0.E0));
#12388=AXIS2_PLACEMENT_3D('',#12385,#12386,#12387);
#12389=PLANE('',#12388);
#12391=ORIENTED_EDGE('',*,*,#12390,.T.);
#12393=ORIENTED_EDGE('',*,*,#12392,.F.);
#12394=ORIENTED_EDGE('',*,*,#11287,.T.);
#12395=ORIENTED_EDGE('',*,*,#12347,.T.);
#12396=EDGE_LOOP('',(#12391,#12393,#12394,#12395));
#12397=FACE_OUTER_BOUND('',#12396,.F.);
#12398=ADVANCED_FACE('',(#12397),#12389,.T.);
#12399=CARTESIAN_POINT('',(-1.655E0,6.4E-1,8.35E-1));
#12400=DIRECTION('',(1.E0,0.E0,0.E0));
#12401=DIRECTION('',(0.E0,0.E0,-1.E0));
#12402=AXIS2_PLACEMENT_3D('',#12399,#12400,#12401);
#12403=PLANE('',#12402);
#12405=ORIENTED_EDGE('',*,*,#12404,.F.);
#12407=ORIENTED_EDGE('',*,*,#12406,.T.);
#12409=ORIENTED_EDGE('',*,*,#12408,.T.);
#12411=ORIENTED_EDGE('',*,*,#12410,.T.);
#12413=ORIENTED_EDGE('',*,*,#12412,.F.);
#12414=ORIENTED_EDGE('',*,*,#12390,.F.);
#12415=ORIENTED_EDGE('',*,*,#12351,.T.);
#12416=ORIENTED_EDGE('',*,*,#11338,.T.);
#12417=EDGE_LOOP('',(#12405,#12407,#12409,#12411,#12413,#12414,#12415,#12416));
#12418=FACE_OUTER_BOUND('',#12417,.F.);
#12419=ADVANCED_FACE('',(#12418),#12403,.F.);
#12420=CARTESIAN_POINT('',(-1.69E0,5.15E-1,1.105E0));
#12421=DIRECTION('',(-7.071067811865E-1,7.071067811865E-1,0.E0));
#12422=DIRECTION('',(0.E0,0.E0,-1.E0));
#12423=AXIS2_PLACEMENT_3D('',#12420,#12421,#12422);
#12424=PLANE('',#12423);
#12425=ORIENTED_EDGE('',*,*,#11251,.T.);
#12427=ORIENTED_EDGE('',*,*,#12426,.F.);
#12428=ORIENTED_EDGE('',*,*,#12404,.T.);
#12429=ORIENTED_EDGE('',*,*,#11336,.T.);
#12430=EDGE_LOOP('',(#12425,#12427,#12428,#12429));
#12431=FACE_OUTER_BOUND('',#12430,.F.);
#12432=ADVANCED_FACE('',(#12431),#12424,.T.);
#12433=CARTESIAN_POINT('',(-1.9675E0,4.65E-1,9.56E-1));
#12434=DIRECTION('',(0.E0,3.713906763541E-1,9.284766908853E-1));
#12435=DIRECTION('',(0.E0,9.284766908853E-1,-3.713906763541E-1));
#12436=AXIS2_PLACEMENT_3D('',#12433,#12434,#12435);
#12437=PLANE('',#12436);
#12439=ORIENTED_EDGE('',*,*,#12438,.T.);
#12441=ORIENTED_EDGE('',*,*,#12440,.T.);
#12442=ORIENTED_EDGE('',*,*,#10881,.F.);
#12444=ORIENTED_EDGE('',*,*,#12443,.T.);
#12446=ORIENTED_EDGE('',*,*,#12445,.F.);
#12447=ORIENTED_EDGE('',*,*,#12426,.T.);
#12448=ORIENTED_EDGE('',*,*,#11249,.T.);
#12450=ORIENTED_EDGE('',*,*,#12449,.T.);
#12451=EDGE_LOOP('',(#12439,#12441,#12442,#12444,#12446,#12447,#12448,#12450));
#12452=FACE_OUTER_BOUND('',#12451,.F.);
#12453=ADVANCED_FACE('',(#12452),#12437,.T.);
#12454=CARTESIAN_POINT('',(-2.38E0,1.2E-1,9.9E-1));
#12455=DIRECTION('',(0.E0,0.E0,-1.E0));
#12456=DIRECTION('',(1.E0,0.E0,0.E0));
#12457=AXIS2_PLACEMENT_3D('',#12454,#12455,#12456);
#12458=PLANE('',#12457);
#12459=ORIENTED_EDGE('',*,*,#12438,.F.);
#12461=ORIENTED_EDGE('',*,*,#12460,.T.);
#12462=ORIENTED_EDGE('',*,*,#11486,.T.);
#12464=ORIENTED_EDGE('',*,*,#12463,.F.);
#12465=ORIENTED_EDGE('',*,*,#11641,.F.);
#12467=ORIENTED_EDGE('',*,*,#12466,.T.);
#12468=ORIENTED_EDGE('',*,*,#11474,.T.);
#12470=ORIENTED_EDGE('',*,*,#12469,.F.);
#12471=EDGE_LOOP('',(#12459,#12461,#12462,#12464,#12465,#12467,#12468,#12470));
#12472=FACE_OUTER_BOUND('',#12471,.F.);
#12473=ADVANCED_FACE('',(#12472),#12458,.F.);
#12474=CARTESIAN_POINT('',(-1.85E0,4.8E-1,1.11E0));
#12475=DIRECTION('',(1.E0,0.E0,0.E0));
#12476=DIRECTION('',(0.E0,0.E0,-1.E0));
#12477=AXIS2_PLACEMENT_3D('',#12474,#12475,#12476);
#12478=PLANE('',#12477);
#12479=ORIENTED_EDGE('',*,*,#12460,.F.);
#12480=ORIENTED_EDGE('',*,*,#12449,.F.);
#12481=ORIENTED_EDGE('',*,*,#11247,.T.);
#12483=ORIENTED_EDGE('',*,*,#12482,.T.);
#12484=ORIENTED_EDGE('',*,*,#11488,.T.);
#12485=EDGE_LOOP('',(#12479,#12480,#12481,#12483,#12484));
#12486=FACE_OUTER_BOUND('',#12485,.F.);
#12488=ORIENTED_EDGE('',*,*,#12487,.T.);
#12490=ORIENTED_EDGE('',*,*,#12489,.F.);
#12492=ORIENTED_EDGE('',*,*,#12491,.F.);
#12494=ORIENTED_EDGE('',*,*,#12493,.T.);
#12495=EDGE_LOOP('',(#12488,#12490,#12492,#12494));
#12496=FACE_BOUND('',#12495,.F.);
#12497=ADVANCED_FACE('',(#12486,#12496),#12478,.F.);
#12498=CARTESIAN_POINT('',(-2.43E0,4.8E-1,1.11E0));
#12499=DIRECTION('',(0.E0,0.E0,1.E0));
#12500=DIRECTION('',(1.E0,0.E0,0.E0));
#12501=AXIS2_PLACEMENT_3D('',#12498,#12499,#12500);
#12502=PLANE('',#12501);
#12503=ORIENTED_EDGE('',*,*,#10889,.F.);
#12505=ORIENTED_EDGE('',*,*,#12504,.T.);
#12506=ORIENTED_EDGE('',*,*,#11470,.T.);
#12508=ORIENTED_EDGE('',*,*,#12507,.F.);
#12509=EDGE_LOOP('',(#12503,#12505,#12506,#12508));
#12510=FACE_OUTER_BOUND('',#12509,.F.);
#12511=ADVANCED_FACE('',(#12510),#12502,.F.);
#12512=CARTESIAN_POINT('',(-2.43E0,4.8E-1,1.11E0));
#12513=DIRECTION('',(0.E0,0.E0,1.E0));
#12514=DIRECTION('',(1.E0,0.E0,0.E0));
#12515=AXIS2_PLACEMENT_3D('',#12512,#12513,#12514);
#12516=PLANE('',#12515);
#12518=ORIENTED_EDGE('',*,*,#12517,.T.);
#12519=ORIENTED_EDGE('',*,*,#11490,.T.);
#12520=ORIENTED_EDGE('',*,*,#12482,.F.);
#12521=ORIENTED_EDGE('',*,*,#11257,.F.);
#12522=EDGE_LOOP('',(#12518,#12519,#12520,#12521));
#12523=FACE_OUTER_BOUND('',#12522,.F.);
#12524=ADVANCED_FACE('',(#12523),#12516,.F.);
#12525=CARTESIAN_POINT('',(-2.43E0,4.8E-1,9.9E-1));
#12526=DIRECTION('',(-1.E0,0.E0,0.E0));
#12527=DIRECTION('',(0.E0,0.E0,1.E0));
#12528=AXIS2_PLACEMENT_3D('',#12525,#12526,#12527);
#12529=PLANE('',#12528);
#12531=ORIENTED_EDGE('',*,*,#12530,.F.);
#12533=ORIENTED_EDGE('',*,*,#12532,.F.);
#12535=ORIENTED_EDGE('',*,*,#12534,.T.);
#12536=ORIENTED_EDGE('',*,*,#10883,.T.);
#12537=ORIENTED_EDGE('',*,*,#12440,.F.);
#12538=ORIENTED_EDGE('',*,*,#12469,.T.);
#12539=ORIENTED_EDGE('',*,*,#11472,.T.);
#12540=ORIENTED_EDGE('',*,*,#12504,.F.);
#12541=ORIENTED_EDGE('',*,*,#10887,.T.);
#12542=EDGE_LOOP('',(#12531,#12533,#12535,#12536,#12537,#12538,#12539,#12540,
#12541));
#12543=FACE_OUTER_BOUND('',#12542,.F.);
#12544=ADVANCED_FACE('',(#12543),#12529,.F.);
#12545=CARTESIAN_POINT('',(-2.12E0,6.E-1,1.1E0));
#12546=DIRECTION('',(0.E0,0.E0,-1.E0));
#12547=DIRECTION('',(-1.E0,0.E0,0.E0));
#12548=AXIS2_PLACEMENT_3D('',#12545,#12546,#12547);
#12549=PLANE('',#12548);
#12550=ORIENTED_EDGE('',*,*,#12218,.F.);
#12552=ORIENTED_EDGE('',*,*,#12551,.F.);
#12553=ORIENTED_EDGE('',*,*,#12120,.T.);
#12555=ORIENTED_EDGE('',*,*,#12554,.T.);
#12556=ORIENTED_EDGE('',*,*,#12530,.T.);
#12558=ORIENTED_EDGE('',*,*,#12557,.T.);
#12560=ORIENTED_EDGE('',*,*,#12559,.T.);
#12562=ORIENTED_EDGE('',*,*,#12561,.F.);
#12564=ORIENTED_EDGE('',*,*,#12563,.F.);
#12566=ORIENTED_EDGE('',*,*,#12565,.F.);
#12568=ORIENTED_EDGE('',*,*,#12567,.T.);
#12569=ORIENTED_EDGE('',*,*,#12487,.F.);
#12571=ORIENTED_EDGE('',*,*,#12570,.T.);
#12572=EDGE_LOOP('',(#12550,#12552,#12553,#12555,#12556,#12558,#12560,#12562,
#12564,#12566,#12568,#12569,#12571));
#12573=FACE_OUTER_BOUND('',#12572,.F.);
#12574=ADVANCED_FACE('',(#12573),#12549,.F.);
#12575=CARTESIAN_POINT('',(-2.295E0,1.3E-1,1.15E0));
#12576=DIRECTION('',(1.E0,0.E0,0.E0));
#12577=DIRECTION('',(0.E0,0.E0,-1.E0));
#12578=AXIS2_PLACEMENT_3D('',#12575,#12576,#12577);
#12579=CYLINDRICAL_SURFACE('',#12578,5.E-2);
#12580=ORIENTED_EDGE('',*,*,#12122,.F.);
#12581=ORIENTED_EDGE('',*,*,#12551,.T.);
#12582=ORIENTED_EDGE('',*,*,#12216,.T.);
#12584=ORIENTED_EDGE('',*,*,#12583,.F.);
#12585=EDGE_LOOP('',(#12580,#12581,#12582,#12584));
#12586=FACE_OUTER_BOUND('',#12585,.F.);
#12587=ADVANCED_FACE('',(#12586),#12579,.F.);
#12588=CARTESIAN_POINT('',(-2.295E0,8.E-2,1.15E0));
#12589=DIRECTION('',(0.E0,-1.E0,0.E0));
#12590=DIRECTION('',(0.E0,0.E0,1.E0));
#12591=AXIS2_PLACEMENT_3D('',#12588,#12589,#12590);
#12592=PLANE('',#12591);
#12593=ORIENTED_EDGE('',*,*,#12124,.F.);
#12594=ORIENTED_EDGE('',*,*,#12583,.T.);
#12595=ORIENTED_EDGE('',*,*,#12214,.T.);
#12597=ORIENTED_EDGE('',*,*,#12596,.F.);
#12598=EDGE_LOOP('',(#12593,#12594,#12595,#12597));
#12599=FACE_OUTER_BOUND('',#12598,.F.);
#12600=ADVANCED_FACE('',(#12599),#12592,.F.);
#12601=CARTESIAN_POINT('',(-2.295E0,8.E-2,1.25E0));
#12602=DIRECTION('',(0.E0,0.E0,-1.E0));
#12603=DIRECTION('',(0.E0,-1.E0,0.E0));
#12604=AXIS2_PLACEMENT_3D('',#12601,#12602,#12603);
#12605=PLANE('',#12604);
#12606=ORIENTED_EDGE('',*,*,#12126,.F.);
#12607=ORIENTED_EDGE('',*,*,#12596,.T.);
#12608=ORIENTED_EDGE('',*,*,#12212,.T.);
#12610=ORIENTED_EDGE('',*,*,#12609,.F.);
#12611=EDGE_LOOP('',(#12606,#12607,#12608,#12610));
#12612=FACE_OUTER_BOUND('',#12611,.F.);
#12613=ADVANCED_FACE('',(#12612),#12605,.F.);
#12614=CARTESIAN_POINT('',(-2.295E0,-2.E-2,1.25E0));
#12615=DIRECTION('',(0.E0,1.E0,0.E0));
#12616=DIRECTION('',(0.E0,0.E0,-1.E0));
#12617=AXIS2_PLACEMENT_3D('',#12614,#12615,#12616);
#12618=PLANE('',#12617);
#12619=ORIENTED_EDGE('',*,*,#12128,.F.);
#12620=ORIENTED_EDGE('',*,*,#12609,.T.);
#12621=ORIENTED_EDGE('',*,*,#12210,.T.);
#12623=ORIENTED_EDGE('',*,*,#12622,.F.);
#12624=EDGE_LOOP('',(#12619,#12620,#12621,#12623));
#12625=FACE_OUTER_BOUND('',#12624,.F.);
#12626=ADVANCED_FACE('',(#12625),#12618,.F.);
#12627=CARTESIAN_POINT('',(-2.295E0,1.3E-1,1.15E0));
#12628=DIRECTION('',(1.E0,0.E0,0.E0));
#12629=DIRECTION('',(0.E0,0.E0,-1.E0));
#12630=AXIS2_PLACEMENT_3D('',#12627,#12628,#12629);
#12631=CYLINDRICAL_SURFACE('',#12630,1.5E-1);
#12632=ORIENTED_EDGE('',*,*,#12130,.F.);
#12633=ORIENTED_EDGE('',*,*,#12622,.T.);
#12634=ORIENTED_EDGE('',*,*,#12208,.T.);
#12636=ORIENTED_EDGE('',*,*,#12635,.F.);
#12637=EDGE_LOOP('',(#12632,#12633,#12634,#12636));
#12638=FACE_OUTER_BOUND('',#12637,.F.);
#12639=ADVANCED_FACE('',(#12638),#12631,.T.);
#12640=CARTESIAN_POINT('',(0.E0,6.E-1,1.E0));
#12641=DIRECTION('',(0.E0,0.E0,-1.E0));
#12642=DIRECTION('',(-1.E0,0.E0,0.E0));
#12643=AXIS2_PLACEMENT_3D('',#12640,#12641,#12642);
#12644=PLANE('',#12643);
#12645=ORIENTED_EDGE('',*,*,#12132,.T.);
#12646=ORIENTED_EDGE('',*,*,#12635,.T.);
#12647=ORIENTED_EDGE('',*,*,#12206,.F.);
#12649=ORIENTED_EDGE('',*,*,#12648,.F.);
#12650=ORIENTED_EDGE('',*,*,#12491,.T.);
#12652=ORIENTED_EDGE('',*,*,#12651,.F.);
#12654=ORIENTED_EDGE('',*,*,#12653,.F.);
#12656=ORIENTED_EDGE('',*,*,#12655,.T.);
#12658=ORIENTED_EDGE('',*,*,#12657,.F.);
#12659=ORIENTED_EDGE('',*,*,#12534,.F.);
#12661=ORIENTED_EDGE('',*,*,#12660,.F.);
#12662=EDGE_LOOP('',(#12645,#12646,#12647,#12649,#12650,#12652,#12654,#12656,
#12658,#12659,#12661));
#12663=FACE_OUTER_BOUND('',#12662,.F.);
#12664=ADVANCED_FACE('',(#12663),#12644,.T.);
#12665=CARTESIAN_POINT('',(-1.85E0,2.4E-1,1.1E0));
#12666=DIRECTION('',(0.E0,1.E0,0.E0));
#12667=DIRECTION('',(-1.E0,0.E0,0.E0));
#12668=AXIS2_PLACEMENT_3D('',#12665,#12666,#12667);
#12669=PLANE('',#12668);
#12670=ORIENTED_EDGE('',*,*,#12493,.F.);
#12671=ORIENTED_EDGE('',*,*,#12648,.T.);
#12672=ORIENTED_EDGE('',*,*,#12220,.F.);
#12673=ORIENTED_EDGE('',*,*,#12570,.F.);
#12674=EDGE_LOOP('',(#12670,#12671,#12672,#12673));
#12675=FACE_OUTER_BOUND('',#12674,.F.);
#12676=ADVANCED_FACE('',(#12675),#12669,.F.);
#12677=CARTESIAN_POINT('',(-2.12E0,4.5E-1,1.1E0));
#12678=DIRECTION('',(0.E0,-1.E0,0.E0));
#12679=DIRECTION('',(1.E0,0.E0,0.E0));
#12680=AXIS2_PLACEMENT_3D('',#12677,#12678,#12679);
#12681=PLANE('',#12680);
#12682=ORIENTED_EDGE('',*,*,#12489,.T.);
#12683=ORIENTED_EDGE('',*,*,#12567,.F.);
#12685=ORIENTED_EDGE('',*,*,#12684,.T.);
#12686=ORIENTED_EDGE('',*,*,#12651,.T.);
#12687=EDGE_LOOP('',(#12682,#12683,#12685,#12686));
#12688=FACE_OUTER_BOUND('',#12687,.F.);
#12689=ADVANCED_FACE('',(#12688),#12681,.F.);
#12690=CARTESIAN_POINT('',(-2.12E0,6.E-1,1.E0));
#12691=DIRECTION('',(-1.E0,0.E0,0.E0));
#12692=DIRECTION('',(0.E0,0.E0,1.E0));
#12693=AXIS2_PLACEMENT_3D('',#12690,#12691,#12692);
#12694=PLANE('',#12693);
#12696=ORIENTED_EDGE('',*,*,#12695,.T.);
#12697=ORIENTED_EDGE('',*,*,#12653,.T.);
#12698=ORIENTED_EDGE('',*,*,#12684,.F.);
#12699=ORIENTED_EDGE('',*,*,#12565,.T.);
#12701=ORIENTED_EDGE('',*,*,#12700,.F.);
#12702=EDGE_LOOP('',(#12696,#12697,#12698,#12699,#12701));
#12703=FACE_OUTER_BOUND('',#12702,.F.);
#12704=ADVANCED_FACE('',(#12703),#12694,.F.);
#12705=CARTESIAN_POINT('',(-2.38E0,6.E-1,7.818340958939E-1));
#12706=DIRECTION('',(-6.427876096865E-1,0.E0,7.660444431190E-1));
#12707=DIRECTION('',(7.660444431190E-1,0.E0,6.427876096865E-1));
#12708=AXIS2_PLACEMENT_3D('',#12705,#12706,#12707);
#12709=PLANE('',#12708);
#12711=ORIENTED_EDGE('',*,*,#12710,.T.);
#12712=ORIENTED_EDGE('',*,*,#12695,.F.);
#12714=ORIENTED_EDGE('',*,*,#12713,.F.);
#12716=ORIENTED_EDGE('',*,*,#12715,.T.);
#12717=EDGE_LOOP('',(#12711,#12712,#12714,#12716));
#12718=FACE_OUTER_BOUND('',#12717,.F.);
#12719=ADVANCED_FACE('',(#12718),#12709,.F.);
#12720=CARTESIAN_POINT('',(0.E0,5.E-1,0.E0));
#12721=DIRECTION('',(0.E0,-1.E0,0.E0));
#12722=DIRECTION('',(-1.E0,0.E0,0.E0));
#12723=AXIS2_PLACEMENT_3D('',#12720,#12721,#12722);
#12724=PLANE('',#12723);
#12725=ORIENTED_EDGE('',*,*,#12166,.T.);
#12727=ORIENTED_EDGE('',*,*,#12726,.F.);
#12728=ORIENTED_EDGE('',*,*,#12082,.F.);
#12730=ORIENTED_EDGE('',*,*,#12729,.F.);
#12731=ORIENTED_EDGE('',*,*,#12559,.F.);
#12733=ORIENTED_EDGE('',*,*,#12732,.T.);
#12734=ORIENTED_EDGE('',*,*,#12655,.F.);
#12735=ORIENTED_EDGE('',*,*,#12710,.F.);
#12737=ORIENTED_EDGE('',*,*,#12736,.F.);
#12739=ORIENTED_EDGE('',*,*,#12738,.F.);
#12740=EDGE_LOOP('',(#12725,#12727,#12728,#12730,#12731,#12733,#12734,#12735,
#12737,#12739));
#12741=FACE_OUTER_BOUND('',#12740,.F.);
#12742=ADVANCED_FACE('',(#12741),#12724,.T.);
#12743=CARTESIAN_POINT('',(-2.43E0,5.E-1,-1.1E0));
#12744=DIRECTION('',(1.E0,0.E0,0.E0));
#12745=DIRECTION('',(0.E0,-1.E0,0.E0));
#12746=AXIS2_PLACEMENT_3D('',#12743,#12744,#12745);
#12747=PLANE('',#12746);
#12748=ORIENTED_EDGE('',*,*,#12726,.T.);
#12749=ORIENTED_EDGE('',*,*,#12164,.T.);
#12750=ORIENTED_EDGE('',*,*,#10913,.T.);
#12751=ORIENTED_EDGE('',*,*,#12084,.F.);
#12752=EDGE_LOOP('',(#12748,#12749,#12750,#12751));
#12753=FACE_OUTER_BOUND('',#12752,.F.);
#12754=ADVANCED_FACE('',(#12753),#12747,.F.);
#12755=CARTESIAN_POINT('',(-2.7E0,6.E-1,1.1E0));
#12756=DIRECTION('',(1.E0,0.E0,0.E0));
#12757=DIRECTION('',(0.E0,0.E0,-1.E0));
#12758=AXIS2_PLACEMENT_3D('',#12755,#12756,#12757);
#12759=PLANE('',#12758);
#12761=ORIENTED_EDGE('',*,*,#12760,.F.);
#12762=ORIENTED_EDGE('',*,*,#12561,.T.);
#12763=ORIENTED_EDGE('',*,*,#12729,.T.);
#12764=ORIENTED_EDGE('',*,*,#12080,.F.);
#12765=EDGE_LOOP('',(#12761,#12762,#12763,#12764));
#12766=FACE_OUTER_BOUND('',#12765,.F.);
#12767=ADVANCED_FACE('',(#12766),#12759,.F.);
#12768=CARTESIAN_POINT('',(0.E0,6.E-1,0.E0));
#12769=DIRECTION('',(0.E0,-1.E0,0.E0));
#12770=DIRECTION('',(-1.E0,0.E0,0.E0));
#12771=AXIS2_PLACEMENT_3D('',#12768,#12769,#12770);
#12772=PLANE('',#12771);
#12774=ORIENTED_EDGE('',*,*,#12773,.T.);
#12776=ORIENTED_EDGE('',*,*,#12775,.T.);
#12778=ORIENTED_EDGE('',*,*,#12777,.T.);
#12779=ORIENTED_EDGE('',*,*,#12713,.T.);
#12780=ORIENTED_EDGE('',*,*,#12700,.T.);
#12781=ORIENTED_EDGE('',*,*,#12563,.T.);
#12782=ORIENTED_EDGE('',*,*,#12760,.T.);
#12783=ORIENTED_EDGE('',*,*,#12078,.T.);
#12784=EDGE_LOOP('',(#12774,#12776,#12778,#12779,#12780,#12781,#12782,#12783));
#12785=FACE_OUTER_BOUND('',#12784,.F.);
#12786=ADVANCED_FACE('',(#12785),#12772,.F.);
#12787=CARTESIAN_POINT('',(-2.12E0,6.E-1,-1.1E0));
#12788=DIRECTION('',(-1.E0,0.E0,0.E0));
#12789=DIRECTION('',(0.E0,0.E0,1.E0));
#12790=AXIS2_PLACEMENT_3D('',#12787,#12788,#12789);
#12791=PLANE('',#12790);
#12792=ORIENTED_EDGE('',*,*,#12076,.T.);
#12794=ORIENTED_EDGE('',*,*,#12793,.T.);
#12795=ORIENTED_EDGE('',*,*,#12168,.T.);
#12797=ORIENTED_EDGE('',*,*,#12796,.F.);
#12798=ORIENTED_EDGE('',*,*,#12773,.F.);
#12799=EDGE_LOOP('',(#12792,#12794,#12795,#12797,#12798));
#12800=FACE_OUTER_BOUND('',#12799,.F.);
#12801=ADVANCED_FACE('',(#12800),#12791,.F.);
#12802=CARTESIAN_POINT('',(-1.85E0,4.5E-1,-1.1E0));
#12803=DIRECTION('',(0.E0,-1.E0,0.E0));
#12804=DIRECTION('',(-1.E0,0.E0,0.E0));
#12805=AXIS2_PLACEMENT_3D('',#12802,#12803,#12804);
#12806=PLANE('',#12805);
#12807=ORIENTED_EDGE('',*,*,#12255,.F.);
#12808=ORIENTED_EDGE('',*,*,#12170,.T.);
#12809=ORIENTED_EDGE('',*,*,#12793,.F.);
#12810=ORIENTED_EDGE('',*,*,#12074,.F.);
#12811=EDGE_LOOP('',(#12807,#12808,#12809,#12810));
#12812=FACE_OUTER_BOUND('',#12811,.F.);
#12813=ADVANCED_FACE('',(#12812),#12806,.F.);
#12814=CARTESIAN_POINT('',(-2.12E0,6.E-1,-1.E0));
#12815=DIRECTION('',(-6.427876096865E-1,0.E0,-7.660444431190E-1));
#12816=DIRECTION('',(-7.660444431190E-1,0.E0,6.427876096865E-1));
#12817=AXIS2_PLACEMENT_3D('',#12814,#12815,#12816);
#12818=PLANE('',#12817);
#12819=ORIENTED_EDGE('',*,*,#12738,.T.);
#12821=ORIENTED_EDGE('',*,*,#12820,.F.);
#12822=ORIENTED_EDGE('',*,*,#12775,.F.);
#12823=ORIENTED_EDGE('',*,*,#12796,.T.);
#12824=EDGE_LOOP('',(#12819,#12821,#12822,#12823));
#12825=FACE_OUTER_BOUND('',#12824,.F.);
#12826=ADVANCED_FACE('',(#12825),#12818,.F.);
#12827=CARTESIAN_POINT('',(-2.38E0,6.E-1,-7.818340958939E-1));
#12828=DIRECTION('',(-1.E0,0.E0,0.E0));
#12829=DIRECTION('',(0.E0,0.E0,1.E0));
#12830=AXIS2_PLACEMENT_3D('',#12827,#12828,#12829);
#12831=PLANE('',#12830);
#12832=ORIENTED_EDGE('',*,*,#12777,.F.);
#12833=ORIENTED_EDGE('',*,*,#12820,.T.);
#12834=ORIENTED_EDGE('',*,*,#12736,.T.);
#12835=ORIENTED_EDGE('',*,*,#12715,.F.);
#12836=EDGE_LOOP('',(#12832,#12833,#12834,#12835));
#12837=FACE_OUTER_BOUND('',#12836,.F.);
#12838=ADVANCED_FACE('',(#12837),#12831,.F.);
#12839=CARTESIAN_POINT('',(-2.43E0,2.4E-1,1.1E0));
#12840=DIRECTION('',(1.E0,0.E0,0.E0));
#12841=DIRECTION('',(0.E0,1.E0,0.E0));
#12842=AXIS2_PLACEMENT_3D('',#12839,#12840,#12841);
#12843=PLANE('',#12842);
#12844=ORIENTED_EDGE('',*,*,#12732,.F.);
#12845=ORIENTED_EDGE('',*,*,#12557,.F.);
#12846=ORIENTED_EDGE('',*,*,#10885,.F.);
#12847=ORIENTED_EDGE('',*,*,#12657,.T.);
#12848=EDGE_LOOP('',(#12844,#12845,#12846,#12847));
#12849=FACE_OUTER_BOUND('',#12848,.F.);
#12850=ADVANCED_FACE('',(#12849),#12843,.F.);
#12851=CARTESIAN_POINT('',(-2.295E0,2.4E-1,1.1E0));
#12852=DIRECTION('',(0.E0,1.E0,0.E0));
#12853=DIRECTION('',(-1.E0,0.E0,0.E0));
#12854=AXIS2_PLACEMENT_3D('',#12851,#12852,#12853);
#12855=PLANE('',#12854);
#12856=ORIENTED_EDGE('',*,*,#12554,.F.);
#12857=ORIENTED_EDGE('',*,*,#12134,.T.);
#12858=ORIENTED_EDGE('',*,*,#12660,.T.);
#12859=ORIENTED_EDGE('',*,*,#12532,.T.);
#12860=EDGE_LOOP('',(#12856,#12857,#12858,#12859));
#12861=FACE_OUTER_BOUND('',#12860,.F.);
#12862=ADVANCED_FACE('',(#12861),#12855,.F.);
#12863=CARTESIAN_POINT('',(-2.38E0,1.2E-1,1.22E0));
#12864=DIRECTION('',(-1.E0,0.E0,0.E0));
#12865=DIRECTION('',(0.E0,0.E0,-1.E0));
#12866=AXIS2_PLACEMENT_3D('',#12863,#12864,#12865);
#12867=PLANE('',#12866);
#12868=ORIENTED_EDGE('',*,*,#11468,.F.);
#12869=ORIENTED_EDGE('',*,*,#12466,.F.);
#12870=ORIENTED_EDGE('',*,*,#11639,.T.);
#12871=ORIENTED_EDGE('',*,*,#11320,.T.);
#12872=ORIENTED_EDGE('',*,*,#10891,.T.);
#12873=ORIENTED_EDGE('',*,*,#12507,.T.);
#12874=EDGE_LOOP('',(#12868,#12869,#12870,#12871,#12872,#12873));
#12875=FACE_OUTER_BOUND('',#12874,.F.);
#12876=ADVANCED_FACE('',(#12875),#12867,.F.);
#12877=CARTESIAN_POINT('',(-1.95E0,1.2E-1,9.9E-1));
#12878=DIRECTION('',(1.E0,0.E0,0.E0));
#12879=DIRECTION('',(0.E0,0.E0,1.E0));
#12880=AXIS2_PLACEMENT_3D('',#12877,#12878,#12879);
#12881=PLANE('',#12880);
#12882=ORIENTED_EDGE('',*,*,#11484,.T.);
#12883=ORIENTED_EDGE('',*,*,#12517,.F.);
#12884=ORIENTED_EDGE('',*,*,#11255,.T.);
#12885=ORIENTED_EDGE('',*,*,#11349,.F.);
#12886=ORIENTED_EDGE('',*,*,#11643,.F.);
#12887=ORIENTED_EDGE('',*,*,#12463,.T.);
#12888=EDGE_LOOP('',(#12882,#12883,#12884,#12885,#12886,#12887));
#12889=FACE_OUTER_BOUND('',#12888,.F.);
#12890=ADVANCED_FACE('',(#12889),#12881,.F.);
#12891=CARTESIAN_POINT('',(-2.155E0,4.8E-1,1.22E0));
#12892=DIRECTION('',(7.071067811866E-1,-7.071067811865E-1,0.E0));
#12893=DIRECTION('',(7.071067811865E-1,7.071067811866E-1,0.E0));
#12894=AXIS2_PLACEMENT_3D('',#12891,#12892,#12893);
#12895=PLANE('',#12894);
#12896=ORIENTED_EDGE('',*,*,#12443,.F.);
#12897=ORIENTED_EDGE('',*,*,#10879,.T.);
#12899=ORIENTED_EDGE('',*,*,#12898,.T.);
#12901=ORIENTED_EDGE('',*,*,#12900,.F.);
#12902=EDGE_LOOP('',(#12896,#12897,#12899,#12901));
#12903=FACE_OUTER_BOUND('',#12902,.F.);
#12904=ADVANCED_FACE('',(#12903),#12895,.F.);
#12905=CARTESIAN_POINT('',(-2.355E0,6.4E-1,8.35E-1));
#12906=DIRECTION('',(0.E0,0.E0,1.E0));
#12907=DIRECTION('',(1.E0,0.E0,0.E0));
#12908=AXIS2_PLACEMENT_3D('',#12905,#12906,#12907);
#12909=PLANE('',#12908);
#12910=ORIENTED_EDGE('',*,*,#10877,.F.);
#12912=ORIENTED_EDGE('',*,*,#12911,.T.);
#12914=ORIENTED_EDGE('',*,*,#12913,.T.);
#12915=ORIENTED_EDGE('',*,*,#12408,.F.);
#12917=ORIENTED_EDGE('',*,*,#12916,.T.);
#12918=ORIENTED_EDGE('',*,*,#12898,.F.);
#12919=EDGE_LOOP('',(#12910,#12912,#12914,#12915,#12917,#12918));
#12920=FACE_OUTER_BOUND('',#12919,.F.);
#12921=ADVANCED_FACE('',(#12920),#12909,.F.);
#12922=CARTESIAN_POINT('',(-2.355E0,6.4E-1,-8.35E-1));
#12923=DIRECTION('',(-1.E0,0.E0,0.E0));
#12924=DIRECTION('',(0.E0,0.E0,1.E0));
#12925=AXIS2_PLACEMENT_3D('',#12922,#12923,#12924);
#12926=PLANE('',#12925);
#12927=ORIENTED_EDGE('',*,*,#10875,.T.);
#12929=ORIENTED_EDGE('',*,*,#12928,.T.);
#12931=ORIENTED_EDGE('',*,*,#12930,.T.);
#12932=ORIENTED_EDGE('',*,*,#12911,.F.);
#12933=EDGE_LOOP('',(#12927,#12929,#12931,#12932));
#12934=FACE_OUTER_BOUND('',#12933,.F.);
#12935=ADVANCED_FACE('',(#12934),#12926,.F.);
#12936=CARTESIAN_POINT('',(-1.655E0,6.4E-1,-8.35E-1));
#12937=DIRECTION('',(0.E0,0.E0,-1.E0));
#12938=DIRECTION('',(-1.E0,0.E0,0.E0));
#12939=AXIS2_PLACEMENT_3D('',#12936,#12937,#12938);
#12940=PLANE('',#12939);
#12941=ORIENTED_EDGE('',*,*,#10873,.T.);
#12942=ORIENTED_EDGE('',*,*,#12288,.T.);
#12943=ORIENTED_EDGE('',*,*,#12302,.F.);
#12944=ORIENTED_EDGE('',*,*,#12324,.T.);
#12946=ORIENTED_EDGE('',*,*,#12945,.T.);
#12947=ORIENTED_EDGE('',*,*,#12928,.F.);
#12948=EDGE_LOOP('',(#12941,#12942,#12943,#12944,#12946,#12947));
#12949=FACE_OUTER_BOUND('',#12948,.F.);
#12950=ADVANCED_FACE('',(#12949),#12940,.F.);
#12951=CARTESIAN_POINT('',(0.E0,1.E-1,0.E0));
#12952=DIRECTION('',(0.E0,1.E0,0.E0));
#12953=DIRECTION('',(0.E0,0.E0,-1.E0));
#12954=AXIS2_PLACEMENT_3D('',#12951,#12952,#12953);
#12955=PLANE('',#12954);
#12957=ORIENTED_EDGE('',*,*,#12956,.F.);
#12959=ORIENTED_EDGE('',*,*,#12958,.F.);
#12960=ORIENTED_EDGE('',*,*,#12410,.F.);
#12961=ORIENTED_EDGE('',*,*,#12913,.F.);
#12962=ORIENTED_EDGE('',*,*,#12930,.F.);
#12963=ORIENTED_EDGE('',*,*,#12945,.F.);
#12964=ORIENTED_EDGE('',*,*,#12322,.F.);
#12966=ORIENTED_EDGE('',*,*,#12965,.F.);
#12968=ORIENTED_EDGE('',*,*,#12967,.F.);
#12970=ORIENTED_EDGE('',*,*,#12969,.T.);
#12972=ORIENTED_EDGE('',*,*,#12971,.T.);
#12974=ORIENTED_EDGE('',*,*,#12973,.F.);
#12976=ORIENTED_EDGE('',*,*,#12975,.F.);
#12978=ORIENTED_EDGE('',*,*,#12977,.T.);
#12980=ORIENTED_EDGE('',*,*,#12979,.T.);
#12982=ORIENTED_EDGE('',*,*,#12981,.F.);
#12984=ORIENTED_EDGE('',*,*,#12983,.F.);
#12986=ORIENTED_EDGE('',*,*,#12985,.T.);
#12988=ORIENTED_EDGE('',*,*,#12987,.T.);
#12990=ORIENTED_EDGE('',*,*,#12989,.F.);
#12992=ORIENTED_EDGE('',*,*,#12991,.F.);
#12994=ORIENTED_EDGE('',*,*,#12993,.T.);
#12996=ORIENTED_EDGE('',*,*,#12995,.T.);
#12998=ORIENTED_EDGE('',*,*,#12997,.F.);
#13000=ORIENTED_EDGE('',*,*,#12999,.F.);
#13002=ORIENTED_EDGE('',*,*,#13001,.T.);
#13004=ORIENTED_EDGE('',*,*,#13003,.T.);
#13006=ORIENTED_EDGE('',*,*,#13005,.F.);
#13008=ORIENTED_EDGE('',*,*,#13007,.F.);
#13010=ORIENTED_EDGE('',*,*,#13009,.T.);
#13012=ORIENTED_EDGE('',*,*,#13011,.T.);
#13014=ORIENTED_EDGE('',*,*,#13013,.F.);
#13016=ORIENTED_EDGE('',*,*,#13015,.F.);
#13018=ORIENTED_EDGE('',*,*,#13017,.T.);
#13020=ORIENTED_EDGE('',*,*,#13019,.T.);
#13022=ORIENTED_EDGE('',*,*,#13021,.F.);
#13024=ORIENTED_EDGE('',*,*,#13023,.F.);
#13026=ORIENTED_EDGE('',*,*,#13025,.T.);
#13028=ORIENTED_EDGE('',*,*,#13027,.T.);
#13030=ORIENTED_EDGE('',*,*,#13029,.F.);
#13031=ORIENTED_EDGE('',*,*,#11158,.F.);
#13032=ORIENTED_EDGE('',*,*,#11129,.F.);
#13034=ORIENTED_EDGE('',*,*,#13033,.F.);
#13036=ORIENTED_EDGE('',*,*,#13035,.F.);
#13037=ORIENTED_EDGE('',*,*,#11291,.F.);
#13039=ORIENTED_EDGE('',*,*,#13038,.F.);
#13041=ORIENTED_EDGE('',*,*,#13040,.T.);
#13043=ORIENTED_EDGE('',*,*,#13042,.F.);
#13045=ORIENTED_EDGE('',*,*,#13044,.F.);
#13047=ORIENTED_EDGE('',*,*,#13046,.F.);
#13049=ORIENTED_EDGE('',*,*,#13048,.T.);
#13051=ORIENTED_EDGE('',*,*,#13050,.F.);
#13053=ORIENTED_EDGE('',*,*,#13052,.F.);
#13055=ORIENTED_EDGE('',*,*,#13054,.F.);
#13057=ORIENTED_EDGE('',*,*,#13056,.T.);
#13059=ORIENTED_EDGE('',*,*,#13058,.F.);
#13061=ORIENTED_EDGE('',*,*,#13060,.F.);
#13063=ORIENTED_EDGE('',*,*,#13062,.F.);
#13065=ORIENTED_EDGE('',*,*,#13064,.T.);
#13067=ORIENTED_EDGE('',*,*,#13066,.F.);
#13069=ORIENTED_EDGE('',*,*,#13068,.F.);
#13071=ORIENTED_EDGE('',*,*,#13070,.F.);
#13073=ORIENTED_EDGE('',*,*,#13072,.T.);
#13075=ORIENTED_EDGE('',*,*,#13074,.F.);
#13077=ORIENTED_EDGE('',*,*,#13076,.F.);
#13079=ORIENTED_EDGE('',*,*,#13078,.F.);
#13081=ORIENTED_EDGE('',*,*,#13080,.T.);
#13083=ORIENTED_EDGE('',*,*,#13082,.F.);
#13085=ORIENTED_EDGE('',*,*,#13084,.F.);
#13087=ORIENTED_EDGE('',*,*,#13086,.F.);
#13089=ORIENTED_EDGE('',*,*,#13088,.T.);
#13091=ORIENTED_EDGE('',*,*,#13090,.F.);
#13093=ORIENTED_EDGE('',*,*,#13092,.F.);
#13095=ORIENTED_EDGE('',*,*,#13094,.F.);
#13097=ORIENTED_EDGE('',*,*,#13096,.T.);
#13099=ORIENTED_EDGE('',*,*,#13098,.F.);
#13100=EDGE_LOOP('',(#12957,#12959,#12960,#12961,#12962,#12963,#12964,#12966,
#12968,#12970,#12972,#12974,#12976,#12978,#12980,#12982,#12984,#12986,#12988,
#12990,#12992,#12994,#12996,#12998,#13000,#13002,#13004,#13006,#13008,#13010,
#13012,#13014,#13016,#13018,#13020,#13022,#13024,#13026,#13028,#13030,#13031,
#13032,#13034,#13036,#13037,#13039,#13041,#13043,#13045,#13047,#13049,#13051,
#13053,#13055,#13057,#13059,#13061,#13063,#13065,#13067,#13069,#13071,#13073,
#13075,#13077,#13079,#13081,#13083,#13085,#13087,#13089,#13091,#13093,#13095,
#13097,#13099));
#13101=FACE_OUTER_BOUND('',#13100,.F.);
#13103=ORIENTED_EDGE('',*,*,#13102,.F.);
#13105=ORIENTED_EDGE('',*,*,#13104,.T.);
#13107=ORIENTED_EDGE('',*,*,#13106,.T.);
#13109=ORIENTED_EDGE('',*,*,#13108,.T.);
#13111=ORIENTED_EDGE('',*,*,#13110,.F.);
#13113=ORIENTED_EDGE('',*,*,#13112,.T.);
#13115=ORIENTED_EDGE('',*,*,#13114,.T.);
#13117=ORIENTED_EDGE('',*,*,#13116,.T.);
#13119=ORIENTED_EDGE('',*,*,#13118,.F.);
#13121=ORIENTED_EDGE('',*,*,#13120,.T.);
#13123=ORIENTED_EDGE('',*,*,#13122,.T.);
#13125=ORIENTED_EDGE('',*,*,#13124,.T.);
#13127=ORIENTED_EDGE('',*,*,#13126,.F.);
#13129=ORIENTED_EDGE('',*,*,#13128,.T.);
#13131=ORIENTED_EDGE('',*,*,#13130,.T.);
#13133=ORIENTED_EDGE('',*,*,#13132,.T.);
#13135=ORIENTED_EDGE('',*,*,#13134,.F.);
#13137=ORIENTED_EDGE('',*,*,#13136,.T.);
#13139=ORIENTED_EDGE('',*,*,#13138,.T.);
#13141=ORIENTED_EDGE('',*,*,#13140,.T.);
#13143=ORIENTED_EDGE('',*,*,#13142,.F.);
#13145=ORIENTED_EDGE('',*,*,#13144,.T.);
#13147=ORIENTED_EDGE('',*,*,#13146,.T.);
#13149=ORIENTED_EDGE('',*,*,#13148,.T.);
#13151=ORIENTED_EDGE('',*,*,#13150,.F.);
#13153=ORIENTED_EDGE('',*,*,#13152,.T.);
#13155=ORIENTED_EDGE('',*,*,#13154,.T.);
#13157=ORIENTED_EDGE('',*,*,#13156,.T.);
#13159=ORIENTED_EDGE('',*,*,#13158,.F.);
#13161=ORIENTED_EDGE('',*,*,#13160,.T.);
#13163=ORIENTED_EDGE('',*,*,#13162,.T.);
#13165=ORIENTED_EDGE('',*,*,#13164,.T.);
#13167=ORIENTED_EDGE('',*,*,#13166,.T.);
#13169=ORIENTED_EDGE('',*,*,#13168,.T.);
#13171=ORIENTED_EDGE('',*,*,#13170,.T.);
#13173=ORIENTED_EDGE('',*,*,#13172,.T.);
#13175=ORIENTED_EDGE('',*,*,#13174,.T.);
#13177=ORIENTED_EDGE('',*,*,#13176,.F.);
#13179=ORIENTED_EDGE('',*,*,#13178,.F.);
#13181=ORIENTED_EDGE('',*,*,#13180,.T.);
#13183=ORIENTED_EDGE('',*,*,#13182,.T.);
#13185=ORIENTED_EDGE('',*,*,#13184,.F.);
#13187=ORIENTED_EDGE('',*,*,#13186,.F.);
#13189=ORIENTED_EDGE('',*,*,#13188,.T.);
#13191=ORIENTED_EDGE('',*,*,#13190,.T.);
#13193=ORIENTED_EDGE('',*,*,#13192,.F.);
#13195=ORIENTED_EDGE('',*,*,#13194,.F.);
#13197=ORIENTED_EDGE('',*,*,#13196,.T.);
#13199=ORIENTED_EDGE('',*,*,#13198,.T.);
#13201=ORIENTED_EDGE('',*,*,#13200,.F.);
#13203=ORIENTED_EDGE('',*,*,#13202,.F.);
#13205=ORIENTED_EDGE('',*,*,#13204,.T.);
#13207=ORIENTED_EDGE('',*,*,#13206,.T.);
#13209=ORIENTED_EDGE('',*,*,#13208,.F.);
#13211=ORIENTED_EDGE('',*,*,#13210,.F.);
#13213=ORIENTED_EDGE('',*,*,#13212,.T.);
#13215=ORIENTED_EDGE('',*,*,#13214,.T.);
#13217=ORIENTED_EDGE('',*,*,#13216,.F.);
#13219=ORIENTED_EDGE('',*,*,#13218,.F.);
#13221=ORIENTED_EDGE('',*,*,#13220,.T.);
#13223=ORIENTED_EDGE('',*,*,#13222,.T.);
#13225=ORIENTED_EDGE('',*,*,#13224,.F.);
#13227=ORIENTED_EDGE('',*,*,#13226,.F.);
#13229=ORIENTED_EDGE('',*,*,#13228,.T.);
#13231=ORIENTED_EDGE('',*,*,#13230,.T.);
#13233=ORIENTED_EDGE('',*,*,#13232,.F.);
#13235=ORIENTED_EDGE('',*,*,#13234,.F.);
#13237=ORIENTED_EDGE('',*,*,#13236,.T.);
#13239=ORIENTED_EDGE('',*,*,#13238,.T.);
#13241=ORIENTED_EDGE('',*,*,#13240,.T.);
#13243=ORIENTED_EDGE('',*,*,#13242,.T.);
#13245=ORIENTED_EDGE('',*,*,#13244,.T.);
#13246=EDGE_LOOP('',(#13103,#13105,#13107,#13109,#13111,#13113,#13115,#13117,
#13119,#13121,#13123,#13125,#13127,#13129,#13131,#13133,#13135,#13137,#13139,
#13141,#13143,#13145,#13147,#13149,#13151,#13153,#13155,#13157,#13159,#13161,
#13163,#13165,#13167,#13169,#13171,#13173,#13175,#13177,#13179,#13181,#13183,
#13185,#13187,#13189,#13191,#13193,#13195,#13197,#13199,#13201,#13203,#13205,
#13207,#13209,#13211,#13213,#13215,#13217,#13219,#13221,#13223,#13225,#13227,
#13229,#13231,#13233,#13235,#13237,#13239,#13241,#13243,#13245));
#13247=FACE_BOUND('',#13246,.F.);
#13248=ADVANCED_FACE('',(#13101,#13247),#12955,.T.);
#13249=CARTESIAN_POINT('',(-1.49E0,0.E0,0.E0));
#13250=DIRECTION('',(1.E0,0.E0,0.E0));
#13251=DIRECTION('',(0.E0,0.E0,-1.E0));
#13252=AXIS2_PLACEMENT_3D('',#13249,#13250,#13251);
#13253=PLANE('',#13252);
#13254=ORIENTED_EDGE('',*,*,#12956,.T.);
#13256=ORIENTED_EDGE('',*,*,#13255,.T.);
#13258=ORIENTED_EDGE('',*,*,#13257,.T.);
#13260=ORIENTED_EDGE('',*,*,#13259,.T.);
#13262=ORIENTED_EDGE('',*,*,#13261,.T.);
#13264=ORIENTED_EDGE('',*,*,#13263,.T.);
#13266=ORIENTED_EDGE('',*,*,#13265,.T.);
#13268=ORIENTED_EDGE('',*,*,#13267,.F.);
#13269=EDGE_LOOP('',(#13254,#13256,#13258,#13260,#13262,#13264,#13266,#13268));
#13270=FACE_OUTER_BOUND('',#13269,.F.);
#13271=ADVANCED_FACE('',(#13270),#13253,.F.);
#13272=CARTESIAN_POINT('',(-1.49E0,0.E0,0.E0));
#13273=DIRECTION('',(1.E0,0.E0,0.E0));
#13274=DIRECTION('',(0.E0,0.E0,-1.E0));
#13275=AXIS2_PLACEMENT_3D('',#13272,#13273,#13274);
#13276=PLANE('',#13275);
#13277=ORIENTED_EDGE('',*,*,#13102,.T.);
#13279=ORIENTED_EDGE('',*,*,#13278,.F.);
#13281=ORIENTED_EDGE('',*,*,#13280,.T.);
#13283=ORIENTED_EDGE('',*,*,#13282,.T.);
#13284=EDGE_LOOP('',(#13277,#13279,#13281,#13283));
#13285=FACE_OUTER_BOUND('',#13284,.F.);
#13286=ADVANCED_FACE('',(#13285),#13276,.F.);
#13287=CARTESIAN_POINT('',(-1.49E0,0.E0,0.E0));
#13288=DIRECTION('',(1.E0,0.E0,0.E0));
#13289=DIRECTION('',(0.E0,0.E0,-1.E0));
#13290=AXIS2_PLACEMENT_3D('',#13287,#13288,#13289);
#13291=PLANE('',#13290);
#13292=ORIENTED_EDGE('',*,*,#13234,.T.);
#13294=ORIENTED_EDGE('',*,*,#13293,.T.);
#13296=ORIENTED_EDGE('',*,*,#13295,.T.);
#13298=ORIENTED_EDGE('',*,*,#13297,.F.);
#13299=EDGE_LOOP('',(#13292,#13294,#13296,#13298));
#13300=FACE_OUTER_BOUND('',#13299,.F.);
#13301=ADVANCED_FACE('',(#13300),#13291,.F.);
#13302=CARTESIAN_POINT('',(-1.49E0,0.E0,0.E0));
#13303=DIRECTION('',(1.E0,0.E0,0.E0));
#13304=DIRECTION('',(0.E0,0.E0,-1.E0));
#13305=AXIS2_PLACEMENT_3D('',#13302,#13303,#13304);
#13306=PLANE('',#13305);
#13308=ORIENTED_EDGE('',*,*,#13307,.F.);
#13310=ORIENTED_EDGE('',*,*,#13309,.T.);
#13312=ORIENTED_EDGE('',*,*,#13311,.T.);
#13314=ORIENTED_EDGE('',*,*,#13313,.T.);
#13316=ORIENTED_EDGE('',*,*,#13315,.T.);
#13318=ORIENTED_EDGE('',*,*,#13317,.T.);
#13320=ORIENTED_EDGE('',*,*,#13319,.F.);
#13322=ORIENTED_EDGE('',*,*,#13321,.F.);
#13324=ORIENTED_EDGE('',*,*,#13323,.T.);
#13325=EDGE_LOOP('',(#13308,#13310,#13312,#13314,#13316,#13318,#13320,#13322,
#13324));
#13326=FACE_OUTER_BOUND('',#13325,.F.);
#13327=ADVANCED_FACE('',(#13326),#13306,.F.);
#13328=CARTESIAN_POINT('',(-1.49E0,0.E0,0.E0));
#13329=DIRECTION('',(1.E0,0.E0,0.E0));
#13330=DIRECTION('',(0.E0,0.E0,-1.E0));
#13331=AXIS2_PLACEMENT_3D('',#13328,#13329,#13330);
#13332=PLANE('',#13331);
#13334=ORIENTED_EDGE('',*,*,#13333,.T.);
#13336=ORIENTED_EDGE('',*,*,#13335,.T.);
#13338=ORIENTED_EDGE('',*,*,#13337,.F.);
#13340=ORIENTED_EDGE('',*,*,#13339,.T.);
#13342=ORIENTED_EDGE('',*,*,#13341,.T.);
#13344=ORIENTED_EDGE('',*,*,#13343,.T.);
#13346=ORIENTED_EDGE('',*,*,#13345,.T.);
#13348=ORIENTED_EDGE('',*,*,#13347,.T.);
#13350=ORIENTED_EDGE('',*,*,#13349,.T.);
#13351=EDGE_LOOP('',(#13334,#13336,#13338,#13340,#13342,#13344,#13346,#13348,
#13350));
#13352=FACE_OUTER_BOUND('',#13351,.F.);
#13353=ADVANCED_FACE('',(#13352),#13332,.F.);
#13354=CARTESIAN_POINT('',(-1.49E0,0.E0,0.E0));
#13355=DIRECTION('',(1.E0,0.E0,0.E0));
#13356=DIRECTION('',(0.E0,0.E0,-1.E0));
#13357=AXIS2_PLACEMENT_3D('',#13354,#13355,#13356);
#13358=PLANE('',#13357);
#13360=ORIENTED_EDGE('',*,*,#13359,.T.);
#13362=ORIENTED_EDGE('',*,*,#13361,.T.);
#13364=ORIENTED_EDGE('',*,*,#13363,.T.);
#13366=ORIENTED_EDGE('',*,*,#13365,.T.);
#13368=ORIENTED_EDGE('',*,*,#13367,.T.);
#13370=ORIENTED_EDGE('',*,*,#13369,.T.);
#13372=ORIENTED_EDGE('',*,*,#13371,.T.);
#13373=ORIENTED_EDGE('',*,*,#12967,.T.);
#13374=EDGE_LOOP('',(#13360,#13362,#13364,#13366,#13368,#13370,#13372,#13373));
#13375=FACE_OUTER_BOUND('',#13374,.F.);
#13376=ADVANCED_FACE('',(#13375),#13358,.F.);
#13377=CARTESIAN_POINT('',(-1.49E0,1.996831997875E-1,6.2E-1));
#13378=DIRECTION('',(1.E0,0.E0,0.E0));
#13379=DIRECTION('',(0.E0,0.E0,-1.E0));
#13380=AXIS2_PLACEMENT_3D('',#13377,#13378,#13379);
#13381=CYLINDRICAL_SURFACE('',#13380,1.E-1);
#13382=ORIENTED_EDGE('',*,*,#13098,.T.);
#13384=ORIENTED_EDGE('',*,*,#13383,.T.);
#13386=ORIENTED_EDGE('',*,*,#13385,.F.);
#13387=ORIENTED_EDGE('',*,*,#13255,.F.);
#13388=EDGE_LOOP('',(#13382,#13384,#13386,#13387));
#13389=FACE_OUTER_BOUND('',#13388,.F.);
#13390=ADVANCED_FACE('',(#13389),#13381,.F.);
#13391=CARTESIAN_POINT('',(-1.31E0,0.E0,0.E0));
#13392=DIRECTION('',(1.E0,0.E0,0.E0));
#13393=DIRECTION('',(0.E0,0.E0,-1.E0));
#13394=AXIS2_PLACEMENT_3D('',#13391,#13392,#13393);
#13395=PLANE('',#13394);
#13396=ORIENTED_EDGE('',*,*,#13096,.F.);
#13398=ORIENTED_EDGE('',*,*,#13397,.T.);
#13400=ORIENTED_EDGE('',*,*,#13399,.F.);
#13402=ORIENTED_EDGE('',*,*,#13401,.F.);
#13404=ORIENTED_EDGE('',*,*,#13403,.F.);
#13406=ORIENTED_EDGE('',*,*,#13405,.F.);
#13408=ORIENTED_EDGE('',*,*,#13407,.F.);
#13409=ORIENTED_EDGE('',*,*,#13383,.F.);
#13410=EDGE_LOOP('',(#13396,#13398,#13400,#13402,#13404,#13406,#13408,#13409));
#13411=FACE_OUTER_BOUND('',#13410,.F.);
#13412=ADVANCED_FACE('',(#13411),#13395,.T.);
#13413=CARTESIAN_POINT('',(-1.31E0,0.E0,0.E0));
#13414=DIRECTION('',(1.E0,0.E0,0.E0));
#13415=DIRECTION('',(0.E0,0.E0,-1.E0));
#13416=AXIS2_PLACEMENT_3D('',#13413,#13414,#13415);
#13417=PLANE('',#13416);
#13418=ORIENTED_EDGE('',*,*,#13106,.F.);
#13420=ORIENTED_EDGE('',*,*,#13419,.F.);
#13422=ORIENTED_EDGE('',*,*,#13421,.F.);
#13424=ORIENTED_EDGE('',*,*,#13423,.T.);
#13425=EDGE_LOOP('',(#13418,#13420,#13422,#13424));
#13426=FACE_OUTER_BOUND('',#13425,.F.);
#13427=ADVANCED_FACE('',(#13426),#13417,.T.);
#13428=CARTESIAN_POINT('',(-1.31E0,0.E0,0.E0));
#13429=DIRECTION('',(1.E0,0.E0,0.E0));
#13430=DIRECTION('',(0.E0,0.E0,-1.E0));
#13431=AXIS2_PLACEMENT_3D('',#13428,#13429,#13430);
#13432=PLANE('',#13431);
#13433=ORIENTED_EDGE('',*,*,#13230,.F.);
#13435=ORIENTED_EDGE('',*,*,#13434,.T.);
#13437=ORIENTED_EDGE('',*,*,#13436,.F.);
#13439=ORIENTED_EDGE('',*,*,#13438,.F.);
#13440=EDGE_LOOP('',(#13433,#13435,#13437,#13439));
#13441=FACE_OUTER_BOUND('',#13440,.F.);
#13442=ADVANCED_FACE('',(#13441),#13432,.T.);
#13443=CARTESIAN_POINT('',(-1.31E0,0.E0,0.E0));
#13444=DIRECTION('',(1.E0,0.E0,0.E0));
#13445=DIRECTION('',(0.E0,0.E0,-1.E0));
#13446=AXIS2_PLACEMENT_3D('',#13443,#13444,#13445);
#13447=PLANE('',#13446);
#13449=ORIENTED_EDGE('',*,*,#13448,.T.);
#13451=ORIENTED_EDGE('',*,*,#13450,.F.);
#13453=ORIENTED_EDGE('',*,*,#13452,.F.);
#13455=ORIENTED_EDGE('',*,*,#13454,.T.);
#13457=ORIENTED_EDGE('',*,*,#13456,.F.);
#13459=ORIENTED_EDGE('',*,*,#13458,.F.);
#13461=ORIENTED_EDGE('',*,*,#13460,.F.);
#13463=ORIENTED_EDGE('',*,*,#13462,.F.);
#13465=ORIENTED_EDGE('',*,*,#13464,.F.);
#13466=EDGE_LOOP('',(#13449,#13451,#13453,#13455,#13457,#13459,#13461,#13463,
#13465));
#13467=FACE_OUTER_BOUND('',#13466,.F.);
#13468=ADVANCED_FACE('',(#13467),#13447,.T.);
#13469=CARTESIAN_POINT('',(-1.31E0,0.E0,0.E0));
#13470=DIRECTION('',(1.E0,0.E0,0.E0));
#13471=DIRECTION('',(0.E0,0.E0,-1.E0));
#13472=AXIS2_PLACEMENT_3D('',#13469,#13470,#13471);
#13473=PLANE('',#13472);
#13475=ORIENTED_EDGE('',*,*,#13474,.F.);
#13477=ORIENTED_EDGE('',*,*,#13476,.F.);
#13479=ORIENTED_EDGE('',*,*,#13478,.F.);
#13481=ORIENTED_EDGE('',*,*,#13480,.F.);
#13483=ORIENTED_EDGE('',*,*,#13482,.F.);
#13485=ORIENTED_EDGE('',*,*,#13484,.F.);
#13487=ORIENTED_EDGE('',*,*,#13486,.F.);
#13489=ORIENTED_EDGE('',*,*,#13488,.F.);
#13491=ORIENTED_EDGE('',*,*,#13490,.F.);
#13492=EDGE_LOOP('',(#13475,#13477,#13479,#13481,#13483,#13485,#13487,#13489,
#13491));
#13493=FACE_OUTER_BOUND('',#13492,.F.);
#13494=ADVANCED_FACE('',(#13493),#13473,.T.);
#13495=CARTESIAN_POINT('',(-1.31E0,0.E0,0.E0));
#13496=DIRECTION('',(1.E0,0.E0,0.E0));
#13497=DIRECTION('',(0.E0,0.E0,-1.E0));
#13498=AXIS2_PLACEMENT_3D('',#13495,#13496,#13497);
#13499=PLANE('',#13498);
#13501=ORIENTED_EDGE('',*,*,#13500,.F.);
#13502=ORIENTED_EDGE('',*,*,#12971,.F.);
#13504=ORIENTED_EDGE('',*,*,#13503,.F.);
#13506=ORIENTED_EDGE('',*,*,#13505,.F.);
#13508=ORIENTED_EDGE('',*,*,#13507,.F.);
#13510=ORIENTED_EDGE('',*,*,#13509,.F.);
#13512=ORIENTED_EDGE('',*,*,#13511,.F.);
#13514=ORIENTED_EDGE('',*,*,#13513,.F.);
#13515=EDGE_LOOP('',(#13501,#13502,#13504,#13506,#13508,#13510,#13512,#13514));
#13516=FACE_OUTER_BOUND('',#13515,.F.);
#13517=ADVANCED_FACE('',(#13516),#13499,.T.);
#13518=CARTESIAN_POINT('',(-1.655E0,6.4E-1,7.6E-1));
#13519=DIRECTION('',(0.E0,0.E0,1.E0));
#13520=DIRECTION('',(1.E0,0.E0,0.E0));
#13521=AXIS2_PLACEMENT_3D('',#13518,#13519,#13520);
#13522=PLANE('',#13521);
#13523=ORIENTED_EDGE('',*,*,#13267,.T.);
#13525=ORIENTED_EDGE('',*,*,#13524,.T.);
#13526=ORIENTED_EDGE('',*,*,#13397,.F.);
#13527=ORIENTED_EDGE('',*,*,#13094,.T.);
#13529=ORIENTED_EDGE('',*,*,#13528,.T.);
#13531=ORIENTED_EDGE('',*,*,#13530,.T.);
#13533=ORIENTED_EDGE('',*,*,#13532,.F.);
#13534=ORIENTED_EDGE('',*,*,#13086,.T.);
#13536=ORIENTED_EDGE('',*,*,#13535,.T.);
#13538=ORIENTED_EDGE('',*,*,#13537,.T.);
#13540=ORIENTED_EDGE('',*,*,#13539,.F.);
#13541=ORIENTED_EDGE('',*,*,#13078,.T.);
#13543=ORIENTED_EDGE('',*,*,#13542,.T.);
#13545=ORIENTED_EDGE('',*,*,#13544,.T.);
#13547=ORIENTED_EDGE('',*,*,#13546,.F.);
#13548=ORIENTED_EDGE('',*,*,#13070,.T.);
#13550=ORIENTED_EDGE('',*,*,#13549,.T.);
#13552=ORIENTED_EDGE('',*,*,#13551,.T.);
#13554=ORIENTED_EDGE('',*,*,#13553,.F.);
#13555=ORIENTED_EDGE('',*,*,#13062,.T.);
#13557=ORIENTED_EDGE('',*,*,#13556,.T.);
#13559=ORIENTED_EDGE('',*,*,#13558,.T.);
#13561=ORIENTED_EDGE('',*,*,#13560,.F.);
#13562=ORIENTED_EDGE('',*,*,#13054,.T.);
#13564=ORIENTED_EDGE('',*,*,#13563,.T.);
#13566=ORIENTED_EDGE('',*,*,#13565,.T.);
#13568=ORIENTED_EDGE('',*,*,#13567,.F.);
#13569=ORIENTED_EDGE('',*,*,#13046,.T.);
#13571=ORIENTED_EDGE('',*,*,#13570,.T.);
#13573=ORIENTED_EDGE('',*,*,#13572,.T.);
#13575=ORIENTED_EDGE('',*,*,#13574,.F.);
#13576=ORIENTED_EDGE('',*,*,#13038,.T.);
#13577=ORIENTED_EDGE('',*,*,#11289,.F.);
#13578=ORIENTED_EDGE('',*,*,#12392,.T.);
#13579=ORIENTED_EDGE('',*,*,#12412,.T.);
#13580=ORIENTED_EDGE('',*,*,#12958,.T.);
#13581=EDGE_LOOP('',(#13523,#13525,#13526,#13527,#13529,#13531,#13533,#13534,
#13536,#13538,#13540,#13541,#13543,#13545,#13547,#13548,#13550,#13552,#13554,
#13555,#13557,#13559,#13561,#13562,#13564,#13566,#13568,#13569,#13571,#13573,
#13575,#13576,#13577,#13578,#13579,#13580));
#13582=FACE_OUTER_BOUND('',#13581,.F.);
#13583=ADVANCED_FACE('',(#13582),#13522,.F.);
#13584=CARTESIAN_POINT('',(-1.49E0,5.248449493661E-1,7.251471862576E-1));
#13585=DIRECTION('',(0.E0,7.071067811865E-1,-7.071067811865E-1));
#13586=DIRECTION('',(0.E0,7.071067811865E-1,7.071067811865E-1));
#13587=AXIS2_PLACEMENT_3D('',#13584,#13585,#13586);
#13588=PLANE('',#13587);
#13589=ORIENTED_EDGE('',*,*,#13524,.F.);
#13590=ORIENTED_EDGE('',*,*,#13265,.F.);
#13592=ORIENTED_EDGE('',*,*,#13591,.T.);
#13593=ORIENTED_EDGE('',*,*,#13399,.T.);
#13594=EDGE_LOOP('',(#13589,#13590,#13592,#13593));
#13595=FACE_OUTER_BOUND('',#13594,.F.);
#13596=ADVANCED_FACE('',(#13595),#13588,.T.);
#13597=CARTESIAN_POINT('',(-1.49E0,4.399921356237E-1,8.1E-1));
#13598=DIRECTION('',(1.E0,0.E0,0.E0));
#13599=DIRECTION('',(0.E0,0.E0,-1.E0));
#13600=AXIS2_PLACEMENT_3D('',#13597,#13598,#13599);
#13601=CYLINDRICAL_SURFACE('',#13600,1.2E-1);
#13602=ORIENTED_EDGE('',*,*,#13263,.F.);
#13604=ORIENTED_EDGE('',*,*,#13603,.T.);
#13605=ORIENTED_EDGE('',*,*,#13401,.T.);
#13606=ORIENTED_EDGE('',*,*,#13591,.F.);
#13607=EDGE_LOOP('',(#13602,#13604,#13605,#13606));
#13608=FACE_OUTER_BOUND('',#13607,.F.);
#13609=ADVANCED_FACE('',(#13608),#13601,.T.);
#13610=CARTESIAN_POINT('',(-1.49E0,3.588161938129E-1,7.153632171891E-1));
#13611=DIRECTION('',(0.E0,-4.205608285392E-1,-9.072643437821E-1));
#13612=DIRECTION('',(0.E0,9.072643437821E-1,-4.205608285392E-1));
#13613=AXIS2_PLACEMENT_3D('',#13610,#13611,#13612);
#13614=PLANE('',#13613);
#13615=ORIENTED_EDGE('',*,*,#13261,.F.);
#13617=ORIENTED_EDGE('',*,*,#13616,.T.);
#13618=ORIENTED_EDGE('',*,*,#13403,.T.);
#13619=ORIENTED_EDGE('',*,*,#13603,.F.);
#13620=EDGE_LOOP('',(#13615,#13617,#13618,#13619));
#13621=FACE_OUTER_BOUND('',#13620,.F.);
#13622=ADVANCED_FACE('',(#13621),#13614,.T.);
#13623=CARTESIAN_POINT('',(-1.49E0,3.377881523859E-1,6.7E-1));
#13624=DIRECTION('',(1.E0,0.E0,0.E0));
#13625=DIRECTION('',(0.E0,0.E0,-1.E0));
#13626=AXIS2_PLACEMENT_3D('',#13623,#13624,#13625);
#13627=CYLINDRICAL_SURFACE('',#13626,5.E-2);
#13628=ORIENTED_EDGE('',*,*,#13259,.F.);
#13630=ORIENTED_EDGE('',*,*,#13629,.T.);
#13631=ORIENTED_EDGE('',*,*,#13405,.T.);
#13632=ORIENTED_EDGE('',*,*,#13616,.F.);
#13633=EDGE_LOOP('',(#13628,#13630,#13631,#13632));
#13634=FACE_OUTER_BOUND('',#13633,.F.);
#13635=ADVANCED_FACE('',(#13634),#13627,.F.);
#13636=CARTESIAN_POINT('',(-1.49E0,1.996831997875E-1,7.2E-1));
#13637=DIRECTION('',(0.E0,0.E0,-1.E0));
#13638=DIRECTION('',(0.E0,1.E0,0.E0));
#13639=AXIS2_PLACEMENT_3D('',#13636,#13637,#13638);
#13640=PLANE('',#13639);
#13641=ORIENTED_EDGE('',*,*,#13257,.F.);
#13642=ORIENTED_EDGE('',*,*,#13385,.T.);
#13643=ORIENTED_EDGE('',*,*,#13407,.T.);
#13644=ORIENTED_EDGE('',*,*,#13629,.F.);
#13645=EDGE_LOOP('',(#13641,#13642,#13643,#13644));
#13646=FACE_OUTER_BOUND('',#13645,.F.);
#13647=ADVANCED_FACE('',(#13646),#13640,.T.);
#13648=CARTESIAN_POINT('',(-1.09E0,0.E0,0.E0));
#13649=DIRECTION('',(1.E0,0.E0,0.E0));
#13650=DIRECTION('',(0.E0,0.E0,-1.E0));
#13651=AXIS2_PLACEMENT_3D('',#13648,#13649,#13650);
#13652=PLANE('',#13651);
#13653=ORIENTED_EDGE('',*,*,#13092,.T.);
#13655=ORIENTED_EDGE('',*,*,#13654,.T.);
#13657=ORIENTED_EDGE('',*,*,#13656,.T.);
#13659=ORIENTED_EDGE('',*,*,#13658,.T.);
#13661=ORIENTED_EDGE('',*,*,#13660,.T.);
#13663=ORIENTED_EDGE('',*,*,#13662,.T.);
#13665=ORIENTED_EDGE('',*,*,#13664,.T.);
#13666=ORIENTED_EDGE('',*,*,#13528,.F.);
#13667=EDGE_LOOP('',(#13653,#13655,#13657,#13659,#13661,#13663,#13665,#13666));
#13668=FACE_OUTER_BOUND('',#13667,.F.);
#13669=ADVANCED_FACE('',(#13668),#13652,.F.);
#13670=CARTESIAN_POINT('',(-1.09E0,0.E0,0.E0));
#13671=DIRECTION('',(1.E0,0.E0,0.E0));
#13672=DIRECTION('',(0.E0,0.E0,-1.E0));
#13673=AXIS2_PLACEMENT_3D('',#13670,#13671,#13672);
#13674=PLANE('',#13673);
#13675=ORIENTED_EDGE('',*,*,#13110,.T.);
#13677=ORIENTED_EDGE('',*,*,#13676,.F.);
#13679=ORIENTED_EDGE('',*,*,#13678,.T.);
#13681=ORIENTED_EDGE('',*,*,#13680,.T.);
#13682=EDGE_LOOP('',(#13675,#13677,#13679,#13681));
#13683=FACE_OUTER_BOUND('',#13682,.F.);
#13684=ADVANCED_FACE('',(#13683),#13674,.F.);
#13685=CARTESIAN_POINT('',(-1.09E0,0.E0,0.E0));
#13686=DIRECTION('',(1.E0,0.E0,0.E0));
#13687=DIRECTION('',(0.E0,0.E0,-1.E0));
#13688=AXIS2_PLACEMENT_3D('',#13685,#13686,#13687);
#13689=PLANE('',#13688);
#13690=ORIENTED_EDGE('',*,*,#13226,.T.);
#13692=ORIENTED_EDGE('',*,*,#13691,.T.);
#13694=ORIENTED_EDGE('',*,*,#13693,.T.);
#13696=ORIENTED_EDGE('',*,*,#13695,.F.);
#13697=EDGE_LOOP('',(#13690,#13692,#13694,#13696));
#13698=FACE_OUTER_BOUND('',#13697,.F.);
#13699=ADVANCED_FACE('',(#13698),#13689,.F.);
#13700=CARTESIAN_POINT('',(-1.09E0,0.E0,0.E0));
#13701=DIRECTION('',(1.E0,0.E0,0.E0));
#13702=DIRECTION('',(0.E0,0.E0,-1.E0));
#13703=AXIS2_PLACEMENT_3D('',#13700,#13701,#13702);
#13704=PLANE('',#13703);
#13706=ORIENTED_EDGE('',*,*,#13705,.F.);
#13708=ORIENTED_EDGE('',*,*,#13707,.T.);
#13710=ORIENTED_EDGE('',*,*,#13709,.T.);
#13712=ORIENTED_EDGE('',*,*,#13711,.T.);
#13714=ORIENTED_EDGE('',*,*,#13713,.T.);
#13716=ORIENTED_EDGE('',*,*,#13715,.T.);
#13718=ORIENTED_EDGE('',*,*,#13717,.F.);
#13720=ORIENTED_EDGE('',*,*,#13719,.F.);
#13722=ORIENTED_EDGE('',*,*,#13721,.T.);
#13723=EDGE_LOOP('',(#13706,#13708,#13710,#13712,#13714,#13716,#13718,#13720,
#13722));
#13724=FACE_OUTER_BOUND('',#13723,.F.);
#13725=ADVANCED_FACE('',(#13724),#13704,.F.);
#13726=CARTESIAN_POINT('',(-1.09E0,0.E0,0.E0));
#13727=DIRECTION('',(1.E0,0.E0,0.E0));
#13728=DIRECTION('',(0.E0,0.E0,-1.E0));
#13729=AXIS2_PLACEMENT_3D('',#13726,#13727,#13728);
#13730=PLANE('',#13729);
#13732=ORIENTED_EDGE('',*,*,#13731,.T.);
#13734=ORIENTED_EDGE('',*,*,#13733,.T.);
#13736=ORIENTED_EDGE('',*,*,#13735,.F.);
#13738=ORIENTED_EDGE('',*,*,#13737,.T.);
#13740=ORIENTED_EDGE('',*,*,#13739,.T.);
#13742=ORIENTED_EDGE('',*,*,#13741,.T.);
#13744=ORIENTED_EDGE('',*,*,#13743,.T.);
#13746=ORIENTED_EDGE('',*,*,#13745,.T.);
#13748=ORIENTED_EDGE('',*,*,#13747,.T.);
#13749=EDGE_LOOP('',(#13732,#13734,#13736,#13738,#13740,#13742,#13744,#13746,
#13748));
#13750=FACE_OUTER_BOUND('',#13749,.F.);
#13751=ADVANCED_FACE('',(#13750),#13730,.F.);
#13752=CARTESIAN_POINT('',(-1.09E0,0.E0,0.E0));
#13753=DIRECTION('',(1.E0,0.E0,0.E0));
#13754=DIRECTION('',(0.E0,0.E0,-1.E0));
#13755=AXIS2_PLACEMENT_3D('',#13752,#13753,#13754);
#13756=PLANE('',#13755);
#13758=ORIENTED_EDGE('',*,*,#13757,.T.);
#13760=ORIENTED_EDGE('',*,*,#13759,.T.);
#13762=ORIENTED_EDGE('',*,*,#13761,.T.);
#13764=ORIENTED_EDGE('',*,*,#13763,.T.);
#13766=ORIENTED_EDGE('',*,*,#13765,.T.);
#13768=ORIENTED_EDGE('',*,*,#13767,.T.);
#13770=ORIENTED_EDGE('',*,*,#13769,.T.);
#13771=ORIENTED_EDGE('',*,*,#12975,.T.);
#13772=EDGE_LOOP('',(#13758,#13760,#13762,#13764,#13766,#13768,#13770,#13771));
#13773=FACE_OUTER_BOUND('',#13772,.F.);
#13774=ADVANCED_FACE('',(#13773),#13756,.F.);
#13775=CARTESIAN_POINT('',(-1.09E0,1.996831997875E-1,6.2E-1));
#13776=DIRECTION('',(1.E0,0.E0,0.E0));
#13777=DIRECTION('',(0.E0,0.E0,-1.E0));
#13778=AXIS2_PLACEMENT_3D('',#13775,#13776,#13777);
#13779=CYLINDRICAL_SURFACE('',#13778,1.E-1);
#13780=ORIENTED_EDGE('',*,*,#13090,.T.);
#13782=ORIENTED_EDGE('',*,*,#13781,.T.);
#13784=ORIENTED_EDGE('',*,*,#13783,.F.);
#13785=ORIENTED_EDGE('',*,*,#13654,.F.);
#13786=EDGE_LOOP('',(#13780,#13782,#13784,#13785));
#13787=FACE_OUTER_BOUND('',#13786,.F.);
#13788=ADVANCED_FACE('',(#13787),#13779,.F.);
#13789=CARTESIAN_POINT('',(-9.1E-1,0.E0,0.E0));
#13790=DIRECTION('',(1.E0,0.E0,0.E0));
#13791=DIRECTION('',(0.E0,0.E0,-1.E0));
#13792=AXIS2_PLACEMENT_3D('',#13789,#13790,#13791);
#13793=PLANE('',#13792);
#13794=ORIENTED_EDGE('',*,*,#13088,.F.);
#13795=ORIENTED_EDGE('',*,*,#13532,.T.);
#13797=ORIENTED_EDGE('',*,*,#13796,.F.);
#13799=ORIENTED_EDGE('',*,*,#13798,.F.);
#13801=ORIENTED_EDGE('',*,*,#13800,.F.);
#13803=ORIENTED_EDGE('',*,*,#13802,.F.);
#13805=ORIENTED_EDGE('',*,*,#13804,.F.);
#13806=ORIENTED_EDGE('',*,*,#13781,.F.);
#13807=EDGE_LOOP('',(#13794,#13795,#13797,#13799,#13801,#13803,#13805,#13806));
#13808=FACE_OUTER_BOUND('',#13807,.F.);
#13809=ADVANCED_FACE('',(#13808),#13793,.T.);
#13810=CARTESIAN_POINT('',(-9.1E-1,0.E0,0.E0));
#13811=DIRECTION('',(1.E0,0.E0,0.E0));
#13812=DIRECTION('',(0.E0,0.E0,-1.E0));
#13813=AXIS2_PLACEMENT_3D('',#13810,#13811,#13812);
#13814=PLANE('',#13813);
#13815=ORIENTED_EDGE('',*,*,#13114,.F.);
#13817=ORIENTED_EDGE('',*,*,#13816,.F.);
#13819=ORIENTED_EDGE('',*,*,#13818,.F.);
#13821=ORIENTED_EDGE('',*,*,#13820,.T.);
#13822=EDGE_LOOP('',(#13815,#13817,#13819,#13821));
#13823=FACE_OUTER_BOUND('',#13822,.F.);
#13824=ADVANCED_FACE('',(#13823),#13814,.T.);
#13825=CARTESIAN_POINT('',(-9.1E-1,0.E0,0.E0));
#13826=DIRECTION('',(1.E0,0.E0,0.E0));
#13827=DIRECTION('',(0.E0,0.E0,-1.E0));
#13828=AXIS2_PLACEMENT_3D('',#13825,#13826,#13827);
#13829=PLANE('',#13828);
#13830=ORIENTED_EDGE('',*,*,#13222,.F.);
#13832=ORIENTED_EDGE('',*,*,#13831,.T.);
#13834=ORIENTED_EDGE('',*,*,#13833,.F.);
#13836=ORIENTED_EDGE('',*,*,#13835,.F.);
#13837=EDGE_LOOP('',(#13830,#13832,#13834,#13836));
#13838=FACE_OUTER_BOUND('',#13837,.F.);
#13839=ADVANCED_FACE('',(#13838),#13829,.T.);
#13840=CARTESIAN_POINT('',(-9.1E-1,0.E0,0.E0));
#13841=DIRECTION('',(1.E0,0.E0,0.E0));
#13842=DIRECTION('',(0.E0,0.E0,-1.E0));
#13843=AXIS2_PLACEMENT_3D('',#13840,#13841,#13842);
#13844=PLANE('',#13843);
#13846=ORIENTED_EDGE('',*,*,#13845,.T.);
#13848=ORIENTED_EDGE('',*,*,#13847,.F.);
#13850=ORIENTED_EDGE('',*,*,#13849,.F.);
#13852=ORIENTED_EDGE('',*,*,#13851,.T.);
#13854=ORIENTED_EDGE('',*,*,#13853,.F.);
#13856=ORIENTED_EDGE('',*,*,#13855,.F.);
#13858=ORIENTED_EDGE('',*,*,#13857,.F.);
#13860=ORIENTED_EDGE('',*,*,#13859,.F.);
#13862=ORIENTED_EDGE('',*,*,#13861,.F.);
#13863=EDGE_LOOP('',(#13846,#13848,#13850,#13852,#13854,#13856,#13858,#13860,
#13862));
#13864=FACE_OUTER_BOUND('',#13863,.F.);
#13865=ADVANCED_FACE('',(#13864),#13844,.T.);
#13866=CARTESIAN_POINT('',(-9.1E-1,0.E0,0.E0));
#13867=DIRECTION('',(1.E0,0.E0,0.E0));
#13868=DIRECTION('',(0.E0,0.E0,-1.E0));
#13869=AXIS2_PLACEMENT_3D('',#13866,#13867,#13868);
#13870=PLANE('',#13869);
#13872=ORIENTED_EDGE('',*,*,#13871,.F.);
#13874=ORIENTED_EDGE('',*,*,#13873,.F.);
#13876=ORIENTED_EDGE('',*,*,#13875,.F.);
#13878=ORIENTED_EDGE('',*,*,#13877,.F.);
#13880=ORIENTED_EDGE('',*,*,#13879,.F.);
#13882=ORIENTED_EDGE('',*,*,#13881,.F.);
#13884=ORIENTED_EDGE('',*,*,#13883,.F.);
#13886=ORIENTED_EDGE('',*,*,#13885,.F.);
#13888=ORIENTED_EDGE('',*,*,#13887,.F.);
#13889=EDGE_LOOP('',(#13872,#13874,#13876,#13878,#13880,#13882,#13884,#13886,
#13888));
#13890=FACE_OUTER_BOUND('',#13889,.F.);
#13891=ADVANCED_FACE('',(#13890),#13870,.T.);
#13892=CARTESIAN_POINT('',(-9.1E-1,0.E0,0.E0));
#13893=DIRECTION('',(1.E0,0.E0,0.E0));
#13894=DIRECTION('',(0.E0,0.E0,-1.E0));
#13895=AXIS2_PLACEMENT_3D('',#13892,#13893,#13894);
#13896=PLANE('',#13895);
#13898=ORIENTED_EDGE('',*,*,#13897,.F.);
#13899=ORIENTED_EDGE('',*,*,#12979,.F.);
#13901=ORIENTED_EDGE('',*,*,#13900,.F.);
#13903=ORIENTED_EDGE('',*,*,#13902,.F.);
#13905=ORIENTED_EDGE('',*,*,#13904,.F.);
#13907=ORIENTED_EDGE('',*,*,#13906,.F.);
#13909=ORIENTED_EDGE('',*,*,#13908,.F.);
#13911=ORIENTED_EDGE('',*,*,#13910,.F.);
#13912=EDGE_LOOP('',(#13898,#13899,#13901,#13903,#13905,#13907,#13909,#13911));
#13913=FACE_OUTER_BOUND('',#13912,.F.);
#13914=ADVANCED_FACE('',(#13913),#13896,.T.);
#13915=CARTESIAN_POINT('',(-1.09E0,5.248449493661E-1,7.251471862576E-1));
#13916=DIRECTION('',(0.E0,7.071067811865E-1,-7.071067811865E-1));
#13917=DIRECTION('',(0.E0,7.071067811865E-1,7.071067811865E-1));
#13918=AXIS2_PLACEMENT_3D('',#13915,#13916,#13917);
#13919=PLANE('',#13918);
#13920=ORIENTED_EDGE('',*,*,#13530,.F.);
#13921=ORIENTED_EDGE('',*,*,#13664,.F.);
#13923=ORIENTED_EDGE('',*,*,#13922,.T.);
#13924=ORIENTED_EDGE('',*,*,#13796,.T.);
#13925=EDGE_LOOP('',(#13920,#13921,#13923,#13924));
#13926=FACE_OUTER_BOUND('',#13925,.F.);
#13927=ADVANCED_FACE('',(#13926),#13919,.T.);
#13928=CARTESIAN_POINT('',(-1.09E0,4.399921356237E-1,8.1E-1));
#13929=DIRECTION('',(1.E0,0.E0,0.E0));
#13930=DIRECTION('',(0.E0,0.E0,-1.E0));
#13931=AXIS2_PLACEMENT_3D('',#13928,#13929,#13930);
#13932=CYLINDRICAL_SURFACE('',#13931,1.2E-1);
#13933=ORIENTED_EDGE('',*,*,#13662,.F.);
#13935=ORIENTED_EDGE('',*,*,#13934,.T.);
#13936=ORIENTED_EDGE('',*,*,#13798,.T.);
#13937=ORIENTED_EDGE('',*,*,#13922,.F.);
#13938=EDGE_LOOP('',(#13933,#13935,#13936,#13937));
#13939=FACE_OUTER_BOUND('',#13938,.F.);
#13940=ADVANCED_FACE('',(#13939),#13932,.T.);
#13941=CARTESIAN_POINT('',(-1.09E0,3.588161938129E-1,7.153632171891E-1));
#13942=DIRECTION('',(0.E0,-4.205608285392E-1,-9.072643437821E-1));
#13943=DIRECTION('',(0.E0,9.072643437821E-1,-4.205608285392E-1));
#13944=AXIS2_PLACEMENT_3D('',#13941,#13942,#13943);
#13945=PLANE('',#13944);
#13946=ORIENTED_EDGE('',*,*,#13660,.F.);
#13948=ORIENTED_EDGE('',*,*,#13947,.T.);
#13949=ORIENTED_EDGE('',*,*,#13800,.T.);
#13950=ORIENTED_EDGE('',*,*,#13934,.F.);
#13951=EDGE_LOOP('',(#13946,#13948,#13949,#13950));
#13952=FACE_OUTER_BOUND('',#13951,.F.);
#13953=ADVANCED_FACE('',(#13952),#13945,.T.);
#13954=CARTESIAN_POINT('',(-1.09E0,3.377881523859E-1,6.7E-1));
#13955=DIRECTION('',(1.E0,0.E0,0.E0));
#13956=DIRECTION('',(0.E0,0.E0,-1.E0));
#13957=AXIS2_PLACEMENT_3D('',#13954,#13955,#13956);
#13958=CYLINDRICAL_SURFACE('',#13957,5.E-2);
#13959=ORIENTED_EDGE('',*,*,#13658,.F.);
#13961=ORIENTED_EDGE('',*,*,#13960,.T.);
#13962=ORIENTED_EDGE('',*,*,#13802,.T.);
#13963=ORIENTED_EDGE('',*,*,#13947,.F.);
#13964=EDGE_LOOP('',(#13959,#13961,#13962,#13963));
#13965=FACE_OUTER_BOUND('',#13964,.F.);
#13966=ADVANCED_FACE('',(#13965),#13958,.F.);
#13967=CARTESIAN_POINT('',(-1.09E0,1.996831997875E-1,7.2E-1));
#13968=DIRECTION('',(0.E0,0.E0,-1.E0));
#13969=DIRECTION('',(0.E0,1.E0,0.E0));
#13970=AXIS2_PLACEMENT_3D('',#13967,#13968,#13969);
#13971=PLANE('',#13970);
#13972=ORIENTED_EDGE('',*,*,#13656,.F.);
#13973=ORIENTED_EDGE('',*,*,#13783,.T.);
#13974=ORIENTED_EDGE('',*,*,#13804,.T.);
#13975=ORIENTED_EDGE('',*,*,#13960,.F.);
#13976=EDGE_LOOP('',(#13972,#13973,#13974,#13975));
#13977=FACE_OUTER_BOUND('',#13976,.F.);
#13978=ADVANCED_FACE('',(#13977),#13971,.T.);
#13979=CARTESIAN_POINT('',(-1.09E0,1.098579106768E-1,4.452695676255E-1));
#13980=DIRECTION('',(0.E0,9.982502668381E-1,5.913040468104E-2));
#13981=DIRECTION('',(0.E0,-5.913040468104E-2,9.982502668381E-1));
#13982=AXIS2_PLACEMENT_3D('',#13979,#13980,#13981);
#13983=PLANE('',#13982);
#13984=ORIENTED_EDGE('',*,*,#13112,.F.);
#13985=ORIENTED_EDGE('',*,*,#13680,.F.);
#13987=ORIENTED_EDGE('',*,*,#13986,.T.);
#13988=ORIENTED_EDGE('',*,*,#13816,.T.);
#13989=EDGE_LOOP('',(#13984,#13985,#13987,#13988));
#13990=FACE_OUTER_BOUND('',#13989,.F.);
#13991=ADVANCED_FACE('',(#13990),#13983,.T.);
#13992=CARTESIAN_POINT('',(-1.09E0,1.897179320238E-1,4.5E-1));
#13993=DIRECTION('',(1.E0,0.E0,0.E0));
#13994=DIRECTION('',(0.E0,0.E0,-1.E0));
#13995=AXIS2_PLACEMENT_3D('',#13992,#13993,#13994);
#13996=CYLINDRICAL_SURFACE('',#13995,8.E-2);
#13998=ORIENTED_EDGE('',*,*,#13997,.T.);
#13999=ORIENTED_EDGE('',*,*,#13818,.T.);
#14000=ORIENTED_EDGE('',*,*,#13986,.F.);
#14001=ORIENTED_EDGE('',*,*,#13678,.F.);
#14002=EDGE_LOOP('',(#13998,#13999,#14000,#14001));
#14003=FACE_OUTER_BOUND('',#14002,.F.);
#14004=ADVANCED_FACE('',(#14003),#13996,.F.);
#14005=CARTESIAN_POINT('',(0.E0,1.5E-1,4.05E-1));
#14006=DIRECTION('',(0.E0,5.734623443633E-1,8.192319205190E-1));
#14007=DIRECTION('',(-1.E0,0.E0,0.E0));
#14008=AXIS2_PLACEMENT_3D('',#14005,#14006,#14007);
#14009=PLANE('',#14008);
#14010=ORIENTED_EDGE('',*,*,#13278,.T.);
#14011=ORIENTED_EDGE('',*,*,#13244,.F.);
#14013=ORIENTED_EDGE('',*,*,#14012,.T.);
#14015=ORIENTED_EDGE('',*,*,#14014,.T.);
#14017=ORIENTED_EDGE('',*,*,#14016,.F.);
#14018=ORIENTED_EDGE('',*,*,#13164,.F.);
#14020=ORIENTED_EDGE('',*,*,#14019,.F.);
#14022=ORIENTED_EDGE('',*,*,#14021,.F.);
#14024=ORIENTED_EDGE('',*,*,#14023,.T.);
#14025=ORIENTED_EDGE('',*,*,#13156,.F.);
#14027=ORIENTED_EDGE('',*,*,#14026,.F.);
#14029=ORIENTED_EDGE('',*,*,#14028,.F.);
#14031=ORIENTED_EDGE('',*,*,#14030,.T.);
#14032=ORIENTED_EDGE('',*,*,#13148,.F.);
#14034=ORIENTED_EDGE('',*,*,#14033,.F.);
#14036=ORIENTED_EDGE('',*,*,#14035,.F.);
#14038=ORIENTED_EDGE('',*,*,#14037,.T.);
#14039=ORIENTED_EDGE('',*,*,#13140,.F.);
#14041=ORIENTED_EDGE('',*,*,#14040,.F.);
#14043=ORIENTED_EDGE('',*,*,#14042,.F.);
#14045=ORIENTED_EDGE('',*,*,#14044,.T.);
#14046=ORIENTED_EDGE('',*,*,#13132,.F.);
#14048=ORIENTED_EDGE('',*,*,#14047,.F.);
#14050=ORIENTED_EDGE('',*,*,#14049,.F.);
#14052=ORIENTED_EDGE('',*,*,#14051,.T.);
#14053=ORIENTED_EDGE('',*,*,#13124,.F.);
#14055=ORIENTED_EDGE('',*,*,#14054,.F.);
#14057=ORIENTED_EDGE('',*,*,#14056,.F.);
#14059=ORIENTED_EDGE('',*,*,#14058,.T.);
#14060=ORIENTED_EDGE('',*,*,#13116,.F.);
#14061=ORIENTED_EDGE('',*,*,#13820,.F.);
#14062=ORIENTED_EDGE('',*,*,#13997,.F.);
#14063=ORIENTED_EDGE('',*,*,#13676,.T.);
#14064=ORIENTED_EDGE('',*,*,#13108,.F.);
#14065=ORIENTED_EDGE('',*,*,#13423,.F.);
#14067=ORIENTED_EDGE('',*,*,#14066,.F.);
#14068=EDGE_LOOP('',(#14010,#14011,#14013,#14015,#14017,#14018,#14020,#14022,
#14024,#14025,#14027,#14029,#14031,#14032,#14034,#14036,#14038,#14039,#14041,
#14043,#14045,#14046,#14048,#14050,#14052,#14053,#14055,#14057,#14059,#14060,
#14061,#14062,#14063,#14064,#14065,#14067));
#14069=FACE_OUTER_BOUND('',#14068,.F.);
#14070=ADVANCED_FACE('',(#14069),#14009,.T.);
#14071=CARTESIAN_POINT('',(-1.625E0,1.500013073705E-1,2.7E-1));
#14072=DIRECTION('',(0.E0,-1.E0,0.E0));
#14073=DIRECTION('',(0.E0,0.E0,-1.E0));
#14074=AXIS2_PLACEMENT_3D('',#14071,#14072,#14073);
#14075=CONICAL_SURFACE('',#14074,1.350009472744E-1,3.499239154770E1);
#14076=ORIENTED_EDGE('',*,*,#13242,.F.);
#14078=ORIENTED_EDGE('',*,*,#14077,.T.);
#14080=ORIENTED_EDGE('',*,*,#14079,.T.);
#14081=ORIENTED_EDGE('',*,*,#14012,.F.);
#14082=EDGE_LOOP('',(#14076,#14078,#14080,#14081));
#14083=FACE_OUTER_BOUND('',#14082,.F.);
#14084=ADVANCED_FACE('',(#14083),#14075,.T.);
#14085=CARTESIAN_POINT('',(-1.76E0,1.5E-1,0.E0));
#14086=DIRECTION('',(-8.192319205190E-1,5.734623443633E-1,0.E0));
#14087=DIRECTION('',(0.E0,0.E0,-1.E0));
#14088=AXIS2_PLACEMENT_3D('',#14085,#14086,#14087);
#14089=PLANE('',#14088);
#14090=ORIENTED_EDGE('',*,*,#13240,.F.);
#14092=ORIENTED_EDGE('',*,*,#14091,.T.);
#14094=ORIENTED_EDGE('',*,*,#14093,.T.);
#14095=ORIENTED_EDGE('',*,*,#14077,.F.);
#14096=EDGE_LOOP('',(#14090,#14092,#14094,#14095));
#14097=FACE_OUTER_BOUND('',#14096,.F.);
#14098=ADVANCED_FACE('',(#14097),#14089,.T.);
#14099=CARTESIAN_POINT('',(-1.625E0,1.500013073705E-1,-2.7E-1));
#14100=DIRECTION('',(0.E0,-1.E0,0.E0));
#14101=DIRECTION('',(0.E0,0.E0,-1.E0));
#14102=AXIS2_PLACEMENT_3D('',#14099,#14100,#14101);
#14103=CONICAL_SURFACE('',#14102,1.350009472744E-1,3.499239154770E1);
#14104=ORIENTED_EDGE('',*,*,#13238,.F.);
#14106=ORIENTED_EDGE('',*,*,#14105,.T.);
#14108=ORIENTED_EDGE('',*,*,#14107,.T.);
#14109=ORIENTED_EDGE('',*,*,#14091,.F.);
#14110=EDGE_LOOP('',(#14104,#14106,#14108,#14109));
#14111=FACE_OUTER_BOUND('',#14110,.F.);
#14112=ADVANCED_FACE('',(#14111),#14103,.T.);
#14113=CARTESIAN_POINT('',(0.E0,1.5E-1,-4.05E-1));
#14114=DIRECTION('',(0.E0,5.734623443633E-1,-8.192319205190E-1));
#14115=DIRECTION('',(-1.E0,0.E0,0.E0));
#14116=AXIS2_PLACEMENT_3D('',#14113,#14114,#14115);
#14117=PLANE('',#14116);
#14118=ORIENTED_EDGE('',*,*,#13297,.T.);
#14120=ORIENTED_EDGE('',*,*,#14119,.T.);
#14121=ORIENTED_EDGE('',*,*,#13434,.F.);
#14122=ORIENTED_EDGE('',*,*,#13228,.F.);
#14123=ORIENTED_EDGE('',*,*,#13695,.T.);
#14125=ORIENTED_EDGE('',*,*,#14124,.T.);
#14126=ORIENTED_EDGE('',*,*,#13831,.F.);
#14127=ORIENTED_EDGE('',*,*,#13220,.F.);
#14129=ORIENTED_EDGE('',*,*,#14128,.T.);
#14131=ORIENTED_EDGE('',*,*,#14130,.T.);
#14133=ORIENTED_EDGE('',*,*,#14132,.F.);
#14134=ORIENTED_EDGE('',*,*,#13212,.F.);
#14136=ORIENTED_EDGE('',*,*,#14135,.T.);
#14138=ORIENTED_EDGE('',*,*,#14137,.T.);
#14140=ORIENTED_EDGE('',*,*,#14139,.F.);
#14141=ORIENTED_EDGE('',*,*,#13204,.F.);
#14143=ORIENTED_EDGE('',*,*,#14142,.T.);
#14145=ORIENTED_EDGE('',*,*,#14144,.T.);
#14147=ORIENTED_EDGE('',*,*,#14146,.F.);
#14148=ORIENTED_EDGE('',*,*,#13196,.F.);
#14150=ORIENTED_EDGE('',*,*,#14149,.T.);
#14152=ORIENTED_EDGE('',*,*,#14151,.T.);
#14154=ORIENTED_EDGE('',*,*,#14153,.F.);
#14155=ORIENTED_EDGE('',*,*,#13188,.F.);
#14157=ORIENTED_EDGE('',*,*,#14156,.T.);
#14159=ORIENTED_EDGE('',*,*,#14158,.T.);
#14161=ORIENTED_EDGE('',*,*,#14160,.F.);
#14162=ORIENTED_EDGE('',*,*,#13180,.F.);
#14164=ORIENTED_EDGE('',*,*,#14163,.T.);
#14166=ORIENTED_EDGE('',*,*,#14165,.T.);
#14168=ORIENTED_EDGE('',*,*,#14167,.F.);
#14169=ORIENTED_EDGE('',*,*,#13172,.F.);
#14171=ORIENTED_EDGE('',*,*,#14170,.T.);
#14173=ORIENTED_EDGE('',*,*,#14172,.T.);
#14174=ORIENTED_EDGE('',*,*,#14105,.F.);
#14175=ORIENTED_EDGE('',*,*,#13236,.F.);
#14176=EDGE_LOOP('',(#14118,#14120,#14121,#14122,#14123,#14125,#14126,#14127,
#14129,#14131,#14133,#14134,#14136,#14138,#14140,#14141,#14143,#14145,#14147,
#14148,#14150,#14152,#14154,#14155,#14157,#14159,#14161,#14162,#14164,#14166,
#14168,#14169,#14171,#14173,#14174,#14175));
#14177=FACE_OUTER_BOUND('',#14176,.F.);
#14178=ADVANCED_FACE('',(#14177),#14117,.T.);
#14179=CARTESIAN_POINT('',(-1.49E0,1.897179320238E-1,-4.5E-1));
#14180=DIRECTION('',(1.E0,0.E0,0.E0));
#14181=DIRECTION('',(0.E0,0.E0,-1.E0));
#14182=AXIS2_PLACEMENT_3D('',#14179,#14180,#14181);
#14183=CYLINDRICAL_SURFACE('',#14182,8.E-2);
#14184=ORIENTED_EDGE('',*,*,#14119,.F.);
#14185=ORIENTED_EDGE('',*,*,#13295,.F.);
#14187=ORIENTED_EDGE('',*,*,#14186,.T.);
#14188=ORIENTED_EDGE('',*,*,#13436,.T.);
#14189=EDGE_LOOP('',(#14184,#14185,#14187,#14188));
#14190=FACE_OUTER_BOUND('',#14189,.F.);
#14191=ADVANCED_FACE('',(#14190),#14183,.F.);
#14192=CARTESIAN_POINT('',(-1.49E0,9.985817310370E-2,-6.140869595319E-1));
#14193=DIRECTION('',(0.E0,9.982502668381E-1,-5.913040468104E-2));
#14194=DIRECTION('',(0.E0,5.913040468104E-2,9.982502668381E-1));
#14195=AXIS2_PLACEMENT_3D('',#14192,#14193,#14194);
#14196=PLANE('',#14195);
#14197=ORIENTED_EDGE('',*,*,#13232,.T.);
#14198=ORIENTED_EDGE('',*,*,#13438,.T.);
#14199=ORIENTED_EDGE('',*,*,#14186,.F.);
#14200=ORIENTED_EDGE('',*,*,#13293,.F.);
#14201=EDGE_LOOP('',(#14197,#14198,#14199,#14200));
#14202=FACE_OUTER_BOUND('',#14201,.F.);
#14203=ADVANCED_FACE('',(#14202),#14196,.T.);
#14204=CARTESIAN_POINT('',(-1.09E0,1.897179320238E-1,-4.5E-1));
#14205=DIRECTION('',(1.E0,0.E0,0.E0));
#14206=DIRECTION('',(0.E0,0.E0,-1.E0));
#14207=AXIS2_PLACEMENT_3D('',#14204,#14205,#14206);
#14208=CYLINDRICAL_SURFACE('',#14207,8.E-2);
#14209=ORIENTED_EDGE('',*,*,#14124,.F.);
#14210=ORIENTED_EDGE('',*,*,#13693,.F.);
#14212=ORIENTED_EDGE('',*,*,#14211,.T.);
#14213=ORIENTED_EDGE('',*,*,#13833,.T.);
#14214=EDGE_LOOP('',(#14209,#14210,#14212,#14213));
#14215=FACE_OUTER_BOUND('',#14214,.F.);
#14216=ADVANCED_FACE('',(#14215),#14208,.F.);
#14217=CARTESIAN_POINT('',(-1.09E0,9.985817310370E-2,-6.140869595319E-1));
#14218=DIRECTION('',(0.E0,9.982502668381E-1,-5.913040468104E-2));
#14219=DIRECTION('',(0.E0,5.913040468104E-2,9.982502668381E-1));
#14220=AXIS2_PLACEMENT_3D('',#14217,#14218,#14219);
#14221=PLANE('',#14220);
#14222=ORIENTED_EDGE('',*,*,#13224,.T.);
#14223=ORIENTED_EDGE('',*,*,#13835,.T.);
#14224=ORIENTED_EDGE('',*,*,#14211,.F.);
#14225=ORIENTED_EDGE('',*,*,#13691,.F.);
#14226=EDGE_LOOP('',(#14222,#14223,#14224,#14225));
#14227=FACE_OUTER_BOUND('',#14226,.F.);
#14228=ADVANCED_FACE('',(#14227),#14221,.T.);
#14229=CARTESIAN_POINT('',(-6.9E-1,0.E0,0.E0));
#14230=DIRECTION('',(1.E0,0.E0,0.E0));
#14231=DIRECTION('',(0.E0,0.E0,-1.E0));
#14232=AXIS2_PLACEMENT_3D('',#14229,#14230,#14231);
#14233=PLANE('',#14232);
#14234=ORIENTED_EDGE('',*,*,#13084,.T.);
#14236=ORIENTED_EDGE('',*,*,#14235,.T.);
#14238=ORIENTED_EDGE('',*,*,#14237,.T.);
#14240=ORIENTED_EDGE('',*,*,#14239,.T.);
#14242=ORIENTED_EDGE('',*,*,#14241,.T.);
#14244=ORIENTED_EDGE('',*,*,#14243,.T.);
#14246=ORIENTED_EDGE('',*,*,#14245,.T.);
#14247=ORIENTED_EDGE('',*,*,#13535,.F.);
#14248=EDGE_LOOP('',(#14234,#14236,#14238,#14240,#14242,#14244,#14246,#14247));
#14249=FACE_OUTER_BOUND('',#14248,.F.);
#14250=ADVANCED_FACE('',(#14249),#14233,.F.);
#14251=CARTESIAN_POINT('',(-6.9E-1,0.E0,0.E0));
#14252=DIRECTION('',(1.E0,0.E0,0.E0));
#14253=DIRECTION('',(0.E0,0.E0,-1.E0));
#14254=AXIS2_PLACEMENT_3D('',#14251,#14252,#14253);
#14255=PLANE('',#14254);
#14256=ORIENTED_EDGE('',*,*,#13118,.T.);
#14257=ORIENTED_EDGE('',*,*,#14058,.F.);
#14259=ORIENTED_EDGE('',*,*,#14258,.T.);
#14261=ORIENTED_EDGE('',*,*,#14260,.T.);
#14262=EDGE_LOOP('',(#14256,#14257,#14259,#14261));
#14263=FACE_OUTER_BOUND('',#14262,.F.);
#14264=ADVANCED_FACE('',(#14263),#14255,.F.);
#14265=CARTESIAN_POINT('',(-6.9E-1,0.E0,0.E0));
#14266=DIRECTION('',(1.E0,0.E0,0.E0));
#14267=DIRECTION('',(0.E0,0.E0,-1.E0));
#14268=AXIS2_PLACEMENT_3D('',#14265,#14266,#14267);
#14269=PLANE('',#14268);
#14270=ORIENTED_EDGE('',*,*,#13218,.T.);
#14272=ORIENTED_EDGE('',*,*,#14271,.T.);
#14274=ORIENTED_EDGE('',*,*,#14273,.T.);
#14275=ORIENTED_EDGE('',*,*,#14128,.F.);
#14276=EDGE_LOOP('',(#14270,#14272,#14274,#14275));
#14277=FACE_OUTER_BOUND('',#14276,.F.);
#14278=ADVANCED_FACE('',(#14277),#14269,.F.);
#14279=CARTESIAN_POINT('',(-6.9E-1,0.E0,0.E0));
#14280=DIRECTION('',(1.E0,0.E0,0.E0));
#14281=DIRECTION('',(0.E0,0.E0,-1.E0));
#14282=AXIS2_PLACEMENT_3D('',#14279,#14280,#14281);
#14283=PLANE('',#14282);
#14285=ORIENTED_EDGE('',*,*,#14284,.F.);
#14287=ORIENTED_EDGE('',*,*,#14286,.T.);
#14289=ORIENTED_EDGE('',*,*,#14288,.T.);
#14291=ORIENTED_EDGE('',*,*,#14290,.T.);
#14293=ORIENTED_EDGE('',*,*,#14292,.T.);
#14295=ORIENTED_EDGE('',*,*,#14294,.T.);
#14297=ORIENTED_EDGE('',*,*,#14296,.F.);
#14299=ORIENTED_EDGE('',*,*,#14298,.F.);
#14301=ORIENTED_EDGE('',*,*,#14300,.T.);
#14302=EDGE_LOOP('',(#14285,#14287,#14289,#14291,#14293,#14295,#14297,#14299,
#14301));
#14303=FACE_OUTER_BOUND('',#14302,.F.);
#14304=ADVANCED_FACE('',(#14303),#14283,.F.);
#14305=CARTESIAN_POINT('',(-6.9E-1,0.E0,0.E0));
#14306=DIRECTION('',(1.E0,0.E0,0.E0));
#14307=DIRECTION('',(0.E0,0.E0,-1.E0));
#14308=AXIS2_PLACEMENT_3D('',#14305,#14306,#14307);
#14309=PLANE('',#14308);
#14311=ORIENTED_EDGE('',*,*,#14310,.T.);
#14313=ORIENTED_EDGE('',*,*,#14312,.T.);
#14315=ORIENTED_EDGE('',*,*,#14314,.F.);
#14317=ORIENTED_EDGE('',*,*,#14316,.T.);
#14319=ORIENTED_EDGE('',*,*,#14318,.T.);
#14321=ORIENTED_EDGE('',*,*,#14320,.T.);
#14323=ORIENTED_EDGE('',*,*,#14322,.T.);
#14325=ORIENTED_EDGE('',*,*,#14324,.T.);
#14327=ORIENTED_EDGE('',*,*,#14326,.T.);
#14328=EDGE_LOOP('',(#14311,#14313,#14315,#14317,#14319,#14321,#14323,#14325,
#14327));
#14329=FACE_OUTER_BOUND('',#14328,.F.);
#14330=ADVANCED_FACE('',(#14329),#14309,.F.);
#14331=CARTESIAN_POINT('',(-6.9E-1,0.E0,0.E0));
#14332=DIRECTION('',(1.E0,0.E0,0.E0));
#14333=DIRECTION('',(0.E0,0.E0,-1.E0));
#14334=AXIS2_PLACEMENT_3D('',#14331,#14332,#14333);
#14335=PLANE('',#14334);
#14337=ORIENTED_EDGE('',*,*,#14336,.T.);
#14339=ORIENTED_EDGE('',*,*,#14338,.T.);
#14341=ORIENTED_EDGE('',*,*,#14340,.T.);
#14343=ORIENTED_EDGE('',*,*,#14342,.T.);
#14345=ORIENTED_EDGE('',*,*,#14344,.T.);
#14347=ORIENTED_EDGE('',*,*,#14346,.T.);
#14349=ORIENTED_EDGE('',*,*,#14348,.T.);
#14350=ORIENTED_EDGE('',*,*,#12983,.T.);
#14351=EDGE_LOOP('',(#14337,#14339,#14341,#14343,#14345,#14347,#14349,#14350));
#14352=FACE_OUTER_BOUND('',#14351,.F.);
#14353=ADVANCED_FACE('',(#14352),#14335,.F.);
#14354=CARTESIAN_POINT('',(-6.9E-1,1.996831997875E-1,6.2E-1));
#14355=DIRECTION('',(1.E0,0.E0,0.E0));
#14356=DIRECTION('',(0.E0,0.E0,-1.E0));
#14357=AXIS2_PLACEMENT_3D('',#14354,#14355,#14356);
#14358=CYLINDRICAL_SURFACE('',#14357,1.E-1);
#14359=ORIENTED_EDGE('',*,*,#13082,.T.);
#14361=ORIENTED_EDGE('',*,*,#14360,.T.);
#14363=ORIENTED_EDGE('',*,*,#14362,.F.);
#14364=ORIENTED_EDGE('',*,*,#14235,.F.);
#14365=EDGE_LOOP('',(#14359,#14361,#14363,#14364));
#14366=FACE_OUTER_BOUND('',#14365,.F.);
#14367=ADVANCED_FACE('',(#14366),#14358,.F.);
#14368=CARTESIAN_POINT('',(-5.1E-1,0.E0,0.E0));
#14369=DIRECTION('',(1.E0,0.E0,0.E0));
#14370=DIRECTION('',(0.E0,0.E0,-1.E0));
#14371=AXIS2_PLACEMENT_3D('',#14368,#14369,#14370);
#14372=PLANE('',#14371);
#14373=ORIENTED_EDGE('',*,*,#13080,.F.);
#14374=ORIENTED_EDGE('',*,*,#13539,.T.);
#14376=ORIENTED_EDGE('',*,*,#14375,.F.);
#14378=ORIENTED_EDGE('',*,*,#14377,.F.);
#14380=ORIENTED_EDGE('',*,*,#14379,.F.);
#14382=ORIENTED_EDGE('',*,*,#14381,.F.);
#14384=ORIENTED_EDGE('',*,*,#14383,.F.);
#14385=ORIENTED_EDGE('',*,*,#14360,.F.);
#14386=EDGE_LOOP('',(#14373,#14374,#14376,#14378,#14380,#14382,#14384,#14385));
#14387=FACE_OUTER_BOUND('',#14386,.F.);
#14388=ADVANCED_FACE('',(#14387),#14372,.T.);
#14389=CARTESIAN_POINT('',(-5.1E-1,0.E0,0.E0));
#14390=DIRECTION('',(1.E0,0.E0,0.E0));
#14391=DIRECTION('',(0.E0,0.E0,-1.E0));
#14392=AXIS2_PLACEMENT_3D('',#14389,#14390,#14391);
#14393=PLANE('',#14392);
#14394=ORIENTED_EDGE('',*,*,#13122,.F.);
#14396=ORIENTED_EDGE('',*,*,#14395,.F.);
#14398=ORIENTED_EDGE('',*,*,#14397,.F.);
#14399=ORIENTED_EDGE('',*,*,#14054,.T.);
#14400=EDGE_LOOP('',(#14394,#14396,#14398,#14399));
#14401=FACE_OUTER_BOUND('',#14400,.F.);
#14402=ADVANCED_FACE('',(#14401),#14393,.T.);
#14403=CARTESIAN_POINT('',(-5.1E-1,0.E0,0.E0));
#14404=DIRECTION('',(1.E0,0.E0,0.E0));
#14405=DIRECTION('',(0.E0,0.E0,-1.E0));
#14406=AXIS2_PLACEMENT_3D('',#14403,#14404,#14405);
#14407=PLANE('',#14406);
#14408=ORIENTED_EDGE('',*,*,#13214,.F.);
#14409=ORIENTED_EDGE('',*,*,#14132,.T.);
#14411=ORIENTED_EDGE('',*,*,#14410,.F.);
#14413=ORIENTED_EDGE('',*,*,#14412,.F.);
#14414=EDGE_LOOP('',(#14408,#14409,#14411,#14413));
#14415=FACE_OUTER_BOUND('',#14414,.F.);
#14416=ADVANCED_FACE('',(#14415),#14407,.T.);
#14417=CARTESIAN_POINT('',(-5.1E-1,0.E0,0.E0));
#14418=DIRECTION('',(1.E0,0.E0,0.E0));
#14419=DIRECTION('',(0.E0,0.E0,-1.E0));
#14420=AXIS2_PLACEMENT_3D('',#14417,#14418,#14419);
#14421=PLANE('',#14420);
#14423=ORIENTED_EDGE('',*,*,#14422,.T.);
#14425=ORIENTED_EDGE('',*,*,#14424,.F.);
#14427=ORIENTED_EDGE('',*,*,#14426,.F.);
#14429=ORIENTED_EDGE('',*,*,#14428,.T.);
#14431=ORIENTED_EDGE('',*,*,#14430,.F.);
#14433=ORIENTED_EDGE('',*,*,#14432,.F.);
#14435=ORIENTED_EDGE('',*,*,#14434,.F.);
#14437=ORIENTED_EDGE('',*,*,#14436,.F.);
#14439=ORIENTED_EDGE('',*,*,#14438,.F.);
#14440=EDGE_LOOP('',(#14423,#14425,#14427,#14429,#14431,#14433,#14435,#14437,
#14439));
#14441=FACE_OUTER_BOUND('',#14440,.F.);
#14442=ADVANCED_FACE('',(#14441),#14421,.T.);
#14443=CARTESIAN_POINT('',(-5.1E-1,0.E0,0.E0));
#14444=DIRECTION('',(1.E0,0.E0,0.E0));
#14445=DIRECTION('',(0.E0,0.E0,-1.E0));
#14446=AXIS2_PLACEMENT_3D('',#14443,#14444,#14445);
#14447=PLANE('',#14446);
#14449=ORIENTED_EDGE('',*,*,#14448,.F.);
#14451=ORIENTED_EDGE('',*,*,#14450,.F.);
#14453=ORIENTED_EDGE('',*,*,#14452,.F.);
#14455=ORIENTED_EDGE('',*,*,#14454,.F.);
#14457=ORIENTED_EDGE('',*,*,#14456,.F.);
#14459=ORIENTED_EDGE('',*,*,#14458,.F.);
#14461=ORIENTED_EDGE('',*,*,#14460,.F.);
#14463=ORIENTED_EDGE('',*,*,#14462,.F.);
#14465=ORIENTED_EDGE('',*,*,#14464,.F.);
#14466=EDGE_LOOP('',(#14449,#14451,#14453,#14455,#14457,#14459,#14461,#14463,
#14465));
#14467=FACE_OUTER_BOUND('',#14466,.F.);
#14468=ADVANCED_FACE('',(#14467),#14447,.T.);
#14469=CARTESIAN_POINT('',(-5.1E-1,0.E0,0.E0));
#14470=DIRECTION('',(1.E0,0.E0,0.E0));
#14471=DIRECTION('',(0.E0,0.E0,-1.E0));
#14472=AXIS2_PLACEMENT_3D('',#14469,#14470,#14471);
#14473=PLANE('',#14472);
#14475=ORIENTED_EDGE('',*,*,#14474,.F.);
#14476=ORIENTED_EDGE('',*,*,#12987,.F.);
#14478=ORIENTED_EDGE('',*,*,#14477,.F.);
#14480=ORIENTED_EDGE('',*,*,#14479,.F.);
#14482=ORIENTED_EDGE('',*,*,#14481,.F.);
#14484=ORIENTED_EDGE('',*,*,#14483,.F.);
#14486=ORIENTED_EDGE('',*,*,#14485,.F.);
#14488=ORIENTED_EDGE('',*,*,#14487,.F.);
#14489=EDGE_LOOP('',(#14475,#14476,#14478,#14480,#14482,#14484,#14486,#14488));
#14490=FACE_OUTER_BOUND('',#14489,.F.);
#14491=ADVANCED_FACE('',(#14490),#14473,.T.);
#14492=CARTESIAN_POINT('',(-6.9E-1,5.248449493661E-1,7.251471862576E-1));
#14493=DIRECTION('',(0.E0,7.071067811865E-1,-7.071067811865E-1));
#14494=DIRECTION('',(0.E0,7.071067811865E-1,7.071067811865E-1));
#14495=AXIS2_PLACEMENT_3D('',#14492,#14493,#14494);
#14496=PLANE('',#14495);
#14497=ORIENTED_EDGE('',*,*,#13537,.F.);
#14498=ORIENTED_EDGE('',*,*,#14245,.F.);
#14500=ORIENTED_EDGE('',*,*,#14499,.T.);
#14501=ORIENTED_EDGE('',*,*,#14375,.T.);
#14502=EDGE_LOOP('',(#14497,#14498,#14500,#14501));
#14503=FACE_OUTER_BOUND('',#14502,.F.);
#14504=ADVANCED_FACE('',(#14503),#14496,.T.);
#14505=CARTESIAN_POINT('',(-6.9E-1,4.399921356237E-1,8.1E-1));
#14506=DIRECTION('',(1.E0,0.E0,0.E0));
#14507=DIRECTION('',(0.E0,0.E0,-1.E0));
#14508=AXIS2_PLACEMENT_3D('',#14505,#14506,#14507);
#14509=CYLINDRICAL_SURFACE('',#14508,1.2E-1);
#14510=ORIENTED_EDGE('',*,*,#14243,.F.);
#14512=ORIENTED_EDGE('',*,*,#14511,.T.);
#14513=ORIENTED_EDGE('',*,*,#14377,.T.);
#14514=ORIENTED_EDGE('',*,*,#14499,.F.);
#14515=EDGE_LOOP('',(#14510,#14512,#14513,#14514));
#14516=FACE_OUTER_BOUND('',#14515,.F.);
#14517=ADVANCED_FACE('',(#14516),#14509,.T.);
#14518=CARTESIAN_POINT('',(-6.9E-1,3.588161938129E-1,7.153632171891E-1));
#14519=DIRECTION('',(0.E0,-4.205608285392E-1,-9.072643437821E-1));
#14520=DIRECTION('',(0.E0,9.072643437821E-1,-4.205608285392E-1));
#14521=AXIS2_PLACEMENT_3D('',#14518,#14519,#14520);
#14522=PLANE('',#14521);
#14523=ORIENTED_EDGE('',*,*,#14241,.F.);
#14525=ORIENTED_EDGE('',*,*,#14524,.T.);
#14526=ORIENTED_EDGE('',*,*,#14379,.T.);
#14527=ORIENTED_EDGE('',*,*,#14511,.F.);
#14528=EDGE_LOOP('',(#14523,#14525,#14526,#14527));
#14529=FACE_OUTER_BOUND('',#14528,.F.);
#14530=ADVANCED_FACE('',(#14529),#14522,.T.);
#14531=CARTESIAN_POINT('',(-6.9E-1,3.377881523859E-1,6.7E-1));
#14532=DIRECTION('',(1.E0,0.E0,0.E0));
#14533=DIRECTION('',(0.E0,0.E0,-1.E0));
#14534=AXIS2_PLACEMENT_3D('',#14531,#14532,#14533);
#14535=CYLINDRICAL_SURFACE('',#14534,5.E-2);
#14536=ORIENTED_EDGE('',*,*,#14239,.F.);
#14538=ORIENTED_EDGE('',*,*,#14537,.T.);
#14539=ORIENTED_EDGE('',*,*,#14381,.T.);
#14540=ORIENTED_EDGE('',*,*,#14524,.F.);
#14541=EDGE_LOOP('',(#14536,#14538,#14539,#14540));
#14542=FACE_OUTER_BOUND('',#14541,.F.);
#14543=ADVANCED_FACE('',(#14542),#14535,.F.);
#14544=CARTESIAN_POINT('',(-6.9E-1,1.996831997875E-1,7.2E-1));
#14545=DIRECTION('',(0.E0,0.E0,-1.E0));
#14546=DIRECTION('',(0.E0,1.E0,0.E0));
#14547=AXIS2_PLACEMENT_3D('',#14544,#14545,#14546);
#14548=PLANE('',#14547);
#14549=ORIENTED_EDGE('',*,*,#14237,.F.);
#14550=ORIENTED_EDGE('',*,*,#14362,.T.);
#14551=ORIENTED_EDGE('',*,*,#14383,.T.);
#14552=ORIENTED_EDGE('',*,*,#14537,.F.);
#14553=EDGE_LOOP('',(#14549,#14550,#14551,#14552));
#14554=FACE_OUTER_BOUND('',#14553,.F.);
#14555=ADVANCED_FACE('',(#14554),#14548,.T.);
#14556=CARTESIAN_POINT('',(-6.9E-1,1.098579106768E-1,4.452695676255E-1));
#14557=DIRECTION('',(0.E0,9.982502668381E-1,5.913040468104E-2));
#14558=DIRECTION('',(0.E0,-5.913040468104E-2,9.982502668381E-1));
#14559=AXIS2_PLACEMENT_3D('',#14556,#14557,#14558);
#14560=PLANE('',#14559);
#14561=ORIENTED_EDGE('',*,*,#13120,.F.);
#14562=ORIENTED_EDGE('',*,*,#14260,.F.);
#14564=ORIENTED_EDGE('',*,*,#14563,.T.);
#14565=ORIENTED_EDGE('',*,*,#14395,.T.);
#14566=EDGE_LOOP('',(#14561,#14562,#14564,#14565));
#14567=FACE_OUTER_BOUND('',#14566,.F.);
#14568=ADVANCED_FACE('',(#14567),#14560,.T.);
#14569=CARTESIAN_POINT('',(-6.9E-1,1.897179320238E-1,4.5E-1));
#14570=DIRECTION('',(1.E0,0.E0,0.E0));
#14571=DIRECTION('',(0.E0,0.E0,-1.E0));
#14572=AXIS2_PLACEMENT_3D('',#14569,#14570,#14571);
#14573=CYLINDRICAL_SURFACE('',#14572,8.E-2);
#14574=ORIENTED_EDGE('',*,*,#14056,.T.);
#14575=ORIENTED_EDGE('',*,*,#14397,.T.);
#14576=ORIENTED_EDGE('',*,*,#14563,.F.);
#14577=ORIENTED_EDGE('',*,*,#14258,.F.);
#14578=EDGE_LOOP('',(#14574,#14575,#14576,#14577));
#14579=FACE_OUTER_BOUND('',#14578,.F.);
#14580=ADVANCED_FACE('',(#14579),#14573,.F.);
#14581=CARTESIAN_POINT('',(-6.9E-1,1.897179320238E-1,-4.5E-1));
#14582=DIRECTION('',(1.E0,0.E0,0.E0));
#14583=DIRECTION('',(0.E0,0.E0,-1.E0));
#14584=AXIS2_PLACEMENT_3D('',#14581,#14582,#14583);
#14585=CYLINDRICAL_SURFACE('',#14584,8.E-2);
#14586=ORIENTED_EDGE('',*,*,#14130,.F.);
#14587=ORIENTED_EDGE('',*,*,#14273,.F.);
#14589=ORIENTED_EDGE('',*,*,#14588,.T.);
#14590=ORIENTED_EDGE('',*,*,#14410,.T.);
#14591=EDGE_LOOP('',(#14586,#14587,#14589,#14590));
#14592=FACE_OUTER_BOUND('',#14591,.F.);
#14593=ADVANCED_FACE('',(#14592),#14585,.F.);
#14594=CARTESIAN_POINT('',(-6.9E-1,9.985817310370E-2,-6.140869595319E-1));
#14595=DIRECTION('',(0.E0,9.982502668381E-1,-5.913040468104E-2));
#14596=DIRECTION('',(0.E0,5.913040468104E-2,9.982502668381E-1));
#14597=AXIS2_PLACEMENT_3D('',#14594,#14595,#14596);
#14598=PLANE('',#14597);
#14599=ORIENTED_EDGE('',*,*,#13216,.T.);
#14600=ORIENTED_EDGE('',*,*,#14412,.T.);
#14601=ORIENTED_EDGE('',*,*,#14588,.F.);
#14602=ORIENTED_EDGE('',*,*,#14271,.F.);
#14603=EDGE_LOOP('',(#14599,#14600,#14601,#14602));
#14604=FACE_OUTER_BOUND('',#14603,.F.);
#14605=ADVANCED_FACE('',(#14604),#14598,.T.);
#14606=CARTESIAN_POINT('',(-1.725E0,6.4E-1,-3.7E-1));
#14607=DIRECTION('',(0.E0,0.E0,1.E0));
#14608=DIRECTION('',(1.E0,0.E0,0.E0));
#14609=AXIS2_PLACEMENT_3D('',#14606,#14607,#14608);
#14610=PLANE('',#14609);
#14612=ORIENTED_EDGE('',*,*,#14611,.T.);
#14614=ORIENTED_EDGE('',*,*,#14613,.F.);
#14615=ORIENTED_EDGE('',*,*,#14172,.F.);
#14617=ORIENTED_EDGE('',*,*,#14616,.T.);
#14618=EDGE_LOOP('',(#14612,#14614,#14615,#14617));
#14619=FACE_OUTER_BOUND('',#14618,.F.);
#14621=ORIENTED_EDGE('',*,*,#14620,.T.);
#14623=ORIENTED_EDGE('',*,*,#14622,.T.);
#14625=ORIENTED_EDGE('',*,*,#14624,.F.);
#14627=ORIENTED_EDGE('',*,*,#14626,.F.);
#14628=EDGE_LOOP('',(#14621,#14623,#14625,#14627));
#14629=FACE_BOUND('',#14628,.F.);
#14631=ORIENTED_EDGE('',*,*,#14630,.T.);
#14633=ORIENTED_EDGE('',*,*,#14632,.T.);
#14635=ORIENTED_EDGE('',*,*,#14634,.F.);
#14637=ORIENTED_EDGE('',*,*,#14636,.F.);
#14638=EDGE_LOOP('',(#14631,#14633,#14635,#14637));
#14639=FACE_BOUND('',#14638,.F.);
#14641=ORIENTED_EDGE('',*,*,#14640,.T.);
#14643=ORIENTED_EDGE('',*,*,#14642,.T.);
#14645=ORIENTED_EDGE('',*,*,#14644,.F.);
#14647=ORIENTED_EDGE('',*,*,#14646,.F.);
#14648=EDGE_LOOP('',(#14641,#14643,#14645,#14647));
#14649=FACE_BOUND('',#14648,.F.);
#14651=ORIENTED_EDGE('',*,*,#14650,.T.);
#14653=ORIENTED_EDGE('',*,*,#14652,.T.);
#14655=ORIENTED_EDGE('',*,*,#14654,.F.);
#14657=ORIENTED_EDGE('',*,*,#14656,.F.);
#14658=EDGE_LOOP('',(#14651,#14653,#14655,#14657));
#14659=FACE_BOUND('',#14658,.F.);
#14661=ORIENTED_EDGE('',*,*,#14660,.T.);
#14663=ORIENTED_EDGE('',*,*,#14662,.T.);
#14665=ORIENTED_EDGE('',*,*,#14664,.F.);
#14667=ORIENTED_EDGE('',*,*,#14666,.F.);
#14668=EDGE_LOOP('',(#14661,#14663,#14665,#14667));
#14669=FACE_BOUND('',#14668,.F.);
#14671=ORIENTED_EDGE('',*,*,#14670,.T.);
#14673=ORIENTED_EDGE('',*,*,#14672,.T.);
#14675=ORIENTED_EDGE('',*,*,#14674,.F.);
#14677=ORIENTED_EDGE('',*,*,#14676,.F.);
#14678=EDGE_LOOP('',(#14671,#14673,#14675,#14677));
#14679=FACE_BOUND('',#14678,.F.);
#14681=ORIENTED_EDGE('',*,*,#14680,.T.);
#14683=ORIENTED_EDGE('',*,*,#14682,.T.);
#14685=ORIENTED_EDGE('',*,*,#14684,.F.);
#14687=ORIENTED_EDGE('',*,*,#14686,.F.);
#14688=EDGE_LOOP('',(#14681,#14683,#14685,#14687));
#14689=FACE_BOUND('',#14688,.F.);
#14691=ORIENTED_EDGE('',*,*,#14690,.T.);
#14693=ORIENTED_EDGE('',*,*,#14692,.T.);
#14695=ORIENTED_EDGE('',*,*,#14694,.F.);
#14697=ORIENTED_EDGE('',*,*,#14696,.F.);
#14698=EDGE_LOOP('',(#14691,#14693,#14695,#14697));
#14699=FACE_BOUND('',#14698,.F.);
#14701=ORIENTED_EDGE('',*,*,#14700,.T.);
#14703=ORIENTED_EDGE('',*,*,#14702,.T.);
#14705=ORIENTED_EDGE('',*,*,#14704,.F.);
#14707=ORIENTED_EDGE('',*,*,#14706,.F.);
#14708=EDGE_LOOP('',(#14701,#14703,#14705,#14707));
#14709=FACE_BOUND('',#14708,.F.);
#14711=ORIENTED_EDGE('',*,*,#14710,.T.);
#14713=ORIENTED_EDGE('',*,*,#14712,.T.);
#14715=ORIENTED_EDGE('',*,*,#14714,.F.);
#14717=ORIENTED_EDGE('',*,*,#14716,.F.);
#14718=EDGE_LOOP('',(#14711,#14713,#14715,#14717));
#14719=FACE_BOUND('',#14718,.F.);
#14720=ORIENTED_EDGE('',*,*,#14284,.T.);
#14722=ORIENTED_EDGE('',*,*,#14721,.T.);
#14723=ORIENTED_EDGE('',*,*,#14422,.F.);
#14725=ORIENTED_EDGE('',*,*,#14724,.F.);
#14726=EDGE_LOOP('',(#14720,#14722,#14723,#14725));
#14727=FACE_BOUND('',#14726,.F.);
#14728=ORIENTED_EDGE('',*,*,#14296,.T.);
#14730=ORIENTED_EDGE('',*,*,#14729,.T.);
#14731=ORIENTED_EDGE('',*,*,#14428,.F.);
#14733=ORIENTED_EDGE('',*,*,#14732,.F.);
#14734=EDGE_LOOP('',(#14728,#14730,#14731,#14733));
#14735=FACE_BOUND('',#14734,.F.);
#14736=ORIENTED_EDGE('',*,*,#13705,.T.);
#14738=ORIENTED_EDGE('',*,*,#14737,.T.);
#14739=ORIENTED_EDGE('',*,*,#13845,.F.);
#14741=ORIENTED_EDGE('',*,*,#14740,.F.);
#14742=EDGE_LOOP('',(#14736,#14738,#14739,#14741));
#14743=FACE_BOUND('',#14742,.F.);
#14744=ORIENTED_EDGE('',*,*,#13717,.T.);
#14746=ORIENTED_EDGE('',*,*,#14745,.T.);
#14747=ORIENTED_EDGE('',*,*,#13851,.F.);
#14749=ORIENTED_EDGE('',*,*,#14748,.F.);
#14750=EDGE_LOOP('',(#14744,#14746,#14747,#14749));
#14751=FACE_BOUND('',#14750,.F.);
#14752=ORIENTED_EDGE('',*,*,#13307,.T.);
#14754=ORIENTED_EDGE('',*,*,#14753,.T.);
#14755=ORIENTED_EDGE('',*,*,#13448,.F.);
#14757=ORIENTED_EDGE('',*,*,#14756,.F.);
#14758=EDGE_LOOP('',(#14752,#14754,#14755,#14757));
#14759=FACE_BOUND('',#14758,.F.);
#14760=ORIENTED_EDGE('',*,*,#13319,.T.);
#14762=ORIENTED_EDGE('',*,*,#14761,.T.);
#14763=ORIENTED_EDGE('',*,*,#13454,.F.);
#14765=ORIENTED_EDGE('',*,*,#14764,.F.);
#14766=EDGE_LOOP('',(#14760,#14762,#14763,#14765));
#14767=FACE_BOUND('',#14766,.F.);
#14768=ADVANCED_FACE('',(#14619,#14629,#14639,#14649,#14659,#14669,#14679,
#14689,#14699,#14709,#14719,#14727,#14735,#14743,#14751,#14759,#14767),#14610,
.F.);
#14769=CARTESIAN_POINT('',(9.9198E0,6.1E-1,-3.4E-1));
#14770=DIRECTION('',(-1.E0,0.E0,0.E0));
#14771=DIRECTION('',(0.E0,1.E0,0.E0));
#14772=AXIS2_PLACEMENT_3D('',#14769,#14770,#14771);
#14773=CYLINDRICAL_SURFACE('',#14772,3.E-2);
#14774=ORIENTED_EDGE('',*,*,#14611,.F.);
#14776=ORIENTED_EDGE('',*,*,#14775,.T.);
#14777=ORIENTED_EDGE('',*,*,#12378,.T.);
#14779=ORIENTED_EDGE('',*,*,#14778,.T.);
#14780=EDGE_LOOP('',(#14774,#14776,#14777,#14779));
#14781=FACE_OUTER_BOUND('',#14780,.F.);
#14782=ADVANCED_FACE('',(#14781),#14773,.T.);
#14783=CARTESIAN_POINT('',(1.625E0,6.1E-1,-2.7E-1));
#14784=DIRECTION('',(0.E0,1.E0,0.E0));
#14785=DIRECTION('',(9.946594227013E-1,0.E0,1.032115925250E-1));
#14786=AXIS2_PLACEMENT_3D('',#14783,#14784,#14785);
#14787=TOROIDAL_SURFACE('',#14786,7.E-2,3.E-2);
#14789=ORIENTED_EDGE('',*,*,#14788,.T.);
#14790=ORIENTED_EDGE('',*,*,#14775,.F.);
#14792=ORIENTED_EDGE('',*,*,#14791,.F.);
#14793=EDGE_LOOP('',(#14789,#14790,#14792));
#14794=FACE_OUTER_BOUND('',#14793,.F.);
#14795=ADVANCED_FACE('',(#14794),#14787,.T.);
#14796=CARTESIAN_POINT('',(1.675E0,5.9E-1,0.E0));
#14797=DIRECTION('',(7.071067811865E-1,7.071067811865E-1,0.E0));
#14798=DIRECTION('',(0.E0,0.E0,-1.E0));
#14799=AXIS2_PLACEMENT_3D('',#14796,#14797,#14798);
#14800=PLANE('',#14799);
#14802=ORIENTED_EDGE('',*,*,#14801,.F.);
#14803=ORIENTED_EDGE('',*,*,#12380,.T.);
#14804=ORIENTED_EDGE('',*,*,#14788,.F.);
#14806=ORIENTED_EDGE('',*,*,#14805,.T.);
#14808=ORIENTED_EDGE('',*,*,#14807,.F.);
#14810=ORIENTED_EDGE('',*,*,#14809,.T.);
#14811=EDGE_LOOP('',(#14802,#14803,#14804,#14806,#14808,#14810));
#14812=FACE_OUTER_BOUND('',#14811,.F.);
#14813=ADVANCED_FACE('',(#14812),#14800,.T.);
#14814=CARTESIAN_POINT('',(1.625E0,6.1E-1,2.7E-1));
#14815=DIRECTION('',(0.E0,1.E0,0.E0));
#14816=DIRECTION('',(-1.032115925250E-1,0.E0,9.946594227013E-1));
#14817=AXIS2_PLACEMENT_3D('',#14814,#14815,#14816);
#14818=TOROIDAL_SURFACE('',#14817,7.E-2,3.E-2);
#14819=ORIENTED_EDGE('',*,*,#14801,.T.);
#14821=ORIENTED_EDGE('',*,*,#14820,.F.);
#14823=ORIENTED_EDGE('',*,*,#14822,.F.);
#14824=EDGE_LOOP('',(#14819,#14821,#14823));
#14825=FACE_OUTER_BOUND('',#14824,.F.);
#14826=ADVANCED_FACE('',(#14825),#14818,.T.);
#14827=CARTESIAN_POINT('',(1.625E0,9.115097153433E-2,2.7E-1));
#14828=DIRECTION('',(0.E0,1.E0,0.E0));
#14829=DIRECTION('',(0.E0,0.E0,1.E0));
#14830=AXIS2_PLACEMENT_3D('',#14827,#14828,#14829);
#14831=CYLINDRICAL_SURFACE('',#14830,1.E-1);
#14832=ORIENTED_EDGE('',*,*,#14820,.T.);
#14833=ORIENTED_EDGE('',*,*,#14809,.F.);
#14835=ORIENTED_EDGE('',*,*,#14834,.F.);
#14837=ORIENTED_EDGE('',*,*,#14836,.F.);
#14839=ORIENTED_EDGE('',*,*,#14838,.T.);
#14840=EDGE_LOOP('',(#14832,#14833,#14835,#14837,#14839));
#14841=FACE_OUTER_BOUND('',#14840,.F.);
#14842=ADVANCED_FACE('',(#14841),#14831,.T.);
#14843=CARTESIAN_POINT('',(1.725E0,6.4E-1,-3.7E-1));
#14844=DIRECTION('',(-1.E0,0.E0,0.E0));
#14845=DIRECTION('',(0.E0,0.E0,1.E0));
#14846=AXIS2_PLACEMENT_3D('',#14843,#14844,#14845);
#14847=PLANE('',#14846);
#14848=ORIENTED_EDGE('',*,*,#14807,.T.);
#14850=ORIENTED_EDGE('',*,*,#14849,.F.);
#14852=ORIENTED_EDGE('',*,*,#14851,.F.);
#14853=ORIENTED_EDGE('',*,*,#14834,.T.);
#14854=EDGE_LOOP('',(#14848,#14850,#14852,#14853));
#14855=FACE_OUTER_BOUND('',#14854,.F.);
#14856=ADVANCED_FACE('',(#14855),#14847,.F.);
#14857=CARTESIAN_POINT('',(1.625E0,9.115097153433E-2,-2.7E-1));
#14858=DIRECTION('',(0.E0,1.E0,0.E0));
#14859=DIRECTION('',(1.E0,0.E0,0.E0));
#14860=AXIS2_PLACEMENT_3D('',#14857,#14858,#14859);
#14861=CYLINDRICAL_SURFACE('',#14860,1.E-1);
#14862=ORIENTED_EDGE('',*,*,#14791,.T.);
#14863=ORIENTED_EDGE('',*,*,#14616,.F.);
#14865=ORIENTED_EDGE('',*,*,#14864,.F.);
#14866=ORIENTED_EDGE('',*,*,#14849,.T.);
#14867=ORIENTED_EDGE('',*,*,#14805,.F.);
#14868=EDGE_LOOP('',(#14862,#14863,#14865,#14866,#14867));
#14869=FACE_OUTER_BOUND('',#14868,.F.);
#14870=ADVANCED_FACE('',(#14869),#14861,.T.);
#14871=CARTESIAN_POINT('',(1.625E0,1.500013073705E-1,-2.7E-1));
#14872=DIRECTION('',(0.E0,-1.E0,0.E0));
#14873=DIRECTION('',(0.E0,0.E0,-1.E0));
#14874=AXIS2_PLACEMENT_3D('',#14871,#14872,#14873);
#14875=CONICAL_SURFACE('',#14874,1.350009472744E-1,3.499239154770E1);
#14876=ORIENTED_EDGE('',*,*,#13170,.F.);
#14878=ORIENTED_EDGE('',*,*,#14877,.T.);
#14879=ORIENTED_EDGE('',*,*,#14864,.T.);
#14880=ORIENTED_EDGE('',*,*,#14170,.F.);
#14881=EDGE_LOOP('',(#14876,#14878,#14879,#14880));
#14882=FACE_OUTER_BOUND('',#14881,.F.);
#14883=ADVANCED_FACE('',(#14882),#14875,.T.);
#14884=CARTESIAN_POINT('',(1.76E0,1.5E-1,0.E0));
#14885=DIRECTION('',(8.192319205190E-1,5.734623443633E-1,0.E0));
#14886=DIRECTION('',(0.E0,0.E0,-1.E0));
#14887=AXIS2_PLACEMENT_3D('',#14884,#14885,#14886);
#14888=PLANE('',#14887);
#14889=ORIENTED_EDGE('',*,*,#13168,.F.);
#14891=ORIENTED_EDGE('',*,*,#14890,.T.);
#14892=ORIENTED_EDGE('',*,*,#14851,.T.);
#14893=ORIENTED_EDGE('',*,*,#14877,.F.);
#14894=EDGE_LOOP('',(#14889,#14891,#14892,#14893));
#14895=FACE_OUTER_BOUND('',#14894,.F.);
#14896=ADVANCED_FACE('',(#14895),#14888,.T.);
#14897=CARTESIAN_POINT('',(1.625E0,1.500013073705E-1,2.7E-1));
#14898=DIRECTION('',(0.E0,-1.E0,0.E0));
#14899=DIRECTION('',(0.E0,0.E0,-1.E0));
#14900=AXIS2_PLACEMENT_3D('',#14897,#14898,#14899);
#14901=CONICAL_SURFACE('',#14900,1.350009472744E-1,3.499239154770E1);
#14902=ORIENTED_EDGE('',*,*,#13166,.F.);
#14903=ORIENTED_EDGE('',*,*,#14016,.T.);
#14904=ORIENTED_EDGE('',*,*,#14836,.T.);
#14905=ORIENTED_EDGE('',*,*,#14890,.F.);
#14906=EDGE_LOOP('',(#14902,#14903,#14904,#14905));
#14907=FACE_OUTER_BOUND('',#14906,.F.);
#14908=ADVANCED_FACE('',(#14907),#14901,.T.);
#14909=CARTESIAN_POINT('',(1.725E0,6.4E-1,3.7E-1));
#14910=DIRECTION('',(0.E0,0.E0,-1.E0));
#14911=DIRECTION('',(-1.E0,0.E0,0.E0));
#14912=AXIS2_PLACEMENT_3D('',#14909,#14910,#14911);
#14913=PLANE('',#14912);
#14915=ORIENTED_EDGE('',*,*,#14914,.T.);
#14916=ORIENTED_EDGE('',*,*,#14838,.F.);
#14917=ORIENTED_EDGE('',*,*,#14014,.F.);
#14919=ORIENTED_EDGE('',*,*,#14918,.T.);
#14920=EDGE_LOOP('',(#14915,#14916,#14917,#14919));
#14921=FACE_OUTER_BOUND('',#14920,.F.);
#14923=ORIENTED_EDGE('',*,*,#14922,.F.);
#14925=ORIENTED_EDGE('',*,*,#14924,.T.);
#14927=ORIENTED_EDGE('',*,*,#14926,.T.);
#14929=ORIENTED_EDGE('',*,*,#14928,.F.);
#14930=EDGE_LOOP('',(#14923,#14925,#14927,#14929));
#14931=FACE_BOUND('',#14930,.F.);
#14933=ORIENTED_EDGE('',*,*,#14932,.F.);
#14935=ORIENTED_EDGE('',*,*,#14934,.T.);
#14937=ORIENTED_EDGE('',*,*,#14936,.T.);
#14939=ORIENTED_EDGE('',*,*,#14938,.F.);
#14940=EDGE_LOOP('',(#14933,#14935,#14937,#14939));
#14941=FACE_BOUND('',#14940,.F.);
#14943=ORIENTED_EDGE('',*,*,#14942,.F.);
#14945=ORIENTED_EDGE('',*,*,#14944,.T.);
#14947=ORIENTED_EDGE('',*,*,#14946,.T.);
#14949=ORIENTED_EDGE('',*,*,#14948,.F.);
#14950=EDGE_LOOP('',(#14943,#14945,#14947,#14949));
#14951=FACE_BOUND('',#14950,.F.);
#14953=ORIENTED_EDGE('',*,*,#14952,.F.);
#14955=ORIENTED_EDGE('',*,*,#14954,.T.);
#14957=ORIENTED_EDGE('',*,*,#14956,.T.);
#14959=ORIENTED_EDGE('',*,*,#14958,.F.);
#14960=EDGE_LOOP('',(#14953,#14955,#14957,#14959));
#14961=FACE_BOUND('',#14960,.F.);
#14963=ORIENTED_EDGE('',*,*,#14962,.F.);
#14965=ORIENTED_EDGE('',*,*,#14964,.T.);
#14967=ORIENTED_EDGE('',*,*,#14966,.T.);
#14969=ORIENTED_EDGE('',*,*,#14968,.F.);
#14970=EDGE_LOOP('',(#14963,#14965,#14967,#14969));
#14971=FACE_BOUND('',#14970,.F.);
#14973=ORIENTED_EDGE('',*,*,#14972,.F.);
#14975=ORIENTED_EDGE('',*,*,#14974,.T.);
#14977=ORIENTED_EDGE('',*,*,#14976,.T.);
#14979=ORIENTED_EDGE('',*,*,#14978,.F.);
#14980=EDGE_LOOP('',(#14973,#14975,#14977,#14979));
#14981=FACE_BOUND('',#14980,.F.);
#14983=ORIENTED_EDGE('',*,*,#14982,.F.);
#14985=ORIENTED_EDGE('',*,*,#14984,.T.);
#14987=ORIENTED_EDGE('',*,*,#14986,.T.);
#14989=ORIENTED_EDGE('',*,*,#14988,.F.);
#14990=EDGE_LOOP('',(#14983,#14985,#14987,#14989));
#14991=FACE_BOUND('',#14990,.F.);
#14993=ORIENTED_EDGE('',*,*,#14992,.F.);
#14995=ORIENTED_EDGE('',*,*,#14994,.T.);
#14997=ORIENTED_EDGE('',*,*,#14996,.T.);
#14999=ORIENTED_EDGE('',*,*,#14998,.F.);
#15000=EDGE_LOOP('',(#14993,#14995,#14997,#14999));
#15001=FACE_BOUND('',#15000,.F.);
#15003=ORIENTED_EDGE('',*,*,#15002,.F.);
#15005=ORIENTED_EDGE('',*,*,#15004,.T.);
#15007=ORIENTED_EDGE('',*,*,#15006,.T.);
#15009=ORIENTED_EDGE('',*,*,#15008,.F.);
#15010=EDGE_LOOP('',(#15003,#15005,#15007,#15009));
#15011=FACE_BOUND('',#15010,.F.);
#15013=ORIENTED_EDGE('',*,*,#15012,.F.);
#15015=ORIENTED_EDGE('',*,*,#15014,.T.);
#15017=ORIENTED_EDGE('',*,*,#15016,.T.);
#15019=ORIENTED_EDGE('',*,*,#15018,.F.);
#15020=EDGE_LOOP('',(#15013,#15015,#15017,#15019));
#15021=FACE_BOUND('',#15020,.F.);
#15022=ORIENTED_EDGE('',*,*,#14310,.F.);
#15024=ORIENTED_EDGE('',*,*,#15023,.T.);
#15025=ORIENTED_EDGE('',*,*,#14448,.T.);
#15027=ORIENTED_EDGE('',*,*,#15026,.F.);
#15028=EDGE_LOOP('',(#15022,#15024,#15025,#15027));
#15029=FACE_BOUND('',#15028,.F.);
#15030=ORIENTED_EDGE('',*,*,#14316,.F.);
#15032=ORIENTED_EDGE('',*,*,#15031,.T.);
#15033=ORIENTED_EDGE('',*,*,#14460,.T.);
#15035=ORIENTED_EDGE('',*,*,#15034,.F.);
#15036=EDGE_LOOP('',(#15030,#15032,#15033,#15035));
#15037=FACE_BOUND('',#15036,.F.);
#15038=ORIENTED_EDGE('',*,*,#13731,.F.);
#15040=ORIENTED_EDGE('',*,*,#15039,.T.);
#15041=ORIENTED_EDGE('',*,*,#13871,.T.);
#15043=ORIENTED_EDGE('',*,*,#15042,.F.);
#15044=EDGE_LOOP('',(#15038,#15040,#15041,#15043));
#15045=FACE_BOUND('',#15044,.F.);
#15046=ORIENTED_EDGE('',*,*,#13737,.F.);
#15048=ORIENTED_EDGE('',*,*,#15047,.T.);
#15049=ORIENTED_EDGE('',*,*,#13883,.T.);
#15051=ORIENTED_EDGE('',*,*,#15050,.F.);
#15052=EDGE_LOOP('',(#15046,#15048,#15049,#15051));
#15053=FACE_BOUND('',#15052,.F.);
#15054=ORIENTED_EDGE('',*,*,#13333,.F.);
#15056=ORIENTED_EDGE('',*,*,#15055,.T.);
#15057=ORIENTED_EDGE('',*,*,#13474,.T.);
#15059=ORIENTED_EDGE('',*,*,#15058,.F.);
#15060=EDGE_LOOP('',(#15054,#15056,#15057,#15059));
#15061=FACE_BOUND('',#15060,.F.);
#15062=ORIENTED_EDGE('',*,*,#13339,.F.);
#15064=ORIENTED_EDGE('',*,*,#15063,.T.);
#15065=ORIENTED_EDGE('',*,*,#13486,.T.);
#15067=ORIENTED_EDGE('',*,*,#15066,.F.);
#15068=EDGE_LOOP('',(#15062,#15064,#15065,#15067));
#15069=FACE_BOUND('',#15068,.F.);
#15070=ADVANCED_FACE('',(#14921,#14931,#14941,#14951,#14961,#14971,#14981,
#14991,#15001,#15011,#15021,#15029,#15037,#15045,#15053,#15061,#15069),#14913,
.F.);
#15071=CARTESIAN_POINT('',(-9.9198E0,6.1E-1,3.4E-1));
#15072=DIRECTION('',(1.E0,0.E0,0.E0));
#15073=DIRECTION('',(0.E0,1.E0,0.E0));
#15074=AXIS2_PLACEMENT_3D('',#15071,#15072,#15073);
#15075=CYLINDRICAL_SURFACE('',#15074,3.E-2);
#15076=ORIENTED_EDGE('',*,*,#14914,.F.);
#15078=ORIENTED_EDGE('',*,*,#15077,.T.);
#15079=ORIENTED_EDGE('',*,*,#12374,.T.);
#15080=ORIENTED_EDGE('',*,*,#14822,.T.);
#15081=EDGE_LOOP('',(#15076,#15078,#15079,#15080));
#15082=FACE_OUTER_BOUND('',#15081,.F.);
#15083=ADVANCED_FACE('',(#15082),#15075,.T.);
#15084=CARTESIAN_POINT('',(-1.625E0,6.1E-1,2.7E-1));
#15085=DIRECTION('',(0.E0,1.E0,0.E0));
#15086=DIRECTION('',(-9.946594227013E-1,0.E0,-1.032115925250E-1));
#15087=AXIS2_PLACEMENT_3D('',#15084,#15085,#15086);
#15088=TOROIDAL_SURFACE('',#15087,7.E-2,3.E-2);
#15090=ORIENTED_EDGE('',*,*,#15089,.T.);
#15091=ORIENTED_EDGE('',*,*,#15077,.F.);
#15093=ORIENTED_EDGE('',*,*,#15092,.F.);
#15094=EDGE_LOOP('',(#15090,#15091,#15093));
#15095=FACE_OUTER_BOUND('',#15094,.F.);
#15096=ADVANCED_FACE('',(#15095),#15088,.T.);
#15097=CARTESIAN_POINT('',(-1.675E0,5.9E-1,0.E0));
#15098=DIRECTION('',(-7.071067811865E-1,7.071067811865E-1,0.E0));
#15099=DIRECTION('',(0.E0,0.E0,-1.E0));
#15100=AXIS2_PLACEMENT_3D('',#15097,#15098,#15099);
#15101=PLANE('',#15100);
#15102=ORIENTED_EDGE('',*,*,#15089,.F.);
#15104=ORIENTED_EDGE('',*,*,#15103,.T.);
#15106=ORIENTED_EDGE('',*,*,#15105,.F.);
#15108=ORIENTED_EDGE('',*,*,#15107,.T.);
#15110=ORIENTED_EDGE('',*,*,#15109,.F.);
#15111=ORIENTED_EDGE('',*,*,#12376,.T.);
#15112=EDGE_LOOP('',(#15102,#15104,#15106,#15108,#15110,#15111));
#15113=FACE_OUTER_BOUND('',#15112,.F.);
#15114=ADVANCED_FACE('',(#15113),#15101,.T.);
#15115=CARTESIAN_POINT('',(-1.625E0,9.115097153433E-2,2.7E-1));
#15116=DIRECTION('',(0.E0,1.E0,0.E0));
#15117=DIRECTION('',(-1.E0,0.E0,0.E0));
#15118=AXIS2_PLACEMENT_3D('',#15115,#15116,#15117);
#15119=CYLINDRICAL_SURFACE('',#15118,1.E-1);
#15120=ORIENTED_EDGE('',*,*,#15092,.T.);
#15121=ORIENTED_EDGE('',*,*,#14918,.F.);
#15122=ORIENTED_EDGE('',*,*,#14079,.F.);
#15124=ORIENTED_EDGE('',*,*,#15123,.T.);
#15125=ORIENTED_EDGE('',*,*,#15103,.F.);
#15126=EDGE_LOOP('',(#15120,#15121,#15122,#15124,#15125));
#15127=FACE_OUTER_BOUND('',#15126,.F.);
#15128=ADVANCED_FACE('',(#15127),#15119,.T.);
#15129=CARTESIAN_POINT('',(-1.725E0,6.4E-1,3.7E-1));
#15130=DIRECTION('',(1.E0,0.E0,0.E0));
#15131=DIRECTION('',(0.E0,0.E0,-1.E0));
#15132=AXIS2_PLACEMENT_3D('',#15129,#15130,#15131);
#15133=PLANE('',#15132);
#15134=ORIENTED_EDGE('',*,*,#15105,.T.);
#15135=ORIENTED_EDGE('',*,*,#15123,.F.);
#15136=ORIENTED_EDGE('',*,*,#14093,.F.);
#15138=ORIENTED_EDGE('',*,*,#15137,.T.);
#15139=EDGE_LOOP('',(#15134,#15135,#15136,#15138));
#15140=FACE_OUTER_BOUND('',#15139,.F.);
#15141=ADVANCED_FACE('',(#15140),#15133,.F.);
#15142=CARTESIAN_POINT('',(-1.625E0,9.115097153433E-2,-2.7E-1));
#15143=DIRECTION('',(0.E0,1.E0,0.E0));
#15144=DIRECTION('',(0.E0,0.E0,-1.E0));
#15145=AXIS2_PLACEMENT_3D('',#15142,#15143,#15144);
#15146=CYLINDRICAL_SURFACE('',#15145,1.E-1);
#15148=ORIENTED_EDGE('',*,*,#15147,.T.);
#15149=ORIENTED_EDGE('',*,*,#15107,.F.);
#15150=ORIENTED_EDGE('',*,*,#15137,.F.);
#15151=ORIENTED_EDGE('',*,*,#14107,.F.);
#15152=ORIENTED_EDGE('',*,*,#14613,.T.);
#15153=EDGE_LOOP('',(#15148,#15149,#15150,#15151,#15152));
#15154=FACE_OUTER_BOUND('',#15153,.F.);
#15155=ADVANCED_FACE('',(#15154),#15146,.T.);
#15156=CARTESIAN_POINT('',(-1.625E0,6.1E-1,-2.7E-1));
#15157=DIRECTION('',(0.E0,1.E0,0.E0));
#15158=DIRECTION('',(1.032115925250E-1,0.E0,-9.946594227013E-1));
#15159=AXIS2_PLACEMENT_3D('',#15156,#15157,#15158);
#15160=TOROIDAL_SURFACE('',#15159,7.E-2,3.E-2);
#15161=ORIENTED_EDGE('',*,*,#15109,.T.);
#15162=ORIENTED_EDGE('',*,*,#15147,.F.);
#15163=ORIENTED_EDGE('',*,*,#14778,.F.);
#15164=EDGE_LOOP('',(#15161,#15162,#15163));
#15165=FACE_OUTER_BOUND('',#15164,.F.);
#15166=ADVANCED_FACE('',(#15165),#15160,.T.);
#15167=CARTESIAN_POINT('',(1.31E0,0.E0,0.E0));
#15168=DIRECTION('',(1.E0,0.E0,0.E0));
#15169=DIRECTION('',(0.E0,0.E0,-1.E0));
#15170=AXIS2_PLACEMENT_3D('',#15167,#15168,#15169);
#15171=PLANE('',#15170);
#15172=ORIENTED_EDGE('',*,*,#13044,.T.);
#15174=ORIENTED_EDGE('',*,*,#15173,.T.);
#15176=ORIENTED_EDGE('',*,*,#15175,.T.);
#15178=ORIENTED_EDGE('',*,*,#15177,.T.);
#15180=ORIENTED_EDGE('',*,*,#15179,.T.);
#15182=ORIENTED_EDGE('',*,*,#15181,.T.);
#15184=ORIENTED_EDGE('',*,*,#15183,.T.);
#15185=ORIENTED_EDGE('',*,*,#13570,.F.);
#15186=EDGE_LOOP('',(#15172,#15174,#15176,#15178,#15180,#15182,#15184,#15185));
#15187=FACE_OUTER_BOUND('',#15186,.F.);
#15188=ADVANCED_FACE('',(#15187),#15171,.F.);
#15189=CARTESIAN_POINT('',(1.31E0,0.E0,0.E0));
#15190=DIRECTION('',(1.E0,0.E0,0.E0));
#15191=DIRECTION('',(0.E0,0.E0,-1.E0));
#15192=AXIS2_PLACEMENT_3D('',#15189,#15190,#15191);
#15193=PLANE('',#15192);
#15194=ORIENTED_EDGE('',*,*,#13158,.T.);
#15195=ORIENTED_EDGE('',*,*,#14023,.F.);
#15197=ORIENTED_EDGE('',*,*,#15196,.T.);
#15199=ORIENTED_EDGE('',*,*,#15198,.T.);
#15200=EDGE_LOOP('',(#15194,#15195,#15197,#15199));
#15201=FACE_OUTER_BOUND('',#15200,.F.);
#15202=ADVANCED_FACE('',(#15201),#15193,.F.);
#15203=CARTESIAN_POINT('',(1.31E0,0.E0,0.E0));
#15204=DIRECTION('',(1.E0,0.E0,0.E0));
#15205=DIRECTION('',(0.E0,0.E0,-1.E0));
#15206=AXIS2_PLACEMENT_3D('',#15203,#15204,#15205);
#15207=PLANE('',#15206);
#15208=ORIENTED_EDGE('',*,*,#13178,.T.);
#15210=ORIENTED_EDGE('',*,*,#15209,.T.);
#15212=ORIENTED_EDGE('',*,*,#15211,.T.);
#15213=ORIENTED_EDGE('',*,*,#14163,.F.);
#15214=EDGE_LOOP('',(#15208,#15210,#15212,#15213));
#15215=FACE_OUTER_BOUND('',#15214,.F.);
#15216=ADVANCED_FACE('',(#15215),#15207,.F.);
#15217=CARTESIAN_POINT('',(1.31E0,0.E0,0.E0));
#15218=DIRECTION('',(1.E0,0.E0,0.E0));
#15219=DIRECTION('',(0.E0,0.E0,-1.E0));
#15220=AXIS2_PLACEMENT_3D('',#15217,#15218,#15219);
#15221=PLANE('',#15220);
#15222=ORIENTED_EDGE('',*,*,#14620,.F.);
#15224=ORIENTED_EDGE('',*,*,#15223,.T.);
#15226=ORIENTED_EDGE('',*,*,#15225,.T.);
#15228=ORIENTED_EDGE('',*,*,#15227,.T.);
#15230=ORIENTED_EDGE('',*,*,#15229,.T.);
#15232=ORIENTED_EDGE('',*,*,#15231,.T.);
#15233=ORIENTED_EDGE('',*,*,#14630,.F.);
#15235=ORIENTED_EDGE('',*,*,#15234,.F.);
#15237=ORIENTED_EDGE('',*,*,#15236,.T.);
#15238=EDGE_LOOP('',(#15222,#15224,#15226,#15228,#15230,#15232,#15233,#15235,
#15237));
#15239=FACE_OUTER_BOUND('',#15238,.F.);
#15240=ADVANCED_FACE('',(#15239),#15221,.F.);
#15241=CARTESIAN_POINT('',(1.31E0,0.E0,0.E0));
#15242=DIRECTION('',(1.E0,0.E0,0.E0));
#15243=DIRECTION('',(0.E0,0.E0,-1.E0));
#15244=AXIS2_PLACEMENT_3D('',#15241,#15242,#15243);
#15245=PLANE('',#15244);
#15246=ORIENTED_EDGE('',*,*,#14922,.T.);
#15248=ORIENTED_EDGE('',*,*,#15247,.T.);
#15250=ORIENTED_EDGE('',*,*,#15249,.F.);
#15251=ORIENTED_EDGE('',*,*,#14932,.T.);
#15253=ORIENTED_EDGE('',*,*,#15252,.T.);
#15255=ORIENTED_EDGE('',*,*,#15254,.T.);
#15257=ORIENTED_EDGE('',*,*,#15256,.T.);
#15259=ORIENTED_EDGE('',*,*,#15258,.T.);
#15261=ORIENTED_EDGE('',*,*,#15260,.T.);
#15262=EDGE_LOOP('',(#15246,#15248,#15250,#15251,#15253,#15255,#15257,#15259,
#15261));
#15263=FACE_OUTER_BOUND('',#15262,.F.);
#15264=ADVANCED_FACE('',(#15263),#15245,.F.);
#15265=CARTESIAN_POINT('',(1.31E0,0.E0,0.E0));
#15266=DIRECTION('',(1.E0,0.E0,0.E0));
#15267=DIRECTION('',(0.E0,0.E0,-1.E0));
#15268=AXIS2_PLACEMENT_3D('',#15265,#15266,#15267);
#15269=PLANE('',#15268);
#15271=ORIENTED_EDGE('',*,*,#15270,.T.);
#15273=ORIENTED_EDGE('',*,*,#15272,.T.);
#15275=ORIENTED_EDGE('',*,*,#15274,.T.);
#15277=ORIENTED_EDGE('',*,*,#15276,.T.);
#15279=ORIENTED_EDGE('',*,*,#15278,.T.);
#15281=ORIENTED_EDGE('',*,*,#15280,.T.);
#15283=ORIENTED_EDGE('',*,*,#15282,.T.);
#15284=ORIENTED_EDGE('',*,*,#13023,.T.);
#15285=EDGE_LOOP('',(#15271,#15273,#15275,#15277,#15279,#15281,#15283,#15284));
#15286=FACE_OUTER_BOUND('',#15285,.F.);
#15287=ADVANCED_FACE('',(#15286),#15269,.F.);
#15288=CARTESIAN_POINT('',(1.31E0,1.996831997875E-1,6.2E-1));
#15289=DIRECTION('',(1.E0,0.E0,0.E0));
#15290=DIRECTION('',(0.E0,0.E0,-1.E0));
#15291=AXIS2_PLACEMENT_3D('',#15288,#15289,#15290);
#15292=CYLINDRICAL_SURFACE('',#15291,1.E-1);
#15293=ORIENTED_EDGE('',*,*,#13042,.T.);
#15295=ORIENTED_EDGE('',*,*,#15294,.T.);
#15297=ORIENTED_EDGE('',*,*,#15296,.F.);
#15298=ORIENTED_EDGE('',*,*,#15173,.F.);
#15299=EDGE_LOOP('',(#15293,#15295,#15297,#15298));
#15300=FACE_OUTER_BOUND('',#15299,.F.);
#15301=ADVANCED_FACE('',(#15300),#15292,.F.);
#15302=CARTESIAN_POINT('',(1.49E0,0.E0,0.E0));
#15303=DIRECTION('',(1.E0,0.E0,0.E0));
#15304=DIRECTION('',(0.E0,0.E0,-1.E0));
#15305=AXIS2_PLACEMENT_3D('',#15302,#15303,#15304);
#15306=PLANE('',#15305);
#15307=ORIENTED_EDGE('',*,*,#13040,.F.);
#15308=ORIENTED_EDGE('',*,*,#13574,.T.);
#15310=ORIENTED_EDGE('',*,*,#15309,.F.);
#15312=ORIENTED_EDGE('',*,*,#15311,.F.);
#15314=ORIENTED_EDGE('',*,*,#15313,.F.);
#15316=ORIENTED_EDGE('',*,*,#15315,.F.);
#15318=ORIENTED_EDGE('',*,*,#15317,.F.);
#15319=ORIENTED_EDGE('',*,*,#15294,.F.);
#15320=EDGE_LOOP('',(#15307,#15308,#15310,#15312,#15314,#15316,#15318,#15319));
#15321=FACE_OUTER_BOUND('',#15320,.F.);
#15322=ADVANCED_FACE('',(#15321),#15306,.T.);
#15323=CARTESIAN_POINT('',(1.49E0,0.E0,0.E0));
#15324=DIRECTION('',(1.E0,0.E0,0.E0));
#15325=DIRECTION('',(0.E0,0.E0,-1.E0));
#15326=AXIS2_PLACEMENT_3D('',#15323,#15324,#15325);
#15327=PLANE('',#15326);
#15328=ORIENTED_EDGE('',*,*,#13162,.F.);
#15330=ORIENTED_EDGE('',*,*,#15329,.F.);
#15332=ORIENTED_EDGE('',*,*,#15331,.F.);
#15333=ORIENTED_EDGE('',*,*,#14019,.T.);
#15334=EDGE_LOOP('',(#15328,#15330,#15332,#15333));
#15335=FACE_OUTER_BOUND('',#15334,.F.);
#15336=ADVANCED_FACE('',(#15335),#15327,.T.);
#15337=CARTESIAN_POINT('',(1.49E0,0.E0,0.E0));
#15338=DIRECTION('',(1.E0,0.E0,0.E0));
#15339=DIRECTION('',(0.E0,0.E0,-1.E0));
#15340=AXIS2_PLACEMENT_3D('',#15337,#15338,#15339);
#15341=PLANE('',#15340);
#15342=ORIENTED_EDGE('',*,*,#13174,.F.);
#15343=ORIENTED_EDGE('',*,*,#14167,.T.);
#15345=ORIENTED_EDGE('',*,*,#15344,.F.);
#15347=ORIENTED_EDGE('',*,*,#15346,.F.);
#15348=EDGE_LOOP('',(#15342,#15343,#15345,#15347));
#15349=FACE_OUTER_BOUND('',#15348,.F.);
#15350=ADVANCED_FACE('',(#15349),#15341,.T.);
#15351=CARTESIAN_POINT('',(1.49E0,0.E0,0.E0));
#15352=DIRECTION('',(1.E0,0.E0,0.E0));
#15353=DIRECTION('',(0.E0,0.E0,-1.E0));
#15354=AXIS2_PLACEMENT_3D('',#15351,#15352,#15353);
#15355=PLANE('',#15354);
#15356=ORIENTED_EDGE('',*,*,#14624,.T.);
#15358=ORIENTED_EDGE('',*,*,#15357,.F.);
#15360=ORIENTED_EDGE('',*,*,#15359,.F.);
#15361=ORIENTED_EDGE('',*,*,#14634,.T.);
#15363=ORIENTED_EDGE('',*,*,#15362,.F.);
#15365=ORIENTED_EDGE('',*,*,#15364,.F.);
#15367=ORIENTED_EDGE('',*,*,#15366,.F.);
#15369=ORIENTED_EDGE('',*,*,#15368,.F.);
#15371=ORIENTED_EDGE('',*,*,#15370,.F.);
#15372=EDGE_LOOP('',(#15356,#15358,#15360,#15361,#15363,#15365,#15367,#15369,
#15371));
#15373=FACE_OUTER_BOUND('',#15372,.F.);
#15374=ADVANCED_FACE('',(#15373),#15355,.T.);
#15375=CARTESIAN_POINT('',(1.49E0,0.E0,0.E0));
#15376=DIRECTION('',(1.E0,0.E0,0.E0));
#15377=DIRECTION('',(0.E0,0.E0,-1.E0));
#15378=AXIS2_PLACEMENT_3D('',#15375,#15376,#15377);
#15379=PLANE('',#15378);
#15380=ORIENTED_EDGE('',*,*,#14926,.F.);
#15382=ORIENTED_EDGE('',*,*,#15381,.F.);
#15384=ORIENTED_EDGE('',*,*,#15383,.F.);
#15386=ORIENTED_EDGE('',*,*,#15385,.F.);
#15388=ORIENTED_EDGE('',*,*,#15387,.F.);
#15390=ORIENTED_EDGE('',*,*,#15389,.F.);
#15391=ORIENTED_EDGE('',*,*,#14936,.F.);
#15393=ORIENTED_EDGE('',*,*,#15392,.F.);
#15395=ORIENTED_EDGE('',*,*,#15394,.F.);
#15396=EDGE_LOOP('',(#15380,#15382,#15384,#15386,#15388,#15390,#15391,#15393,
#15395));
#15397=FACE_OUTER_BOUND('',#15396,.F.);
#15398=ADVANCED_FACE('',(#15397),#15379,.T.);
#15399=CARTESIAN_POINT('',(1.49E0,0.E0,0.E0));
#15400=DIRECTION('',(1.E0,0.E0,0.E0));
#15401=DIRECTION('',(0.E0,0.E0,-1.E0));
#15402=AXIS2_PLACEMENT_3D('',#15399,#15400,#15401);
#15403=PLANE('',#15402);
#15405=ORIENTED_EDGE('',*,*,#15404,.F.);
#15406=ORIENTED_EDGE('',*,*,#13027,.F.);
#15408=ORIENTED_EDGE('',*,*,#15407,.F.);
#15410=ORIENTED_EDGE('',*,*,#15409,.F.);
#15412=ORIENTED_EDGE('',*,*,#15411,.F.);
#15414=ORIENTED_EDGE('',*,*,#15413,.F.);
#15416=ORIENTED_EDGE('',*,*,#15415,.F.);
#15418=ORIENTED_EDGE('',*,*,#15417,.F.);
#15419=EDGE_LOOP('',(#15405,#15406,#15408,#15410,#15412,#15414,#15416,#15418));
#15420=FACE_OUTER_BOUND('',#15419,.F.);
#15421=ADVANCED_FACE('',(#15420),#15403,.T.);
#15422=CARTESIAN_POINT('',(1.31E0,5.248449493661E-1,7.251471862576E-1));
#15423=DIRECTION('',(0.E0,7.071067811865E-1,-7.071067811865E-1));
#15424=DIRECTION('',(0.E0,7.071067811865E-1,7.071067811865E-1));
#15425=AXIS2_PLACEMENT_3D('',#15422,#15423,#15424);
#15426=PLANE('',#15425);
#15427=ORIENTED_EDGE('',*,*,#13572,.F.);
#15428=ORIENTED_EDGE('',*,*,#15183,.F.);
#15430=ORIENTED_EDGE('',*,*,#15429,.T.);
#15431=ORIENTED_EDGE('',*,*,#15309,.T.);
#15432=EDGE_LOOP('',(#15427,#15428,#15430,#15431));
#15433=FACE_OUTER_BOUND('',#15432,.F.);
#15434=ADVANCED_FACE('',(#15433),#15426,.T.);
#15435=CARTESIAN_POINT('',(1.31E0,4.399921356237E-1,8.1E-1));
#15436=DIRECTION('',(1.E0,0.E0,0.E0));
#15437=DIRECTION('',(0.E0,0.E0,-1.E0));
#15438=AXIS2_PLACEMENT_3D('',#15435,#15436,#15437);
#15439=CYLINDRICAL_SURFACE('',#15438,1.2E-1);
#15440=ORIENTED_EDGE('',*,*,#15181,.F.);
#15442=ORIENTED_EDGE('',*,*,#15441,.T.);
#15443=ORIENTED_EDGE('',*,*,#15311,.T.);
#15444=ORIENTED_EDGE('',*,*,#15429,.F.);
#15445=EDGE_LOOP('',(#15440,#15442,#15443,#15444));
#15446=FACE_OUTER_BOUND('',#15445,.F.);
#15447=ADVANCED_FACE('',(#15446),#15439,.T.);
#15448=CARTESIAN_POINT('',(1.31E0,3.588161938129E-1,7.153632171891E-1));
#15449=DIRECTION('',(0.E0,-4.205608285392E-1,-9.072643437821E-1));
#15450=DIRECTION('',(0.E0,9.072643437821E-1,-4.205608285392E-1));
#15451=AXIS2_PLACEMENT_3D('',#15448,#15449,#15450);
#15452=PLANE('',#15451);
#15453=ORIENTED_EDGE('',*,*,#15179,.F.);
#15455=ORIENTED_EDGE('',*,*,#15454,.T.);
#15456=ORIENTED_EDGE('',*,*,#15313,.T.);
#15457=ORIENTED_EDGE('',*,*,#15441,.F.);
#15458=EDGE_LOOP('',(#15453,#15455,#15456,#15457));
#15459=FACE_OUTER_BOUND('',#15458,.F.);
#15460=ADVANCED_FACE('',(#15459),#15452,.T.);
#15461=CARTESIAN_POINT('',(1.31E0,3.377881523859E-1,6.7E-1));
#15462=DIRECTION('',(1.E0,0.E0,0.E0));
#15463=DIRECTION('',(0.E0,0.E0,-1.E0));
#15464=AXIS2_PLACEMENT_3D('',#15461,#15462,#15463);
#15465=CYLINDRICAL_SURFACE('',#15464,5.E-2);
#15466=ORIENTED_EDGE('',*,*,#15177,.F.);
#15468=ORIENTED_EDGE('',*,*,#15467,.T.);
#15469=ORIENTED_EDGE('',*,*,#15315,.T.);
#15470=ORIENTED_EDGE('',*,*,#15454,.F.);
#15471=EDGE_LOOP('',(#15466,#15468,#15469,#15470));
#15472=FACE_OUTER_BOUND('',#15471,.F.);
#15473=ADVANCED_FACE('',(#15472),#15465,.F.);
#15474=CARTESIAN_POINT('',(1.31E0,1.996831997875E-1,7.2E-1));
#15475=DIRECTION('',(0.E0,0.E0,-1.E0));
#15476=DIRECTION('',(0.E0,1.E0,0.E0));
#15477=AXIS2_PLACEMENT_3D('',#15474,#15475,#15476);
#15478=PLANE('',#15477);
#15479=ORIENTED_EDGE('',*,*,#15175,.F.);
#15480=ORIENTED_EDGE('',*,*,#15296,.T.);
#15481=ORIENTED_EDGE('',*,*,#15317,.T.);
#15482=ORIENTED_EDGE('',*,*,#15467,.F.);
#15483=EDGE_LOOP('',(#15479,#15480,#15481,#15482));
#15484=FACE_OUTER_BOUND('',#15483,.F.);
#15485=ADVANCED_FACE('',(#15484),#15478,.T.);
#15486=CARTESIAN_POINT('',(1.31E0,1.098579106768E-1,4.452695676255E-1));
#15487=DIRECTION('',(0.E0,9.982502668381E-1,5.913040468104E-2));
#15488=DIRECTION('',(0.E0,-5.913040468104E-2,9.982502668381E-1));
#15489=AXIS2_PLACEMENT_3D('',#15486,#15487,#15488);
#15490=PLANE('',#15489);
#15491=ORIENTED_EDGE('',*,*,#13160,.F.);
#15492=ORIENTED_EDGE('',*,*,#15198,.F.);
#15494=ORIENTED_EDGE('',*,*,#15493,.T.);
#15495=ORIENTED_EDGE('',*,*,#15329,.T.);
#15496=EDGE_LOOP('',(#15491,#15492,#15494,#15495));
#15497=FACE_OUTER_BOUND('',#15496,.F.);
#15498=ADVANCED_FACE('',(#15497),#15490,.T.);
#15499=CARTESIAN_POINT('',(1.31E0,1.897179320238E-1,4.5E-1));
#15500=DIRECTION('',(1.E0,0.E0,0.E0));
#15501=DIRECTION('',(0.E0,0.E0,-1.E0));
#15502=AXIS2_PLACEMENT_3D('',#15499,#15500,#15501);
#15503=CYLINDRICAL_SURFACE('',#15502,8.E-2);
#15504=ORIENTED_EDGE('',*,*,#14021,.T.);
#15505=ORIENTED_EDGE('',*,*,#15331,.T.);
#15506=ORIENTED_EDGE('',*,*,#15493,.F.);
#15507=ORIENTED_EDGE('',*,*,#15196,.F.);
#15508=EDGE_LOOP('',(#15504,#15505,#15506,#15507));
#15509=FACE_OUTER_BOUND('',#15508,.F.);
#15510=ADVANCED_FACE('',(#15509),#15503,.F.);
#15511=CARTESIAN_POINT('',(1.31E0,1.897179320238E-1,-4.5E-1));
#15512=DIRECTION('',(1.E0,0.E0,0.E0));
#15513=DIRECTION('',(0.E0,0.E0,-1.E0));
#15514=AXIS2_PLACEMENT_3D('',#15511,#15512,#15513);
#15515=CYLINDRICAL_SURFACE('',#15514,8.E-2);
#15516=ORIENTED_EDGE('',*,*,#14165,.F.);
#15517=ORIENTED_EDGE('',*,*,#15211,.F.);
#15519=ORIENTED_EDGE('',*,*,#15518,.T.);
#15520=ORIENTED_EDGE('',*,*,#15344,.T.);
#15521=EDGE_LOOP('',(#15516,#15517,#15519,#15520));
#15522=FACE_OUTER_BOUND('',#15521,.F.);
#15523=ADVANCED_FACE('',(#15522),#15515,.F.);
#15524=CARTESIAN_POINT('',(1.31E0,9.985817310370E-2,-6.140869595319E-1));
#15525=DIRECTION('',(0.E0,9.982502668381E-1,-5.913040468104E-2));
#15526=DIRECTION('',(0.E0,5.913040468104E-2,9.982502668381E-1));
#15527=AXIS2_PLACEMENT_3D('',#15524,#15525,#15526);
#15528=PLANE('',#15527);
#15529=ORIENTED_EDGE('',*,*,#13176,.T.);
#15530=ORIENTED_EDGE('',*,*,#15346,.T.);
#15531=ORIENTED_EDGE('',*,*,#15518,.F.);
#15532=ORIENTED_EDGE('',*,*,#15209,.F.);
#15533=EDGE_LOOP('',(#15529,#15530,#15531,#15532));
#15534=FACE_OUTER_BOUND('',#15533,.F.);
#15535=ADVANCED_FACE('',(#15534),#15528,.T.);
#15536=CARTESIAN_POINT('',(1.31E0,4.322771523670E-1,-3.758594572153E-1));
#15537=DIRECTION('',(0.E0,4.430711908242E-1,8.964864303834E-1));
#15538=DIRECTION('',(0.E0,-8.964864303834E-1,4.430711908242E-1));
#15539=AXIS2_PLACEMENT_3D('',#15536,#15537,#15538);
#15540=PLANE('',#15539);
#15541=ORIENTED_EDGE('',*,*,#14622,.F.);
#15542=ORIENTED_EDGE('',*,*,#15236,.F.);
#15544=ORIENTED_EDGE('',*,*,#15543,.T.);
#15545=ORIENTED_EDGE('',*,*,#15357,.T.);
#15546=EDGE_LOOP('',(#15541,#15542,#15544,#15545));
#15547=FACE_OUTER_BOUND('',#15546,.F.);
#15548=ADVANCED_FACE('',(#15547),#15540,.T.);
#15549=CARTESIAN_POINT('',(1.31E0,4.5E-1,-3.4E-1));
#15550=DIRECTION('',(1.E0,0.E0,0.E0));
#15551=DIRECTION('',(0.E0,0.E0,-1.E0));
#15552=AXIS2_PLACEMENT_3D('',#15549,#15550,#15551);
#15553=CYLINDRICAL_SURFACE('',#15552,4.E-2);
#15554=ORIENTED_EDGE('',*,*,#15359,.T.);
#15555=ORIENTED_EDGE('',*,*,#15543,.F.);
#15556=ORIENTED_EDGE('',*,*,#15234,.T.);
#15557=ORIENTED_EDGE('',*,*,#14636,.T.);
#15558=EDGE_LOOP('',(#15554,#15555,#15556,#15557));
#15559=FACE_OUTER_BOUND('',#15558,.F.);
#15560=ADVANCED_FACE('',(#15559),#15553,.F.);
#15561=CARTESIAN_POINT('',(1.31E0,4.5E-1,-3.4E-1));
#15562=DIRECTION('',(1.E0,0.E0,0.E0));
#15563=DIRECTION('',(0.E0,0.E0,-1.E0));
#15564=AXIS2_PLACEMENT_3D('',#15561,#15562,#15563);
#15565=CYLINDRICAL_SURFACE('',#15564,1.E-1);
#15566=ORIENTED_EDGE('',*,*,#14632,.F.);
#15567=ORIENTED_EDGE('',*,*,#15231,.F.);
#15569=ORIENTED_EDGE('',*,*,#15568,.T.);
#15570=ORIENTED_EDGE('',*,*,#15362,.T.);
#15571=EDGE_LOOP('',(#15566,#15567,#15569,#15570));
#15572=FACE_OUTER_BOUND('',#15571,.F.);
#15573=ADVANCED_FACE('',(#15572),#15565,.T.);
#15574=CARTESIAN_POINT('',(1.31E0,4.950001400910E-1,-4.7E-1));
#15575=DIRECTION('',(0.E0,8.867318288963E-1,-4.622841805883E-1));
#15576=DIRECTION('',(0.E0,4.622841805883E-1,8.867318288963E-1));
#15577=AXIS2_PLACEMENT_3D('',#15574,#15575,#15576);
#15578=PLANE('',#15577);
#15579=ORIENTED_EDGE('',*,*,#15229,.F.);
#15581=ORIENTED_EDGE('',*,*,#15580,.T.);
#15582=ORIENTED_EDGE('',*,*,#15364,.T.);
#15583=ORIENTED_EDGE('',*,*,#15568,.F.);
#15584=EDGE_LOOP('',(#15579,#15581,#15582,#15583));
#15585=FACE_OUTER_BOUND('',#15584,.F.);
#15586=ADVANCED_FACE('',(#15585),#15578,.T.);
#15587=CARTESIAN_POINT('',(1.31E0,4.250001400910E-1,-4.7E-1));
#15588=DIRECTION('',(0.E0,0.E0,-1.E0));
#15589=DIRECTION('',(0.E0,1.E0,0.E0));
#15590=AXIS2_PLACEMENT_3D('',#15587,#15588,#15589);
#15591=PLANE('',#15590);
#15592=ORIENTED_EDGE('',*,*,#15227,.F.);
#15594=ORIENTED_EDGE('',*,*,#15593,.T.);
#15595=ORIENTED_EDGE('',*,*,#15366,.T.);
#15596=ORIENTED_EDGE('',*,*,#15580,.F.);
#15597=EDGE_LOOP('',(#15592,#15594,#15595,#15596));
#15598=FACE_OUTER_BOUND('',#15597,.F.);
#15599=ADVANCED_FACE('',(#15598),#15591,.T.);
#15600=CARTESIAN_POINT('',(1.31E0,4.056930115107E-1,-4.296487075815E-1));
#15601=DIRECTION('',(0.E0,-9.020586423425E-1,-4.316134911876E-1));
#15602=DIRECTION('',(0.E0,4.316134911876E-1,-9.020586423425E-1));
#15603=AXIS2_PLACEMENT_3D('',#15600,#15601,#15602);
#15604=PLANE('',#15603);
#15605=ORIENTED_EDGE('',*,*,#15225,.F.);
#15607=ORIENTED_EDGE('',*,*,#15606,.T.);
#15608=ORIENTED_EDGE('',*,*,#15368,.T.);
#15609=ORIENTED_EDGE('',*,*,#15593,.F.);
#15610=EDGE_LOOP('',(#15605,#15607,#15608,#15609));
#15611=FACE_OUTER_BOUND('',#15610,.F.);
#15612=ADVANCED_FACE('',(#15611),#15604,.T.);
#15613=CARTESIAN_POINT('',(1.31E0,2.850030229848E-1,-3.7E-1));
#15614=DIRECTION('',(0.E0,-4.430711908242E-1,-8.964864303834E-1));
#15615=DIRECTION('',(0.E0,8.964864303834E-1,-4.430711908242E-1));
#15616=AXIS2_PLACEMENT_3D('',#15613,#15614,#15615);
#15617=PLANE('',#15616);
#15618=ORIENTED_EDGE('',*,*,#14626,.T.);
#15619=ORIENTED_EDGE('',*,*,#15370,.T.);
#15620=ORIENTED_EDGE('',*,*,#15606,.F.);
#15621=ORIENTED_EDGE('',*,*,#15223,.F.);
#15622=EDGE_LOOP('',(#15618,#15619,#15620,#15621));
#15623=FACE_OUTER_BOUND('',#15622,.F.);
#15624=ADVANCED_FACE('',(#15623),#15617,.T.);
#15625=CARTESIAN_POINT('',(1.31E0,4.056930115107E-1,4.296487075815E-1));
#15626=DIRECTION('',(0.E0,-4.430711908242E-1,8.964864303834E-1));
#15627=DIRECTION('',(0.E0,-8.964864303834E-1,-4.430711908242E-1));
#15628=AXIS2_PLACEMENT_3D('',#15625,#15626,#15627);
#15629=PLANE('',#15628);
#15630=ORIENTED_EDGE('',*,*,#14924,.F.);
#15631=ORIENTED_EDGE('',*,*,#15260,.F.);
#15633=ORIENTED_EDGE('',*,*,#15632,.T.);
#15634=ORIENTED_EDGE('',*,*,#15381,.T.);
#15635=EDGE_LOOP('',(#15630,#15631,#15633,#15634));
#15636=FACE_OUTER_BOUND('',#15635,.F.);
#15637=ADVANCED_FACE('',(#15636),#15629,.T.);
#15638=CARTESIAN_POINT('',(1.31E0,4.250001400910E-1,4.7E-1));
#15639=DIRECTION('',(0.E0,-9.020586423425E-1,4.316134911876E-1));
#15640=DIRECTION('',(0.E0,-4.316134911876E-1,-9.020586423425E-1));
#15641=AXIS2_PLACEMENT_3D('',#15638,#15639,#15640);
#15642=PLANE('',#15641);
#15643=ORIENTED_EDGE('',*,*,#15258,.F.);
#15645=ORIENTED_EDGE('',*,*,#15644,.T.);
#15646=ORIENTED_EDGE('',*,*,#15383,.T.);
#15647=ORIENTED_EDGE('',*,*,#15632,.F.);
#15648=EDGE_LOOP('',(#15643,#15645,#15646,#15647));
#15649=FACE_OUTER_BOUND('',#15648,.F.);
#15650=ADVANCED_FACE('',(#15649),#15642,.T.);
#15651=CARTESIAN_POINT('',(1.31E0,4.950001400910E-1,4.7E-1));
#15652=DIRECTION('',(0.E0,0.E0,1.E0));
#15653=DIRECTION('',(0.E0,-1.E0,0.E0));
#15654=AXIS2_PLACEMENT_3D('',#15651,#15652,#15653);
#15655=PLANE('',#15654);
#15656=ORIENTED_EDGE('',*,*,#15256,.F.);
#15658=ORIENTED_EDGE('',*,*,#15657,.T.);
#15659=ORIENTED_EDGE('',*,*,#15385,.T.);
#15660=ORIENTED_EDGE('',*,*,#15644,.F.);
#15661=EDGE_LOOP('',(#15656,#15658,#15659,#15660));
#15662=FACE_OUTER_BOUND('',#15661,.F.);
#15663=ADVANCED_FACE('',(#15662),#15655,.T.);
#15664=CARTESIAN_POINT('',(1.31E0,5.386731828896E-1,3.862284180588E-1));
#15665=DIRECTION('',(0.E0,8.867318288963E-1,4.622841805883E-1));
#15666=DIRECTION('',(0.E0,-4.622841805883E-1,8.867318288963E-1));
#15667=AXIS2_PLACEMENT_3D('',#15664,#15665,#15666);
#15668=PLANE('',#15667);
#15669=ORIENTED_EDGE('',*,*,#15254,.F.);
#15671=ORIENTED_EDGE('',*,*,#15670,.T.);
#15672=ORIENTED_EDGE('',*,*,#15387,.T.);
#15673=ORIENTED_EDGE('',*,*,#15657,.F.);
#15674=EDGE_LOOP('',(#15669,#15671,#15672,#15673));
#15675=FACE_OUTER_BOUND('',#15674,.F.);
#15676=ADVANCED_FACE('',(#15675),#15668,.T.);
#15677=CARTESIAN_POINT('',(1.31E0,4.5E-1,3.4E-1));
#15678=DIRECTION('',(1.E0,0.E0,0.E0));
#15679=DIRECTION('',(0.E0,0.E0,-1.E0));
#15680=AXIS2_PLACEMENT_3D('',#15677,#15678,#15679);
#15681=CYLINDRICAL_SURFACE('',#15680,1.E-1);
#15682=ORIENTED_EDGE('',*,*,#14938,.T.);
#15683=ORIENTED_EDGE('',*,*,#15389,.T.);
#15684=ORIENTED_EDGE('',*,*,#15670,.F.);
#15685=ORIENTED_EDGE('',*,*,#15252,.F.);
#15686=EDGE_LOOP('',(#15682,#15683,#15684,#15685));
#15687=FACE_OUTER_BOUND('',#15686,.F.);
#15688=ADVANCED_FACE('',(#15687),#15681,.T.);
#15689=CARTESIAN_POINT('',(1.31E0,4.5E-1,3.4E-1));
#15690=DIRECTION('',(1.E0,0.E0,0.E0));
#15691=DIRECTION('',(0.E0,0.E0,-1.E0));
#15692=AXIS2_PLACEMENT_3D('',#15689,#15690,#15691);
#15693=CYLINDRICAL_SURFACE('',#15692,4.E-2);
#15694=ORIENTED_EDGE('',*,*,#15392,.T.);
#15695=ORIENTED_EDGE('',*,*,#14934,.F.);
#15696=ORIENTED_EDGE('',*,*,#15249,.T.);
#15698=ORIENTED_EDGE('',*,*,#15697,.T.);
#15699=EDGE_LOOP('',(#15694,#15695,#15696,#15698));
#15700=FACE_OUTER_BOUND('',#15699,.F.);
#15701=ADVANCED_FACE('',(#15700),#15693,.F.);
#15702=CARTESIAN_POINT('',(1.31E0,3.085713471214E-1,3.147202401737E-1));
#15703=DIRECTION('',(0.E0,4.430711908242E-1,-8.964864303834E-1));
#15704=DIRECTION('',(0.E0,8.964864303834E-1,4.430711908242E-1));
#15705=AXIS2_PLACEMENT_3D('',#15702,#15703,#15704);
#15706=PLANE('',#15705);
#15707=ORIENTED_EDGE('',*,*,#14928,.T.);
#15708=ORIENTED_EDGE('',*,*,#15394,.T.);
#15709=ORIENTED_EDGE('',*,*,#15697,.F.);
#15710=ORIENTED_EDGE('',*,*,#15247,.F.);
#15711=EDGE_LOOP('',(#15707,#15708,#15709,#15710));
#15712=FACE_OUTER_BOUND('',#15711,.F.);
#15713=ADVANCED_FACE('',(#15712),#15706,.T.);
#15714=CARTESIAN_POINT('',(1.655E0,6.4E-1,-7.6E-1));
#15715=DIRECTION('',(0.E0,0.E0,-1.E0));
#15716=DIRECTION('',(-1.E0,0.E0,0.E0));
#15717=AXIS2_PLACEMENT_3D('',#15714,#15715,#15716);
#15718=PLANE('',#15717);
#15719=ORIENTED_EDGE('',*,*,#13359,.F.);
#15720=ORIENTED_EDGE('',*,*,#12965,.T.);
#15721=ORIENTED_EDGE('',*,*,#12320,.F.);
#15723=ORIENTED_EDGE('',*,*,#15722,.T.);
#15724=ORIENTED_EDGE('',*,*,#11160,.T.);
#15725=ORIENTED_EDGE('',*,*,#13029,.T.);
#15726=ORIENTED_EDGE('',*,*,#15404,.T.);
#15728=ORIENTED_EDGE('',*,*,#15727,.F.);
#15729=ORIENTED_EDGE('',*,*,#15270,.F.);
#15730=ORIENTED_EDGE('',*,*,#13021,.T.);
#15732=ORIENTED_EDGE('',*,*,#15731,.T.);
#15734=ORIENTED_EDGE('',*,*,#15733,.F.);
#15736=ORIENTED_EDGE('',*,*,#15735,.F.);
#15737=ORIENTED_EDGE('',*,*,#13013,.T.);
#15739=ORIENTED_EDGE('',*,*,#15738,.T.);
#15741=ORIENTED_EDGE('',*,*,#15740,.F.);
#15743=ORIENTED_EDGE('',*,*,#15742,.F.);
#15744=ORIENTED_EDGE('',*,*,#13005,.T.);
#15746=ORIENTED_EDGE('',*,*,#15745,.T.);
#15748=ORIENTED_EDGE('',*,*,#15747,.F.);
#15750=ORIENTED_EDGE('',*,*,#15749,.F.);
#15751=ORIENTED_EDGE('',*,*,#12997,.T.);
#15753=ORIENTED_EDGE('',*,*,#15752,.T.);
#15755=ORIENTED_EDGE('',*,*,#15754,.F.);
#15757=ORIENTED_EDGE('',*,*,#15756,.F.);
#15758=ORIENTED_EDGE('',*,*,#12989,.T.);
#15759=ORIENTED_EDGE('',*,*,#14474,.T.);
#15761=ORIENTED_EDGE('',*,*,#15760,.F.);
#15762=ORIENTED_EDGE('',*,*,#14336,.F.);
#15763=ORIENTED_EDGE('',*,*,#12981,.T.);
#15764=ORIENTED_EDGE('',*,*,#13897,.T.);
#15766=ORIENTED_EDGE('',*,*,#15765,.F.);
#15767=ORIENTED_EDGE('',*,*,#13757,.F.);
#15768=ORIENTED_EDGE('',*,*,#12973,.T.);
#15769=ORIENTED_EDGE('',*,*,#13500,.T.);
#15771=ORIENTED_EDGE('',*,*,#15770,.F.);
#15772=EDGE_LOOP('',(#15719,#15720,#15721,#15723,#15724,#15725,#15726,#15728,
#15729,#15730,#15732,#15734,#15736,#15737,#15739,#15741,#15743,#15744,#15746,
#15748,#15750,#15751,#15753,#15755,#15757,#15758,#15759,#15761,#15762,#15763,
#15764,#15766,#15767,#15768,#15769,#15771));
#15773=FACE_OUTER_BOUND('',#15772,.F.);
#15774=ADVANCED_FACE('',(#15773),#15718,.F.);
#15775=CARTESIAN_POINT('',(0.E0,6.15E-1,-7.85E-1));
#15776=DIRECTION('',(0.E0,7.071067811865E-1,7.071067811865E-1));
#15777=DIRECTION('',(-1.E0,0.E0,0.E0));
#15778=AXIS2_PLACEMENT_3D('',#15775,#15776,#15777);
#15779=PLANE('',#15778);
#15780=ORIENTED_EDGE('',*,*,#11162,.T.);
#15781=ORIENTED_EDGE('',*,*,#15722,.F.);
#15782=ORIENTED_EDGE('',*,*,#12318,.T.);
#15783=ORIENTED_EDGE('',*,*,#12362,.T.);
#15784=EDGE_LOOP('',(#15780,#15781,#15782,#15783));
#15785=FACE_OUTER_BOUND('',#15784,.F.);
#15786=ADVANCED_FACE('',(#15785),#15779,.T.);
#15787=CARTESIAN_POINT('',(1.31E0,5.819238815543E-1,-7.822261184457E-1));
#15788=DIRECTION('',(0.E0,7.071067811865E-1,7.071067811865E-1));
#15789=DIRECTION('',(0.E0,-7.071067811865E-1,7.071067811865E-1));
#15790=AXIS2_PLACEMENT_3D('',#15787,#15788,#15789);
#15791=PLANE('',#15790);
#15792=ORIENTED_EDGE('',*,*,#15727,.T.);
#15793=ORIENTED_EDGE('',*,*,#15417,.T.);
#15795=ORIENTED_EDGE('',*,*,#15794,.F.);
#15796=ORIENTED_EDGE('',*,*,#15272,.F.);
#15797=EDGE_LOOP('',(#15792,#15793,#15795,#15796));
#15798=FACE_OUTER_BOUND('',#15797,.F.);
#15799=ADVANCED_FACE('',(#15798),#15791,.T.);
#15800=CARTESIAN_POINT('',(1.31E0,4.399921356237E-1,-8.1E-1));
#15801=DIRECTION('',(1.E0,0.E0,0.E0));
#15802=DIRECTION('',(0.E0,0.E0,-1.E0));
#15803=AXIS2_PLACEMENT_3D('',#15800,#15801,#15802);
#15804=CYLINDRICAL_SURFACE('',#15803,1.2E-1);
#15805=ORIENTED_EDGE('',*,*,#15274,.F.);
#15806=ORIENTED_EDGE('',*,*,#15794,.T.);
#15807=ORIENTED_EDGE('',*,*,#15415,.T.);
#15809=ORIENTED_EDGE('',*,*,#15808,.F.);
#15810=EDGE_LOOP('',(#15805,#15806,#15807,#15809));
#15811=FACE_OUTER_BOUND('',#15810,.F.);
#15812=ADVANCED_FACE('',(#15811),#15804,.T.);
#15813=CARTESIAN_POINT('',(1.31E0,3.895248361990E-1,-7.011282787461E-1));
#15814=DIRECTION('',(0.E0,-4.205608285392E-1,9.072643437821E-1));
#15815=DIRECTION('',(0.E0,-9.072643437821E-1,-4.205608285392E-1));
#15816=AXIS2_PLACEMENT_3D('',#15813,#15814,#15815);
#15817=PLANE('',#15816);
#15818=ORIENTED_EDGE('',*,*,#15276,.F.);
#15819=ORIENTED_EDGE('',*,*,#15808,.T.);
#15820=ORIENTED_EDGE('',*,*,#15413,.T.);
#15822=ORIENTED_EDGE('',*,*,#15821,.F.);
#15823=EDGE_LOOP('',(#15818,#15819,#15820,#15822));
#15824=FACE_OUTER_BOUND('',#15823,.F.);
#15825=ADVANCED_FACE('',(#15824),#15817,.T.);
#15826=CARTESIAN_POINT('',(1.31E0,3.377881523859E-1,-6.7E-1));
#15827=DIRECTION('',(1.E0,0.E0,0.E0));
#15828=DIRECTION('',(0.E0,0.E0,-1.E0));
#15829=AXIS2_PLACEMENT_3D('',#15826,#15827,#15828);
#15830=CYLINDRICAL_SURFACE('',#15829,5.E-2);
#15831=ORIENTED_EDGE('',*,*,#15278,.F.);
#15832=ORIENTED_EDGE('',*,*,#15821,.T.);
#15833=ORIENTED_EDGE('',*,*,#15411,.T.);
#15835=ORIENTED_EDGE('',*,*,#15834,.F.);
#15836=EDGE_LOOP('',(#15831,#15832,#15833,#15835));
#15837=FACE_OUTER_BOUND('',#15836,.F.);
#15838=ADVANCED_FACE('',(#15837),#15830,.F.);
#15839=CARTESIAN_POINT('',(1.31E0,3.377881523859E-1,-7.2E-1));
#15840=DIRECTION('',(0.E0,0.E0,1.E0));
#15841=DIRECTION('',(0.E0,-1.E0,0.E0));
#15842=AXIS2_PLACEMENT_3D('',#15839,#15840,#15841);
#15843=PLANE('',#15842);
#15844=ORIENTED_EDGE('',*,*,#15280,.F.);
#15845=ORIENTED_EDGE('',*,*,#15834,.T.);
#15846=ORIENTED_EDGE('',*,*,#15409,.T.);
#15848=ORIENTED_EDGE('',*,*,#15847,.F.);
#15849=EDGE_LOOP('',(#15844,#15845,#15846,#15848));
#15850=FACE_OUTER_BOUND('',#15849,.F.);
#15851=ADVANCED_FACE('',(#15850),#15843,.T.);
#15852=CARTESIAN_POINT('',(1.31E0,1.996831997875E-1,-6.2E-1));
#15853=DIRECTION('',(1.E0,0.E0,0.E0));
#15854=DIRECTION('',(0.E0,0.E0,-1.E0));
#15855=AXIS2_PLACEMENT_3D('',#15852,#15853,#15854);
#15856=CYLINDRICAL_SURFACE('',#15855,1.E-1);
#15857=ORIENTED_EDGE('',*,*,#15282,.F.);
#15858=ORIENTED_EDGE('',*,*,#15847,.T.);
#15859=ORIENTED_EDGE('',*,*,#15407,.T.);
#15860=ORIENTED_EDGE('',*,*,#13025,.F.);
#15861=EDGE_LOOP('',(#15857,#15858,#15859,#15860));
#15862=FACE_OUTER_BOUND('',#15861,.F.);
#15863=ADVANCED_FACE('',(#15862),#15856,.F.);
#15864=CARTESIAN_POINT('',(1.09E0,0.E0,0.E0));
#15865=DIRECTION('',(1.E0,0.E0,0.E0));
#15866=DIRECTION('',(0.E0,0.E0,-1.E0));
#15867=AXIS2_PLACEMENT_3D('',#15864,#15865,#15866);
#15868=PLANE('',#15867);
#15869=ORIENTED_EDGE('',*,*,#13048,.F.);
#15870=ORIENTED_EDGE('',*,*,#13567,.T.);
#15872=ORIENTED_EDGE('',*,*,#15871,.F.);
#15874=ORIENTED_EDGE('',*,*,#15873,.F.);
#15876=ORIENTED_EDGE('',*,*,#15875,.F.);
#15878=ORIENTED_EDGE('',*,*,#15877,.F.);
#15880=ORIENTED_EDGE('',*,*,#15879,.F.);
#15882=ORIENTED_EDGE('',*,*,#15881,.F.);
#15883=EDGE_LOOP('',(#15869,#15870,#15872,#15874,#15876,#15878,#15880,#15882));
#15884=FACE_OUTER_BOUND('',#15883,.F.);
#15885=ADVANCED_FACE('',(#15884),#15868,.T.);
#15886=CARTESIAN_POINT('',(1.09E0,0.E0,0.E0));
#15887=DIRECTION('',(1.E0,0.E0,0.E0));
#15888=DIRECTION('',(0.E0,0.E0,-1.E0));
#15889=AXIS2_PLACEMENT_3D('',#15886,#15887,#15888);
#15890=PLANE('',#15889);
#15891=ORIENTED_EDGE('',*,*,#13154,.F.);
#15893=ORIENTED_EDGE('',*,*,#15892,.F.);
#15895=ORIENTED_EDGE('',*,*,#15894,.F.);
#15896=ORIENTED_EDGE('',*,*,#14026,.T.);
#15897=EDGE_LOOP('',(#15891,#15893,#15895,#15896));
#15898=FACE_OUTER_BOUND('',#15897,.F.);
#15899=ADVANCED_FACE('',(#15898),#15890,.T.);
#15900=CARTESIAN_POINT('',(1.09E0,0.E0,0.E0));
#15901=DIRECTION('',(1.E0,0.E0,0.E0));
#15902=DIRECTION('',(0.E0,0.E0,-1.E0));
#15903=AXIS2_PLACEMENT_3D('',#15900,#15901,#15902);
#15904=PLANE('',#15903);
#15905=ORIENTED_EDGE('',*,*,#13182,.F.);
#15906=ORIENTED_EDGE('',*,*,#14160,.T.);
#15908=ORIENTED_EDGE('',*,*,#15907,.F.);
#15910=ORIENTED_EDGE('',*,*,#15909,.F.);
#15911=EDGE_LOOP('',(#15905,#15906,#15908,#15910));
#15912=FACE_OUTER_BOUND('',#15911,.F.);
#15913=ADVANCED_FACE('',(#15912),#15904,.T.);
#15914=CARTESIAN_POINT('',(1.09E0,0.E0,0.E0));
#15915=DIRECTION('',(1.E0,0.E0,0.E0));
#15916=DIRECTION('',(0.E0,0.E0,-1.E0));
#15917=AXIS2_PLACEMENT_3D('',#15914,#15915,#15916);
#15918=PLANE('',#15917);
#15919=ORIENTED_EDGE('',*,*,#14644,.T.);
#15921=ORIENTED_EDGE('',*,*,#15920,.F.);
#15923=ORIENTED_EDGE('',*,*,#15922,.F.);
#15924=ORIENTED_EDGE('',*,*,#14654,.T.);
#15926=ORIENTED_EDGE('',*,*,#15925,.F.);
#15928=ORIENTED_EDGE('',*,*,#15927,.F.);
#15930=ORIENTED_EDGE('',*,*,#15929,.F.);
#15932=ORIENTED_EDGE('',*,*,#15931,.F.);
#15934=ORIENTED_EDGE('',*,*,#15933,.F.);
#15935=EDGE_LOOP('',(#15919,#15921,#15923,#15924,#15926,#15928,#15930,#15932,
#15934));
#15936=FACE_OUTER_BOUND('',#15935,.F.);
#15937=ADVANCED_FACE('',(#15936),#15918,.T.);
#15938=CARTESIAN_POINT('',(1.09E0,0.E0,0.E0));
#15939=DIRECTION('',(1.E0,0.E0,0.E0));
#15940=DIRECTION('',(0.E0,0.E0,-1.E0));
#15941=AXIS2_PLACEMENT_3D('',#15938,#15939,#15940);
#15942=PLANE('',#15941);
#15943=ORIENTED_EDGE('',*,*,#14946,.F.);
#15945=ORIENTED_EDGE('',*,*,#15944,.F.);
#15947=ORIENTED_EDGE('',*,*,#15946,.F.);
#15949=ORIENTED_EDGE('',*,*,#15948,.F.);
#15951=ORIENTED_EDGE('',*,*,#15950,.F.);
#15953=ORIENTED_EDGE('',*,*,#15952,.F.);
#15954=ORIENTED_EDGE('',*,*,#14956,.F.);
#15956=ORIENTED_EDGE('',*,*,#15955,.F.);
#15958=ORIENTED_EDGE('',*,*,#15957,.F.);
#15959=EDGE_LOOP('',(#15943,#15945,#15947,#15949,#15951,#15953,#15954,#15956,
#15958));
#15960=FACE_OUTER_BOUND('',#15959,.F.);
#15961=ADVANCED_FACE('',(#15960),#15942,.T.);
#15962=CARTESIAN_POINT('',(1.09E0,0.E0,0.E0));
#15963=DIRECTION('',(1.E0,0.E0,0.E0));
#15964=DIRECTION('',(0.E0,0.E0,-1.E0));
#15965=AXIS2_PLACEMENT_3D('',#15962,#15963,#15964);
#15966=PLANE('',#15965);
#15967=ORIENTED_EDGE('',*,*,#15731,.F.);
#15968=ORIENTED_EDGE('',*,*,#13019,.F.);
#15970=ORIENTED_EDGE('',*,*,#15969,.F.);
#15972=ORIENTED_EDGE('',*,*,#15971,.F.);
#15974=ORIENTED_EDGE('',*,*,#15973,.F.);
#15976=ORIENTED_EDGE('',*,*,#15975,.F.);
#15978=ORIENTED_EDGE('',*,*,#15977,.F.);
#15980=ORIENTED_EDGE('',*,*,#15979,.F.);
#15981=EDGE_LOOP('',(#15967,#15968,#15970,#15972,#15974,#15976,#15978,#15980));
#15982=FACE_OUTER_BOUND('',#15981,.F.);
#15983=ADVANCED_FACE('',(#15982),#15966,.T.);
#15984=CARTESIAN_POINT('',(9.1E-1,5.248449493661E-1,7.251471862576E-1));
#15985=DIRECTION('',(0.E0,7.071067811865E-1,-7.071067811865E-1));
#15986=DIRECTION('',(0.E0,7.071067811865E-1,7.071067811865E-1));
#15987=AXIS2_PLACEMENT_3D('',#15984,#15985,#15986);
#15988=PLANE('',#15987);
#15989=ORIENTED_EDGE('',*,*,#13565,.F.);
#15991=ORIENTED_EDGE('',*,*,#15990,.F.);
#15993=ORIENTED_EDGE('',*,*,#15992,.T.);
#15994=ORIENTED_EDGE('',*,*,#15871,.T.);
#15995=EDGE_LOOP('',(#15989,#15991,#15993,#15994));
#15996=FACE_OUTER_BOUND('',#15995,.F.);
#15997=ADVANCED_FACE('',(#15996),#15988,.T.);
#15998=CARTESIAN_POINT('',(9.1E-1,0.E0,0.E0));
#15999=DIRECTION('',(1.E0,0.E0,0.E0));
#16000=DIRECTION('',(0.E0,0.E0,-1.E0));
#16001=AXIS2_PLACEMENT_3D('',#15998,#15999,#16000);
#16002=PLANE('',#16001);
#16003=ORIENTED_EDGE('',*,*,#13052,.T.);
#16005=ORIENTED_EDGE('',*,*,#16004,.T.);
#16007=ORIENTED_EDGE('',*,*,#16006,.T.);
#16009=ORIENTED_EDGE('',*,*,#16008,.T.);
#16011=ORIENTED_EDGE('',*,*,#16010,.T.);
#16013=ORIENTED_EDGE('',*,*,#16012,.T.);
#16014=ORIENTED_EDGE('',*,*,#15990,.T.);
#16015=ORIENTED_EDGE('',*,*,#13563,.F.);
#16016=EDGE_LOOP('',(#16003,#16005,#16007,#16009,#16011,#16013,#16014,#16015));
#16017=FACE_OUTER_BOUND('',#16016,.F.);
#16018=ADVANCED_FACE('',(#16017),#16002,.F.);
#16019=CARTESIAN_POINT('',(9.1E-1,0.E0,0.E0));
#16020=DIRECTION('',(1.E0,0.E0,0.E0));
#16021=DIRECTION('',(0.E0,0.E0,-1.E0));
#16022=AXIS2_PLACEMENT_3D('',#16019,#16020,#16021);
#16023=PLANE('',#16022);
#16024=ORIENTED_EDGE('',*,*,#13150,.T.);
#16025=ORIENTED_EDGE('',*,*,#14030,.F.);
#16027=ORIENTED_EDGE('',*,*,#16026,.T.);
#16029=ORIENTED_EDGE('',*,*,#16028,.T.);
#16030=EDGE_LOOP('',(#16024,#16025,#16027,#16029));
#16031=FACE_OUTER_BOUND('',#16030,.F.);
#16032=ADVANCED_FACE('',(#16031),#16023,.F.);
#16033=CARTESIAN_POINT('',(9.1E-1,0.E0,0.E0));
#16034=DIRECTION('',(1.E0,0.E0,0.E0));
#16035=DIRECTION('',(0.E0,0.E0,-1.E0));
#16036=AXIS2_PLACEMENT_3D('',#16033,#16034,#16035);
#16037=PLANE('',#16036);
#16038=ORIENTED_EDGE('',*,*,#13186,.T.);
#16040=ORIENTED_EDGE('',*,*,#16039,.T.);
#16042=ORIENTED_EDGE('',*,*,#16041,.T.);
#16043=ORIENTED_EDGE('',*,*,#14156,.F.);
#16044=EDGE_LOOP('',(#16038,#16040,#16042,#16043));
#16045=FACE_OUTER_BOUND('',#16044,.F.);
#16046=ADVANCED_FACE('',(#16045),#16037,.F.);
#16047=CARTESIAN_POINT('',(9.1E-1,0.E0,0.E0));
#16048=DIRECTION('',(1.E0,0.E0,0.E0));
#16049=DIRECTION('',(0.E0,0.E0,-1.E0));
#16050=AXIS2_PLACEMENT_3D('',#16047,#16048,#16049);
#16051=PLANE('',#16050);
#16052=ORIENTED_EDGE('',*,*,#14640,.F.);
#16054=ORIENTED_EDGE('',*,*,#16053,.T.);
#16056=ORIENTED_EDGE('',*,*,#16055,.T.);
#16058=ORIENTED_EDGE('',*,*,#16057,.T.);
#16060=ORIENTED_EDGE('',*,*,#16059,.T.);
#16062=ORIENTED_EDGE('',*,*,#16061,.T.);
#16063=ORIENTED_EDGE('',*,*,#14650,.F.);
#16065=ORIENTED_EDGE('',*,*,#16064,.F.);
#16067=ORIENTED_EDGE('',*,*,#16066,.T.);
#16068=EDGE_LOOP('',(#16052,#16054,#16056,#16058,#16060,#16062,#16063,#16065,
#16067));
#16069=FACE_OUTER_BOUND('',#16068,.F.);
#16070=ADVANCED_FACE('',(#16069),#16051,.F.);
#16071=CARTESIAN_POINT('',(9.1E-1,0.E0,0.E0));
#16072=DIRECTION('',(1.E0,0.E0,0.E0));
#16073=DIRECTION('',(0.E0,0.E0,-1.E0));
#16074=AXIS2_PLACEMENT_3D('',#16071,#16072,#16073);
#16075=PLANE('',#16074);
#16076=ORIENTED_EDGE('',*,*,#14942,.T.);
#16078=ORIENTED_EDGE('',*,*,#16077,.T.);
#16080=ORIENTED_EDGE('',*,*,#16079,.F.);
#16081=ORIENTED_EDGE('',*,*,#14952,.T.);
#16083=ORIENTED_EDGE('',*,*,#16082,.T.);
#16085=ORIENTED_EDGE('',*,*,#16084,.T.);
#16087=ORIENTED_EDGE('',*,*,#16086,.T.);
#16089=ORIENTED_EDGE('',*,*,#16088,.T.);
#16091=ORIENTED_EDGE('',*,*,#16090,.T.);
#16092=EDGE_LOOP('',(#16076,#16078,#16080,#16081,#16083,#16085,#16087,#16089,
#16091));
#16093=FACE_OUTER_BOUND('',#16092,.F.);
#16094=ADVANCED_FACE('',(#16093),#16075,.F.);
#16095=CARTESIAN_POINT('',(9.1E-1,0.E0,0.E0));
#16096=DIRECTION('',(1.E0,0.E0,0.E0));
#16097=DIRECTION('',(0.E0,0.E0,-1.E0));
#16098=AXIS2_PLACEMENT_3D('',#16095,#16096,#16097);
#16099=PLANE('',#16098);
#16100=ORIENTED_EDGE('',*,*,#15735,.T.);
#16102=ORIENTED_EDGE('',*,*,#16101,.T.);
#16104=ORIENTED_EDGE('',*,*,#16103,.T.);
#16106=ORIENTED_EDGE('',*,*,#16105,.T.);
#16108=ORIENTED_EDGE('',*,*,#16107,.T.);
#16110=ORIENTED_EDGE('',*,*,#16109,.T.);
#16112=ORIENTED_EDGE('',*,*,#16111,.T.);
#16113=ORIENTED_EDGE('',*,*,#13015,.T.);
#16114=EDGE_LOOP('',(#16100,#16102,#16104,#16106,#16108,#16110,#16112,#16113));
#16115=FACE_OUTER_BOUND('',#16114,.F.);
#16116=ADVANCED_FACE('',(#16115),#16099,.F.);
#16117=CARTESIAN_POINT('',(9.1E-1,1.996831997875E-1,6.2E-1));
#16118=DIRECTION('',(1.E0,0.E0,0.E0));
#16119=DIRECTION('',(0.E0,0.E0,-1.E0));
#16120=AXIS2_PLACEMENT_3D('',#16117,#16118,#16119);
#16121=CYLINDRICAL_SURFACE('',#16120,1.E-1);
#16122=ORIENTED_EDGE('',*,*,#13050,.T.);
#16123=ORIENTED_EDGE('',*,*,#15881,.T.);
#16125=ORIENTED_EDGE('',*,*,#16124,.F.);
#16126=ORIENTED_EDGE('',*,*,#16004,.F.);
#16127=EDGE_LOOP('',(#16122,#16123,#16125,#16126));
#16128=FACE_OUTER_BOUND('',#16127,.F.);
#16129=ADVANCED_FACE('',(#16128),#16121,.F.);
#16130=CARTESIAN_POINT('',(9.1E-1,1.996831997875E-1,7.2E-1));
#16131=DIRECTION('',(0.E0,0.E0,-1.E0));
#16132=DIRECTION('',(0.E0,1.E0,0.E0));
#16133=AXIS2_PLACEMENT_3D('',#16130,#16131,#16132);
#16134=PLANE('',#16133);
#16135=ORIENTED_EDGE('',*,*,#16006,.F.);
#16136=ORIENTED_EDGE('',*,*,#16124,.T.);
#16137=ORIENTED_EDGE('',*,*,#15879,.T.);
#16139=ORIENTED_EDGE('',*,*,#16138,.F.);
#16140=EDGE_LOOP('',(#16135,#16136,#16137,#16139));
#16141=FACE_OUTER_BOUND('',#16140,.F.);
#16142=ADVANCED_FACE('',(#16141),#16134,.T.);
#16143=CARTESIAN_POINT('',(9.1E-1,3.377881523859E-1,6.7E-1));
#16144=DIRECTION('',(1.E0,0.E0,0.E0));
#16145=DIRECTION('',(0.E0,0.E0,-1.E0));
#16146=AXIS2_PLACEMENT_3D('',#16143,#16144,#16145);
#16147=CYLINDRICAL_SURFACE('',#16146,5.E-2);
#16148=ORIENTED_EDGE('',*,*,#16008,.F.);
#16149=ORIENTED_EDGE('',*,*,#16138,.T.);
#16150=ORIENTED_EDGE('',*,*,#15877,.T.);
#16152=ORIENTED_EDGE('',*,*,#16151,.F.);
#16153=EDGE_LOOP('',(#16148,#16149,#16150,#16152));
#16154=FACE_OUTER_BOUND('',#16153,.F.);
#16155=ADVANCED_FACE('',(#16154),#16147,.F.);
#16156=CARTESIAN_POINT('',(9.1E-1,3.588161938129E-1,7.153632171891E-1));
#16157=DIRECTION('',(0.E0,-4.205608285392E-1,-9.072643437821E-1));
#16158=DIRECTION('',(0.E0,9.072643437821E-1,-4.205608285392E-1));
#16159=AXIS2_PLACEMENT_3D('',#16156,#16157,#16158);
#16160=PLANE('',#16159);
#16161=ORIENTED_EDGE('',*,*,#16010,.F.);
#16162=ORIENTED_EDGE('',*,*,#16151,.T.);
#16163=ORIENTED_EDGE('',*,*,#15875,.T.);
#16165=ORIENTED_EDGE('',*,*,#16164,.F.);
#16166=EDGE_LOOP('',(#16161,#16162,#16163,#16165));
#16167=FACE_OUTER_BOUND('',#16166,.F.);
#16168=ADVANCED_FACE('',(#16167),#16160,.T.);
#16169=CARTESIAN_POINT('',(9.1E-1,4.399921356237E-1,8.1E-1));
#16170=DIRECTION('',(1.E0,0.E0,0.E0));
#16171=DIRECTION('',(0.E0,0.E0,-1.E0));
#16172=AXIS2_PLACEMENT_3D('',#16169,#16170,#16171);
#16173=CYLINDRICAL_SURFACE('',#16172,1.2E-1);
#16174=ORIENTED_EDGE('',*,*,#16012,.F.);
#16175=ORIENTED_EDGE('',*,*,#16164,.T.);
#16176=ORIENTED_EDGE('',*,*,#15873,.T.);
#16177=ORIENTED_EDGE('',*,*,#15992,.F.);
#16178=EDGE_LOOP('',(#16174,#16175,#16176,#16177));
#16179=FACE_OUTER_BOUND('',#16178,.F.);
#16180=ADVANCED_FACE('',(#16179),#16173,.T.);
#16181=CARTESIAN_POINT('',(9.1E-1,1.897179320238E-1,4.5E-1));
#16182=DIRECTION('',(1.E0,0.E0,0.E0));
#16183=DIRECTION('',(0.E0,0.E0,-1.E0));
#16184=AXIS2_PLACEMENT_3D('',#16181,#16182,#16183);
#16185=CYLINDRICAL_SURFACE('',#16184,8.E-2);
#16186=ORIENTED_EDGE('',*,*,#14028,.T.);
#16187=ORIENTED_EDGE('',*,*,#15894,.T.);
#16189=ORIENTED_EDGE('',*,*,#16188,.F.);
#16190=ORIENTED_EDGE('',*,*,#16026,.F.);
#16191=EDGE_LOOP('',(#16186,#16187,#16189,#16190));
#16192=FACE_OUTER_BOUND('',#16191,.F.);
#16193=ADVANCED_FACE('',(#16192),#16185,.F.);
#16194=CARTESIAN_POINT('',(9.1E-1,1.098579106768E-1,4.452695676255E-1));
#16195=DIRECTION('',(0.E0,9.982502668381E-1,5.913040468104E-2));
#16196=DIRECTION('',(0.E0,-5.913040468104E-2,9.982502668381E-1));
#16197=AXIS2_PLACEMENT_3D('',#16194,#16195,#16196);
#16198=PLANE('',#16197);
#16199=ORIENTED_EDGE('',*,*,#13152,.F.);
#16200=ORIENTED_EDGE('',*,*,#16028,.F.);
#16201=ORIENTED_EDGE('',*,*,#16188,.T.);
#16202=ORIENTED_EDGE('',*,*,#15892,.T.);
#16203=EDGE_LOOP('',(#16199,#16200,#16201,#16202));
#16204=FACE_OUTER_BOUND('',#16203,.F.);
#16205=ADVANCED_FACE('',(#16204),#16198,.T.);
#16206=CARTESIAN_POINT('',(9.1E-1,9.985817310370E-2,-6.140869595319E-1));
#16207=DIRECTION('',(0.E0,9.982502668381E-1,-5.913040468104E-2));
#16208=DIRECTION('',(0.E0,5.913040468104E-2,9.982502668381E-1));
#16209=AXIS2_PLACEMENT_3D('',#16206,#16207,#16208);
#16210=PLANE('',#16209);
#16211=ORIENTED_EDGE('',*,*,#13184,.T.);
#16212=ORIENTED_EDGE('',*,*,#15909,.T.);
#16214=ORIENTED_EDGE('',*,*,#16213,.F.);
#16215=ORIENTED_EDGE('',*,*,#16039,.F.);
#16216=EDGE_LOOP('',(#16211,#16212,#16214,#16215));
#16217=FACE_OUTER_BOUND('',#16216,.F.);
#16218=ADVANCED_FACE('',(#16217),#16210,.T.);
#16219=CARTESIAN_POINT('',(9.1E-1,1.897179320238E-1,-4.5E-1));
#16220=DIRECTION('',(1.E0,0.E0,0.E0));
#16221=DIRECTION('',(0.E0,0.E0,-1.E0));
#16222=AXIS2_PLACEMENT_3D('',#16219,#16220,#16221);
#16223=CYLINDRICAL_SURFACE('',#16222,8.E-2);
#16224=ORIENTED_EDGE('',*,*,#14158,.F.);
#16225=ORIENTED_EDGE('',*,*,#16041,.F.);
#16226=ORIENTED_EDGE('',*,*,#16213,.T.);
#16227=ORIENTED_EDGE('',*,*,#15907,.T.);
#16228=EDGE_LOOP('',(#16224,#16225,#16226,#16227));
#16229=FACE_OUTER_BOUND('',#16228,.F.);
#16230=ADVANCED_FACE('',(#16229),#16223,.F.);
#16231=CARTESIAN_POINT('',(9.1E-1,2.850030229848E-1,-3.7E-1));
#16232=DIRECTION('',(0.E0,-4.430711908242E-1,-8.964864303834E-1));
#16233=DIRECTION('',(0.E0,8.964864303834E-1,-4.430711908242E-1));
#16234=AXIS2_PLACEMENT_3D('',#16231,#16232,#16233);
#16235=PLANE('',#16234);
#16236=ORIENTED_EDGE('',*,*,#14646,.T.);
#16237=ORIENTED_EDGE('',*,*,#15933,.T.);
#16239=ORIENTED_EDGE('',*,*,#16238,.F.);
#16240=ORIENTED_EDGE('',*,*,#16053,.F.);
#16241=EDGE_LOOP('',(#16236,#16237,#16239,#16240));
#16242=FACE_OUTER_BOUND('',#16241,.F.);
#16243=ADVANCED_FACE('',(#16242),#16235,.T.);
#16244=CARTESIAN_POINT('',(9.1E-1,4.056930115107E-1,-4.296487075815E-1));
#16245=DIRECTION('',(0.E0,-9.020586423425E-1,-4.316134911876E-1));
#16246=DIRECTION('',(0.E0,4.316134911876E-1,-9.020586423425E-1));
#16247=AXIS2_PLACEMENT_3D('',#16244,#16245,#16246);
#16248=PLANE('',#16247);
#16249=ORIENTED_EDGE('',*,*,#16055,.F.);
#16250=ORIENTED_EDGE('',*,*,#16238,.T.);
#16251=ORIENTED_EDGE('',*,*,#15931,.T.);
#16253=ORIENTED_EDGE('',*,*,#16252,.F.);
#16254=EDGE_LOOP('',(#16249,#16250,#16251,#16253));
#16255=FACE_OUTER_BOUND('',#16254,.F.);
#16256=ADVANCED_FACE('',(#16255),#16248,.T.);
#16257=CARTESIAN_POINT('',(9.1E-1,4.250001400910E-1,-4.7E-1));
#16258=DIRECTION('',(0.E0,0.E0,-1.E0));
#16259=DIRECTION('',(0.E0,1.E0,0.E0));
#16260=AXIS2_PLACEMENT_3D('',#16257,#16258,#16259);
#16261=PLANE('',#16260);
#16262=ORIENTED_EDGE('',*,*,#16057,.F.);
#16263=ORIENTED_EDGE('',*,*,#16252,.T.);
#16264=ORIENTED_EDGE('',*,*,#15929,.T.);
#16266=ORIENTED_EDGE('',*,*,#16265,.F.);
#16267=EDGE_LOOP('',(#16262,#16263,#16264,#16266));
#16268=FACE_OUTER_BOUND('',#16267,.F.);
#16269=ADVANCED_FACE('',(#16268),#16261,.T.);
#16270=CARTESIAN_POINT('',(9.1E-1,4.950001400910E-1,-4.7E-1));
#16271=DIRECTION('',(0.E0,8.867318288963E-1,-4.622841805883E-1));
#16272=DIRECTION('',(0.E0,4.622841805883E-1,8.867318288963E-1));
#16273=AXIS2_PLACEMENT_3D('',#16270,#16271,#16272);
#16274=PLANE('',#16273);
#16275=ORIENTED_EDGE('',*,*,#16059,.F.);
#16276=ORIENTED_EDGE('',*,*,#16265,.T.);
#16277=ORIENTED_EDGE('',*,*,#15927,.T.);
#16279=ORIENTED_EDGE('',*,*,#16278,.F.);
#16280=EDGE_LOOP('',(#16275,#16276,#16277,#16279));
#16281=FACE_OUTER_BOUND('',#16280,.F.);
#16282=ADVANCED_FACE('',(#16281),#16274,.T.);
#16283=CARTESIAN_POINT('',(9.1E-1,4.5E-1,-3.4E-1));
#16284=DIRECTION('',(1.E0,0.E0,0.E0));
#16285=DIRECTION('',(0.E0,0.E0,-1.E0));
#16286=AXIS2_PLACEMENT_3D('',#16283,#16284,#16285);
#16287=CYLINDRICAL_SURFACE('',#16286,1.E-1);
#16288=ORIENTED_EDGE('',*,*,#14652,.F.);
#16289=ORIENTED_EDGE('',*,*,#16061,.F.);
#16290=ORIENTED_EDGE('',*,*,#16278,.T.);
#16291=ORIENTED_EDGE('',*,*,#15925,.T.);
#16292=EDGE_LOOP('',(#16288,#16289,#16290,#16291));
#16293=FACE_OUTER_BOUND('',#16292,.F.);
#16294=ADVANCED_FACE('',(#16293),#16287,.T.);
#16295=CARTESIAN_POINT('',(9.1E-1,4.5E-1,-3.4E-1));
#16296=DIRECTION('',(1.E0,0.E0,0.E0));
#16297=DIRECTION('',(0.E0,0.E0,-1.E0));
#16298=AXIS2_PLACEMENT_3D('',#16295,#16296,#16297);
#16299=CYLINDRICAL_SURFACE('',#16298,4.E-2);
#16300=ORIENTED_EDGE('',*,*,#15922,.T.);
#16302=ORIENTED_EDGE('',*,*,#16301,.F.);
#16303=ORIENTED_EDGE('',*,*,#16064,.T.);
#16304=ORIENTED_EDGE('',*,*,#14656,.T.);
#16305=EDGE_LOOP('',(#16300,#16302,#16303,#16304));
#16306=FACE_OUTER_BOUND('',#16305,.F.);
#16307=ADVANCED_FACE('',(#16306),#16299,.F.);
#16308=CARTESIAN_POINT('',(9.1E-1,4.322771523670E-1,-3.758594572153E-1));
#16309=DIRECTION('',(0.E0,4.430711908242E-1,8.964864303834E-1));
#16310=DIRECTION('',(0.E0,-8.964864303834E-1,4.430711908242E-1));
#16311=AXIS2_PLACEMENT_3D('',#16308,#16309,#16310);
#16312=PLANE('',#16311);
#16313=ORIENTED_EDGE('',*,*,#14642,.F.);
#16314=ORIENTED_EDGE('',*,*,#16066,.F.);
#16315=ORIENTED_EDGE('',*,*,#16301,.T.);
#16316=ORIENTED_EDGE('',*,*,#15920,.T.);
#16317=EDGE_LOOP('',(#16313,#16314,#16315,#16316));
#16318=FACE_OUTER_BOUND('',#16317,.F.);
#16319=ADVANCED_FACE('',(#16318),#16312,.T.);
#16320=CARTESIAN_POINT('',(9.1E-1,3.085713471214E-1,3.147202401737E-1));
#16321=DIRECTION('',(0.E0,4.430711908242E-1,-8.964864303834E-1));
#16322=DIRECTION('',(0.E0,8.964864303834E-1,4.430711908242E-1));
#16323=AXIS2_PLACEMENT_3D('',#16320,#16321,#16322);
#16324=PLANE('',#16323);
#16325=ORIENTED_EDGE('',*,*,#14948,.T.);
#16326=ORIENTED_EDGE('',*,*,#15957,.T.);
#16328=ORIENTED_EDGE('',*,*,#16327,.F.);
#16329=ORIENTED_EDGE('',*,*,#16077,.F.);
#16330=EDGE_LOOP('',(#16325,#16326,#16328,#16329));
#16331=FACE_OUTER_BOUND('',#16330,.F.);
#16332=ADVANCED_FACE('',(#16331),#16324,.T.);
#16333=CARTESIAN_POINT('',(9.1E-1,4.5E-1,3.4E-1));
#16334=DIRECTION('',(1.E0,0.E0,0.E0));
#16335=DIRECTION('',(0.E0,0.E0,-1.E0));
#16336=AXIS2_PLACEMENT_3D('',#16333,#16334,#16335);
#16337=CYLINDRICAL_SURFACE('',#16336,4.E-2);
#16338=ORIENTED_EDGE('',*,*,#15955,.T.);
#16339=ORIENTED_EDGE('',*,*,#14954,.F.);
#16340=ORIENTED_EDGE('',*,*,#16079,.T.);
#16341=ORIENTED_EDGE('',*,*,#16327,.T.);
#16342=EDGE_LOOP('',(#16338,#16339,#16340,#16341));
#16343=FACE_OUTER_BOUND('',#16342,.F.);
#16344=ADVANCED_FACE('',(#16343),#16337,.F.);
#16345=CARTESIAN_POINT('',(9.1E-1,4.5E-1,3.4E-1));
#16346=DIRECTION('',(1.E0,0.E0,0.E0));
#16347=DIRECTION('',(0.E0,0.E0,-1.E0));
#16348=AXIS2_PLACEMENT_3D('',#16345,#16346,#16347);
#16349=CYLINDRICAL_SURFACE('',#16348,1.E-1);
#16350=ORIENTED_EDGE('',*,*,#14958,.T.);
#16351=ORIENTED_EDGE('',*,*,#15952,.T.);
#16353=ORIENTED_EDGE('',*,*,#16352,.F.);
#16354=ORIENTED_EDGE('',*,*,#16082,.F.);
#16355=EDGE_LOOP('',(#16350,#16351,#16353,#16354));
#16356=FACE_OUTER_BOUND('',#16355,.F.);
#16357=ADVANCED_FACE('',(#16356),#16349,.T.);
#16358=CARTESIAN_POINT('',(9.1E-1,5.386731828896E-1,3.862284180588E-1));
#16359=DIRECTION('',(0.E0,8.867318288963E-1,4.622841805883E-1));
#16360=DIRECTION('',(0.E0,-4.622841805883E-1,8.867318288963E-1));
#16361=AXIS2_PLACEMENT_3D('',#16358,#16359,#16360);
#16362=PLANE('',#16361);
#16363=ORIENTED_EDGE('',*,*,#16084,.F.);
#16364=ORIENTED_EDGE('',*,*,#16352,.T.);
#16365=ORIENTED_EDGE('',*,*,#15950,.T.);
#16367=ORIENTED_EDGE('',*,*,#16366,.F.);
#16368=EDGE_LOOP('',(#16363,#16364,#16365,#16367));
#16369=FACE_OUTER_BOUND('',#16368,.F.);
#16370=ADVANCED_FACE('',(#16369),#16362,.T.);
#16371=CARTESIAN_POINT('',(9.1E-1,4.950001400910E-1,4.7E-1));
#16372=DIRECTION('',(0.E0,0.E0,1.E0));
#16373=DIRECTION('',(0.E0,-1.E0,0.E0));
#16374=AXIS2_PLACEMENT_3D('',#16371,#16372,#16373);
#16375=PLANE('',#16374);
#16376=ORIENTED_EDGE('',*,*,#16086,.F.);
#16377=ORIENTED_EDGE('',*,*,#16366,.T.);
#16378=ORIENTED_EDGE('',*,*,#15948,.T.);
#16380=ORIENTED_EDGE('',*,*,#16379,.F.);
#16381=EDGE_LOOP('',(#16376,#16377,#16378,#16380));
#16382=FACE_OUTER_BOUND('',#16381,.F.);
#16383=ADVANCED_FACE('',(#16382),#16375,.T.);
#16384=CARTESIAN_POINT('',(9.1E-1,4.250001400910E-1,4.7E-1));
#16385=DIRECTION('',(0.E0,-9.020586423425E-1,4.316134911876E-1));
#16386=DIRECTION('',(0.E0,-4.316134911876E-1,-9.020586423425E-1));
#16387=AXIS2_PLACEMENT_3D('',#16384,#16385,#16386);
#16388=PLANE('',#16387);
#16389=ORIENTED_EDGE('',*,*,#16088,.F.);
#16390=ORIENTED_EDGE('',*,*,#16379,.T.);
#16391=ORIENTED_EDGE('',*,*,#15946,.T.);
#16393=ORIENTED_EDGE('',*,*,#16392,.F.);
#16394=EDGE_LOOP('',(#16389,#16390,#16391,#16393));
#16395=FACE_OUTER_BOUND('',#16394,.F.);
#16396=ADVANCED_FACE('',(#16395),#16388,.T.);
#16397=CARTESIAN_POINT('',(9.1E-1,4.056930115107E-1,4.296487075815E-1));
#16398=DIRECTION('',(0.E0,-4.430711908242E-1,8.964864303834E-1));
#16399=DIRECTION('',(0.E0,-8.964864303834E-1,-4.430711908242E-1));
#16400=AXIS2_PLACEMENT_3D('',#16397,#16398,#16399);
#16401=PLANE('',#16400);
#16402=ORIENTED_EDGE('',*,*,#14944,.F.);
#16403=ORIENTED_EDGE('',*,*,#16090,.F.);
#16404=ORIENTED_EDGE('',*,*,#16392,.T.);
#16405=ORIENTED_EDGE('',*,*,#15944,.T.);
#16406=EDGE_LOOP('',(#16402,#16403,#16404,#16405));
#16407=FACE_OUTER_BOUND('',#16406,.F.);
#16408=ADVANCED_FACE('',(#16407),#16401,.T.);
#16409=CARTESIAN_POINT('',(9.1E-1,5.819238815543E-1,-7.822261184457E-1));
#16410=DIRECTION('',(0.E0,7.071067811865E-1,7.071067811865E-1));
#16411=DIRECTION('',(0.E0,-7.071067811865E-1,7.071067811865E-1));
#16412=AXIS2_PLACEMENT_3D('',#16409,#16410,#16411);
#16413=PLANE('',#16412);
#16414=ORIENTED_EDGE('',*,*,#15733,.T.);
#16415=ORIENTED_EDGE('',*,*,#15979,.T.);
#16417=ORIENTED_EDGE('',*,*,#16416,.F.);
#16418=ORIENTED_EDGE('',*,*,#16101,.F.);
#16419=EDGE_LOOP('',(#16414,#16415,#16417,#16418));
#16420=FACE_OUTER_BOUND('',#16419,.F.);
#16421=ADVANCED_FACE('',(#16420),#16413,.T.);
#16422=CARTESIAN_POINT('',(9.1E-1,4.399921356237E-1,-8.1E-1));
#16423=DIRECTION('',(1.E0,0.E0,0.E0));
#16424=DIRECTION('',(0.E0,0.E0,-1.E0));
#16425=AXIS2_PLACEMENT_3D('',#16422,#16423,#16424);
#16426=CYLINDRICAL_SURFACE('',#16425,1.2E-1);
#16427=ORIENTED_EDGE('',*,*,#16103,.F.);
#16428=ORIENTED_EDGE('',*,*,#16416,.T.);
#16429=ORIENTED_EDGE('',*,*,#15977,.T.);
#16431=ORIENTED_EDGE('',*,*,#16430,.F.);
#16432=EDGE_LOOP('',(#16427,#16428,#16429,#16431));
#16433=FACE_OUTER_BOUND('',#16432,.F.);
#16434=ADVANCED_FACE('',(#16433),#16426,.T.);
#16435=CARTESIAN_POINT('',(9.1E-1,3.895248361990E-1,-7.011282787461E-1));
#16436=DIRECTION('',(0.E0,-4.205608285392E-1,9.072643437821E-1));
#16437=DIRECTION('',(0.E0,-9.072643437821E-1,-4.205608285392E-1));
#16438=AXIS2_PLACEMENT_3D('',#16435,#16436,#16437);
#16439=PLANE('',#16438);
#16440=ORIENTED_EDGE('',*,*,#16105,.F.);
#16441=ORIENTED_EDGE('',*,*,#16430,.T.);
#16442=ORIENTED_EDGE('',*,*,#15975,.T.);
#16444=ORIENTED_EDGE('',*,*,#16443,.F.);
#16445=EDGE_LOOP('',(#16440,#16441,#16442,#16444));
#16446=FACE_OUTER_BOUND('',#16445,.F.);
#16447=ADVANCED_FACE('',(#16446),#16439,.T.);
#16448=CARTESIAN_POINT('',(9.1E-1,3.377881523859E-1,-6.7E-1));
#16449=DIRECTION('',(1.E0,0.E0,0.E0));
#16450=DIRECTION('',(0.E0,0.E0,-1.E0));
#16451=AXIS2_PLACEMENT_3D('',#16448,#16449,#16450);
#16452=CYLINDRICAL_SURFACE('',#16451,5.E-2);
#16453=ORIENTED_EDGE('',*,*,#16107,.F.);
#16454=ORIENTED_EDGE('',*,*,#16443,.T.);
#16455=ORIENTED_EDGE('',*,*,#15973,.T.);
#16457=ORIENTED_EDGE('',*,*,#16456,.F.);
#16458=EDGE_LOOP('',(#16453,#16454,#16455,#16457));
#16459=FACE_OUTER_BOUND('',#16458,.F.);
#16460=ADVANCED_FACE('',(#16459),#16452,.F.);
#16461=CARTESIAN_POINT('',(9.1E-1,3.377881523859E-1,-7.2E-1));
#16462=DIRECTION('',(0.E0,0.E0,1.E0));
#16463=DIRECTION('',(0.E0,-1.E0,0.E0));
#16464=AXIS2_PLACEMENT_3D('',#16461,#16462,#16463);
#16465=PLANE('',#16464);
#16466=ORIENTED_EDGE('',*,*,#16109,.F.);
#16467=ORIENTED_EDGE('',*,*,#16456,.T.);
#16468=ORIENTED_EDGE('',*,*,#15971,.T.);
#16470=ORIENTED_EDGE('',*,*,#16469,.F.);
#16471=EDGE_LOOP('',(#16466,#16467,#16468,#16470));
#16472=FACE_OUTER_BOUND('',#16471,.F.);
#16473=ADVANCED_FACE('',(#16472),#16465,.T.);
#16474=CARTESIAN_POINT('',(9.1E-1,1.996831997875E-1,-6.2E-1));
#16475=DIRECTION('',(1.E0,0.E0,0.E0));
#16476=DIRECTION('',(0.E0,0.E0,-1.E0));
#16477=AXIS2_PLACEMENT_3D('',#16474,#16475,#16476);
#16478=CYLINDRICAL_SURFACE('',#16477,1.E-1);
#16479=ORIENTED_EDGE('',*,*,#16111,.F.);
#16480=ORIENTED_EDGE('',*,*,#16469,.T.);
#16481=ORIENTED_EDGE('',*,*,#15969,.T.);
#16482=ORIENTED_EDGE('',*,*,#13017,.F.);
#16483=EDGE_LOOP('',(#16479,#16480,#16481,#16482));
#16484=FACE_OUTER_BOUND('',#16483,.F.);
#16485=ADVANCED_FACE('',(#16484),#16478,.F.);
#16486=CARTESIAN_POINT('',(6.9E-1,0.E0,0.E0));
#16487=DIRECTION('',(1.E0,0.E0,0.E0));
#16488=DIRECTION('',(0.E0,0.E0,-1.E0));
#16489=AXIS2_PLACEMENT_3D('',#16486,#16487,#16488);
#16490=PLANE('',#16489);
#16491=ORIENTED_EDGE('',*,*,#13056,.F.);
#16492=ORIENTED_EDGE('',*,*,#13560,.T.);
#16494=ORIENTED_EDGE('',*,*,#16493,.F.);
#16496=ORIENTED_EDGE('',*,*,#16495,.F.);
#16498=ORIENTED_EDGE('',*,*,#16497,.F.);
#16500=ORIENTED_EDGE('',*,*,#16499,.F.);
#16502=ORIENTED_EDGE('',*,*,#16501,.F.);
#16504=ORIENTED_EDGE('',*,*,#16503,.F.);
#16505=EDGE_LOOP('',(#16491,#16492,#16494,#16496,#16498,#16500,#16502,#16504));
#16506=FACE_OUTER_BOUND('',#16505,.F.);
#16507=ADVANCED_FACE('',(#16506),#16490,.T.);
#16508=CARTESIAN_POINT('',(6.9E-1,0.E0,0.E0));
#16509=DIRECTION('',(1.E0,0.E0,0.E0));
#16510=DIRECTION('',(0.E0,0.E0,-1.E0));
#16511=AXIS2_PLACEMENT_3D('',#16508,#16509,#16510);
#16512=PLANE('',#16511);
#16513=ORIENTED_EDGE('',*,*,#13146,.F.);
#16515=ORIENTED_EDGE('',*,*,#16514,.F.);
#16517=ORIENTED_EDGE('',*,*,#16516,.F.);
#16518=ORIENTED_EDGE('',*,*,#14033,.T.);
#16519=EDGE_LOOP('',(#16513,#16515,#16517,#16518));
#16520=FACE_OUTER_BOUND('',#16519,.F.);
#16521=ADVANCED_FACE('',(#16520),#16512,.T.);
#16522=CARTESIAN_POINT('',(6.9E-1,0.E0,0.E0));
#16523=DIRECTION('',(1.E0,0.E0,0.E0));
#16524=DIRECTION('',(0.E0,0.E0,-1.E0));
#16525=AXIS2_PLACEMENT_3D('',#16522,#16523,#16524);
#16526=PLANE('',#16525);
#16527=ORIENTED_EDGE('',*,*,#13190,.F.);
#16528=ORIENTED_EDGE('',*,*,#14153,.T.);
#16530=ORIENTED_EDGE('',*,*,#16529,.F.);
#16532=ORIENTED_EDGE('',*,*,#16531,.F.);
#16533=EDGE_LOOP('',(#16527,#16528,#16530,#16532));
#16534=FACE_OUTER_BOUND('',#16533,.F.);
#16535=ADVANCED_FACE('',(#16534),#16526,.T.);
#16536=CARTESIAN_POINT('',(6.9E-1,0.E0,0.E0));
#16537=DIRECTION('',(1.E0,0.E0,0.E0));
#16538=DIRECTION('',(0.E0,0.E0,-1.E0));
#16539=AXIS2_PLACEMENT_3D('',#16536,#16537,#16538);
#16540=PLANE('',#16539);
#16541=ORIENTED_EDGE('',*,*,#14664,.T.);
#16543=ORIENTED_EDGE('',*,*,#16542,.F.);
#16545=ORIENTED_EDGE('',*,*,#16544,.F.);
#16546=ORIENTED_EDGE('',*,*,#14674,.T.);
#16548=ORIENTED_EDGE('',*,*,#16547,.F.);
#16550=ORIENTED_EDGE('',*,*,#16549,.F.);
#16552=ORIENTED_EDGE('',*,*,#16551,.F.);
#16554=ORIENTED_EDGE('',*,*,#16553,.F.);
#16556=ORIENTED_EDGE('',*,*,#16555,.F.);
#16557=EDGE_LOOP('',(#16541,#16543,#16545,#16546,#16548,#16550,#16552,#16554,
#16556));
#16558=FACE_OUTER_BOUND('',#16557,.F.);
#16559=ADVANCED_FACE('',(#16558),#16540,.T.);
#16560=CARTESIAN_POINT('',(6.9E-1,0.E0,0.E0));
#16561=DIRECTION('',(1.E0,0.E0,0.E0));
#16562=DIRECTION('',(0.E0,0.E0,-1.E0));
#16563=AXIS2_PLACEMENT_3D('',#16560,#16561,#16562);
#16564=PLANE('',#16563);
#16565=ORIENTED_EDGE('',*,*,#14966,.F.);
#16567=ORIENTED_EDGE('',*,*,#16566,.F.);
#16569=ORIENTED_EDGE('',*,*,#16568,.F.);
#16571=ORIENTED_EDGE('',*,*,#16570,.F.);
#16573=ORIENTED_EDGE('',*,*,#16572,.F.);
#16575=ORIENTED_EDGE('',*,*,#16574,.F.);
#16576=ORIENTED_EDGE('',*,*,#14976,.F.);
#16578=ORIENTED_EDGE('',*,*,#16577,.F.);
#16580=ORIENTED_EDGE('',*,*,#16579,.F.);
#16581=EDGE_LOOP('',(#16565,#16567,#16569,#16571,#16573,#16575,#16576,#16578,
#16580));
#16582=FACE_OUTER_BOUND('',#16581,.F.);
#16583=ADVANCED_FACE('',(#16582),#16564,.T.);
#16584=CARTESIAN_POINT('',(6.9E-1,0.E0,0.E0));
#16585=DIRECTION('',(1.E0,0.E0,0.E0));
#16586=DIRECTION('',(0.E0,0.E0,-1.E0));
#16587=AXIS2_PLACEMENT_3D('',#16584,#16585,#16586);
#16588=PLANE('',#16587);
#16589=ORIENTED_EDGE('',*,*,#15738,.F.);
#16590=ORIENTED_EDGE('',*,*,#13011,.F.);
#16592=ORIENTED_EDGE('',*,*,#16591,.F.);
#16594=ORIENTED_EDGE('',*,*,#16593,.F.);
#16596=ORIENTED_EDGE('',*,*,#16595,.F.);
#16598=ORIENTED_EDGE('',*,*,#16597,.F.);
#16600=ORIENTED_EDGE('',*,*,#16599,.F.);
#16602=ORIENTED_EDGE('',*,*,#16601,.F.);
#16603=EDGE_LOOP('',(#16589,#16590,#16592,#16594,#16596,#16598,#16600,#16602));
#16604=FACE_OUTER_BOUND('',#16603,.F.);
#16605=ADVANCED_FACE('',(#16604),#16588,.T.);
#16606=CARTESIAN_POINT('',(5.1E-1,5.248449493661E-1,7.251471862576E-1));
#16607=DIRECTION('',(0.E0,7.071067811865E-1,-7.071067811865E-1));
#16608=DIRECTION('',(0.E0,7.071067811865E-1,7.071067811865E-1));
#16609=AXIS2_PLACEMENT_3D('',#16606,#16607,#16608);
#16610=PLANE('',#16609);
#16611=ORIENTED_EDGE('',*,*,#13558,.F.);
#16613=ORIENTED_EDGE('',*,*,#16612,.F.);
#16615=ORIENTED_EDGE('',*,*,#16614,.T.);
#16616=ORIENTED_EDGE('',*,*,#16493,.T.);
#16617=EDGE_LOOP('',(#16611,#16613,#16615,#16616));
#16618=FACE_OUTER_BOUND('',#16617,.F.);
#16619=ADVANCED_FACE('',(#16618),#16610,.T.);
#16620=CARTESIAN_POINT('',(5.1E-1,0.E0,0.E0));
#16621=DIRECTION('',(1.E0,0.E0,0.E0));
#16622=DIRECTION('',(0.E0,0.E0,-1.E0));
#16623=AXIS2_PLACEMENT_3D('',#16620,#16621,#16622);
#16624=PLANE('',#16623);
#16625=ORIENTED_EDGE('',*,*,#13060,.T.);
#16627=ORIENTED_EDGE('',*,*,#16626,.T.);
#16629=ORIENTED_EDGE('',*,*,#16628,.T.);
#16631=ORIENTED_EDGE('',*,*,#16630,.T.);
#16633=ORIENTED_EDGE('',*,*,#16632,.T.);
#16635=ORIENTED_EDGE('',*,*,#16634,.T.);
#16636=ORIENTED_EDGE('',*,*,#16612,.T.);
#16637=ORIENTED_EDGE('',*,*,#13556,.F.);
#16638=EDGE_LOOP('',(#16625,#16627,#16629,#16631,#16633,#16635,#16636,#16637));
#16639=FACE_OUTER_BOUND('',#16638,.F.);
#16640=ADVANCED_FACE('',(#16639),#16624,.F.);
#16641=CARTESIAN_POINT('',(5.1E-1,0.E0,0.E0));
#16642=DIRECTION('',(1.E0,0.E0,0.E0));
#16643=DIRECTION('',(0.E0,0.E0,-1.E0));
#16644=AXIS2_PLACEMENT_3D('',#16641,#16642,#16643);
#16645=PLANE('',#16644);
#16646=ORIENTED_EDGE('',*,*,#13142,.T.);
#16647=ORIENTED_EDGE('',*,*,#14037,.F.);
#16649=ORIENTED_EDGE('',*,*,#16648,.T.);
#16651=ORIENTED_EDGE('',*,*,#16650,.T.);
#16652=EDGE_LOOP('',(#16646,#16647,#16649,#16651));
#16653=FACE_OUTER_BOUND('',#16652,.F.);
#16654=ADVANCED_FACE('',(#16653),#16645,.F.);
#16655=CARTESIAN_POINT('',(5.1E-1,0.E0,0.E0));
#16656=DIRECTION('',(1.E0,0.E0,0.E0));
#16657=DIRECTION('',(0.E0,0.E0,-1.E0));
#16658=AXIS2_PLACEMENT_3D('',#16655,#16656,#16657);
#16659=PLANE('',#16658);
#16660=ORIENTED_EDGE('',*,*,#13194,.T.);
#16662=ORIENTED_EDGE('',*,*,#16661,.T.);
#16664=ORIENTED_EDGE('',*,*,#16663,.T.);
#16665=ORIENTED_EDGE('',*,*,#14149,.F.);
#16666=EDGE_LOOP('',(#16660,#16662,#16664,#16665));
#16667=FACE_OUTER_BOUND('',#16666,.F.);
#16668=ADVANCED_FACE('',(#16667),#16659,.F.);
#16669=CARTESIAN_POINT('',(5.1E-1,0.E0,0.E0));
#16670=DIRECTION('',(1.E0,0.E0,0.E0));
#16671=DIRECTION('',(0.E0,0.E0,-1.E0));
#16672=AXIS2_PLACEMENT_3D('',#16669,#16670,#16671);
#16673=PLANE('',#16672);
#16674=ORIENTED_EDGE('',*,*,#14660,.F.);
#16676=ORIENTED_EDGE('',*,*,#16675,.T.);
#16678=ORIENTED_EDGE('',*,*,#16677,.T.);
#16680=ORIENTED_EDGE('',*,*,#16679,.T.);
#16682=ORIENTED_EDGE('',*,*,#16681,.T.);
#16684=ORIENTED_EDGE('',*,*,#16683,.T.);
#16685=ORIENTED_EDGE('',*,*,#14670,.F.);
#16687=ORIENTED_EDGE('',*,*,#16686,.F.);
#16689=ORIENTED_EDGE('',*,*,#16688,.T.);
#16690=EDGE_LOOP('',(#16674,#16676,#16678,#16680,#16682,#16684,#16685,#16687,
#16689));
#16691=FACE_OUTER_BOUND('',#16690,.F.);
#16692=ADVANCED_FACE('',(#16691),#16673,.F.);
#16693=CARTESIAN_POINT('',(5.1E-1,0.E0,0.E0));
#16694=DIRECTION('',(1.E0,0.E0,0.E0));
#16695=DIRECTION('',(0.E0,0.E0,-1.E0));
#16696=AXIS2_PLACEMENT_3D('',#16693,#16694,#16695);
#16697=PLANE('',#16696);
#16698=ORIENTED_EDGE('',*,*,#14962,.T.);
#16700=ORIENTED_EDGE('',*,*,#16699,.T.);
#16702=ORIENTED_EDGE('',*,*,#16701,.F.);
#16703=ORIENTED_EDGE('',*,*,#14972,.T.);
#16705=ORIENTED_EDGE('',*,*,#16704,.T.);
#16707=ORIENTED_EDGE('',*,*,#16706,.T.);
#16709=ORIENTED_EDGE('',*,*,#16708,.T.);
#16711=ORIENTED_EDGE('',*,*,#16710,.T.);
#16713=ORIENTED_EDGE('',*,*,#16712,.T.);
#16714=EDGE_LOOP('',(#16698,#16700,#16702,#16703,#16705,#16707,#16709,#16711,
#16713));
#16715=FACE_OUTER_BOUND('',#16714,.F.);
#16716=ADVANCED_FACE('',(#16715),#16697,.F.);
#16717=CARTESIAN_POINT('',(5.1E-1,0.E0,0.E0));
#16718=DIRECTION('',(1.E0,0.E0,0.E0));
#16719=DIRECTION('',(0.E0,0.E0,-1.E0));
#16720=AXIS2_PLACEMENT_3D('',#16717,#16718,#16719);
#16721=PLANE('',#16720);
#16722=ORIENTED_EDGE('',*,*,#15742,.T.);
#16724=ORIENTED_EDGE('',*,*,#16723,.T.);
#16726=ORIENTED_EDGE('',*,*,#16725,.T.);
#16728=ORIENTED_EDGE('',*,*,#16727,.T.);
#16730=ORIENTED_EDGE('',*,*,#16729,.T.);
#16732=ORIENTED_EDGE('',*,*,#16731,.T.);
#16734=ORIENTED_EDGE('',*,*,#16733,.T.);
#16735=ORIENTED_EDGE('',*,*,#13007,.T.);
#16736=EDGE_LOOP('',(#16722,#16724,#16726,#16728,#16730,#16732,#16734,#16735));
#16737=FACE_OUTER_BOUND('',#16736,.F.);
#16738=ADVANCED_FACE('',(#16737),#16721,.F.);
#16739=CARTESIAN_POINT('',(5.1E-1,1.996831997875E-1,6.2E-1));
#16740=DIRECTION('',(1.E0,0.E0,0.E0));
#16741=DIRECTION('',(0.E0,0.E0,-1.E0));
#16742=AXIS2_PLACEMENT_3D('',#16739,#16740,#16741);
#16743=CYLINDRICAL_SURFACE('',#16742,1.E-1);
#16744=ORIENTED_EDGE('',*,*,#13058,.T.);
#16745=ORIENTED_EDGE('',*,*,#16503,.T.);
#16747=ORIENTED_EDGE('',*,*,#16746,.F.);
#16748=ORIENTED_EDGE('',*,*,#16626,.F.);
#16749=EDGE_LOOP('',(#16744,#16745,#16747,#16748));
#16750=FACE_OUTER_BOUND('',#16749,.F.);
#16751=ADVANCED_FACE('',(#16750),#16743,.F.);
#16752=CARTESIAN_POINT('',(5.1E-1,1.996831997875E-1,7.2E-1));
#16753=DIRECTION('',(0.E0,0.E0,-1.E0));
#16754=DIRECTION('',(0.E0,1.E0,0.E0));
#16755=AXIS2_PLACEMENT_3D('',#16752,#16753,#16754);
#16756=PLANE('',#16755);
#16757=ORIENTED_EDGE('',*,*,#16628,.F.);
#16758=ORIENTED_EDGE('',*,*,#16746,.T.);
#16759=ORIENTED_EDGE('',*,*,#16501,.T.);
#16761=ORIENTED_EDGE('',*,*,#16760,.F.);
#16762=EDGE_LOOP('',(#16757,#16758,#16759,#16761));
#16763=FACE_OUTER_BOUND('',#16762,.F.);
#16764=ADVANCED_FACE('',(#16763),#16756,.T.);
#16765=CARTESIAN_POINT('',(5.1E-1,3.377881523859E-1,6.7E-1));
#16766=DIRECTION('',(1.E0,0.E0,0.E0));
#16767=DIRECTION('',(0.E0,0.E0,-1.E0));
#16768=AXIS2_PLACEMENT_3D('',#16765,#16766,#16767);
#16769=CYLINDRICAL_SURFACE('',#16768,5.E-2);
#16770=ORIENTED_EDGE('',*,*,#16630,.F.);
#16771=ORIENTED_EDGE('',*,*,#16760,.T.);
#16772=ORIENTED_EDGE('',*,*,#16499,.T.);
#16774=ORIENTED_EDGE('',*,*,#16773,.F.);
#16775=EDGE_LOOP('',(#16770,#16771,#16772,#16774));
#16776=FACE_OUTER_BOUND('',#16775,.F.);
#16777=ADVANCED_FACE('',(#16776),#16769,.F.);
#16778=CARTESIAN_POINT('',(5.1E-1,3.588161938129E-1,7.153632171891E-1));
#16779=DIRECTION('',(0.E0,-4.205608285392E-1,-9.072643437821E-1));
#16780=DIRECTION('',(0.E0,9.072643437821E-1,-4.205608285392E-1));
#16781=AXIS2_PLACEMENT_3D('',#16778,#16779,#16780);
#16782=PLANE('',#16781);
#16783=ORIENTED_EDGE('',*,*,#16632,.F.);
#16784=ORIENTED_EDGE('',*,*,#16773,.T.);
#16785=ORIENTED_EDGE('',*,*,#16497,.T.);
#16787=ORIENTED_EDGE('',*,*,#16786,.F.);
#16788=EDGE_LOOP('',(#16783,#16784,#16785,#16787));
#16789=FACE_OUTER_BOUND('',#16788,.F.);
#16790=ADVANCED_FACE('',(#16789),#16782,.T.);
#16791=CARTESIAN_POINT('',(5.1E-1,4.399921356237E-1,8.1E-1));
#16792=DIRECTION('',(1.E0,0.E0,0.E0));
#16793=DIRECTION('',(0.E0,0.E0,-1.E0));
#16794=AXIS2_PLACEMENT_3D('',#16791,#16792,#16793);
#16795=CYLINDRICAL_SURFACE('',#16794,1.2E-1);
#16796=ORIENTED_EDGE('',*,*,#16634,.F.);
#16797=ORIENTED_EDGE('',*,*,#16786,.T.);
#16798=ORIENTED_EDGE('',*,*,#16495,.T.);
#16799=ORIENTED_EDGE('',*,*,#16614,.F.);
#16800=EDGE_LOOP('',(#16796,#16797,#16798,#16799));
#16801=FACE_OUTER_BOUND('',#16800,.F.);
#16802=ADVANCED_FACE('',(#16801),#16795,.T.);
#16803=CARTESIAN_POINT('',(5.1E-1,1.897179320238E-1,4.5E-1));
#16804=DIRECTION('',(1.E0,0.E0,0.E0));
#16805=DIRECTION('',(0.E0,0.E0,-1.E0));
#16806=AXIS2_PLACEMENT_3D('',#16803,#16804,#16805);
#16807=CYLINDRICAL_SURFACE('',#16806,8.E-2);
#16808=ORIENTED_EDGE('',*,*,#14035,.T.);
#16809=ORIENTED_EDGE('',*,*,#16516,.T.);
#16811=ORIENTED_EDGE('',*,*,#16810,.F.);
#16812=ORIENTED_EDGE('',*,*,#16648,.F.);
#16813=EDGE_LOOP('',(#16808,#16809,#16811,#16812));
#16814=FACE_OUTER_BOUND('',#16813,.F.);
#16815=ADVANCED_FACE('',(#16814),#16807,.F.);
#16816=CARTESIAN_POINT('',(5.1E-1,1.098579106768E-1,4.452695676255E-1));
#16817=DIRECTION('',(0.E0,9.982502668381E-1,5.913040468104E-2));
#16818=DIRECTION('',(0.E0,-5.913040468104E-2,9.982502668381E-1));
#16819=AXIS2_PLACEMENT_3D('',#16816,#16817,#16818);
#16820=PLANE('',#16819);
#16821=ORIENTED_EDGE('',*,*,#13144,.F.);
#16822=ORIENTED_EDGE('',*,*,#16650,.F.);
#16823=ORIENTED_EDGE('',*,*,#16810,.T.);
#16824=ORIENTED_EDGE('',*,*,#16514,.T.);
#16825=EDGE_LOOP('',(#16821,#16822,#16823,#16824));
#16826=FACE_OUTER_BOUND('',#16825,.F.);
#16827=ADVANCED_FACE('',(#16826),#16820,.T.);
#16828=CARTESIAN_POINT('',(5.1E-1,9.985817310370E-2,-6.140869595319E-1));
#16829=DIRECTION('',(0.E0,9.982502668381E-1,-5.913040468104E-2));
#16830=DIRECTION('',(0.E0,5.913040468104E-2,9.982502668381E-1));
#16831=AXIS2_PLACEMENT_3D('',#16828,#16829,#16830);
#16832=PLANE('',#16831);
#16833=ORIENTED_EDGE('',*,*,#13192,.T.);
#16834=ORIENTED_EDGE('',*,*,#16531,.T.);
#16836=ORIENTED_EDGE('',*,*,#16835,.F.);
#16837=ORIENTED_EDGE('',*,*,#16661,.F.);
#16838=EDGE_LOOP('',(#16833,#16834,#16836,#16837));
#16839=FACE_OUTER_BOUND('',#16838,.F.);
#16840=ADVANCED_FACE('',(#16839),#16832,.T.);
#16841=CARTESIAN_POINT('',(5.1E-1,1.897179320238E-1,-4.5E-1));
#16842=DIRECTION('',(1.E0,0.E0,0.E0));
#16843=DIRECTION('',(0.E0,0.E0,-1.E0));
#16844=AXIS2_PLACEMENT_3D('',#16841,#16842,#16843);
#16845=CYLINDRICAL_SURFACE('',#16844,8.E-2);
#16846=ORIENTED_EDGE('',*,*,#14151,.F.);
#16847=ORIENTED_EDGE('',*,*,#16663,.F.);
#16848=ORIENTED_EDGE('',*,*,#16835,.T.);
#16849=ORIENTED_EDGE('',*,*,#16529,.T.);
#16850=EDGE_LOOP('',(#16846,#16847,#16848,#16849));
#16851=FACE_OUTER_BOUND('',#16850,.F.);
#16852=ADVANCED_FACE('',(#16851),#16845,.F.);
#16853=CARTESIAN_POINT('',(5.1E-1,2.850030229848E-1,-3.7E-1));
#16854=DIRECTION('',(0.E0,-4.430711908242E-1,-8.964864303834E-1));
#16855=DIRECTION('',(0.E0,8.964864303834E-1,-4.430711908242E-1));
#16856=AXIS2_PLACEMENT_3D('',#16853,#16854,#16855);
#16857=PLANE('',#16856);
#16858=ORIENTED_EDGE('',*,*,#14666,.T.);
#16859=ORIENTED_EDGE('',*,*,#16555,.T.);
#16861=ORIENTED_EDGE('',*,*,#16860,.F.);
#16862=ORIENTED_EDGE('',*,*,#16675,.F.);
#16863=EDGE_LOOP('',(#16858,#16859,#16861,#16862));
#16864=FACE_OUTER_BOUND('',#16863,.F.);
#16865=ADVANCED_FACE('',(#16864),#16857,.T.);
#16866=CARTESIAN_POINT('',(5.1E-1,4.056930115107E-1,-4.296487075815E-1));
#16867=DIRECTION('',(0.E0,-9.020586423425E-1,-4.316134911876E-1));
#16868=DIRECTION('',(0.E0,4.316134911876E-1,-9.020586423425E-1));
#16869=AXIS2_PLACEMENT_3D('',#16866,#16867,#16868);
#16870=PLANE('',#16869);
#16871=ORIENTED_EDGE('',*,*,#16677,.F.);
#16872=ORIENTED_EDGE('',*,*,#16860,.T.);
#16873=ORIENTED_EDGE('',*,*,#16553,.T.);
#16875=ORIENTED_EDGE('',*,*,#16874,.F.);
#16876=EDGE_LOOP('',(#16871,#16872,#16873,#16875));
#16877=FACE_OUTER_BOUND('',#16876,.F.);
#16878=ADVANCED_FACE('',(#16877),#16870,.T.);
#16879=CARTESIAN_POINT('',(5.1E-1,4.250001400910E-1,-4.7E-1));
#16880=DIRECTION('',(0.E0,0.E0,-1.E0));
#16881=DIRECTION('',(0.E0,1.E0,0.E0));
#16882=AXIS2_PLACEMENT_3D('',#16879,#16880,#16881);
#16883=PLANE('',#16882);
#16884=ORIENTED_EDGE('',*,*,#16679,.F.);
#16885=ORIENTED_EDGE('',*,*,#16874,.T.);
#16886=ORIENTED_EDGE('',*,*,#16551,.T.);
#16888=ORIENTED_EDGE('',*,*,#16887,.F.);
#16889=EDGE_LOOP('',(#16884,#16885,#16886,#16888));
#16890=FACE_OUTER_BOUND('',#16889,.F.);
#16891=ADVANCED_FACE('',(#16890),#16883,.T.);
#16892=CARTESIAN_POINT('',(5.1E-1,4.950001400910E-1,-4.7E-1));
#16893=DIRECTION('',(0.E0,8.867318288963E-1,-4.622841805883E-1));
#16894=DIRECTION('',(0.E0,4.622841805883E-1,8.867318288963E-1));
#16895=AXIS2_PLACEMENT_3D('',#16892,#16893,#16894);
#16896=PLANE('',#16895);
#16897=ORIENTED_EDGE('',*,*,#16681,.F.);
#16898=ORIENTED_EDGE('',*,*,#16887,.T.);
#16899=ORIENTED_EDGE('',*,*,#16549,.T.);
#16901=ORIENTED_EDGE('',*,*,#16900,.F.);
#16902=EDGE_LOOP('',(#16897,#16898,#16899,#16901));
#16903=FACE_OUTER_BOUND('',#16902,.F.);
#16904=ADVANCED_FACE('',(#16903),#16896,.T.);
#16905=CARTESIAN_POINT('',(5.1E-1,4.5E-1,-3.4E-1));
#16906=DIRECTION('',(1.E0,0.E0,0.E0));
#16907=DIRECTION('',(0.E0,0.E0,-1.E0));
#16908=AXIS2_PLACEMENT_3D('',#16905,#16906,#16907);
#16909=CYLINDRICAL_SURFACE('',#16908,1.E-1);
#16910=ORIENTED_EDGE('',*,*,#14672,.F.);
#16911=ORIENTED_EDGE('',*,*,#16683,.F.);
#16912=ORIENTED_EDGE('',*,*,#16900,.T.);
#16913=ORIENTED_EDGE('',*,*,#16547,.T.);
#16914=EDGE_LOOP('',(#16910,#16911,#16912,#16913));
#16915=FACE_OUTER_BOUND('',#16914,.F.);
#16916=ADVANCED_FACE('',(#16915),#16909,.T.);
#16917=CARTESIAN_POINT('',(5.1E-1,4.5E-1,-3.4E-1));
#16918=DIRECTION('',(1.E0,0.E0,0.E0));
#16919=DIRECTION('',(0.E0,0.E0,-1.E0));
#16920=AXIS2_PLACEMENT_3D('',#16917,#16918,#16919);
#16921=CYLINDRICAL_SURFACE('',#16920,4.E-2);
#16922=ORIENTED_EDGE('',*,*,#16544,.T.);
#16924=ORIENTED_EDGE('',*,*,#16923,.F.);
#16925=ORIENTED_EDGE('',*,*,#16686,.T.);
#16926=ORIENTED_EDGE('',*,*,#14676,.T.);
#16927=EDGE_LOOP('',(#16922,#16924,#16925,#16926));
#16928=FACE_OUTER_BOUND('',#16927,.F.);
#16929=ADVANCED_FACE('',(#16928),#16921,.F.);
#16930=CARTESIAN_POINT('',(5.1E-1,4.322771523670E-1,-3.758594572153E-1));
#16931=DIRECTION('',(0.E0,4.430711908242E-1,8.964864303834E-1));
#16932=DIRECTION('',(0.E0,-8.964864303834E-1,4.430711908242E-1));
#16933=AXIS2_PLACEMENT_3D('',#16930,#16931,#16932);
#16934=PLANE('',#16933);
#16935=ORIENTED_EDGE('',*,*,#14662,.F.);
#16936=ORIENTED_EDGE('',*,*,#16688,.F.);
#16937=ORIENTED_EDGE('',*,*,#16923,.T.);
#16938=ORIENTED_EDGE('',*,*,#16542,.T.);
#16939=EDGE_LOOP('',(#16935,#16936,#16937,#16938));
#16940=FACE_OUTER_BOUND('',#16939,.F.);
#16941=ADVANCED_FACE('',(#16940),#16934,.T.);
#16942=CARTESIAN_POINT('',(5.1E-1,3.085713471214E-1,3.147202401737E-1));
#16943=DIRECTION('',(0.E0,4.430711908242E-1,-8.964864303834E-1));
#16944=DIRECTION('',(0.E0,8.964864303834E-1,4.430711908242E-1));
#16945=AXIS2_PLACEMENT_3D('',#16942,#16943,#16944);
#16946=PLANE('',#16945);
#16947=ORIENTED_EDGE('',*,*,#14968,.T.);
#16948=ORIENTED_EDGE('',*,*,#16579,.T.);
#16950=ORIENTED_EDGE('',*,*,#16949,.F.);
#16951=ORIENTED_EDGE('',*,*,#16699,.F.);
#16952=EDGE_LOOP('',(#16947,#16948,#16950,#16951));
#16953=FACE_OUTER_BOUND('',#16952,.F.);
#16954=ADVANCED_FACE('',(#16953),#16946,.T.);
#16955=CARTESIAN_POINT('',(5.1E-1,4.5E-1,3.4E-1));
#16956=DIRECTION('',(1.E0,0.E0,0.E0));
#16957=DIRECTION('',(0.E0,0.E0,-1.E0));
#16958=AXIS2_PLACEMENT_3D('',#16955,#16956,#16957);
#16959=CYLINDRICAL_SURFACE('',#16958,4.E-2);
#16960=ORIENTED_EDGE('',*,*,#16577,.T.);
#16961=ORIENTED_EDGE('',*,*,#14974,.F.);
#16962=ORIENTED_EDGE('',*,*,#16701,.T.);
#16963=ORIENTED_EDGE('',*,*,#16949,.T.);
#16964=EDGE_LOOP('',(#16960,#16961,#16962,#16963));
#16965=FACE_OUTER_BOUND('',#16964,.F.);
#16966=ADVANCED_FACE('',(#16965),#16959,.F.);
#16967=CARTESIAN_POINT('',(5.1E-1,4.5E-1,3.4E-1));
#16968=DIRECTION('',(1.E0,0.E0,0.E0));
#16969=DIRECTION('',(0.E0,0.E0,-1.E0));
#16970=AXIS2_PLACEMENT_3D('',#16967,#16968,#16969);
#16971=CYLINDRICAL_SURFACE('',#16970,1.E-1);
#16972=ORIENTED_EDGE('',*,*,#14978,.T.);
#16973=ORIENTED_EDGE('',*,*,#16574,.T.);
#16975=ORIENTED_EDGE('',*,*,#16974,.F.);
#16976=ORIENTED_EDGE('',*,*,#16704,.F.);
#16977=EDGE_LOOP('',(#16972,#16973,#16975,#16976));
#16978=FACE_OUTER_BOUND('',#16977,.F.);
#16979=ADVANCED_FACE('',(#16978),#16971,.T.);
#16980=CARTESIAN_POINT('',(5.1E-1,5.386731828896E-1,3.862284180588E-1));
#16981=DIRECTION('',(0.E0,8.867318288963E-1,4.622841805883E-1));
#16982=DIRECTION('',(0.E0,-4.622841805883E-1,8.867318288963E-1));
#16983=AXIS2_PLACEMENT_3D('',#16980,#16981,#16982);
#16984=PLANE('',#16983);
#16985=ORIENTED_EDGE('',*,*,#16706,.F.);
#16986=ORIENTED_EDGE('',*,*,#16974,.T.);
#16987=ORIENTED_EDGE('',*,*,#16572,.T.);
#16989=ORIENTED_EDGE('',*,*,#16988,.F.);
#16990=EDGE_LOOP('',(#16985,#16986,#16987,#16989));
#16991=FACE_OUTER_BOUND('',#16990,.F.);
#16992=ADVANCED_FACE('',(#16991),#16984,.T.);
#16993=CARTESIAN_POINT('',(5.1E-1,4.950001400910E-1,4.7E-1));
#16994=DIRECTION('',(0.E0,0.E0,1.E0));
#16995=DIRECTION('',(0.E0,-1.E0,0.E0));
#16996=AXIS2_PLACEMENT_3D('',#16993,#16994,#16995);
#16997=PLANE('',#16996);
#16998=ORIENTED_EDGE('',*,*,#16708,.F.);
#16999=ORIENTED_EDGE('',*,*,#16988,.T.);
#17000=ORIENTED_EDGE('',*,*,#16570,.T.);
#17002=ORIENTED_EDGE('',*,*,#17001,.F.);
#17003=EDGE_LOOP('',(#16998,#16999,#17000,#17002));
#17004=FACE_OUTER_BOUND('',#17003,.F.);
#17005=ADVANCED_FACE('',(#17004),#16997,.T.);
#17006=CARTESIAN_POINT('',(5.1E-1,4.250001400910E-1,4.7E-1));
#17007=DIRECTION('',(0.E0,-9.020586423425E-1,4.316134911876E-1));
#17008=DIRECTION('',(0.E0,-4.316134911876E-1,-9.020586423425E-1));
#17009=AXIS2_PLACEMENT_3D('',#17006,#17007,#17008);
#17010=PLANE('',#17009);
#17011=ORIENTED_EDGE('',*,*,#16710,.F.);
#17012=ORIENTED_EDGE('',*,*,#17001,.T.);
#17013=ORIENTED_EDGE('',*,*,#16568,.T.);
#17015=ORIENTED_EDGE('',*,*,#17014,.F.);
#17016=EDGE_LOOP('',(#17011,#17012,#17013,#17015));
#17017=FACE_OUTER_BOUND('',#17016,.F.);
#17018=ADVANCED_FACE('',(#17017),#17010,.T.);
#17019=CARTESIAN_POINT('',(5.1E-1,4.056930115107E-1,4.296487075815E-1));
#17020=DIRECTION('',(0.E0,-4.430711908242E-1,8.964864303834E-1));
#17021=DIRECTION('',(0.E0,-8.964864303834E-1,-4.430711908242E-1));
#17022=AXIS2_PLACEMENT_3D('',#17019,#17020,#17021);
#17023=PLANE('',#17022);
#17024=ORIENTED_EDGE('',*,*,#14964,.F.);
#17025=ORIENTED_EDGE('',*,*,#16712,.F.);
#17026=ORIENTED_EDGE('',*,*,#17014,.T.);
#17027=ORIENTED_EDGE('',*,*,#16566,.T.);
#17028=EDGE_LOOP('',(#17024,#17025,#17026,#17027));
#17029=FACE_OUTER_BOUND('',#17028,.F.);
#17030=ADVANCED_FACE('',(#17029),#17023,.T.);
#17031=CARTESIAN_POINT('',(5.1E-1,5.819238815543E-1,-7.822261184457E-1));
#17032=DIRECTION('',(0.E0,7.071067811865E-1,7.071067811865E-1));
#17033=DIRECTION('',(0.E0,-7.071067811865E-1,7.071067811865E-1));
#17034=AXIS2_PLACEMENT_3D('',#17031,#17032,#17033);
#17035=PLANE('',#17034);
#17036=ORIENTED_EDGE('',*,*,#15740,.T.);
#17037=ORIENTED_EDGE('',*,*,#16601,.T.);
#17039=ORIENTED_EDGE('',*,*,#17038,.F.);
#17040=ORIENTED_EDGE('',*,*,#16723,.F.);
#17041=EDGE_LOOP('',(#17036,#17037,#17039,#17040));
#17042=FACE_OUTER_BOUND('',#17041,.F.);
#17043=ADVANCED_FACE('',(#17042),#17035,.T.);
#17044=CARTESIAN_POINT('',(5.1E-1,4.399921356237E-1,-8.1E-1));
#17045=DIRECTION('',(1.E0,0.E0,0.E0));
#17046=DIRECTION('',(0.E0,0.E0,-1.E0));
#17047=AXIS2_PLACEMENT_3D('',#17044,#17045,#17046);
#17048=CYLINDRICAL_SURFACE('',#17047,1.2E-1);
#17049=ORIENTED_EDGE('',*,*,#16725,.F.);
#17050=ORIENTED_EDGE('',*,*,#17038,.T.);
#17051=ORIENTED_EDGE('',*,*,#16599,.T.);
#17053=ORIENTED_EDGE('',*,*,#17052,.F.);
#17054=EDGE_LOOP('',(#17049,#17050,#17051,#17053));
#17055=FACE_OUTER_BOUND('',#17054,.F.);
#17056=ADVANCED_FACE('',(#17055),#17048,.T.);
#17057=CARTESIAN_POINT('',(5.1E-1,3.895248361990E-1,-7.011282787461E-1));
#17058=DIRECTION('',(0.E0,-4.205608285392E-1,9.072643437821E-1));
#17059=DIRECTION('',(0.E0,-9.072643437821E-1,-4.205608285392E-1));
#17060=AXIS2_PLACEMENT_3D('',#17057,#17058,#17059);
#17061=PLANE('',#17060);
#17062=ORIENTED_EDGE('',*,*,#16727,.F.);
#17063=ORIENTED_EDGE('',*,*,#17052,.T.);
#17064=ORIENTED_EDGE('',*,*,#16597,.T.);
#17066=ORIENTED_EDGE('',*,*,#17065,.F.);
#17067=EDGE_LOOP('',(#17062,#17063,#17064,#17066));
#17068=FACE_OUTER_BOUND('',#17067,.F.);
#17069=ADVANCED_FACE('',(#17068),#17061,.T.);
#17070=CARTESIAN_POINT('',(5.1E-1,3.377881523859E-1,-6.7E-1));
#17071=DIRECTION('',(1.E0,0.E0,0.E0));
#17072=DIRECTION('',(0.E0,0.E0,-1.E0));
#17073=AXIS2_PLACEMENT_3D('',#17070,#17071,#17072);
#17074=CYLINDRICAL_SURFACE('',#17073,5.E-2);
#17075=ORIENTED_EDGE('',*,*,#16729,.F.);
#17076=ORIENTED_EDGE('',*,*,#17065,.T.);
#17077=ORIENTED_EDGE('',*,*,#16595,.T.);
#17079=ORIENTED_EDGE('',*,*,#17078,.F.);
#17080=EDGE_LOOP('',(#17075,#17076,#17077,#17079));
#17081=FACE_OUTER_BOUND('',#17080,.F.);
#17082=ADVANCED_FACE('',(#17081),#17074,.F.);
#17083=CARTESIAN_POINT('',(5.1E-1,3.377881523859E-1,-7.2E-1));
#17084=DIRECTION('',(0.E0,0.E0,1.E0));
#17085=DIRECTION('',(0.E0,-1.E0,0.E0));
#17086=AXIS2_PLACEMENT_3D('',#17083,#17084,#17085);
#17087=PLANE('',#17086);
#17088=ORIENTED_EDGE('',*,*,#16731,.F.);
#17089=ORIENTED_EDGE('',*,*,#17078,.T.);
#17090=ORIENTED_EDGE('',*,*,#16593,.T.);
#17092=ORIENTED_EDGE('',*,*,#17091,.F.);
#17093=EDGE_LOOP('',(#17088,#17089,#17090,#17092));
#17094=FACE_OUTER_BOUND('',#17093,.F.);
#17095=ADVANCED_FACE('',(#17094),#17087,.T.);
#17096=CARTESIAN_POINT('',(5.1E-1,1.996831997875E-1,-6.2E-1));
#17097=DIRECTION('',(1.E0,0.E0,0.E0));
#17098=DIRECTION('',(0.E0,0.E0,-1.E0));
#17099=AXIS2_PLACEMENT_3D('',#17096,#17097,#17098);
#17100=CYLINDRICAL_SURFACE('',#17099,1.E-1);
#17101=ORIENTED_EDGE('',*,*,#16733,.F.);
#17102=ORIENTED_EDGE('',*,*,#17091,.T.);
#17103=ORIENTED_EDGE('',*,*,#16591,.T.);
#17104=ORIENTED_EDGE('',*,*,#13009,.F.);
#17105=EDGE_LOOP('',(#17101,#17102,#17103,#17104));
#17106=FACE_OUTER_BOUND('',#17105,.F.);
#17107=ADVANCED_FACE('',(#17106),#17100,.F.);
#17108=CARTESIAN_POINT('',(2.9E-1,0.E0,0.E0));
#17109=DIRECTION('',(1.E0,0.E0,0.E0));
#17110=DIRECTION('',(0.E0,0.E0,-1.E0));
#17111=AXIS2_PLACEMENT_3D('',#17108,#17109,#17110);
#17112=PLANE('',#17111);
#17113=ORIENTED_EDGE('',*,*,#13064,.F.);
#17114=ORIENTED_EDGE('',*,*,#13553,.T.);
#17116=ORIENTED_EDGE('',*,*,#17115,.F.);
#17118=ORIENTED_EDGE('',*,*,#17117,.F.);
#17120=ORIENTED_EDGE('',*,*,#17119,.F.);
#17122=ORIENTED_EDGE('',*,*,#17121,.F.);
#17124=ORIENTED_EDGE('',*,*,#17123,.F.);
#17126=ORIENTED_EDGE('',*,*,#17125,.F.);
#17127=EDGE_LOOP('',(#17113,#17114,#17116,#17118,#17120,#17122,#17124,#17126));
#17128=FACE_OUTER_BOUND('',#17127,.F.);
#17129=ADVANCED_FACE('',(#17128),#17112,.T.);
#17130=CARTESIAN_POINT('',(2.9E-1,0.E0,0.E0));
#17131=DIRECTION('',(1.E0,0.E0,0.E0));
#17132=DIRECTION('',(0.E0,0.E0,-1.E0));
#17133=AXIS2_PLACEMENT_3D('',#17130,#17131,#17132);
#17134=PLANE('',#17133);
#17135=ORIENTED_EDGE('',*,*,#13138,.F.);
#17137=ORIENTED_EDGE('',*,*,#17136,.F.);
#17139=ORIENTED_EDGE('',*,*,#17138,.F.);
#17140=ORIENTED_EDGE('',*,*,#14040,.T.);
#17141=EDGE_LOOP('',(#17135,#17137,#17139,#17140));
#17142=FACE_OUTER_BOUND('',#17141,.F.);
#17143=ADVANCED_FACE('',(#17142),#17134,.T.);
#17144=CARTESIAN_POINT('',(2.9E-1,0.E0,0.E0));
#17145=DIRECTION('',(1.E0,0.E0,0.E0));
#17146=DIRECTION('',(0.E0,0.E0,-1.E0));
#17147=AXIS2_PLACEMENT_3D('',#17144,#17145,#17146);
#17148=PLANE('',#17147);
#17149=ORIENTED_EDGE('',*,*,#13198,.F.);
#17150=ORIENTED_EDGE('',*,*,#14146,.T.);
#17152=ORIENTED_EDGE('',*,*,#17151,.F.);
#17154=ORIENTED_EDGE('',*,*,#17153,.F.);
#17155=EDGE_LOOP('',(#17149,#17150,#17152,#17154));
#17156=FACE_OUTER_BOUND('',#17155,.F.);
#17157=ADVANCED_FACE('',(#17156),#17148,.T.);
#17158=CARTESIAN_POINT('',(2.9E-1,0.E0,0.E0));
#17159=DIRECTION('',(1.E0,0.E0,0.E0));
#17160=DIRECTION('',(0.E0,0.E0,-1.E0));
#17161=AXIS2_PLACEMENT_3D('',#17158,#17159,#17160);
#17162=PLANE('',#17161);
#17163=ORIENTED_EDGE('',*,*,#14684,.T.);
#17165=ORIENTED_EDGE('',*,*,#17164,.F.);
#17167=ORIENTED_EDGE('',*,*,#17166,.F.);
#17168=ORIENTED_EDGE('',*,*,#14694,.T.);
#17170=ORIENTED_EDGE('',*,*,#17169,.F.);
#17172=ORIENTED_EDGE('',*,*,#17171,.F.);
#17174=ORIENTED_EDGE('',*,*,#17173,.F.);
#17176=ORIENTED_EDGE('',*,*,#17175,.F.);
#17178=ORIENTED_EDGE('',*,*,#17177,.F.);
#17179=EDGE_LOOP('',(#17163,#17165,#17167,#17168,#17170,#17172,#17174,#17176,
#17178));
#17180=FACE_OUTER_BOUND('',#17179,.F.);
#17181=ADVANCED_FACE('',(#17180),#17162,.T.);
#17182=CARTESIAN_POINT('',(2.9E-1,0.E0,0.E0));
#17183=DIRECTION('',(1.E0,0.E0,0.E0));
#17184=DIRECTION('',(0.E0,0.E0,-1.E0));
#17185=AXIS2_PLACEMENT_3D('',#17182,#17183,#17184);
#17186=PLANE('',#17185);
#17187=ORIENTED_EDGE('',*,*,#14986,.F.);
#17189=ORIENTED_EDGE('',*,*,#17188,.F.);
#17191=ORIENTED_EDGE('',*,*,#17190,.F.);
#17193=ORIENTED_EDGE('',*,*,#17192,.F.);
#17195=ORIENTED_EDGE('',*,*,#17194,.F.);
#17197=ORIENTED_EDGE('',*,*,#17196,.F.);
#17198=ORIENTED_EDGE('',*,*,#14996,.F.);
#17200=ORIENTED_EDGE('',*,*,#17199,.F.);
#17202=ORIENTED_EDGE('',*,*,#17201,.F.);
#17203=EDGE_LOOP('',(#17187,#17189,#17191,#17193,#17195,#17197,#17198,#17200,
#17202));
#17204=FACE_OUTER_BOUND('',#17203,.F.);
#17205=ADVANCED_FACE('',(#17204),#17186,.T.);
#17206=CARTESIAN_POINT('',(2.9E-1,0.E0,0.E0));
#17207=DIRECTION('',(1.E0,0.E0,0.E0));
#17208=DIRECTION('',(0.E0,0.E0,-1.E0));
#17209=AXIS2_PLACEMENT_3D('',#17206,#17207,#17208);
#17210=PLANE('',#17209);
#17211=ORIENTED_EDGE('',*,*,#15745,.F.);
#17212=ORIENTED_EDGE('',*,*,#13003,.F.);
#17214=ORIENTED_EDGE('',*,*,#17213,.F.);
#17216=ORIENTED_EDGE('',*,*,#17215,.F.);
#17218=ORIENTED_EDGE('',*,*,#17217,.F.);
#17220=ORIENTED_EDGE('',*,*,#17219,.F.);
#17222=ORIENTED_EDGE('',*,*,#17221,.F.);
#17224=ORIENTED_EDGE('',*,*,#17223,.F.);
#17225=EDGE_LOOP('',(#17211,#17212,#17214,#17216,#17218,#17220,#17222,#17224));
#17226=FACE_OUTER_BOUND('',#17225,.F.);
#17227=ADVANCED_FACE('',(#17226),#17210,.T.);
#17228=CARTESIAN_POINT('',(1.1E-1,5.248449493661E-1,7.251471862576E-1));
#17229=DIRECTION('',(0.E0,7.071067811865E-1,-7.071067811865E-1));
#17230=DIRECTION('',(0.E0,7.071067811865E-1,7.071067811865E-1));
#17231=AXIS2_PLACEMENT_3D('',#17228,#17229,#17230);
#17232=PLANE('',#17231);
#17233=ORIENTED_EDGE('',*,*,#13551,.F.);
#17235=ORIENTED_EDGE('',*,*,#17234,.F.);
#17237=ORIENTED_EDGE('',*,*,#17236,.T.);
#17238=ORIENTED_EDGE('',*,*,#17115,.T.);
#17239=EDGE_LOOP('',(#17233,#17235,#17237,#17238));
#17240=FACE_OUTER_BOUND('',#17239,.F.);
#17241=ADVANCED_FACE('',(#17240),#17232,.T.);
#17242=CARTESIAN_POINT('',(1.1E-1,0.E0,0.E0));
#17243=DIRECTION('',(1.E0,0.E0,0.E0));
#17244=DIRECTION('',(0.E0,0.E0,-1.E0));
#17245=AXIS2_PLACEMENT_3D('',#17242,#17243,#17244);
#17246=PLANE('',#17245);
#17247=ORIENTED_EDGE('',*,*,#13068,.T.);
#17249=ORIENTED_EDGE('',*,*,#17248,.T.);
#17251=ORIENTED_EDGE('',*,*,#17250,.T.);
#17253=ORIENTED_EDGE('',*,*,#17252,.T.);
#17255=ORIENTED_EDGE('',*,*,#17254,.T.);
#17257=ORIENTED_EDGE('',*,*,#17256,.T.);
#17258=ORIENTED_EDGE('',*,*,#17234,.T.);
#17259=ORIENTED_EDGE('',*,*,#13549,.F.);
#17260=EDGE_LOOP('',(#17247,#17249,#17251,#17253,#17255,#17257,#17258,#17259));
#17261=FACE_OUTER_BOUND('',#17260,.F.);
#17262=ADVANCED_FACE('',(#17261),#17246,.F.);
#17263=CARTESIAN_POINT('',(1.1E-1,0.E0,0.E0));
#17264=DIRECTION('',(1.E0,0.E0,0.E0));
#17265=DIRECTION('',(0.E0,0.E0,-1.E0));
#17266=AXIS2_PLACEMENT_3D('',#17263,#17264,#17265);
#17267=PLANE('',#17266);
#17268=ORIENTED_EDGE('',*,*,#13134,.T.);
#17269=ORIENTED_EDGE('',*,*,#14044,.F.);
#17271=ORIENTED_EDGE('',*,*,#17270,.T.);
#17273=ORIENTED_EDGE('',*,*,#17272,.T.);
#17274=EDGE_LOOP('',(#17268,#17269,#17271,#17273));
#17275=FACE_OUTER_BOUND('',#17274,.F.);
#17276=ADVANCED_FACE('',(#17275),#17267,.F.);
#17277=CARTESIAN_POINT('',(1.1E-1,0.E0,0.E0));
#17278=DIRECTION('',(1.E0,0.E0,0.E0));
#17279=DIRECTION('',(0.E0,0.E0,-1.E0));
#17280=AXIS2_PLACEMENT_3D('',#17277,#17278,#17279);
#17281=PLANE('',#17280);
#17282=ORIENTED_EDGE('',*,*,#13202,.T.);
#17284=ORIENTED_EDGE('',*,*,#17283,.T.);
#17286=ORIENTED_EDGE('',*,*,#17285,.T.);
#17287=ORIENTED_EDGE('',*,*,#14142,.F.);
#17288=EDGE_LOOP('',(#17282,#17284,#17286,#17287));
#17289=FACE_OUTER_BOUND('',#17288,.F.);
#17290=ADVANCED_FACE('',(#17289),#17281,.F.);
#17291=CARTESIAN_POINT('',(1.1E-1,0.E0,0.E0));
#17292=DIRECTION('',(1.E0,0.E0,0.E0));
#17293=DIRECTION('',(0.E0,0.E0,-1.E0));
#17294=AXIS2_PLACEMENT_3D('',#17291,#17292,#17293);
#17295=PLANE('',#17294);
#17296=ORIENTED_EDGE('',*,*,#14680,.F.);
#17298=ORIENTED_EDGE('',*,*,#17297,.T.);
#17300=ORIENTED_EDGE('',*,*,#17299,.T.);
#17302=ORIENTED_EDGE('',*,*,#17301,.T.);
#17304=ORIENTED_EDGE('',*,*,#17303,.T.);
#17306=ORIENTED_EDGE('',*,*,#17305,.T.);
#17307=ORIENTED_EDGE('',*,*,#14690,.F.);
#17309=ORIENTED_EDGE('',*,*,#17308,.F.);
#17311=ORIENTED_EDGE('',*,*,#17310,.T.);
#17312=EDGE_LOOP('',(#17296,#17298,#17300,#17302,#17304,#17306,#17307,#17309,
#17311));
#17313=FACE_OUTER_BOUND('',#17312,.F.);
#17314=ADVANCED_FACE('',(#17313),#17295,.F.);
#17315=CARTESIAN_POINT('',(1.1E-1,0.E0,0.E0));
#17316=DIRECTION('',(1.E0,0.E0,0.E0));
#17317=DIRECTION('',(0.E0,0.E0,-1.E0));
#17318=AXIS2_PLACEMENT_3D('',#17315,#17316,#17317);
#17319=PLANE('',#17318);
#17320=ORIENTED_EDGE('',*,*,#14982,.T.);
#17322=ORIENTED_EDGE('',*,*,#17321,.T.);
#17324=ORIENTED_EDGE('',*,*,#17323,.F.);
#17325=ORIENTED_EDGE('',*,*,#14992,.T.);
#17327=ORIENTED_EDGE('',*,*,#17326,.T.);
#17329=ORIENTED_EDGE('',*,*,#17328,.T.);
#17331=ORIENTED_EDGE('',*,*,#17330,.T.);
#17333=ORIENTED_EDGE('',*,*,#17332,.T.);
#17335=ORIENTED_EDGE('',*,*,#17334,.T.);
#17336=EDGE_LOOP('',(#17320,#17322,#17324,#17325,#17327,#17329,#17331,#17333,
#17335));
#17337=FACE_OUTER_BOUND('',#17336,.F.);
#17338=ADVANCED_FACE('',(#17337),#17319,.F.);
#17339=CARTESIAN_POINT('',(1.1E-1,0.E0,0.E0));
#17340=DIRECTION('',(1.E0,0.E0,0.E0));
#17341=DIRECTION('',(0.E0,0.E0,-1.E0));
#17342=AXIS2_PLACEMENT_3D('',#17339,#17340,#17341);
#17343=PLANE('',#17342);
#17344=ORIENTED_EDGE('',*,*,#15749,.T.);
#17346=ORIENTED_EDGE('',*,*,#17345,.T.);
#17348=ORIENTED_EDGE('',*,*,#17347,.T.);
#17350=ORIENTED_EDGE('',*,*,#17349,.T.);
#17352=ORIENTED_EDGE('',*,*,#17351,.T.);
#17354=ORIENTED_EDGE('',*,*,#17353,.T.);
#17356=ORIENTED_EDGE('',*,*,#17355,.T.);
#17357=ORIENTED_EDGE('',*,*,#12999,.T.);
#17358=EDGE_LOOP('',(#17344,#17346,#17348,#17350,#17352,#17354,#17356,#17357));
#17359=FACE_OUTER_BOUND('',#17358,.F.);
#17360=ADVANCED_FACE('',(#17359),#17343,.F.);
#17361=CARTESIAN_POINT('',(1.1E-1,1.996831997875E-1,6.2E-1));
#17362=DIRECTION('',(1.E0,0.E0,0.E0));
#17363=DIRECTION('',(0.E0,0.E0,-1.E0));
#17364=AXIS2_PLACEMENT_3D('',#17361,#17362,#17363);
#17365=CYLINDRICAL_SURFACE('',#17364,1.E-1);
#17366=ORIENTED_EDGE('',*,*,#13066,.T.);
#17367=ORIENTED_EDGE('',*,*,#17125,.T.);
#17369=ORIENTED_EDGE('',*,*,#17368,.F.);
#17370=ORIENTED_EDGE('',*,*,#17248,.F.);
#17371=EDGE_LOOP('',(#17366,#17367,#17369,#17370));
#17372=FACE_OUTER_BOUND('',#17371,.F.);
#17373=ADVANCED_FACE('',(#17372),#17365,.F.);
#17374=CARTESIAN_POINT('',(1.1E-1,1.996831997875E-1,7.2E-1));
#17375=DIRECTION('',(0.E0,0.E0,-1.E0));
#17376=DIRECTION('',(0.E0,1.E0,0.E0));
#17377=AXIS2_PLACEMENT_3D('',#17374,#17375,#17376);
#17378=PLANE('',#17377);
#17379=ORIENTED_EDGE('',*,*,#17250,.F.);
#17380=ORIENTED_EDGE('',*,*,#17368,.T.);
#17381=ORIENTED_EDGE('',*,*,#17123,.T.);
#17383=ORIENTED_EDGE('',*,*,#17382,.F.);
#17384=EDGE_LOOP('',(#17379,#17380,#17381,#17383));
#17385=FACE_OUTER_BOUND('',#17384,.F.);
#17386=ADVANCED_FACE('',(#17385),#17378,.T.);
#17387=CARTESIAN_POINT('',(1.1E-1,3.377881523859E-1,6.7E-1));
#17388=DIRECTION('',(1.E0,0.E0,0.E0));
#17389=DIRECTION('',(0.E0,0.E0,-1.E0));
#17390=AXIS2_PLACEMENT_3D('',#17387,#17388,#17389);
#17391=CYLINDRICAL_SURFACE('',#17390,5.E-2);
#17392=ORIENTED_EDGE('',*,*,#17252,.F.);
#17393=ORIENTED_EDGE('',*,*,#17382,.T.);
#17394=ORIENTED_EDGE('',*,*,#17121,.T.);
#17396=ORIENTED_EDGE('',*,*,#17395,.F.);
#17397=EDGE_LOOP('',(#17392,#17393,#17394,#17396));
#17398=FACE_OUTER_BOUND('',#17397,.F.);
#17399=ADVANCED_FACE('',(#17398),#17391,.F.);
#17400=CARTESIAN_POINT('',(1.1E-1,3.588161938129E-1,7.153632171891E-1));
#17401=DIRECTION('',(0.E0,-4.205608285392E-1,-9.072643437821E-1));
#17402=DIRECTION('',(0.E0,9.072643437821E-1,-4.205608285392E-1));
#17403=AXIS2_PLACEMENT_3D('',#17400,#17401,#17402);
#17404=PLANE('',#17403);
#17405=ORIENTED_EDGE('',*,*,#17254,.F.);
#17406=ORIENTED_EDGE('',*,*,#17395,.T.);
#17407=ORIENTED_EDGE('',*,*,#17119,.T.);
#17409=ORIENTED_EDGE('',*,*,#17408,.F.);
#17410=EDGE_LOOP('',(#17405,#17406,#17407,#17409));
#17411=FACE_OUTER_BOUND('',#17410,.F.);
#17412=ADVANCED_FACE('',(#17411),#17404,.T.);
#17413=CARTESIAN_POINT('',(1.1E-1,4.399921356237E-1,8.1E-1));
#17414=DIRECTION('',(1.E0,0.E0,0.E0));
#17415=DIRECTION('',(0.E0,0.E0,-1.E0));
#17416=AXIS2_PLACEMENT_3D('',#17413,#17414,#17415);
#17417=CYLINDRICAL_SURFACE('',#17416,1.2E-1);
#17418=ORIENTED_EDGE('',*,*,#17256,.F.);
#17419=ORIENTED_EDGE('',*,*,#17408,.T.);
#17420=ORIENTED_EDGE('',*,*,#17117,.T.);
#17421=ORIENTED_EDGE('',*,*,#17236,.F.);
#17422=EDGE_LOOP('',(#17418,#17419,#17420,#17421));
#17423=FACE_OUTER_BOUND('',#17422,.F.);
#17424=ADVANCED_FACE('',(#17423),#17417,.T.);
#17425=CARTESIAN_POINT('',(1.1E-1,1.897179320238E-1,4.5E-1));
#17426=DIRECTION('',(1.E0,0.E0,0.E0));
#17427=DIRECTION('',(0.E0,0.E0,-1.E0));
#17428=AXIS2_PLACEMENT_3D('',#17425,#17426,#17427);
#17429=CYLINDRICAL_SURFACE('',#17428,8.E-2);
#17430=ORIENTED_EDGE('',*,*,#14042,.T.);
#17431=ORIENTED_EDGE('',*,*,#17138,.T.);
#17433=ORIENTED_EDGE('',*,*,#17432,.F.);
#17434=ORIENTED_EDGE('',*,*,#17270,.F.);
#17435=EDGE_LOOP('',(#17430,#17431,#17433,#17434));
#17436=FACE_OUTER_BOUND('',#17435,.F.);
#17437=ADVANCED_FACE('',(#17436),#17429,.F.);
#17438=CARTESIAN_POINT('',(1.1E-1,1.098579106768E-1,4.452695676255E-1));
#17439=DIRECTION('',(0.E0,9.982502668381E-1,5.913040468104E-2));
#17440=DIRECTION('',(0.E0,-5.913040468104E-2,9.982502668381E-1));
#17441=AXIS2_PLACEMENT_3D('',#17438,#17439,#17440);
#17442=PLANE('',#17441);
#17443=ORIENTED_EDGE('',*,*,#13136,.F.);
#17444=ORIENTED_EDGE('',*,*,#17272,.F.);
#17445=ORIENTED_EDGE('',*,*,#17432,.T.);
#17446=ORIENTED_EDGE('',*,*,#17136,.T.);
#17447=EDGE_LOOP('',(#17443,#17444,#17445,#17446));
#17448=FACE_OUTER_BOUND('',#17447,.F.);
#17449=ADVANCED_FACE('',(#17448),#17442,.T.);
#17450=CARTESIAN_POINT('',(1.1E-1,9.985817310370E-2,-6.140869595319E-1));
#17451=DIRECTION('',(0.E0,9.982502668381E-1,-5.913040468104E-2));
#17452=DIRECTION('',(0.E0,5.913040468104E-2,9.982502668381E-1));
#17453=AXIS2_PLACEMENT_3D('',#17450,#17451,#17452);
#17454=PLANE('',#17453);
#17455=ORIENTED_EDGE('',*,*,#13200,.T.);
#17456=ORIENTED_EDGE('',*,*,#17153,.T.);
#17458=ORIENTED_EDGE('',*,*,#17457,.F.);
#17459=ORIENTED_EDGE('',*,*,#17283,.F.);
#17460=EDGE_LOOP('',(#17455,#17456,#17458,#17459));
#17461=FACE_OUTER_BOUND('',#17460,.F.);
#17462=ADVANCED_FACE('',(#17461),#17454,.T.);
#17463=CARTESIAN_POINT('',(1.1E-1,1.897179320238E-1,-4.5E-1));
#17464=DIRECTION('',(1.E0,0.E0,0.E0));
#17465=DIRECTION('',(0.E0,0.E0,-1.E0));
#17466=AXIS2_PLACEMENT_3D('',#17463,#17464,#17465);
#17467=CYLINDRICAL_SURFACE('',#17466,8.E-2);
#17468=ORIENTED_EDGE('',*,*,#14144,.F.);
#17469=ORIENTED_EDGE('',*,*,#17285,.F.);
#17470=ORIENTED_EDGE('',*,*,#17457,.T.);
#17471=ORIENTED_EDGE('',*,*,#17151,.T.);
#17472=EDGE_LOOP('',(#17468,#17469,#17470,#17471));
#17473=FACE_OUTER_BOUND('',#17472,.F.);
#17474=ADVANCED_FACE('',(#17473),#17467,.F.);
#17475=CARTESIAN_POINT('',(1.1E-1,2.850030229848E-1,-3.7E-1));
#17476=DIRECTION('',(0.E0,-4.430711908242E-1,-8.964864303834E-1));
#17477=DIRECTION('',(0.E0,8.964864303834E-1,-4.430711908242E-1));
#17478=AXIS2_PLACEMENT_3D('',#17475,#17476,#17477);
#17479=PLANE('',#17478);
#17480=ORIENTED_EDGE('',*,*,#14686,.T.);
#17481=ORIENTED_EDGE('',*,*,#17177,.T.);
#17483=ORIENTED_EDGE('',*,*,#17482,.F.);
#17484=ORIENTED_EDGE('',*,*,#17297,.F.);
#17485=EDGE_LOOP('',(#17480,#17481,#17483,#17484));
#17486=FACE_OUTER_BOUND('',#17485,.F.);
#17487=ADVANCED_FACE('',(#17486),#17479,.T.);
#17488=CARTESIAN_POINT('',(1.1E-1,4.056930115107E-1,-4.296487075815E-1));
#17489=DIRECTION('',(0.E0,-9.020586423425E-1,-4.316134911876E-1));
#17490=DIRECTION('',(0.E0,4.316134911876E-1,-9.020586423425E-1));
#17491=AXIS2_PLACEMENT_3D('',#17488,#17489,#17490);
#17492=PLANE('',#17491);
#17493=ORIENTED_EDGE('',*,*,#17299,.F.);
#17494=ORIENTED_EDGE('',*,*,#17482,.T.);
#17495=ORIENTED_EDGE('',*,*,#17175,.T.);
#17497=ORIENTED_EDGE('',*,*,#17496,.F.);
#17498=EDGE_LOOP('',(#17493,#17494,#17495,#17497));
#17499=FACE_OUTER_BOUND('',#17498,.F.);
#17500=ADVANCED_FACE('',(#17499),#17492,.T.);
#17501=CARTESIAN_POINT('',(1.1E-1,4.250001400910E-1,-4.7E-1));
#17502=DIRECTION('',(0.E0,0.E0,-1.E0));
#17503=DIRECTION('',(0.E0,1.E0,0.E0));
#17504=AXIS2_PLACEMENT_3D('',#17501,#17502,#17503);
#17505=PLANE('',#17504);
#17506=ORIENTED_EDGE('',*,*,#17301,.F.);
#17507=ORIENTED_EDGE('',*,*,#17496,.T.);
#17508=ORIENTED_EDGE('',*,*,#17173,.T.);
#17510=ORIENTED_EDGE('',*,*,#17509,.F.);
#17511=EDGE_LOOP('',(#17506,#17507,#17508,#17510));
#17512=FACE_OUTER_BOUND('',#17511,.F.);
#17513=ADVANCED_FACE('',(#17512),#17505,.T.);
#17514=CARTESIAN_POINT('',(1.1E-1,4.950001400910E-1,-4.7E-1));
#17515=DIRECTION('',(0.E0,8.867318288963E-1,-4.622841805883E-1));
#17516=DIRECTION('',(0.E0,4.622841805883E-1,8.867318288963E-1));
#17517=AXIS2_PLACEMENT_3D('',#17514,#17515,#17516);
#17518=PLANE('',#17517);
#17519=ORIENTED_EDGE('',*,*,#17303,.F.);
#17520=ORIENTED_EDGE('',*,*,#17509,.T.);
#17521=ORIENTED_EDGE('',*,*,#17171,.T.);
#17523=ORIENTED_EDGE('',*,*,#17522,.F.);
#17524=EDGE_LOOP('',(#17519,#17520,#17521,#17523));
#17525=FACE_OUTER_BOUND('',#17524,.F.);
#17526=ADVANCED_FACE('',(#17525),#17518,.T.);
#17527=CARTESIAN_POINT('',(1.1E-1,4.5E-1,-3.4E-1));
#17528=DIRECTION('',(1.E0,0.E0,0.E0));
#17529=DIRECTION('',(0.E0,0.E0,-1.E0));
#17530=AXIS2_PLACEMENT_3D('',#17527,#17528,#17529);
#17531=CYLINDRICAL_SURFACE('',#17530,1.E-1);
#17532=ORIENTED_EDGE('',*,*,#14692,.F.);
#17533=ORIENTED_EDGE('',*,*,#17305,.F.);
#17534=ORIENTED_EDGE('',*,*,#17522,.T.);
#17535=ORIENTED_EDGE('',*,*,#17169,.T.);
#17536=EDGE_LOOP('',(#17532,#17533,#17534,#17535));
#17537=FACE_OUTER_BOUND('',#17536,.F.);
#17538=ADVANCED_FACE('',(#17537),#17531,.T.);
#17539=CARTESIAN_POINT('',(1.1E-1,4.5E-1,-3.4E-1));
#17540=DIRECTION('',(1.E0,0.E0,0.E0));
#17541=DIRECTION('',(0.E0,0.E0,-1.E0));
#17542=AXIS2_PLACEMENT_3D('',#17539,#17540,#17541);
#17543=CYLINDRICAL_SURFACE('',#17542,4.E-2);
#17544=ORIENTED_EDGE('',*,*,#17166,.T.);
#17546=ORIENTED_EDGE('',*,*,#17545,.F.);
#17547=ORIENTED_EDGE('',*,*,#17308,.T.);
#17548=ORIENTED_EDGE('',*,*,#14696,.T.);
#17549=EDGE_LOOP('',(#17544,#17546,#17547,#17548));
#17550=FACE_OUTER_BOUND('',#17549,.F.);
#17551=ADVANCED_FACE('',(#17550),#17543,.F.);
#17552=CARTESIAN_POINT('',(1.1E-1,4.322771523670E-1,-3.758594572153E-1));
#17553=DIRECTION('',(0.E0,4.430711908242E-1,8.964864303834E-1));
#17554=DIRECTION('',(0.E0,-8.964864303834E-1,4.430711908242E-1));
#17555=AXIS2_PLACEMENT_3D('',#17552,#17553,#17554);
#17556=PLANE('',#17555);
#17557=ORIENTED_EDGE('',*,*,#14682,.F.);
#17558=ORIENTED_EDGE('',*,*,#17310,.F.);
#17559=ORIENTED_EDGE('',*,*,#17545,.T.);
#17560=ORIENTED_EDGE('',*,*,#17164,.T.);
#17561=EDGE_LOOP('',(#17557,#17558,#17559,#17560));
#17562=FACE_OUTER_BOUND('',#17561,.F.);
#17563=ADVANCED_FACE('',(#17562),#17556,.T.);
#17564=CARTESIAN_POINT('',(1.1E-1,3.085713471214E-1,3.147202401737E-1));
#17565=DIRECTION('',(0.E0,4.430711908242E-1,-8.964864303834E-1));
#17566=DIRECTION('',(0.E0,8.964864303834E-1,4.430711908242E-1));
#17567=AXIS2_PLACEMENT_3D('',#17564,#17565,#17566);
#17568=PLANE('',#17567);
#17569=ORIENTED_EDGE('',*,*,#14988,.T.);
#17570=ORIENTED_EDGE('',*,*,#17201,.T.);
#17572=ORIENTED_EDGE('',*,*,#17571,.F.);
#17573=ORIENTED_EDGE('',*,*,#17321,.F.);
#17574=EDGE_LOOP('',(#17569,#17570,#17572,#17573));
#17575=FACE_OUTER_BOUND('',#17574,.F.);
#17576=ADVANCED_FACE('',(#17575),#17568,.T.);
#17577=CARTESIAN_POINT('',(1.1E-1,4.5E-1,3.4E-1));
#17578=DIRECTION('',(1.E0,0.E0,0.E0));
#17579=DIRECTION('',(0.E0,0.E0,-1.E0));
#17580=AXIS2_PLACEMENT_3D('',#17577,#17578,#17579);
#17581=CYLINDRICAL_SURFACE('',#17580,4.E-2);
#17582=ORIENTED_EDGE('',*,*,#17199,.T.);
#17583=ORIENTED_EDGE('',*,*,#14994,.F.);
#17584=ORIENTED_EDGE('',*,*,#17323,.T.);
#17585=ORIENTED_EDGE('',*,*,#17571,.T.);
#17586=EDGE_LOOP('',(#17582,#17583,#17584,#17585));
#17587=FACE_OUTER_BOUND('',#17586,.F.);
#17588=ADVANCED_FACE('',(#17587),#17581,.F.);
#17589=CARTESIAN_POINT('',(1.1E-1,4.5E-1,3.4E-1));
#17590=DIRECTION('',(1.E0,0.E0,0.E0));
#17591=DIRECTION('',(0.E0,0.E0,-1.E0));
#17592=AXIS2_PLACEMENT_3D('',#17589,#17590,#17591);
#17593=CYLINDRICAL_SURFACE('',#17592,1.E-1);
#17594=ORIENTED_EDGE('',*,*,#14998,.T.);
#17595=ORIENTED_EDGE('',*,*,#17196,.T.);
#17597=ORIENTED_EDGE('',*,*,#17596,.F.);
#17598=ORIENTED_EDGE('',*,*,#17326,.F.);
#17599=EDGE_LOOP('',(#17594,#17595,#17597,#17598));
#17600=FACE_OUTER_BOUND('',#17599,.F.);
#17601=ADVANCED_FACE('',(#17600),#17593,.T.);
#17602=CARTESIAN_POINT('',(1.1E-1,5.386731828896E-1,3.862284180588E-1));
#17603=DIRECTION('',(0.E0,8.867318288963E-1,4.622841805883E-1));
#17604=DIRECTION('',(0.E0,-4.622841805883E-1,8.867318288963E-1));
#17605=AXIS2_PLACEMENT_3D('',#17602,#17603,#17604);
#17606=PLANE('',#17605);
#17607=ORIENTED_EDGE('',*,*,#17328,.F.);
#17608=ORIENTED_EDGE('',*,*,#17596,.T.);
#17609=ORIENTED_EDGE('',*,*,#17194,.T.);
#17611=ORIENTED_EDGE('',*,*,#17610,.F.);
#17612=EDGE_LOOP('',(#17607,#17608,#17609,#17611));
#17613=FACE_OUTER_BOUND('',#17612,.F.);
#17614=ADVANCED_FACE('',(#17613),#17606,.T.);
#17615=CARTESIAN_POINT('',(1.1E-1,4.950001400910E-1,4.7E-1));
#17616=DIRECTION('',(0.E0,0.E0,1.E0));
#17617=DIRECTION('',(0.E0,-1.E0,0.E0));
#17618=AXIS2_PLACEMENT_3D('',#17615,#17616,#17617);
#17619=PLANE('',#17618);
#17620=ORIENTED_EDGE('',*,*,#17330,.F.);
#17621=ORIENTED_EDGE('',*,*,#17610,.T.);
#17622=ORIENTED_EDGE('',*,*,#17192,.T.);
#17624=ORIENTED_EDGE('',*,*,#17623,.F.);
#17625=EDGE_LOOP('',(#17620,#17621,#17622,#17624));
#17626=FACE_OUTER_BOUND('',#17625,.F.);
#17627=ADVANCED_FACE('',(#17626),#17619,.T.);
#17628=CARTESIAN_POINT('',(1.1E-1,4.250001400910E-1,4.7E-1));
#17629=DIRECTION('',(0.E0,-9.020586423425E-1,4.316134911876E-1));
#17630=DIRECTION('',(0.E0,-4.316134911876E-1,-9.020586423425E-1));
#17631=AXIS2_PLACEMENT_3D('',#17628,#17629,#17630);
#17632=PLANE('',#17631);
#17633=ORIENTED_EDGE('',*,*,#17332,.F.);
#17634=ORIENTED_EDGE('',*,*,#17623,.T.);
#17635=ORIENTED_EDGE('',*,*,#17190,.T.);
#17637=ORIENTED_EDGE('',*,*,#17636,.F.);
#17638=EDGE_LOOP('',(#17633,#17634,#17635,#17637));
#17639=FACE_OUTER_BOUND('',#17638,.F.);
#17640=ADVANCED_FACE('',(#17639),#17632,.T.);
#17641=CARTESIAN_POINT('',(1.1E-1,4.056930115107E-1,4.296487075815E-1));
#17642=DIRECTION('',(0.E0,-4.430711908242E-1,8.964864303834E-1));
#17643=DIRECTION('',(0.E0,-8.964864303834E-1,-4.430711908242E-1));
#17644=AXIS2_PLACEMENT_3D('',#17641,#17642,#17643);
#17645=PLANE('',#17644);
#17646=ORIENTED_EDGE('',*,*,#14984,.F.);
#17647=ORIENTED_EDGE('',*,*,#17334,.F.);
#17648=ORIENTED_EDGE('',*,*,#17636,.T.);
#17649=ORIENTED_EDGE('',*,*,#17188,.T.);
#17650=EDGE_LOOP('',(#17646,#17647,#17648,#17649));
#17651=FACE_OUTER_BOUND('',#17650,.F.);
#17652=ADVANCED_FACE('',(#17651),#17645,.T.);
#17653=CARTESIAN_POINT('',(1.1E-1,5.819238815543E-1,-7.822261184457E-1));
#17654=DIRECTION('',(0.E0,7.071067811865E-1,7.071067811865E-1));
#17655=DIRECTION('',(0.E0,-7.071067811865E-1,7.071067811865E-1));
#17656=AXIS2_PLACEMENT_3D('',#17653,#17654,#17655);
#17657=PLANE('',#17656);
#17658=ORIENTED_EDGE('',*,*,#15747,.T.);
#17659=ORIENTED_EDGE('',*,*,#17223,.T.);
#17661=ORIENTED_EDGE('',*,*,#17660,.F.);
#17662=ORIENTED_EDGE('',*,*,#17345,.F.);
#17663=EDGE_LOOP('',(#17658,#17659,#17661,#17662));
#17664=FACE_OUTER_BOUND('',#17663,.F.);
#17665=ADVANCED_FACE('',(#17664),#17657,.T.);
#17666=CARTESIAN_POINT('',(1.1E-1,4.399921356237E-1,-8.1E-1));
#17667=DIRECTION('',(1.E0,0.E0,0.E0));
#17668=DIRECTION('',(0.E0,0.E0,-1.E0));
#17669=AXIS2_PLACEMENT_3D('',#17666,#17667,#17668);
#17670=CYLINDRICAL_SURFACE('',#17669,1.2E-1);
#17671=ORIENTED_EDGE('',*,*,#17347,.F.);
#17672=ORIENTED_EDGE('',*,*,#17660,.T.);
#17673=ORIENTED_EDGE('',*,*,#17221,.T.);
#17675=ORIENTED_EDGE('',*,*,#17674,.F.);
#17676=EDGE_LOOP('',(#17671,#17672,#17673,#17675));
#17677=FACE_OUTER_BOUND('',#17676,.F.);
#17678=ADVANCED_FACE('',(#17677),#17670,.T.);
#17679=CARTESIAN_POINT('',(1.1E-1,3.895248361990E-1,-7.011282787461E-1));
#17680=DIRECTION('',(0.E0,-4.205608285392E-1,9.072643437821E-1));
#17681=DIRECTION('',(0.E0,-9.072643437821E-1,-4.205608285392E-1));
#17682=AXIS2_PLACEMENT_3D('',#17679,#17680,#17681);
#17683=PLANE('',#17682);
#17684=ORIENTED_EDGE('',*,*,#17349,.F.);
#17685=ORIENTED_EDGE('',*,*,#17674,.T.);
#17686=ORIENTED_EDGE('',*,*,#17219,.T.);
#17688=ORIENTED_EDGE('',*,*,#17687,.F.);
#17689=EDGE_LOOP('',(#17684,#17685,#17686,#17688));
#17690=FACE_OUTER_BOUND('',#17689,.F.);
#17691=ADVANCED_FACE('',(#17690),#17683,.T.);
#17692=CARTESIAN_POINT('',(1.1E-1,3.377881523859E-1,-6.7E-1));
#17693=DIRECTION('',(1.E0,0.E0,0.E0));
#17694=DIRECTION('',(0.E0,0.E0,-1.E0));
#17695=AXIS2_PLACEMENT_3D('',#17692,#17693,#17694);
#17696=CYLINDRICAL_SURFACE('',#17695,5.E-2);
#17697=ORIENTED_EDGE('',*,*,#17351,.F.);
#17698=ORIENTED_EDGE('',*,*,#17687,.T.);
#17699=ORIENTED_EDGE('',*,*,#17217,.T.);
#17701=ORIENTED_EDGE('',*,*,#17700,.F.);
#17702=EDGE_LOOP('',(#17697,#17698,#17699,#17701));
#17703=FACE_OUTER_BOUND('',#17702,.F.);
#17704=ADVANCED_FACE('',(#17703),#17696,.F.);
#17705=CARTESIAN_POINT('',(1.1E-1,3.377881523859E-1,-7.2E-1));
#17706=DIRECTION('',(0.E0,0.E0,1.E0));
#17707=DIRECTION('',(0.E0,-1.E0,0.E0));
#17708=AXIS2_PLACEMENT_3D('',#17705,#17706,#17707);
#17709=PLANE('',#17708);
#17710=ORIENTED_EDGE('',*,*,#17353,.F.);
#17711=ORIENTED_EDGE('',*,*,#17700,.T.);
#17712=ORIENTED_EDGE('',*,*,#17215,.T.);
#17714=ORIENTED_EDGE('',*,*,#17713,.F.);
#17715=EDGE_LOOP('',(#17710,#17711,#17712,#17714));
#17716=FACE_OUTER_BOUND('',#17715,.F.);
#17717=ADVANCED_FACE('',(#17716),#17709,.T.);
#17718=CARTESIAN_POINT('',(1.1E-1,1.996831997875E-1,-6.2E-1));
#17719=DIRECTION('',(1.E0,0.E0,0.E0));
#17720=DIRECTION('',(0.E0,0.E0,-1.E0));
#17721=AXIS2_PLACEMENT_3D('',#17718,#17719,#17720);
#17722=CYLINDRICAL_SURFACE('',#17721,1.E-1);
#17723=ORIENTED_EDGE('',*,*,#17355,.F.);
#17724=ORIENTED_EDGE('',*,*,#17713,.T.);
#17725=ORIENTED_EDGE('',*,*,#17213,.T.);
#17726=ORIENTED_EDGE('',*,*,#13001,.F.);
#17727=EDGE_LOOP('',(#17723,#17724,#17725,#17726));
#17728=FACE_OUTER_BOUND('',#17727,.F.);
#17729=ADVANCED_FACE('',(#17728),#17722,.F.);
#17730=CARTESIAN_POINT('',(-1.1E-1,0.E0,0.E0));
#17731=DIRECTION('',(1.E0,0.E0,0.E0));
#17732=DIRECTION('',(0.E0,0.E0,-1.E0));
#17733=AXIS2_PLACEMENT_3D('',#17730,#17731,#17732);
#17734=PLANE('',#17733);
#17735=ORIENTED_EDGE('',*,*,#13072,.F.);
#17736=ORIENTED_EDGE('',*,*,#13546,.T.);
#17738=ORIENTED_EDGE('',*,*,#17737,.F.);
#17740=ORIENTED_EDGE('',*,*,#17739,.F.);
#17742=ORIENTED_EDGE('',*,*,#17741,.F.);
#17744=ORIENTED_EDGE('',*,*,#17743,.F.);
#17746=ORIENTED_EDGE('',*,*,#17745,.F.);
#17748=ORIENTED_EDGE('',*,*,#17747,.F.);
#17749=EDGE_LOOP('',(#17735,#17736,#17738,#17740,#17742,#17744,#17746,#17748));
#17750=FACE_OUTER_BOUND('',#17749,.F.);
#17751=ADVANCED_FACE('',(#17750),#17734,.T.);
#17752=CARTESIAN_POINT('',(-1.1E-1,0.E0,0.E0));
#17753=DIRECTION('',(1.E0,0.E0,0.E0));
#17754=DIRECTION('',(0.E0,0.E0,-1.E0));
#17755=AXIS2_PLACEMENT_3D('',#17752,#17753,#17754);
#17756=PLANE('',#17755);
#17757=ORIENTED_EDGE('',*,*,#13130,.F.);
#17759=ORIENTED_EDGE('',*,*,#17758,.F.);
#17761=ORIENTED_EDGE('',*,*,#17760,.F.);
#17762=ORIENTED_EDGE('',*,*,#14047,.T.);
#17763=EDGE_LOOP('',(#17757,#17759,#17761,#17762));
#17764=FACE_OUTER_BOUND('',#17763,.F.);
#17765=ADVANCED_FACE('',(#17764),#17756,.T.);
#17766=CARTESIAN_POINT('',(-1.1E-1,0.E0,0.E0));
#17767=DIRECTION('',(1.E0,0.E0,0.E0));
#17768=DIRECTION('',(0.E0,0.E0,-1.E0));
#17769=AXIS2_PLACEMENT_3D('',#17766,#17767,#17768);
#17770=PLANE('',#17769);
#17771=ORIENTED_EDGE('',*,*,#13206,.F.);
#17772=ORIENTED_EDGE('',*,*,#14139,.T.);
#17774=ORIENTED_EDGE('',*,*,#17773,.F.);
#17776=ORIENTED_EDGE('',*,*,#17775,.F.);
#17777=EDGE_LOOP('',(#17771,#17772,#17774,#17776));
#17778=FACE_OUTER_BOUND('',#17777,.F.);
#17779=ADVANCED_FACE('',(#17778),#17770,.T.);
#17780=CARTESIAN_POINT('',(-1.1E-1,0.E0,0.E0));
#17781=DIRECTION('',(1.E0,0.E0,0.E0));
#17782=DIRECTION('',(0.E0,0.E0,-1.E0));
#17783=AXIS2_PLACEMENT_3D('',#17780,#17781,#17782);
#17784=PLANE('',#17783);
#17785=ORIENTED_EDGE('',*,*,#14704,.T.);
#17787=ORIENTED_EDGE('',*,*,#17786,.F.);
#17789=ORIENTED_EDGE('',*,*,#17788,.F.);
#17790=ORIENTED_EDGE('',*,*,#14714,.T.);
#17792=ORIENTED_EDGE('',*,*,#17791,.F.);
#17794=ORIENTED_EDGE('',*,*,#17793,.F.);
#17796=ORIENTED_EDGE('',*,*,#17795,.F.);
#17798=ORIENTED_EDGE('',*,*,#17797,.F.);
#17800=ORIENTED_EDGE('',*,*,#17799,.F.);
#17801=EDGE_LOOP('',(#17785,#17787,#17789,#17790,#17792,#17794,#17796,#17798,
#17800));
#17802=FACE_OUTER_BOUND('',#17801,.F.);
#17803=ADVANCED_FACE('',(#17802),#17784,.T.);
#17804=CARTESIAN_POINT('',(-1.1E-1,0.E0,0.E0));
#17805=DIRECTION('',(1.E0,0.E0,0.E0));
#17806=DIRECTION('',(0.E0,0.E0,-1.E0));
#17807=AXIS2_PLACEMENT_3D('',#17804,#17805,#17806);
#17808=PLANE('',#17807);
#17809=ORIENTED_EDGE('',*,*,#15006,.F.);
#17811=ORIENTED_EDGE('',*,*,#17810,.F.);
#17813=ORIENTED_EDGE('',*,*,#17812,.F.);
#17815=ORIENTED_EDGE('',*,*,#17814,.F.);
#17817=ORIENTED_EDGE('',*,*,#17816,.F.);
#17819=ORIENTED_EDGE('',*,*,#17818,.F.);
#17820=ORIENTED_EDGE('',*,*,#15016,.F.);
#17822=ORIENTED_EDGE('',*,*,#17821,.F.);
#17824=ORIENTED_EDGE('',*,*,#17823,.F.);
#17825=EDGE_LOOP('',(#17809,#17811,#17813,#17815,#17817,#17819,#17820,#17822,
#17824));
#17826=FACE_OUTER_BOUND('',#17825,.F.);
#17827=ADVANCED_FACE('',(#17826),#17808,.T.);
#17828=CARTESIAN_POINT('',(-1.1E-1,0.E0,0.E0));
#17829=DIRECTION('',(1.E0,0.E0,0.E0));
#17830=DIRECTION('',(0.E0,0.E0,-1.E0));
#17831=AXIS2_PLACEMENT_3D('',#17828,#17829,#17830);
#17832=PLANE('',#17831);
#17833=ORIENTED_EDGE('',*,*,#15752,.F.);
#17834=ORIENTED_EDGE('',*,*,#12995,.F.);
#17836=ORIENTED_EDGE('',*,*,#17835,.F.);
#17838=ORIENTED_EDGE('',*,*,#17837,.F.);
#17840=ORIENTED_EDGE('',*,*,#17839,.F.);
#17842=ORIENTED_EDGE('',*,*,#17841,.F.);
#17844=ORIENTED_EDGE('',*,*,#17843,.F.);
#17846=ORIENTED_EDGE('',*,*,#17845,.F.);
#17847=EDGE_LOOP('',(#17833,#17834,#17836,#17838,#17840,#17842,#17844,#17846));
#17848=FACE_OUTER_BOUND('',#17847,.F.);
#17849=ADVANCED_FACE('',(#17848),#17832,.T.);
#17850=CARTESIAN_POINT('',(-2.9E-1,5.248449493661E-1,7.251471862576E-1));
#17851=DIRECTION('',(0.E0,7.071067811865E-1,-7.071067811865E-1));
#17852=DIRECTION('',(0.E0,7.071067811865E-1,7.071067811865E-1));
#17853=AXIS2_PLACEMENT_3D('',#17850,#17851,#17852);
#17854=PLANE('',#17853);
#17855=ORIENTED_EDGE('',*,*,#13544,.F.);
#17857=ORIENTED_EDGE('',*,*,#17856,.F.);
#17859=ORIENTED_EDGE('',*,*,#17858,.T.);
#17860=ORIENTED_EDGE('',*,*,#17737,.T.);
#17861=EDGE_LOOP('',(#17855,#17857,#17859,#17860));
#17862=FACE_OUTER_BOUND('',#17861,.F.);
#17863=ADVANCED_FACE('',(#17862),#17854,.T.);
#17864=CARTESIAN_POINT('',(-2.9E-1,0.E0,0.E0));
#17865=DIRECTION('',(1.E0,0.E0,0.E0));
#17866=DIRECTION('',(0.E0,0.E0,-1.E0));
#17867=AXIS2_PLACEMENT_3D('',#17864,#17865,#17866);
#17868=PLANE('',#17867);
#17869=ORIENTED_EDGE('',*,*,#13076,.T.);
#17871=ORIENTED_EDGE('',*,*,#17870,.T.);
#17873=ORIENTED_EDGE('',*,*,#17872,.T.);
#17875=ORIENTED_EDGE('',*,*,#17874,.T.);
#17877=ORIENTED_EDGE('',*,*,#17876,.T.);
#17879=ORIENTED_EDGE('',*,*,#17878,.T.);
#17880=ORIENTED_EDGE('',*,*,#17856,.T.);
#17881=ORIENTED_EDGE('',*,*,#13542,.F.);
#17882=EDGE_LOOP('',(#17869,#17871,#17873,#17875,#17877,#17879,#17880,#17881));
#17883=FACE_OUTER_BOUND('',#17882,.F.);
#17884=ADVANCED_FACE('',(#17883),#17868,.F.);
#17885=CARTESIAN_POINT('',(-2.9E-1,0.E0,0.E0));
#17886=DIRECTION('',(1.E0,0.E0,0.E0));
#17887=DIRECTION('',(0.E0,0.E0,-1.E0));
#17888=AXIS2_PLACEMENT_3D('',#17885,#17886,#17887);
#17889=PLANE('',#17888);
#17890=ORIENTED_EDGE('',*,*,#13126,.T.);
#17891=ORIENTED_EDGE('',*,*,#14051,.F.);
#17893=ORIENTED_EDGE('',*,*,#17892,.T.);
#17895=ORIENTED_EDGE('',*,*,#17894,.T.);
#17896=EDGE_LOOP('',(#17890,#17891,#17893,#17895));
#17897=FACE_OUTER_BOUND('',#17896,.F.);
#17898=ADVANCED_FACE('',(#17897),#17889,.F.);
#17899=CARTESIAN_POINT('',(-2.9E-1,0.E0,0.E0));
#17900=DIRECTION('',(1.E0,0.E0,0.E0));
#17901=DIRECTION('',(0.E0,0.E0,-1.E0));
#17902=AXIS2_PLACEMENT_3D('',#17899,#17900,#17901);
#17903=PLANE('',#17902);
#17904=ORIENTED_EDGE('',*,*,#13210,.T.);
#17906=ORIENTED_EDGE('',*,*,#17905,.T.);
#17908=ORIENTED_EDGE('',*,*,#17907,.T.);
#17909=ORIENTED_EDGE('',*,*,#14135,.F.);
#17910=EDGE_LOOP('',(#17904,#17906,#17908,#17909));
#17911=FACE_OUTER_BOUND('',#17910,.F.);
#17912=ADVANCED_FACE('',(#17911),#17903,.F.);
#17913=CARTESIAN_POINT('',(-2.9E-1,0.E0,0.E0));
#17914=DIRECTION('',(1.E0,0.E0,0.E0));
#17915=DIRECTION('',(0.E0,0.E0,-1.E0));
#17916=AXIS2_PLACEMENT_3D('',#17913,#17914,#17915);
#17917=PLANE('',#17916);
#17918=ORIENTED_EDGE('',*,*,#14700,.F.);
#17920=ORIENTED_EDGE('',*,*,#17919,.T.);
#17922=ORIENTED_EDGE('',*,*,#17921,.T.);
#17924=ORIENTED_EDGE('',*,*,#17923,.T.);
#17926=ORIENTED_EDGE('',*,*,#17925,.T.);
#17928=ORIENTED_EDGE('',*,*,#17927,.T.);
#17929=ORIENTED_EDGE('',*,*,#14710,.F.);
#17931=ORIENTED_EDGE('',*,*,#17930,.F.);
#17933=ORIENTED_EDGE('',*,*,#17932,.T.);
#17934=EDGE_LOOP('',(#17918,#17920,#17922,#17924,#17926,#17928,#17929,#17931,
#17933));
#17935=FACE_OUTER_BOUND('',#17934,.F.);
#17936=ADVANCED_FACE('',(#17935),#17917,.F.);
#17937=CARTESIAN_POINT('',(-2.9E-1,0.E0,0.E0));
#17938=DIRECTION('',(1.E0,0.E0,0.E0));
#17939=DIRECTION('',(0.E0,0.E0,-1.E0));
#17940=AXIS2_PLACEMENT_3D('',#17937,#17938,#17939);
#17941=PLANE('',#17940);
#17942=ORIENTED_EDGE('',*,*,#15002,.T.);
#17944=ORIENTED_EDGE('',*,*,#17943,.T.);
#17946=ORIENTED_EDGE('',*,*,#17945,.F.);
#17947=ORIENTED_EDGE('',*,*,#15012,.T.);
#17949=ORIENTED_EDGE('',*,*,#17948,.T.);
#17951=ORIENTED_EDGE('',*,*,#17950,.T.);
#17953=ORIENTED_EDGE('',*,*,#17952,.T.);
#17955=ORIENTED_EDGE('',*,*,#17954,.T.);
#17957=ORIENTED_EDGE('',*,*,#17956,.T.);
#17958=EDGE_LOOP('',(#17942,#17944,#17946,#17947,#17949,#17951,#17953,#17955,
#17957));
#17959=FACE_OUTER_BOUND('',#17958,.F.);
#17960=ADVANCED_FACE('',(#17959),#17941,.F.);
#17961=CARTESIAN_POINT('',(-2.9E-1,0.E0,0.E0));
#17962=DIRECTION('',(1.E0,0.E0,0.E0));
#17963=DIRECTION('',(0.E0,0.E0,-1.E0));
#17964=AXIS2_PLACEMENT_3D('',#17961,#17962,#17963);
#17965=PLANE('',#17964);
#17966=ORIENTED_EDGE('',*,*,#15756,.T.);
#17968=ORIENTED_EDGE('',*,*,#17967,.T.);
#17970=ORIENTED_EDGE('',*,*,#17969,.T.);
#17972=ORIENTED_EDGE('',*,*,#17971,.T.);
#17974=ORIENTED_EDGE('',*,*,#17973,.T.);
#17976=ORIENTED_EDGE('',*,*,#17975,.T.);
#17978=ORIENTED_EDGE('',*,*,#17977,.T.);
#17979=ORIENTED_EDGE('',*,*,#12991,.T.);
#17980=EDGE_LOOP('',(#17966,#17968,#17970,#17972,#17974,#17976,#17978,#17979));
#17981=FACE_OUTER_BOUND('',#17980,.F.);
#17982=ADVANCED_FACE('',(#17981),#17965,.F.);
#17983=CARTESIAN_POINT('',(-2.9E-1,1.996831997875E-1,6.2E-1));
#17984=DIRECTION('',(1.E0,0.E0,0.E0));
#17985=DIRECTION('',(0.E0,0.E0,-1.E0));
#17986=AXIS2_PLACEMENT_3D('',#17983,#17984,#17985);
#17987=CYLINDRICAL_SURFACE('',#17986,1.E-1);
#17988=ORIENTED_EDGE('',*,*,#13074,.T.);
#17989=ORIENTED_EDGE('',*,*,#17747,.T.);
#17991=ORIENTED_EDGE('',*,*,#17990,.F.);
#17992=ORIENTED_EDGE('',*,*,#17870,.F.);
#17993=EDGE_LOOP('',(#17988,#17989,#17991,#17992));
#17994=FACE_OUTER_BOUND('',#17993,.F.);
#17995=ADVANCED_FACE('',(#17994),#17987,.F.);
#17996=CARTESIAN_POINT('',(-2.9E-1,1.996831997875E-1,7.2E-1));
#17997=DIRECTION('',(0.E0,0.E0,-1.E0));
#17998=DIRECTION('',(0.E0,1.E0,0.E0));
#17999=AXIS2_PLACEMENT_3D('',#17996,#17997,#17998);
#18000=PLANE('',#17999);
#18001=ORIENTED_EDGE('',*,*,#17872,.F.);
#18002=ORIENTED_EDGE('',*,*,#17990,.T.);
#18003=ORIENTED_EDGE('',*,*,#17745,.T.);
#18005=ORIENTED_EDGE('',*,*,#18004,.F.);
#18006=EDGE_LOOP('',(#18001,#18002,#18003,#18005));
#18007=FACE_OUTER_BOUND('',#18006,.F.);
#18008=ADVANCED_FACE('',(#18007),#18000,.T.);
#18009=CARTESIAN_POINT('',(-2.9E-1,3.377881523859E-1,6.7E-1));
#18010=DIRECTION('',(1.E0,0.E0,0.E0));
#18011=DIRECTION('',(0.E0,0.E0,-1.E0));
#18012=AXIS2_PLACEMENT_3D('',#18009,#18010,#18011);
#18013=CYLINDRICAL_SURFACE('',#18012,5.E-2);
#18014=ORIENTED_EDGE('',*,*,#17874,.F.);
#18015=ORIENTED_EDGE('',*,*,#18004,.T.);
#18016=ORIENTED_EDGE('',*,*,#17743,.T.);
#18018=ORIENTED_EDGE('',*,*,#18017,.F.);
#18019=EDGE_LOOP('',(#18014,#18015,#18016,#18018));
#18020=FACE_OUTER_BOUND('',#18019,.F.);
#18021=ADVANCED_FACE('',(#18020),#18013,.F.);
#18022=CARTESIAN_POINT('',(-2.9E-1,3.588161938129E-1,7.153632171891E-1));
#18023=DIRECTION('',(0.E0,-4.205608285392E-1,-9.072643437821E-1));
#18024=DIRECTION('',(0.E0,9.072643437821E-1,-4.205608285392E-1));
#18025=AXIS2_PLACEMENT_3D('',#18022,#18023,#18024);
#18026=PLANE('',#18025);
#18027=ORIENTED_EDGE('',*,*,#17876,.F.);
#18028=ORIENTED_EDGE('',*,*,#18017,.T.);
#18029=ORIENTED_EDGE('',*,*,#17741,.T.);
#18031=ORIENTED_EDGE('',*,*,#18030,.F.);
#18032=EDGE_LOOP('',(#18027,#18028,#18029,#18031));
#18033=FACE_OUTER_BOUND('',#18032,.F.);
#18034=ADVANCED_FACE('',(#18033),#18026,.T.);
#18035=CARTESIAN_POINT('',(-2.9E-1,4.399921356237E-1,8.1E-1));
#18036=DIRECTION('',(1.E0,0.E0,0.E0));
#18037=DIRECTION('',(0.E0,0.E0,-1.E0));
#18038=AXIS2_PLACEMENT_3D('',#18035,#18036,#18037);
#18039=CYLINDRICAL_SURFACE('',#18038,1.2E-1);
#18040=ORIENTED_EDGE('',*,*,#17878,.F.);
#18041=ORIENTED_EDGE('',*,*,#18030,.T.);
#18042=ORIENTED_EDGE('',*,*,#17739,.T.);
#18043=ORIENTED_EDGE('',*,*,#17858,.F.);
#18044=EDGE_LOOP('',(#18040,#18041,#18042,#18043));
#18045=FACE_OUTER_BOUND('',#18044,.F.);
#18046=ADVANCED_FACE('',(#18045),#18039,.T.);
#18047=CARTESIAN_POINT('',(-2.9E-1,1.897179320238E-1,4.5E-1));
#18048=DIRECTION('',(1.E0,0.E0,0.E0));
#18049=DIRECTION('',(0.E0,0.E0,-1.E0));
#18050=AXIS2_PLACEMENT_3D('',#18047,#18048,#18049);
#18051=CYLINDRICAL_SURFACE('',#18050,8.E-2);
#18052=ORIENTED_EDGE('',*,*,#14049,.T.);
#18053=ORIENTED_EDGE('',*,*,#17760,.T.);
#18055=ORIENTED_EDGE('',*,*,#18054,.F.);
#18056=ORIENTED_EDGE('',*,*,#17892,.F.);
#18057=EDGE_LOOP('',(#18052,#18053,#18055,#18056));
#18058=FACE_OUTER_BOUND('',#18057,.F.);
#18059=ADVANCED_FACE('',(#18058),#18051,.F.);
#18060=CARTESIAN_POINT('',(-2.9E-1,1.098579106768E-1,4.452695676255E-1));
#18061=DIRECTION('',(0.E0,9.982502668381E-1,5.913040468104E-2));
#18062=DIRECTION('',(0.E0,-5.913040468104E-2,9.982502668381E-1));
#18063=AXIS2_PLACEMENT_3D('',#18060,#18061,#18062);
#18064=PLANE('',#18063);
#18065=ORIENTED_EDGE('',*,*,#13128,.F.);
#18066=ORIENTED_EDGE('',*,*,#17894,.F.);
#18067=ORIENTED_EDGE('',*,*,#18054,.T.);
#18068=ORIENTED_EDGE('',*,*,#17758,.T.);
#18069=EDGE_LOOP('',(#18065,#18066,#18067,#18068));
#18070=FACE_OUTER_BOUND('',#18069,.F.);
#18071=ADVANCED_FACE('',(#18070),#18064,.T.);
#18072=CARTESIAN_POINT('',(-2.9E-1,9.985817310370E-2,-6.140869595319E-1));
#18073=DIRECTION('',(0.E0,9.982502668381E-1,-5.913040468104E-2));
#18074=DIRECTION('',(0.E0,5.913040468104E-2,9.982502668381E-1));
#18075=AXIS2_PLACEMENT_3D('',#18072,#18073,#18074);
#18076=PLANE('',#18075);
#18077=ORIENTED_EDGE('',*,*,#13208,.T.);
#18078=ORIENTED_EDGE('',*,*,#17775,.T.);
#18080=ORIENTED_EDGE('',*,*,#18079,.F.);
#18081=ORIENTED_EDGE('',*,*,#17905,.F.);
#18082=EDGE_LOOP('',(#18077,#18078,#18080,#18081));
#18083=FACE_OUTER_BOUND('',#18082,.F.);
#18084=ADVANCED_FACE('',(#18083),#18076,.T.);
#18085=CARTESIAN_POINT('',(-2.9E-1,1.897179320238E-1,-4.5E-1));
#18086=DIRECTION('',(1.E0,0.E0,0.E0));
#18087=DIRECTION('',(0.E0,0.E0,-1.E0));
#18088=AXIS2_PLACEMENT_3D('',#18085,#18086,#18087);
#18089=CYLINDRICAL_SURFACE('',#18088,8.E-2);
#18090=ORIENTED_EDGE('',*,*,#14137,.F.);
#18091=ORIENTED_EDGE('',*,*,#17907,.F.);
#18092=ORIENTED_EDGE('',*,*,#18079,.T.);
#18093=ORIENTED_EDGE('',*,*,#17773,.T.);
#18094=EDGE_LOOP('',(#18090,#18091,#18092,#18093));
#18095=FACE_OUTER_BOUND('',#18094,.F.);
#18096=ADVANCED_FACE('',(#18095),#18089,.F.);
#18097=CARTESIAN_POINT('',(-2.9E-1,2.850030229848E-1,-3.7E-1));
#18098=DIRECTION('',(0.E0,-4.430711908242E-1,-8.964864303834E-1));
#18099=DIRECTION('',(0.E0,8.964864303834E-1,-4.430711908242E-1));
#18100=AXIS2_PLACEMENT_3D('',#18097,#18098,#18099);
#18101=PLANE('',#18100);
#18102=ORIENTED_EDGE('',*,*,#14706,.T.);
#18103=ORIENTED_EDGE('',*,*,#17799,.T.);
#18105=ORIENTED_EDGE('',*,*,#18104,.F.);
#18106=ORIENTED_EDGE('',*,*,#17919,.F.);
#18107=EDGE_LOOP('',(#18102,#18103,#18105,#18106));
#18108=FACE_OUTER_BOUND('',#18107,.F.);
#18109=ADVANCED_FACE('',(#18108),#18101,.T.);
#18110=CARTESIAN_POINT('',(-2.9E-1,4.056930115107E-1,-4.296487075815E-1));
#18111=DIRECTION('',(0.E0,-9.020586423425E-1,-4.316134911876E-1));
#18112=DIRECTION('',(0.E0,4.316134911876E-1,-9.020586423425E-1));
#18113=AXIS2_PLACEMENT_3D('',#18110,#18111,#18112);
#18114=PLANE('',#18113);
#18115=ORIENTED_EDGE('',*,*,#17921,.F.);
#18116=ORIENTED_EDGE('',*,*,#18104,.T.);
#18117=ORIENTED_EDGE('',*,*,#17797,.T.);
#18119=ORIENTED_EDGE('',*,*,#18118,.F.);
#18120=EDGE_LOOP('',(#18115,#18116,#18117,#18119));
#18121=FACE_OUTER_BOUND('',#18120,.F.);
#18122=ADVANCED_FACE('',(#18121),#18114,.T.);
#18123=CARTESIAN_POINT('',(-2.9E-1,4.250001400910E-1,-4.7E-1));
#18124=DIRECTION('',(0.E0,0.E0,-1.E0));
#18125=DIRECTION('',(0.E0,1.E0,0.E0));
#18126=AXIS2_PLACEMENT_3D('',#18123,#18124,#18125);
#18127=PLANE('',#18126);
#18128=ORIENTED_EDGE('',*,*,#17923,.F.);
#18129=ORIENTED_EDGE('',*,*,#18118,.T.);
#18130=ORIENTED_EDGE('',*,*,#17795,.T.);
#18132=ORIENTED_EDGE('',*,*,#18131,.F.);
#18133=EDGE_LOOP('',(#18128,#18129,#18130,#18132));
#18134=FACE_OUTER_BOUND('',#18133,.F.);
#18135=ADVANCED_FACE('',(#18134),#18127,.T.);
#18136=CARTESIAN_POINT('',(-2.9E-1,4.950001400910E-1,-4.7E-1));
#18137=DIRECTION('',(0.E0,8.867318288963E-1,-4.622841805883E-1));
#18138=DIRECTION('',(0.E0,4.622841805883E-1,8.867318288963E-1));
#18139=AXIS2_PLACEMENT_3D('',#18136,#18137,#18138);
#18140=PLANE('',#18139);
#18141=ORIENTED_EDGE('',*,*,#17925,.F.);
#18142=ORIENTED_EDGE('',*,*,#18131,.T.);
#18143=ORIENTED_EDGE('',*,*,#17793,.T.);
#18145=ORIENTED_EDGE('',*,*,#18144,.F.);
#18146=EDGE_LOOP('',(#18141,#18142,#18143,#18145));
#18147=FACE_OUTER_BOUND('',#18146,.F.);
#18148=ADVANCED_FACE('',(#18147),#18140,.T.);
#18149=CARTESIAN_POINT('',(-2.9E-1,4.5E-1,-3.4E-1));
#18150=DIRECTION('',(1.E0,0.E0,0.E0));
#18151=DIRECTION('',(0.E0,0.E0,-1.E0));
#18152=AXIS2_PLACEMENT_3D('',#18149,#18150,#18151);
#18153=CYLINDRICAL_SURFACE('',#18152,1.E-1);
#18154=ORIENTED_EDGE('',*,*,#14712,.F.);
#18155=ORIENTED_EDGE('',*,*,#17927,.F.);
#18156=ORIENTED_EDGE('',*,*,#18144,.T.);
#18157=ORIENTED_EDGE('',*,*,#17791,.T.);
#18158=EDGE_LOOP('',(#18154,#18155,#18156,#18157));
#18159=FACE_OUTER_BOUND('',#18158,.F.);
#18160=ADVANCED_FACE('',(#18159),#18153,.T.);
#18161=CARTESIAN_POINT('',(-2.9E-1,4.5E-1,-3.4E-1));
#18162=DIRECTION('',(1.E0,0.E0,0.E0));
#18163=DIRECTION('',(0.E0,0.E0,-1.E0));
#18164=AXIS2_PLACEMENT_3D('',#18161,#18162,#18163);
#18165=CYLINDRICAL_SURFACE('',#18164,4.E-2);
#18166=ORIENTED_EDGE('',*,*,#17788,.T.);
#18168=ORIENTED_EDGE('',*,*,#18167,.F.);
#18169=ORIENTED_EDGE('',*,*,#17930,.T.);
#18170=ORIENTED_EDGE('',*,*,#14716,.T.);
#18171=EDGE_LOOP('',(#18166,#18168,#18169,#18170));
#18172=FACE_OUTER_BOUND('',#18171,.F.);
#18173=ADVANCED_FACE('',(#18172),#18165,.F.);
#18174=CARTESIAN_POINT('',(-2.9E-1,4.322771523670E-1,-3.758594572153E-1));
#18175=DIRECTION('',(0.E0,4.430711908242E-1,8.964864303834E-1));
#18176=DIRECTION('',(0.E0,-8.964864303834E-1,4.430711908242E-1));
#18177=AXIS2_PLACEMENT_3D('',#18174,#18175,#18176);
#18178=PLANE('',#18177);
#18179=ORIENTED_EDGE('',*,*,#14702,.F.);
#18180=ORIENTED_EDGE('',*,*,#17932,.F.);
#18181=ORIENTED_EDGE('',*,*,#18167,.T.);
#18182=ORIENTED_EDGE('',*,*,#17786,.T.);
#18183=EDGE_LOOP('',(#18179,#18180,#18181,#18182));
#18184=FACE_OUTER_BOUND('',#18183,.F.);
#18185=ADVANCED_FACE('',(#18184),#18178,.T.);
#18186=CARTESIAN_POINT('',(-2.9E-1,3.085713471214E-1,3.147202401737E-1));
#18187=DIRECTION('',(0.E0,4.430711908242E-1,-8.964864303834E-1));
#18188=DIRECTION('',(0.E0,8.964864303834E-1,4.430711908242E-1));
#18189=AXIS2_PLACEMENT_3D('',#18186,#18187,#18188);
#18190=PLANE('',#18189);
#18191=ORIENTED_EDGE('',*,*,#15008,.T.);
#18192=ORIENTED_EDGE('',*,*,#17823,.T.);
#18194=ORIENTED_EDGE('',*,*,#18193,.F.);
#18195=ORIENTED_EDGE('',*,*,#17943,.F.);
#18196=EDGE_LOOP('',(#18191,#18192,#18194,#18195));
#18197=FACE_OUTER_BOUND('',#18196,.F.);
#18198=ADVANCED_FACE('',(#18197),#18190,.T.);
#18199=CARTESIAN_POINT('',(-2.9E-1,4.5E-1,3.4E-1));
#18200=DIRECTION('',(1.E0,0.E0,0.E0));
#18201=DIRECTION('',(0.E0,0.E0,-1.E0));
#18202=AXIS2_PLACEMENT_3D('',#18199,#18200,#18201);
#18203=CYLINDRICAL_SURFACE('',#18202,4.E-2);
#18204=ORIENTED_EDGE('',*,*,#17821,.T.);
#18205=ORIENTED_EDGE('',*,*,#15014,.F.);
#18206=ORIENTED_EDGE('',*,*,#17945,.T.);
#18207=ORIENTED_EDGE('',*,*,#18193,.T.);
#18208=EDGE_LOOP('',(#18204,#18205,#18206,#18207));
#18209=FACE_OUTER_BOUND('',#18208,.F.);
#18210=ADVANCED_FACE('',(#18209),#18203,.F.);
#18211=CARTESIAN_POINT('',(-2.9E-1,4.5E-1,3.4E-1));
#18212=DIRECTION('',(1.E0,0.E0,0.E0));
#18213=DIRECTION('',(0.E0,0.E0,-1.E0));
#18214=AXIS2_PLACEMENT_3D('',#18211,#18212,#18213);
#18215=CYLINDRICAL_SURFACE('',#18214,1.E-1);
#18216=ORIENTED_EDGE('',*,*,#15018,.T.);
#18217=ORIENTED_EDGE('',*,*,#17818,.T.);
#18219=ORIENTED_EDGE('',*,*,#18218,.F.);
#18220=ORIENTED_EDGE('',*,*,#17948,.F.);
#18221=EDGE_LOOP('',(#18216,#18217,#18219,#18220));
#18222=FACE_OUTER_BOUND('',#18221,.F.);
#18223=ADVANCED_FACE('',(#18222),#18215,.T.);
#18224=CARTESIAN_POINT('',(-2.9E-1,5.386731828896E-1,3.862284180588E-1));
#18225=DIRECTION('',(0.E0,8.867318288963E-1,4.622841805883E-1));
#18226=DIRECTION('',(0.E0,-4.622841805883E-1,8.867318288963E-1));
#18227=AXIS2_PLACEMENT_3D('',#18224,#18225,#18226);
#18228=PLANE('',#18227);
#18229=ORIENTED_EDGE('',*,*,#17950,.F.);
#18230=ORIENTED_EDGE('',*,*,#18218,.T.);
#18231=ORIENTED_EDGE('',*,*,#17816,.T.);
#18233=ORIENTED_EDGE('',*,*,#18232,.F.);
#18234=EDGE_LOOP('',(#18229,#18230,#18231,#18233));
#18235=FACE_OUTER_BOUND('',#18234,.F.);
#18236=ADVANCED_FACE('',(#18235),#18228,.T.);
#18237=CARTESIAN_POINT('',(-2.9E-1,4.950001400910E-1,4.7E-1));
#18238=DIRECTION('',(0.E0,0.E0,1.E0));
#18239=DIRECTION('',(0.E0,-1.E0,0.E0));
#18240=AXIS2_PLACEMENT_3D('',#18237,#18238,#18239);
#18241=PLANE('',#18240);
#18242=ORIENTED_EDGE('',*,*,#17952,.F.);
#18243=ORIENTED_EDGE('',*,*,#18232,.T.);
#18244=ORIENTED_EDGE('',*,*,#17814,.T.);
#18246=ORIENTED_EDGE('',*,*,#18245,.F.);
#18247=EDGE_LOOP('',(#18242,#18243,#18244,#18246));
#18248=FACE_OUTER_BOUND('',#18247,.F.);
#18249=ADVANCED_FACE('',(#18248),#18241,.T.);
#18250=CARTESIAN_POINT('',(-2.9E-1,4.250001400910E-1,4.7E-1));
#18251=DIRECTION('',(0.E0,-9.020586423425E-1,4.316134911876E-1));
#18252=DIRECTION('',(0.E0,-4.316134911876E-1,-9.020586423425E-1));
#18253=AXIS2_PLACEMENT_3D('',#18250,#18251,#18252);
#18254=PLANE('',#18253);
#18255=ORIENTED_EDGE('',*,*,#17954,.F.);
#18256=ORIENTED_EDGE('',*,*,#18245,.T.);
#18257=ORIENTED_EDGE('',*,*,#17812,.T.);
#18259=ORIENTED_EDGE('',*,*,#18258,.F.);
#18260=EDGE_LOOP('',(#18255,#18256,#18257,#18259));
#18261=FACE_OUTER_BOUND('',#18260,.F.);
#18262=ADVANCED_FACE('',(#18261),#18254,.T.);
#18263=CARTESIAN_POINT('',(-2.9E-1,4.056930115107E-1,4.296487075815E-1));
#18264=DIRECTION('',(0.E0,-4.430711908242E-1,8.964864303834E-1));
#18265=DIRECTION('',(0.E0,-8.964864303834E-1,-4.430711908242E-1));
#18266=AXIS2_PLACEMENT_3D('',#18263,#18264,#18265);
#18267=PLANE('',#18266);
#18268=ORIENTED_EDGE('',*,*,#15004,.F.);
#18269=ORIENTED_EDGE('',*,*,#17956,.F.);
#18270=ORIENTED_EDGE('',*,*,#18258,.T.);
#18271=ORIENTED_EDGE('',*,*,#17810,.T.);
#18272=EDGE_LOOP('',(#18268,#18269,#18270,#18271));
#18273=FACE_OUTER_BOUND('',#18272,.F.);
#18274=ADVANCED_FACE('',(#18273),#18267,.T.);
#18275=CARTESIAN_POINT('',(-2.9E-1,5.819238815543E-1,-7.822261184457E-1));
#18276=DIRECTION('',(0.E0,7.071067811865E-1,7.071067811865E-1));
#18277=DIRECTION('',(0.E0,-7.071067811865E-1,7.071067811865E-1));
#18278=AXIS2_PLACEMENT_3D('',#18275,#18276,#18277);
#18279=PLANE('',#18278);
#18280=ORIENTED_EDGE('',*,*,#15754,.T.);
#18281=ORIENTED_EDGE('',*,*,#17845,.T.);
#18283=ORIENTED_EDGE('',*,*,#18282,.F.);
#18284=ORIENTED_EDGE('',*,*,#17967,.F.);
#18285=EDGE_LOOP('',(#18280,#18281,#18283,#18284));
#18286=FACE_OUTER_BOUND('',#18285,.F.);
#18287=ADVANCED_FACE('',(#18286),#18279,.T.);
#18288=CARTESIAN_POINT('',(-2.9E-1,4.399921356237E-1,-8.1E-1));
#18289=DIRECTION('',(1.E0,0.E0,0.E0));
#18290=DIRECTION('',(0.E0,0.E0,-1.E0));
#18291=AXIS2_PLACEMENT_3D('',#18288,#18289,#18290);
#18292=CYLINDRICAL_SURFACE('',#18291,1.2E-1);
#18293=ORIENTED_EDGE('',*,*,#17969,.F.);
#18294=ORIENTED_EDGE('',*,*,#18282,.T.);
#18295=ORIENTED_EDGE('',*,*,#17843,.T.);
#18297=ORIENTED_EDGE('',*,*,#18296,.F.);
#18298=EDGE_LOOP('',(#18293,#18294,#18295,#18297));
#18299=FACE_OUTER_BOUND('',#18298,.F.);
#18300=ADVANCED_FACE('',(#18299),#18292,.T.);
#18301=CARTESIAN_POINT('',(-2.9E-1,3.895248361990E-1,-7.011282787461E-1));
#18302=DIRECTION('',(0.E0,-4.205608285392E-1,9.072643437821E-1));
#18303=DIRECTION('',(0.E0,-9.072643437821E-1,-4.205608285392E-1));
#18304=AXIS2_PLACEMENT_3D('',#18301,#18302,#18303);
#18305=PLANE('',#18304);
#18306=ORIENTED_EDGE('',*,*,#17971,.F.);
#18307=ORIENTED_EDGE('',*,*,#18296,.T.);
#18308=ORIENTED_EDGE('',*,*,#17841,.T.);
#18310=ORIENTED_EDGE('',*,*,#18309,.F.);
#18311=EDGE_LOOP('',(#18306,#18307,#18308,#18310));
#18312=FACE_OUTER_BOUND('',#18311,.F.);
#18313=ADVANCED_FACE('',(#18312),#18305,.T.);
#18314=CARTESIAN_POINT('',(-2.9E-1,3.377881523859E-1,-6.7E-1));
#18315=DIRECTION('',(1.E0,0.E0,0.E0));
#18316=DIRECTION('',(0.E0,0.E0,-1.E0));
#18317=AXIS2_PLACEMENT_3D('',#18314,#18315,#18316);
#18318=CYLINDRICAL_SURFACE('',#18317,5.E-2);
#18319=ORIENTED_EDGE('',*,*,#17973,.F.);
#18320=ORIENTED_EDGE('',*,*,#18309,.T.);
#18321=ORIENTED_EDGE('',*,*,#17839,.T.);
#18323=ORIENTED_EDGE('',*,*,#18322,.F.);
#18324=EDGE_LOOP('',(#18319,#18320,#18321,#18323));
#18325=FACE_OUTER_BOUND('',#18324,.F.);
#18326=ADVANCED_FACE('',(#18325),#18318,.F.);
#18327=CARTESIAN_POINT('',(-2.9E-1,3.377881523859E-1,-7.2E-1));
#18328=DIRECTION('',(0.E0,0.E0,1.E0));
#18329=DIRECTION('',(0.E0,-1.E0,0.E0));
#18330=AXIS2_PLACEMENT_3D('',#18327,#18328,#18329);
#18331=PLANE('',#18330);
#18332=ORIENTED_EDGE('',*,*,#17975,.F.);
#18333=ORIENTED_EDGE('',*,*,#18322,.T.);
#18334=ORIENTED_EDGE('',*,*,#17837,.T.);
#18336=ORIENTED_EDGE('',*,*,#18335,.F.);
#18337=EDGE_LOOP('',(#18332,#18333,#18334,#18336));
#18338=FACE_OUTER_BOUND('',#18337,.F.);
#18339=ADVANCED_FACE('',(#18338),#18331,.T.);
#18340=CARTESIAN_POINT('',(-2.9E-1,1.996831997875E-1,-6.2E-1));
#18341=DIRECTION('',(1.E0,0.E0,0.E0));
#18342=DIRECTION('',(0.E0,0.E0,-1.E0));
#18343=AXIS2_PLACEMENT_3D('',#18340,#18341,#18342);
#18344=CYLINDRICAL_SURFACE('',#18343,1.E-1);
#18345=ORIENTED_EDGE('',*,*,#17977,.F.);
#18346=ORIENTED_EDGE('',*,*,#18335,.T.);
#18347=ORIENTED_EDGE('',*,*,#17835,.T.);
#18348=ORIENTED_EDGE('',*,*,#12993,.F.);
#18349=EDGE_LOOP('',(#18345,#18346,#18347,#18348));
#18350=FACE_OUTER_BOUND('',#18349,.F.);
#18351=ADVANCED_FACE('',(#18350),#18344,.F.);
#18352=CARTESIAN_POINT('',(-6.9E-1,5.819238815543E-1,-7.822261184457E-1));
#18353=DIRECTION('',(0.E0,7.071067811865E-1,7.071067811865E-1));
#18354=DIRECTION('',(0.E0,-7.071067811865E-1,7.071067811865E-1));
#18355=AXIS2_PLACEMENT_3D('',#18352,#18353,#18354);
#18356=PLANE('',#18355);
#18357=ORIENTED_EDGE('',*,*,#15760,.T.);
#18358=ORIENTED_EDGE('',*,*,#14487,.T.);
#18360=ORIENTED_EDGE('',*,*,#18359,.F.);
#18361=ORIENTED_EDGE('',*,*,#14338,.F.);
#18362=EDGE_LOOP('',(#18357,#18358,#18360,#18361));
#18363=FACE_OUTER_BOUND('',#18362,.F.);
#18364=ADVANCED_FACE('',(#18363),#18356,.T.);
#18365=CARTESIAN_POINT('',(-6.9E-1,4.399921356237E-1,-8.1E-1));
#18366=DIRECTION('',(1.E0,0.E0,0.E0));
#18367=DIRECTION('',(0.E0,0.E0,-1.E0));
#18368=AXIS2_PLACEMENT_3D('',#18365,#18366,#18367);
#18369=CYLINDRICAL_SURFACE('',#18368,1.2E-1);
#18370=ORIENTED_EDGE('',*,*,#14340,.F.);
#18371=ORIENTED_EDGE('',*,*,#18359,.T.);
#18372=ORIENTED_EDGE('',*,*,#14485,.T.);
#18374=ORIENTED_EDGE('',*,*,#18373,.F.);
#18375=EDGE_LOOP('',(#18370,#18371,#18372,#18374));
#18376=FACE_OUTER_BOUND('',#18375,.F.);
#18377=ADVANCED_FACE('',(#18376),#18369,.T.);
#18378=CARTESIAN_POINT('',(-6.9E-1,3.895248361990E-1,-7.011282787461E-1));
#18379=DIRECTION('',(0.E0,-4.205608285392E-1,9.072643437821E-1));
#18380=DIRECTION('',(0.E0,-9.072643437821E-1,-4.205608285392E-1));
#18381=AXIS2_PLACEMENT_3D('',#18378,#18379,#18380);
#18382=PLANE('',#18381);
#18383=ORIENTED_EDGE('',*,*,#14342,.F.);
#18384=ORIENTED_EDGE('',*,*,#18373,.T.);
#18385=ORIENTED_EDGE('',*,*,#14483,.T.);
#18387=ORIENTED_EDGE('',*,*,#18386,.F.);
#18388=EDGE_LOOP('',(#18383,#18384,#18385,#18387));
#18389=FACE_OUTER_BOUND('',#18388,.F.);
#18390=ADVANCED_FACE('',(#18389),#18382,.T.);
#18391=CARTESIAN_POINT('',(-6.9E-1,3.377881523859E-1,-6.7E-1));
#18392=DIRECTION('',(1.E0,0.E0,0.E0));
#18393=DIRECTION('',(0.E0,0.E0,-1.E0));
#18394=AXIS2_PLACEMENT_3D('',#18391,#18392,#18393);
#18395=CYLINDRICAL_SURFACE('',#18394,5.E-2);
#18396=ORIENTED_EDGE('',*,*,#14344,.F.);
#18397=ORIENTED_EDGE('',*,*,#18386,.T.);
#18398=ORIENTED_EDGE('',*,*,#14481,.T.);
#18400=ORIENTED_EDGE('',*,*,#18399,.F.);
#18401=EDGE_LOOP('',(#18396,#18397,#18398,#18400));
#18402=FACE_OUTER_BOUND('',#18401,.F.);
#18403=ADVANCED_FACE('',(#18402),#18395,.F.);
#18404=CARTESIAN_POINT('',(-6.9E-1,3.377881523859E-1,-7.2E-1));
#18405=DIRECTION('',(0.E0,0.E0,1.E0));
#18406=DIRECTION('',(0.E0,-1.E0,0.E0));
#18407=AXIS2_PLACEMENT_3D('',#18404,#18405,#18406);
#18408=PLANE('',#18407);
#18409=ORIENTED_EDGE('',*,*,#14346,.F.);
#18410=ORIENTED_EDGE('',*,*,#18399,.T.);
#18411=ORIENTED_EDGE('',*,*,#14479,.T.);
#18413=ORIENTED_EDGE('',*,*,#18412,.F.);
#18414=EDGE_LOOP('',(#18409,#18410,#18411,#18413));
#18415=FACE_OUTER_BOUND('',#18414,.F.);
#18416=ADVANCED_FACE('',(#18415),#18408,.T.);
#18417=CARTESIAN_POINT('',(-6.9E-1,1.996831997875E-1,-6.2E-1));
#18418=DIRECTION('',(1.E0,0.E0,0.E0));
#18419=DIRECTION('',(0.E0,0.E0,-1.E0));
#18420=AXIS2_PLACEMENT_3D('',#18417,#18418,#18419);
#18421=CYLINDRICAL_SURFACE('',#18420,1.E-1);
#18422=ORIENTED_EDGE('',*,*,#14348,.F.);
#18423=ORIENTED_EDGE('',*,*,#18412,.T.);
#18424=ORIENTED_EDGE('',*,*,#14477,.T.);
#18425=ORIENTED_EDGE('',*,*,#12985,.F.);
#18426=EDGE_LOOP('',(#18422,#18423,#18424,#18425));
#18427=FACE_OUTER_BOUND('',#18426,.F.);
#18428=ADVANCED_FACE('',(#18427),#18421,.F.);
#18429=CARTESIAN_POINT('',(-1.09E0,5.819238815543E-1,-7.822261184457E-1));
#18430=DIRECTION('',(0.E0,7.071067811865E-1,7.071067811865E-1));
#18431=DIRECTION('',(0.E0,-7.071067811865E-1,7.071067811865E-1));
#18432=AXIS2_PLACEMENT_3D('',#18429,#18430,#18431);
#18433=PLANE('',#18432);
#18434=ORIENTED_EDGE('',*,*,#15765,.T.);
#18435=ORIENTED_EDGE('',*,*,#13910,.T.);
#18437=ORIENTED_EDGE('',*,*,#18436,.F.);
#18438=ORIENTED_EDGE('',*,*,#13759,.F.);
#18439=EDGE_LOOP('',(#18434,#18435,#18437,#18438));
#18440=FACE_OUTER_BOUND('',#18439,.F.);
#18441=ADVANCED_FACE('',(#18440),#18433,.T.);
#18442=CARTESIAN_POINT('',(-1.09E0,4.399921356237E-1,-8.1E-1));
#18443=DIRECTION('',(1.E0,0.E0,0.E0));
#18444=DIRECTION('',(0.E0,0.E0,-1.E0));
#18445=AXIS2_PLACEMENT_3D('',#18442,#18443,#18444);
#18446=CYLINDRICAL_SURFACE('',#18445,1.2E-1);
#18447=ORIENTED_EDGE('',*,*,#13761,.F.);
#18448=ORIENTED_EDGE('',*,*,#18436,.T.);
#18449=ORIENTED_EDGE('',*,*,#13908,.T.);
#18451=ORIENTED_EDGE('',*,*,#18450,.F.);
#18452=EDGE_LOOP('',(#18447,#18448,#18449,#18451));
#18453=FACE_OUTER_BOUND('',#18452,.F.);
#18454=ADVANCED_FACE('',(#18453),#18446,.T.);
#18455=CARTESIAN_POINT('',(-1.09E0,3.895248361990E-1,-7.011282787461E-1));
#18456=DIRECTION('',(0.E0,-4.205608285392E-1,9.072643437821E-1));
#18457=DIRECTION('',(0.E0,-9.072643437821E-1,-4.205608285392E-1));
#18458=AXIS2_PLACEMENT_3D('',#18455,#18456,#18457);
#18459=PLANE('',#18458);
#18460=ORIENTED_EDGE('',*,*,#13763,.F.);
#18461=ORIENTED_EDGE('',*,*,#18450,.T.);
#18462=ORIENTED_EDGE('',*,*,#13906,.T.);
#18464=ORIENTED_EDGE('',*,*,#18463,.F.);
#18465=EDGE_LOOP('',(#18460,#18461,#18462,#18464));
#18466=FACE_OUTER_BOUND('',#18465,.F.);
#18467=ADVANCED_FACE('',(#18466),#18459,.T.);
#18468=CARTESIAN_POINT('',(-1.09E0,3.377881523859E-1,-6.7E-1));
#18469=DIRECTION('',(1.E0,0.E0,0.E0));
#18470=DIRECTION('',(0.E0,0.E0,-1.E0));
#18471=AXIS2_PLACEMENT_3D('',#18468,#18469,#18470);
#18472=CYLINDRICAL_SURFACE('',#18471,5.E-2);
#18473=ORIENTED_EDGE('',*,*,#13765,.F.);
#18474=ORIENTED_EDGE('',*,*,#18463,.T.);
#18475=ORIENTED_EDGE('',*,*,#13904,.T.);
#18477=ORIENTED_EDGE('',*,*,#18476,.F.);
#18478=EDGE_LOOP('',(#18473,#18474,#18475,#18477));
#18479=FACE_OUTER_BOUND('',#18478,.F.);
#18480=ADVANCED_FACE('',(#18479),#18472,.F.);
#18481=CARTESIAN_POINT('',(-1.09E0,3.377881523859E-1,-7.2E-1));
#18482=DIRECTION('',(0.E0,0.E0,1.E0));
#18483=DIRECTION('',(0.E0,-1.E0,0.E0));
#18484=AXIS2_PLACEMENT_3D('',#18481,#18482,#18483);
#18485=PLANE('',#18484);
#18486=ORIENTED_EDGE('',*,*,#13767,.F.);
#18487=ORIENTED_EDGE('',*,*,#18476,.T.);
#18488=ORIENTED_EDGE('',*,*,#13902,.T.);
#18490=ORIENTED_EDGE('',*,*,#18489,.F.);
#18491=EDGE_LOOP('',(#18486,#18487,#18488,#18490));
#18492=FACE_OUTER_BOUND('',#18491,.F.);
#18493=ADVANCED_FACE('',(#18492),#18485,.T.);
#18494=CARTESIAN_POINT('',(-1.09E0,1.996831997875E-1,-6.2E-1));
#18495=DIRECTION('',(1.E0,0.E0,0.E0));
#18496=DIRECTION('',(0.E0,0.E0,-1.E0));
#18497=AXIS2_PLACEMENT_3D('',#18494,#18495,#18496);
#18498=CYLINDRICAL_SURFACE('',#18497,1.E-1);
#18499=ORIENTED_EDGE('',*,*,#13769,.F.);
#18500=ORIENTED_EDGE('',*,*,#18489,.T.);
#18501=ORIENTED_EDGE('',*,*,#13900,.T.);
#18502=ORIENTED_EDGE('',*,*,#12977,.F.);
#18503=EDGE_LOOP('',(#18499,#18500,#18501,#18502));
#18504=FACE_OUTER_BOUND('',#18503,.F.);
#18505=ADVANCED_FACE('',(#18504),#18498,.F.);
#18506=CARTESIAN_POINT('',(-1.49E0,5.819238815543E-1,-7.822261184457E-1));
#18507=DIRECTION('',(0.E0,7.071067811865E-1,7.071067811865E-1));
#18508=DIRECTION('',(0.E0,-7.071067811865E-1,7.071067811865E-1));
#18509=AXIS2_PLACEMENT_3D('',#18506,#18507,#18508);
#18510=PLANE('',#18509);
#18511=ORIENTED_EDGE('',*,*,#15770,.T.);
#18512=ORIENTED_EDGE('',*,*,#13513,.T.);
#18514=ORIENTED_EDGE('',*,*,#18513,.F.);
#18515=ORIENTED_EDGE('',*,*,#13361,.F.);
#18516=EDGE_LOOP('',(#18511,#18512,#18514,#18515));
#18517=FACE_OUTER_BOUND('',#18516,.F.);
#18518=ADVANCED_FACE('',(#18517),#18510,.T.);
#18519=CARTESIAN_POINT('',(-1.49E0,4.399921356237E-1,-8.1E-1));
#18520=DIRECTION('',(1.E0,0.E0,0.E0));
#18521=DIRECTION('',(0.E0,0.E0,-1.E0));
#18522=AXIS2_PLACEMENT_3D('',#18519,#18520,#18521);
#18523=CYLINDRICAL_SURFACE('',#18522,1.2E-1);
#18524=ORIENTED_EDGE('',*,*,#13363,.F.);
#18525=ORIENTED_EDGE('',*,*,#18513,.T.);
#18526=ORIENTED_EDGE('',*,*,#13511,.T.);
#18528=ORIENTED_EDGE('',*,*,#18527,.F.);
#18529=EDGE_LOOP('',(#18524,#18525,#18526,#18528));
#18530=FACE_OUTER_BOUND('',#18529,.F.);
#18531=ADVANCED_FACE('',(#18530),#18523,.T.);
#18532=CARTESIAN_POINT('',(-1.49E0,3.895248361990E-1,-7.011282787461E-1));
#18533=DIRECTION('',(0.E0,-4.205608285392E-1,9.072643437821E-1));
#18534=DIRECTION('',(0.E0,-9.072643437821E-1,-4.205608285392E-1));
#18535=AXIS2_PLACEMENT_3D('',#18532,#18533,#18534);
#18536=PLANE('',#18535);
#18537=ORIENTED_EDGE('',*,*,#13365,.F.);
#18538=ORIENTED_EDGE('',*,*,#18527,.T.);
#18539=ORIENTED_EDGE('',*,*,#13509,.T.);
#18541=ORIENTED_EDGE('',*,*,#18540,.F.);
#18542=EDGE_LOOP('',(#18537,#18538,#18539,#18541));
#18543=FACE_OUTER_BOUND('',#18542,.F.);
#18544=ADVANCED_FACE('',(#18543),#18536,.T.);
#18545=CARTESIAN_POINT('',(-1.49E0,3.377881523859E-1,-6.7E-1));
#18546=DIRECTION('',(1.E0,0.E0,0.E0));
#18547=DIRECTION('',(0.E0,0.E0,-1.E0));
#18548=AXIS2_PLACEMENT_3D('',#18545,#18546,#18547);
#18549=CYLINDRICAL_SURFACE('',#18548,5.E-2);
#18550=ORIENTED_EDGE('',*,*,#13367,.F.);
#18551=ORIENTED_EDGE('',*,*,#18540,.T.);
#18552=ORIENTED_EDGE('',*,*,#13507,.T.);
#18554=ORIENTED_EDGE('',*,*,#18553,.F.);
#18555=EDGE_LOOP('',(#18550,#18551,#18552,#18554));
#18556=FACE_OUTER_BOUND('',#18555,.F.);
#18557=ADVANCED_FACE('',(#18556),#18549,.F.);
#18558=CARTESIAN_POINT('',(-1.49E0,3.377881523859E-1,-7.2E-1));
#18559=DIRECTION('',(0.E0,0.E0,1.E0));
#18560=DIRECTION('',(0.E0,-1.E0,0.E0));
#18561=AXIS2_PLACEMENT_3D('',#18558,#18559,#18560);
#18562=PLANE('',#18561);
#18563=ORIENTED_EDGE('',*,*,#13369,.F.);
#18564=ORIENTED_EDGE('',*,*,#18553,.T.);
#18565=ORIENTED_EDGE('',*,*,#13505,.T.);
#18567=ORIENTED_EDGE('',*,*,#18566,.F.);
#18568=EDGE_LOOP('',(#18563,#18564,#18565,#18567));
#18569=FACE_OUTER_BOUND('',#18568,.F.);
#18570=ADVANCED_FACE('',(#18569),#18562,.T.);
#18571=CARTESIAN_POINT('',(-1.49E0,1.996831997875E-1,-6.2E-1));
#18572=DIRECTION('',(1.E0,0.E0,0.E0));
#18573=DIRECTION('',(0.E0,0.E0,-1.E0));
#18574=AXIS2_PLACEMENT_3D('',#18571,#18572,#18573);
#18575=CYLINDRICAL_SURFACE('',#18574,1.E-1);
#18576=ORIENTED_EDGE('',*,*,#13371,.F.);
#18577=ORIENTED_EDGE('',*,*,#18566,.T.);
#18578=ORIENTED_EDGE('',*,*,#13503,.T.);
#18579=ORIENTED_EDGE('',*,*,#12969,.F.);
#18580=EDGE_LOOP('',(#18576,#18577,#18578,#18579));
#18581=FACE_OUTER_BOUND('',#18580,.F.);
#18582=ADVANCED_FACE('',(#18581),#18575,.F.);
#18583=CARTESIAN_POINT('',(-6.9E-1,4.056930115107E-1,4.296487075815E-1));
#18584=DIRECTION('',(0.E0,-4.430711908242E-1,8.964864303834E-1));
#18585=DIRECTION('',(0.E0,-8.964864303834E-1,-4.430711908242E-1));
#18586=AXIS2_PLACEMENT_3D('',#18583,#18584,#18585);
#18587=PLANE('',#18586);
#18588=ORIENTED_EDGE('',*,*,#15023,.F.);
#18589=ORIENTED_EDGE('',*,*,#14326,.F.);
#18591=ORIENTED_EDGE('',*,*,#18590,.T.);
#18592=ORIENTED_EDGE('',*,*,#14450,.T.);
#18593=EDGE_LOOP('',(#18588,#18589,#18591,#18592));
#18594=FACE_OUTER_BOUND('',#18593,.F.);
#18595=ADVANCED_FACE('',(#18594),#18587,.T.);
#18596=CARTESIAN_POINT('',(-6.9E-1,4.250001400910E-1,4.7E-1));
#18597=DIRECTION('',(0.E0,-9.020586423425E-1,4.316134911876E-1));
#18598=DIRECTION('',(0.E0,-4.316134911876E-1,-9.020586423425E-1));
#18599=AXIS2_PLACEMENT_3D('',#18596,#18597,#18598);
#18600=PLANE('',#18599);
#18601=ORIENTED_EDGE('',*,*,#14324,.F.);
#18603=ORIENTED_EDGE('',*,*,#18602,.T.);
#18604=ORIENTED_EDGE('',*,*,#14452,.T.);
#18605=ORIENTED_EDGE('',*,*,#18590,.F.);
#18606=EDGE_LOOP('',(#18601,#18603,#18604,#18605));
#18607=FACE_OUTER_BOUND('',#18606,.F.);
#18608=ADVANCED_FACE('',(#18607),#18600,.T.);
#18609=CARTESIAN_POINT('',(-6.9E-1,4.950001400910E-1,4.7E-1));
#18610=DIRECTION('',(0.E0,0.E0,1.E0));
#18611=DIRECTION('',(0.E0,-1.E0,0.E0));
#18612=AXIS2_PLACEMENT_3D('',#18609,#18610,#18611);
#18613=PLANE('',#18612);
#18614=ORIENTED_EDGE('',*,*,#14322,.F.);
#18616=ORIENTED_EDGE('',*,*,#18615,.T.);
#18617=ORIENTED_EDGE('',*,*,#14454,.T.);
#18618=ORIENTED_EDGE('',*,*,#18602,.F.);
#18619=EDGE_LOOP('',(#18614,#18616,#18617,#18618));
#18620=FACE_OUTER_BOUND('',#18619,.F.);
#18621=ADVANCED_FACE('',(#18620),#18613,.T.);
#18622=CARTESIAN_POINT('',(-6.9E-1,5.386731828896E-1,3.862284180588E-1));
#18623=DIRECTION('',(0.E0,8.867318288963E-1,4.622841805883E-1));
#18624=DIRECTION('',(0.E0,-4.622841805883E-1,8.867318288963E-1));
#18625=AXIS2_PLACEMENT_3D('',#18622,#18623,#18624);
#18626=PLANE('',#18625);
#18627=ORIENTED_EDGE('',*,*,#14320,.F.);
#18629=ORIENTED_EDGE('',*,*,#18628,.T.);
#18630=ORIENTED_EDGE('',*,*,#14456,.T.);
#18631=ORIENTED_EDGE('',*,*,#18615,.F.);
#18632=EDGE_LOOP('',(#18627,#18629,#18630,#18631));
#18633=FACE_OUTER_BOUND('',#18632,.F.);
#18634=ADVANCED_FACE('',(#18633),#18626,.T.);
#18635=CARTESIAN_POINT('',(-6.9E-1,4.5E-1,3.4E-1));
#18636=DIRECTION('',(1.E0,0.E0,0.E0));
#18637=DIRECTION('',(0.E0,0.E0,-1.E0));
#18638=AXIS2_PLACEMENT_3D('',#18635,#18636,#18637);
#18639=CYLINDRICAL_SURFACE('',#18638,1.E-1);
#18640=ORIENTED_EDGE('',*,*,#15034,.T.);
#18641=ORIENTED_EDGE('',*,*,#14458,.T.);
#18642=ORIENTED_EDGE('',*,*,#18628,.F.);
#18643=ORIENTED_EDGE('',*,*,#14318,.F.);
#18644=EDGE_LOOP('',(#18640,#18641,#18642,#18643));
#18645=FACE_OUTER_BOUND('',#18644,.F.);
#18646=ADVANCED_FACE('',(#18645),#18639,.T.);
#18647=CARTESIAN_POINT('',(-6.9E-1,3.085713471214E-1,3.147202401737E-1));
#18648=DIRECTION('',(0.E0,4.430711908242E-1,-8.964864303834E-1));
#18649=DIRECTION('',(0.E0,8.964864303834E-1,4.430711908242E-1));
#18650=AXIS2_PLACEMENT_3D('',#18647,#18648,#18649);
#18651=PLANE('',#18650);
#18652=ORIENTED_EDGE('',*,*,#15026,.T.);
#18653=ORIENTED_EDGE('',*,*,#14464,.T.);
#18655=ORIENTED_EDGE('',*,*,#18654,.F.);
#18656=ORIENTED_EDGE('',*,*,#14312,.F.);
#18657=EDGE_LOOP('',(#18652,#18653,#18655,#18656));
#18658=FACE_OUTER_BOUND('',#18657,.F.);
#18659=ADVANCED_FACE('',(#18658),#18651,.T.);
#18660=CARTESIAN_POINT('',(-6.9E-1,4.5E-1,3.4E-1));
#18661=DIRECTION('',(1.E0,0.E0,0.E0));
#18662=DIRECTION('',(0.E0,0.E0,-1.E0));
#18663=AXIS2_PLACEMENT_3D('',#18660,#18661,#18662);
#18664=CYLINDRICAL_SURFACE('',#18663,4.E-2);
#18665=ORIENTED_EDGE('',*,*,#14462,.T.);
#18666=ORIENTED_EDGE('',*,*,#15031,.F.);
#18667=ORIENTED_EDGE('',*,*,#14314,.T.);
#18668=ORIENTED_EDGE('',*,*,#18654,.T.);
#18669=EDGE_LOOP('',(#18665,#18666,#18667,#18668));
#18670=FACE_OUTER_BOUND('',#18669,.F.);
#18671=ADVANCED_FACE('',(#18670),#18664,.F.);
#18672=CARTESIAN_POINT('',(-1.09E0,4.056930115107E-1,4.296487075815E-1));
#18673=DIRECTION('',(0.E0,-4.430711908242E-1,8.964864303834E-1));
#18674=DIRECTION('',(0.E0,-8.964864303834E-1,-4.430711908242E-1));
#18675=AXIS2_PLACEMENT_3D('',#18672,#18673,#18674);
#18676=PLANE('',#18675);
#18677=ORIENTED_EDGE('',*,*,#15039,.F.);
#18678=ORIENTED_EDGE('',*,*,#13747,.F.);
#18680=ORIENTED_EDGE('',*,*,#18679,.T.);
#18681=ORIENTED_EDGE('',*,*,#13873,.T.);
#18682=EDGE_LOOP('',(#18677,#18678,#18680,#18681));
#18683=FACE_OUTER_BOUND('',#18682,.F.);
#18684=ADVANCED_FACE('',(#18683),#18676,.T.);
#18685=CARTESIAN_POINT('',(-1.09E0,4.250001400910E-1,4.7E-1));
#18686=DIRECTION('',(0.E0,-9.020586423425E-1,4.316134911876E-1));
#18687=DIRECTION('',(0.E0,-4.316134911876E-1,-9.020586423425E-1));
#18688=AXIS2_PLACEMENT_3D('',#18685,#18686,#18687);
#18689=PLANE('',#18688);
#18690=ORIENTED_EDGE('',*,*,#13745,.F.);
#18692=ORIENTED_EDGE('',*,*,#18691,.T.);
#18693=ORIENTED_EDGE('',*,*,#13875,.T.);
#18694=ORIENTED_EDGE('',*,*,#18679,.F.);
#18695=EDGE_LOOP('',(#18690,#18692,#18693,#18694));
#18696=FACE_OUTER_BOUND('',#18695,.F.);
#18697=ADVANCED_FACE('',(#18696),#18689,.T.);
#18698=CARTESIAN_POINT('',(-1.09E0,4.950001400910E-1,4.7E-1));
#18699=DIRECTION('',(0.E0,0.E0,1.E0));
#18700=DIRECTION('',(0.E0,-1.E0,0.E0));
#18701=AXIS2_PLACEMENT_3D('',#18698,#18699,#18700);
#18702=PLANE('',#18701);
#18703=ORIENTED_EDGE('',*,*,#13743,.F.);
#18705=ORIENTED_EDGE('',*,*,#18704,.T.);
#18706=ORIENTED_EDGE('',*,*,#13877,.T.);
#18707=ORIENTED_EDGE('',*,*,#18691,.F.);
#18708=EDGE_LOOP('',(#18703,#18705,#18706,#18707));
#18709=FACE_OUTER_BOUND('',#18708,.F.);
#18710=ADVANCED_FACE('',(#18709),#18702,.T.);
#18711=CARTESIAN_POINT('',(-1.09E0,5.386731828896E-1,3.862284180588E-1));
#18712=DIRECTION('',(0.E0,8.867318288963E-1,4.622841805883E-1));
#18713=DIRECTION('',(0.E0,-4.622841805883E-1,8.867318288963E-1));
#18714=AXIS2_PLACEMENT_3D('',#18711,#18712,#18713);
#18715=PLANE('',#18714);
#18716=ORIENTED_EDGE('',*,*,#13741,.F.);
#18718=ORIENTED_EDGE('',*,*,#18717,.T.);
#18719=ORIENTED_EDGE('',*,*,#13879,.T.);
#18720=ORIENTED_EDGE('',*,*,#18704,.F.);
#18721=EDGE_LOOP('',(#18716,#18718,#18719,#18720));
#18722=FACE_OUTER_BOUND('',#18721,.F.);
#18723=ADVANCED_FACE('',(#18722),#18715,.T.);
#18724=CARTESIAN_POINT('',(-1.09E0,4.5E-1,3.4E-1));
#18725=DIRECTION('',(1.E0,0.E0,0.E0));
#18726=DIRECTION('',(0.E0,0.E0,-1.E0));
#18727=AXIS2_PLACEMENT_3D('',#18724,#18725,#18726);
#18728=CYLINDRICAL_SURFACE('',#18727,1.E-1);
#18729=ORIENTED_EDGE('',*,*,#15050,.T.);
#18730=ORIENTED_EDGE('',*,*,#13881,.T.);
#18731=ORIENTED_EDGE('',*,*,#18717,.F.);
#18732=ORIENTED_EDGE('',*,*,#13739,.F.);
#18733=EDGE_LOOP('',(#18729,#18730,#18731,#18732));
#18734=FACE_OUTER_BOUND('',#18733,.F.);
#18735=ADVANCED_FACE('',(#18734),#18728,.T.);
#18736=CARTESIAN_POINT('',(-1.09E0,3.085713471214E-1,3.147202401737E-1));
#18737=DIRECTION('',(0.E0,4.430711908242E-1,-8.964864303834E-1));
#18738=DIRECTION('',(0.E0,8.964864303834E-1,4.430711908242E-1));
#18739=AXIS2_PLACEMENT_3D('',#18736,#18737,#18738);
#18740=PLANE('',#18739);
#18741=ORIENTED_EDGE('',*,*,#15042,.T.);
#18742=ORIENTED_EDGE('',*,*,#13887,.T.);
#18744=ORIENTED_EDGE('',*,*,#18743,.F.);
#18745=ORIENTED_EDGE('',*,*,#13733,.F.);
#18746=EDGE_LOOP('',(#18741,#18742,#18744,#18745));
#18747=FACE_OUTER_BOUND('',#18746,.F.);
#18748=ADVANCED_FACE('',(#18747),#18740,.T.);
#18749=CARTESIAN_POINT('',(-1.09E0,4.5E-1,3.4E-1));
#18750=DIRECTION('',(1.E0,0.E0,0.E0));
#18751=DIRECTION('',(0.E0,0.E0,-1.E0));
#18752=AXIS2_PLACEMENT_3D('',#18749,#18750,#18751);
#18753=CYLINDRICAL_SURFACE('',#18752,4.E-2);
#18754=ORIENTED_EDGE('',*,*,#13885,.T.);
#18755=ORIENTED_EDGE('',*,*,#15047,.F.);
#18756=ORIENTED_EDGE('',*,*,#13735,.T.);
#18757=ORIENTED_EDGE('',*,*,#18743,.T.);
#18758=EDGE_LOOP('',(#18754,#18755,#18756,#18757));
#18759=FACE_OUTER_BOUND('',#18758,.F.);
#18760=ADVANCED_FACE('',(#18759),#18753,.F.);
#18761=CARTESIAN_POINT('',(-1.49E0,4.056930115107E-1,4.296487075815E-1));
#18762=DIRECTION('',(0.E0,-4.430711908242E-1,8.964864303834E-1));
#18763=DIRECTION('',(0.E0,-8.964864303834E-1,-4.430711908242E-1));
#18764=AXIS2_PLACEMENT_3D('',#18761,#18762,#18763);
#18765=PLANE('',#18764);
#18766=ORIENTED_EDGE('',*,*,#15055,.F.);
#18767=ORIENTED_EDGE('',*,*,#13349,.F.);
#18769=ORIENTED_EDGE('',*,*,#18768,.T.);
#18770=ORIENTED_EDGE('',*,*,#13476,.T.);
#18771=EDGE_LOOP('',(#18766,#18767,#18769,#18770));
#18772=FACE_OUTER_BOUND('',#18771,.F.);
#18773=ADVANCED_FACE('',(#18772),#18765,.T.);
#18774=CARTESIAN_POINT('',(-1.49E0,4.250001400910E-1,4.7E-1));
#18775=DIRECTION('',(0.E0,-9.020586423425E-1,4.316134911876E-1));
#18776=DIRECTION('',(0.E0,-4.316134911876E-1,-9.020586423425E-1));
#18777=AXIS2_PLACEMENT_3D('',#18774,#18775,#18776);
#18778=PLANE('',#18777);
#18779=ORIENTED_EDGE('',*,*,#13347,.F.);
#18781=ORIENTED_EDGE('',*,*,#18780,.T.);
#18782=ORIENTED_EDGE('',*,*,#13478,.T.);
#18783=ORIENTED_EDGE('',*,*,#18768,.F.);
#18784=EDGE_LOOP('',(#18779,#18781,#18782,#18783));
#18785=FACE_OUTER_BOUND('',#18784,.F.);
#18786=ADVANCED_FACE('',(#18785),#18778,.T.);
#18787=CARTESIAN_POINT('',(-1.49E0,4.950001400910E-1,4.7E-1));
#18788=DIRECTION('',(0.E0,0.E0,1.E0));
#18789=DIRECTION('',(0.E0,-1.E0,0.E0));
#18790=AXIS2_PLACEMENT_3D('',#18787,#18788,#18789);
#18791=PLANE('',#18790);
#18792=ORIENTED_EDGE('',*,*,#13345,.F.);
#18794=ORIENTED_EDGE('',*,*,#18793,.T.);
#18795=ORIENTED_EDGE('',*,*,#13480,.T.);
#18796=ORIENTED_EDGE('',*,*,#18780,.F.);
#18797=EDGE_LOOP('',(#18792,#18794,#18795,#18796));
#18798=FACE_OUTER_BOUND('',#18797,.F.);
#18799=ADVANCED_FACE('',(#18798),#18791,.T.);
#18800=CARTESIAN_POINT('',(-1.49E0,5.386731828896E-1,3.862284180588E-1));
#18801=DIRECTION('',(0.E0,8.867318288963E-1,4.622841805883E-1));
#18802=DIRECTION('',(0.E0,-4.622841805883E-1,8.867318288963E-1));
#18803=AXIS2_PLACEMENT_3D('',#18800,#18801,#18802);
#18804=PLANE('',#18803);
#18805=ORIENTED_EDGE('',*,*,#13343,.F.);
#18807=ORIENTED_EDGE('',*,*,#18806,.T.);
#18808=ORIENTED_EDGE('',*,*,#13482,.T.);
#18809=ORIENTED_EDGE('',*,*,#18793,.F.);
#18810=EDGE_LOOP('',(#18805,#18807,#18808,#18809));
#18811=FACE_OUTER_BOUND('',#18810,.F.);
#18812=ADVANCED_FACE('',(#18811),#18804,.T.);
#18813=CARTESIAN_POINT('',(-1.49E0,4.5E-1,3.4E-1));
#18814=DIRECTION('',(1.E0,0.E0,0.E0));
#18815=DIRECTION('',(0.E0,0.E0,-1.E0));
#18816=AXIS2_PLACEMENT_3D('',#18813,#18814,#18815);
#18817=CYLINDRICAL_SURFACE('',#18816,1.E-1);
#18818=ORIENTED_EDGE('',*,*,#15066,.T.);
#18819=ORIENTED_EDGE('',*,*,#13484,.T.);
#18820=ORIENTED_EDGE('',*,*,#18806,.F.);
#18821=ORIENTED_EDGE('',*,*,#13341,.F.);
#18822=EDGE_LOOP('',(#18818,#18819,#18820,#18821));
#18823=FACE_OUTER_BOUND('',#18822,.F.);
#18824=ADVANCED_FACE('',(#18823),#18817,.T.);
#18825=CARTESIAN_POINT('',(-1.49E0,3.085713471214E-1,3.147202401737E-1));
#18826=DIRECTION('',(0.E0,4.430711908242E-1,-8.964864303834E-1));
#18827=DIRECTION('',(0.E0,8.964864303834E-1,4.430711908242E-1));
#18828=AXIS2_PLACEMENT_3D('',#18825,#18826,#18827);
#18829=PLANE('',#18828);
#18830=ORIENTED_EDGE('',*,*,#15058,.T.);
#18831=ORIENTED_EDGE('',*,*,#13490,.T.);
#18833=ORIENTED_EDGE('',*,*,#18832,.F.);
#18834=ORIENTED_EDGE('',*,*,#13335,.F.);
#18835=EDGE_LOOP('',(#18830,#18831,#18833,#18834));
#18836=FACE_OUTER_BOUND('',#18835,.F.);
#18837=ADVANCED_FACE('',(#18836),#18829,.T.);
#18838=CARTESIAN_POINT('',(-1.49E0,4.5E-1,3.4E-1));
#18839=DIRECTION('',(1.E0,0.E0,0.E0));
#18840=DIRECTION('',(0.E0,0.E0,-1.E0));
#18841=AXIS2_PLACEMENT_3D('',#18838,#18839,#18840);
#18842=CYLINDRICAL_SURFACE('',#18841,4.E-2);
#18843=ORIENTED_EDGE('',*,*,#13488,.T.);
#18844=ORIENTED_EDGE('',*,*,#15063,.F.);
#18845=ORIENTED_EDGE('',*,*,#13337,.T.);
#18846=ORIENTED_EDGE('',*,*,#18832,.T.);
#18847=EDGE_LOOP('',(#18843,#18844,#18845,#18846));
#18848=FACE_OUTER_BOUND('',#18847,.F.);
#18849=ADVANCED_FACE('',(#18848),#18842,.F.);
#18850=CARTESIAN_POINT('',(-6.9E-1,4.322771523670E-1,-3.758594572153E-1));
#18851=DIRECTION('',(0.E0,4.430711908242E-1,8.964864303834E-1));
#18852=DIRECTION('',(0.E0,-8.964864303834E-1,4.430711908242E-1));
#18853=AXIS2_PLACEMENT_3D('',#18850,#18851,#18852);
#18854=PLANE('',#18853);
#18855=ORIENTED_EDGE('',*,*,#14721,.F.);
#18856=ORIENTED_EDGE('',*,*,#14300,.F.);
#18858=ORIENTED_EDGE('',*,*,#18857,.T.);
#18859=ORIENTED_EDGE('',*,*,#14424,.T.);
#18860=EDGE_LOOP('',(#18855,#18856,#18858,#18859));
#18861=FACE_OUTER_BOUND('',#18860,.F.);
#18862=ADVANCED_FACE('',(#18861),#18854,.T.);
#18863=CARTESIAN_POINT('',(-6.9E-1,4.5E-1,-3.4E-1));
#18864=DIRECTION('',(1.E0,0.E0,0.E0));
#18865=DIRECTION('',(0.E0,0.E0,-1.E0));
#18866=AXIS2_PLACEMENT_3D('',#18863,#18864,#18865);
#18867=CYLINDRICAL_SURFACE('',#18866,4.E-2);
#18868=ORIENTED_EDGE('',*,*,#14426,.T.);
#18869=ORIENTED_EDGE('',*,*,#18857,.F.);
#18870=ORIENTED_EDGE('',*,*,#14298,.T.);
#18871=ORIENTED_EDGE('',*,*,#14732,.T.);
#18872=EDGE_LOOP('',(#18868,#18869,#18870,#18871));
#18873=FACE_OUTER_BOUND('',#18872,.F.);
#18874=ADVANCED_FACE('',(#18873),#18867,.F.);
#18875=CARTESIAN_POINT('',(-6.9E-1,2.850030229848E-1,-3.7E-1));
#18876=DIRECTION('',(0.E0,-4.430711908242E-1,-8.964864303834E-1));
#18877=DIRECTION('',(0.E0,8.964864303834E-1,-4.430711908242E-1));
#18878=AXIS2_PLACEMENT_3D('',#18875,#18876,#18877);
#18879=PLANE('',#18878);
#18880=ORIENTED_EDGE('',*,*,#14724,.T.);
#18881=ORIENTED_EDGE('',*,*,#14438,.T.);
#18883=ORIENTED_EDGE('',*,*,#18882,.F.);
#18884=ORIENTED_EDGE('',*,*,#14286,.F.);
#18885=EDGE_LOOP('',(#18880,#18881,#18883,#18884));
#18886=FACE_OUTER_BOUND('',#18885,.F.);
#18887=ADVANCED_FACE('',(#18886),#18879,.T.);
#18888=CARTESIAN_POINT('',(-6.9E-1,4.056930115107E-1,-4.296487075815E-1));
#18889=DIRECTION('',(0.E0,-9.020586423425E-1,-4.316134911876E-1));
#18890=DIRECTION('',(0.E0,4.316134911876E-1,-9.020586423425E-1));
#18891=AXIS2_PLACEMENT_3D('',#18888,#18889,#18890);
#18892=PLANE('',#18891);
#18893=ORIENTED_EDGE('',*,*,#14288,.F.);
#18894=ORIENTED_EDGE('',*,*,#18882,.T.);
#18895=ORIENTED_EDGE('',*,*,#14436,.T.);
#18897=ORIENTED_EDGE('',*,*,#18896,.F.);
#18898=EDGE_LOOP('',(#18893,#18894,#18895,#18897));
#18899=FACE_OUTER_BOUND('',#18898,.F.);
#18900=ADVANCED_FACE('',(#18899),#18892,.T.);
#18901=CARTESIAN_POINT('',(-6.9E-1,4.250001400910E-1,-4.7E-1));
#18902=DIRECTION('',(0.E0,0.E0,-1.E0));
#18903=DIRECTION('',(0.E0,1.E0,0.E0));
#18904=AXIS2_PLACEMENT_3D('',#18901,#18902,#18903);
#18905=PLANE('',#18904);
#18906=ORIENTED_EDGE('',*,*,#14290,.F.);
#18907=ORIENTED_EDGE('',*,*,#18896,.T.);
#18908=ORIENTED_EDGE('',*,*,#14434,.T.);
#18910=ORIENTED_EDGE('',*,*,#18909,.F.);
#18911=EDGE_LOOP('',(#18906,#18907,#18908,#18910));
#18912=FACE_OUTER_BOUND('',#18911,.F.);
#18913=ADVANCED_FACE('',(#18912),#18905,.T.);
#18914=CARTESIAN_POINT('',(-6.9E-1,4.950001400910E-1,-4.7E-1));
#18915=DIRECTION('',(0.E0,8.867318288963E-1,-4.622841805883E-1));
#18916=DIRECTION('',(0.E0,4.622841805883E-1,8.867318288963E-1));
#18917=AXIS2_PLACEMENT_3D('',#18914,#18915,#18916);
#18918=PLANE('',#18917);
#18919=ORIENTED_EDGE('',*,*,#14292,.F.);
#18920=ORIENTED_EDGE('',*,*,#18909,.T.);
#18921=ORIENTED_EDGE('',*,*,#14432,.T.);
#18923=ORIENTED_EDGE('',*,*,#18922,.F.);
#18924=EDGE_LOOP('',(#18919,#18920,#18921,#18923));
#18925=FACE_OUTER_BOUND('',#18924,.F.);
#18926=ADVANCED_FACE('',(#18925),#18918,.T.);
#18927=CARTESIAN_POINT('',(-6.9E-1,4.5E-1,-3.4E-1));
#18928=DIRECTION('',(1.E0,0.E0,0.E0));
#18929=DIRECTION('',(0.E0,0.E0,-1.E0));
#18930=AXIS2_PLACEMENT_3D('',#18927,#18928,#18929);
#18931=CYLINDRICAL_SURFACE('',#18930,1.E-1);
#18932=ORIENTED_EDGE('',*,*,#14729,.F.);
#18933=ORIENTED_EDGE('',*,*,#14294,.F.);
#18934=ORIENTED_EDGE('',*,*,#18922,.T.);
#18935=ORIENTED_EDGE('',*,*,#14430,.T.);
#18936=EDGE_LOOP('',(#18932,#18933,#18934,#18935));
#18937=FACE_OUTER_BOUND('',#18936,.F.);
#18938=ADVANCED_FACE('',(#18937),#18931,.T.);
#18939=CARTESIAN_POINT('',(-1.09E0,4.322771523670E-1,-3.758594572153E-1));
#18940=DIRECTION('',(0.E0,4.430711908242E-1,8.964864303834E-1));
#18941=DIRECTION('',(0.E0,-8.964864303834E-1,4.430711908242E-1));
#18942=AXIS2_PLACEMENT_3D('',#18939,#18940,#18941);
#18943=PLANE('',#18942);
#18944=ORIENTED_EDGE('',*,*,#14737,.F.);
#18945=ORIENTED_EDGE('',*,*,#13721,.F.);
#18947=ORIENTED_EDGE('',*,*,#18946,.T.);
#18948=ORIENTED_EDGE('',*,*,#13847,.T.);
#18949=EDGE_LOOP('',(#18944,#18945,#18947,#18948));
#18950=FACE_OUTER_BOUND('',#18949,.F.);
#18951=ADVANCED_FACE('',(#18950),#18943,.T.);
#18952=CARTESIAN_POINT('',(-1.09E0,4.5E-1,-3.4E-1));
#18953=DIRECTION('',(1.E0,0.E0,0.E0));
#18954=DIRECTION('',(0.E0,0.E0,-1.E0));
#18955=AXIS2_PLACEMENT_3D('',#18952,#18953,#18954);
#18956=CYLINDRICAL_SURFACE('',#18955,4.E-2);
#18957=ORIENTED_EDGE('',*,*,#13849,.T.);
#18958=ORIENTED_EDGE('',*,*,#18946,.F.);
#18959=ORIENTED_EDGE('',*,*,#13719,.T.);
#18960=ORIENTED_EDGE('',*,*,#14748,.T.);
#18961=EDGE_LOOP('',(#18957,#18958,#18959,#18960));
#18962=FACE_OUTER_BOUND('',#18961,.F.);
#18963=ADVANCED_FACE('',(#18962),#18956,.F.);
#18964=CARTESIAN_POINT('',(-1.09E0,2.850030229848E-1,-3.7E-1));
#18965=DIRECTION('',(0.E0,-4.430711908242E-1,-8.964864303834E-1));
#18966=DIRECTION('',(0.E0,8.964864303834E-1,-4.430711908242E-1));
#18967=AXIS2_PLACEMENT_3D('',#18964,#18965,#18966);
#18968=PLANE('',#18967);
#18969=ORIENTED_EDGE('',*,*,#14740,.T.);
#18970=ORIENTED_EDGE('',*,*,#13861,.T.);
#18972=ORIENTED_EDGE('',*,*,#18971,.F.);
#18973=ORIENTED_EDGE('',*,*,#13707,.F.);
#18974=EDGE_LOOP('',(#18969,#18970,#18972,#18973));
#18975=FACE_OUTER_BOUND('',#18974,.F.);
#18976=ADVANCED_FACE('',(#18975),#18968,.T.);
#18977=CARTESIAN_POINT('',(-1.09E0,4.056930115107E-1,-4.296487075815E-1));
#18978=DIRECTION('',(0.E0,-9.020586423425E-1,-4.316134911876E-1));
#18979=DIRECTION('',(0.E0,4.316134911876E-1,-9.020586423425E-1));
#18980=AXIS2_PLACEMENT_3D('',#18977,#18978,#18979);
#18981=PLANE('',#18980);
#18982=ORIENTED_EDGE('',*,*,#13709,.F.);
#18983=ORIENTED_EDGE('',*,*,#18971,.T.);
#18984=ORIENTED_EDGE('',*,*,#13859,.T.);
#18986=ORIENTED_EDGE('',*,*,#18985,.F.);
#18987=EDGE_LOOP('',(#18982,#18983,#18984,#18986));
#18988=FACE_OUTER_BOUND('',#18987,.F.);
#18989=ADVANCED_FACE('',(#18988),#18981,.T.);
#18990=CARTESIAN_POINT('',(-1.09E0,4.250001400910E-1,-4.7E-1));
#18991=DIRECTION('',(0.E0,0.E0,-1.E0));
#18992=DIRECTION('',(0.E0,1.E0,0.E0));
#18993=AXIS2_PLACEMENT_3D('',#18990,#18991,#18992);
#18994=PLANE('',#18993);
#18995=ORIENTED_EDGE('',*,*,#13711,.F.);
#18996=ORIENTED_EDGE('',*,*,#18985,.T.);
#18997=ORIENTED_EDGE('',*,*,#13857,.T.);
#18999=ORIENTED_EDGE('',*,*,#18998,.F.);
#19000=EDGE_LOOP('',(#18995,#18996,#18997,#18999));
#19001=FACE_OUTER_BOUND('',#19000,.F.);
#19002=ADVANCED_FACE('',(#19001),#18994,.T.);
#19003=CARTESIAN_POINT('',(-1.09E0,4.950001400910E-1,-4.7E-1));
#19004=DIRECTION('',(0.E0,8.867318288963E-1,-4.622841805883E-1));
#19005=DIRECTION('',(0.E0,4.622841805883E-1,8.867318288963E-1));
#19006=AXIS2_PLACEMENT_3D('',#19003,#19004,#19005);
#19007=PLANE('',#19006);
#19008=ORIENTED_EDGE('',*,*,#13713,.F.);
#19009=ORIENTED_EDGE('',*,*,#18998,.T.);
#19010=ORIENTED_EDGE('',*,*,#13855,.T.);
#19012=ORIENTED_EDGE('',*,*,#19011,.F.);
#19013=EDGE_LOOP('',(#19008,#19009,#19010,#19012));
#19014=FACE_OUTER_BOUND('',#19013,.F.);
#19015=ADVANCED_FACE('',(#19014),#19007,.T.);
#19016=CARTESIAN_POINT('',(-1.09E0,4.5E-1,-3.4E-1));
#19017=DIRECTION('',(1.E0,0.E0,0.E0));
#19018=DIRECTION('',(0.E0,0.E0,-1.E0));
#19019=AXIS2_PLACEMENT_3D('',#19016,#19017,#19018);
#19020=CYLINDRICAL_SURFACE('',#19019,1.E-1);
#19021=ORIENTED_EDGE('',*,*,#14745,.F.);
#19022=ORIENTED_EDGE('',*,*,#13715,.F.);
#19023=ORIENTED_EDGE('',*,*,#19011,.T.);
#19024=ORIENTED_EDGE('',*,*,#13853,.T.);
#19025=EDGE_LOOP('',(#19021,#19022,#19023,#19024));
#19026=FACE_OUTER_BOUND('',#19025,.F.);
#19027=ADVANCED_FACE('',(#19026),#19020,.T.);
#19028=CARTESIAN_POINT('',(-1.49E0,4.322771523670E-1,-3.758594572153E-1));
#19029=DIRECTION('',(0.E0,4.430711908242E-1,8.964864303834E-1));
#19030=DIRECTION('',(0.E0,-8.964864303834E-1,4.430711908242E-1));
#19031=AXIS2_PLACEMENT_3D('',#19028,#19029,#19030);
#19032=PLANE('',#19031);
#19033=ORIENTED_EDGE('',*,*,#14753,.F.);
#19034=ORIENTED_EDGE('',*,*,#13323,.F.);
#19036=ORIENTED_EDGE('',*,*,#19035,.T.);
#19037=ORIENTED_EDGE('',*,*,#13450,.T.);
#19038=EDGE_LOOP('',(#19033,#19034,#19036,#19037));
#19039=FACE_OUTER_BOUND('',#19038,.F.);
#19040=ADVANCED_FACE('',(#19039),#19032,.T.);
#19041=CARTESIAN_POINT('',(-1.49E0,4.5E-1,-3.4E-1));
#19042=DIRECTION('',(1.E0,0.E0,0.E0));
#19043=DIRECTION('',(0.E0,0.E0,-1.E0));
#19044=AXIS2_PLACEMENT_3D('',#19041,#19042,#19043);
#19045=CYLINDRICAL_SURFACE('',#19044,4.E-2);
#19046=ORIENTED_EDGE('',*,*,#13452,.T.);
#19047=ORIENTED_EDGE('',*,*,#19035,.F.);
#19048=ORIENTED_EDGE('',*,*,#13321,.T.);
#19049=ORIENTED_EDGE('',*,*,#14764,.T.);
#19050=EDGE_LOOP('',(#19046,#19047,#19048,#19049));
#19051=FACE_OUTER_BOUND('',#19050,.F.);
#19052=ADVANCED_FACE('',(#19051),#19045,.F.);
#19053=CARTESIAN_POINT('',(-1.49E0,2.850030229848E-1,-3.7E-1));
#19054=DIRECTION('',(0.E0,-4.430711908242E-1,-8.964864303834E-1));
#19055=DIRECTION('',(0.E0,8.964864303834E-1,-4.430711908242E-1));
#19056=AXIS2_PLACEMENT_3D('',#19053,#19054,#19055);
#19057=PLANE('',#19056);
#19058=ORIENTED_EDGE('',*,*,#14756,.T.);
#19059=ORIENTED_EDGE('',*,*,#13464,.T.);
#19061=ORIENTED_EDGE('',*,*,#19060,.F.);
#19062=ORIENTED_EDGE('',*,*,#13309,.F.);
#19063=EDGE_LOOP('',(#19058,#19059,#19061,#19062));
#19064=FACE_OUTER_BOUND('',#19063,.F.);
#19065=ADVANCED_FACE('',(#19064),#19057,.T.);
#19066=CARTESIAN_POINT('',(-1.49E0,4.056930115107E-1,-4.296487075815E-1));
#19067=DIRECTION('',(0.E0,-9.020586423425E-1,-4.316134911876E-1));
#19068=DIRECTION('',(0.E0,4.316134911876E-1,-9.020586423425E-1));
#19069=AXIS2_PLACEMENT_3D('',#19066,#19067,#19068);
#19070=PLANE('',#19069);
#19071=ORIENTED_EDGE('',*,*,#13311,.F.);
#19072=ORIENTED_EDGE('',*,*,#19060,.T.);
#19073=ORIENTED_EDGE('',*,*,#13462,.T.);
#19075=ORIENTED_EDGE('',*,*,#19074,.F.);
#19076=EDGE_LOOP('',(#19071,#19072,#19073,#19075));
#19077=FACE_OUTER_BOUND('',#19076,.F.);
#19078=ADVANCED_FACE('',(#19077),#19070,.T.);
#19079=CARTESIAN_POINT('',(-1.49E0,4.250001400910E-1,-4.7E-1));
#19080=DIRECTION('',(0.E0,0.E0,-1.E0));
#19081=DIRECTION('',(0.E0,1.E0,0.E0));
#19082=AXIS2_PLACEMENT_3D('',#19079,#19080,#19081);
#19083=PLANE('',#19082);
#19084=ORIENTED_EDGE('',*,*,#13313,.F.);
#19085=ORIENTED_EDGE('',*,*,#19074,.T.);
#19086=ORIENTED_EDGE('',*,*,#13460,.T.);
#19088=ORIENTED_EDGE('',*,*,#19087,.F.);
#19089=EDGE_LOOP('',(#19084,#19085,#19086,#19088));
#19090=FACE_OUTER_BOUND('',#19089,.F.);
#19091=ADVANCED_FACE('',(#19090),#19083,.T.);
#19092=CARTESIAN_POINT('',(-1.49E0,4.950001400910E-1,-4.7E-1));
#19093=DIRECTION('',(0.E0,8.867318288963E-1,-4.622841805883E-1));
#19094=DIRECTION('',(0.E0,4.622841805883E-1,8.867318288963E-1));
#19095=AXIS2_PLACEMENT_3D('',#19092,#19093,#19094);
#19096=PLANE('',#19095);
#19097=ORIENTED_EDGE('',*,*,#13315,.F.);
#19098=ORIENTED_EDGE('',*,*,#19087,.T.);
#19099=ORIENTED_EDGE('',*,*,#13458,.T.);
#19101=ORIENTED_EDGE('',*,*,#19100,.F.);
#19102=EDGE_LOOP('',(#19097,#19098,#19099,#19101));
#19103=FACE_OUTER_BOUND('',#19102,.F.);
#19104=ADVANCED_FACE('',(#19103),#19096,.T.);
#19105=CARTESIAN_POINT('',(-1.49E0,4.5E-1,-3.4E-1));
#19106=DIRECTION('',(1.E0,0.E0,0.E0));
#19107=DIRECTION('',(0.E0,0.E0,-1.E0));
#19108=AXIS2_PLACEMENT_3D('',#19105,#19106,#19107);
#19109=CYLINDRICAL_SURFACE('',#19108,1.E-1);
#19110=ORIENTED_EDGE('',*,*,#14761,.F.);
#19111=ORIENTED_EDGE('',*,*,#13317,.F.);
#19112=ORIENTED_EDGE('',*,*,#19100,.T.);
#19113=ORIENTED_EDGE('',*,*,#13456,.T.);
#19114=EDGE_LOOP('',(#19110,#19111,#19112,#19113));
#19115=FACE_OUTER_BOUND('',#19114,.F.);
#19116=ADVANCED_FACE('',(#19115),#19109,.T.);
#19117=CARTESIAN_POINT('',(-1.49E0,1.897179320238E-1,4.5E-1));
#19118=DIRECTION('',(1.E0,0.E0,0.E0));
#19119=DIRECTION('',(0.E0,0.E0,-1.E0));
#19120=AXIS2_PLACEMENT_3D('',#19117,#19118,#19119);
#19121=CYLINDRICAL_SURFACE('',#19120,8.E-2);
#19122=ORIENTED_EDGE('',*,*,#14066,.T.);
#19123=ORIENTED_EDGE('',*,*,#13421,.T.);
#19125=ORIENTED_EDGE('',*,*,#19124,.F.);
#19126=ORIENTED_EDGE('',*,*,#13280,.F.);
#19127=EDGE_LOOP('',(#19122,#19123,#19125,#19126));
#19128=FACE_OUTER_BOUND('',#19127,.F.);
#19129=ADVANCED_FACE('',(#19128),#19121,.F.);
#19130=CARTESIAN_POINT('',(-1.49E0,1.098579106768E-1,4.452695676255E-1));
#19131=DIRECTION('',(0.E0,9.982502668381E-1,5.913040468104E-2));
#19132=DIRECTION('',(0.E0,-5.913040468104E-2,9.982502668381E-1));
#19133=AXIS2_PLACEMENT_3D('',#19130,#19131,#19132);
#19134=PLANE('',#19133);
#19135=ORIENTED_EDGE('',*,*,#13104,.F.);
#19136=ORIENTED_EDGE('',*,*,#13282,.F.);
#19137=ORIENTED_EDGE('',*,*,#19124,.T.);
#19138=ORIENTED_EDGE('',*,*,#13419,.T.);
#19139=EDGE_LOOP('',(#19135,#19136,#19137,#19138));
#19140=FACE_OUTER_BOUND('',#19139,.F.);
#19141=ADVANCED_FACE('',(#19140),#19134,.T.);
#19142=CARTESIAN_POINT('',(2.355E0,6.4E-1,8.35E-1));
#19143=DIRECTION('',(1.E0,0.E0,0.E0));
#19144=DIRECTION('',(0.E0,0.E0,-1.E0));
#19145=AXIS2_PLACEMENT_3D('',#19142,#19143,#19144);
#19146=PLANE('',#19145);
#19147=ORIENTED_EDGE('',*,*,#10847,.T.);
#19149=ORIENTED_EDGE('',*,*,#19148,.T.);
#19150=ORIENTED_EDGE('',*,*,#13033,.T.);
#19151=ORIENTED_EDGE('',*,*,#11127,.F.);
#19152=EDGE_LOOP('',(#19147,#19149,#19150,#19151));
#19153=FACE_OUTER_BOUND('',#19152,.F.);
#19154=ADVANCED_FACE('',(#19153),#19146,.F.);
#19155=CARTESIAN_POINT('',(1.655E0,6.4E-1,8.35E-1));
#19156=DIRECTION('',(0.E0,0.E0,1.E0));
#19157=DIRECTION('',(1.E0,0.E0,0.E0));
#19158=AXIS2_PLACEMENT_3D('',#19155,#19156,#19157);
#19159=PLANE('',#19158);
#19161=ORIENTED_EDGE('',*,*,#19160,.F.);
#19162=ORIENTED_EDGE('',*,*,#11293,.T.);
#19163=ORIENTED_EDGE('',*,*,#13035,.T.);
#19164=ORIENTED_EDGE('',*,*,#19148,.F.);
#19165=ORIENTED_EDGE('',*,*,#10845,.T.);
#19167=ORIENTED_EDGE('',*,*,#19166,.F.);
#19168=EDGE_LOOP('',(#19161,#19162,#19163,#19164,#19165,#19167));
#19169=FACE_OUTER_BOUND('',#19168,.F.);
#19170=ADVANCED_FACE('',(#19169),#19159,.F.);
#19171=CARTESIAN_POINT('',(1.655E0,5.5E-1,1.22E0));
#19172=DIRECTION('',(0.E0,-1.E0,0.E0));
#19173=DIRECTION('',(1.E0,0.E0,0.E0));
#19174=AXIS2_PLACEMENT_3D('',#19171,#19172,#19173);
#19175=PLANE('',#19174);
#19177=ORIENTED_EDGE('',*,*,#19176,.T.);
#19178=ORIENTED_EDGE('',*,*,#11295,.T.);
#19179=ORIENTED_EDGE('',*,*,#19160,.T.);
#19181=ORIENTED_EDGE('',*,*,#19180,.F.);
#19182=EDGE_LOOP('',(#19177,#19178,#19179,#19181));
#19183=FACE_OUTER_BOUND('',#19182,.F.);
#19184=ADVANCED_FACE('',(#19183),#19175,.F.);
#19185=CARTESIAN_POINT('',(1.9675E0,4.65E-1,9.56E-1));
#19186=DIRECTION('',(0.E0,3.713906763541E-1,9.284766908853E-1));
#19187=DIRECTION('',(0.E0,9.284766908853E-1,-3.713906763541E-1));
#19188=AXIS2_PLACEMENT_3D('',#19185,#19186,#19187);
#19189=PLANE('',#19188);
#19191=ORIENTED_EDGE('',*,*,#19190,.T.);
#19192=ORIENTED_EDGE('',*,*,#10841,.F.);
#19194=ORIENTED_EDGE('',*,*,#19193,.T.);
#19196=ORIENTED_EDGE('',*,*,#19195,.T.);
#19198=ORIENTED_EDGE('',*,*,#19197,.T.);
#19199=ORIENTED_EDGE('',*,*,#11192,.T.);
#19200=ORIENTED_EDGE('',*,*,#11269,.T.);
#19201=ORIENTED_EDGE('',*,*,#19176,.F.);
#19202=EDGE_LOOP('',(#19191,#19192,#19194,#19196,#19198,#19199,#19200,#19201));
#19203=FACE_OUTER_BOUND('',#19202,.F.);
#19204=ADVANCED_FACE('',(#19203),#19189,.T.);
#19205=CARTESIAN_POINT('',(2.085E0,5.5E-1,1.22E0));
#19206=DIRECTION('',(-7.071067811866E-1,-7.071067811865E-1,0.E0));
#19207=DIRECTION('',(7.071067811865E-1,-7.071067811866E-1,0.E0));
#19208=AXIS2_PLACEMENT_3D('',#19205,#19206,#19207);
#19209=PLANE('',#19208);
#19210=ORIENTED_EDGE('',*,*,#19190,.F.);
#19211=ORIENTED_EDGE('',*,*,#19180,.T.);
#19212=ORIENTED_EDGE('',*,*,#19166,.T.);
#19213=ORIENTED_EDGE('',*,*,#10843,.F.);
#19214=EDGE_LOOP('',(#19210,#19211,#19212,#19213));
#19215=FACE_OUTER_BOUND('',#19214,.F.);
#19216=ADVANCED_FACE('',(#19215),#19209,.F.);
#19217=CARTESIAN_POINT('',(2.43E0,4.8E-1,1.11E0));
#19218=DIRECTION('',(1.E0,0.E0,0.E0));
#19219=DIRECTION('',(0.E0,0.E0,-1.E0));
#19220=AXIS2_PLACEMENT_3D('',#19217,#19218,#19219);
#19221=PLANE('',#19220);
#19223=ORIENTED_EDGE('',*,*,#19222,.T.);
#19224=ORIENTED_EDGE('',*,*,#10835,.T.);
#19226=ORIENTED_EDGE('',*,*,#19225,.T.);
#19227=ORIENTED_EDGE('',*,*,#11456,.T.);
#19229=ORIENTED_EDGE('',*,*,#19228,.F.);
#19230=ORIENTED_EDGE('',*,*,#19193,.F.);
#19231=ORIENTED_EDGE('',*,*,#10839,.T.);
#19233=ORIENTED_EDGE('',*,*,#19232,.F.);
#19235=ORIENTED_EDGE('',*,*,#19234,.T.);
#19236=EDGE_LOOP('',(#19223,#19224,#19226,#19227,#19229,#19230,#19231,#19233,
#19235));
#19237=FACE_OUTER_BOUND('',#19236,.F.);
#19238=ADVANCED_FACE('',(#19237),#19221,.F.);
#19239=CARTESIAN_POINT('',(2.12E0,6.E-1,1.1E0));
#19240=DIRECTION('',(0.E0,0.E0,1.E0));
#19241=DIRECTION('',(1.E0,0.E0,0.E0));
#19242=AXIS2_PLACEMENT_3D('',#19239,#19240,#19241);
#19243=PLANE('',#19242);
#19245=ORIENTED_EDGE('',*,*,#19244,.T.);
#19247=ORIENTED_EDGE('',*,*,#19246,.T.);
#19248=ORIENTED_EDGE('',*,*,#11003,.F.);
#19250=ORIENTED_EDGE('',*,*,#19249,.F.);
#19252=ORIENTED_EDGE('',*,*,#19251,.T.);
#19254=ORIENTED_EDGE('',*,*,#19253,.F.);
#19256=ORIENTED_EDGE('',*,*,#19255,.F.);
#19258=ORIENTED_EDGE('',*,*,#19257,.F.);
#19260=ORIENTED_EDGE('',*,*,#19259,.T.);
#19262=ORIENTED_EDGE('',*,*,#19261,.T.);
#19264=ORIENTED_EDGE('',*,*,#19263,.F.);
#19265=ORIENTED_EDGE('',*,*,#19222,.F.);
#19267=ORIENTED_EDGE('',*,*,#19266,.F.);
#19268=EDGE_LOOP('',(#19245,#19247,#19248,#19250,#19252,#19254,#19256,#19258,
#19260,#19262,#19264,#19265,#19267));
#19269=FACE_OUTER_BOUND('',#19268,.F.);
#19270=ADVANCED_FACE('',(#19269),#19243,.T.);
#19271=CARTESIAN_POINT('',(2.295E0,1.4E-1,1.1E0));
#19272=DIRECTION('',(1.E0,0.E0,0.E0));
#19273=DIRECTION('',(0.E0,1.E0,0.E0));
#19274=AXIS2_PLACEMENT_3D('',#19271,#19272,#19273);
#19275=PLANE('',#19274);
#19277=ORIENTED_EDGE('',*,*,#19276,.F.);
#19279=ORIENTED_EDGE('',*,*,#19278,.F.);
#19280=ORIENTED_EDGE('',*,*,#10951,.F.);
#19282=ORIENTED_EDGE('',*,*,#19281,.F.);
#19284=ORIENTED_EDGE('',*,*,#19283,.F.);
#19286=ORIENTED_EDGE('',*,*,#19285,.F.);
#19288=ORIENTED_EDGE('',*,*,#19287,.F.);
#19290=ORIENTED_EDGE('',*,*,#19289,.F.);
#19291=EDGE_LOOP('',(#19277,#19279,#19280,#19282,#19284,#19286,#19288,#19290));
#19292=FACE_OUTER_BOUND('',#19291,.F.);
#19293=ADVANCED_FACE('',(#19292),#19275,.T.);
#19294=CARTESIAN_POINT('',(2.295E0,1.4E-1,1.1E0));
#19295=DIRECTION('',(1.E0,0.E0,0.E0));
#19296=DIRECTION('',(0.E0,1.E0,0.E0));
#19297=AXIS2_PLACEMENT_3D('',#19294,#19295,#19296);
#19298=PLANE('',#19297);
#19300=ORIENTED_EDGE('',*,*,#19299,.F.);
#19302=ORIENTED_EDGE('',*,*,#19301,.F.);
#19304=ORIENTED_EDGE('',*,*,#19303,.F.);
#19306=ORIENTED_EDGE('',*,*,#19305,.F.);
#19308=ORIENTED_EDGE('',*,*,#19307,.F.);
#19310=ORIENTED_EDGE('',*,*,#19309,.F.);
#19311=ORIENTED_EDGE('',*,*,#19244,.F.);
#19313=ORIENTED_EDGE('',*,*,#19312,.T.);
#19314=EDGE_LOOP('',(#19300,#19302,#19304,#19306,#19308,#19310,#19311,#19313));
#19315=FACE_OUTER_BOUND('',#19314,.F.);
#19316=ADVANCED_FACE('',(#19315),#19298,.T.);
#19317=CARTESIAN_POINT('',(0.E0,6.E-1,-1.E0));
#19318=DIRECTION('',(0.E0,0.E0,-1.E0));
#19319=DIRECTION('',(-1.E0,0.E0,0.E0));
#19320=AXIS2_PLACEMENT_3D('',#19317,#19318,#19319);
#19321=PLANE('',#19320);
#19322=ORIENTED_EDGE('',*,*,#19276,.T.);
#19324=ORIENTED_EDGE('',*,*,#19323,.T.);
#19325=ORIENTED_EDGE('',*,*,#10983,.F.);
#19326=ORIENTED_EDGE('',*,*,#11030,.T.);
#19327=ORIENTED_EDGE('',*,*,#11056,.T.);
#19329=ORIENTED_EDGE('',*,*,#19328,.T.);
#19331=ORIENTED_EDGE('',*,*,#19330,.T.);
#19333=ORIENTED_EDGE('',*,*,#19332,.T.);
#19335=ORIENTED_EDGE('',*,*,#19334,.T.);
#19336=ORIENTED_EDGE('',*,*,#10927,.F.);
#19338=ORIENTED_EDGE('',*,*,#19337,.T.);
#19339=EDGE_LOOP('',(#19322,#19324,#19325,#19326,#19327,#19329,#19331,#19333,
#19335,#19336,#19338));
#19340=FACE_OUTER_BOUND('',#19339,.F.);
#19341=ADVANCED_FACE('',(#19340),#19321,.F.);
#19342=CARTESIAN_POINT('',(2.295E0,1.3E-1,-1.15E0));
#19343=DIRECTION('',(1.E0,0.E0,0.E0));
#19344=DIRECTION('',(0.E0,0.E0,-1.E0));
#19345=AXIS2_PLACEMENT_3D('',#19342,#19343,#19344);
#19346=CYLINDRICAL_SURFACE('',#19345,1.5E-1);
#19347=ORIENTED_EDGE('',*,*,#19289,.T.);
#19349=ORIENTED_EDGE('',*,*,#19348,.T.);
#19350=ORIENTED_EDGE('',*,*,#10985,.F.);
#19351=ORIENTED_EDGE('',*,*,#19323,.F.);
#19352=EDGE_LOOP('',(#19347,#19349,#19350,#19351));
#19353=FACE_OUTER_BOUND('',#19352,.F.);
#19354=ADVANCED_FACE('',(#19353),#19346,.T.);
#19355=CARTESIAN_POINT('',(2.295E0,-2.E-2,-1.15E0));
#19356=DIRECTION('',(0.E0,-1.E0,0.E0));
#19357=DIRECTION('',(0.E0,0.E0,-1.E0));
#19358=AXIS2_PLACEMENT_3D('',#19355,#19356,#19357);
#19359=PLANE('',#19358);
#19360=ORIENTED_EDGE('',*,*,#19287,.T.);
#19362=ORIENTED_EDGE('',*,*,#19361,.T.);
#19363=ORIENTED_EDGE('',*,*,#10987,.F.);
#19364=ORIENTED_EDGE('',*,*,#19348,.F.);
#19365=EDGE_LOOP('',(#19360,#19362,#19363,#19364));
#19366=FACE_OUTER_BOUND('',#19365,.F.);
#19367=ADVANCED_FACE('',(#19366),#19359,.T.);
#19368=CARTESIAN_POINT('',(2.295E0,-2.E-2,-1.25E0));
#19369=DIRECTION('',(0.E0,0.E0,-1.E0));
#19370=DIRECTION('',(0.E0,1.E0,0.E0));
#19371=AXIS2_PLACEMENT_3D('',#19368,#19369,#19370);
#19372=PLANE('',#19371);
#19373=ORIENTED_EDGE('',*,*,#19285,.T.);
#19375=ORIENTED_EDGE('',*,*,#19374,.T.);
#19376=ORIENTED_EDGE('',*,*,#10989,.F.);
#19377=ORIENTED_EDGE('',*,*,#19361,.F.);
#19378=EDGE_LOOP('',(#19373,#19375,#19376,#19377));
#19379=FACE_OUTER_BOUND('',#19378,.F.);
#19380=ADVANCED_FACE('',(#19379),#19372,.T.);
#19381=CARTESIAN_POINT('',(2.295E0,8.E-2,-1.25E0));
#19382=DIRECTION('',(0.E0,1.E0,0.E0));
#19383=DIRECTION('',(0.E0,0.E0,1.E0));
#19384=AXIS2_PLACEMENT_3D('',#19381,#19382,#19383);
#19385=PLANE('',#19384);
#19386=ORIENTED_EDGE('',*,*,#19283,.T.);
#19388=ORIENTED_EDGE('',*,*,#19387,.T.);
#19389=ORIENTED_EDGE('',*,*,#10991,.F.);
#19390=ORIENTED_EDGE('',*,*,#19374,.F.);
#19391=EDGE_LOOP('',(#19386,#19388,#19389,#19390));
#19392=FACE_OUTER_BOUND('',#19391,.F.);
#19393=ADVANCED_FACE('',(#19392),#19385,.T.);
#19394=CARTESIAN_POINT('',(2.295E0,1.3E-1,-1.15E0));
#19395=DIRECTION('',(1.E0,0.E0,0.E0));
#19396=DIRECTION('',(0.E0,0.E0,-1.E0));
#19397=AXIS2_PLACEMENT_3D('',#19394,#19395,#19396);
#19398=CYLINDRICAL_SURFACE('',#19397,5.E-2);
#19399=ORIENTED_EDGE('',*,*,#19281,.T.);
#19400=ORIENTED_EDGE('',*,*,#10949,.T.);
#19401=ORIENTED_EDGE('',*,*,#10993,.F.);
#19402=ORIENTED_EDGE('',*,*,#19387,.F.);
#19403=EDGE_LOOP('',(#19399,#19400,#19401,#19402));
#19404=FACE_OUTER_BOUND('',#19403,.F.);
#19405=ADVANCED_FACE('',(#19404),#19398,.F.);
#19406=CARTESIAN_POINT('',(1.85E0,4.5E-1,-1.1E0));
#19407=DIRECTION('',(0.E0,1.E0,0.E0));
#19408=DIRECTION('',(1.E0,0.E0,0.E0));
#19409=AXIS2_PLACEMENT_3D('',#19406,#19407,#19408);
#19410=PLANE('',#19409);
#19411=ORIENTED_EDGE('',*,*,#11054,.T.);
#19412=ORIENTED_EDGE('',*,*,#10966,.T.);
#19414=ORIENTED_EDGE('',*,*,#19413,.T.);
#19415=ORIENTED_EDGE('',*,*,#19328,.F.);
#19416=EDGE_LOOP('',(#19411,#19412,#19414,#19415));
#19417=FACE_OUTER_BOUND('',#19416,.F.);
#19418=ADVANCED_FACE('',(#19417),#19410,.T.);
#19419=CARTESIAN_POINT('',(2.12E0,6.E-1,-1.1E0));
#19420=DIRECTION('',(-1.E0,0.E0,0.E0));
#19421=DIRECTION('',(0.E0,0.E0,1.E0));
#19422=AXIS2_PLACEMENT_3D('',#19419,#19420,#19421);
#19423=PLANE('',#19422);
#19425=ORIENTED_EDGE('',*,*,#19424,.F.);
#19426=ORIENTED_EDGE('',*,*,#19330,.F.);
#19427=ORIENTED_EDGE('',*,*,#19413,.F.);
#19428=ORIENTED_EDGE('',*,*,#10964,.T.);
#19430=ORIENTED_EDGE('',*,*,#19429,.F.);
#19431=EDGE_LOOP('',(#19425,#19426,#19427,#19428,#19430));
#19432=FACE_OUTER_BOUND('',#19431,.F.);
#19433=ADVANCED_FACE('',(#19432),#19423,.T.);
#19434=CARTESIAN_POINT('',(2.12E0,6.E-1,-1.E0));
#19435=DIRECTION('',(-6.427876096865E-1,0.E0,7.660444431190E-1));
#19436=DIRECTION('',(7.660444431190E-1,0.E0,6.427876096865E-1));
#19437=AXIS2_PLACEMENT_3D('',#19434,#19435,#19436);
#19438=PLANE('',#19437);
#19440=ORIENTED_EDGE('',*,*,#19439,.T.);
#19441=ORIENTED_EDGE('',*,*,#19424,.T.);
#19443=ORIENTED_EDGE('',*,*,#19442,.F.);
#19445=ORIENTED_EDGE('',*,*,#19444,.F.);
#19446=EDGE_LOOP('',(#19440,#19441,#19443,#19445));
#19447=FACE_OUTER_BOUND('',#19446,.F.);
#19448=ADVANCED_FACE('',(#19447),#19438,.T.);
#19449=CARTESIAN_POINT('',(0.E0,5.E-1,0.E0));
#19450=DIRECTION('',(0.E0,1.E0,0.E0));
#19451=DIRECTION('',(1.E0,0.E0,0.E0));
#19452=AXIS2_PLACEMENT_3D('',#19449,#19450,#19451);
#19453=PLANE('',#19452);
#19454=ORIENTED_EDGE('',*,*,#19332,.F.);
#19455=ORIENTED_EDGE('',*,*,#19439,.F.);
#19457=ORIENTED_EDGE('',*,*,#19456,.T.);
#19459=ORIENTED_EDGE('',*,*,#19458,.F.);
#19461=ORIENTED_EDGE('',*,*,#19460,.T.);
#19463=ORIENTED_EDGE('',*,*,#19462,.F.);
#19464=ORIENTED_EDGE('',*,*,#19261,.F.);
#19466=ORIENTED_EDGE('',*,*,#19465,.T.);
#19467=ORIENTED_EDGE('',*,*,#10958,.F.);
#19469=ORIENTED_EDGE('',*,*,#19468,.T.);
#19470=EDGE_LOOP('',(#19454,#19455,#19457,#19459,#19461,#19463,#19464,#19466,
#19467,#19469));
#19471=FACE_OUTER_BOUND('',#19470,.F.);
#19472=ADVANCED_FACE('',(#19471),#19453,.F.);
#19473=CARTESIAN_POINT('',(2.38E0,6.E-1,-7.818340958939E-1));
#19474=DIRECTION('',(-1.E0,0.E0,0.E0));
#19475=DIRECTION('',(0.E0,0.E0,1.E0));
#19476=AXIS2_PLACEMENT_3D('',#19473,#19474,#19475);
#19477=PLANE('',#19476);
#19479=ORIENTED_EDGE('',*,*,#19478,.F.);
#19481=ORIENTED_EDGE('',*,*,#19480,.T.);
#19482=ORIENTED_EDGE('',*,*,#19456,.F.);
#19483=ORIENTED_EDGE('',*,*,#19444,.T.);
#19484=EDGE_LOOP('',(#19479,#19481,#19482,#19483));
#19485=FACE_OUTER_BOUND('',#19484,.F.);
#19486=ADVANCED_FACE('',(#19485),#19477,.T.);
#19487=CARTESIAN_POINT('',(0.E0,6.E-1,0.E0));
#19488=DIRECTION('',(0.E0,1.E0,0.E0));
#19489=DIRECTION('',(1.E0,0.E0,0.E0));
#19490=AXIS2_PLACEMENT_3D('',#19487,#19488,#19489);
#19491=PLANE('',#19490);
#19492=ORIENTED_EDGE('',*,*,#19429,.T.);
#19493=ORIENTED_EDGE('',*,*,#10962,.T.);
#19495=ORIENTED_EDGE('',*,*,#19494,.T.);
#19496=ORIENTED_EDGE('',*,*,#19257,.T.);
#19498=ORIENTED_EDGE('',*,*,#19497,.T.);
#19500=ORIENTED_EDGE('',*,*,#19499,.T.);
#19501=ORIENTED_EDGE('',*,*,#19478,.T.);
#19502=ORIENTED_EDGE('',*,*,#19442,.T.);
#19503=EDGE_LOOP('',(#19492,#19493,#19495,#19496,#19498,#19500,#19501,#19502));
#19504=FACE_OUTER_BOUND('',#19503,.F.);
#19505=ADVANCED_FACE('',(#19504),#19491,.T.);
#19506=CARTESIAN_POINT('',(2.7E0,6.E-1,1.1E0));
#19507=DIRECTION('',(1.E0,0.E0,0.E0));
#19508=DIRECTION('',(0.E0,0.E0,-1.E0));
#19509=AXIS2_PLACEMENT_3D('',#19506,#19507,#19508);
#19510=PLANE('',#19509);
#19511=ORIENTED_EDGE('',*,*,#19494,.F.);
#19512=ORIENTED_EDGE('',*,*,#10960,.T.);
#19513=ORIENTED_EDGE('',*,*,#19465,.F.);
#19514=ORIENTED_EDGE('',*,*,#19259,.F.);
#19515=EDGE_LOOP('',(#19511,#19512,#19513,#19514));
#19516=FACE_OUTER_BOUND('',#19515,.F.);
#19517=ADVANCED_FACE('',(#19516),#19510,.T.);
#19518=CARTESIAN_POINT('',(2.12E0,6.E-1,1.E0));
#19519=DIRECTION('',(-1.E0,0.E0,0.E0));
#19520=DIRECTION('',(0.E0,0.E0,1.E0));
#19521=AXIS2_PLACEMENT_3D('',#19518,#19519,#19520);
#19522=PLANE('',#19521);
#19523=ORIENTED_EDGE('',*,*,#19255,.T.);
#19525=ORIENTED_EDGE('',*,*,#19524,.T.);
#19527=ORIENTED_EDGE('',*,*,#19526,.F.);
#19529=ORIENTED_EDGE('',*,*,#19528,.T.);
#19530=ORIENTED_EDGE('',*,*,#19497,.F.);
#19531=EDGE_LOOP('',(#19523,#19525,#19527,#19529,#19530));
#19532=FACE_OUTER_BOUND('',#19531,.F.);
#19533=ADVANCED_FACE('',(#19532),#19522,.T.);
#19534=CARTESIAN_POINT('',(2.12E0,4.5E-1,1.1E0));
#19535=DIRECTION('',(0.E0,1.E0,0.E0));
#19536=DIRECTION('',(-1.E0,0.E0,0.E0));
#19537=AXIS2_PLACEMENT_3D('',#19534,#19535,#19536);
#19538=PLANE('',#19537);
#19540=ORIENTED_EDGE('',*,*,#19539,.F.);
#19542=ORIENTED_EDGE('',*,*,#19541,.F.);
#19543=ORIENTED_EDGE('',*,*,#19524,.F.);
#19544=ORIENTED_EDGE('',*,*,#19253,.T.);
#19545=EDGE_LOOP('',(#19540,#19542,#19543,#19544));
#19546=FACE_OUTER_BOUND('',#19545,.F.);
#19547=ADVANCED_FACE('',(#19546),#19538,.T.);
#19548=CARTESIAN_POINT('',(1.85E0,4.8E-1,9.9E-1));
#19549=DIRECTION('',(-1.E0,0.E0,0.E0));
#19550=DIRECTION('',(0.E0,0.E0,1.E0));
#19551=AXIS2_PLACEMENT_3D('',#19548,#19549,#19550);
#19552=PLANE('',#19551);
#19553=ORIENTED_EDGE('',*,*,#11194,.F.);
#19554=ORIENTED_EDGE('',*,*,#19197,.F.);
#19556=ORIENTED_EDGE('',*,*,#19555,.T.);
#19557=ORIENTED_EDGE('',*,*,#11441,.T.);
#19559=ORIENTED_EDGE('',*,*,#19558,.F.);
#19560=EDGE_LOOP('',(#19553,#19554,#19556,#19557,#19559));
#19561=FACE_OUTER_BOUND('',#19560,.F.);
#19562=ORIENTED_EDGE('',*,*,#19251,.F.);
#19564=ORIENTED_EDGE('',*,*,#19563,.F.);
#19566=ORIENTED_EDGE('',*,*,#19565,.T.);
#19567=ORIENTED_EDGE('',*,*,#19539,.T.);
#19568=EDGE_LOOP('',(#19562,#19564,#19566,#19567));
#19569=FACE_BOUND('',#19568,.F.);
#19570=ADVANCED_FACE('',(#19561,#19569),#19552,.F.);
#19571=CARTESIAN_POINT('',(1.95E0,1.2E-1,9.9E-1));
#19572=DIRECTION('',(0.E0,0.E0,-1.E0));
#19573=DIRECTION('',(1.E0,0.E0,0.E0));
#19574=AXIS2_PLACEMENT_3D('',#19571,#19572,#19573);
#19575=PLANE('',#19574);
#19576=ORIENTED_EDGE('',*,*,#19195,.F.);
#19577=ORIENTED_EDGE('',*,*,#19228,.T.);
#19578=ORIENTED_EDGE('',*,*,#11454,.T.);
#19579=ORIENTED_EDGE('',*,*,#11367,.F.);
#19580=ORIENTED_EDGE('',*,*,#11629,.F.);
#19582=ORIENTED_EDGE('',*,*,#19581,.T.);
#19583=ORIENTED_EDGE('',*,*,#11443,.T.);
#19584=ORIENTED_EDGE('',*,*,#19555,.F.);
#19585=EDGE_LOOP('',(#19576,#19577,#19578,#19579,#19580,#19582,#19583,#19584));
#19586=FACE_OUTER_BOUND('',#19585,.F.);
#19587=ADVANCED_FACE('',(#19586),#19575,.F.);
#19588=CARTESIAN_POINT('',(1.95E0,1.2E-1,1.22E0));
#19589=DIRECTION('',(-1.E0,0.E0,0.E0));
#19590=DIRECTION('',(0.E0,0.E0,-1.E0));
#19591=AXIS2_PLACEMENT_3D('',#19588,#19589,#19590);
#19592=PLANE('',#19591);
#19593=ORIENTED_EDGE('',*,*,#11437,.F.);
#19594=ORIENTED_EDGE('',*,*,#19581,.F.);
#19595=ORIENTED_EDGE('',*,*,#11627,.T.);
#19596=ORIENTED_EDGE('',*,*,#11345,.T.);
#19597=ORIENTED_EDGE('',*,*,#11198,.T.);
#19599=ORIENTED_EDGE('',*,*,#19598,.T.);
#19600=EDGE_LOOP('',(#19593,#19594,#19595,#19596,#19597,#19599));
#19601=FACE_OUTER_BOUND('',#19600,.F.);
#19602=ADVANCED_FACE('',(#19601),#19592,.F.);
#19603=CARTESIAN_POINT('',(1.85E0,4.8E-1,1.11E0));
#19604=DIRECTION('',(0.E0,0.E0,1.E0));
#19605=DIRECTION('',(1.E0,0.E0,0.E0));
#19606=AXIS2_PLACEMENT_3D('',#19603,#19604,#19605);
#19607=PLANE('',#19606);
#19608=ORIENTED_EDGE('',*,*,#10833,.F.);
#19609=ORIENTED_EDGE('',*,*,#11361,.T.);
#19610=ORIENTED_EDGE('',*,*,#11458,.T.);
#19611=ORIENTED_EDGE('',*,*,#19225,.F.);
#19612=EDGE_LOOP('',(#19608,#19609,#19610,#19611));
#19613=FACE_OUTER_BOUND('',#19612,.F.);
#19614=ADVANCED_FACE('',(#19613),#19607,.F.);
#19615=CARTESIAN_POINT('',(1.85E0,4.8E-1,1.11E0));
#19616=DIRECTION('',(0.E0,0.E0,1.E0));
#19617=DIRECTION('',(1.E0,0.E0,0.E0));
#19618=AXIS2_PLACEMENT_3D('',#19615,#19616,#19617);
#19619=PLANE('',#19618);
#19620=ORIENTED_EDGE('',*,*,#19598,.F.);
#19621=ORIENTED_EDGE('',*,*,#11196,.T.);
#19622=ORIENTED_EDGE('',*,*,#19558,.T.);
#19623=ORIENTED_EDGE('',*,*,#11439,.T.);
#19624=EDGE_LOOP('',(#19620,#19621,#19622,#19623));
#19625=FACE_OUTER_BOUND('',#19624,.F.);
#19626=ADVANCED_FACE('',(#19625),#19619,.F.);
#19627=CARTESIAN_POINT('',(1.85E0,2.4E-1,1.1E0));
#19628=DIRECTION('',(0.E0,-1.E0,0.E0));
#19629=DIRECTION('',(1.E0,0.E0,0.E0));
#19630=AXIS2_PLACEMENT_3D('',#19627,#19628,#19629);
#19631=PLANE('',#19630);
#19632=ORIENTED_EDGE('',*,*,#19563,.T.);
#19633=ORIENTED_EDGE('',*,*,#19249,.T.);
#19634=ORIENTED_EDGE('',*,*,#11017,.T.);
#19636=ORIENTED_EDGE('',*,*,#19635,.F.);
#19637=EDGE_LOOP('',(#19632,#19633,#19634,#19636));
#19638=FACE_OUTER_BOUND('',#19637,.F.);
#19639=ADVANCED_FACE('',(#19638),#19631,.T.);
#19640=CARTESIAN_POINT('',(0.E0,6.E-1,1.E0));
#19641=DIRECTION('',(0.E0,0.E0,1.E0));
#19642=DIRECTION('',(1.E0,0.E0,0.E0));
#19643=AXIS2_PLACEMENT_3D('',#19640,#19641,#19642);
#19644=PLANE('',#19643);
#19645=ORIENTED_EDGE('',*,*,#11015,.F.);
#19647=ORIENTED_EDGE('',*,*,#19646,.F.);
#19648=ORIENTED_EDGE('',*,*,#19299,.T.);
#19650=ORIENTED_EDGE('',*,*,#19649,.T.);
#19651=ORIENTED_EDGE('',*,*,#19232,.T.);
#19653=ORIENTED_EDGE('',*,*,#19652,.T.);
#19654=ORIENTED_EDGE('',*,*,#19460,.F.);
#19655=ORIENTED_EDGE('',*,*,#19526,.T.);
#19656=ORIENTED_EDGE('',*,*,#19541,.T.);
#19657=ORIENTED_EDGE('',*,*,#19565,.F.);
#19658=ORIENTED_EDGE('',*,*,#19635,.T.);
#19659=EDGE_LOOP('',(#19645,#19647,#19648,#19650,#19651,#19653,#19654,#19655,
#19656,#19657,#19658));
#19660=FACE_OUTER_BOUND('',#19659,.F.);
#19661=ADVANCED_FACE('',(#19660),#19644,.F.);
#19662=CARTESIAN_POINT('',(2.295E0,1.3E-1,1.15E0));
#19663=DIRECTION('',(1.E0,0.E0,0.E0));
#19664=DIRECTION('',(0.E0,0.E0,-1.E0));
#19665=AXIS2_PLACEMENT_3D('',#19662,#19663,#19664);
#19666=CYLINDRICAL_SURFACE('',#19665,1.5E-1);
#19667=ORIENTED_EDGE('',*,*,#19301,.T.);
#19668=ORIENTED_EDGE('',*,*,#19646,.T.);
#19669=ORIENTED_EDGE('',*,*,#11013,.F.);
#19671=ORIENTED_EDGE('',*,*,#19670,.F.);
#19672=EDGE_LOOP('',(#19667,#19668,#19669,#19671));
#19673=FACE_OUTER_BOUND('',#19672,.F.);
#19674=ADVANCED_FACE('',(#19673),#19666,.T.);
#19675=CARTESIAN_POINT('',(2.295E0,-2.E-2,1.25E0));
#19676=DIRECTION('',(0.E0,-1.E0,0.E0));
#19677=DIRECTION('',(0.E0,0.E0,-1.E0));
#19678=AXIS2_PLACEMENT_3D('',#19675,#19676,#19677);
#19679=PLANE('',#19678);
#19680=ORIENTED_EDGE('',*,*,#19303,.T.);
#19681=ORIENTED_EDGE('',*,*,#19670,.T.);
#19682=ORIENTED_EDGE('',*,*,#11011,.F.);
#19684=ORIENTED_EDGE('',*,*,#19683,.F.);
#19685=EDGE_LOOP('',(#19680,#19681,#19682,#19684));
#19686=FACE_OUTER_BOUND('',#19685,.F.);
#19687=ADVANCED_FACE('',(#19686),#19679,.T.);
#19688=CARTESIAN_POINT('',(2.295E0,8.E-2,1.25E0));
#19689=DIRECTION('',(0.E0,0.E0,1.E0));
#19690=DIRECTION('',(0.E0,-1.E0,0.E0));
#19691=AXIS2_PLACEMENT_3D('',#19688,#19689,#19690);
#19692=PLANE('',#19691);
#19693=ORIENTED_EDGE('',*,*,#19305,.T.);
#19694=ORIENTED_EDGE('',*,*,#19683,.T.);
#19695=ORIENTED_EDGE('',*,*,#11009,.F.);
#19697=ORIENTED_EDGE('',*,*,#19696,.F.);
#19698=EDGE_LOOP('',(#19693,#19694,#19695,#19697));
#19699=FACE_OUTER_BOUND('',#19698,.F.);
#19700=ADVANCED_FACE('',(#19699),#19692,.T.);
#19701=CARTESIAN_POINT('',(2.295E0,8.E-2,1.15E0));
#19702=DIRECTION('',(0.E0,1.E0,0.E0));
#19703=DIRECTION('',(0.E0,0.E0,1.E0));
#19704=AXIS2_PLACEMENT_3D('',#19701,#19702,#19703);
#19705=PLANE('',#19704);
#19706=ORIENTED_EDGE('',*,*,#19307,.T.);
#19707=ORIENTED_EDGE('',*,*,#19696,.T.);
#19708=ORIENTED_EDGE('',*,*,#11007,.F.);
#19710=ORIENTED_EDGE('',*,*,#19709,.F.);
#19711=EDGE_LOOP('',(#19706,#19707,#19708,#19710));
#19712=FACE_OUTER_BOUND('',#19711,.F.);
#19713=ADVANCED_FACE('',(#19712),#19705,.T.);
#19714=CARTESIAN_POINT('',(2.295E0,1.3E-1,1.15E0));
#19715=DIRECTION('',(1.E0,0.E0,0.E0));
#19716=DIRECTION('',(0.E0,0.E0,-1.E0));
#19717=AXIS2_PLACEMENT_3D('',#19714,#19715,#19716);
#19718=CYLINDRICAL_SURFACE('',#19717,5.E-2);
#19719=ORIENTED_EDGE('',*,*,#19309,.T.);
#19720=ORIENTED_EDGE('',*,*,#19709,.T.);
#19721=ORIENTED_EDGE('',*,*,#11005,.F.);
#19722=ORIENTED_EDGE('',*,*,#19246,.F.);
#19723=EDGE_LOOP('',(#19719,#19720,#19721,#19722));
#19724=FACE_OUTER_BOUND('',#19723,.F.);
#19725=ADVANCED_FACE('',(#19724),#19718,.F.);
#19726=CARTESIAN_POINT('',(2.295E0,2.4E-1,1.1E0));
#19727=DIRECTION('',(0.E0,-1.E0,0.E0));
#19728=DIRECTION('',(1.E0,0.E0,0.E0));
#19729=AXIS2_PLACEMENT_3D('',#19726,#19727,#19728);
#19730=PLANE('',#19729);
#19731=ORIENTED_EDGE('',*,*,#19266,.T.);
#19732=ORIENTED_EDGE('',*,*,#19234,.F.);
#19733=ORIENTED_EDGE('',*,*,#19649,.F.);
#19734=ORIENTED_EDGE('',*,*,#19312,.F.);
#19735=EDGE_LOOP('',(#19731,#19732,#19733,#19734));
#19736=FACE_OUTER_BOUND('',#19735,.F.);
#19737=ADVANCED_FACE('',(#19736),#19730,.T.);
#19738=CARTESIAN_POINT('',(2.43E0,2.4E-1,1.1E0));
#19739=DIRECTION('',(1.E0,0.E0,0.E0));
#19740=DIRECTION('',(0.E0,1.E0,0.E0));
#19741=AXIS2_PLACEMENT_3D('',#19738,#19739,#19740);
#19742=PLANE('',#19741);
#19743=ORIENTED_EDGE('',*,*,#19462,.T.);
#19744=ORIENTED_EDGE('',*,*,#19652,.F.);
#19745=ORIENTED_EDGE('',*,*,#10837,.T.);
#19746=ORIENTED_EDGE('',*,*,#19263,.T.);
#19747=EDGE_LOOP('',(#19743,#19744,#19745,#19746));
#19748=FACE_OUTER_BOUND('',#19747,.F.);
#19749=ADVANCED_FACE('',(#19748),#19742,.T.);
#19750=CARTESIAN_POINT('',(2.38E0,6.E-1,7.818340958939E-1));
#19751=DIRECTION('',(-6.427876096865E-1,0.E0,-7.660444431190E-1));
#19752=DIRECTION('',(-7.660444431190E-1,0.E0,6.427876096865E-1));
#19753=AXIS2_PLACEMENT_3D('',#19750,#19751,#19752);
#19754=PLANE('',#19753);
#19755=ORIENTED_EDGE('',*,*,#19458,.T.);
#19756=ORIENTED_EDGE('',*,*,#19480,.F.);
#19757=ORIENTED_EDGE('',*,*,#19499,.F.);
#19758=ORIENTED_EDGE('',*,*,#19528,.F.);
#19759=EDGE_LOOP('',(#19755,#19756,#19757,#19758));
#19760=FACE_OUTER_BOUND('',#19759,.F.);
#19761=ADVANCED_FACE('',(#19760),#19754,.T.);
#19762=CARTESIAN_POINT('',(2.43E0,5.E-1,-1.1E0));
#19763=DIRECTION('',(1.E0,0.E0,0.E0));
#19764=DIRECTION('',(0.E0,-1.E0,0.E0));
#19765=AXIS2_PLACEMENT_3D('',#19762,#19763,#19764);
#19766=PLANE('',#19765);
#19767=ORIENTED_EDGE('',*,*,#19468,.F.);
#19768=ORIENTED_EDGE('',*,*,#10956,.T.);
#19769=ORIENTED_EDGE('',*,*,#10857,.F.);
#19770=ORIENTED_EDGE('',*,*,#19334,.F.);
#19771=EDGE_LOOP('',(#19767,#19768,#19769,#19770));
#19772=FACE_OUTER_BOUND('',#19771,.F.);
#19773=ADVANCED_FACE('',(#19772),#19766,.T.);
#19774=CARTESIAN_POINT('',(2.43E0,2.4E-1,-1.1E0));
#19775=DIRECTION('',(0.E0,-1.E0,0.E0));
#19776=DIRECTION('',(-1.E0,0.E0,0.E0));
#19777=AXIS2_PLACEMENT_3D('',#19774,#19775,#19776);
#19778=PLANE('',#19777);
#19779=ORIENTED_EDGE('',*,*,#10953,.T.);
#19780=ORIENTED_EDGE('',*,*,#19278,.T.);
#19781=ORIENTED_EDGE('',*,*,#19337,.F.);
#19782=ORIENTED_EDGE('',*,*,#10925,.T.);
#19783=EDGE_LOOP('',(#19779,#19780,#19781,#19782));
#19784=FACE_OUTER_BOUND('',#19783,.F.);
#19785=ADVANCED_FACE('',(#19784),#19778,.T.);
#19786=CARTESIAN_POINT('',(-2.085E0,5.5E-1,1.22E0));
#19787=DIRECTION('',(0.E0,-1.E0,0.E0));
#19788=DIRECTION('',(1.E0,0.E0,0.E0));
#19789=AXIS2_PLACEMENT_3D('',#19786,#19787,#19788);
#19790=PLANE('',#19789);
#19791=ORIENTED_EDGE('',*,*,#12445,.T.);
#19792=ORIENTED_EDGE('',*,*,#12900,.T.);
#19793=ORIENTED_EDGE('',*,*,#12916,.F.);
#19794=ORIENTED_EDGE('',*,*,#12406,.F.);
#19795=EDGE_LOOP('',(#19791,#19792,#19793,#19794));
#19796=FACE_OUTER_BOUND('',#19795,.F.);
#19797=ADVANCED_FACE('',(#19796),#19790,.F.);
#19798=CARTESIAN_POINT('',(-1.95E0,1.2E-1,-9.9E-1));
#19799=DIRECTION('',(0.E0,0.E0,1.E0));
#19800=DIRECTION('',(-1.E0,0.E0,0.E0));
#19801=AXIS2_PLACEMENT_3D('',#19798,#19799,#19800);
#19802=PLANE('',#19801);
#19803=ORIENTED_EDGE('',*,*,#12269,.F.);
#19804=ORIENTED_EDGE('',*,*,#12047,.T.);
#19805=ORIENTED_EDGE('',*,*,#11423,.T.);
#19806=ORIENTED_EDGE('',*,*,#12005,.F.);
#19807=ORIENTED_EDGE('',*,*,#11525,.F.);
#19809=ORIENTED_EDGE('',*,*,#19808,.T.);
#19810=ORIENTED_EDGE('',*,*,#11411,.T.);
#19811=ORIENTED_EDGE('',*,*,#12246,.F.);
#19812=EDGE_LOOP('',(#19803,#19804,#19805,#19806,#19807,#19809,#19810,#19811));
#19813=FACE_OUTER_BOUND('',#19812,.F.);
#19814=ADVANCED_FACE('',(#19813),#19802,.F.);
#19815=CARTESIAN_POINT('',(-1.95E0,1.2E-1,-1.22E0));
#19816=DIRECTION('',(1.E0,0.E0,0.E0));
#19817=DIRECTION('',(0.E0,0.E0,1.E0));
#19818=AXIS2_PLACEMENT_3D('',#19815,#19816,#19817);
#19819=PLANE('',#19818);
#19820=ORIENTED_EDGE('',*,*,#11405,.F.);
#19821=ORIENTED_EDGE('',*,*,#19808,.F.);
#19822=ORIENTED_EDGE('',*,*,#11523,.F.);
#19823=ORIENTED_EDGE('',*,*,#11806,.T.);
#19824=ORIENTED_EDGE('',*,*,#11235,.T.);
#19825=ORIENTED_EDGE('',*,*,#12028,.T.);
#19826=EDGE_LOOP('',(#19820,#19821,#19822,#19823,#19824,#19825));
#19827=FACE_OUTER_BOUND('',#19826,.F.);
#19828=ADVANCED_FACE('',(#19827),#19819,.F.);
#19829=CARTESIAN_POINT('',(-2.295E0,1.3E-1,-1.15E0));
#19830=DIRECTION('',(1.E0,0.E0,0.E0));
#19831=DIRECTION('',(0.E0,0.E0,-1.E0));
#19832=AXIS2_PLACEMENT_3D('',#19829,#19830,#19831);
#19833=CYLINDRICAL_SURFACE('',#19832,5.E-2);
#19834=ORIENTED_EDGE('',*,*,#12110,.F.);
#19836=ORIENTED_EDGE('',*,*,#19835,.T.);
#19837=ORIENTED_EDGE('',*,*,#12188,.T.);
#19838=ORIENTED_EDGE('',*,*,#12066,.F.);
#19839=EDGE_LOOP('',(#19834,#19836,#19837,#19838));
#19840=FACE_OUTER_BOUND('',#19839,.F.);
#19841=ADVANCED_FACE('',(#19840),#19833,.F.);
#19842=CARTESIAN_POINT('',(-2.295E0,8.E-2,-1.25E0));
#19843=DIRECTION('',(0.E0,-1.E0,0.E0));
#19844=DIRECTION('',(0.E0,0.E0,1.E0));
#19845=AXIS2_PLACEMENT_3D('',#19842,#19843,#19844);
#19846=PLANE('',#19845);
#19847=ORIENTED_EDGE('',*,*,#12108,.F.);
#19849=ORIENTED_EDGE('',*,*,#19848,.T.);
#19850=ORIENTED_EDGE('',*,*,#12190,.T.);
#19851=ORIENTED_EDGE('',*,*,#19835,.F.);
#19852=EDGE_LOOP('',(#19847,#19849,#19850,#19851));
#19853=FACE_OUTER_BOUND('',#19852,.F.);
#19854=ADVANCED_FACE('',(#19853),#19846,.F.);
#19855=CARTESIAN_POINT('',(-2.295E0,-2.E-2,-1.25E0));
#19856=DIRECTION('',(0.E0,0.E0,1.E0));
#19857=DIRECTION('',(0.E0,1.E0,0.E0));
#19858=AXIS2_PLACEMENT_3D('',#19855,#19856,#19857);
#19859=PLANE('',#19858);
#19860=ORIENTED_EDGE('',*,*,#12106,.F.);
#19862=ORIENTED_EDGE('',*,*,#19861,.T.);
#19863=ORIENTED_EDGE('',*,*,#12192,.T.);
#19864=ORIENTED_EDGE('',*,*,#19848,.F.);
#19865=EDGE_LOOP('',(#19860,#19862,#19863,#19864));
#19866=FACE_OUTER_BOUND('',#19865,.F.);
#19867=ADVANCED_FACE('',(#19866),#19859,.F.);
#19868=CARTESIAN_POINT('',(-2.295E0,-2.E-2,-1.15E0));
#19869=DIRECTION('',(0.E0,1.E0,0.E0));
#19870=DIRECTION('',(0.E0,0.E0,-1.E0));
#19871=AXIS2_PLACEMENT_3D('',#19868,#19869,#19870);
#19872=PLANE('',#19871);
#19873=ORIENTED_EDGE('',*,*,#12104,.F.);
#19875=ORIENTED_EDGE('',*,*,#19874,.T.);
#19876=ORIENTED_EDGE('',*,*,#12194,.T.);
#19877=ORIENTED_EDGE('',*,*,#19861,.F.);
#19878=EDGE_LOOP('',(#19873,#19875,#19876,#19877));
#19879=FACE_OUTER_BOUND('',#19878,.F.);
#19880=ADVANCED_FACE('',(#19879),#19872,.F.);
#19881=CARTESIAN_POINT('',(-2.295E0,1.3E-1,-1.15E0));
#19882=DIRECTION('',(1.E0,0.E0,0.E0));
#19883=DIRECTION('',(0.E0,0.E0,-1.E0));
#19884=AXIS2_PLACEMENT_3D('',#19881,#19882,#19883);
#19885=CYLINDRICAL_SURFACE('',#19884,1.5E-1);
#19886=ORIENTED_EDGE('',*,*,#12102,.F.);
#19887=ORIENTED_EDGE('',*,*,#12159,.T.);
#19888=ORIENTED_EDGE('',*,*,#12196,.T.);
#19889=ORIENTED_EDGE('',*,*,#19874,.F.);
#19890=EDGE_LOOP('',(#19886,#19887,#19888,#19889));
#19891=FACE_OUTER_BOUND('',#19890,.F.);
#19892=ADVANCED_FACE('',(#19891),#19885,.T.);
#19893=CARTESIAN_POINT('',(1.47E0,-2.E-2,-9.5E-1));
#19894=DIRECTION('',(-1.E0,0.E0,0.E0));
#19895=DIRECTION('',(0.E0,0.E0,-1.E0));
#19896=AXIS2_PLACEMENT_3D('',#19893,#19894,#19895);
#19897=PLANE('',#19896);
#19899=ORIENTED_EDGE('',*,*,#19898,.F.);
#19900=ORIENTED_EDGE('',*,*,#11541,.T.);
#19902=ORIENTED_EDGE('',*,*,#19901,.F.);
#19904=ORIENTED_EDGE('',*,*,#19903,.T.);
#19906=ORIENTED_EDGE('',*,*,#19905,.F.);
#19908=ORIENTED_EDGE('',*,*,#19907,.F.);
#19910=ORIENTED_EDGE('',*,*,#19909,.F.);
#19912=ORIENTED_EDGE('',*,*,#19911,.F.);
#19913=EDGE_LOOP('',(#19899,#19900,#19902,#19904,#19906,#19908,#19910,#19912));
#19914=FACE_OUTER_BOUND('',#19913,.F.);
#19915=ADVANCED_FACE('',(#19914),#19897,.F.);
#19916=CARTESIAN_POINT('',(1.31E0,5.E-1,-9.5E-1));
#19917=DIRECTION('',(0.E0,0.E0,1.E0));
#19918=DIRECTION('',(0.E0,-1.E0,0.E0));
#19919=AXIS2_PLACEMENT_3D('',#19916,#19917,#19918);
#19920=PLANE('',#19919);
#19922=ORIENTED_EDGE('',*,*,#19921,.F.);
#19923=ORIENTED_EDGE('',*,*,#11543,.T.);
#19924=ORIENTED_EDGE('',*,*,#19898,.T.);
#19926=ORIENTED_EDGE('',*,*,#19925,.F.);
#19927=EDGE_LOOP('',(#19922,#19923,#19924,#19926));
#19928=FACE_OUTER_BOUND('',#19927,.F.);
#19929=ADVANCED_FACE('',(#19928),#19920,.T.);
#19930=CARTESIAN_POINT('',(1.33E0,-2.E-2,-1.25E0));
#19931=DIRECTION('',(1.E0,0.E0,0.E0));
#19932=DIRECTION('',(0.E0,0.E0,1.E0));
#19933=AXIS2_PLACEMENT_3D('',#19930,#19931,#19932);
#19934=PLANE('',#19933);
#19935=ORIENTED_EDGE('',*,*,#19921,.T.);
#19937=ORIENTED_EDGE('',*,*,#19936,.T.);
#19939=ORIENTED_EDGE('',*,*,#19938,.T.);
#19941=ORIENTED_EDGE('',*,*,#19940,.T.);
#19943=ORIENTED_EDGE('',*,*,#19942,.T.);
#19945=ORIENTED_EDGE('',*,*,#19944,.F.);
#19947=ORIENTED_EDGE('',*,*,#19946,.T.);
#19948=ORIENTED_EDGE('',*,*,#11545,.T.);
#19949=EDGE_LOOP('',(#19935,#19937,#19939,#19941,#19943,#19945,#19947,#19948));
#19950=FACE_OUTER_BOUND('',#19949,.F.);
#19951=ADVANCED_FACE('',(#19950),#19934,.F.);
#19952=CARTESIAN_POINT('',(1.31E0,1.E-1,-1.07E0));
#19953=DIRECTION('',(1.E0,0.E0,0.E0));
#19954=DIRECTION('',(0.E0,0.E0,-1.E0));
#19955=AXIS2_PLACEMENT_3D('',#19952,#19953,#19954);
#19956=CYLINDRICAL_SURFACE('',#19955,1.2E-1);
#19957=ORIENTED_EDGE('',*,*,#19936,.F.);
#19958=ORIENTED_EDGE('',*,*,#19925,.T.);
#19959=ORIENTED_EDGE('',*,*,#19911,.T.);
#19961=ORIENTED_EDGE('',*,*,#19960,.F.);
#19962=EDGE_LOOP('',(#19957,#19958,#19959,#19961));
#19963=FACE_OUTER_BOUND('',#19962,.F.);
#19964=ADVANCED_FACE('',(#19963),#19956,.T.);
#19965=CARTESIAN_POINT('',(1.31E0,-2.E-2,-1.07E0));
#19966=DIRECTION('',(0.E0,-1.E0,0.E0));
#19967=DIRECTION('',(0.E0,0.E0,-1.E0));
#19968=AXIS2_PLACEMENT_3D('',#19965,#19966,#19967);
#19969=PLANE('',#19968);
#19970=ORIENTED_EDGE('',*,*,#19938,.F.);
#19971=ORIENTED_EDGE('',*,*,#19960,.T.);
#19972=ORIENTED_EDGE('',*,*,#19909,.T.);
#19974=ORIENTED_EDGE('',*,*,#19973,.F.);
#19975=EDGE_LOOP('',(#19970,#19971,#19972,#19974));
#19976=FACE_OUTER_BOUND('',#19975,.F.);
#19977=ADVANCED_FACE('',(#19976),#19969,.T.);
#19978=CARTESIAN_POINT('',(1.31E0,-2.E-2,-1.25E0));
#19979=DIRECTION('',(0.E0,0.E0,-1.E0));
#19980=DIRECTION('',(0.E0,1.E0,0.E0));
#19981=AXIS2_PLACEMENT_3D('',#19978,#19979,#19980);
#19982=PLANE('',#19981);
#19983=ORIENTED_EDGE('',*,*,#19940,.F.);
#19984=ORIENTED_EDGE('',*,*,#19973,.T.);
#19985=ORIENTED_EDGE('',*,*,#19907,.T.);
#19987=ORIENTED_EDGE('',*,*,#19986,.F.);
#19988=EDGE_LOOP('',(#19983,#19984,#19985,#19987));
#19989=FACE_OUTER_BOUND('',#19988,.F.);
#19990=ADVANCED_FACE('',(#19989),#19982,.T.);
#19991=CARTESIAN_POINT('',(1.31E0,6.E-2,-1.25E0));
#19992=DIRECTION('',(0.E0,1.E0,0.E0));
#19993=DIRECTION('',(0.E0,0.E0,1.E0));
#19994=AXIS2_PLACEMENT_3D('',#19991,#19992,#19993);
#19995=PLANE('',#19994);
#19996=ORIENTED_EDGE('',*,*,#19942,.F.);
#19997=ORIENTED_EDGE('',*,*,#19986,.T.);
#19998=ORIENTED_EDGE('',*,*,#19905,.T.);
#20000=ORIENTED_EDGE('',*,*,#19999,.F.);
#20001=EDGE_LOOP('',(#19996,#19997,#19998,#20000));
#20002=FACE_OUTER_BOUND('',#20001,.F.);
#20003=ADVANCED_FACE('',(#20002),#19995,.T.);
#20004=CARTESIAN_POINT('',(1.31E0,1.E-1,-1.07E0));
#20005=DIRECTION('',(1.E0,0.E0,0.E0));
#20006=DIRECTION('',(0.E0,0.E0,-1.E0));
#20007=AXIS2_PLACEMENT_3D('',#20004,#20005,#20006);
#20008=CYLINDRICAL_SURFACE('',#20007,4.E-2);
#20009=ORIENTED_EDGE('',*,*,#19944,.T.);
#20010=ORIENTED_EDGE('',*,*,#19999,.T.);
#20011=ORIENTED_EDGE('',*,*,#19903,.F.);
#20013=ORIENTED_EDGE('',*,*,#20012,.F.);
#20014=EDGE_LOOP('',(#20009,#20010,#20011,#20013));
#20015=FACE_OUTER_BOUND('',#20014,.F.);
#20016=ADVANCED_FACE('',(#20015),#20008,.F.);
#20017=CARTESIAN_POINT('',(1.31E0,1.E-1,-1.03E0));
#20018=DIRECTION('',(0.E0,0.E0,-1.E0));
#20019=DIRECTION('',(0.E0,1.E0,0.E0));
#20020=AXIS2_PLACEMENT_3D('',#20017,#20018,#20019);
#20021=PLANE('',#20020);
#20022=ORIENTED_EDGE('',*,*,#19946,.F.);
#20023=ORIENTED_EDGE('',*,*,#20012,.T.);
#20024=ORIENTED_EDGE('',*,*,#19901,.T.);
#20025=ORIENTED_EDGE('',*,*,#11547,.F.);
#20026=EDGE_LOOP('',(#20022,#20023,#20024,#20025));
#20027=FACE_OUTER_BOUND('',#20026,.F.);
#20028=ADVANCED_FACE('',(#20027),#20021,.T.);
#20029=CARTESIAN_POINT('',(1.31E0,1.E-1,9.5E-1));
#20030=DIRECTION('',(0.E0,0.E0,-1.E0));
#20031=DIRECTION('',(0.E0,1.E0,0.E0));
#20032=AXIS2_PLACEMENT_3D('',#20029,#20030,#20031);
#20033=PLANE('',#20032);
#20035=ORIENTED_EDGE('',*,*,#20034,.F.);
#20037=ORIENTED_EDGE('',*,*,#20036,.T.);
#20039=ORIENTED_EDGE('',*,*,#20038,.T.);
#20040=ORIENTED_EDGE('',*,*,#11648,.F.);
#20041=EDGE_LOOP('',(#20035,#20037,#20039,#20040));
#20042=FACE_OUTER_BOUND('',#20041,.F.);
#20043=ADVANCED_FACE('',(#20042),#20033,.T.);
#20044=CARTESIAN_POINT('',(1.33E0,-2.E-2,9.5E-1));
#20045=DIRECTION('',(1.E0,0.E0,0.E0));
#20046=DIRECTION('',(0.E0,0.E0,1.E0));
#20047=AXIS2_PLACEMENT_3D('',#20044,#20045,#20046);
#20048=PLANE('',#20047);
#20050=ORIENTED_EDGE('',*,*,#20049,.T.);
#20052=ORIENTED_EDGE('',*,*,#20051,.F.);
#20054=ORIENTED_EDGE('',*,*,#20053,.T.);
#20056=ORIENTED_EDGE('',*,*,#20055,.T.);
#20058=ORIENTED_EDGE('',*,*,#20057,.T.);
#20060=ORIENTED_EDGE('',*,*,#20059,.T.);
#20061=ORIENTED_EDGE('',*,*,#20034,.T.);
#20062=ORIENTED_EDGE('',*,*,#11654,.T.);
#20063=EDGE_LOOP('',(#20050,#20052,#20054,#20056,#20058,#20060,#20061,#20062));
#20064=FACE_OUTER_BOUND('',#20063,.F.);
#20065=ADVANCED_FACE('',(#20064),#20048,.F.);
#20066=CARTESIAN_POINT('',(1.31E0,5.E-1,1.03E0));
#20067=DIRECTION('',(0.E0,0.E0,1.E0));
#20068=DIRECTION('',(0.E0,-1.E0,0.E0));
#20069=AXIS2_PLACEMENT_3D('',#20066,#20067,#20068);
#20070=PLANE('',#20069);
#20071=ORIENTED_EDGE('',*,*,#20049,.F.);
#20072=ORIENTED_EDGE('',*,*,#11652,.T.);
#20074=ORIENTED_EDGE('',*,*,#20073,.T.);
#20076=ORIENTED_EDGE('',*,*,#20075,.F.);
#20077=EDGE_LOOP('',(#20071,#20072,#20074,#20076));
#20078=FACE_OUTER_BOUND('',#20077,.F.);
#20079=ADVANCED_FACE('',(#20078),#20070,.T.);
#20080=CARTESIAN_POINT('',(1.47E0,-2.E-2,1.25E0));
#20081=DIRECTION('',(-1.E0,0.E0,0.E0));
#20082=DIRECTION('',(0.E0,0.E0,-1.E0));
#20083=AXIS2_PLACEMENT_3D('',#20080,#20081,#20082);
#20084=PLANE('',#20083);
#20085=ORIENTED_EDGE('',*,*,#20073,.F.);
#20086=ORIENTED_EDGE('',*,*,#11650,.T.);
#20087=ORIENTED_EDGE('',*,*,#20038,.F.);
#20089=ORIENTED_EDGE('',*,*,#20088,.F.);
#20091=ORIENTED_EDGE('',*,*,#20090,.F.);
#20093=ORIENTED_EDGE('',*,*,#20092,.F.);
#20095=ORIENTED_EDGE('',*,*,#20094,.F.);
#20097=ORIENTED_EDGE('',*,*,#20096,.T.);
#20098=EDGE_LOOP('',(#20085,#20086,#20087,#20089,#20091,#20093,#20095,#20097));
#20099=FACE_OUTER_BOUND('',#20098,.F.);
#20100=ADVANCED_FACE('',(#20099),#20084,.F.);
#20101=CARTESIAN_POINT('',(1.31E0,1.E-1,1.07E0));
#20102=DIRECTION('',(1.E0,0.E0,0.E0));
#20103=DIRECTION('',(0.E0,0.E0,-1.E0));
#20104=AXIS2_PLACEMENT_3D('',#20101,#20102,#20103);
#20105=CYLINDRICAL_SURFACE('',#20104,1.2E-1);
#20106=ORIENTED_EDGE('',*,*,#20059,.F.);
#20108=ORIENTED_EDGE('',*,*,#20107,.T.);
#20109=ORIENTED_EDGE('',*,*,#20088,.T.);
#20110=ORIENTED_EDGE('',*,*,#20036,.F.);
#20111=EDGE_LOOP('',(#20106,#20108,#20109,#20110));
#20112=FACE_OUTER_BOUND('',#20111,.F.);
#20113=ADVANCED_FACE('',(#20112),#20105,.T.);
#20114=CARTESIAN_POINT('',(1.31E0,-2.E-2,1.25E0));
#20115=DIRECTION('',(0.E0,-1.E0,0.E0));
#20116=DIRECTION('',(0.E0,0.E0,-1.E0));
#20117=AXIS2_PLACEMENT_3D('',#20114,#20115,#20116);
#20118=PLANE('',#20117);
#20119=ORIENTED_EDGE('',*,*,#20057,.F.);
#20121=ORIENTED_EDGE('',*,*,#20120,.T.);
#20122=ORIENTED_EDGE('',*,*,#20090,.T.);
#20123=ORIENTED_EDGE('',*,*,#20107,.F.);
#20124=EDGE_LOOP('',(#20119,#20121,#20122,#20123));
#20125=FACE_OUTER_BOUND('',#20124,.F.);
#20126=ADVANCED_FACE('',(#20125),#20118,.T.);
#20127=CARTESIAN_POINT('',(1.31E0,6.E-2,1.25E0));
#20128=DIRECTION('',(0.E0,0.E0,1.E0));
#20129=DIRECTION('',(0.E0,-1.E0,0.E0));
#20130=AXIS2_PLACEMENT_3D('',#20127,#20128,#20129);
#20131=PLANE('',#20130);
#20132=ORIENTED_EDGE('',*,*,#20055,.F.);
#20134=ORIENTED_EDGE('',*,*,#20133,.T.);
#20135=ORIENTED_EDGE('',*,*,#20092,.T.);
#20136=ORIENTED_EDGE('',*,*,#20120,.F.);
#20137=EDGE_LOOP('',(#20132,#20134,#20135,#20136));
#20138=FACE_OUTER_BOUND('',#20137,.F.);
#20139=ADVANCED_FACE('',(#20138),#20131,.T.);
#20140=CARTESIAN_POINT('',(1.31E0,6.E-2,1.07E0));
#20141=DIRECTION('',(0.E0,1.E0,0.E0));
#20142=DIRECTION('',(0.E0,0.E0,1.E0));
#20143=AXIS2_PLACEMENT_3D('',#20140,#20141,#20142);
#20144=PLANE('',#20143);
#20145=ORIENTED_EDGE('',*,*,#20053,.F.);
#20147=ORIENTED_EDGE('',*,*,#20146,.T.);
#20148=ORIENTED_EDGE('',*,*,#20094,.T.);
#20149=ORIENTED_EDGE('',*,*,#20133,.F.);
#20150=EDGE_LOOP('',(#20145,#20147,#20148,#20149));
#20151=FACE_OUTER_BOUND('',#20150,.F.);
#20152=ADVANCED_FACE('',(#20151),#20144,.T.);
#20153=CARTESIAN_POINT('',(1.31E0,1.E-1,1.07E0));
#20154=DIRECTION('',(1.E0,0.E0,0.E0));
#20155=DIRECTION('',(0.E0,0.E0,-1.E0));
#20156=AXIS2_PLACEMENT_3D('',#20153,#20154,#20155);
#20157=CYLINDRICAL_SURFACE('',#20156,4.E-2);
#20158=ORIENTED_EDGE('',*,*,#20051,.T.);
#20159=ORIENTED_EDGE('',*,*,#20075,.T.);
#20160=ORIENTED_EDGE('',*,*,#20096,.F.);
#20161=ORIENTED_EDGE('',*,*,#20146,.F.);
#20162=EDGE_LOOP('',(#20158,#20159,#20160,#20161));
#20163=FACE_OUTER_BOUND('',#20162,.F.);
#20164=ADVANCED_FACE('',(#20163),#20157,.F.);
#20165=CARTESIAN_POINT('',(9.1E-1,1.E-1,9.5E-1));
#20166=DIRECTION('',(0.E0,0.E0,-1.E0));
#20167=DIRECTION('',(0.E0,1.E0,0.E0));
#20168=AXIS2_PLACEMENT_3D('',#20165,#20166,#20167);
#20169=PLANE('',#20168);
#20171=ORIENTED_EDGE('',*,*,#20170,.F.);
#20173=ORIENTED_EDGE('',*,*,#20172,.T.);
#20175=ORIENTED_EDGE('',*,*,#20174,.T.);
#20176=ORIENTED_EDGE('',*,*,#11658,.F.);
#20177=EDGE_LOOP('',(#20171,#20173,#20175,#20176));
#20178=FACE_OUTER_BOUND('',#20177,.F.);
#20179=ADVANCED_FACE('',(#20178),#20169,.T.);
#20180=CARTESIAN_POINT('',(9.3E-1,-2.E-2,9.5E-1));
#20181=DIRECTION('',(1.E0,0.E0,0.E0));
#20182=DIRECTION('',(0.E0,0.E0,1.E0));
#20183=AXIS2_PLACEMENT_3D('',#20180,#20181,#20182);
#20184=PLANE('',#20183);
#20186=ORIENTED_EDGE('',*,*,#20185,.T.);
#20188=ORIENTED_EDGE('',*,*,#20187,.F.);
#20190=ORIENTED_EDGE('',*,*,#20189,.T.);
#20192=ORIENTED_EDGE('',*,*,#20191,.T.);
#20194=ORIENTED_EDGE('',*,*,#20193,.T.);
#20196=ORIENTED_EDGE('',*,*,#20195,.T.);
#20197=ORIENTED_EDGE('',*,*,#20170,.T.);
#20198=ORIENTED_EDGE('',*,*,#11664,.T.);
#20199=EDGE_LOOP('',(#20186,#20188,#20190,#20192,#20194,#20196,#20197,#20198));
#20200=FACE_OUTER_BOUND('',#20199,.F.);
#20201=ADVANCED_FACE('',(#20200),#20184,.F.);
#20202=CARTESIAN_POINT('',(9.1E-1,5.E-1,1.03E0));
#20203=DIRECTION('',(0.E0,0.E0,1.E0));
#20204=DIRECTION('',(0.E0,-1.E0,0.E0));
#20205=AXIS2_PLACEMENT_3D('',#20202,#20203,#20204);
#20206=PLANE('',#20205);
#20207=ORIENTED_EDGE('',*,*,#20185,.F.);
#20208=ORIENTED_EDGE('',*,*,#11662,.T.);
#20210=ORIENTED_EDGE('',*,*,#20209,.T.);
#20212=ORIENTED_EDGE('',*,*,#20211,.F.);
#20213=EDGE_LOOP('',(#20207,#20208,#20210,#20212));
#20214=FACE_OUTER_BOUND('',#20213,.F.);
#20215=ADVANCED_FACE('',(#20214),#20206,.T.);
#20216=CARTESIAN_POINT('',(1.07E0,-2.E-2,1.25E0));
#20217=DIRECTION('',(-1.E0,0.E0,0.E0));
#20218=DIRECTION('',(0.E0,0.E0,-1.E0));
#20219=AXIS2_PLACEMENT_3D('',#20216,#20217,#20218);
#20220=PLANE('',#20219);
#20221=ORIENTED_EDGE('',*,*,#20209,.F.);
#20222=ORIENTED_EDGE('',*,*,#11660,.T.);
#20223=ORIENTED_EDGE('',*,*,#20174,.F.);
#20225=ORIENTED_EDGE('',*,*,#20224,.F.);
#20227=ORIENTED_EDGE('',*,*,#20226,.F.);
#20229=ORIENTED_EDGE('',*,*,#20228,.F.);
#20231=ORIENTED_EDGE('',*,*,#20230,.F.);
#20233=ORIENTED_EDGE('',*,*,#20232,.T.);
#20234=EDGE_LOOP('',(#20221,#20222,#20223,#20225,#20227,#20229,#20231,#20233));
#20235=FACE_OUTER_BOUND('',#20234,.F.);
#20236=ADVANCED_FACE('',(#20235),#20220,.F.);
#20237=CARTESIAN_POINT('',(9.1E-1,1.E-1,1.07E0));
#20238=DIRECTION('',(1.E0,0.E0,0.E0));
#20239=DIRECTION('',(0.E0,0.E0,-1.E0));
#20240=AXIS2_PLACEMENT_3D('',#20237,#20238,#20239);
#20241=CYLINDRICAL_SURFACE('',#20240,1.2E-1);
#20242=ORIENTED_EDGE('',*,*,#20195,.F.);
#20244=ORIENTED_EDGE('',*,*,#20243,.T.);
#20245=ORIENTED_EDGE('',*,*,#20224,.T.);
#20246=ORIENTED_EDGE('',*,*,#20172,.F.);
#20247=EDGE_LOOP('',(#20242,#20244,#20245,#20246));
#20248=FACE_OUTER_BOUND('',#20247,.F.);
#20249=ADVANCED_FACE('',(#20248),#20241,.T.);
#20250=CARTESIAN_POINT('',(9.1E-1,-2.E-2,1.25E0));
#20251=DIRECTION('',(0.E0,-1.E0,0.E0));
#20252=DIRECTION('',(0.E0,0.E0,-1.E0));
#20253=AXIS2_PLACEMENT_3D('',#20250,#20251,#20252);
#20254=PLANE('',#20253);
#20255=ORIENTED_EDGE('',*,*,#20193,.F.);
#20257=ORIENTED_EDGE('',*,*,#20256,.T.);
#20258=ORIENTED_EDGE('',*,*,#20226,.T.);
#20259=ORIENTED_EDGE('',*,*,#20243,.F.);
#20260=EDGE_LOOP('',(#20255,#20257,#20258,#20259));
#20261=FACE_OUTER_BOUND('',#20260,.F.);
#20262=ADVANCED_FACE('',(#20261),#20254,.T.);
#20263=CARTESIAN_POINT('',(9.1E-1,6.E-2,1.25E0));
#20264=DIRECTION('',(0.E0,0.E0,1.E0));
#20265=DIRECTION('',(0.E0,-1.E0,0.E0));
#20266=AXIS2_PLACEMENT_3D('',#20263,#20264,#20265);
#20267=PLANE('',#20266);
#20268=ORIENTED_EDGE('',*,*,#20191,.F.);
#20270=ORIENTED_EDGE('',*,*,#20269,.T.);
#20271=ORIENTED_EDGE('',*,*,#20228,.T.);
#20272=ORIENTED_EDGE('',*,*,#20256,.F.);
#20273=EDGE_LOOP('',(#20268,#20270,#20271,#20272));
#20274=FACE_OUTER_BOUND('',#20273,.F.);
#20275=ADVANCED_FACE('',(#20274),#20267,.T.);
#20276=CARTESIAN_POINT('',(9.1E-1,6.E-2,1.07E0));
#20277=DIRECTION('',(0.E0,1.E0,0.E0));
#20278=DIRECTION('',(0.E0,0.E0,1.E0));
#20279=AXIS2_PLACEMENT_3D('',#20276,#20277,#20278);
#20280=PLANE('',#20279);
#20281=ORIENTED_EDGE('',*,*,#20189,.F.);
#20283=ORIENTED_EDGE('',*,*,#20282,.T.);
#20284=ORIENTED_EDGE('',*,*,#20230,.T.);
#20285=ORIENTED_EDGE('',*,*,#20269,.F.);
#20286=EDGE_LOOP('',(#20281,#20283,#20284,#20285));
#20287=FACE_OUTER_BOUND('',#20286,.F.);
#20288=ADVANCED_FACE('',(#20287),#20280,.T.);
#20289=CARTESIAN_POINT('',(9.1E-1,1.E-1,1.07E0));
#20290=DIRECTION('',(1.E0,0.E0,0.E0));
#20291=DIRECTION('',(0.E0,0.E0,-1.E0));
#20292=AXIS2_PLACEMENT_3D('',#20289,#20290,#20291);
#20293=CYLINDRICAL_SURFACE('',#20292,4.E-2);
#20294=ORIENTED_EDGE('',*,*,#20187,.T.);
#20295=ORIENTED_EDGE('',*,*,#20211,.T.);
#20296=ORIENTED_EDGE('',*,*,#20232,.F.);
#20297=ORIENTED_EDGE('',*,*,#20282,.F.);
#20298=EDGE_LOOP('',(#20294,#20295,#20296,#20297));
#20299=FACE_OUTER_BOUND('',#20298,.F.);
#20300=ADVANCED_FACE('',(#20299),#20293,.F.);
#20301=CARTESIAN_POINT('',(9.1E-1,1.E-1,-1.03E0));
#20302=DIRECTION('',(0.E0,0.E0,-1.E0));
#20303=DIRECTION('',(0.E0,1.E0,0.E0));
#20304=AXIS2_PLACEMENT_3D('',#20301,#20302,#20303);
#20305=PLANE('',#20304);
#20307=ORIENTED_EDGE('',*,*,#20306,.F.);
#20309=ORIENTED_EDGE('',*,*,#20308,.T.);
#20311=ORIENTED_EDGE('',*,*,#20310,.T.);
#20312=ORIENTED_EDGE('',*,*,#11551,.F.);
#20313=EDGE_LOOP('',(#20307,#20309,#20311,#20312));
#20314=FACE_OUTER_BOUND('',#20313,.F.);
#20315=ADVANCED_FACE('',(#20314),#20305,.T.);
#20316=CARTESIAN_POINT('',(9.3E-1,-2.E-2,-1.25E0));
#20317=DIRECTION('',(1.E0,0.E0,0.E0));
#20318=DIRECTION('',(0.E0,0.E0,1.E0));
#20319=AXIS2_PLACEMENT_3D('',#20316,#20317,#20318);
#20320=PLANE('',#20319);
#20322=ORIENTED_EDGE('',*,*,#20321,.T.);
#20324=ORIENTED_EDGE('',*,*,#20323,.T.);
#20326=ORIENTED_EDGE('',*,*,#20325,.T.);
#20328=ORIENTED_EDGE('',*,*,#20327,.T.);
#20330=ORIENTED_EDGE('',*,*,#20329,.T.);
#20332=ORIENTED_EDGE('',*,*,#20331,.F.);
#20333=ORIENTED_EDGE('',*,*,#20306,.T.);
#20334=ORIENTED_EDGE('',*,*,#11557,.T.);
#20335=EDGE_LOOP('',(#20322,#20324,#20326,#20328,#20330,#20332,#20333,#20334));
#20336=FACE_OUTER_BOUND('',#20335,.F.);
#20337=ADVANCED_FACE('',(#20336),#20320,.F.);
#20338=CARTESIAN_POINT('',(9.1E-1,5.E-1,-9.5E-1));
#20339=DIRECTION('',(0.E0,0.E0,1.E0));
#20340=DIRECTION('',(0.E0,-1.E0,0.E0));
#20341=AXIS2_PLACEMENT_3D('',#20338,#20339,#20340);
#20342=PLANE('',#20341);
#20343=ORIENTED_EDGE('',*,*,#20321,.F.);
#20344=ORIENTED_EDGE('',*,*,#11555,.T.);
#20346=ORIENTED_EDGE('',*,*,#20345,.T.);
#20348=ORIENTED_EDGE('',*,*,#20347,.F.);
#20349=EDGE_LOOP('',(#20343,#20344,#20346,#20348));
#20350=FACE_OUTER_BOUND('',#20349,.F.);
#20351=ADVANCED_FACE('',(#20350),#20342,.T.);
#20352=CARTESIAN_POINT('',(1.07E0,-2.E-2,-9.5E-1));
#20353=DIRECTION('',(-1.E0,0.E0,0.E0));
#20354=DIRECTION('',(0.E0,0.E0,-1.E0));
#20355=AXIS2_PLACEMENT_3D('',#20352,#20353,#20354);
#20356=PLANE('',#20355);
#20357=ORIENTED_EDGE('',*,*,#20345,.F.);
#20358=ORIENTED_EDGE('',*,*,#11553,.T.);
#20359=ORIENTED_EDGE('',*,*,#20310,.F.);
#20361=ORIENTED_EDGE('',*,*,#20360,.T.);
#20363=ORIENTED_EDGE('',*,*,#20362,.F.);
#20365=ORIENTED_EDGE('',*,*,#20364,.F.);
#20367=ORIENTED_EDGE('',*,*,#20366,.F.);
#20369=ORIENTED_EDGE('',*,*,#20368,.F.);
#20370=EDGE_LOOP('',(#20357,#20358,#20359,#20361,#20363,#20365,#20367,#20369));
#20371=FACE_OUTER_BOUND('',#20370,.F.);
#20372=ADVANCED_FACE('',(#20371),#20356,.F.);
#20373=CARTESIAN_POINT('',(9.1E-1,1.E-1,-1.07E0));
#20374=DIRECTION('',(1.E0,0.E0,0.E0));
#20375=DIRECTION('',(0.E0,0.E0,-1.E0));
#20376=AXIS2_PLACEMENT_3D('',#20373,#20374,#20375);
#20377=CYLINDRICAL_SURFACE('',#20376,4.E-2);
#20378=ORIENTED_EDGE('',*,*,#20331,.T.);
#20380=ORIENTED_EDGE('',*,*,#20379,.T.);
#20381=ORIENTED_EDGE('',*,*,#20360,.F.);
#20382=ORIENTED_EDGE('',*,*,#20308,.F.);
#20383=EDGE_LOOP('',(#20378,#20380,#20381,#20382));
#20384=FACE_OUTER_BOUND('',#20383,.F.);
#20385=ADVANCED_FACE('',(#20384),#20377,.F.);
#20386=CARTESIAN_POINT('',(9.1E-1,6.E-2,-1.25E0));
#20387=DIRECTION('',(0.E0,1.E0,0.E0));
#20388=DIRECTION('',(0.E0,0.E0,1.E0));
#20389=AXIS2_PLACEMENT_3D('',#20386,#20387,#20388);
#20390=PLANE('',#20389);
#20391=ORIENTED_EDGE('',*,*,#20329,.F.);
#20393=ORIENTED_EDGE('',*,*,#20392,.T.);
#20394=ORIENTED_EDGE('',*,*,#20362,.T.);
#20395=ORIENTED_EDGE('',*,*,#20379,.F.);
#20396=EDGE_LOOP('',(#20391,#20393,#20394,#20395));
#20397=FACE_OUTER_BOUND('',#20396,.F.);
#20398=ADVANCED_FACE('',(#20397),#20390,.T.);
#20399=CARTESIAN_POINT('',(9.1E-1,-2.E-2,-1.25E0));
#20400=DIRECTION('',(0.E0,0.E0,-1.E0));
#20401=DIRECTION('',(0.E0,1.E0,0.E0));
#20402=AXIS2_PLACEMENT_3D('',#20399,#20400,#20401);
#20403=PLANE('',#20402);
#20404=ORIENTED_EDGE('',*,*,#20327,.F.);
#20406=ORIENTED_EDGE('',*,*,#20405,.T.);
#20407=ORIENTED_EDGE('',*,*,#20364,.T.);
#20408=ORIENTED_EDGE('',*,*,#20392,.F.);
#20409=EDGE_LOOP('',(#20404,#20406,#20407,#20408));
#20410=FACE_OUTER_BOUND('',#20409,.F.);
#20411=ADVANCED_FACE('',(#20410),#20403,.T.);
#20412=CARTESIAN_POINT('',(9.1E-1,-2.E-2,-1.07E0));
#20413=DIRECTION('',(0.E0,-1.E0,0.E0));
#20414=DIRECTION('',(0.E0,0.E0,-1.E0));
#20415=AXIS2_PLACEMENT_3D('',#20412,#20413,#20414);
#20416=PLANE('',#20415);
#20417=ORIENTED_EDGE('',*,*,#20325,.F.);
#20419=ORIENTED_EDGE('',*,*,#20418,.T.);
#20420=ORIENTED_EDGE('',*,*,#20366,.T.);
#20421=ORIENTED_EDGE('',*,*,#20405,.F.);
#20422=EDGE_LOOP('',(#20417,#20419,#20420,#20421));
#20423=FACE_OUTER_BOUND('',#20422,.F.);
#20424=ADVANCED_FACE('',(#20423),#20416,.T.);
#20425=CARTESIAN_POINT('',(9.1E-1,1.E-1,-1.07E0));
#20426=DIRECTION('',(1.E0,0.E0,0.E0));
#20427=DIRECTION('',(0.E0,0.E0,-1.E0));
#20428=AXIS2_PLACEMENT_3D('',#20425,#20426,#20427);
#20429=CYLINDRICAL_SURFACE('',#20428,1.2E-1);
#20430=ORIENTED_EDGE('',*,*,#20323,.F.);
#20431=ORIENTED_EDGE('',*,*,#20347,.T.);
#20432=ORIENTED_EDGE('',*,*,#20368,.T.);
#20433=ORIENTED_EDGE('',*,*,#20418,.F.);
#20434=EDGE_LOOP('',(#20430,#20431,#20432,#20433));
#20435=FACE_OUTER_BOUND('',#20434,.F.);
#20436=ADVANCED_FACE('',(#20435),#20429,.T.);
#20437=CARTESIAN_POINT('',(5.1E-1,1.E-1,9.5E-1));
#20438=DIRECTION('',(0.E0,0.E0,-1.E0));
#20439=DIRECTION('',(0.E0,1.E0,0.E0));
#20440=AXIS2_PLACEMENT_3D('',#20437,#20438,#20439);
#20441=PLANE('',#20440);
#20443=ORIENTED_EDGE('',*,*,#20442,.F.);
#20445=ORIENTED_EDGE('',*,*,#20444,.T.);
#20447=ORIENTED_EDGE('',*,*,#20446,.T.);
#20448=ORIENTED_EDGE('',*,*,#11668,.F.);
#20449=EDGE_LOOP('',(#20443,#20445,#20447,#20448));
#20450=FACE_OUTER_BOUND('',#20449,.F.);
#20451=ADVANCED_FACE('',(#20450),#20441,.T.);
#20452=CARTESIAN_POINT('',(5.3E-1,-2.E-2,9.5E-1));
#20453=DIRECTION('',(1.E0,0.E0,0.E0));
#20454=DIRECTION('',(0.E0,0.E0,1.E0));
#20455=AXIS2_PLACEMENT_3D('',#20452,#20453,#20454);
#20456=PLANE('',#20455);
#20458=ORIENTED_EDGE('',*,*,#20457,.T.);
#20460=ORIENTED_EDGE('',*,*,#20459,.F.);
#20462=ORIENTED_EDGE('',*,*,#20461,.T.);
#20464=ORIENTED_EDGE('',*,*,#20463,.T.);
#20466=ORIENTED_EDGE('',*,*,#20465,.T.);
#20468=ORIENTED_EDGE('',*,*,#20467,.T.);
#20469=ORIENTED_EDGE('',*,*,#20442,.T.);
#20470=ORIENTED_EDGE('',*,*,#11674,.T.);
#20471=EDGE_LOOP('',(#20458,#20460,#20462,#20464,#20466,#20468,#20469,#20470));
#20472=FACE_OUTER_BOUND('',#20471,.F.);
#20473=ADVANCED_FACE('',(#20472),#20456,.F.);
#20474=CARTESIAN_POINT('',(5.1E-1,5.E-1,1.03E0));
#20475=DIRECTION('',(0.E0,0.E0,1.E0));
#20476=DIRECTION('',(0.E0,-1.E0,0.E0));
#20477=AXIS2_PLACEMENT_3D('',#20474,#20475,#20476);
#20478=PLANE('',#20477);
#20479=ORIENTED_EDGE('',*,*,#20457,.F.);
#20480=ORIENTED_EDGE('',*,*,#11672,.T.);
#20482=ORIENTED_EDGE('',*,*,#20481,.T.);
#20484=ORIENTED_EDGE('',*,*,#20483,.F.);
#20485=EDGE_LOOP('',(#20479,#20480,#20482,#20484));
#20486=FACE_OUTER_BOUND('',#20485,.F.);
#20487=ADVANCED_FACE('',(#20486),#20478,.T.);
#20488=CARTESIAN_POINT('',(6.7E-1,-2.E-2,1.25E0));
#20489=DIRECTION('',(-1.E0,0.E0,0.E0));
#20490=DIRECTION('',(0.E0,0.E0,-1.E0));
#20491=AXIS2_PLACEMENT_3D('',#20488,#20489,#20490);
#20492=PLANE('',#20491);
#20493=ORIENTED_EDGE('',*,*,#20481,.F.);
#20494=ORIENTED_EDGE('',*,*,#11670,.T.);
#20495=ORIENTED_EDGE('',*,*,#20446,.F.);
#20497=ORIENTED_EDGE('',*,*,#20496,.F.);
#20499=ORIENTED_EDGE('',*,*,#20498,.F.);
#20501=ORIENTED_EDGE('',*,*,#20500,.F.);
#20503=ORIENTED_EDGE('',*,*,#20502,.F.);
#20505=ORIENTED_EDGE('',*,*,#20504,.T.);
#20506=EDGE_LOOP('',(#20493,#20494,#20495,#20497,#20499,#20501,#20503,#20505));
#20507=FACE_OUTER_BOUND('',#20506,.F.);
#20508=ADVANCED_FACE('',(#20507),#20492,.F.);
#20509=CARTESIAN_POINT('',(5.1E-1,1.E-1,1.07E0));
#20510=DIRECTION('',(1.E0,0.E0,0.E0));
#20511=DIRECTION('',(0.E0,0.E0,-1.E0));
#20512=AXIS2_PLACEMENT_3D('',#20509,#20510,#20511);
#20513=CYLINDRICAL_SURFACE('',#20512,1.2E-1);
#20514=ORIENTED_EDGE('',*,*,#20467,.F.);
#20516=ORIENTED_EDGE('',*,*,#20515,.T.);
#20517=ORIENTED_EDGE('',*,*,#20496,.T.);
#20518=ORIENTED_EDGE('',*,*,#20444,.F.);
#20519=EDGE_LOOP('',(#20514,#20516,#20517,#20518));
#20520=FACE_OUTER_BOUND('',#20519,.F.);
#20521=ADVANCED_FACE('',(#20520),#20513,.T.);
#20522=CARTESIAN_POINT('',(5.1E-1,-2.E-2,1.25E0));
#20523=DIRECTION('',(0.E0,-1.E0,0.E0));
#20524=DIRECTION('',(0.E0,0.E0,-1.E0));
#20525=AXIS2_PLACEMENT_3D('',#20522,#20523,#20524);
#20526=PLANE('',#20525);
#20527=ORIENTED_EDGE('',*,*,#20465,.F.);
#20529=ORIENTED_EDGE('',*,*,#20528,.T.);
#20530=ORIENTED_EDGE('',*,*,#20498,.T.);
#20531=ORIENTED_EDGE('',*,*,#20515,.F.);
#20532=EDGE_LOOP('',(#20527,#20529,#20530,#20531));
#20533=FACE_OUTER_BOUND('',#20532,.F.);
#20534=ADVANCED_FACE('',(#20533),#20526,.T.);
#20535=CARTESIAN_POINT('',(5.1E-1,6.E-2,1.25E0));
#20536=DIRECTION('',(0.E0,0.E0,1.E0));
#20537=DIRECTION('',(0.E0,-1.E0,0.E0));
#20538=AXIS2_PLACEMENT_3D('',#20535,#20536,#20537);
#20539=PLANE('',#20538);
#20540=ORIENTED_EDGE('',*,*,#20463,.F.);
#20542=ORIENTED_EDGE('',*,*,#20541,.T.);
#20543=ORIENTED_EDGE('',*,*,#20500,.T.);
#20544=ORIENTED_EDGE('',*,*,#20528,.F.);
#20545=EDGE_LOOP('',(#20540,#20542,#20543,#20544));
#20546=FACE_OUTER_BOUND('',#20545,.F.);
#20547=ADVANCED_FACE('',(#20546),#20539,.T.);
#20548=CARTESIAN_POINT('',(5.1E-1,6.E-2,1.07E0));
#20549=DIRECTION('',(0.E0,1.E0,0.E0));
#20550=DIRECTION('',(0.E0,0.E0,1.E0));
#20551=AXIS2_PLACEMENT_3D('',#20548,#20549,#20550);
#20552=PLANE('',#20551);
#20553=ORIENTED_EDGE('',*,*,#20461,.F.);
#20555=ORIENTED_EDGE('',*,*,#20554,.T.);
#20556=ORIENTED_EDGE('',*,*,#20502,.T.);
#20557=ORIENTED_EDGE('',*,*,#20541,.F.);
#20558=EDGE_LOOP('',(#20553,#20555,#20556,#20557));
#20559=FACE_OUTER_BOUND('',#20558,.F.);
#20560=ADVANCED_FACE('',(#20559),#20552,.T.);
#20561=CARTESIAN_POINT('',(5.1E-1,1.E-1,1.07E0));
#20562=DIRECTION('',(1.E0,0.E0,0.E0));
#20563=DIRECTION('',(0.E0,0.E0,-1.E0));
#20564=AXIS2_PLACEMENT_3D('',#20561,#20562,#20563);
#20565=CYLINDRICAL_SURFACE('',#20564,4.E-2);
#20566=ORIENTED_EDGE('',*,*,#20459,.T.);
#20567=ORIENTED_EDGE('',*,*,#20483,.T.);
#20568=ORIENTED_EDGE('',*,*,#20504,.F.);
#20569=ORIENTED_EDGE('',*,*,#20554,.F.);
#20570=EDGE_LOOP('',(#20566,#20567,#20568,#20569));
#20571=FACE_OUTER_BOUND('',#20570,.F.);
#20572=ADVANCED_FACE('',(#20571),#20565,.F.);
#20573=CARTESIAN_POINT('',(5.1E-1,1.E-1,-1.03E0));
#20574=DIRECTION('',(0.E0,0.E0,-1.E0));
#20575=DIRECTION('',(0.E0,1.E0,0.E0));
#20576=AXIS2_PLACEMENT_3D('',#20573,#20574,#20575);
#20577=PLANE('',#20576);
#20579=ORIENTED_EDGE('',*,*,#20578,.F.);
#20581=ORIENTED_EDGE('',*,*,#20580,.T.);
#20583=ORIENTED_EDGE('',*,*,#20582,.T.);
#20584=ORIENTED_EDGE('',*,*,#11561,.F.);
#20585=EDGE_LOOP('',(#20579,#20581,#20583,#20584));
#20586=FACE_OUTER_BOUND('',#20585,.F.);
#20587=ADVANCED_FACE('',(#20586),#20577,.T.);
#20588=CARTESIAN_POINT('',(5.3E-1,-2.E-2,-1.25E0));
#20589=DIRECTION('',(1.E0,0.E0,0.E0));
#20590=DIRECTION('',(0.E0,0.E0,1.E0));
#20591=AXIS2_PLACEMENT_3D('',#20588,#20589,#20590);
#20592=PLANE('',#20591);
#20594=ORIENTED_EDGE('',*,*,#20593,.T.);
#20596=ORIENTED_EDGE('',*,*,#20595,.T.);
#20598=ORIENTED_EDGE('',*,*,#20597,.T.);
#20600=ORIENTED_EDGE('',*,*,#20599,.T.);
#20602=ORIENTED_EDGE('',*,*,#20601,.T.);
#20604=ORIENTED_EDGE('',*,*,#20603,.F.);
#20605=ORIENTED_EDGE('',*,*,#20578,.T.);
#20606=ORIENTED_EDGE('',*,*,#11567,.T.);
#20607=EDGE_LOOP('',(#20594,#20596,#20598,#20600,#20602,#20604,#20605,#20606));
#20608=FACE_OUTER_BOUND('',#20607,.F.);
#20609=ADVANCED_FACE('',(#20608),#20592,.F.);
#20610=CARTESIAN_POINT('',(5.1E-1,5.E-1,-9.5E-1));
#20611=DIRECTION('',(0.E0,0.E0,1.E0));
#20612=DIRECTION('',(0.E0,-1.E0,0.E0));
#20613=AXIS2_PLACEMENT_3D('',#20610,#20611,#20612);
#20614=PLANE('',#20613);
#20615=ORIENTED_EDGE('',*,*,#20593,.F.);
#20616=ORIENTED_EDGE('',*,*,#11565,.T.);
#20618=ORIENTED_EDGE('',*,*,#20617,.T.);
#20620=ORIENTED_EDGE('',*,*,#20619,.F.);
#20621=EDGE_LOOP('',(#20615,#20616,#20618,#20620));
#20622=FACE_OUTER_BOUND('',#20621,.F.);
#20623=ADVANCED_FACE('',(#20622),#20614,.T.);
#20624=CARTESIAN_POINT('',(6.7E-1,-2.E-2,-9.5E-1));
#20625=DIRECTION('',(-1.E0,0.E0,0.E0));
#20626=DIRECTION('',(0.E0,0.E0,-1.E0));
#20627=AXIS2_PLACEMENT_3D('',#20624,#20625,#20626);
#20628=PLANE('',#20627);
#20629=ORIENTED_EDGE('',*,*,#20617,.F.);
#20630=ORIENTED_EDGE('',*,*,#11563,.T.);
#20631=ORIENTED_EDGE('',*,*,#20582,.F.);
#20633=ORIENTED_EDGE('',*,*,#20632,.T.);
#20635=ORIENTED_EDGE('',*,*,#20634,.F.);
#20637=ORIENTED_EDGE('',*,*,#20636,.F.);
#20639=ORIENTED_EDGE('',*,*,#20638,.F.);
#20641=ORIENTED_EDGE('',*,*,#20640,.F.);
#20642=EDGE_LOOP('',(#20629,#20630,#20631,#20633,#20635,#20637,#20639,#20641));
#20643=FACE_OUTER_BOUND('',#20642,.F.);
#20644=ADVANCED_FACE('',(#20643),#20628,.F.);
#20645=CARTESIAN_POINT('',(5.1E-1,1.E-1,-1.07E0));
#20646=DIRECTION('',(1.E0,0.E0,0.E0));
#20647=DIRECTION('',(0.E0,0.E0,-1.E0));
#20648=AXIS2_PLACEMENT_3D('',#20645,#20646,#20647);
#20649=CYLINDRICAL_SURFACE('',#20648,4.E-2);
#20650=ORIENTED_EDGE('',*,*,#20603,.T.);
#20652=ORIENTED_EDGE('',*,*,#20651,.T.);
#20653=ORIENTED_EDGE('',*,*,#20632,.F.);
#20654=ORIENTED_EDGE('',*,*,#20580,.F.);
#20655=EDGE_LOOP('',(#20650,#20652,#20653,#20654));
#20656=FACE_OUTER_BOUND('',#20655,.F.);
#20657=ADVANCED_FACE('',(#20656),#20649,.F.);
#20658=CARTESIAN_POINT('',(5.1E-1,6.E-2,-1.25E0));
#20659=DIRECTION('',(0.E0,1.E0,0.E0));
#20660=DIRECTION('',(0.E0,0.E0,1.E0));
#20661=AXIS2_PLACEMENT_3D('',#20658,#20659,#20660);
#20662=PLANE('',#20661);
#20663=ORIENTED_EDGE('',*,*,#20601,.F.);
#20665=ORIENTED_EDGE('',*,*,#20664,.T.);
#20666=ORIENTED_EDGE('',*,*,#20634,.T.);
#20667=ORIENTED_EDGE('',*,*,#20651,.F.);
#20668=EDGE_LOOP('',(#20663,#20665,#20666,#20667));
#20669=FACE_OUTER_BOUND('',#20668,.F.);
#20670=ADVANCED_FACE('',(#20669),#20662,.T.);
#20671=CARTESIAN_POINT('',(5.1E-1,-2.E-2,-1.25E0));
#20672=DIRECTION('',(0.E0,0.E0,-1.E0));
#20673=DIRECTION('',(0.E0,1.E0,0.E0));
#20674=AXIS2_PLACEMENT_3D('',#20671,#20672,#20673);
#20675=PLANE('',#20674);
#20676=ORIENTED_EDGE('',*,*,#20599,.F.);
#20678=ORIENTED_EDGE('',*,*,#20677,.T.);
#20679=ORIENTED_EDGE('',*,*,#20636,.T.);
#20680=ORIENTED_EDGE('',*,*,#20664,.F.);
#20681=EDGE_LOOP('',(#20676,#20678,#20679,#20680));
#20682=FACE_OUTER_BOUND('',#20681,.F.);
#20683=ADVANCED_FACE('',(#20682),#20675,.T.);
#20684=CARTESIAN_POINT('',(5.1E-1,-2.E-2,-1.07E0));
#20685=DIRECTION('',(0.E0,-1.E0,0.E0));
#20686=DIRECTION('',(0.E0,0.E0,-1.E0));
#20687=AXIS2_PLACEMENT_3D('',#20684,#20685,#20686);
#20688=PLANE('',#20687);
#20689=ORIENTED_EDGE('',*,*,#20597,.F.);
#20691=ORIENTED_EDGE('',*,*,#20690,.T.);
#20692=ORIENTED_EDGE('',*,*,#20638,.T.);
#20693=ORIENTED_EDGE('',*,*,#20677,.F.);
#20694=EDGE_LOOP('',(#20689,#20691,#20692,#20693));
#20695=FACE_OUTER_BOUND('',#20694,.F.);
#20696=ADVANCED_FACE('',(#20695),#20688,.T.);
#20697=CARTESIAN_POINT('',(5.1E-1,1.E-1,-1.07E0));
#20698=DIRECTION('',(1.E0,0.E0,0.E0));
#20699=DIRECTION('',(0.E0,0.E0,-1.E0));
#20700=AXIS2_PLACEMENT_3D('',#20697,#20698,#20699);
#20701=CYLINDRICAL_SURFACE('',#20700,1.2E-1);
#20702=ORIENTED_EDGE('',*,*,#20595,.F.);
#20703=ORIENTED_EDGE('',*,*,#20619,.T.);
#20704=ORIENTED_EDGE('',*,*,#20640,.T.);
#20705=ORIENTED_EDGE('',*,*,#20690,.F.);
#20706=EDGE_LOOP('',(#20702,#20703,#20704,#20705));
#20707=FACE_OUTER_BOUND('',#20706,.F.);
#20708=ADVANCED_FACE('',(#20707),#20701,.T.);
#20709=CARTESIAN_POINT('',(1.1E-1,1.E-1,9.5E-1));
#20710=DIRECTION('',(0.E0,0.E0,-1.E0));
#20711=DIRECTION('',(0.E0,1.E0,0.E0));
#20712=AXIS2_PLACEMENT_3D('',#20709,#20710,#20711);
#20713=PLANE('',#20712);
#20715=ORIENTED_EDGE('',*,*,#20714,.F.);
#20717=ORIENTED_EDGE('',*,*,#20716,.T.);
#20719=ORIENTED_EDGE('',*,*,#20718,.T.);
#20720=ORIENTED_EDGE('',*,*,#11678,.F.);
#20721=EDGE_LOOP('',(#20715,#20717,#20719,#20720));
#20722=FACE_OUTER_BOUND('',#20721,.F.);
#20723=ADVANCED_FACE('',(#20722),#20713,.T.);
#20724=CARTESIAN_POINT('',(1.3E-1,-2.E-2,9.5E-1));
#20725=DIRECTION('',(1.E0,0.E0,0.E0));
#20726=DIRECTION('',(0.E0,0.E0,1.E0));
#20727=AXIS2_PLACEMENT_3D('',#20724,#20725,#20726);
#20728=PLANE('',#20727);
#20730=ORIENTED_EDGE('',*,*,#20729,.T.);
#20732=ORIENTED_EDGE('',*,*,#20731,.F.);
#20734=ORIENTED_EDGE('',*,*,#20733,.T.);
#20736=ORIENTED_EDGE('',*,*,#20735,.T.);
#20738=ORIENTED_EDGE('',*,*,#20737,.T.);
#20740=ORIENTED_EDGE('',*,*,#20739,.T.);
#20741=ORIENTED_EDGE('',*,*,#20714,.T.);
#20742=ORIENTED_EDGE('',*,*,#11684,.T.);
#20743=EDGE_LOOP('',(#20730,#20732,#20734,#20736,#20738,#20740,#20741,#20742));
#20744=FACE_OUTER_BOUND('',#20743,.F.);
#20745=ADVANCED_FACE('',(#20744),#20728,.F.);
#20746=CARTESIAN_POINT('',(1.1E-1,5.E-1,1.03E0));
#20747=DIRECTION('',(0.E0,0.E0,1.E0));
#20748=DIRECTION('',(0.E0,-1.E0,0.E0));
#20749=AXIS2_PLACEMENT_3D('',#20746,#20747,#20748);
#20750=PLANE('',#20749);
#20751=ORIENTED_EDGE('',*,*,#20729,.F.);
#20752=ORIENTED_EDGE('',*,*,#11682,.T.);
#20754=ORIENTED_EDGE('',*,*,#20753,.T.);
#20756=ORIENTED_EDGE('',*,*,#20755,.F.);
#20757=EDGE_LOOP('',(#20751,#20752,#20754,#20756));
#20758=FACE_OUTER_BOUND('',#20757,.F.);
#20759=ADVANCED_FACE('',(#20758),#20750,.T.);
#20760=CARTESIAN_POINT('',(2.7E-1,-2.E-2,1.25E0));
#20761=DIRECTION('',(-1.E0,0.E0,0.E0));
#20762=DIRECTION('',(0.E0,0.E0,-1.E0));
#20763=AXIS2_PLACEMENT_3D('',#20760,#20761,#20762);
#20764=PLANE('',#20763);
#20765=ORIENTED_EDGE('',*,*,#20753,.F.);
#20766=ORIENTED_EDGE('',*,*,#11680,.T.);
#20767=ORIENTED_EDGE('',*,*,#20718,.F.);
#20769=ORIENTED_EDGE('',*,*,#20768,.F.);
#20771=ORIENTED_EDGE('',*,*,#20770,.F.);
#20773=ORIENTED_EDGE('',*,*,#20772,.F.);
#20775=ORIENTED_EDGE('',*,*,#20774,.F.);
#20777=ORIENTED_EDGE('',*,*,#20776,.T.);
#20778=EDGE_LOOP('',(#20765,#20766,#20767,#20769,#20771,#20773,#20775,#20777));
#20779=FACE_OUTER_BOUND('',#20778,.F.);
#20780=ADVANCED_FACE('',(#20779),#20764,.F.);
#20781=CARTESIAN_POINT('',(1.1E-1,1.E-1,1.07E0));
#20782=DIRECTION('',(1.E0,0.E0,0.E0));
#20783=DIRECTION('',(0.E0,0.E0,-1.E0));
#20784=AXIS2_PLACEMENT_3D('',#20781,#20782,#20783);
#20785=CYLINDRICAL_SURFACE('',#20784,1.2E-1);
#20786=ORIENTED_EDGE('',*,*,#20739,.F.);
#20788=ORIENTED_EDGE('',*,*,#20787,.T.);
#20789=ORIENTED_EDGE('',*,*,#20768,.T.);
#20790=ORIENTED_EDGE('',*,*,#20716,.F.);
#20791=EDGE_LOOP('',(#20786,#20788,#20789,#20790));
#20792=FACE_OUTER_BOUND('',#20791,.F.);
#20793=ADVANCED_FACE('',(#20792),#20785,.T.);
#20794=CARTESIAN_POINT('',(1.1E-1,-2.E-2,1.25E0));
#20795=DIRECTION('',(0.E0,-1.E0,0.E0));
#20796=DIRECTION('',(0.E0,0.E0,-1.E0));
#20797=AXIS2_PLACEMENT_3D('',#20794,#20795,#20796);
#20798=PLANE('',#20797);
#20799=ORIENTED_EDGE('',*,*,#20737,.F.);
#20801=ORIENTED_EDGE('',*,*,#20800,.T.);
#20802=ORIENTED_EDGE('',*,*,#20770,.T.);
#20803=ORIENTED_EDGE('',*,*,#20787,.F.);
#20804=EDGE_LOOP('',(#20799,#20801,#20802,#20803));
#20805=FACE_OUTER_BOUND('',#20804,.F.);
#20806=ADVANCED_FACE('',(#20805),#20798,.T.);
#20807=CARTESIAN_POINT('',(1.1E-1,6.E-2,1.25E0));
#20808=DIRECTION('',(0.E0,0.E0,1.E0));
#20809=DIRECTION('',(0.E0,-1.E0,0.E0));
#20810=AXIS2_PLACEMENT_3D('',#20807,#20808,#20809);
#20811=PLANE('',#20810);
#20812=ORIENTED_EDGE('',*,*,#20735,.F.);
#20814=ORIENTED_EDGE('',*,*,#20813,.T.);
#20815=ORIENTED_EDGE('',*,*,#20772,.T.);
#20816=ORIENTED_EDGE('',*,*,#20800,.F.);
#20817=EDGE_LOOP('',(#20812,#20814,#20815,#20816));
#20818=FACE_OUTER_BOUND('',#20817,.F.);
#20819=ADVANCED_FACE('',(#20818),#20811,.T.);
#20820=CARTESIAN_POINT('',(1.1E-1,6.E-2,1.07E0));
#20821=DIRECTION('',(0.E0,1.E0,0.E0));
#20822=DIRECTION('',(0.E0,0.E0,1.E0));
#20823=AXIS2_PLACEMENT_3D('',#20820,#20821,#20822);
#20824=PLANE('',#20823);
#20825=ORIENTED_EDGE('',*,*,#20733,.F.);
#20827=ORIENTED_EDGE('',*,*,#20826,.T.);
#20828=ORIENTED_EDGE('',*,*,#20774,.T.);
#20829=ORIENTED_EDGE('',*,*,#20813,.F.);
#20830=EDGE_LOOP('',(#20825,#20827,#20828,#20829));
#20831=FACE_OUTER_BOUND('',#20830,.F.);
#20832=ADVANCED_FACE('',(#20831),#20824,.T.);
#20833=CARTESIAN_POINT('',(1.1E-1,1.E-1,1.07E0));
#20834=DIRECTION('',(1.E0,0.E0,0.E0));
#20835=DIRECTION('',(0.E0,0.E0,-1.E0));
#20836=AXIS2_PLACEMENT_3D('',#20833,#20834,#20835);
#20837=CYLINDRICAL_SURFACE('',#20836,4.E-2);
#20838=ORIENTED_EDGE('',*,*,#20731,.T.);
#20839=ORIENTED_EDGE('',*,*,#20755,.T.);
#20840=ORIENTED_EDGE('',*,*,#20776,.F.);
#20841=ORIENTED_EDGE('',*,*,#20826,.F.);
#20842=EDGE_LOOP('',(#20838,#20839,#20840,#20841));
#20843=FACE_OUTER_BOUND('',#20842,.F.);
#20844=ADVANCED_FACE('',(#20843),#20837,.F.);
#20845=CARTESIAN_POINT('',(1.1E-1,1.E-1,-1.03E0));
#20846=DIRECTION('',(0.E0,0.E0,-1.E0));
#20847=DIRECTION('',(0.E0,1.E0,0.E0));
#20848=AXIS2_PLACEMENT_3D('',#20845,#20846,#20847);
#20849=PLANE('',#20848);
#20851=ORIENTED_EDGE('',*,*,#20850,.F.);
#20853=ORIENTED_EDGE('',*,*,#20852,.T.);
#20855=ORIENTED_EDGE('',*,*,#20854,.T.);
#20856=ORIENTED_EDGE('',*,*,#11571,.F.);
#20857=EDGE_LOOP('',(#20851,#20853,#20855,#20856));
#20858=FACE_OUTER_BOUND('',#20857,.F.);
#20859=ADVANCED_FACE('',(#20858),#20849,.T.);
#20860=CARTESIAN_POINT('',(1.3E-1,-2.E-2,-1.25E0));
#20861=DIRECTION('',(1.E0,0.E0,0.E0));
#20862=DIRECTION('',(0.E0,0.E0,1.E0));
#20863=AXIS2_PLACEMENT_3D('',#20860,#20861,#20862);
#20864=PLANE('',#20863);
#20866=ORIENTED_EDGE('',*,*,#20865,.T.);
#20868=ORIENTED_EDGE('',*,*,#20867,.T.);
#20870=ORIENTED_EDGE('',*,*,#20869,.T.);
#20872=ORIENTED_EDGE('',*,*,#20871,.T.);
#20874=ORIENTED_EDGE('',*,*,#20873,.T.);
#20876=ORIENTED_EDGE('',*,*,#20875,.F.);
#20877=ORIENTED_EDGE('',*,*,#20850,.T.);
#20878=ORIENTED_EDGE('',*,*,#11577,.T.);
#20879=EDGE_LOOP('',(#20866,#20868,#20870,#20872,#20874,#20876,#20877,#20878));
#20880=FACE_OUTER_BOUND('',#20879,.F.);
#20881=ADVANCED_FACE('',(#20880),#20864,.F.);
#20882=CARTESIAN_POINT('',(1.1E-1,5.E-1,-9.5E-1));
#20883=DIRECTION('',(0.E0,0.E0,1.E0));
#20884=DIRECTION('',(0.E0,-1.E0,0.E0));
#20885=AXIS2_PLACEMENT_3D('',#20882,#20883,#20884);
#20886=PLANE('',#20885);
#20887=ORIENTED_EDGE('',*,*,#20865,.F.);
#20888=ORIENTED_EDGE('',*,*,#11575,.T.);
#20890=ORIENTED_EDGE('',*,*,#20889,.T.);
#20892=ORIENTED_EDGE('',*,*,#20891,.F.);
#20893=EDGE_LOOP('',(#20887,#20888,#20890,#20892));
#20894=FACE_OUTER_BOUND('',#20893,.F.);
#20895=ADVANCED_FACE('',(#20894),#20886,.T.);
#20896=CARTESIAN_POINT('',(2.7E-1,-2.E-2,-9.5E-1));
#20897=DIRECTION('',(-1.E0,0.E0,0.E0));
#20898=DIRECTION('',(0.E0,0.E0,-1.E0));
#20899=AXIS2_PLACEMENT_3D('',#20896,#20897,#20898);
#20900=PLANE('',#20899);
#20901=ORIENTED_EDGE('',*,*,#20889,.F.);
#20902=ORIENTED_EDGE('',*,*,#11573,.T.);
#20903=ORIENTED_EDGE('',*,*,#20854,.F.);
#20905=ORIENTED_EDGE('',*,*,#20904,.T.);
#20907=ORIENTED_EDGE('',*,*,#20906,.F.);
#20909=ORIENTED_EDGE('',*,*,#20908,.F.);
#20911=ORIENTED_EDGE('',*,*,#20910,.F.);
#20913=ORIENTED_EDGE('',*,*,#20912,.F.);
#20914=EDGE_LOOP('',(#20901,#20902,#20903,#20905,#20907,#20909,#20911,#20913));
#20915=FACE_OUTER_BOUND('',#20914,.F.);
#20916=ADVANCED_FACE('',(#20915),#20900,.F.);
#20917=CARTESIAN_POINT('',(1.1E-1,1.E-1,-1.07E0));
#20918=DIRECTION('',(1.E0,0.E0,0.E0));
#20919=DIRECTION('',(0.E0,0.E0,-1.E0));
#20920=AXIS2_PLACEMENT_3D('',#20917,#20918,#20919);
#20921=CYLINDRICAL_SURFACE('',#20920,4.E-2);
#20922=ORIENTED_EDGE('',*,*,#20875,.T.);
#20924=ORIENTED_EDGE('',*,*,#20923,.T.);
#20925=ORIENTED_EDGE('',*,*,#20904,.F.);
#20926=ORIENTED_EDGE('',*,*,#20852,.F.);
#20927=EDGE_LOOP('',(#20922,#20924,#20925,#20926));
#20928=FACE_OUTER_BOUND('',#20927,.F.);
#20929=ADVANCED_FACE('',(#20928),#20921,.F.);
#20930=CARTESIAN_POINT('',(1.1E-1,6.E-2,-1.25E0));
#20931=DIRECTION('',(0.E0,1.E0,0.E0));
#20932=DIRECTION('',(0.E0,0.E0,1.E0));
#20933=AXIS2_PLACEMENT_3D('',#20930,#20931,#20932);
#20934=PLANE('',#20933);
#20935=ORIENTED_EDGE('',*,*,#20873,.F.);
#20937=ORIENTED_EDGE('',*,*,#20936,.T.);
#20938=ORIENTED_EDGE('',*,*,#20906,.T.);
#20939=ORIENTED_EDGE('',*,*,#20923,.F.);
#20940=EDGE_LOOP('',(#20935,#20937,#20938,#20939));
#20941=FACE_OUTER_BOUND('',#20940,.F.);
#20942=ADVANCED_FACE('',(#20941),#20934,.T.);
#20943=CARTESIAN_POINT('',(1.1E-1,-2.E-2,-1.25E0));
#20944=DIRECTION('',(0.E0,0.E0,-1.E0));
#20945=DIRECTION('',(0.E0,1.E0,0.E0));
#20946=AXIS2_PLACEMENT_3D('',#20943,#20944,#20945);
#20947=PLANE('',#20946);
#20948=ORIENTED_EDGE('',*,*,#20871,.F.);
#20950=ORIENTED_EDGE('',*,*,#20949,.T.);
#20951=ORIENTED_EDGE('',*,*,#20908,.T.);
#20952=ORIENTED_EDGE('',*,*,#20936,.F.);
#20953=EDGE_LOOP('',(#20948,#20950,#20951,#20952));
#20954=FACE_OUTER_BOUND('',#20953,.F.);
#20955=ADVANCED_FACE('',(#20954),#20947,.T.);
#20956=CARTESIAN_POINT('',(1.1E-1,-2.E-2,-1.07E0));
#20957=DIRECTION('',(0.E0,-1.E0,0.E0));
#20958=DIRECTION('',(0.E0,0.E0,-1.E0));
#20959=AXIS2_PLACEMENT_3D('',#20956,#20957,#20958);
#20960=PLANE('',#20959);
#20961=ORIENTED_EDGE('',*,*,#20869,.F.);
#20963=ORIENTED_EDGE('',*,*,#20962,.T.);
#20964=ORIENTED_EDGE('',*,*,#20910,.T.);
#20965=ORIENTED_EDGE('',*,*,#20949,.F.);
#20966=EDGE_LOOP('',(#20961,#20963,#20964,#20965));
#20967=FACE_OUTER_BOUND('',#20966,.F.);
#20968=ADVANCED_FACE('',(#20967),#20960,.T.);
#20969=CARTESIAN_POINT('',(1.1E-1,1.E-1,-1.07E0));
#20970=DIRECTION('',(1.E0,0.E0,0.E0));
#20971=DIRECTION('',(0.E0,0.E0,-1.E0));
#20972=AXIS2_PLACEMENT_3D('',#20969,#20970,#20971);
#20973=CYLINDRICAL_SURFACE('',#20972,1.2E-1);
#20974=ORIENTED_EDGE('',*,*,#20867,.F.);
#20975=ORIENTED_EDGE('',*,*,#20891,.T.);
#20976=ORIENTED_EDGE('',*,*,#20912,.T.);
#20977=ORIENTED_EDGE('',*,*,#20962,.F.);
#20978=EDGE_LOOP('',(#20974,#20975,#20976,#20977));
#20979=FACE_OUTER_BOUND('',#20978,.F.);
#20980=ADVANCED_FACE('',(#20979),#20973,.T.);
#20981=CARTESIAN_POINT('',(-2.9E-1,1.E-1,9.5E-1));
#20982=DIRECTION('',(0.E0,0.E0,-1.E0));
#20983=DIRECTION('',(0.E0,1.E0,0.E0));
#20984=AXIS2_PLACEMENT_3D('',#20981,#20982,#20983);
#20985=PLANE('',#20984);
#20987=ORIENTED_EDGE('',*,*,#20986,.F.);
#20989=ORIENTED_EDGE('',*,*,#20988,.T.);
#20991=ORIENTED_EDGE('',*,*,#20990,.T.);
#20992=ORIENTED_EDGE('',*,*,#11688,.F.);
#20993=EDGE_LOOP('',(#20987,#20989,#20991,#20992));
#20994=FACE_OUTER_BOUND('',#20993,.F.);
#20995=ADVANCED_FACE('',(#20994),#20985,.T.);
#20996=CARTESIAN_POINT('',(-2.7E-1,-2.E-2,9.5E-1));
#20997=DIRECTION('',(1.E0,0.E0,0.E0));
#20998=DIRECTION('',(0.E0,0.E0,1.E0));
#20999=AXIS2_PLACEMENT_3D('',#20996,#20997,#20998);
#21000=PLANE('',#20999);
#21002=ORIENTED_EDGE('',*,*,#21001,.T.);
#21004=ORIENTED_EDGE('',*,*,#21003,.F.);
#21006=ORIENTED_EDGE('',*,*,#21005,.T.);
#21008=ORIENTED_EDGE('',*,*,#21007,.T.);
#21010=ORIENTED_EDGE('',*,*,#21009,.T.);
#21012=ORIENTED_EDGE('',*,*,#21011,.T.);
#21013=ORIENTED_EDGE('',*,*,#20986,.T.);
#21014=ORIENTED_EDGE('',*,*,#11694,.T.);
#21015=EDGE_LOOP('',(#21002,#21004,#21006,#21008,#21010,#21012,#21013,#21014));
#21016=FACE_OUTER_BOUND('',#21015,.F.);
#21017=ADVANCED_FACE('',(#21016),#21000,.F.);
#21018=CARTESIAN_POINT('',(-2.9E-1,5.E-1,1.03E0));
#21019=DIRECTION('',(0.E0,0.E0,1.E0));
#21020=DIRECTION('',(0.E0,-1.E0,0.E0));
#21021=AXIS2_PLACEMENT_3D('',#21018,#21019,#21020);
#21022=PLANE('',#21021);
#21023=ORIENTED_EDGE('',*,*,#21001,.F.);
#21024=ORIENTED_EDGE('',*,*,#11692,.T.);
#21026=ORIENTED_EDGE('',*,*,#21025,.T.);
#21028=ORIENTED_EDGE('',*,*,#21027,.F.);
#21029=EDGE_LOOP('',(#21023,#21024,#21026,#21028));
#21030=FACE_OUTER_BOUND('',#21029,.F.);
#21031=ADVANCED_FACE('',(#21030),#21022,.T.);
#21032=CARTESIAN_POINT('',(-1.3E-1,-2.E-2,1.25E0));
#21033=DIRECTION('',(-1.E0,0.E0,0.E0));
#21034=DIRECTION('',(0.E0,0.E0,-1.E0));
#21035=AXIS2_PLACEMENT_3D('',#21032,#21033,#21034);
#21036=PLANE('',#21035);
#21037=ORIENTED_EDGE('',*,*,#21025,.F.);
#21038=ORIENTED_EDGE('',*,*,#11690,.T.);
#21039=ORIENTED_EDGE('',*,*,#20990,.F.);
#21041=ORIENTED_EDGE('',*,*,#21040,.F.);
#21043=ORIENTED_EDGE('',*,*,#21042,.F.);
#21045=ORIENTED_EDGE('',*,*,#21044,.F.);
#21047=ORIENTED_EDGE('',*,*,#21046,.F.);
#21049=ORIENTED_EDGE('',*,*,#21048,.T.);
#21050=EDGE_LOOP('',(#21037,#21038,#21039,#21041,#21043,#21045,#21047,#21049));
#21051=FACE_OUTER_BOUND('',#21050,.F.);
#21052=ADVANCED_FACE('',(#21051),#21036,.F.);
#21053=CARTESIAN_POINT('',(-2.9E-1,1.E-1,1.07E0));
#21054=DIRECTION('',(1.E0,0.E0,0.E0));
#21055=DIRECTION('',(0.E0,0.E0,-1.E0));
#21056=AXIS2_PLACEMENT_3D('',#21053,#21054,#21055);
#21057=CYLINDRICAL_SURFACE('',#21056,1.2E-1);
#21058=ORIENTED_EDGE('',*,*,#21011,.F.);
#21060=ORIENTED_EDGE('',*,*,#21059,.T.);
#21061=ORIENTED_EDGE('',*,*,#21040,.T.);
#21062=ORIENTED_EDGE('',*,*,#20988,.F.);
#21063=EDGE_LOOP('',(#21058,#21060,#21061,#21062));
#21064=FACE_OUTER_BOUND('',#21063,.F.);
#21065=ADVANCED_FACE('',(#21064),#21057,.T.);
#21066=CARTESIAN_POINT('',(-2.9E-1,-2.E-2,1.25E0));
#21067=DIRECTION('',(0.E0,-1.E0,0.E0));
#21068=DIRECTION('',(0.E0,0.E0,-1.E0));
#21069=AXIS2_PLACEMENT_3D('',#21066,#21067,#21068);
#21070=PLANE('',#21069);
#21071=ORIENTED_EDGE('',*,*,#21009,.F.);
#21073=ORIENTED_EDGE('',*,*,#21072,.T.);
#21074=ORIENTED_EDGE('',*,*,#21042,.T.);
#21075=ORIENTED_EDGE('',*,*,#21059,.F.);
#21076=EDGE_LOOP('',(#21071,#21073,#21074,#21075));
#21077=FACE_OUTER_BOUND('',#21076,.F.);
#21078=ADVANCED_FACE('',(#21077),#21070,.T.);
#21079=CARTESIAN_POINT('',(-2.9E-1,6.E-2,1.25E0));
#21080=DIRECTION('',(0.E0,0.E0,1.E0));
#21081=DIRECTION('',(0.E0,-1.E0,0.E0));
#21082=AXIS2_PLACEMENT_3D('',#21079,#21080,#21081);
#21083=PLANE('',#21082);
#21084=ORIENTED_EDGE('',*,*,#21007,.F.);
#21086=ORIENTED_EDGE('',*,*,#21085,.T.);
#21087=ORIENTED_EDGE('',*,*,#21044,.T.);
#21088=ORIENTED_EDGE('',*,*,#21072,.F.);
#21089=EDGE_LOOP('',(#21084,#21086,#21087,#21088));
#21090=FACE_OUTER_BOUND('',#21089,.F.);
#21091=ADVANCED_FACE('',(#21090),#21083,.T.);
#21092=CARTESIAN_POINT('',(-2.9E-1,6.E-2,1.07E0));
#21093=DIRECTION('',(0.E0,1.E0,0.E0));
#21094=DIRECTION('',(0.E0,0.E0,1.E0));
#21095=AXIS2_PLACEMENT_3D('',#21092,#21093,#21094);
#21096=PLANE('',#21095);
#21097=ORIENTED_EDGE('',*,*,#21005,.F.);
#21099=ORIENTED_EDGE('',*,*,#21098,.T.);
#21100=ORIENTED_EDGE('',*,*,#21046,.T.);
#21101=ORIENTED_EDGE('',*,*,#21085,.F.);
#21102=EDGE_LOOP('',(#21097,#21099,#21100,#21101));
#21103=FACE_OUTER_BOUND('',#21102,.F.);
#21104=ADVANCED_FACE('',(#21103),#21096,.T.);
#21105=CARTESIAN_POINT('',(-2.9E-1,1.E-1,1.07E0));
#21106=DIRECTION('',(1.E0,0.E0,0.E0));
#21107=DIRECTION('',(0.E0,0.E0,-1.E0));
#21108=AXIS2_PLACEMENT_3D('',#21105,#21106,#21107);
#21109=CYLINDRICAL_SURFACE('',#21108,4.E-2);
#21110=ORIENTED_EDGE('',*,*,#21003,.T.);
#21111=ORIENTED_EDGE('',*,*,#21027,.T.);
#21112=ORIENTED_EDGE('',*,*,#21048,.F.);
#21113=ORIENTED_EDGE('',*,*,#21098,.F.);
#21114=EDGE_LOOP('',(#21110,#21111,#21112,#21113));
#21115=FACE_OUTER_BOUND('',#21114,.F.);
#21116=ADVANCED_FACE('',(#21115),#21109,.F.);
#21117=CARTESIAN_POINT('',(-2.9E-1,1.E-1,-1.03E0));
#21118=DIRECTION('',(0.E0,0.E0,-1.E0));
#21119=DIRECTION('',(0.E0,1.E0,0.E0));
#21120=AXIS2_PLACEMENT_3D('',#21117,#21118,#21119);
#21121=PLANE('',#21120);
#21123=ORIENTED_EDGE('',*,*,#21122,.F.);
#21125=ORIENTED_EDGE('',*,*,#21124,.T.);
#21127=ORIENTED_EDGE('',*,*,#21126,.T.);
#21128=ORIENTED_EDGE('',*,*,#11581,.F.);
#21129=EDGE_LOOP('',(#21123,#21125,#21127,#21128));
#21130=FACE_OUTER_BOUND('',#21129,.F.);
#21131=ADVANCED_FACE('',(#21130),#21121,.T.);
#21132=CARTESIAN_POINT('',(-2.7E-1,-2.E-2,-1.25E0));
#21133=DIRECTION('',(1.E0,0.E0,0.E0));
#21134=DIRECTION('',(0.E0,0.E0,1.E0));
#21135=AXIS2_PLACEMENT_3D('',#21132,#21133,#21134);
#21136=PLANE('',#21135);
#21138=ORIENTED_EDGE('',*,*,#21137,.T.);
#21140=ORIENTED_EDGE('',*,*,#21139,.T.);
#21142=ORIENTED_EDGE('',*,*,#21141,.T.);
#21144=ORIENTED_EDGE('',*,*,#21143,.T.);
#21146=ORIENTED_EDGE('',*,*,#21145,.T.);
#21148=ORIENTED_EDGE('',*,*,#21147,.F.);
#21149=ORIENTED_EDGE('',*,*,#21122,.T.);
#21150=ORIENTED_EDGE('',*,*,#11587,.T.);
#21151=EDGE_LOOP('',(#21138,#21140,#21142,#21144,#21146,#21148,#21149,#21150));
#21152=FACE_OUTER_BOUND('',#21151,.F.);
#21153=ADVANCED_FACE('',(#21152),#21136,.F.);
#21154=CARTESIAN_POINT('',(-2.9E-1,5.E-1,-9.5E-1));
#21155=DIRECTION('',(0.E0,0.E0,1.E0));
#21156=DIRECTION('',(0.E0,-1.E0,0.E0));
#21157=AXIS2_PLACEMENT_3D('',#21154,#21155,#21156);
#21158=PLANE('',#21157);
#21159=ORIENTED_EDGE('',*,*,#21137,.F.);
#21160=ORIENTED_EDGE('',*,*,#11585,.T.);
#21162=ORIENTED_EDGE('',*,*,#21161,.T.);
#21164=ORIENTED_EDGE('',*,*,#21163,.F.);
#21165=EDGE_LOOP('',(#21159,#21160,#21162,#21164));
#21166=FACE_OUTER_BOUND('',#21165,.F.);
#21167=ADVANCED_FACE('',(#21166),#21158,.T.);
#21168=CARTESIAN_POINT('',(-1.3E-1,-2.E-2,-9.5E-1));
#21169=DIRECTION('',(-1.E0,0.E0,0.E0));
#21170=DIRECTION('',(0.E0,0.E0,-1.E0));
#21171=AXIS2_PLACEMENT_3D('',#21168,#21169,#21170);
#21172=PLANE('',#21171);
#21173=ORIENTED_EDGE('',*,*,#21161,.F.);
#21174=ORIENTED_EDGE('',*,*,#11583,.T.);
#21175=ORIENTED_EDGE('',*,*,#21126,.F.);
#21177=ORIENTED_EDGE('',*,*,#21176,.T.);
#21179=ORIENTED_EDGE('',*,*,#21178,.F.);
#21181=ORIENTED_EDGE('',*,*,#21180,.F.);
#21183=ORIENTED_EDGE('',*,*,#21182,.F.);
#21185=ORIENTED_EDGE('',*,*,#21184,.F.);
#21186=EDGE_LOOP('',(#21173,#21174,#21175,#21177,#21179,#21181,#21183,#21185));
#21187=FACE_OUTER_BOUND('',#21186,.F.);
#21188=ADVANCED_FACE('',(#21187),#21172,.F.);
#21189=CARTESIAN_POINT('',(-2.9E-1,1.E-1,-1.07E0));
#21190=DIRECTION('',(1.E0,0.E0,0.E0));
#21191=DIRECTION('',(0.E0,0.E0,-1.E0));
#21192=AXIS2_PLACEMENT_3D('',#21189,#21190,#21191);
#21193=CYLINDRICAL_SURFACE('',#21192,4.E-2);
#21194=ORIENTED_EDGE('',*,*,#21147,.T.);
#21196=ORIENTED_EDGE('',*,*,#21195,.T.);
#21197=ORIENTED_EDGE('',*,*,#21176,.F.);
#21198=ORIENTED_EDGE('',*,*,#21124,.F.);
#21199=EDGE_LOOP('',(#21194,#21196,#21197,#21198));
#21200=FACE_OUTER_BOUND('',#21199,.F.);
#21201=ADVANCED_FACE('',(#21200),#21193,.F.);
#21202=CARTESIAN_POINT('',(-2.9E-1,6.E-2,-1.25E0));
#21203=DIRECTION('',(0.E0,1.E0,0.E0));
#21204=DIRECTION('',(0.E0,0.E0,1.E0));
#21205=AXIS2_PLACEMENT_3D('',#21202,#21203,#21204);
#21206=PLANE('',#21205);
#21207=ORIENTED_EDGE('',*,*,#21145,.F.);
#21209=ORIENTED_EDGE('',*,*,#21208,.T.);
#21210=ORIENTED_EDGE('',*,*,#21178,.T.);
#21211=ORIENTED_EDGE('',*,*,#21195,.F.);
#21212=EDGE_LOOP('',(#21207,#21209,#21210,#21211));
#21213=FACE_OUTER_BOUND('',#21212,.F.);
#21214=ADVANCED_FACE('',(#21213),#21206,.T.);
#21215=CARTESIAN_POINT('',(-2.9E-1,-2.E-2,-1.25E0));
#21216=DIRECTION('',(0.E0,0.E0,-1.E0));
#21217=DIRECTION('',(0.E0,1.E0,0.E0));
#21218=AXIS2_PLACEMENT_3D('',#21215,#21216,#21217);
#21219=PLANE('',#21218);
#21220=ORIENTED_EDGE('',*,*,#21143,.F.);
#21222=ORIENTED_EDGE('',*,*,#21221,.T.);
#21223=ORIENTED_EDGE('',*,*,#21180,.T.);
#21224=ORIENTED_EDGE('',*,*,#21208,.F.);
#21225=EDGE_LOOP('',(#21220,#21222,#21223,#21224));
#21226=FACE_OUTER_BOUND('',#21225,.F.);
#21227=ADVANCED_FACE('',(#21226),#21219,.T.);
#21228=CARTESIAN_POINT('',(-2.9E-1,-2.E-2,-1.07E0));
#21229=DIRECTION('',(0.E0,-1.E0,0.E0));
#21230=DIRECTION('',(0.E0,0.E0,-1.E0));
#21231=AXIS2_PLACEMENT_3D('',#21228,#21229,#21230);
#21232=PLANE('',#21231);
#21233=ORIENTED_EDGE('',*,*,#21141,.F.);
#21235=ORIENTED_EDGE('',*,*,#21234,.T.);
#21236=ORIENTED_EDGE('',*,*,#21182,.T.);
#21237=ORIENTED_EDGE('',*,*,#21221,.F.);
#21238=EDGE_LOOP('',(#21233,#21235,#21236,#21237));
#21239=FACE_OUTER_BOUND('',#21238,.F.);
#21240=ADVANCED_FACE('',(#21239),#21232,.T.);
#21241=CARTESIAN_POINT('',(-2.9E-1,1.E-1,-1.07E0));
#21242=DIRECTION('',(1.E0,0.E0,0.E0));
#21243=DIRECTION('',(0.E0,0.E0,-1.E0));
#21244=AXIS2_PLACEMENT_3D('',#21241,#21242,#21243);
#21245=CYLINDRICAL_SURFACE('',#21244,1.2E-1);
#21246=ORIENTED_EDGE('',*,*,#21139,.F.);
#21247=ORIENTED_EDGE('',*,*,#21163,.T.);
#21248=ORIENTED_EDGE('',*,*,#21184,.T.);
#21249=ORIENTED_EDGE('',*,*,#21234,.F.);
#21250=EDGE_LOOP('',(#21246,#21247,#21248,#21249));
#21251=FACE_OUTER_BOUND('',#21250,.F.);
#21252=ADVANCED_FACE('',(#21251),#21245,.T.);
#21253=CARTESIAN_POINT('',(-6.9E-1,1.E-1,9.5E-1));
#21254=DIRECTION('',(0.E0,0.E0,-1.E0));
#21255=DIRECTION('',(0.E0,1.E0,0.E0));
#21256=AXIS2_PLACEMENT_3D('',#21253,#21254,#21255);
#21257=PLANE('',#21256);
#21259=ORIENTED_EDGE('',*,*,#21258,.F.);
#21261=ORIENTED_EDGE('',*,*,#21260,.T.);
#21263=ORIENTED_EDGE('',*,*,#21262,.T.);
#21264=ORIENTED_EDGE('',*,*,#11698,.F.);
#21265=EDGE_LOOP('',(#21259,#21261,#21263,#21264));
#21266=FACE_OUTER_BOUND('',#21265,.F.);
#21267=ADVANCED_FACE('',(#21266),#21257,.T.);
#21268=CARTESIAN_POINT('',(-6.7E-1,-2.E-2,9.5E-1));
#21269=DIRECTION('',(1.E0,0.E0,0.E0));
#21270=DIRECTION('',(0.E0,0.E0,1.E0));
#21271=AXIS2_PLACEMENT_3D('',#21268,#21269,#21270);
#21272=PLANE('',#21271);
#21274=ORIENTED_EDGE('',*,*,#21273,.T.);
#21276=ORIENTED_EDGE('',*,*,#21275,.F.);
#21278=ORIENTED_EDGE('',*,*,#21277,.T.);
#21280=ORIENTED_EDGE('',*,*,#21279,.T.);
#21282=ORIENTED_EDGE('',*,*,#21281,.T.);
#21284=ORIENTED_EDGE('',*,*,#21283,.T.);
#21285=ORIENTED_EDGE('',*,*,#21258,.T.);
#21286=ORIENTED_EDGE('',*,*,#11704,.T.);
#21287=EDGE_LOOP('',(#21274,#21276,#21278,#21280,#21282,#21284,#21285,#21286));
#21288=FACE_OUTER_BOUND('',#21287,.F.);
#21289=ADVANCED_FACE('',(#21288),#21272,.F.);
#21290=CARTESIAN_POINT('',(-6.9E-1,5.E-1,1.03E0));
#21291=DIRECTION('',(0.E0,0.E0,1.E0));
#21292=DIRECTION('',(0.E0,-1.E0,0.E0));
#21293=AXIS2_PLACEMENT_3D('',#21290,#21291,#21292);
#21294=PLANE('',#21293);
#21295=ORIENTED_EDGE('',*,*,#21273,.F.);
#21296=ORIENTED_EDGE('',*,*,#11702,.T.);
#21298=ORIENTED_EDGE('',*,*,#21297,.T.);
#21300=ORIENTED_EDGE('',*,*,#21299,.F.);
#21301=EDGE_LOOP('',(#21295,#21296,#21298,#21300));
#21302=FACE_OUTER_BOUND('',#21301,.F.);
#21303=ADVANCED_FACE('',(#21302),#21294,.T.);
#21304=CARTESIAN_POINT('',(-5.3E-1,-2.E-2,1.25E0));
#21305=DIRECTION('',(-1.E0,0.E0,0.E0));
#21306=DIRECTION('',(0.E0,0.E0,-1.E0));
#21307=AXIS2_PLACEMENT_3D('',#21304,#21305,#21306);
#21308=PLANE('',#21307);
#21309=ORIENTED_EDGE('',*,*,#21297,.F.);
#21310=ORIENTED_EDGE('',*,*,#11700,.T.);
#21311=ORIENTED_EDGE('',*,*,#21262,.F.);
#21313=ORIENTED_EDGE('',*,*,#21312,.F.);
#21315=ORIENTED_EDGE('',*,*,#21314,.F.);
#21317=ORIENTED_EDGE('',*,*,#21316,.F.);
#21319=ORIENTED_EDGE('',*,*,#21318,.F.);
#21321=ORIENTED_EDGE('',*,*,#21320,.T.);
#21322=EDGE_LOOP('',(#21309,#21310,#21311,#21313,#21315,#21317,#21319,#21321));
#21323=FACE_OUTER_BOUND('',#21322,.F.);
#21324=ADVANCED_FACE('',(#21323),#21308,.F.);
#21325=CARTESIAN_POINT('',(-6.9E-1,1.E-1,1.07E0));
#21326=DIRECTION('',(1.E0,0.E0,0.E0));
#21327=DIRECTION('',(0.E0,0.E0,-1.E0));
#21328=AXIS2_PLACEMENT_3D('',#21325,#21326,#21327);
#21329=CYLINDRICAL_SURFACE('',#21328,1.2E-1);
#21330=ORIENTED_EDGE('',*,*,#21283,.F.);
#21332=ORIENTED_EDGE('',*,*,#21331,.T.);
#21333=ORIENTED_EDGE('',*,*,#21312,.T.);
#21334=ORIENTED_EDGE('',*,*,#21260,.F.);
#21335=EDGE_LOOP('',(#21330,#21332,#21333,#21334));
#21336=FACE_OUTER_BOUND('',#21335,.F.);
#21337=ADVANCED_FACE('',(#21336),#21329,.T.);
#21338=CARTESIAN_POINT('',(-6.9E-1,-2.E-2,1.25E0));
#21339=DIRECTION('',(0.E0,-1.E0,0.E0));
#21340=DIRECTION('',(0.E0,0.E0,-1.E0));
#21341=AXIS2_PLACEMENT_3D('',#21338,#21339,#21340);
#21342=PLANE('',#21341);
#21343=ORIENTED_EDGE('',*,*,#21281,.F.);
#21345=ORIENTED_EDGE('',*,*,#21344,.T.);
#21346=ORIENTED_EDGE('',*,*,#21314,.T.);
#21347=ORIENTED_EDGE('',*,*,#21331,.F.);
#21348=EDGE_LOOP('',(#21343,#21345,#21346,#21347));
#21349=FACE_OUTER_BOUND('',#21348,.F.);
#21350=ADVANCED_FACE('',(#21349),#21342,.T.);
#21351=CARTESIAN_POINT('',(-6.9E-1,6.E-2,1.25E0));
#21352=DIRECTION('',(0.E0,0.E0,1.E0));
#21353=DIRECTION('',(0.E0,-1.E0,0.E0));
#21354=AXIS2_PLACEMENT_3D('',#21351,#21352,#21353);
#21355=PLANE('',#21354);
#21356=ORIENTED_EDGE('',*,*,#21279,.F.);
#21358=ORIENTED_EDGE('',*,*,#21357,.T.);
#21359=ORIENTED_EDGE('',*,*,#21316,.T.);
#21360=ORIENTED_EDGE('',*,*,#21344,.F.);
#21361=EDGE_LOOP('',(#21356,#21358,#21359,#21360));
#21362=FACE_OUTER_BOUND('',#21361,.F.);
#21363=ADVANCED_FACE('',(#21362),#21355,.T.);
#21364=CARTESIAN_POINT('',(-6.9E-1,6.E-2,1.07E0));
#21365=DIRECTION('',(0.E0,1.E0,0.E0));
#21366=DIRECTION('',(0.E0,0.E0,1.E0));
#21367=AXIS2_PLACEMENT_3D('',#21364,#21365,#21366);
#21368=PLANE('',#21367);
#21369=ORIENTED_EDGE('',*,*,#21277,.F.);
#21371=ORIENTED_EDGE('',*,*,#21370,.T.);
#21372=ORIENTED_EDGE('',*,*,#21318,.T.);
#21373=ORIENTED_EDGE('',*,*,#21357,.F.);
#21374=EDGE_LOOP('',(#21369,#21371,#21372,#21373));
#21375=FACE_OUTER_BOUND('',#21374,.F.);
#21376=ADVANCED_FACE('',(#21375),#21368,.T.);
#21377=CARTESIAN_POINT('',(-6.9E-1,1.E-1,1.07E0));
#21378=DIRECTION('',(1.E0,0.E0,0.E0));
#21379=DIRECTION('',(0.E0,0.E0,-1.E0));
#21380=AXIS2_PLACEMENT_3D('',#21377,#21378,#21379);
#21381=CYLINDRICAL_SURFACE('',#21380,4.E-2);
#21382=ORIENTED_EDGE('',*,*,#21275,.T.);
#21383=ORIENTED_EDGE('',*,*,#21299,.T.);
#21384=ORIENTED_EDGE('',*,*,#21320,.F.);
#21385=ORIENTED_EDGE('',*,*,#21370,.F.);
#21386=EDGE_LOOP('',(#21382,#21383,#21384,#21385));
#21387=FACE_OUTER_BOUND('',#21386,.F.);
#21388=ADVANCED_FACE('',(#21387),#21381,.F.);
#21389=CARTESIAN_POINT('',(-6.9E-1,1.E-1,-1.03E0));
#21390=DIRECTION('',(0.E0,0.E0,-1.E0));
#21391=DIRECTION('',(0.E0,1.E0,0.E0));
#21392=AXIS2_PLACEMENT_3D('',#21389,#21390,#21391);
#21393=PLANE('',#21392);
#21395=ORIENTED_EDGE('',*,*,#21394,.F.);
#21397=ORIENTED_EDGE('',*,*,#21396,.T.);
#21399=ORIENTED_EDGE('',*,*,#21398,.T.);
#21400=ORIENTED_EDGE('',*,*,#11591,.F.);
#21401=EDGE_LOOP('',(#21395,#21397,#21399,#21400));
#21402=FACE_OUTER_BOUND('',#21401,.F.);
#21403=ADVANCED_FACE('',(#21402),#21393,.T.);
#21404=CARTESIAN_POINT('',(-6.7E-1,-2.E-2,-1.25E0));
#21405=DIRECTION('',(1.E0,0.E0,0.E0));
#21406=DIRECTION('',(0.E0,0.E0,1.E0));
#21407=AXIS2_PLACEMENT_3D('',#21404,#21405,#21406);
#21408=PLANE('',#21407);
#21410=ORIENTED_EDGE('',*,*,#21409,.T.);
#21412=ORIENTED_EDGE('',*,*,#21411,.T.);
#21414=ORIENTED_EDGE('',*,*,#21413,.T.);
#21416=ORIENTED_EDGE('',*,*,#21415,.T.);
#21418=ORIENTED_EDGE('',*,*,#21417,.T.);
#21420=ORIENTED_EDGE('',*,*,#21419,.F.);
#21421=ORIENTED_EDGE('',*,*,#21394,.T.);
#21422=ORIENTED_EDGE('',*,*,#11597,.T.);
#21423=EDGE_LOOP('',(#21410,#21412,#21414,#21416,#21418,#21420,#21421,#21422));
#21424=FACE_OUTER_BOUND('',#21423,.F.);
#21425=ADVANCED_FACE('',(#21424),#21408,.F.);
#21426=CARTESIAN_POINT('',(-6.9E-1,5.E-1,-9.5E-1));
#21427=DIRECTION('',(0.E0,0.E0,1.E0));
#21428=DIRECTION('',(0.E0,-1.E0,0.E0));
#21429=AXIS2_PLACEMENT_3D('',#21426,#21427,#21428);
#21430=PLANE('',#21429);
#21431=ORIENTED_EDGE('',*,*,#21409,.F.);
#21432=ORIENTED_EDGE('',*,*,#11595,.T.);
#21434=ORIENTED_EDGE('',*,*,#21433,.T.);
#21436=ORIENTED_EDGE('',*,*,#21435,.F.);
#21437=EDGE_LOOP('',(#21431,#21432,#21434,#21436));
#21438=FACE_OUTER_BOUND('',#21437,.F.);
#21439=ADVANCED_FACE('',(#21438),#21430,.T.);
#21440=CARTESIAN_POINT('',(-5.3E-1,-2.E-2,-9.5E-1));
#21441=DIRECTION('',(-1.E0,0.E0,0.E0));
#21442=DIRECTION('',(0.E0,0.E0,-1.E0));
#21443=AXIS2_PLACEMENT_3D('',#21440,#21441,#21442);
#21444=PLANE('',#21443);
#21445=ORIENTED_EDGE('',*,*,#21433,.F.);
#21446=ORIENTED_EDGE('',*,*,#11593,.T.);
#21447=ORIENTED_EDGE('',*,*,#21398,.F.);
#21449=ORIENTED_EDGE('',*,*,#21448,.T.);
#21451=ORIENTED_EDGE('',*,*,#21450,.F.);
#21453=ORIENTED_EDGE('',*,*,#21452,.F.);
#21455=ORIENTED_EDGE('',*,*,#21454,.F.);
#21457=ORIENTED_EDGE('',*,*,#21456,.F.);
#21458=EDGE_LOOP('',(#21445,#21446,#21447,#21449,#21451,#21453,#21455,#21457));
#21459=FACE_OUTER_BOUND('',#21458,.F.);
#21460=ADVANCED_FACE('',(#21459),#21444,.F.);
#21461=CARTESIAN_POINT('',(-6.9E-1,1.E-1,-1.07E0));
#21462=DIRECTION('',(1.E0,0.E0,0.E0));
#21463=DIRECTION('',(0.E0,0.E0,-1.E0));
#21464=AXIS2_PLACEMENT_3D('',#21461,#21462,#21463);
#21465=CYLINDRICAL_SURFACE('',#21464,4.E-2);
#21466=ORIENTED_EDGE('',*,*,#21419,.T.);
#21468=ORIENTED_EDGE('',*,*,#21467,.T.);
#21469=ORIENTED_EDGE('',*,*,#21448,.F.);
#21470=ORIENTED_EDGE('',*,*,#21396,.F.);
#21471=EDGE_LOOP('',(#21466,#21468,#21469,#21470));
#21472=FACE_OUTER_BOUND('',#21471,.F.);
#21473=ADVANCED_FACE('',(#21472),#21465,.F.);
#21474=CARTESIAN_POINT('',(-6.9E-1,6.E-2,-1.25E0));
#21475=DIRECTION('',(0.E0,1.E0,0.E0));
#21476=DIRECTION('',(0.E0,0.E0,1.E0));
#21477=AXIS2_PLACEMENT_3D('',#21474,#21475,#21476);
#21478=PLANE('',#21477);
#21479=ORIENTED_EDGE('',*,*,#21417,.F.);
#21481=ORIENTED_EDGE('',*,*,#21480,.T.);
#21482=ORIENTED_EDGE('',*,*,#21450,.T.);
#21483=ORIENTED_EDGE('',*,*,#21467,.F.);
#21484=EDGE_LOOP('',(#21479,#21481,#21482,#21483));
#21485=FACE_OUTER_BOUND('',#21484,.F.);
#21486=ADVANCED_FACE('',(#21485),#21478,.T.);
#21487=CARTESIAN_POINT('',(-6.9E-1,-2.E-2,-1.25E0));
#21488=DIRECTION('',(0.E0,0.E0,-1.E0));
#21489=DIRECTION('',(0.E0,1.E0,0.E0));
#21490=AXIS2_PLACEMENT_3D('',#21487,#21488,#21489);
#21491=PLANE('',#21490);
#21492=ORIENTED_EDGE('',*,*,#21415,.F.);
#21494=ORIENTED_EDGE('',*,*,#21493,.T.);
#21495=ORIENTED_EDGE('',*,*,#21452,.T.);
#21496=ORIENTED_EDGE('',*,*,#21480,.F.);
#21497=EDGE_LOOP('',(#21492,#21494,#21495,#21496));
#21498=FACE_OUTER_BOUND('',#21497,.F.);
#21499=ADVANCED_FACE('',(#21498),#21491,.T.);
#21500=CARTESIAN_POINT('',(-6.9E-1,-2.E-2,-1.07E0));
#21501=DIRECTION('',(0.E0,-1.E0,0.E0));
#21502=DIRECTION('',(0.E0,0.E0,-1.E0));
#21503=AXIS2_PLACEMENT_3D('',#21500,#21501,#21502);
#21504=PLANE('',#21503);
#21505=ORIENTED_EDGE('',*,*,#21413,.F.);
#21507=ORIENTED_EDGE('',*,*,#21506,.T.);
#21508=ORIENTED_EDGE('',*,*,#21454,.T.);
#21509=ORIENTED_EDGE('',*,*,#21493,.F.);
#21510=EDGE_LOOP('',(#21505,#21507,#21508,#21509));
#21511=FACE_OUTER_BOUND('',#21510,.F.);
#21512=ADVANCED_FACE('',(#21511),#21504,.T.);
#21513=CARTESIAN_POINT('',(-6.9E-1,1.E-1,-1.07E0));
#21514=DIRECTION('',(1.E0,0.E0,0.E0));
#21515=DIRECTION('',(0.E0,0.E0,-1.E0));
#21516=AXIS2_PLACEMENT_3D('',#21513,#21514,#21515);
#21517=CYLINDRICAL_SURFACE('',#21516,1.2E-1);
#21518=ORIENTED_EDGE('',*,*,#21411,.F.);
#21519=ORIENTED_EDGE('',*,*,#21435,.T.);
#21520=ORIENTED_EDGE('',*,*,#21456,.T.);
#21521=ORIENTED_EDGE('',*,*,#21506,.F.);
#21522=EDGE_LOOP('',(#21518,#21519,#21520,#21521));
#21523=FACE_OUTER_BOUND('',#21522,.F.);
#21524=ADVANCED_FACE('',(#21523),#21517,.T.);
#21525=CARTESIAN_POINT('',(-1.09E0,1.E-1,9.5E-1));
#21526=DIRECTION('',(0.E0,0.E0,-1.E0));
#21527=DIRECTION('',(0.E0,1.E0,0.E0));
#21528=AXIS2_PLACEMENT_3D('',#21525,#21526,#21527);
#21529=PLANE('',#21528);
#21531=ORIENTED_EDGE('',*,*,#21530,.F.);
#21533=ORIENTED_EDGE('',*,*,#21532,.T.);
#21535=ORIENTED_EDGE('',*,*,#21534,.T.);
#21536=ORIENTED_EDGE('',*,*,#11708,.F.);
#21537=EDGE_LOOP('',(#21531,#21533,#21535,#21536));
#21538=FACE_OUTER_BOUND('',#21537,.F.);
#21539=ADVANCED_FACE('',(#21538),#21529,.T.);
#21540=CARTESIAN_POINT('',(-1.07E0,-2.E-2,9.5E-1));
#21541=DIRECTION('',(1.E0,0.E0,0.E0));
#21542=DIRECTION('',(0.E0,0.E0,1.E0));
#21543=AXIS2_PLACEMENT_3D('',#21540,#21541,#21542);
#21544=PLANE('',#21543);
#21546=ORIENTED_EDGE('',*,*,#21545,.T.);
#21548=ORIENTED_EDGE('',*,*,#21547,.F.);
#21550=ORIENTED_EDGE('',*,*,#21549,.T.);
#21552=ORIENTED_EDGE('',*,*,#21551,.T.);
#21554=ORIENTED_EDGE('',*,*,#21553,.T.);
#21556=ORIENTED_EDGE('',*,*,#21555,.T.);
#21557=ORIENTED_EDGE('',*,*,#21530,.T.);
#21558=ORIENTED_EDGE('',*,*,#11714,.T.);
#21559=EDGE_LOOP('',(#21546,#21548,#21550,#21552,#21554,#21556,#21557,#21558));
#21560=FACE_OUTER_BOUND('',#21559,.F.);
#21561=ADVANCED_FACE('',(#21560),#21544,.F.);
#21562=CARTESIAN_POINT('',(-1.09E0,5.E-1,1.03E0));
#21563=DIRECTION('',(0.E0,0.E0,1.E0));
#21564=DIRECTION('',(0.E0,-1.E0,0.E0));
#21565=AXIS2_PLACEMENT_3D('',#21562,#21563,#21564);
#21566=PLANE('',#21565);
#21567=ORIENTED_EDGE('',*,*,#21545,.F.);
#21568=ORIENTED_EDGE('',*,*,#11712,.T.);
#21570=ORIENTED_EDGE('',*,*,#21569,.T.);
#21572=ORIENTED_EDGE('',*,*,#21571,.F.);
#21573=EDGE_LOOP('',(#21567,#21568,#21570,#21572));
#21574=FACE_OUTER_BOUND('',#21573,.F.);
#21575=ADVANCED_FACE('',(#21574),#21566,.T.);
#21576=CARTESIAN_POINT('',(-9.3E-1,-2.E-2,1.25E0));
#21577=DIRECTION('',(-1.E0,0.E0,0.E0));
#21578=DIRECTION('',(0.E0,0.E0,-1.E0));
#21579=AXIS2_PLACEMENT_3D('',#21576,#21577,#21578);
#21580=PLANE('',#21579);
#21581=ORIENTED_EDGE('',*,*,#21569,.F.);
#21582=ORIENTED_EDGE('',*,*,#11710,.T.);
#21583=ORIENTED_EDGE('',*,*,#21534,.F.);
#21585=ORIENTED_EDGE('',*,*,#21584,.F.);
#21587=ORIENTED_EDGE('',*,*,#21586,.F.);
#21589=ORIENTED_EDGE('',*,*,#21588,.F.);
#21591=ORIENTED_EDGE('',*,*,#21590,.F.);
#21593=ORIENTED_EDGE('',*,*,#21592,.T.);
#21594=EDGE_LOOP('',(#21581,#21582,#21583,#21585,#21587,#21589,#21591,#21593));
#21595=FACE_OUTER_BOUND('',#21594,.F.);
#21596=ADVANCED_FACE('',(#21595),#21580,.F.);
#21597=CARTESIAN_POINT('',(-1.09E0,1.E-1,1.07E0));
#21598=DIRECTION('',(1.E0,0.E0,0.E0));
#21599=DIRECTION('',(0.E0,0.E0,-1.E0));
#21600=AXIS2_PLACEMENT_3D('',#21597,#21598,#21599);
#21601=CYLINDRICAL_SURFACE('',#21600,1.2E-1);
#21602=ORIENTED_EDGE('',*,*,#21555,.F.);
#21604=ORIENTED_EDGE('',*,*,#21603,.T.);
#21605=ORIENTED_EDGE('',*,*,#21584,.T.);
#21606=ORIENTED_EDGE('',*,*,#21532,.F.);
#21607=EDGE_LOOP('',(#21602,#21604,#21605,#21606));
#21608=FACE_OUTER_BOUND('',#21607,.F.);
#21609=ADVANCED_FACE('',(#21608),#21601,.T.);
#21610=CARTESIAN_POINT('',(-1.09E0,-2.E-2,1.25E0));
#21611=DIRECTION('',(0.E0,-1.E0,0.E0));
#21612=DIRECTION('',(0.E0,0.E0,-1.E0));
#21613=AXIS2_PLACEMENT_3D('',#21610,#21611,#21612);
#21614=PLANE('',#21613);
#21615=ORIENTED_EDGE('',*,*,#21553,.F.);
#21617=ORIENTED_EDGE('',*,*,#21616,.T.);
#21618=ORIENTED_EDGE('',*,*,#21586,.T.);
#21619=ORIENTED_EDGE('',*,*,#21603,.F.);
#21620=EDGE_LOOP('',(#21615,#21617,#21618,#21619));
#21621=FACE_OUTER_BOUND('',#21620,.F.);
#21622=ADVANCED_FACE('',(#21621),#21614,.T.);
#21623=CARTESIAN_POINT('',(-1.09E0,6.E-2,1.25E0));
#21624=DIRECTION('',(0.E0,0.E0,1.E0));
#21625=DIRECTION('',(0.E0,-1.E0,0.E0));
#21626=AXIS2_PLACEMENT_3D('',#21623,#21624,#21625);
#21627=PLANE('',#21626);
#21628=ORIENTED_EDGE('',*,*,#21551,.F.);
#21630=ORIENTED_EDGE('',*,*,#21629,.T.);
#21631=ORIENTED_EDGE('',*,*,#21588,.T.);
#21632=ORIENTED_EDGE('',*,*,#21616,.F.);
#21633=EDGE_LOOP('',(#21628,#21630,#21631,#21632));
#21634=FACE_OUTER_BOUND('',#21633,.F.);
#21635=ADVANCED_FACE('',(#21634),#21627,.T.);
#21636=CARTESIAN_POINT('',(-1.09E0,6.E-2,1.07E0));
#21637=DIRECTION('',(0.E0,1.E0,0.E0));
#21638=DIRECTION('',(0.E0,0.E0,1.E0));
#21639=AXIS2_PLACEMENT_3D('',#21636,#21637,#21638);
#21640=PLANE('',#21639);
#21641=ORIENTED_EDGE('',*,*,#21549,.F.);
#21643=ORIENTED_EDGE('',*,*,#21642,.T.);
#21644=ORIENTED_EDGE('',*,*,#21590,.T.);
#21645=ORIENTED_EDGE('',*,*,#21629,.F.);
#21646=EDGE_LOOP('',(#21641,#21643,#21644,#21645));
#21647=FACE_OUTER_BOUND('',#21646,.F.);
#21648=ADVANCED_FACE('',(#21647),#21640,.T.);
#21649=CARTESIAN_POINT('',(-1.09E0,1.E-1,1.07E0));
#21650=DIRECTION('',(1.E0,0.E0,0.E0));
#21651=DIRECTION('',(0.E0,0.E0,-1.E0));
#21652=AXIS2_PLACEMENT_3D('',#21649,#21650,#21651);
#21653=CYLINDRICAL_SURFACE('',#21652,4.E-2);
#21654=ORIENTED_EDGE('',*,*,#21547,.T.);
#21655=ORIENTED_EDGE('',*,*,#21571,.T.);
#21656=ORIENTED_EDGE('',*,*,#21592,.F.);
#21657=ORIENTED_EDGE('',*,*,#21642,.F.);
#21658=EDGE_LOOP('',(#21654,#21655,#21656,#21657));
#21659=FACE_OUTER_BOUND('',#21658,.F.);
#21660=ADVANCED_FACE('',(#21659),#21653,.F.);
#21661=CARTESIAN_POINT('',(-1.09E0,1.E-1,-1.03E0));
#21662=DIRECTION('',(0.E0,0.E0,-1.E0));
#21663=DIRECTION('',(0.E0,1.E0,0.E0));
#21664=AXIS2_PLACEMENT_3D('',#21661,#21662,#21663);
#21665=PLANE('',#21664);
#21667=ORIENTED_EDGE('',*,*,#21666,.F.);
#21669=ORIENTED_EDGE('',*,*,#21668,.T.);
#21671=ORIENTED_EDGE('',*,*,#21670,.T.);
#21672=ORIENTED_EDGE('',*,*,#11601,.F.);
#21673=EDGE_LOOP('',(#21667,#21669,#21671,#21672));
#21674=FACE_OUTER_BOUND('',#21673,.F.);
#21675=ADVANCED_FACE('',(#21674),#21665,.T.);
#21676=CARTESIAN_POINT('',(-1.07E0,-2.E-2,-1.25E0));
#21677=DIRECTION('',(1.E0,0.E0,0.E0));
#21678=DIRECTION('',(0.E0,0.E0,1.E0));
#21679=AXIS2_PLACEMENT_3D('',#21676,#21677,#21678);
#21680=PLANE('',#21679);
#21682=ORIENTED_EDGE('',*,*,#21681,.T.);
#21684=ORIENTED_EDGE('',*,*,#21683,.T.);
#21686=ORIENTED_EDGE('',*,*,#21685,.T.);
#21688=ORIENTED_EDGE('',*,*,#21687,.T.);
#21690=ORIENTED_EDGE('',*,*,#21689,.T.);
#21692=ORIENTED_EDGE('',*,*,#21691,.F.);
#21693=ORIENTED_EDGE('',*,*,#21666,.T.);
#21694=ORIENTED_EDGE('',*,*,#11607,.T.);
#21695=EDGE_LOOP('',(#21682,#21684,#21686,#21688,#21690,#21692,#21693,#21694));
#21696=FACE_OUTER_BOUND('',#21695,.F.);
#21697=ADVANCED_FACE('',(#21696),#21680,.F.);
#21698=CARTESIAN_POINT('',(-1.09E0,5.E-1,-9.5E-1));
#21699=DIRECTION('',(0.E0,0.E0,1.E0));
#21700=DIRECTION('',(0.E0,-1.E0,0.E0));
#21701=AXIS2_PLACEMENT_3D('',#21698,#21699,#21700);
#21702=PLANE('',#21701);
#21703=ORIENTED_EDGE('',*,*,#21681,.F.);
#21704=ORIENTED_EDGE('',*,*,#11605,.T.);
#21706=ORIENTED_EDGE('',*,*,#21705,.T.);
#21708=ORIENTED_EDGE('',*,*,#21707,.F.);
#21709=EDGE_LOOP('',(#21703,#21704,#21706,#21708));
#21710=FACE_OUTER_BOUND('',#21709,.F.);
#21711=ADVANCED_FACE('',(#21710),#21702,.T.);
#21712=CARTESIAN_POINT('',(-9.3E-1,-2.E-2,-9.5E-1));
#21713=DIRECTION('',(-1.E0,0.E0,0.E0));
#21714=DIRECTION('',(0.E0,0.E0,-1.E0));
#21715=AXIS2_PLACEMENT_3D('',#21712,#21713,#21714);
#21716=PLANE('',#21715);
#21717=ORIENTED_EDGE('',*,*,#21705,.F.);
#21718=ORIENTED_EDGE('',*,*,#11603,.T.);
#21719=ORIENTED_EDGE('',*,*,#21670,.F.);
#21721=ORIENTED_EDGE('',*,*,#21720,.T.);
#21723=ORIENTED_EDGE('',*,*,#21722,.F.);
#21725=ORIENTED_EDGE('',*,*,#21724,.F.);
#21727=ORIENTED_EDGE('',*,*,#21726,.F.);
#21729=ORIENTED_EDGE('',*,*,#21728,.F.);
#21730=EDGE_LOOP('',(#21717,#21718,#21719,#21721,#21723,#21725,#21727,#21729));
#21731=FACE_OUTER_BOUND('',#21730,.F.);
#21732=ADVANCED_FACE('',(#21731),#21716,.F.);
#21733=CARTESIAN_POINT('',(-1.09E0,1.E-1,-1.07E0));
#21734=DIRECTION('',(1.E0,0.E0,0.E0));
#21735=DIRECTION('',(0.E0,0.E0,-1.E0));
#21736=AXIS2_PLACEMENT_3D('',#21733,#21734,#21735);
#21737=CYLINDRICAL_SURFACE('',#21736,4.E-2);
#21738=ORIENTED_EDGE('',*,*,#21691,.T.);
#21740=ORIENTED_EDGE('',*,*,#21739,.T.);
#21741=ORIENTED_EDGE('',*,*,#21720,.F.);
#21742=ORIENTED_EDGE('',*,*,#21668,.F.);
#21743=EDGE_LOOP('',(#21738,#21740,#21741,#21742));
#21744=FACE_OUTER_BOUND('',#21743,.F.);
#21745=ADVANCED_FACE('',(#21744),#21737,.F.);
#21746=CARTESIAN_POINT('',(-1.09E0,6.E-2,-1.25E0));
#21747=DIRECTION('',(0.E0,1.E0,0.E0));
#21748=DIRECTION('',(0.E0,0.E0,1.E0));
#21749=AXIS2_PLACEMENT_3D('',#21746,#21747,#21748);
#21750=PLANE('',#21749);
#21751=ORIENTED_EDGE('',*,*,#21689,.F.);
#21753=ORIENTED_EDGE('',*,*,#21752,.T.);
#21754=ORIENTED_EDGE('',*,*,#21722,.T.);
#21755=ORIENTED_EDGE('',*,*,#21739,.F.);
#21756=EDGE_LOOP('',(#21751,#21753,#21754,#21755));
#21757=FACE_OUTER_BOUND('',#21756,.F.);
#21758=ADVANCED_FACE('',(#21757),#21750,.T.);
#21759=CARTESIAN_POINT('',(-1.09E0,-2.E-2,-1.25E0));
#21760=DIRECTION('',(0.E0,0.E0,-1.E0));
#21761=DIRECTION('',(0.E0,1.E0,0.E0));
#21762=AXIS2_PLACEMENT_3D('',#21759,#21760,#21761);
#21763=PLANE('',#21762);
#21764=ORIENTED_EDGE('',*,*,#21687,.F.);
#21766=ORIENTED_EDGE('',*,*,#21765,.T.);
#21767=ORIENTED_EDGE('',*,*,#21724,.T.);
#21768=ORIENTED_EDGE('',*,*,#21752,.F.);
#21769=EDGE_LOOP('',(#21764,#21766,#21767,#21768));
#21770=FACE_OUTER_BOUND('',#21769,.F.);
#21771=ADVANCED_FACE('',(#21770),#21763,.T.);
#21772=CARTESIAN_POINT('',(-1.09E0,-2.E-2,-1.07E0));
#21773=DIRECTION('',(0.E0,-1.E0,0.E0));
#21774=DIRECTION('',(0.E0,0.E0,-1.E0));
#21775=AXIS2_PLACEMENT_3D('',#21772,#21773,#21774);
#21776=PLANE('',#21775);
#21777=ORIENTED_EDGE('',*,*,#21685,.F.);
#21779=ORIENTED_EDGE('',*,*,#21778,.T.);
#21780=ORIENTED_EDGE('',*,*,#21726,.T.);
#21781=ORIENTED_EDGE('',*,*,#21765,.F.);
#21782=EDGE_LOOP('',(#21777,#21779,#21780,#21781));
#21783=FACE_OUTER_BOUND('',#21782,.F.);
#21784=ADVANCED_FACE('',(#21783),#21776,.T.);
#21785=CARTESIAN_POINT('',(-1.09E0,1.E-1,-1.07E0));
#21786=DIRECTION('',(1.E0,0.E0,0.E0));
#21787=DIRECTION('',(0.E0,0.E0,-1.E0));
#21788=AXIS2_PLACEMENT_3D('',#21785,#21786,#21787);
#21789=CYLINDRICAL_SURFACE('',#21788,1.2E-1);
#21790=ORIENTED_EDGE('',*,*,#21683,.F.);
#21791=ORIENTED_EDGE('',*,*,#21707,.T.);
#21792=ORIENTED_EDGE('',*,*,#21728,.T.);
#21793=ORIENTED_EDGE('',*,*,#21778,.F.);
#21794=EDGE_LOOP('',(#21790,#21791,#21792,#21793));
#21795=FACE_OUTER_BOUND('',#21794,.F.);
#21796=ADVANCED_FACE('',(#21795),#21789,.T.);
#21797=CARTESIAN_POINT('',(-1.49E0,1.E-1,9.5E-1));
#21798=DIRECTION('',(0.E0,0.E0,-1.E0));
#21799=DIRECTION('',(0.E0,1.E0,0.E0));
#21800=AXIS2_PLACEMENT_3D('',#21797,#21798,#21799);
#21801=PLANE('',#21800);
#21803=ORIENTED_EDGE('',*,*,#21802,.F.);
#21805=ORIENTED_EDGE('',*,*,#21804,.T.);
#21807=ORIENTED_EDGE('',*,*,#21806,.T.);
#21808=ORIENTED_EDGE('',*,*,#11718,.F.);
#21809=EDGE_LOOP('',(#21803,#21805,#21807,#21808));
#21810=FACE_OUTER_BOUND('',#21809,.F.);
#21811=ADVANCED_FACE('',(#21810),#21801,.T.);
#21812=CARTESIAN_POINT('',(-1.47E0,-2.E-2,9.5E-1));
#21813=DIRECTION('',(1.E0,0.E0,0.E0));
#21814=DIRECTION('',(0.E0,0.E0,1.E0));
#21815=AXIS2_PLACEMENT_3D('',#21812,#21813,#21814);
#21816=PLANE('',#21815);
#21818=ORIENTED_EDGE('',*,*,#21817,.T.);
#21820=ORIENTED_EDGE('',*,*,#21819,.F.);
#21822=ORIENTED_EDGE('',*,*,#21821,.T.);
#21824=ORIENTED_EDGE('',*,*,#21823,.T.);
#21826=ORIENTED_EDGE('',*,*,#21825,.T.);
#21828=ORIENTED_EDGE('',*,*,#21827,.T.);
#21829=ORIENTED_EDGE('',*,*,#21802,.T.);
#21830=ORIENTED_EDGE('',*,*,#11724,.T.);
#21831=EDGE_LOOP('',(#21818,#21820,#21822,#21824,#21826,#21828,#21829,#21830));
#21832=FACE_OUTER_BOUND('',#21831,.F.);
#21833=ADVANCED_FACE('',(#21832),#21816,.F.);
#21834=CARTESIAN_POINT('',(-1.49E0,5.E-1,1.03E0));
#21835=DIRECTION('',(0.E0,0.E0,1.E0));
#21836=DIRECTION('',(0.E0,-1.E0,0.E0));
#21837=AXIS2_PLACEMENT_3D('',#21834,#21835,#21836);
#21838=PLANE('',#21837);
#21839=ORIENTED_EDGE('',*,*,#21817,.F.);
#21840=ORIENTED_EDGE('',*,*,#11722,.T.);
#21842=ORIENTED_EDGE('',*,*,#21841,.T.);
#21844=ORIENTED_EDGE('',*,*,#21843,.F.);
#21845=EDGE_LOOP('',(#21839,#21840,#21842,#21844));
#21846=FACE_OUTER_BOUND('',#21845,.F.);
#21847=ADVANCED_FACE('',(#21846),#21838,.T.);
#21848=CARTESIAN_POINT('',(-1.33E0,-2.E-2,1.25E0));
#21849=DIRECTION('',(-1.E0,0.E0,0.E0));
#21850=DIRECTION('',(0.E0,0.E0,-1.E0));
#21851=AXIS2_PLACEMENT_3D('',#21848,#21849,#21850);
#21852=PLANE('',#21851);
#21853=ORIENTED_EDGE('',*,*,#21841,.F.);
#21854=ORIENTED_EDGE('',*,*,#11720,.T.);
#21855=ORIENTED_EDGE('',*,*,#21806,.F.);
#21857=ORIENTED_EDGE('',*,*,#21856,.F.);
#21859=ORIENTED_EDGE('',*,*,#21858,.F.);
#21861=ORIENTED_EDGE('',*,*,#21860,.F.);
#21863=ORIENTED_EDGE('',*,*,#21862,.F.);
#21865=ORIENTED_EDGE('',*,*,#21864,.T.);
#21866=EDGE_LOOP('',(#21853,#21854,#21855,#21857,#21859,#21861,#21863,#21865));
#21867=FACE_OUTER_BOUND('',#21866,.F.);
#21868=ADVANCED_FACE('',(#21867),#21852,.F.);
#21869=CARTESIAN_POINT('',(-1.49E0,1.E-1,1.07E0));
#21870=DIRECTION('',(1.E0,0.E0,0.E0));
#21871=DIRECTION('',(0.E0,0.E0,-1.E0));
#21872=AXIS2_PLACEMENT_3D('',#21869,#21870,#21871);
#21873=CYLINDRICAL_SURFACE('',#21872,1.2E-1);
#21874=ORIENTED_EDGE('',*,*,#21827,.F.);
#21876=ORIENTED_EDGE('',*,*,#21875,.T.);
#21877=ORIENTED_EDGE('',*,*,#21856,.T.);
#21878=ORIENTED_EDGE('',*,*,#21804,.F.);
#21879=EDGE_LOOP('',(#21874,#21876,#21877,#21878));
#21880=FACE_OUTER_BOUND('',#21879,.F.);
#21881=ADVANCED_FACE('',(#21880),#21873,.T.);
#21882=CARTESIAN_POINT('',(-1.49E0,-2.E-2,1.25E0));
#21883=DIRECTION('',(0.E0,-1.E0,0.E0));
#21884=DIRECTION('',(0.E0,0.E0,-1.E0));
#21885=AXIS2_PLACEMENT_3D('',#21882,#21883,#21884);
#21886=PLANE('',#21885);
#21887=ORIENTED_EDGE('',*,*,#21825,.F.);
#21889=ORIENTED_EDGE('',*,*,#21888,.T.);
#21890=ORIENTED_EDGE('',*,*,#21858,.T.);
#21891=ORIENTED_EDGE('',*,*,#21875,.F.);
#21892=EDGE_LOOP('',(#21887,#21889,#21890,#21891));
#21893=FACE_OUTER_BOUND('',#21892,.F.);
#21894=ADVANCED_FACE('',(#21893),#21886,.T.);
#21895=CARTESIAN_POINT('',(-1.49E0,6.E-2,1.25E0));
#21896=DIRECTION('',(0.E0,0.E0,1.E0));
#21897=DIRECTION('',(0.E0,-1.E0,0.E0));
#21898=AXIS2_PLACEMENT_3D('',#21895,#21896,#21897);
#21899=PLANE('',#21898);
#21900=ORIENTED_EDGE('',*,*,#21823,.F.);
#21902=ORIENTED_EDGE('',*,*,#21901,.T.);
#21903=ORIENTED_EDGE('',*,*,#21860,.T.);
#21904=ORIENTED_EDGE('',*,*,#21888,.F.);
#21905=EDGE_LOOP('',(#21900,#21902,#21903,#21904));
#21906=FACE_OUTER_BOUND('',#21905,.F.);
#21907=ADVANCED_FACE('',(#21906),#21899,.T.);
#21908=CARTESIAN_POINT('',(-1.49E0,6.E-2,1.07E0));
#21909=DIRECTION('',(0.E0,1.E0,0.E0));
#21910=DIRECTION('',(0.E0,0.E0,1.E0));
#21911=AXIS2_PLACEMENT_3D('',#21908,#21909,#21910);
#21912=PLANE('',#21911);
#21913=ORIENTED_EDGE('',*,*,#21821,.F.);
#21915=ORIENTED_EDGE('',*,*,#21914,.T.);
#21916=ORIENTED_EDGE('',*,*,#21862,.T.);
#21917=ORIENTED_EDGE('',*,*,#21901,.F.);
#21918=EDGE_LOOP('',(#21913,#21915,#21916,#21917));
#21919=FACE_OUTER_BOUND('',#21918,.F.);
#21920=ADVANCED_FACE('',(#21919),#21912,.T.);
#21921=CARTESIAN_POINT('',(-1.49E0,1.E-1,1.07E0));
#21922=DIRECTION('',(1.E0,0.E0,0.E0));
#21923=DIRECTION('',(0.E0,0.E0,-1.E0));
#21924=AXIS2_PLACEMENT_3D('',#21921,#21922,#21923);
#21925=CYLINDRICAL_SURFACE('',#21924,4.E-2);
#21926=ORIENTED_EDGE('',*,*,#21819,.T.);
#21927=ORIENTED_EDGE('',*,*,#21843,.T.);
#21928=ORIENTED_EDGE('',*,*,#21864,.F.);
#21929=ORIENTED_EDGE('',*,*,#21914,.F.);
#21930=EDGE_LOOP('',(#21926,#21927,#21928,#21929));
#21931=FACE_OUTER_BOUND('',#21930,.F.);
#21932=ADVANCED_FACE('',(#21931),#21925,.F.);
#21933=CARTESIAN_POINT('',(-1.49E0,1.E-1,-1.03E0));
#21934=DIRECTION('',(0.E0,0.E0,-1.E0));
#21935=DIRECTION('',(0.E0,1.E0,0.E0));
#21936=AXIS2_PLACEMENT_3D('',#21933,#21934,#21935);
#21937=PLANE('',#21936);
#21939=ORIENTED_EDGE('',*,*,#21938,.F.);
#21941=ORIENTED_EDGE('',*,*,#21940,.T.);
#21943=ORIENTED_EDGE('',*,*,#21942,.T.);
#21944=ORIENTED_EDGE('',*,*,#11611,.F.);
#21945=EDGE_LOOP('',(#21939,#21941,#21943,#21944));
#21946=FACE_OUTER_BOUND('',#21945,.F.);
#21947=ADVANCED_FACE('',(#21946),#21937,.T.);
#21948=CARTESIAN_POINT('',(-1.47E0,-2.E-2,-1.25E0));
#21949=DIRECTION('',(1.E0,0.E0,0.E0));
#21950=DIRECTION('',(0.E0,0.E0,1.E0));
#21951=AXIS2_PLACEMENT_3D('',#21948,#21949,#21950);
#21952=PLANE('',#21951);
#21954=ORIENTED_EDGE('',*,*,#21953,.T.);
#21956=ORIENTED_EDGE('',*,*,#21955,.T.);
#21958=ORIENTED_EDGE('',*,*,#21957,.T.);
#21960=ORIENTED_EDGE('',*,*,#21959,.T.);
#21962=ORIENTED_EDGE('',*,*,#21961,.T.);
#21964=ORIENTED_EDGE('',*,*,#21963,.F.);
#21965=ORIENTED_EDGE('',*,*,#21938,.T.);
#21966=ORIENTED_EDGE('',*,*,#11617,.T.);
#21967=EDGE_LOOP('',(#21954,#21956,#21958,#21960,#21962,#21964,#21965,#21966));
#21968=FACE_OUTER_BOUND('',#21967,.F.);
#21969=ADVANCED_FACE('',(#21968),#21952,.F.);
#21970=CARTESIAN_POINT('',(-1.49E0,5.E-1,-9.5E-1));
#21971=DIRECTION('',(0.E0,0.E0,1.E0));
#21972=DIRECTION('',(0.E0,-1.E0,0.E0));
#21973=AXIS2_PLACEMENT_3D('',#21970,#21971,#21972);
#21974=PLANE('',#21973);
#21975=ORIENTED_EDGE('',*,*,#21953,.F.);
#21976=ORIENTED_EDGE('',*,*,#11615,.T.);
#21978=ORIENTED_EDGE('',*,*,#21977,.T.);
#21980=ORIENTED_EDGE('',*,*,#21979,.F.);
#21981=EDGE_LOOP('',(#21975,#21976,#21978,#21980));
#21982=FACE_OUTER_BOUND('',#21981,.F.);
#21983=ADVANCED_FACE('',(#21982),#21974,.T.);
#21984=CARTESIAN_POINT('',(-1.33E0,-2.E-2,-9.5E-1));
#21985=DIRECTION('',(-1.E0,0.E0,0.E0));
#21986=DIRECTION('',(0.E0,0.E0,-1.E0));
#21987=AXIS2_PLACEMENT_3D('',#21984,#21985,#21986);
#21988=PLANE('',#21987);
#21989=ORIENTED_EDGE('',*,*,#21977,.F.);
#21990=ORIENTED_EDGE('',*,*,#11613,.T.);
#21991=ORIENTED_EDGE('',*,*,#21942,.F.);
#21993=ORIENTED_EDGE('',*,*,#21992,.T.);
#21995=ORIENTED_EDGE('',*,*,#21994,.F.);
#21997=ORIENTED_EDGE('',*,*,#21996,.F.);
#21999=ORIENTED_EDGE('',*,*,#21998,.F.);
#22001=ORIENTED_EDGE('',*,*,#22000,.F.);
#22002=EDGE_LOOP('',(#21989,#21990,#21991,#21993,#21995,#21997,#21999,#22001));
#22003=FACE_OUTER_BOUND('',#22002,.F.);
#22004=ADVANCED_FACE('',(#22003),#21988,.F.);
#22005=CARTESIAN_POINT('',(-1.49E0,1.E-1,-1.07E0));
#22006=DIRECTION('',(1.E0,0.E0,0.E0));
#22007=DIRECTION('',(0.E0,0.E0,-1.E0));
#22008=AXIS2_PLACEMENT_3D('',#22005,#22006,#22007);
#22009=CYLINDRICAL_SURFACE('',#22008,4.E-2);
#22010=ORIENTED_EDGE('',*,*,#21963,.T.);
#22012=ORIENTED_EDGE('',*,*,#22011,.T.);
#22013=ORIENTED_EDGE('',*,*,#21992,.F.);
#22014=ORIENTED_EDGE('',*,*,#21940,.F.);
#22015=EDGE_LOOP('',(#22010,#22012,#22013,#22014));
#22016=FACE_OUTER_BOUND('',#22015,.F.);
#22017=ADVANCED_FACE('',(#22016),#22009,.F.);
#22018=CARTESIAN_POINT('',(-1.49E0,6.E-2,-1.25E0));
#22019=DIRECTION('',(0.E0,1.E0,0.E0));
#22020=DIRECTION('',(0.E0,0.E0,1.E0));
#22021=AXIS2_PLACEMENT_3D('',#22018,#22019,#22020);
#22022=PLANE('',#22021);
#22023=ORIENTED_EDGE('',*,*,#21961,.F.);
#22025=ORIENTED_EDGE('',*,*,#22024,.T.);
#22026=ORIENTED_EDGE('',*,*,#21994,.T.);
#22027=ORIENTED_EDGE('',*,*,#22011,.F.);
#22028=EDGE_LOOP('',(#22023,#22025,#22026,#22027));
#22029=FACE_OUTER_BOUND('',#22028,.F.);
#22030=ADVANCED_FACE('',(#22029),#22022,.T.);
#22031=CARTESIAN_POINT('',(-1.49E0,-2.E-2,-1.25E0));
#22032=DIRECTION('',(0.E0,0.E0,-1.E0));
#22033=DIRECTION('',(0.E0,1.E0,0.E0));
#22034=AXIS2_PLACEMENT_3D('',#22031,#22032,#22033);
#22035=PLANE('',#22034);
#22036=ORIENTED_EDGE('',*,*,#21959,.F.);
#22038=ORIENTED_EDGE('',*,*,#22037,.T.);
#22039=ORIENTED_EDGE('',*,*,#21996,.T.);
#22040=ORIENTED_EDGE('',*,*,#22024,.F.);
#22041=EDGE_LOOP('',(#22036,#22038,#22039,#22040));
#22042=FACE_OUTER_BOUND('',#22041,.F.);
#22043=ADVANCED_FACE('',(#22042),#22035,.T.);
#22044=CARTESIAN_POINT('',(-1.49E0,-2.E-2,-1.07E0));
#22045=DIRECTION('',(0.E0,-1.E0,0.E0));
#22046=DIRECTION('',(0.E0,0.E0,-1.E0));
#22047=AXIS2_PLACEMENT_3D('',#22044,#22045,#22046);
#22048=PLANE('',#22047);
#22049=ORIENTED_EDGE('',*,*,#21957,.F.);
#22051=ORIENTED_EDGE('',*,*,#22050,.T.);
#22052=ORIENTED_EDGE('',*,*,#21998,.T.);
#22053=ORIENTED_EDGE('',*,*,#22037,.F.);
#22054=EDGE_LOOP('',(#22049,#22051,#22052,#22053));
#22055=FACE_OUTER_BOUND('',#22054,.F.);
#22056=ADVANCED_FACE('',(#22055),#22048,.T.);
#22057=CARTESIAN_POINT('',(-1.49E0,1.E-1,-1.07E0));
#22058=DIRECTION('',(1.E0,0.E0,0.E0));
#22059=DIRECTION('',(0.E0,0.E0,-1.E0));
#22060=AXIS2_PLACEMENT_3D('',#22057,#22058,#22059);
#22061=CYLINDRICAL_SURFACE('',#22060,1.2E-1);
#22062=ORIENTED_EDGE('',*,*,#21955,.F.);
#22063=ORIENTED_EDGE('',*,*,#21979,.T.);
#22064=ORIENTED_EDGE('',*,*,#22000,.T.);
#22065=ORIENTED_EDGE('',*,*,#22050,.F.);
#22066=EDGE_LOOP('',(#22062,#22063,#22064,#22065));
#22067=FACE_OUTER_BOUND('',#22066,.F.);
#22068=ADVANCED_FACE('',(#22067),#22061,.T.);
#22069=CLOSED_SHELL('',(#10732,#10747,#10769,#10791,#10806,#10861,#10917,#10941,
#10974,#10997,#11021,#11035,#11061,#11083,#11103,#11117,#11135,#11148,#11170,
#11184,#11204,#11221,#11241,#11261,#11276,#11299,#11314,#11329,#11353,#11371,
#11385,#11399,#11415,#11431,#11447,#11462,#11478,#11494,#11511,#11621,#11728,
#11744,#11756,#11768,#11781,#11795,#11817,#11833,#11848,#11867,#11883,#11899,
#11919,#11932,#11945,#11957,#11969,#11981,#11993,#12009,#12022,#12036,#12058,
#12091,#12114,#12138,#12151,#12178,#12200,#12224,#12237,#12259,#12279,#12293,
#12307,#12329,#12341,#12355,#12368,#12384,#12398,#12419,#12432,#12453,#12473,
#12497,#12511,#12524,#12544,#12574,#12587,#12600,#12613,#12626,#12639,#12664,
#12676,#12689,#12704,#12719,#12742,#12754,#12767,#12786,#12801,#12813,#12826,
#12838,#12850,#12862,#12876,#12890,#12904,#12921,#12935,#12950,#13248,#13271,
#13286,#13301,#13327,#13353,#13376,#13390,#13412,#13427,#13442,#13468,#13494,
#13517,#13583,#13596,#13609,#13622,#13635,#13647,#13669,#13684,#13699,#13725,
#13751,#13774,#13788,#13809,#13824,#13839,#13865,#13891,#13914,#13927,#13940,
#13953,#13966,#13978,#13991,#14004,#14070,#14084,#14098,#14112,#14178,#14191,
#14203,#14216,#14228,#14250,#14264,#14278,#14304,#14330,#14353,#14367,#14388,
#14402,#14416,#14442,#14468,#14491,#14504,#14517,#14530,#14543,#14555,#14568,
#14580,#14593,#14605,#14768,#14782,#14795,#14813,#14826,#14842,#14856,#14870,
#14883,#14896,#14908,#15070,#15083,#15096,#15114,#15128,#15141,#15155,#15166,
#15188,#15202,#15216,#15240,#15264,#15287,#15301,#15322,#15336,#15350,#15374,
#15398,#15421,#15434,#15447,#15460,#15473,#15485,#15498,#15510,#15523,#15535,
#15548,#15560,#15573,#15586,#15599,#15612,#15624,#15637,#15650,#15663,#15676,
#15688,#15701,#15713,#15774,#15786,#15799,#15812,#15825,#15838,#15851,#15863,
#15885,#15899,#15913,#15937,#15961,#15983,#15997,#16018,#16032,#16046,#16070,
#16094,#16116,#16129,#16142,#16155,#16168,#16180,#16193,#16205,#16218,#16230,
#16243,#16256,#16269,#16282,#16294,#16307,#16319,#16332,#16344,#16357,#16370,
#16383,#16396,#16408,#16421,#16434,#16447,#16460,#16473,#16485,#16507,#16521,
#16535,#16559,#16583,#16605,#16619,#16640,#16654,#16668,#16692,#16716,#16738,
#16751,#16764,#16777,#16790,#16802,#16815,#16827,#16840,#16852,#16865,#16878,
#16891,#16904,#16916,#16929,#16941,#16954,#16966,#16979,#16992,#17005,#17018,
#17030,#17043,#17056,#17069,#17082,#17095,#17107,#17129,#17143,#17157,#17181,
#17205,#17227,#17241,#17262,#17276,#17290,#17314,#17338,#17360,#17373,#17386,
#17399,#17412,#17424,#17437,#17449,#17462,#17474,#17487,#17500,#17513,#17526,
#17538,#17551,#17563,#17576,#17588,#17601,#17614,#17627,#17640,#17652,#17665,
#17678,#17691,#17704,#17717,#17729,#17751,#17765,#17779,#17803,#17827,#17849,
#17863,#17884,#17898,#17912,#17936,#17960,#17982,#17995,#18008,#18021,#18034,
#18046,#18059,#18071,#18084,#18096,#18109,#18122,#18135,#18148,#18160,#18173,
#18185,#18198,#18210,#18223,#18236,#18249,#18262,#18274,#18287,#18300,#18313,
#18326,#18339,#18351,#18364,#18377,#18390,#18403,#18416,#18428,#18441,#18454,
#18467,#18480,#18493,#18505,#18518,#18531,#18544,#18557,#18570,#18582,#18595,
#18608,#18621,#18634,#18646,#18659,#18671,#18684,#18697,#18710,#18723,#18735,
#18748,#18760,#18773,#18786,#18799,#18812,#18824,#18837,#18849,#18862,#18874,
#18887,#18900,#18913,#18926,#18938,#18951,#18963,#18976,#18989,#19002,#19015,
#19027,#19040,#19052,#19065,#19078,#19091,#19104,#19116,#19129,#19141,#19154,
#19170,#19184,#19204,#19216,#19238,#19270,#19293,#19316,#19341,#19354,#19367,
#19380,#19393,#19405,#19418,#19433,#19448,#19472,#19486,#19505,#19517,#19533,
#19547,#19570,#19587,#19602,#19614,#19626,#19639,#19661,#19674,#19687,#19700,
#19713,#19725,#19737,#19749,#19761,#19773,#19785,#19797,#19814,#19828,#19841,
#19854,#19867,#19880,#19892,#19915,#19929,#19951,#19964,#19977,#19990,#20003,
#20016,#20028,#20043,#20065,#20079,#20100,#20113,#20126,#20139,#20152,#20164,
#20179,#20201,#20215,#20236,#20249,#20262,#20275,#20288,#20300,#20315,#20337,
#20351,#20372,#20385,#20398,#20411,#20424,#20436,#20451,#20473,#20487,#20508,
#20521,#20534,#20547,#20560,#20572,#20587,#20609,#20623,#20644,#20657,#20670,
#20683,#20696,#20708,#20723,#20745,#20759,#20780,#20793,#20806,#20819,#20832,
#20844,#20859,#20881,#20895,#20916,#20929,#20942,#20955,#20968,#20980,#20995,
#21017,#21031,#21052,#21065,#21078,#21091,#21104,#21116,#21131,#21153,#21167,
#21188,#21201,#21214,#21227,#21240,#21252,#21267,#21289,#21303,#21324,#21337,
#21350,#21363,#21376,#21388,#21403,#21425,#21439,#21460,#21473,#21486,#21499,
#21512,#21524,#21539,#21561,#21575,#21596,#21609,#21622,#21635,#21648,#21660,
#21675,#21697,#21711,#21732,#21745,#21758,#21771,#21784,#21796,#21811,#21833,
#21847,#21868,#21881,#21894,#21907,#21920,#21932,#21947,#21969,#21983,#22004,
#22017,#22030,#22043,#22056,#22068));
#22070=MANIFOLD_SOLID_BREP('',#22069);
#22071=CARTESIAN_POINT('',(0.E0,0.E0,0.E0));
#22072=DIRECTION('',(0.E0,0.E0,1.E0));
#22073=DIRECTION('',(1.E0,0.E0,0.E0));
#22074=AXIS2_PLACEMENT_3D('CSYS',#22071,#22072,#22073);
#22075=DIRECTION('',(0.E0,0.E0,1.E0));
#22076=VECTOR('',#22075,4.5E-1);
#22077=CARTESIAN_POINT('',(1.28E0,0.E0,-1.4E0));
#22078=LINE('',#22077,#22076);
#22081=DIRECTION('',(1.E0,0.E0,0.E0));
#22082=VECTOR('',#22081,2.4E-1);
#22083=CARTESIAN_POINT('',(1.28E0,0.E0,-9.5E-1));
#22084=LINE('',#22083,#22082);
#22087=DIRECTION('',(0.E0,0.E0,-1.E0));
#22088=VECTOR('',#22087,4.5E-1);
#22089=CARTESIAN_POINT('',(1.52E0,0.E0,-9.5E-1));
#22090=LINE('',#22089,#22088);
#22093=DIRECTION('',(-1.E0,0.E0,0.E0));
#22094=VECTOR('',#22093,2.4E-1);
#22095=CARTESIAN_POINT('',(1.52E0,0.E0,-1.4E0));
#22096=LINE('',#22095,#22094);
#22101=DIRECTION('',(1.E0,0.E0,0.E0));
#22102=VECTOR('',#22101,2.4E-1);
#22103=CARTESIAN_POINT('',(1.28E0,0.E0,1.4E0));
#22104=LINE('',#22103,#22102);
#22107=DIRECTION('',(0.E0,0.E0,-1.E0));
#22108=VECTOR('',#22107,4.5E-1);
#22109=CARTESIAN_POINT('',(1.52E0,0.E0,1.4E0));
#22110=LINE('',#22109,#22108);
#22113=DIRECTION('',(-1.E0,0.E0,0.E0));
#22114=VECTOR('',#22113,2.4E-1);
#22115=CARTESIAN_POINT('',(1.52E0,0.E0,9.5E-1));
#22116=LINE('',#22115,#22114);
#22119=DIRECTION('',(0.E0,0.E0,1.E0));
#22120=VECTOR('',#22119,4.5E-1);
#22121=CARTESIAN_POINT('',(1.28E0,0.E0,9.5E-1));
#22122=LINE('',#22121,#22120);
#22126=DIRECTION('',(0.E0,0.E0,1.E0));
#22127=VECTOR('',#22126,4.5E-1);
#22128=CARTESIAN_POINT('',(8.8E-1,0.E0,-1.4E0));
#22129=LINE('',#22128,#22127);
#22132=DIRECTION('',(1.E0,0.E0,0.E0));
#22133=VECTOR('',#22132,2.4E-1);
#22134=CARTESIAN_POINT('',(8.8E-1,0.E0,-9.5E-1));
#22135=LINE('',#22134,#22133);
#22138=DIRECTION('',(0.E0,0.E0,-1.E0));
#22139=VECTOR('',#22138,4.5E-1);
#22140=CARTESIAN_POINT('',(1.12E0,0.E0,-9.5E-1));
#22141=LINE('',#22140,#22139);
#22144=DIRECTION('',(-1.E0,0.E0,0.E0));
#22145=VECTOR('',#22144,2.4E-1);
#22146=CARTESIAN_POINT('',(1.12E0,0.E0,-1.4E0));
#22147=LINE('',#22146,#22145);
#22151=DIRECTION('',(1.E0,0.E0,0.E0));
#22152=VECTOR('',#22151,2.4E-1);
#22153=CARTESIAN_POINT('',(8.8E-1,0.E0,1.4E0));
#22154=LINE('',#22153,#22152);
#22157=DIRECTION('',(0.E0,0.E0,-1.E0));
#22158=VECTOR('',#22157,4.5E-1);
#22159=CARTESIAN_POINT('',(1.12E0,0.E0,1.4E0));
#22160=LINE('',#22159,#22158);
#22163=DIRECTION('',(-1.E0,0.E0,0.E0));
#22164=VECTOR('',#22163,2.4E-1);
#22165=CARTESIAN_POINT('',(1.12E0,0.E0,9.5E-1));
#22166=LINE('',#22165,#22164);
#22169=DIRECTION('',(0.E0,0.E0,1.E0));
#22170=VECTOR('',#22169,4.5E-1);
#22171=CARTESIAN_POINT('',(8.8E-1,0.E0,9.5E-1));
#22172=LINE('',#22171,#22170);
#22176=DIRECTION('',(0.E0,0.E0,1.E0));
#22177=VECTOR('',#22176,4.5E-1);
#22178=CARTESIAN_POINT('',(4.8E-1,0.E0,-1.4E0));
#22179=LINE('',#22178,#22177);
#22182=DIRECTION('',(1.E0,0.E0,0.E0));
#22183=VECTOR('',#22182,2.4E-1);
#22184=CARTESIAN_POINT('',(4.8E-1,0.E0,-9.5E-1));
#22185=LINE('',#22184,#22183);
#22188=DIRECTION('',(0.E0,0.E0,-1.E0));
#22189=VECTOR('',#22188,4.5E-1);
#22190=CARTESIAN_POINT('',(7.2E-1,0.E0,-9.5E-1));
#22191=LINE('',#22190,#22189);
#22194=DIRECTION('',(-1.E0,0.E0,0.E0));
#22195=VECTOR('',#22194,2.4E-1);
#22196=CARTESIAN_POINT('',(7.2E-1,0.E0,-1.4E0));
#22197=LINE('',#22196,#22195);
#22201=DIRECTION('',(1.E0,0.E0,0.E0));
#22202=VECTOR('',#22201,2.4E-1);
#22203=CARTESIAN_POINT('',(4.8E-1,0.E0,1.4E0));
#22204=LINE('',#22203,#22202);
#22207=DIRECTION('',(0.E0,0.E0,-1.E0));
#22208=VECTOR('',#22207,4.5E-1);
#22209=CARTESIAN_POINT('',(7.2E-1,0.E0,1.4E0));
#22210=LINE('',#22209,#22208);
#22213=DIRECTION('',(-1.E0,0.E0,0.E0));
#22214=VECTOR('',#22213,2.4E-1);
#22215=CARTESIAN_POINT('',(7.2E-1,0.E0,9.5E-1));
#22216=LINE('',#22215,#22214);
#22219=DIRECTION('',(0.E0,0.E0,1.E0));
#22220=VECTOR('',#22219,4.5E-1);
#22221=CARTESIAN_POINT('',(4.8E-1,0.E0,9.5E-1));
#22222=LINE('',#22221,#22220);
#22226=DIRECTION('',(0.E0,0.E0,1.E0));
#22227=VECTOR('',#22226,4.5E-1);
#22228=CARTESIAN_POINT('',(8.E-2,0.E0,-1.4E0));
#22229=LINE('',#22228,#22227);
#22232=DIRECTION('',(1.E0,0.E0,0.E0));
#22233=VECTOR('',#22232,2.4E-1);
#22234=CARTESIAN_POINT('',(8.E-2,0.E0,-9.5E-1));
#22235=LINE('',#22234,#22233);
#22238=DIRECTION('',(0.E0,0.E0,-1.E0));
#22239=VECTOR('',#22238,4.5E-1);
#22240=CARTESIAN_POINT('',(3.2E-1,0.E0,-9.5E-1));
#22241=LINE('',#22240,#22239);
#22244=DIRECTION('',(-1.E0,0.E0,0.E0));
#22245=VECTOR('',#22244,2.4E-1);
#22246=CARTESIAN_POINT('',(3.2E-1,0.E0,-1.4E0));
#22247=LINE('',#22246,#22245);
#22251=DIRECTION('',(1.E0,0.E0,0.E0));
#22252=VECTOR('',#22251,2.4E-1);
#22253=CARTESIAN_POINT('',(8.E-2,0.E0,1.4E0));
#22254=LINE('',#22253,#22252);
#22257=DIRECTION('',(0.E0,0.E0,-1.E0));
#22258=VECTOR('',#22257,4.5E-1);
#22259=CARTESIAN_POINT('',(3.2E-1,0.E0,1.4E0));
#22260=LINE('',#22259,#22258);
#22263=DIRECTION('',(-1.E0,0.E0,0.E0));
#22264=VECTOR('',#22263,2.4E-1);
#22265=CARTESIAN_POINT('',(3.2E-1,0.E0,9.5E-1));
#22266=LINE('',#22265,#22264);
#22269=DIRECTION('',(0.E0,0.E0,1.E0));
#22270=VECTOR('',#22269,4.5E-1);
#22271=CARTESIAN_POINT('',(8.E-2,0.E0,9.5E-1));
#22272=LINE('',#22271,#22270);
#22276=DIRECTION('',(0.E0,0.E0,1.E0));
#22277=VECTOR('',#22276,4.5E-1);
#22278=CARTESIAN_POINT('',(-3.2E-1,0.E0,-1.4E0));
#22279=LINE('',#22278,#22277);
#22282=DIRECTION('',(1.E0,0.E0,0.E0));
#22283=VECTOR('',#22282,2.4E-1);
#22284=CARTESIAN_POINT('',(-3.2E-1,0.E0,-9.5E-1));
#22285=LINE('',#22284,#22283);
#22288=DIRECTION('',(0.E0,0.E0,-1.E0));
#22289=VECTOR('',#22288,4.5E-1);
#22290=CARTESIAN_POINT('',(-8.E-2,0.E0,-9.5E-1));
#22291=LINE('',#22290,#22289);
#22294=DIRECTION('',(-1.E0,0.E0,0.E0));
#22295=VECTOR('',#22294,2.4E-1);
#22296=CARTESIAN_POINT('',(-8.E-2,0.E0,-1.4E0));
#22297=LINE('',#22296,#22295);
#22301=DIRECTION('',(1.E0,0.E0,0.E0));
#22302=VECTOR('',#22301,2.4E-1);
#22303=CARTESIAN_POINT('',(-3.2E-1,0.E0,1.4E0));
#22304=LINE('',#22303,#22302);
#22307=DIRECTION('',(0.E0,0.E0,-1.E0));
#22308=VECTOR('',#22307,4.5E-1);
#22309=CARTESIAN_POINT('',(-8.E-2,0.E0,1.4E0));
#22310=LINE('',#22309,#22308);
#22313=DIRECTION('',(-1.E0,0.E0,0.E0));
#22314=VECTOR('',#22313,2.4E-1);
#22315=CARTESIAN_POINT('',(-8.E-2,0.E0,9.5E-1));
#22316=LINE('',#22315,#22314);
#22319=DIRECTION('',(0.E0,0.E0,1.E0));
#22320=VECTOR('',#22319,4.5E-1);
#22321=CARTESIAN_POINT('',(-3.2E-1,0.E0,9.5E-1));
#22322=LINE('',#22321,#22320);
#22326=DIRECTION('',(0.E0,0.E0,1.E0));
#22327=VECTOR('',#22326,4.5E-1);
#22328=CARTESIAN_POINT('',(-7.2E-1,0.E0,-1.4E0));
#22329=LINE('',#22328,#22327);
#22332=DIRECTION('',(1.E0,0.E0,0.E0));
#22333=VECTOR('',#22332,2.4E-1);
#22334=CARTESIAN_POINT('',(-7.2E-1,0.E0,-9.5E-1));
#22335=LINE('',#22334,#22333);
#22338=DIRECTION('',(0.E0,0.E0,-1.E0));
#22339=VECTOR('',#22338,4.5E-1);
#22340=CARTESIAN_POINT('',(-4.8E-1,0.E0,-9.5E-1));
#22341=LINE('',#22340,#22339);
#22344=DIRECTION('',(-1.E0,0.E0,0.E0));
#22345=VECTOR('',#22344,2.4E-1);
#22346=CARTESIAN_POINT('',(-4.8E-1,0.E0,-1.4E0));
#22347=LINE('',#22346,#22345);
#22351=DIRECTION('',(1.E0,0.E0,0.E0));
#22352=VECTOR('',#22351,2.4E-1);
#22353=CARTESIAN_POINT('',(-7.2E-1,0.E0,1.4E0));
#22354=LINE('',#22353,#22352);
#22357=DIRECTION('',(0.E0,0.E0,-1.E0));
#22358=VECTOR('',#22357,4.5E-1);
#22359=CARTESIAN_POINT('',(-4.8E-1,0.E0,1.4E0));
#22360=LINE('',#22359,#22358);
#22363=DIRECTION('',(-1.E0,0.E0,0.E0));
#22364=VECTOR('',#22363,2.4E-1);
#22365=CARTESIAN_POINT('',(-4.8E-1,0.E0,9.5E-1));
#22366=LINE('',#22365,#22364);
#22369=DIRECTION('',(0.E0,0.E0,1.E0));
#22370=VECTOR('',#22369,4.5E-1);
#22371=CARTESIAN_POINT('',(-7.2E-1,0.E0,9.5E-1));
#22372=LINE('',#22371,#22370);
#22376=DIRECTION('',(0.E0,0.E0,1.E0));
#22377=VECTOR('',#22376,4.5E-1);
#22378=CARTESIAN_POINT('',(-1.12E0,0.E0,-1.4E0));
#22379=LINE('',#22378,#22377);
#22382=DIRECTION('',(1.E0,0.E0,0.E0));
#22383=VECTOR('',#22382,2.4E-1);
#22384=CARTESIAN_POINT('',(-1.12E0,0.E0,-9.5E-1));
#22385=LINE('',#22384,#22383);
#22388=DIRECTION('',(0.E0,0.E0,-1.E0));
#22389=VECTOR('',#22388,4.5E-1);
#22390=CARTESIAN_POINT('',(-8.8E-1,0.E0,-9.5E-1));
#22391=LINE('',#22390,#22389);
#22394=DIRECTION('',(-1.E0,0.E0,0.E0));
#22395=VECTOR('',#22394,2.4E-1);
#22396=CARTESIAN_POINT('',(-8.8E-1,0.E0,-1.4E0));
#22397=LINE('',#22396,#22395);
#22401=DIRECTION('',(1.E0,0.E0,0.E0));
#22402=VECTOR('',#22401,2.4E-1);
#22403=CARTESIAN_POINT('',(-1.12E0,0.E0,1.4E0));
#22404=LINE('',#22403,#22402);
#22407=DIRECTION('',(0.E0,0.E0,-1.E0));
#22408=VECTOR('',#22407,4.5E-1);
#22409=CARTESIAN_POINT('',(-8.8E-1,0.E0,1.4E0));
#22410=LINE('',#22409,#22408);
#22413=DIRECTION('',(-1.E0,0.E0,0.E0));
#22414=VECTOR('',#22413,2.4E-1);
#22415=CARTESIAN_POINT('',(-8.8E-1,0.E0,9.5E-1));
#22416=LINE('',#22415,#22414);
#22419=DIRECTION('',(0.E0,0.E0,1.E0));
#22420=VECTOR('',#22419,4.5E-1);
#22421=CARTESIAN_POINT('',(-1.12E0,0.E0,9.5E-1));
#22422=LINE('',#22421,#22420);
#22426=DIRECTION('',(0.E0,0.E0,1.E0));
#22427=VECTOR('',#22426,4.5E-1);
#22428=CARTESIAN_POINT('',(-1.52E0,0.E0,-1.4E0));
#22429=LINE('',#22428,#22427);
#22432=DIRECTION('',(1.E0,0.E0,0.E0));
#22433=VECTOR('',#22432,2.4E-1);
#22434=CARTESIAN_POINT('',(-1.52E0,0.E0,-9.5E-1));
#22435=LINE('',#22434,#22433);
#22438=DIRECTION('',(0.E0,0.E0,-1.E0));
#22439=VECTOR('',#22438,4.5E-1);
#22440=CARTESIAN_POINT('',(-1.28E0,0.E0,-9.5E-1));
#22441=LINE('',#22440,#22439);
#22444=DIRECTION('',(-1.E0,0.E0,0.E0));
#22445=VECTOR('',#22444,2.4E-1);
#22446=CARTESIAN_POINT('',(-1.28E0,0.E0,-1.4E0));
#22447=LINE('',#22446,#22445);
#22451=DIRECTION('',(1.E0,0.E0,0.E0));
#22452=VECTOR('',#22451,2.4E-1);
#22453=CARTESIAN_POINT('',(-1.52E0,0.E0,1.4E0));
#22454=LINE('',#22453,#22452);
#22457=DIRECTION('',(0.E0,0.E0,-1.E0));
#22458=VECTOR('',#22457,4.5E-1);
#22459=CARTESIAN_POINT('',(-1.28E0,0.E0,1.4E0));
#22460=LINE('',#22459,#22458);
#22463=DIRECTION('',(-1.E0,0.E0,0.E0));
#22464=VECTOR('',#22463,2.4E-1);
#22465=CARTESIAN_POINT('',(-1.28E0,0.E0,9.5E-1));
#22466=LINE('',#22465,#22464);
#22469=DIRECTION('',(0.E0,0.E0,1.E0));
#22470=VECTOR('',#22469,4.5E-1);
#22471=CARTESIAN_POINT('',(-1.52E0,0.E0,9.5E-1));
#22472=LINE('',#22471,#22470);
#22476=DIRECTION('',(0.E0,0.E0,1.E0));
#22477=VECTOR('',#22476,4.7E-1);
#22478=CARTESIAN_POINT('',(1.9E0,0.E0,-1.38E0));
#22479=LINE('',#22478,#22477);
#22482=DIRECTION('',(1.E0,0.E0,0.E0));
#22483=VECTOR('',#22482,5.E-1);
#22484=CARTESIAN_POINT('',(1.9E0,0.E0,-9.1E-1));
#22485=LINE('',#22484,#22483);
#22488=DIRECTION('',(0.E0,0.E0,-1.E0));
#22489=VECTOR('',#22488,4.7E-1);
#22490=CARTESIAN_POINT('',(2.4E0,0.E0,-9.1E-1));
#22491=LINE('',#22490,#22489);
#22494=DIRECTION('',(-1.E0,0.E0,0.E0));
#22495=VECTOR('',#22494,5.E-1);
#22496=CARTESIAN_POINT('',(2.4E0,0.E0,-1.38E0));
#22497=LINE('',#22496,#22495);
#22501=DIRECTION('',(1.E0,0.E0,0.E0));
#22502=VECTOR('',#22501,5.E-1);
#22503=CARTESIAN_POINT('',(1.9E0,0.E0,1.38E0));
#22504=LINE('',#22503,#22502);
#22507=DIRECTION('',(0.E0,0.E0,-1.E0));
#22508=VECTOR('',#22507,4.7E-1);
#22509=CARTESIAN_POINT('',(2.4E0,0.E0,1.38E0));
#22510=LINE('',#22509,#22508);
#22513=DIRECTION('',(-1.E0,0.E0,0.E0));
#22514=VECTOR('',#22513,5.E-1);
#22515=CARTESIAN_POINT('',(2.4E0,0.E0,9.1E-1));
#22516=LINE('',#22515,#22514);
#22519=DIRECTION('',(0.E0,0.E0,1.E0));
#22520=VECTOR('',#22519,4.7E-1);
#22521=CARTESIAN_POINT('',(1.9E0,0.E0,9.1E-1));
#22522=LINE('',#22521,#22520);
#22526=DIRECTION('',(-1.E0,0.E0,0.E0));
#22527=VECTOR('',#22526,5.E-1);
#22528=CARTESIAN_POINT('',(-1.9E0,0.E0,-1.38E0));
#22529=LINE('',#22528,#22527);
#22532=DIRECTION('',(0.E0,0.E0,1.E0));
#22533=VECTOR('',#22532,4.7E-1);
#22534=CARTESIAN_POINT('',(-2.4E0,0.E0,-1.38E0));
#22535=LINE('',#22534,#22533);
#22538=DIRECTION('',(1.E0,0.E0,0.E0));
#22539=VECTOR('',#22538,5.E-1);
#22540=CARTESIAN_POINT('',(-2.4E0,0.E0,-9.1E-1));
#22541=LINE('',#22540,#22539);
#22544=DIRECTION('',(0.E0,0.E0,-1.E0));
#22545=VECTOR('',#22544,4.7E-1);
#22546=CARTESIAN_POINT('',(-1.9E0,0.E0,-9.1E-1));
#22547=LINE('',#22546,#22545);
#22551=DIRECTION('',(0.E0,0.E0,-1.E0));
#22552=VECTOR('',#22551,4.7E-1);
#22553=CARTESIAN_POINT('',(-1.9E0,0.E0,1.38E0));
#22554=LINE('',#22553,#22552);
#22557=DIRECTION('',(-1.E0,0.E0,0.E0));
#22558=VECTOR('',#22557,5.E-1);
#22559=CARTESIAN_POINT('',(-1.9E0,0.E0,9.1E-1));
#22560=LINE('',#22559,#22558);
#22563=DIRECTION('',(0.E0,0.E0,1.E0));
#22564=VECTOR('',#22563,4.7E-1);
#22565=CARTESIAN_POINT('',(-2.4E0,0.E0,9.1E-1));
#22566=LINE('',#22565,#22564);
#22569=DIRECTION('',(1.E0,0.E0,0.E0));
#22570=VECTOR('',#22569,5.E-1);
#22571=CARTESIAN_POINT('',(-2.4E0,0.E0,1.38E0));
#22572=LINE('',#22571,#22570);
#22577=DIMENSIONAL_EXPONENTS(0.E0,0.E0,0.E0,0.E0,0.E0,0.E0,0.E0);
#22579=PLANE_ANGLE_MEASURE_WITH_UNIT(PLANE_ANGLE_MEASURE(1.745329251994E-2),
#22578);
#22580=(CONVERSION_BASED_UNIT('DEGREE',#22579)NAMED_UNIT(*)PLANE_ANGLE_UNIT());
#22582=UNCERTAINTY_MEASURE_WITH_UNIT(LENGTH_MEASURE(6.618372274329E-4),#22576,
'closure',
'Maximum model space distance between geometric entities at asserted connectivities');
#22583=(GEOMETRIC_REPRESENTATION_CONTEXT(3)GLOBAL_UNCERTAINTY_ASSIGNED_CONTEXT((
#22582))GLOBAL_UNIT_ASSIGNED_CONTEXT((#22576,#22580,#22581))REPRESENTATION_CONTEXT('ID1','3'));
#22100=GEOMETRIC_SET('',(#22099,#22125,#22150,#22175,#22200,#22225,#22250,
#22275,#22300,#22325,#22350,#22375,#22400,#22425,#22450,#22475,#22500,#22525,
#22550,#22575));
#22587=SHAPE_REPRESENTATION_RELATIONSHIP('','',#22586,#22584);
#22588=SHAPE_REPRESENTATION_RELATIONSHIP('','',#22586,#22585);
#22589=APPLICATION_CONTEXT(
'CONFIGURATION CONTROLLED 3D DESIGNS OF MECHANICAL PARTS AND ASSEMBLIES');
#22590=APPLICATION_PROTOCOL_DEFINITION('international standard',
'config_control_design',1994,#22589);
#22591=DESIGN_CONTEXT('',#22589,'design');
#22592=MECHANICAL_CONTEXT('',#22589,'mechanical');
#22593=PRODUCT('5055501620','5055501620','NOT SPECIFIED',(#22592));
#22594=PRODUCT_DEFINITION_FORMATION_WITH_SPECIFIED_SOURCE('12','LAST_VERSION',
#22593,.MADE.);
#22598=PRODUCT_CATEGORY('part','');
#22599=PRODUCT_RELATED_PRODUCT_CATEGORY('detail','',(#22593));
#22600=PRODUCT_CATEGORY_RELATIONSHIP('','',#22598,#22599);
#22601=SECURITY_CLASSIFICATION_LEVEL('unclassified');
#22602=SECURITY_CLASSIFICATION('','',#22601);
#22603=CC_DESIGN_SECURITY_CLASSIFICATION(#22602,(#22594));
#22604=APPROVAL_STATUS('approved');
#22605=APPROVAL(#22604,'');
#22606=CC_DESIGN_APPROVAL(#22605,(#22602,#22594,#22595));
#22607=CALENDAR_DATE(118,20,12);
#22608=COORDINATED_UNIVERSAL_TIME_OFFSET(5,30,.AHEAD.);
#22609=LOCAL_TIME(10,7,5.6E1,#22608);
#22610=DATE_AND_TIME(#22607,#22609);
#22611=APPROVAL_DATE_TIME(#22610,#22605);
#22612=DATE_TIME_ROLE('creation_date');
#22613=CC_DESIGN_DATE_AND_TIME_ASSIGNMENT(#22610,#22612,(#22595));
#22614=DATE_TIME_ROLE('classification_date');
#22615=CC_DESIGN_DATE_AND_TIME_ASSIGNMENT(#22610,#22614,(#22602));
#22616=PERSON('UNSPECIFIED','UNSPECIFIED',$,$,$,$);
#22617=ORGANIZATION('UNSPECIFIED','UNSPECIFIED','UNSPECIFIED');
#22618=PERSON_AND_ORGANIZATION(#22616,#22617);
#22619=APPROVAL_ROLE('approver');
#22620=APPROVAL_PERSON_ORGANIZATION(#22618,#22605,#22619);
#22621=PERSON_AND_ORGANIZATION_ROLE('creator');
#22622=CC_DESIGN_PERSON_AND_ORGANIZATION_ASSIGNMENT(#22618,#22621,(#22594,
#22595));
#22623=PERSON_AND_ORGANIZATION_ROLE('design_supplier');
#22624=CC_DESIGN_PERSON_AND_ORGANIZATION_ASSIGNMENT(#22618,#22623,(#22594));
#22625=PERSON_AND_ORGANIZATION_ROLE('classification_officer');
#22626=CC_DESIGN_PERSON_AND_ORGANIZATION_ASSIGNMENT(#22618,#22625,(#22602));
#22627=PERSON_AND_ORGANIZATION_ROLE('design_owner');
#22628=CC_DESIGN_PERSON_AND_ORGANIZATION_ASSIGNMENT(#22618,#22627,(#22593));
#229=CIRCLE('',#228,1.5E-1);
#246=CIRCLE('',#245,5.E-2);
#255=CIRCLE('',#254,5.E-2);
#272=CIRCLE('',#271,1.5E-1);
#1181=CIRCLE('',#1180,1.5E-1);
#1198=CIRCLE('',#1197,5.E-2);
#1203=CIRCLE('',#1202,5.E-2);
#1220=CIRCLE('',#1219,1.5E-1);
#1257=CIRCLE('',#1256,5.E-2);
#1274=CIRCLE('',#1273,1.5E-1);
#1283=CIRCLE('',#1282,1.5E-1);
#1300=CIRCLE('',#1299,5.E-2);
#2233=CIRCLE('',#2232,1.700010514648E-1);
#2242=CIRCLE('',#2241,1.700010514648E-1);
#2379=CIRCLE('',#2378,1.700010514648E-1);
#2388=CIRCLE('',#2387,1.700010514648E-1);
#2397=CIRCLE('',#2396,1.E-1);
#2406=CIRCLE('',#2405,5.E-2);
#2415=CIRCLE('',#2414,1.2E-1);
#2424=CIRCLE('',#2423,8.E-2);
#2437=CIRCLE('',#2436,8.E-2);
#2458=CIRCLE('',#2457,1.E-1);
#2471=CIRCLE('',#2470,1.E-1);
#2496=CIRCLE('',#2495,1.2E-1);
#2505=CIRCLE('',#2504,5.E-2);
#2514=CIRCLE('',#2513,1.E-1);
#2523=CIRCLE('',#2522,1.2E-1);
#2532=CIRCLE('',#2531,5.E-2);
#2541=CIRCLE('',#2540,1.E-1);
#2550=CIRCLE('',#2549,8.E-2);
#2555=CIRCLE('',#2554,8.E-2);
#2568=CIRCLE('',#2567,1.E-1);
#2605=CIRCLE('',#2604,1.E-1);
#2614=CIRCLE('',#2613,1.E-1);
#2623=CIRCLE('',#2622,5.E-2);
#2632=CIRCLE('',#2631,1.2E-1);
#2765=CIRCLE('',#2764,1.E-1);
#2774=CIRCLE('',#2773,5.E-2);
#2783=CIRCLE('',#2782,1.2E-1);
#2792=CIRCLE('',#2791,8.E-2);
#2805=CIRCLE('',#2804,8.E-2);
#2826=CIRCLE('',#2825,1.E-1);
#2839=CIRCLE('',#2838,1.E-1);
#2864=CIRCLE('',#2863,1.2E-1);
#2873=CIRCLE('',#2872,5.E-2);
#2882=CIRCLE('',#2881,1.E-1);
#2891=CIRCLE('',#2890,1.2E-1);
#2900=CIRCLE('',#2899,5.E-2);
#2909=CIRCLE('',#2908,1.E-1);
#2918=CIRCLE('',#2917,8.E-2);
#2923=CIRCLE('',#2922,8.E-2);
#2936=CIRCLE('',#2935,1.E-1);
#2973=CIRCLE('',#2972,1.E-1);
#2982=CIRCLE('',#2981,1.E-1);
#2991=CIRCLE('',#2990,5.E-2);
#3000=CIRCLE('',#2999,1.2E-1);
#3253=CIRCLE('',#3252,1.E-1);
#3262=CIRCLE('',#3261,5.E-2);
#3271=CIRCLE('',#3270,1.2E-1);
#3280=CIRCLE('',#3279,8.E-2);
#3293=CIRCLE('',#3292,8.E-2);
#3314=CIRCLE('',#3313,1.E-1);
#3327=CIRCLE('',#3326,1.E-1);
#3352=CIRCLE('',#3351,1.2E-1);
#3361=CIRCLE('',#3360,5.E-2);
#3370=CIRCLE('',#3369,1.E-1);
#3379=CIRCLE('',#3378,1.2E-1);
#3388=CIRCLE('',#3387,5.E-2);
#3397=CIRCLE('',#3396,1.E-1);
#3406=CIRCLE('',#3405,8.E-2);
#3411=CIRCLE('',#3410,8.E-2);
#3424=CIRCLE('',#3423,1.E-1);
#3461=CIRCLE('',#3460,1.E-1);
#3470=CIRCLE('',#3469,1.E-1);
#3479=CIRCLE('',#3478,5.E-2);
#3488=CIRCLE('',#3487,1.2E-1);
#3797=CIRCLE('',#3796,3.E-2);
#3802=CIRCLE('',#3801,3.E-2);
#3811=B_SPLINE_CURVE_WITH_KNOTS('',3,(#3803,#3804,#3805,#3806,#3807,#3808,#3809,
#3810),.UNSPECIFIED.,.F.,.F.,(4,1,1,1,1,4),(0.E0,2.E-1,4.E-1,6.E-1,8.E-1,1.E0),
.UNSPECIFIED.);
#3820=B_SPLINE_CURVE_WITH_KNOTS('',3,(#3812,#3813,#3814,#3815,#3816,#3817,#3818,
#3819),.UNSPECIFIED.,.F.,.F.,(4,1,1,1,1,4),(0.E0,2.E-1,4.E-1,6.E-1,8.E-1,1.E0),
.UNSPECIFIED.);
#3825=CIRCLE('',#3824,1.E-1);
#3832=B_SPLINE_CURVE_WITH_KNOTS('',3,(#3826,#3827,#3828,#3829,#3830,#3831),
.UNSPECIFIED.,.F.,.F.,(4,1,1,4),(0.E0,2.5E-1,5.E-1,1.E0),.UNSPECIFIED.);
#3837=CIRCLE('',#3836,1.E-1);
#3858=CIRCLE('',#3857,1.E-1);
#3863=CIRCLE('',#3862,1.E-1);
#3870=B_SPLINE_CURVE_WITH_KNOTS('',3,(#3864,#3865,#3866,#3867,#3868,#3869),
.UNSPECIFIED.,.F.,.F.,(4,1,1,4),(0.E0,5.E-1,7.5E-1,1.E0),.UNSPECIFIED.);
#4159=CIRCLE('',#4158,3.E-2);
#4164=CIRCLE('',#4163,3.E-2);
#4173=B_SPLINE_CURVE_WITH_KNOTS('',3,(#4165,#4166,#4167,#4168,#4169,#4170,#4171,
#4172),.UNSPECIFIED.,.F.,.F.,(4,1,1,1,1,4),(0.E0,2.E-1,4.E-1,6.E-1,8.E-1,1.E0),
.UNSPECIFIED.);
#4182=B_SPLINE_CURVE_WITH_KNOTS('',3,(#4174,#4175,#4176,#4177,#4178,#4179,#4180,
#4181),.UNSPECIFIED.,.F.,.F.,(4,1,1,1,1,4),(0.E0,2.E-1,4.E-1,6.E-1,8.E-1,1.E0),
.UNSPECIFIED.);
#4187=CIRCLE('',#4186,1.E-1);
#4192=CIRCLE('',#4191,1.E-1);
#4199=B_SPLINE_CURVE_WITH_KNOTS('',3,(#4193,#4194,#4195,#4196,#4197,#4198),
.UNSPECIFIED.,.F.,.F.,(4,1,1,4),(0.E0,5.E-1,7.5E-1,1.E0),.UNSPECIFIED.);
#4220=CIRCLE('',#4219,1.E-1);
#4227=B_SPLINE_CURVE_WITH_KNOTS('',3,(#4221,#4222,#4223,#4224,#4225,#4226),
.UNSPECIFIED.,.F.,.F.,(4,1,1,4),(0.E0,2.5E-1,5.E-1,1.E0),.UNSPECIFIED.);
#4232=CIRCLE('',#4231,1.E-1);
#4237=CIRCLE('',#4236,1.E-1);
#4246=CIRCLE('',#4245,5.E-2);
#4255=CIRCLE('',#4254,1.2E-1);
#4264=CIRCLE('',#4263,8.E-2);
#4277=CIRCLE('',#4276,8.E-2);
#4298=CIRCLE('',#4297,1.E-1);
#4311=CIRCLE('',#4310,1.E-1);
#4336=CIRCLE('',#4335,1.2E-1);
#4345=CIRCLE('',#4344,5.E-2);
#4354=CIRCLE('',#4353,1.E-1);
#4363=CIRCLE('',#4362,1.2E-1);
#4372=CIRCLE('',#4371,5.E-2);
#4381=CIRCLE('',#4380,1.E-1);
#4390=CIRCLE('',#4389,8.E-2);
#4395=CIRCLE('',#4394,8.E-2);
#4408=CIRCLE('',#4407,1.E-1);
#4445=CIRCLE('',#4444,1.E-1);
#4454=CIRCLE('',#4453,1.E-1);
#4463=CIRCLE('',#4462,5.E-2);
#4472=CIRCLE('',#4471,1.2E-1);
#4513=CIRCLE('',#4512,4.E-2);
#4518=CIRCLE('',#4517,4.E-2);
#4555=CIRCLE('',#4554,4.E-2);
#4560=CIRCLE('',#4559,4.E-2);
#4697=CIRCLE('',#4696,1.2E-1);
#4706=CIRCLE('',#4705,5.E-2);
#4715=CIRCLE('',#4714,1.E-1);
#4724=CIRCLE('',#4723,8.E-2);
#4729=CIRCLE('',#4728,8.E-2);
#4742=CIRCLE('',#4741,1.E-1);
#4779=CIRCLE('',#4778,1.E-1);
#4788=CIRCLE('',#4787,1.E-1);
#4797=CIRCLE('',#4796,5.E-2);
#4806=CIRCLE('',#4805,1.2E-1);
#4819=CIRCLE('',#4818,1.E-1);
#4828=CIRCLE('',#4827,5.E-2);
#4837=CIRCLE('',#4836,1.2E-1);
#4846=CIRCLE('',#4845,8.E-2);
#4859=CIRCLE('',#4858,8.E-2);
#4880=CIRCLE('',#4879,1.E-1);
#4893=CIRCLE('',#4892,1.E-1);
#4918=CIRCLE('',#4917,1.2E-1);
#4927=CIRCLE('',#4926,5.E-2);
#4936=CIRCLE('',#4935,1.E-1);
#4981=CIRCLE('',#4980,4.E-2);
#4986=CIRCLE('',#4985,4.E-2);
#4995=CIRCLE('',#4994,4.E-2);
#5000=CIRCLE('',#4999,4.E-2);
#5049=CIRCLE('',#5048,1.2E-1);
#5058=CIRCLE('',#5057,5.E-2);
#5067=CIRCLE('',#5066,1.E-1);
#5076=CIRCLE('',#5075,8.E-2);
#5081=CIRCLE('',#5080,8.E-2);
#5094=CIRCLE('',#5093,1.E-1);
#5131=CIRCLE('',#5130,1.E-1);
#5140=CIRCLE('',#5139,1.E-1);
#5149=CIRCLE('',#5148,5.E-2);
#5158=CIRCLE('',#5157,1.2E-1);
#5171=CIRCLE('',#5170,1.E-1);
#5180=CIRCLE('',#5179,5.E-2);
#5189=CIRCLE('',#5188,1.2E-1);
#5198=CIRCLE('',#5197,8.E-2);
#5211=CIRCLE('',#5210,8.E-2);
#5232=CIRCLE('',#5231,1.E-1);
#5245=CIRCLE('',#5244,1.E-1);
#5270=CIRCLE('',#5269,1.2E-1);
#5279=CIRCLE('',#5278,5.E-2);
#5288=CIRCLE('',#5287,1.E-1);
#5333=CIRCLE('',#5332,4.E-2);
#5338=CIRCLE('',#5337,4.E-2);
#5347=CIRCLE('',#5346,4.E-2);
#5352=CIRCLE('',#5351,4.E-2);
#5401=CIRCLE('',#5400,1.2E-1);
#5410=CIRCLE('',#5409,5.E-2);
#5419=CIRCLE('',#5418,1.E-1);
#5428=CIRCLE('',#5427,8.E-2);
#5433=CIRCLE('',#5432,8.E-2);
#5446=CIRCLE('',#5445,1.E-1);
#5483=CIRCLE('',#5482,1.E-1);
#5492=CIRCLE('',#5491,1.E-1);
#5501=CIRCLE('',#5500,5.E-2);
#5510=CIRCLE('',#5509,1.2E-1);
#5523=CIRCLE('',#5522,1.E-1);
#5532=CIRCLE('',#5531,5.E-2);
#5541=CIRCLE('',#5540,1.2E-1);
#5550=CIRCLE('',#5549,8.E-2);
#5563=CIRCLE('',#5562,8.E-2);
#5584=CIRCLE('',#5583,1.E-1);
#5597=CIRCLE('',#5596,1.E-1);
#5622=CIRCLE('',#5621,1.2E-1);
#5631=CIRCLE('',#5630,5.E-2);
#5640=CIRCLE('',#5639,1.E-1);
#5685=CIRCLE('',#5684,4.E-2);
#5690=CIRCLE('',#5689,4.E-2);
#5699=CIRCLE('',#5698,4.E-2);
#5704=CIRCLE('',#5703,4.E-2);
#5753=CIRCLE('',#5752,1.2E-1);
#5762=CIRCLE('',#5761,5.E-2);
#5771=CIRCLE('',#5770,1.E-1);
#5780=CIRCLE('',#5779,8.E-2);
#5785=CIRCLE('',#5784,8.E-2);
#5798=CIRCLE('',#5797,1.E-1);
#5835=CIRCLE('',#5834,1.E-1);
#5844=CIRCLE('',#5843,1.E-1);
#5853=CIRCLE('',#5852,5.E-2);
#5862=CIRCLE('',#5861,1.2E-1);
#5875=CIRCLE('',#5874,1.E-1);
#5884=CIRCLE('',#5883,5.E-2);
#5893=CIRCLE('',#5892,1.2E-1);
#5902=CIRCLE('',#5901,8.E-2);
#5915=CIRCLE('',#5914,8.E-2);
#5936=CIRCLE('',#5935,1.E-1);
#5949=CIRCLE('',#5948,1.E-1);
#5974=CIRCLE('',#5973,1.2E-1);
#5983=CIRCLE('',#5982,5.E-2);
#5992=CIRCLE('',#5991,1.E-1);
#6037=CIRCLE('',#6036,4.E-2);
#6042=CIRCLE('',#6041,4.E-2);
#6051=CIRCLE('',#6050,4.E-2);
#6056=CIRCLE('',#6055,4.E-2);
#6177=CIRCLE('',#6176,4.E-2);
#6182=CIRCLE('',#6181,4.E-2);
#6207=CIRCLE('',#6206,4.E-2);
#6212=CIRCLE('',#6211,4.E-2);
#6237=CIRCLE('',#6236,4.E-2);
#6242=CIRCLE('',#6241,4.E-2);
#6255=CIRCLE('',#6254,4.E-2);
#6260=CIRCLE('',#6259,4.E-2);
#6285=CIRCLE('',#6284,4.E-2);
#6290=CIRCLE('',#6289,4.E-2);
#6315=CIRCLE('',#6314,4.E-2);
#6320=CIRCLE('',#6319,4.E-2);
#6457=CIRCLE('',#6456,5.E-2);
#6474=CIRCLE('',#6473,1.5E-1);
#6479=CIRCLE('',#6478,1.5E-1);
#6496=CIRCLE('',#6495,5.E-2);
#6805=CIRCLE('',#6804,1.2E-1);
#6814=CIRCLE('',#6813,1.2E-1);
#6855=CIRCLE('',#6854,4.E-2);
#6864=CIRCLE('',#6863,4.E-2);
#6901=CIRCLE('',#6900,1.2E-1);
#6910=CIRCLE('',#6909,1.2E-1);
#6951=CIRCLE('',#6950,4.E-2);
#6960=CIRCLE('',#6959,4.E-2);
#6985=CIRCLE('',#6984,1.2E-1);
#6994=CIRCLE('',#6993,1.2E-1);
#7035=CIRCLE('',#7034,4.E-2);
#7044=CIRCLE('',#7043,4.E-2);
#7069=CIRCLE('',#7068,4.E-2);
#7078=CIRCLE('',#7077,4.E-2);
#7119=CIRCLE('',#7118,1.2E-1);
#7128=CIRCLE('',#7127,1.2E-1);
#7153=CIRCLE('',#7152,1.2E-1);
#7162=CIRCLE('',#7161,1.2E-1);
#7203=CIRCLE('',#7202,4.E-2);
#7212=CIRCLE('',#7211,4.E-2);
#7237=CIRCLE('',#7236,4.E-2);
#7246=CIRCLE('',#7245,4.E-2);
#7287=CIRCLE('',#7286,1.2E-1);
#7296=CIRCLE('',#7295,1.2E-1);
#7321=CIRCLE('',#7320,1.2E-1);
#7330=CIRCLE('',#7329,1.2E-1);
#7371=CIRCLE('',#7370,4.E-2);
#7380=CIRCLE('',#7379,4.E-2);
#7405=CIRCLE('',#7404,4.E-2);
#7414=CIRCLE('',#7413,4.E-2);
#7455=CIRCLE('',#7454,1.2E-1);
#7464=CIRCLE('',#7463,1.2E-1);
#7489=CIRCLE('',#7488,1.2E-1);
#7498=CIRCLE('',#7497,1.2E-1);
#7539=CIRCLE('',#7538,4.E-2);
#7548=CIRCLE('',#7547,4.E-2);
#7573=CIRCLE('',#7572,4.E-2);
#7582=CIRCLE('',#7581,4.E-2);
#7623=CIRCLE('',#7622,1.2E-1);
#7632=CIRCLE('',#7631,1.2E-1);
#7657=CIRCLE('',#7656,1.2E-1);
#7666=CIRCLE('',#7665,1.2E-1);
#7707=CIRCLE('',#7706,4.E-2);
#7716=CIRCLE('',#7715,4.E-2);
#7741=CIRCLE('',#7740,4.E-2);
#7750=CIRCLE('',#7749,4.E-2);
#7791=CIRCLE('',#7790,1.2E-1);
#7800=CIRCLE('',#7799,1.2E-1);
#7825=CIRCLE('',#7824,1.2E-1);
#7834=CIRCLE('',#7833,1.2E-1);
#7875=CIRCLE('',#7874,4.E-2);
#7884=CIRCLE('',#7883,4.E-2);
#7909=CIRCLE('',#7908,4.E-2);
#7918=CIRCLE('',#7917,4.E-2);
#7959=CIRCLE('',#7958,1.2E-1);
#7968=CIRCLE('',#7967,1.2E-1);
#7993=CIRCLE('',#7992,1.2E-1);
#8002=CIRCLE('',#8001,1.2E-1);
#8043=CIRCLE('',#8042,4.E-2);
#8052=CIRCLE('',#8051,4.E-2);
#8077=CIRCLE('',#8076,4.E-2);
#8086=CIRCLE('',#8085,4.E-2);
#8127=CIRCLE('',#8126,1.2E-1);
#8136=CIRCLE('',#8135,1.2E-1);
#10722=EDGE_CURVE('',#8267,#8268,#4,.T.);
#10724=EDGE_CURVE('',#8272,#8268,#8,.T.);
#10726=EDGE_CURVE('',#8271,#8272,#12,.T.);
#10728=EDGE_CURVE('',#8271,#8267,#16,.T.);
#10739=EDGE_CURVE('',#8276,#8267,#28,.T.);
#10741=EDGE_CURVE('',#8276,#8284,#20,.T.);
#10743=EDGE_CURVE('',#8284,#8268,#1040,.T.);
#10753=EDGE_CURVE('',#8275,#8276,#24,.T.);
#10757=EDGE_CURVE('',#8271,#8278,#32,.T.);
#10759=EDGE_CURVE('',#8280,#8278,#36,.T.);
#10761=EDGE_CURVE('',#8280,#8140,#1048,.T.);
#10763=EDGE_CURVE('',#8148,#8140,#664,.T.);
#10765=EDGE_CURVE('',#8275,#8148,#1012,.T.);
#10775=EDGE_CURVE('',#9594,#9596,#40,.T.);
#10777=EDGE_CURVE('',#9604,#9594,#44,.T.);
#10779=EDGE_CURVE('',#9604,#8283,#996,.T.);
#10781=EDGE_CURVE('',#8283,#8284,#1024,.T.);
#10785=EDGE_CURVE('',#8275,#9602,#1008,.T.);
#10787=EDGE_CURVE('',#9602,#9596,#48,.T.);
#10797=EDGE_CURVE('',#9587,#9588,#72,.T.);
#10799=EDGE_CURVE('',#9587,#9594,#52,.T.);
#10802=EDGE_CURVE('',#9588,#9596,#1104,.T.);
#10812=EDGE_CURVE('',#8339,#8482,#188,.T.);
#10814=EDGE_CURVE('',#8339,#8340,#56,.T.);
#10816=EDGE_CURVE('',#8236,#8340,#60,.T.);
#10818=EDGE_CURVE('',#8224,#8236,#952,.T.);
#10820=EDGE_CURVE('',#8224,#9592,#64,.T.);
#10822=EDGE_CURVE('',#9592,#9587,#68,.T.);
#10825=EDGE_CURVE('',#9590,#9588,#76,.T.);
#10827=EDGE_CURVE('',#9590,#8200,#80,.T.);
#10829=EDGE_CURVE('',#8200,#8228,#452,.T.);
#10831=EDGE_CURVE('',#8228,#8331,#84,.T.);
#10833=EDGE_CURVE('',#8331,#8332,#88,.T.);
#10835=EDGE_CURVE('',#8458,#8332,#6412,.T.);
#10837=EDGE_CURVE('',#8462,#8458,#92,.T.);
#10839=EDGE_CURVE('',#8891,#8462,#6420,.T.);
#10841=EDGE_CURVE('',#8891,#8892,#96,.T.);
#10843=EDGE_CURVE('',#8892,#8190,#100,.T.);
#10845=EDGE_CURVE('',#8192,#8190,#6364,.T.);
#10847=EDGE_CURVE('',#8208,#8192,#6344,.T.);
#10849=EDGE_CURVE('',#8208,#8206,#356,.T.);
#10851=EDGE_CURVE('',#8895,#8206,#104,.T.);
#10853=EDGE_CURVE('',#8895,#8896,#108,.T.);
#10855=EDGE_CURVE('',#8488,#8896,#180,.T.);
#10857=EDGE_CURVE('',#8488,#8482,#112,.T.);
#10867=EDGE_CURVE('',#8899,#8616,#1136,.T.);
#10869=EDGE_CURVE('',#8899,#8900,#116,.T.);
#10871=EDGE_CURVE('',#8900,#8212,#1364,.T.);
#10873=EDGE_CURVE('',#8211,#8212,#1792,.T.);
#10875=EDGE_CURVE('',#8179,#8211,#1780,.T.);
#10877=EDGE_CURVE('',#8179,#8180,#1764,.T.);
#10879=EDGE_CURVE('',#8903,#8180,#1760,.T.);
#10881=EDGE_CURVE('',#8903,#8904,#120,.T.);
#10883=EDGE_CURVE('',#8590,#8904,#1540,.T.);
#10885=EDGE_CURVE('',#8590,#8586,#124,.T.);
#10887=EDGE_CURVE('',#8335,#8586,#1548,.T.);
#10889=EDGE_CURVE('',#8335,#8336,#128,.T.);
#10891=EDGE_CURVE('',#8232,#8336,#132,.T.);
#10893=EDGE_CURVE('',#8198,#8232,#472,.T.);
#10895=EDGE_CURVE('',#8198,#9579,#136,.T.);
#10897=EDGE_CURVE('',#9579,#9580,#140,.T.);
#10899=EDGE_CURVE('',#9580,#9576,#144,.T.);
#10901=EDGE_CURVE('',#9575,#9576,#148,.T.);
#10903=EDGE_CURVE('',#9575,#8222,#152,.T.);
#10905=EDGE_CURVE('',#8222,#8240,#960,.T.);
#10907=EDGE_CURVE('',#8240,#8343,#156,.T.);
#10909=EDGE_CURVE('',#8343,#8344,#160,.T.);
#10911=EDGE_CURVE('',#8610,#8344,#1128,.T.);
#10913=EDGE_CURVE('',#8616,#8610,#164,.T.);
#10923=EDGE_CURVE('',#8478,#8482,#168,.T.);
#10925=EDGE_CURVE('',#8484,#8478,#172,.T.);
#10927=EDGE_CURVE('',#8484,#8488,#176,.T.);
#10930=EDGE_CURVE('',#8910,#8896,#324,.T.);
#10932=EDGE_CURVE('',#8910,#8315,#184,.T.);
#10934=EDGE_CURVE('',#8315,#8316,#512,.T.);
#10936=EDGE_CURVE('',#8339,#8316,#936,.T.);
#10947=EDGE_CURVE('',#8524,#8469,#220,.T.);
#10949=EDGE_CURVE('',#8500,#8524,#192,.T.);
#10951=EDGE_CURVE('',#8500,#8465,#196,.T.);
#10953=EDGE_CURVE('',#8478,#8465,#200,.T.);
#10956=EDGE_CURVE('',#8476,#8482,#204,.T.);
#10958=EDGE_CURVE('',#8476,#8432,#6588,.T.);
#10960=EDGE_CURVE('',#8424,#8432,#208,.T.);
#10962=EDGE_CURVE('',#8412,#8424,#6604,.T.);
#10964=EDGE_CURVE('',#9567,#8412,#6548,.T.);
#10966=EDGE_CURVE('',#8914,#9567,#212,.T.);
#10968=EDGE_CURVE('',#8480,#8914,#296,.T.);
#10970=EDGE_CURVE('',#8469,#8480,#216,.T.);
#10981=EDGE_CURVE('',#8469,#8470,#284,.T.);
#10983=EDGE_CURVE('',#8470,#8515,#224,.T.);
#10985=EDGE_CURVE('',#8515,#8516,#229,.T.);
#10987=EDGE_CURVE('',#8516,#8518,#233,.T.);
#10989=EDGE_CURVE('',#8518,#8520,#237,.T.);
#10991=EDGE_CURVE('',#8520,#8522,#241,.T.);
#10993=EDGE_CURVE('',#8522,#8524,#246,.T.);
#11003=EDGE_CURVE('',#8435,#8527,#250,.T.);
#11005=EDGE_CURVE('',#8527,#8528,#255,.T.);
#11007=EDGE_CURVE('',#8528,#8530,#259,.T.);
#11009=EDGE_CURVE('',#8530,#8532,#263,.T.);
#11011=EDGE_CURVE('',#8532,#8534,#267,.T.);
#11013=EDGE_CURVE('',#8534,#8536,#272,.T.);
#11015=EDGE_CURVE('',#8536,#8436,#276,.T.);
#11017=EDGE_CURVE('',#8435,#8436,#280,.T.);
#11028=EDGE_CURVE('',#8486,#8480,#308,.T.);
#11030=EDGE_CURVE('',#8470,#8486,#6504,.T.);
#11041=EDGE_CURVE('',#8886,#8320,#312,.T.);
#11043=EDGE_CURVE('',#8856,#8886,#336,.T.);
#11045=EDGE_CURVE('',#8856,#8390,#288,.T.);
#11047=EDGE_CURVE('',#8390,#8319,#292,.T.);
#11049=EDGE_CURVE('',#8319,#8320,#524,.T.);
#11054=EDGE_CURVE('',#8916,#8914,#300,.T.);
#11056=EDGE_CURVE('',#8486,#8916,#304,.T.);
#11067=EDGE_CURVE('',#8886,#8910,#320,.T.);
#11070=EDGE_CURVE('',#8320,#8351,#520,.T.);
#11072=EDGE_CURVE('',#8258,#8351,#932,.T.);
#11074=EDGE_CURVE('',#8254,#8258,#616,.T.);
#11076=EDGE_CURVE('',#8254,#8347,#316,.T.);
#11078=EDGE_CURVE('',#8347,#8315,#516,.T.);
#11092=EDGE_CURVE('',#8895,#8874,#340,.T.);
#11094=EDGE_CURVE('',#8864,#8874,#364,.T.);
#11096=EDGE_CURVE('',#8864,#8855,#328,.T.);
#11098=EDGE_CURVE('',#8855,#8856,#332,.T.);
#11111=EDGE_CURVE('',#8204,#8206,#352,.T.);
#11113=EDGE_CURVE('',#8874,#8204,#344,.T.);
#11123=EDGE_CURVE('',#8203,#8204,#348,.T.);
#11127=EDGE_CURVE('',#8208,#8167,#360,.T.);
#11129=EDGE_CURVE('',#8167,#8168,#1968,.T.);
#11131=EDGE_CURVE('',#8203,#8168,#372,.T.);
#11144=EDGE_CURVE('',#8864,#8203,#368,.T.);
#11154=EDGE_CURVE('',#8864,#8404,#392,.T.);
#11158=EDGE_CURVE('',#8168,#8170,#1964,.T.);
#11160=EDGE_CURVE('',#8668,#8170,#4576,.T.);
#11162=EDGE_CURVE('',#8667,#8668,#376,.T.);
#11164=EDGE_CURVE('',#8667,#8219,#380,.T.);
#11166=EDGE_CURVE('',#8219,#8404,#384,.T.);
#11176=EDGE_CURVE('',#8400,#8855,#388,.T.);
#11180=EDGE_CURVE('',#8404,#8400,#396,.T.);
#11190=EDGE_CURVE('',#8852,#8396,#424,.T.);
#11192=EDGE_CURVE('',#8851,#8852,#6392,.T.);
#11194=EDGE_CURVE('',#8851,#8386,#400,.T.);
#11196=EDGE_CURVE('',#8370,#8386,#404,.T.);
#11198=EDGE_CURVE('',#8290,#8370,#6680,.T.);
#11200=EDGE_CURVE('',#8396,#8290,#480,.T.);
#11213=EDGE_CURVE('',#8400,#8294,#984,.T.);
#11215=EDGE_CURVE('',#8354,#8294,#928,.T.);
#11217=EDGE_CURVE('',#8354,#8390,#408,.T.);
#11227=EDGE_CURVE('',#8868,#8398,#1400,.T.);
#11229=EDGE_CURVE('',#8867,#8868,#1352,.T.);
#11231=EDGE_CURVE('',#8392,#8867,#1316,.T.);
#11233=EDGE_CURVE('',#8360,#8392,#412,.T.);
#11235=EDGE_CURVE('',#8296,#8360,#6768,.T.);
#11237=EDGE_CURVE('',#8296,#8398,#968,.T.);
#11247=EDGE_CURVE('',#8872,#8388,#1500,.T.);
#11249=EDGE_CURVE('',#8871,#8872,#1484,.T.);
#11251=EDGE_CURVE('',#8394,#8871,#1460,.T.);
#11253=EDGE_CURVE('',#8292,#8394,#476,.T.);
#11255=EDGE_CURVE('',#8384,#8292,#1748,.T.);
#11257=EDGE_CURVE('',#8384,#8388,#416,.T.);
#11267=EDGE_CURVE('',#8402,#8860,#420,.T.);
#11269=EDGE_CURVE('',#8852,#8860,#6396,.T.);
#11272=EDGE_CURVE('',#8396,#8402,#428,.T.);
#11283=EDGE_CURVE('',#8402,#8196,#432,.T.);
#11285=EDGE_CURVE('',#8196,#8680,#436,.T.);
#11287=EDGE_CURVE('',#8678,#8680,#440,.T.);
#11289=EDGE_CURVE('',#8678,#8161,#444,.T.);
#11291=EDGE_CURVE('',#8161,#8162,#1976,.T.);
#11293=EDGE_CURVE('',#8187,#8162,#6360,.T.);
#11295=EDGE_CURVE('',#8860,#8187,#6376,.T.);
#11305=EDGE_CURVE('',#8227,#8228,#448,.T.);
#11308=EDGE_CURVE('',#8147,#8200,#1020,.T.);
#11310=EDGE_CURVE('',#8227,#8147,#456,.T.);
#11320=EDGE_CURVE('',#8231,#8232,#460,.T.);
#11322=EDGE_CURVE('',#8139,#8231,#464,.T.);
#11324=EDGE_CURVE('',#8139,#8198,#468,.T.);
#11336=EDGE_CURVE('',#8406,#8394,#1468,.T.);
#11338=EDGE_CURVE('',#8195,#8406,#1456,.T.);
#11340=EDGE_CURVE('',#8195,#8196,#1412,.T.);
#11345=EDGE_CURVE('',#8244,#8290,#484,.T.);
#11347=EDGE_CURVE('',#8252,#8244,#488,.T.);
#11349=EDGE_CURVE('',#8252,#8292,#492,.T.);
#11359=EDGE_CURVE('',#8373,#8374,#496,.T.);
#11361=EDGE_CURVE('',#8331,#8374,#500,.T.);
#11365=EDGE_CURVE('',#8246,#8227,#660,.T.);
#11367=EDGE_CURVE('',#8246,#8373,#504,.T.);
#11377=EDGE_CURVE('',#8347,#8348,#604,.T.);
#11379=EDGE_CURVE('',#8316,#8348,#508,.T.);
#11391=EDGE_CURVE('',#8351,#8352,#920,.T.);
#11395=EDGE_CURVE('',#8352,#8319,#528,.T.);
#11405=EDGE_CURVE('',#8357,#8358,#6764,.T.);
#11407=EDGE_CURVE('',#8324,#8358,#532,.T.);
#11409=EDGE_CURVE('',#8323,#8324,#536,.T.);
#11411=EDGE_CURVE('',#8357,#8323,#540,.T.);
#11421=EDGE_CURVE('',#8363,#8364,#1108,.T.);
#11423=EDGE_CURVE('',#8328,#8363,#544,.T.);
#11425=EDGE_CURVE('',#8327,#8328,#548,.T.);
#11427=EDGE_CURVE('',#8364,#8327,#552,.T.);
#11437=EDGE_CURVE('',#8367,#8368,#6676,.T.);
#11439=EDGE_CURVE('',#8300,#8368,#556,.T.);
#11441=EDGE_CURVE('',#8299,#8300,#560,.T.);
#11443=EDGE_CURVE('',#8367,#8299,#564,.T.);
#11454=EDGE_CURVE('',#8304,#8373,#568,.T.);
#11456=EDGE_CURVE('',#8303,#8304,#572,.T.);
#11458=EDGE_CURVE('',#8374,#8303,#576,.T.);
#11468=EDGE_CURVE('',#8377,#8378,#1732,.T.);
#11470=EDGE_CURVE('',#8308,#8378,#580,.T.);
#11472=EDGE_CURVE('',#8307,#8308,#584,.T.);
#11474=EDGE_CURVE('',#8377,#8307,#588,.T.);
#11484=EDGE_CURVE('',#8381,#8382,#1740,.T.);
#11486=EDGE_CURVE('',#8312,#8381,#592,.T.);
#11488=EDGE_CURVE('',#8311,#8312,#596,.T.);
#11490=EDGE_CURVE('',#8382,#8311,#600,.T.);
#11502=EDGE_CURVE('',#8235,#8254,#612,.T.);
#11504=EDGE_CURVE('',#8235,#8236,#940,.T.);
#11507=EDGE_CURVE('',#8340,#8348,#608,.T.);
#11519=EDGE_CURVE('',#8257,#8258,#620,.T.);
#11521=EDGE_CURVE('',#8257,#8261,#976,.T.);
#11523=EDGE_CURVE('',#8261,#8262,#624,.T.);
#11525=EDGE_CURVE('',#8262,#8264,#628,.T.);
#11527=EDGE_CURVE('',#8239,#8264,#632,.T.);
#11529=EDGE_CURVE('',#8239,#8143,#964,.T.);
#11531=EDGE_CURVE('',#8143,#8144,#1072,.T.);
#11533=EDGE_CURVE('',#8152,#8144,#1028,.T.);
#11535=EDGE_CURVE('',#8151,#8152,#988,.T.);
#11537=EDGE_CURVE('',#8151,#8235,#944,.T.);
#11541=EDGE_CURVE('',#10207,#10232,#636,.T.);
#11543=EDGE_CURVE('',#10203,#10207,#640,.T.);
#11545=EDGE_CURVE('',#10230,#10203,#644,.T.);
#11547=EDGE_CURVE('',#10230,#10232,#648,.T.);
#11551=EDGE_CURVE('',#10294,#10296,#712,.T.);
#11553=EDGE_CURVE('',#10271,#10296,#716,.T.);
#11555=EDGE_CURVE('',#10267,#10271,#720,.T.);
#11557=EDGE_CURVE('',#10294,#10267,#724,.T.);
#11561=EDGE_CURVE('',#10358,#10360,#744,.T.);
#11563=EDGE_CURVE('',#10335,#10360,#748,.T.);
#11565=EDGE_CURVE('',#10331,#10335,#752,.T.);
#11567=EDGE_CURVE('',#10358,#10331,#756,.T.);
#11571=EDGE_CURVE('',#10422,#10424,#776,.T.);
#11573=EDGE_CURVE('',#10399,#10424,#780,.T.);
#11575=EDGE_CURVE('',#10395,#10399,#784,.T.);
#11577=EDGE_CURVE('',#10422,#10395,#788,.T.);
#11581=EDGE_CURVE('',#10486,#10488,#808,.T.);
#11583=EDGE_CURVE('',#10463,#10488,#812,.T.);
#11585=EDGE_CURVE('',#10459,#10463,#816,.T.);
#11587=EDGE_CURVE('',#10486,#10459,#820,.T.);
#11591=EDGE_CURVE('',#10550,#10552,#840,.T.);
#11593=EDGE_CURVE('',#10527,#10552,#844,.T.);
#11595=EDGE_CURVE('',#10523,#10527,#848,.T.);
#11597=EDGE_CURVE('',#10550,#10523,#852,.T.);
#11601=EDGE_CURVE('',#10614,#10616,#872,.T.);
#11603=EDGE_CURVE('',#10591,#10616,#876,.T.);
#11605=EDGE_CURVE('',#10587,#10591,#880,.T.);
#11607=EDGE_CURVE('',#10614,#10587,#884,.T.);
#11611=EDGE_CURVE('',#10678,#10680,#904,.T.);
#11613=EDGE_CURVE('',#10655,#10680,#908,.T.);
#11615=EDGE_CURVE('',#10651,#10655,#912,.T.);
#11617=EDGE_CURVE('',#10678,#10651,#916,.T.);
#11627=EDGE_CURVE('',#8243,#8244,#652,.T.);
#11629=EDGE_CURVE('',#8243,#8246,#656,.T.);
#11633=EDGE_CURVE('',#8147,#8148,#1016,.T.);
#11636=EDGE_CURVE('',#8139,#8140,#1044,.T.);
#11639=EDGE_CURVE('',#8248,#8231,#668,.T.);
#11641=EDGE_CURVE('',#8248,#8251,#672,.T.);
#11643=EDGE_CURVE('',#8251,#8252,#676,.T.);
#11648=EDGE_CURVE('',#10262,#10264,#680,.T.);
#11650=EDGE_CURVE('',#10239,#10264,#684,.T.);
#11652=EDGE_CURVE('',#10235,#10239,#688,.T.);
#11654=EDGE_CURVE('',#10262,#10235,#692,.T.);
#11658=EDGE_CURVE('',#10326,#10328,#696,.T.);
#11660=EDGE_CURVE('',#10303,#10328,#700,.T.);
#11662=EDGE_CURVE('',#10299,#10303,#704,.T.);
#11664=EDGE_CURVE('',#10326,#10299,#708,.T.);
#11668=EDGE_CURVE('',#10390,#10392,#728,.T.);
#11670=EDGE_CURVE('',#10367,#10392,#732,.T.);
#11672=EDGE_CURVE('',#10363,#10367,#736,.T.);
#11674=EDGE_CURVE('',#10390,#10363,#740,.T.);
#11678=EDGE_CURVE('',#10454,#10456,#760,.T.);
#11680=EDGE_CURVE('',#10431,#10456,#764,.T.);
#11682=EDGE_CURVE('',#10427,#10431,#768,.T.);
#11684=EDGE_CURVE('',#10454,#10427,#772,.T.);
#11688=EDGE_CURVE('',#10518,#10520,#792,.T.);
#11690=EDGE_CURVE('',#10495,#10520,#796,.T.);
#11692=EDGE_CURVE('',#10491,#10495,#800,.T.);
#11694=EDGE_CURVE('',#10518,#10491,#804,.T.);
#11698=EDGE_CURVE('',#10582,#10584,#824,.T.);
#11700=EDGE_CURVE('',#10559,#10584,#828,.T.);
#11702=EDGE_CURVE('',#10555,#10559,#832,.T.);
#11704=EDGE_CURVE('',#10582,#10555,#836,.T.);
#11708=EDGE_CURVE('',#10646,#10648,#856,.T.);
#11710=EDGE_CURVE('',#10623,#10648,#860,.T.);
#11712=EDGE_CURVE('',#10619,#10623,#864,.T.);
#11714=EDGE_CURVE('',#10646,#10619,#868,.T.);
#11718=EDGE_CURVE('',#10710,#10712,#888,.T.);
#11720=EDGE_CURVE('',#10687,#10712,#892,.T.);
#11722=EDGE_CURVE('',#10683,#10687,#896,.T.);
#11724=EDGE_CURVE('',#10710,#10683,#900,.T.);
#11735=EDGE_CURVE('',#8354,#8352,#924,.T.);
#11738=EDGE_CURVE('',#8257,#8294,#980,.T.);
#11776=EDGE_CURVE('',#8151,#8224,#948,.T.);
#11787=EDGE_CURVE('',#8239,#8240,#956,.T.);
#11790=EDGE_CURVE('',#8143,#8222,#1076,.T.);
#11801=EDGE_CURVE('',#8408,#8220,#1376,.T.);
#11803=EDGE_CURVE('',#8398,#8408,#1404,.T.);
#11806=EDGE_CURVE('',#8261,#8296,#972,.T.);
#11813=EDGE_CURVE('',#8219,#8220,#1420,.T.);
#11826=EDGE_CURVE('',#8152,#8283,#992,.T.);
#11829=EDGE_CURVE('',#9604,#9592,#1000,.T.);
#11840=EDGE_CURVE('',#9602,#9590,#1004,.T.);
#11857=EDGE_CURVE('',#8144,#8288,#1068,.T.);
#11859=EDGE_CURVE('',#8288,#8286,#1032,.T.);
#11861=EDGE_CURVE('',#8272,#8286,#1036,.T.);
#11877=EDGE_CURVE('',#9600,#8280,#1052,.T.);
#11879=EDGE_CURVE('',#9600,#9579,#1056,.T.);
#11890=EDGE_CURVE('',#9598,#9575,#1060,.T.);
#11892=EDGE_CURVE('',#8288,#9598,#1064,.T.);
#11905=EDGE_CURVE('',#9598,#9582,#1080,.T.);
#11907=EDGE_CURVE('',#9584,#9582,#1084,.T.);
#11909=EDGE_CURVE('',#9600,#9584,#1088,.T.);
#11913=EDGE_CURVE('',#8278,#8286,#1092,.T.);
#11926=EDGE_CURVE('',#9576,#9582,#1096,.T.);
#11939=EDGE_CURVE('',#9580,#9584,#1100,.T.);
#12000=EDGE_CURVE('',#8343,#8364,#1112,.T.);
#12005=EDGE_CURVE('',#8264,#8363,#1116,.T.);
#12018=EDGE_CURVE('',#8344,#8327,#1132,.T.);
#12028=EDGE_CURVE('',#8360,#8358,#6772,.T.);
#12031=EDGE_CURVE('',#8392,#8324,#1120,.T.);
#12042=EDGE_CURVE('',#8606,#8610,#1124,.T.);
#12047=EDGE_CURVE('',#8912,#8328,#6756,.T.);
#12049=EDGE_CURVE('',#8899,#8912,#1340,.T.);
#12052=EDGE_CURVE('',#8612,#8616,#1140,.T.);
#12054=EDGE_CURVE('',#8612,#8606,#1144,.T.);
#12064=EDGE_CURVE('',#8593,#8628,#1148,.T.);
#12066=EDGE_CURVE('',#8628,#8652,#1152,.T.);
#12068=EDGE_CURVE('',#8597,#8652,#1252,.T.);
#12070=EDGE_CURVE('',#8597,#8608,#1156,.T.);
#12072=EDGE_CURVE('',#8608,#8918,#1324,.T.);
#12074=EDGE_CURVE('',#8918,#9571,#1160,.T.);
#12076=EDGE_CURVE('',#8539,#9571,#1712,.T.);
#12078=EDGE_CURVE('',#8552,#8539,#1708,.T.);
#12080=EDGE_CURVE('',#8552,#8560,#1164,.T.);
#12082=EDGE_CURVE('',#8560,#8604,#1644,.T.);
#12084=EDGE_CURVE('',#8604,#8610,#1168,.T.);
#12087=EDGE_CURVE('',#8606,#8593,#1172,.T.);
#12098=EDGE_CURVE('',#8593,#8594,#1176,.T.);
#12100=EDGE_CURVE('',#8619,#8594,#1224,.T.);
#12102=EDGE_CURVE('',#8619,#8620,#1181,.T.);
#12104=EDGE_CURVE('',#8620,#8622,#1185,.T.);
#12106=EDGE_CURVE('',#8622,#8624,#1189,.T.);
#12108=EDGE_CURVE('',#8624,#8626,#1193,.T.);
#12110=EDGE_CURVE('',#8626,#8628,#1198,.T.);
#12120=EDGE_CURVE('',#8631,#8567,#1552,.T.);
#12122=EDGE_CURVE('',#8631,#8632,#1203,.T.);
#12124=EDGE_CURVE('',#8632,#8634,#1207,.T.);
#12126=EDGE_CURVE('',#8634,#8636,#1211,.T.);
#12128=EDGE_CURVE('',#8636,#8638,#1215,.T.);
#12130=EDGE_CURVE('',#8638,#8640,#1220,.T.);
#12132=EDGE_CURVE('',#8568,#8640,#1592,.T.);
#12134=EDGE_CURVE('',#8567,#8568,#1728,.T.);
#12146=EDGE_CURVE('',#8612,#8594,#1228,.T.);
#12157=EDGE_CURVE('',#8643,#8598,#1248,.T.);
#12159=EDGE_CURVE('',#8619,#8643,#6792,.T.);
#12164=EDGE_CURVE('',#8602,#8616,#1232,.T.);
#12166=EDGE_CURVE('',#8601,#8602,#1636,.T.);
#12168=EDGE_CURVE('',#9572,#8601,#1236,.T.);
#12170=EDGE_CURVE('',#8920,#9572,#1240,.T.);
#12172=EDGE_CURVE('',#8614,#8920,#1332,.T.);
#12174=EDGE_CURVE('',#8598,#8614,#1244,.T.);
#12185=EDGE_CURVE('',#8597,#8598,#1312,.T.);
#12188=EDGE_CURVE('',#8650,#8652,#1257,.T.);
#12190=EDGE_CURVE('',#8648,#8650,#1261,.T.);
#12192=EDGE_CURVE('',#8646,#8648,#1265,.T.);
#12194=EDGE_CURVE('',#8644,#8646,#1269,.T.);
#12196=EDGE_CURVE('',#8643,#8644,#1274,.T.);
#12206=EDGE_CURVE('',#8564,#8664,#1278,.T.);
#12208=EDGE_CURVE('',#8662,#8664,#1283,.T.);
#12210=EDGE_CURVE('',#8660,#8662,#1287,.T.);
#12212=EDGE_CURVE('',#8658,#8660,#1291,.T.);
#12214=EDGE_CURVE('',#8656,#8658,#1295,.T.);
#12216=EDGE_CURVE('',#8655,#8656,#1300,.T.);
#12218=EDGE_CURVE('',#8655,#8563,#1304,.T.);
#12220=EDGE_CURVE('',#8563,#8564,#1308,.T.);
#12233=EDGE_CURVE('',#8614,#8608,#1328,.T.);
#12244=EDGE_CURVE('',#8888,#8867,#1348,.T.);
#12246=EDGE_CURVE('',#8888,#8323,#1320,.T.);
#12255=EDGE_CURVE('',#8920,#8918,#1336,.T.);
#12265=EDGE_CURVE('',#8877,#8900,#1360,.T.);
#12269=EDGE_CURVE('',#8912,#8888,#1344,.T.);
#12273=EDGE_CURVE('',#8868,#8878,#1356,.T.);
#12275=EDGE_CURVE('',#8877,#8878,#1368,.T.);
#12286=EDGE_CURVE('',#8877,#8214,#1372,.T.);
#12288=EDGE_CURVE('',#8212,#8214,#1796,.T.);
#12300=EDGE_CURVE('',#8878,#8216,#1392,.T.);
#12302=EDGE_CURVE('',#8216,#8214,#1800,.T.);
#12313=EDGE_CURVE('',#8408,#8878,#1396,.T.);
#12316=EDGE_CURVE('',#8220,#8672,#1380,.T.);
#12318=EDGE_CURVE('',#8670,#8672,#1384,.T.);
#12320=EDGE_CURVE('',#8670,#8173,#1388,.T.);
#12322=EDGE_CURVE('',#8173,#8174,#1828,.T.);
#12324=EDGE_CURVE('',#8216,#8174,#1804,.T.);
#12347=EDGE_CURVE('',#8680,#8675,#1408,.T.);
#12351=EDGE_CURVE('',#8675,#8195,#1452,.T.);
#12362=EDGE_CURVE('',#8672,#8667,#1416,.T.);
#12374=EDGE_CURVE('',#10187,#10188,#1424,.T.);
#12376=EDGE_CURVE('',#10198,#10187,#1428,.T.);
#12378=EDGE_CURVE('',#10197,#10198,#1432,.T.);
#12380=EDGE_CURVE('',#10188,#10197,#1436,.T.);
#12390=EDGE_CURVE('',#8675,#8676,#1448,.T.);
#12392=EDGE_CURVE('',#8678,#8676,#2736,.T.);
#12404=EDGE_CURVE('',#8881,#8406,#1464,.T.);
#12406=EDGE_CURVE('',#8881,#8184,#1440,.T.);
#12408=EDGE_CURVE('',#8184,#8156,#1444,.T.);
#12410=EDGE_CURVE('',#8156,#8158,#1816,.T.);
#12412=EDGE_CURVE('',#8676,#8158,#2740,.T.);
#12426=EDGE_CURVE('',#8881,#8871,#1480,.T.);
#12438=EDGE_CURVE('',#8884,#8908,#1472,.T.);
#12440=EDGE_CURVE('',#8908,#8904,#1476,.T.);
#12443=EDGE_CURVE('',#8903,#8882,#1756,.T.);
#12445=EDGE_CURVE('',#8881,#8882,#6748,.T.);
#12449=EDGE_CURVE('',#8872,#8884,#1488,.T.);
#12460=EDGE_CURVE('',#8884,#8312,#1492,.T.);
#12463=EDGE_CURVE('',#8251,#8381,#1752,.T.);
#12466=EDGE_CURVE('',#8248,#8377,#1496,.T.);
#12469=EDGE_CURVE('',#8908,#8307,#1544,.T.);
#12482=EDGE_CURVE('',#8388,#8311,#1504,.T.);
#12487=EDGE_CURVE('',#8571,#8572,#1508,.T.);
#12489=EDGE_CURVE('',#8576,#8572,#1512,.T.);
#12491=EDGE_CURVE('',#8575,#8576,#1516,.T.);
#12493=EDGE_CURVE('',#8575,#8571,#1520,.T.);
#12504=EDGE_CURVE('',#8335,#8308,#1524,.T.);
#12507=EDGE_CURVE('',#8336,#8378,#1736,.T.);
#12517=EDGE_CURVE('',#8384,#8382,#1744,.T.);
#12530=EDGE_CURVE('',#8584,#8586,#1528,.T.);
#12532=EDGE_CURVE('',#8588,#8584,#1532,.T.);
#12534=EDGE_CURVE('',#8588,#8590,#1536,.T.);
#12551=EDGE_CURVE('',#8631,#8655,#1572,.T.);
#12554=EDGE_CURVE('',#8567,#8584,#1556,.T.);
#12557=EDGE_CURVE('',#8586,#8582,#1560,.T.);
#12559=EDGE_CURVE('',#8582,#8559,#1652,.T.);
#12561=EDGE_CURVE('',#8550,#8559,#1676,.T.);
#12563=EDGE_CURVE('',#8548,#8550,#1700,.T.);
#12565=EDGE_CURVE('',#10715,#8548,#1628,.T.);
#12567=EDGE_CURVE('',#10715,#8572,#1564,.T.);
#12570=EDGE_CURVE('',#8571,#8563,#1568,.T.);
#12583=EDGE_CURVE('',#8632,#8656,#1576,.T.);
#12596=EDGE_CURVE('',#8634,#8658,#1580,.T.);
#12609=EDGE_CURVE('',#8636,#8660,#1584,.T.);
#12622=EDGE_CURVE('',#8638,#8662,#1588,.T.);
#12635=EDGE_CURVE('',#8640,#8664,#1596,.T.);
#12648=EDGE_CURVE('',#8575,#8564,#1600,.T.);
#12651=EDGE_CURVE('',#10716,#8576,#1604,.T.);
#12653=EDGE_CURVE('',#8579,#10716,#1608,.T.);
#12655=EDGE_CURVE('',#8579,#8580,#1660,.T.);
#12657=EDGE_CURVE('',#8590,#8580,#1612,.T.);
#12660=EDGE_CURVE('',#8568,#8588,#1616,.T.);
#12684=EDGE_CURVE('',#10715,#10716,#1620,.T.);
#12695=EDGE_CURVE('',#8546,#8579,#1624,.T.);
#12700=EDGE_CURVE('',#8546,#8548,#1696,.T.);
#12710=EDGE_CURVE('',#8556,#8579,#1664,.T.);
#12713=EDGE_CURVE('',#8544,#8546,#1692,.T.);
#12715=EDGE_CURVE('',#8544,#8556,#1632,.T.);
#12726=EDGE_CURVE('',#8604,#8602,#1640,.T.);
#12729=EDGE_CURVE('',#8559,#8560,#1648,.T.);
#12732=EDGE_CURVE('',#8582,#8580,#1656,.T.);
#12736=EDGE_CURVE('',#8555,#8556,#1668,.T.);
#12738=EDGE_CURVE('',#8601,#8555,#1672,.T.);
#12760=EDGE_CURVE('',#8550,#8552,#1704,.T.);
#12773=EDGE_CURVE('',#8539,#8540,#1680,.T.);
#12775=EDGE_CURVE('',#8540,#8542,#1684,.T.);
#12777=EDGE_CURVE('',#8542,#8544,#1688,.T.);
#12793=EDGE_CURVE('',#9571,#9572,#1716,.T.);
#12796=EDGE_CURVE('',#8540,#8601,#1720,.T.);
#12820=EDGE_CURVE('',#8542,#8555,#1724,.T.);
#12898=EDGE_CURVE('',#8180,#8182,#1776,.T.);
#12900=EDGE_CURVE('',#8882,#8182,#6752,.T.);
#12911=EDGE_CURVE('',#8179,#8155,#1768,.T.);
#12913=EDGE_CURVE('',#8155,#8156,#1820,.T.);
#12916=EDGE_CURVE('',#8184,#8182,#1772,.T.);
#12928=EDGE_CURVE('',#8211,#8176,#1784,.T.);
#12930=EDGE_CURVE('',#8176,#8155,#1788,.T.);
#12945=EDGE_CURVE('',#8174,#8176,#1824,.T.);
#12956=EDGE_CURVE('',#9483,#9484,#1808,.T.);
#12958=EDGE_CURVE('',#8158,#9483,#1812,.T.);
#12965=EDGE_CURVE('',#9543,#8173,#1832,.T.);
#12967=EDGE_CURVE('',#9558,#9543,#1836,.T.);
#12969=EDGE_CURVE('',#9558,#9560,#1840,.T.);
#12971=EDGE_CURVE('',#9560,#9547,#1844,.T.);
#12973=EDGE_CURVE('',#9463,#9547,#1848,.T.);
#12975=EDGE_CURVE('',#9478,#9463,#1852,.T.);
#12977=EDGE_CURVE('',#9478,#9480,#1856,.T.);
#12979=EDGE_CURVE('',#9480,#9467,#1860,.T.);
#12981=EDGE_CURVE('',#9383,#9467,#1864,.T.);
#12983=EDGE_CURVE('',#9398,#9383,#1868,.T.);
#12985=EDGE_CURVE('',#9398,#9400,#1872,.T.);
#12987=EDGE_CURVE('',#9400,#9387,#1876,.T.);
#12989=EDGE_CURVE('',#9303,#9387,#1880,.T.);
#12991=EDGE_CURVE('',#9318,#9303,#1884,.T.);
#12993=EDGE_CURVE('',#9318,#9320,#1888,.T.);
#12995=EDGE_CURVE('',#9320,#9307,#1892,.T.);
#12997=EDGE_CURVE('',#9223,#9307,#1896,.T.);
#12999=EDGE_CURVE('',#9238,#9223,#1900,.T.);
#13001=EDGE_CURVE('',#9238,#9240,#1904,.T.);
#13003=EDGE_CURVE('',#9240,#9227,#1908,.T.);
#13005=EDGE_CURVE('',#9143,#9227,#1912,.T.);
#13007=EDGE_CURVE('',#9158,#9143,#1916,.T.);
#13009=EDGE_CURVE('',#9158,#9160,#1920,.T.);
#13011=EDGE_CURVE('',#9160,#9147,#1924,.T.);
#13013=EDGE_CURVE('',#9063,#9147,#1928,.T.);
#13015=EDGE_CURVE('',#9078,#9063,#1932,.T.);
#13017=EDGE_CURVE('',#9078,#9080,#1936,.T.);
#13019=EDGE_CURVE('',#9080,#9067,#1940,.T.);
#13021=EDGE_CURVE('',#8983,#9067,#1944,.T.);
#13023=EDGE_CURVE('',#8998,#8983,#1948,.T.);
#13025=EDGE_CURVE('',#8998,#9000,#1952,.T.);
#13027=EDGE_CURVE('',#9000,#8987,#1956,.T.);
#13029=EDGE_CURVE('',#8170,#8987,#1960,.T.);
#13033=EDGE_CURVE('',#8164,#8167,#6352,.T.);
#13035=EDGE_CURVE('',#8162,#8164,#1972,.T.);
#13038=EDGE_CURVE('',#8935,#8161,#1980,.T.);
#13040=EDGE_CURVE('',#8935,#8936,#1984,.T.);
#13042=EDGE_CURVE('',#8924,#8936,#1988,.T.);
#13044=EDGE_CURVE('',#8923,#8924,#1992,.T.);
#13046=EDGE_CURVE('',#9015,#8923,#1996,.T.);
#13048=EDGE_CURVE('',#9015,#9016,#2000,.T.);
#13050=EDGE_CURVE('',#9004,#9016,#2004,.T.);
#13052=EDGE_CURVE('',#9003,#9004,#2008,.T.);
#13054=EDGE_CURVE('',#9095,#9003,#2012,.T.);
#13056=EDGE_CURVE('',#9095,#9096,#2016,.T.);
#13058=EDGE_CURVE('',#9084,#9096,#2020,.T.);
#13060=EDGE_CURVE('',#9083,#9084,#2024,.T.);
#13062=EDGE_CURVE('',#9175,#9083,#2028,.T.);
#13064=EDGE_CURVE('',#9175,#9176,#2032,.T.);
#13066=EDGE_CURVE('',#9164,#9176,#2036,.T.);
#13068=EDGE_CURVE('',#9163,#9164,#2040,.T.);
#13070=EDGE_CURVE('',#9255,#9163,#2044,.T.);
#13072=EDGE_CURVE('',#9255,#9256,#2048,.T.);
#13074=EDGE_CURVE('',#9244,#9256,#2052,.T.);
#13076=EDGE_CURVE('',#9243,#9244,#2056,.T.);
#13078=EDGE_CURVE('',#9335,#9243,#2060,.T.);
#13080=EDGE_CURVE('',#9335,#9336,#2064,.T.);
#13082=EDGE_CURVE('',#9324,#9336,#2068,.T.);
#13084=EDGE_CURVE('',#9323,#9324,#2072,.T.);
#13086=EDGE_CURVE('',#9415,#9323,#2076,.T.);
#13088=EDGE_CURVE('',#9415,#9416,#2080,.T.);
#13090=EDGE_CURVE('',#9404,#9416,#2084,.T.);
#13092=EDGE_CURVE('',#9403,#9404,#2088,.T.);
#13094=EDGE_CURVE('',#9495,#9403,#2092,.T.);
#13096=EDGE_CURVE('',#9495,#9496,#2096,.T.);
#13098=EDGE_CURVE('',#9484,#9496,#2100,.T.);
#13102=EDGE_CURVE('',#9487,#9488,#2104,.T.);
#13104=EDGE_CURVE('',#9487,#9499,#2108,.T.);
#13106=EDGE_CURVE('',#9499,#9500,#2112,.T.);
#13108=EDGE_CURVE('',#9500,#9408,#2116,.T.);
#13110=EDGE_CURVE('',#9407,#9408,#2120,.T.);
#13112=EDGE_CURVE('',#9407,#9419,#2124,.T.);
#13114=EDGE_CURVE('',#9419,#9420,#2128,.T.);
#13116=EDGE_CURVE('',#9420,#9328,#2132,.T.);
#13118=EDGE_CURVE('',#9327,#9328,#2136,.T.);
#13120=EDGE_CURVE('',#9327,#9339,#2140,.T.);
#13122=EDGE_CURVE('',#9339,#9340,#2144,.T.);
#13124=EDGE_CURVE('',#9340,#9248,#2148,.T.);
#13126=EDGE_CURVE('',#9247,#9248,#2152,.T.);
#13128=EDGE_CURVE('',#9247,#9259,#2156,.T.);
#13130=EDGE_CURVE('',#9259,#9260,#2160,.T.);
#13132=EDGE_CURVE('',#9260,#9168,#2164,.T.);
#13134=EDGE_CURVE('',#9167,#9168,#2168,.T.);
#13136=EDGE_CURVE('',#9167,#9179,#2172,.T.);
#13138=EDGE_CURVE('',#9179,#9180,#2176,.T.);
#13140=EDGE_CURVE('',#9180,#9088,#2180,.T.);
#13142=EDGE_CURVE('',#9087,#9088,#2184,.T.);
#13144=EDGE_CURVE('',#9087,#9099,#2188,.T.);
#13146=EDGE_CURVE('',#9099,#9100,#2192,.T.);
#13148=EDGE_CURVE('',#9100,#9008,#2196,.T.);
#13150=EDGE_CURVE('',#9007,#9008,#2200,.T.);
#13152=EDGE_CURVE('',#9007,#9019,#2204,.T.);
#13154=EDGE_CURVE('',#9019,#9020,#2208,.T.);
#13156=EDGE_CURVE('',#9020,#8928,#2212,.T.);
#13158=EDGE_CURVE('',#8927,#8928,#2216,.T.);
#13160=EDGE_CURVE('',#8927,#8939,#2220,.T.);
#13162=EDGE_CURVE('',#8939,#8940,#2224,.T.);
#13164=EDGE_CURVE('',#8940,#8699,#2228,.T.);
#13166=EDGE_CURVE('',#8699,#8700,#2233,.T.);
#13168=EDGE_CURVE('',#8700,#8706,#2237,.T.);
#13170=EDGE_CURVE('',#8706,#8710,#2242,.T.);
#13172=EDGE_CURVE('',#8710,#8943,#2246,.T.);
#13174=EDGE_CURVE('',#8943,#8944,#2250,.T.);
#13176=EDGE_CURVE('',#8932,#8944,#2254,.T.);
#13178=EDGE_CURVE('',#8931,#8932,#2258,.T.);
#13180=EDGE_CURVE('',#8931,#9023,#2262,.T.);
#13182=EDGE_CURVE('',#9023,#9024,#2266,.T.);
#13184=EDGE_CURVE('',#9012,#9024,#2270,.T.);
#13186=EDGE_CURVE('',#9011,#9012,#2274,.T.);
#13188=EDGE_CURVE('',#9011,#9103,#2278,.T.);
#13190=EDGE_CURVE('',#9103,#9104,#2282,.T.);
#13192=EDGE_CURVE('',#9092,#9104,#2286,.T.);
#13194=EDGE_CURVE('',#9091,#9092,#2290,.T.);
#13196=EDGE_CURVE('',#9091,#9183,#2294,.T.);
#13198=EDGE_CURVE('',#9183,#9184,#2298,.T.);
#13200=EDGE_CURVE('',#9172,#9184,#2302,.T.);
#13202=EDGE_CURVE('',#9171,#9172,#2306,.T.);
#13204=EDGE_CURVE('',#9171,#9263,#2310,.T.);
#13206=EDGE_CURVE('',#9263,#9264,#2314,.T.);
#13208=EDGE_CURVE('',#9252,#9264,#2318,.T.);
#13210=EDGE_CURVE('',#9251,#9252,#2322,.T.);
#13212=EDGE_CURVE('',#9251,#9343,#2326,.T.);
#13214=EDGE_CURVE('',#9343,#9344,#2330,.T.);
#13216=EDGE_CURVE('',#9332,#9344,#2334,.T.);
#13218=EDGE_CURVE('',#9331,#9332,#2338,.T.);
#13220=EDGE_CURVE('',#9331,#9423,#2342,.T.);
#13222=EDGE_CURVE('',#9423,#9424,#2346,.T.);
#13224=EDGE_CURVE('',#9412,#9424,#2350,.T.);
#13226=EDGE_CURVE('',#9411,#9412,#2354,.T.);
#13228=EDGE_CURVE('',#9411,#9503,#2358,.T.);
#13230=EDGE_CURVE('',#9503,#9504,#2362,.T.);
#13232=EDGE_CURVE('',#9492,#9504,#2366,.T.);
#13234=EDGE_CURVE('',#9491,#9492,#2370,.T.);
#13236=EDGE_CURVE('',#9491,#8717,#2374,.T.);
#13238=EDGE_CURVE('',#8717,#8718,#2379,.T.);
#13240=EDGE_CURVE('',#8718,#8722,#2383,.T.);
#13242=EDGE_CURVE('',#8722,#8726,#2388,.T.);
#13244=EDGE_CURVE('',#8726,#9488,#2392,.T.);
#13255=EDGE_CURVE('',#9484,#10129,#2397,.T.);
#13257=EDGE_CURVE('',#10129,#10130,#2401,.T.);
#13259=EDGE_CURVE('',#10130,#10132,#2406,.T.);
#13261=EDGE_CURVE('',#10132,#10134,#2410,.T.);
#13263=EDGE_CURVE('',#10134,#10136,#2415,.T.);
#13265=EDGE_CURVE('',#10136,#9538,#2419,.T.);
#13267=EDGE_CURVE('',#9483,#9538,#2640,.T.);
#13278=EDGE_CURVE('',#9550,#9488,#3032,.T.);
#13280=EDGE_CURVE('',#9550,#10175,#2424,.T.);
#13282=EDGE_CURVE('',#10175,#9487,#2428,.T.);
#13293=EDGE_CURVE('',#9492,#10171,#2432,.T.);
#13295=EDGE_CURVE('',#10171,#9554,#2437,.T.);
#13297=EDGE_CURVE('',#9491,#9554,#3144,.T.);
#13307=EDGE_CURVE('',#9507,#9508,#3764,.T.);
#13309=EDGE_CURVE('',#9507,#10113,#2441,.T.);
#13311=EDGE_CURVE('',#10113,#10114,#2445,.T.);
#13313=EDGE_CURVE('',#10114,#10116,#2449,.T.);
#13315=EDGE_CURVE('',#10116,#10118,#2453,.T.);
#13317=EDGE_CURVE('',#10118,#9512,#2458,.T.);
#13319=EDGE_CURVE('',#9511,#9512,#3780,.T.);
#13321=EDGE_CURVE('',#10167,#9511,#6320,.T.);
#13323=EDGE_CURVE('',#10167,#9508,#2462,.T.);
#13333=EDGE_CURVE('',#9523,#9524,#4126,.T.);
#13335=EDGE_CURVE('',#9524,#10179,#2466,.T.);
#13337=EDGE_CURVE('',#9527,#10179,#6242,.T.);
#13339=EDGE_CURVE('',#9527,#9528,#4142,.T.);
#13341=EDGE_CURVE('',#9528,#10121,#2471,.T.);
#13343=EDGE_CURVE('',#10121,#10122,#2475,.T.);
#13345=EDGE_CURVE('',#10122,#10124,#2479,.T.);
#13347=EDGE_CURVE('',#10124,#10126,#2483,.T.);
#13349=EDGE_CURVE('',#10126,#9523,#2487,.T.);
#13359=EDGE_CURVE('',#9543,#9544,#4568,.T.);
#13361=EDGE_CURVE('',#9544,#8835,#2491,.T.);
#13363=EDGE_CURVE('',#8835,#8836,#2496,.T.);
#13365=EDGE_CURVE('',#8836,#10110,#2500,.T.);
#13367=EDGE_CURVE('',#10110,#8839,#2505,.T.);
#13369=EDGE_CURVE('',#8839,#8840,#2509,.T.);
#13371=EDGE_CURVE('',#8840,#9558,#2514,.T.);
#13383=EDGE_CURVE('',#9496,#10157,#2541,.T.);
#13385=EDGE_CURVE('',#10129,#10157,#2760,.T.);
#13397=EDGE_CURVE('',#9495,#9540,#2648,.T.);
#13399=EDGE_CURVE('',#10164,#9540,#2518,.T.);
#13401=EDGE_CURVE('',#10162,#10164,#2523,.T.);
#13403=EDGE_CURVE('',#10160,#10162,#2527,.T.);
#13405=EDGE_CURVE('',#10158,#10160,#2532,.T.);
#13407=EDGE_CURVE('',#10157,#10158,#2536,.T.);
#13419=EDGE_CURVE('',#10176,#9499,#2545,.T.);
#13421=EDGE_CURVE('',#9552,#10176,#2550,.T.);
#13423=EDGE_CURVE('',#9552,#9500,#3124,.T.);
#13434=EDGE_CURVE('',#9503,#9556,#3152,.T.);
#13436=EDGE_CURVE('',#10172,#9556,#2555,.T.);
#13438=EDGE_CURVE('',#9504,#10172,#2559,.T.);
#13448=EDGE_CURVE('',#9515,#9516,#3772,.T.);
#13450=EDGE_CURVE('',#10168,#9516,#2563,.T.);
#13452=EDGE_CURVE('',#9519,#10168,#6315,.T.);
#13454=EDGE_CURVE('',#9519,#9520,#3788,.T.);
#13456=EDGE_CURVE('',#10146,#9520,#2568,.T.);
#13458=EDGE_CURVE('',#10144,#10146,#2572,.T.);
#13460=EDGE_CURVE('',#10142,#10144,#2576,.T.);
#13462=EDGE_CURVE('',#10141,#10142,#2580,.T.);
#13464=EDGE_CURVE('',#9515,#10141,#2584,.T.);
#13474=EDGE_CURVE('',#9531,#9532,#4134,.T.);
#13476=EDGE_CURVE('',#10154,#9531,#2588,.T.);
#13478=EDGE_CURVE('',#10152,#10154,#2592,.T.);
#13480=EDGE_CURVE('',#10150,#10152,#2596,.T.);
#13482=EDGE_CURVE('',#10149,#10150,#2600,.T.);
#13484=EDGE_CURVE('',#9536,#10149,#2605,.T.);
#13486=EDGE_CURVE('',#9535,#9536,#4150,.T.);
#13488=EDGE_CURVE('',#10180,#9535,#6237,.T.);
#13490=EDGE_CURVE('',#9532,#10180,#2609,.T.);
#13500=EDGE_CURVE('',#9547,#9548,#4664,.T.);
#13503=EDGE_CURVE('',#8848,#9560,#2614,.T.);
#13505=EDGE_CURVE('',#8847,#8848,#2618,.T.);
#13507=EDGE_CURVE('',#10138,#8847,#2623,.T.);
#13509=EDGE_CURVE('',#8844,#10138,#2627,.T.);
#13511=EDGE_CURVE('',#8843,#8844,#2632,.T.);
#13513=EDGE_CURVE('',#9548,#8843,#2636,.T.);
#13524=EDGE_CURVE('',#9538,#9540,#2644,.T.);
#13528=EDGE_CURVE('',#9403,#9458,#2652,.T.);
#13530=EDGE_CURVE('',#9458,#9460,#2656,.T.);
#13532=EDGE_CURVE('',#9415,#9460,#2660,.T.);
#13535=EDGE_CURVE('',#9323,#9378,#2664,.T.);
#13537=EDGE_CURVE('',#9378,#9380,#2668,.T.);
#13539=EDGE_CURVE('',#9335,#9380,#2672,.T.);
#13542=EDGE_CURVE('',#9243,#9298,#2676,.T.);
#13544=EDGE_CURVE('',#9298,#9300,#2680,.T.);
#13546=EDGE_CURVE('',#9255,#9300,#2684,.T.);
#13549=EDGE_CURVE('',#9163,#9218,#2688,.T.);
#13551=EDGE_CURVE('',#9218,#9220,#2692,.T.);
#13553=EDGE_CURVE('',#9175,#9220,#2696,.T.);
#13556=EDGE_CURVE('',#9083,#9138,#2700,.T.);
#13558=EDGE_CURVE('',#9138,#9140,#2704,.T.);
#13560=EDGE_CURVE('',#9095,#9140,#2708,.T.);
#13563=EDGE_CURVE('',#9003,#9058,#2712,.T.);
#13565=EDGE_CURVE('',#9058,#9060,#2716,.T.);
#13567=EDGE_CURVE('',#9015,#9060,#2720,.T.);
#13570=EDGE_CURVE('',#8923,#8978,#2724,.T.);
#13572=EDGE_CURVE('',#8978,#8980,#2728,.T.);
#13574=EDGE_CURVE('',#8935,#8980,#2732,.T.);
#13591=EDGE_CURVE('',#10136,#10164,#2744,.T.);
#13603=EDGE_CURVE('',#10134,#10162,#2748,.T.);
#13616=EDGE_CURVE('',#10132,#10160,#2752,.T.);
#13629=EDGE_CURVE('',#10130,#10158,#2756,.T.);
#13654=EDGE_CURVE('',#9404,#10057,#2765,.T.);
#13656=EDGE_CURVE('',#10057,#10058,#2769,.T.);
#13658=EDGE_CURVE('',#10058,#10060,#2774,.T.);
#13660=EDGE_CURVE('',#10060,#10062,#2778,.T.);
#13662=EDGE_CURVE('',#10062,#10064,#2783,.T.);
#13664=EDGE_CURVE('',#10064,#9458,#2787,.T.);
#13676=EDGE_CURVE('',#9470,#9408,#3120,.T.);
#13678=EDGE_CURVE('',#9470,#10103,#2792,.T.);
#13680=EDGE_CURVE('',#10103,#9407,#2796,.T.);
#13691=EDGE_CURVE('',#9412,#10099,#2800,.T.);
#13693=EDGE_CURVE('',#10099,#9474,#2805,.T.);
#13695=EDGE_CURVE('',#9411,#9474,#3156,.T.);
#13705=EDGE_CURVE('',#9427,#9428,#3732,.T.);
#13707=EDGE_CURVE('',#9427,#10041,#2809,.T.);
#13709=EDGE_CURVE('',#10041,#10042,#2813,.T.);
#13711=EDGE_CURVE('',#10042,#10044,#2817,.T.);
#13713=EDGE_CURVE('',#10044,#10046,#2821,.T.);
#13715=EDGE_CURVE('',#10046,#9432,#2826,.T.);
#13717=EDGE_CURVE('',#9431,#9432,#3748,.T.);
#13719=EDGE_CURVE('',#10095,#9431,#6290,.T.);
#13721=EDGE_CURVE('',#10095,#9428,#2830,.T.);
#13731=EDGE_CURVE('',#9443,#9444,#4094,.T.);
#13733=EDGE_CURVE('',#9444,#10107,#2834,.T.);
#13735=EDGE_CURVE('',#9447,#10107,#6212,.T.);
#13737=EDGE_CURVE('',#9447,#9448,#4110,.T.);
#13739=EDGE_CURVE('',#9448,#10049,#2839,.T.);
#13741=EDGE_CURVE('',#10049,#10050,#2843,.T.);
#13743=EDGE_CURVE('',#10050,#10052,#2847,.T.);
#13745=EDGE_CURVE('',#10052,#10054,#2851,.T.);
#13747=EDGE_CURVE('',#10054,#9443,#2855,.T.);
#13757=EDGE_CURVE('',#9463,#9464,#4660,.T.);
#13759=EDGE_CURVE('',#9464,#8819,#2859,.T.);
#13761=EDGE_CURVE('',#8819,#8820,#2864,.T.);
#13763=EDGE_CURVE('',#8820,#10038,#2868,.T.);
#13765=EDGE_CURVE('',#10038,#8823,#2873,.T.);
#13767=EDGE_CURVE('',#8823,#8824,#2877,.T.);
#13769=EDGE_CURVE('',#8824,#9478,#2882,.T.);
#13781=EDGE_CURVE('',#9416,#10085,#2909,.T.);
#13783=EDGE_CURVE('',#10057,#10085,#3024,.T.);
#13796=EDGE_CURVE('',#10092,#9460,#2886,.T.);
#13798=EDGE_CURVE('',#10090,#10092,#2891,.T.);
#13800=EDGE_CURVE('',#10088,#10090,#2895,.T.);
#13802=EDGE_CURVE('',#10086,#10088,#2900,.T.);
#13804=EDGE_CURVE('',#10085,#10086,#2904,.T.);
#13816=EDGE_CURVE('',#10104,#9419,#2913,.T.);
#13818=EDGE_CURVE('',#9472,#10104,#2918,.T.);
#13820=EDGE_CURVE('',#9472,#9420,#3112,.T.);
#13831=EDGE_CURVE('',#9423,#9476,#3164,.T.);
#13833=EDGE_CURVE('',#10100,#9476,#2923,.T.);
#13835=EDGE_CURVE('',#9424,#10100,#2927,.T.);
#13845=EDGE_CURVE('',#9435,#9436,#3740,.T.);
#13847=EDGE_CURVE('',#10096,#9436,#2931,.T.);
#13849=EDGE_CURVE('',#9439,#10096,#6285,.T.);
#13851=EDGE_CURVE('',#9439,#9440,#3756,.T.);
#13853=EDGE_CURVE('',#10074,#9440,#2936,.T.);
#13855=EDGE_CURVE('',#10072,#10074,#2940,.T.);
#13857=EDGE_CURVE('',#10070,#10072,#2944,.T.);
#13859=EDGE_CURVE('',#10069,#10070,#2948,.T.);
#13861=EDGE_CURVE('',#9435,#10069,#2952,.T.);
#13871=EDGE_CURVE('',#9451,#9452,#4102,.T.);
#13873=EDGE_CURVE('',#10082,#9451,#2956,.T.);
#13875=EDGE_CURVE('',#10080,#10082,#2960,.T.);
#13877=EDGE_CURVE('',#10078,#10080,#2964,.T.);
#13879=EDGE_CURVE('',#10077,#10078,#2968,.T.);
#13881=EDGE_CURVE('',#9456,#10077,#2973,.T.);
#13883=EDGE_CURVE('',#9455,#9456,#4118,.T.);
#13885=EDGE_CURVE('',#10108,#9455,#6207,.T.);
#13887=EDGE_CURVE('',#9452,#10108,#2977,.T.);
#13897=EDGE_CURVE('',#9467,#9468,#4652,.T.);
#13900=EDGE_CURVE('',#8832,#9480,#2982,.T.);
#13902=EDGE_CURVE('',#8831,#8832,#2986,.T.);
#13904=EDGE_CURVE('',#10066,#8831,#2991,.T.);
#13906=EDGE_CURVE('',#8828,#10066,#2995,.T.);
#13908=EDGE_CURVE('',#8827,#8828,#3000,.T.);
#13910=EDGE_CURVE('',#9468,#8827,#3004,.T.);
#13922=EDGE_CURVE('',#10064,#10092,#3008,.T.);
#13934=EDGE_CURVE('',#10062,#10090,#3012,.T.);
#13947=EDGE_CURVE('',#10060,#10088,#3016,.T.);
#13960=EDGE_CURVE('',#10058,#10086,#3020,.T.);
#13986=EDGE_CURVE('',#10103,#10104,#3028,.T.);
#13997=EDGE_CURVE('',#9470,#9472,#3116,.T.);
#14012=EDGE_CURVE('',#8726,#8728,#3036,.T.);
#14014=EDGE_CURVE('',#8728,#8703,#3894,.T.);
#14016=EDGE_CURVE('',#8699,#8703,#3882,.T.);
#14019=EDGE_CURVE('',#8992,#8940,#3040,.T.);
#14021=EDGE_CURVE('',#8990,#8992,#3044,.T.);
#14023=EDGE_CURVE('',#8990,#8928,#3048,.T.);
#14026=EDGE_CURVE('',#9072,#9020,#3052,.T.);
#14028=EDGE_CURVE('',#9070,#9072,#3056,.T.);
#14030=EDGE_CURVE('',#9070,#9008,#3060,.T.);
#14033=EDGE_CURVE('',#9152,#9100,#3064,.T.);
#14035=EDGE_CURVE('',#9150,#9152,#3068,.T.);
#14037=EDGE_CURVE('',#9150,#9088,#3072,.T.);
#14040=EDGE_CURVE('',#9232,#9180,#3076,.T.);
#14042=EDGE_CURVE('',#9230,#9232,#3080,.T.);
#14044=EDGE_CURVE('',#9230,#9168,#3084,.T.);
#14047=EDGE_CURVE('',#9312,#9260,#3088,.T.);
#14049=EDGE_CURVE('',#9310,#9312,#3092,.T.);
#14051=EDGE_CURVE('',#9310,#9248,#3096,.T.);
#14054=EDGE_CURVE('',#9392,#9340,#3100,.T.);
#14056=EDGE_CURVE('',#9390,#9392,#3104,.T.);
#14058=EDGE_CURVE('',#9390,#9328,#3108,.T.);
#14066=EDGE_CURVE('',#9550,#9552,#3128,.T.);
#14077=EDGE_CURVE('',#8722,#8724,#3132,.T.);
#14079=EDGE_CURVE('',#8724,#8728,#4192,.T.);
#14091=EDGE_CURVE('',#8718,#8720,#3136,.T.);
#14093=EDGE_CURVE('',#8720,#8724,#4211,.T.);
#14105=EDGE_CURVE('',#8717,#8714,#3140,.T.);
#14107=EDGE_CURVE('',#8714,#8720,#4232,.T.);
#14119=EDGE_CURVE('',#9554,#9556,#3148,.T.);
#14124=EDGE_CURVE('',#9474,#9476,#3160,.T.);
#14128=EDGE_CURVE('',#9331,#9394,#3168,.T.);
#14130=EDGE_CURVE('',#9394,#9396,#3172,.T.);
#14132=EDGE_CURVE('',#9343,#9396,#3176,.T.);
#14135=EDGE_CURVE('',#9251,#9314,#3180,.T.);
#14137=EDGE_CURVE('',#9314,#9316,#3184,.T.);
#14139=EDGE_CURVE('',#9263,#9316,#3188,.T.);
#14142=EDGE_CURVE('',#9171,#9234,#3192,.T.);
#14144=EDGE_CURVE('',#9234,#9236,#3196,.T.);
#14146=EDGE_CURVE('',#9183,#9236,#3200,.T.);
#14149=EDGE_CURVE('',#9091,#9154,#3204,.T.);
#14151=EDGE_CURVE('',#9154,#9156,#3208,.T.);
#14153=EDGE_CURVE('',#9103,#9156,#3212,.T.);
#14156=EDGE_CURVE('',#9011,#9074,#3216,.T.);
#14158=EDGE_CURVE('',#9074,#9076,#3220,.T.);
#14160=EDGE_CURVE('',#9023,#9076,#3224,.T.);
#14163=EDGE_CURVE('',#8931,#8994,#3228,.T.);
#14165=EDGE_CURVE('',#8994,#8996,#3232,.T.);
#14167=EDGE_CURVE('',#8943,#8996,#3236,.T.);
#14170=EDGE_CURVE('',#8710,#8712,#3240,.T.);
#14172=EDGE_CURVE('',#8712,#8714,#3532,.T.);
#14186=EDGE_CURVE('',#10171,#10172,#3244,.T.);
#14211=EDGE_CURVE('',#10099,#10100,#3248,.T.);
#14235=EDGE_CURVE('',#9324,#9985,#3253,.T.);
#14237=EDGE_CURVE('',#9985,#9986,#3257,.T.);
#14239=EDGE_CURVE('',#9986,#9988,#3262,.T.);
#14241=EDGE_CURVE('',#9988,#9990,#3266,.T.);
#14243=EDGE_CURVE('',#9990,#9992,#3271,.T.);
#14245=EDGE_CURVE('',#9992,#9378,#3275,.T.);
#14258=EDGE_CURVE('',#9390,#10031,#3280,.T.);
#14260=EDGE_CURVE('',#10031,#9327,#3284,.T.);
#14271=EDGE_CURVE('',#9332,#10027,#3288,.T.);
#14273=EDGE_CURVE('',#10027,#9394,#3293,.T.);
#14284=EDGE_CURVE('',#9347,#9348,#3700,.T.);
#14286=EDGE_CURVE('',#9347,#9969,#3297,.T.);
#14288=EDGE_CURVE('',#9969,#9970,#3301,.T.);
#14290=EDGE_CURVE('',#9970,#9972,#3305,.T.);
#14292=EDGE_CURVE('',#9972,#9974,#3309,.T.);
#14294=EDGE_CURVE('',#9974,#9352,#3314,.T.);
#14296=EDGE_CURVE('',#9351,#9352,#3716,.T.);
#14298=EDGE_CURVE('',#10023,#9351,#6260,.T.);
#14300=EDGE_CURVE('',#10023,#9348,#3318,.T.);
#14310=EDGE_CURVE('',#9363,#9364,#4062,.T.);
#14312=EDGE_CURVE('',#9364,#10035,#3322,.T.);
#14314=EDGE_CURVE('',#9367,#10035,#6182,.T.);
#14316=EDGE_CURVE('',#9367,#9368,#4078,.T.);
#14318=EDGE_CURVE('',#9368,#9977,#3327,.T.);
#14320=EDGE_CURVE('',#9977,#9978,#3331,.T.);
#14322=EDGE_CURVE('',#9978,#9980,#3335,.T.);
#14324=EDGE_CURVE('',#9980,#9982,#3339,.T.);
#14326=EDGE_CURVE('',#9982,#9363,#3343,.T.);
#14336=EDGE_CURVE('',#9383,#9384,#4648,.T.);
#14338=EDGE_CURVE('',#9384,#8803,#3347,.T.);
#14340=EDGE_CURVE('',#8803,#8804,#3352,.T.);
#14342=EDGE_CURVE('',#8804,#9966,#3356,.T.);
#14344=EDGE_CURVE('',#9966,#8807,#3361,.T.);
#14346=EDGE_CURVE('',#8807,#8808,#3365,.T.);
#14348=EDGE_CURVE('',#8808,#9398,#3370,.T.);
#14360=EDGE_CURVE('',#9336,#10013,#3397,.T.);
#14362=EDGE_CURVE('',#9985,#10013,#3512,.T.);
#14375=EDGE_CURVE('',#10020,#9380,#3374,.T.);
#14377=EDGE_CURVE('',#10018,#10020,#3379,.T.);
#14379=EDGE_CURVE('',#10016,#10018,#3383,.T.);
#14381=EDGE_CURVE('',#10014,#10016,#3388,.T.);
#14383=EDGE_CURVE('',#10013,#10014,#3392,.T.);
#14395=EDGE_CURVE('',#10032,#9339,#3401,.T.);
#14397=EDGE_CURVE('',#9392,#10032,#3406,.T.);
#14410=EDGE_CURVE('',#10028,#9396,#3411,.T.);
#14412=EDGE_CURVE('',#9344,#10028,#3415,.T.);
#14422=EDGE_CURVE('',#9355,#9356,#3708,.T.);
#14424=EDGE_CURVE('',#10024,#9356,#3419,.T.);
#14426=EDGE_CURVE('',#9359,#10024,#6255,.T.);
#14428=EDGE_CURVE('',#9359,#9360,#3724,.T.);
#14430=EDGE_CURVE('',#10002,#9360,#3424,.T.);
#14432=EDGE_CURVE('',#10000,#10002,#3428,.T.);
#14434=EDGE_CURVE('',#9998,#10000,#3432,.T.);
#14436=EDGE_CURVE('',#9997,#9998,#3436,.T.);
#14438=EDGE_CURVE('',#9355,#9997,#3440,.T.);
#14448=EDGE_CURVE('',#9371,#9372,#4070,.T.);
#14450=EDGE_CURVE('',#10010,#9371,#3444,.T.);
#14452=EDGE_CURVE('',#10008,#10010,#3448,.T.);
#14454=EDGE_CURVE('',#10006,#10008,#3452,.T.);
#14456=EDGE_CURVE('',#10005,#10006,#3456,.T.);
#14458=EDGE_CURVE('',#9376,#10005,#3461,.T.);
#14460=EDGE_CURVE('',#9375,#9376,#4086,.T.);
#14462=EDGE_CURVE('',#10036,#9375,#6177,.T.);
#14464=EDGE_CURVE('',#9372,#10036,#3465,.T.);
#14474=EDGE_CURVE('',#9387,#9388,#4640,.T.);
#14477=EDGE_CURVE('',#8816,#9400,#3470,.T.);
#14479=EDGE_CURVE('',#8815,#8816,#3474,.T.);
#14481=EDGE_CURVE('',#9994,#8815,#3479,.T.);
#14483=EDGE_CURVE('',#8812,#9994,#3483,.T.);
#14485=EDGE_CURVE('',#8811,#8812,#3488,.T.);
#14487=EDGE_CURVE('',#9388,#8811,#3492,.T.);
#14499=EDGE_CURVE('',#9992,#10020,#3496,.T.);
#14511=EDGE_CURVE('',#9990,#10018,#3500,.T.);
#14524=EDGE_CURVE('',#9988,#10016,#3504,.T.);
#14537=EDGE_CURVE('',#9986,#10014,#3508,.T.);
#14563=EDGE_CURVE('',#10031,#10032,#3516,.T.);
#14588=EDGE_CURVE('',#10027,#10028,#3520,.T.);
#14611=EDGE_CURVE('',#10193,#10194,#3524,.T.);
#14613=EDGE_CURVE('',#8714,#10194,#3528,.T.);
#14616=EDGE_CURVE('',#8712,#10193,#3536,.T.);
#14620=EDGE_CURVE('',#8947,#8948,#3540,.T.);
#14622=EDGE_CURVE('',#8948,#8956,#3544,.T.);
#14624=EDGE_CURVE('',#8955,#8956,#3548,.T.);
#14626=EDGE_CURVE('',#8947,#8955,#3552,.T.);
#14630=EDGE_CURVE('',#8951,#8952,#3556,.T.);
#14632=EDGE_CURVE('',#8952,#8960,#3560,.T.);
#14634=EDGE_CURVE('',#8959,#8960,#3564,.T.);
#14636=EDGE_CURVE('',#8951,#8959,#3568,.T.);
#14640=EDGE_CURVE('',#9027,#9028,#3572,.T.);
#14642=EDGE_CURVE('',#9028,#9036,#3576,.T.);
#14644=EDGE_CURVE('',#9035,#9036,#3580,.T.);
#14646=EDGE_CURVE('',#9027,#9035,#3584,.T.);
#14650=EDGE_CURVE('',#9031,#9032,#3588,.T.);
#14652=EDGE_CURVE('',#9032,#9040,#3592,.T.);
#14654=EDGE_CURVE('',#9039,#9040,#3596,.T.);
#14656=EDGE_CURVE('',#9031,#9039,#3600,.T.);
#14660=EDGE_CURVE('',#9107,#9108,#3604,.T.);
#14662=EDGE_CURVE('',#9108,#9116,#3608,.T.);
#14664=EDGE_CURVE('',#9115,#9116,#3612,.T.);
#14666=EDGE_CURVE('',#9107,#9115,#3616,.T.);
#14670=EDGE_CURVE('',#9111,#9112,#3620,.T.);
#14672=EDGE_CURVE('',#9112,#9120,#3624,.T.);
#14674=EDGE_CURVE('',#9119,#9120,#3628,.T.);
#14676=EDGE_CURVE('',#9111,#9119,#3632,.T.);
#14680=EDGE_CURVE('',#9187,#9188,#3636,.T.);
#14682=EDGE_CURVE('',#9188,#9196,#3640,.T.);
#14684=EDGE_CURVE('',#9195,#9196,#3644,.T.);
#14686=EDGE_CURVE('',#9187,#9195,#3648,.T.);
#14690=EDGE_CURVE('',#9191,#9192,#3652,.T.);
#14692=EDGE_CURVE('',#9192,#9200,#3656,.T.);
#14694=EDGE_CURVE('',#9199,#9200,#3660,.T.);
#14696=EDGE_CURVE('',#9191,#9199,#3664,.T.);
#14700=EDGE_CURVE('',#9267,#9268,#3668,.T.);
#14702=EDGE_CURVE('',#9268,#9276,#3672,.T.);
#14704=EDGE_CURVE('',#9275,#9276,#3676,.T.);
#14706=EDGE_CURVE('',#9267,#9275,#3680,.T.);
#14710=EDGE_CURVE('',#9271,#9272,#3684,.T.);
#14712=EDGE_CURVE('',#9272,#9280,#3688,.T.);
#14714=EDGE_CURVE('',#9279,#9280,#3692,.T.);
#14716=EDGE_CURVE('',#9271,#9279,#3696,.T.);
#14721=EDGE_CURVE('',#9348,#9356,#3704,.T.);
#14724=EDGE_CURVE('',#9347,#9355,#3712,.T.);
#14729=EDGE_CURVE('',#9352,#9360,#3720,.T.);
#14732=EDGE_CURVE('',#9351,#9359,#3728,.T.);
#14737=EDGE_CURVE('',#9428,#9436,#3736,.T.);
#14740=EDGE_CURVE('',#9427,#9435,#3744,.T.);
#14745=EDGE_CURVE('',#9432,#9440,#3752,.T.);
#14748=EDGE_CURVE('',#9431,#9439,#3760,.T.);
#14753=EDGE_CURVE('',#9508,#9516,#3768,.T.);
#14756=EDGE_CURVE('',#9507,#9515,#3776,.T.);
#14761=EDGE_CURVE('',#9512,#9520,#3784,.T.);
#14764=EDGE_CURVE('',#9511,#9519,#3792,.T.);
#14775=EDGE_CURVE('',#10193,#10197,#3797,.T.);
#14778=EDGE_CURVE('',#10198,#10194,#3802,.T.);
#14788=EDGE_CURVE('',#10199,#10197,#3820,.T.);
#14791=EDGE_CURVE('',#10199,#10193,#3858,.T.);
#14801=EDGE_CURVE('',#10188,#10190,#3811,.T.);
#14805=EDGE_CURVE('',#10199,#8732,#3870,.T.);
#14807=EDGE_CURVE('',#8731,#8732,#3841,.T.);
#14809=EDGE_CURVE('',#8731,#10190,#3832,.T.);
#14820=EDGE_CURVE('',#10184,#10190,#3825,.T.);
#14822=EDGE_CURVE('',#10188,#10184,#4164,.T.);
#14834=EDGE_CURVE('',#8704,#8731,#3853,.T.);
#14836=EDGE_CURVE('',#8703,#8704,#3837,.T.);
#14838=EDGE_CURVE('',#8703,#10184,#3890,.T.);
#14849=EDGE_CURVE('',#8708,#8732,#3845,.T.);
#14851=EDGE_CURVE('',#8704,#8708,#3849,.T.);
#14864=EDGE_CURVE('',#8708,#8712,#3863,.T.);
#14877=EDGE_CURVE('',#8706,#8708,#3874,.T.);
#14890=EDGE_CURVE('',#8700,#8704,#3878,.T.);
#14914=EDGE_CURVE('',#10183,#10184,#3886,.T.);
#14918=EDGE_CURVE('',#8728,#10183,#3898,.T.);
#14922=EDGE_CURVE('',#8963,#8964,#3902,.T.);
#14924=EDGE_CURVE('',#8963,#8971,#3906,.T.);
#14926=EDGE_CURVE('',#8971,#8972,#3910,.T.);
#14928=EDGE_CURVE('',#8964,#8972,#3914,.T.);
#14932=EDGE_CURVE('',#8967,#8968,#3918,.T.);
#14934=EDGE_CURVE('',#8967,#8975,#3922,.T.);
#14936=EDGE_CURVE('',#8975,#8976,#3926,.T.);
#14938=EDGE_CURVE('',#8968,#8976,#3930,.T.);
#14942=EDGE_CURVE('',#9043,#9044,#3934,.T.);
#14944=EDGE_CURVE('',#9043,#9051,#3938,.T.);
#14946=EDGE_CURVE('',#9051,#9052,#3942,.T.);
#14948=EDGE_CURVE('',#9044,#9052,#3946,.T.);
#14952=EDGE_CURVE('',#9047,#9048,#3950,.T.);
#14954=EDGE_CURVE('',#9047,#9055,#3954,.T.);
#14956=EDGE_CURVE('',#9055,#9056,#3958,.T.);
#14958=EDGE_CURVE('',#9048,#9056,#3962,.T.);
#14962=EDGE_CURVE('',#9123,#9124,#3966,.T.);
#14964=EDGE_CURVE('',#9123,#9131,#3970,.T.);
#14966=EDGE_CURVE('',#9131,#9132,#3974,.T.);
#14968=EDGE_CURVE('',#9124,#9132,#3978,.T.);
#14972=EDGE_CURVE('',#9127,#9128,#3982,.T.);
#14974=EDGE_CURVE('',#9127,#9135,#3986,.T.);
#14976=EDGE_CURVE('',#9135,#9136,#3990,.T.);
#14978=EDGE_CURVE('',#9128,#9136,#3994,.T.);
#14982=EDGE_CURVE('',#9203,#9204,#3998,.T.);
#14984=EDGE_CURVE('',#9203,#9211,#4002,.T.);
#14986=EDGE_CURVE('',#9211,#9212,#4006,.T.);
#14988=EDGE_CURVE('',#9204,#9212,#4010,.T.);
#14992=EDGE_CURVE('',#9207,#9208,#4014,.T.);
#14994=EDGE_CURVE('',#9207,#9215,#4018,.T.);
#14996=EDGE_CURVE('',#9215,#9216,#4022,.T.);
#14998=EDGE_CURVE('',#9208,#9216,#4026,.T.);
#15002=EDGE_CURVE('',#9283,#9284,#4030,.T.);
#15004=EDGE_CURVE('',#9283,#9291,#4034,.T.);
#15006=EDGE_CURVE('',#9291,#9292,#4038,.T.);
#15008=EDGE_CURVE('',#9284,#9292,#4042,.T.);
#15012=EDGE_CURVE('',#9287,#9288,#4046,.T.);
#15014=EDGE_CURVE('',#9287,#9295,#4050,.T.);
#15016=EDGE_CURVE('',#9295,#9296,#4054,.T.);
#15018=EDGE_CURVE('',#9288,#9296,#4058,.T.);
#15023=EDGE_CURVE('',#9363,#9371,#4066,.T.);
#15026=EDGE_CURVE('',#9364,#9372,#4074,.T.);
#15031=EDGE_CURVE('',#9367,#9375,#4082,.T.);
#15034=EDGE_CURVE('',#9368,#9376,#4090,.T.);
#15039=EDGE_CURVE('',#9443,#9451,#4098,.T.);
#15042=EDGE_CURVE('',#9444,#9452,#4106,.T.);
#15047=EDGE_CURVE('',#9447,#9455,#4114,.T.);
#15050=EDGE_CURVE('',#9448,#9456,#4122,.T.);
#15055=EDGE_CURVE('',#9523,#9531,#4130,.T.);
#15058=EDGE_CURVE('',#9524,#9532,#4138,.T.);
#15063=EDGE_CURVE('',#9527,#9535,#4146,.T.);
#15066=EDGE_CURVE('',#9528,#9536,#4154,.T.);
#15077=EDGE_CURVE('',#10183,#10187,#4159,.T.);
#15089=EDGE_CURVE('',#10189,#10187,#4173,.T.);
#15092=EDGE_CURVE('',#10189,#10183,#4187,.T.);
#15103=EDGE_CURVE('',#10189,#8736,#4199,.T.);
#15105=EDGE_CURVE('',#8735,#8736,#4203,.T.);
#15107=EDGE_CURVE('',#8735,#10200,#4227,.T.);
#15109=EDGE_CURVE('',#10198,#10200,#4182,.T.);
#15123=EDGE_CURVE('',#8724,#8736,#4207,.T.);
#15137=EDGE_CURVE('',#8720,#8735,#4215,.T.);
#15147=EDGE_CURVE('',#10194,#10200,#4220,.T.);
#15173=EDGE_CURVE('',#8924,#9625,#4237,.T.);
#15175=EDGE_CURVE('',#9625,#9626,#4241,.T.);
#15177=EDGE_CURVE('',#9626,#9628,#4246,.T.);
#15179=EDGE_CURVE('',#9628,#9630,#4250,.T.);
#15181=EDGE_CURVE('',#9630,#9632,#4255,.T.);
#15183=EDGE_CURVE('',#9632,#8978,#4259,.T.);
#15196=EDGE_CURVE('',#8990,#9671,#4264,.T.);
#15198=EDGE_CURVE('',#9671,#8927,#4268,.T.);
#15209=EDGE_CURVE('',#8932,#9667,#4272,.T.);
#15211=EDGE_CURVE('',#9667,#8994,#4277,.T.);
#15223=EDGE_CURVE('',#8947,#9609,#4281,.T.);
#15225=EDGE_CURVE('',#9609,#9610,#4285,.T.);
#15227=EDGE_CURVE('',#9610,#9612,#4289,.T.);
#15229=EDGE_CURVE('',#9612,#9614,#4293,.T.);
#15231=EDGE_CURVE('',#9614,#8952,#4298,.T.);
#15234=EDGE_CURVE('',#9663,#8951,#4518,.T.);
#15236=EDGE_CURVE('',#9663,#8948,#4302,.T.);
#15247=EDGE_CURVE('',#8964,#9675,#4306,.T.);
#15249=EDGE_CURVE('',#8967,#9675,#4560,.T.);
#15252=EDGE_CURVE('',#8968,#9617,#4311,.T.);
#15254=EDGE_CURVE('',#9617,#9618,#4315,.T.);
#15256=EDGE_CURVE('',#9618,#9620,#4319,.T.);
#15258=EDGE_CURVE('',#9620,#9622,#4323,.T.);
#15260=EDGE_CURVE('',#9622,#8963,#4327,.T.);
#15270=EDGE_CURVE('',#8983,#8984,#4588,.T.);
#15272=EDGE_CURVE('',#8984,#8683,#4331,.T.);
#15274=EDGE_CURVE('',#8683,#8684,#4336,.T.);
#15276=EDGE_CURVE('',#8684,#9606,#4340,.T.);
#15278=EDGE_CURVE('',#9606,#8687,#4345,.T.);
#15280=EDGE_CURVE('',#8687,#8688,#4349,.T.);
#15282=EDGE_CURVE('',#8688,#8998,#4354,.T.);
#15294=EDGE_CURVE('',#8936,#9653,#4381,.T.);
#15296=EDGE_CURVE('',#9625,#9653,#4496,.T.);
#15309=EDGE_CURVE('',#9660,#8980,#4358,.T.);
#15311=EDGE_CURVE('',#9658,#9660,#4363,.T.);
#15313=EDGE_CURVE('',#9656,#9658,#4367,.T.);
#15315=EDGE_CURVE('',#9654,#9656,#4372,.T.);
#15317=EDGE_CURVE('',#9653,#9654,#4376,.T.);
#15329=EDGE_CURVE('',#9672,#8939,#4385,.T.);
#15331=EDGE_CURVE('',#8992,#9672,#4390,.T.);
#15344=EDGE_CURVE('',#9668,#8996,#4395,.T.);
#15346=EDGE_CURVE('',#8944,#9668,#4399,.T.);
#15357=EDGE_CURVE('',#9664,#8956,#4403,.T.);
#15359=EDGE_CURVE('',#8959,#9664,#4513,.T.);
#15362=EDGE_CURVE('',#9642,#8960,#4408,.T.);
#15364=EDGE_CURVE('',#9640,#9642,#4412,.T.);
#15366=EDGE_CURVE('',#9638,#9640,#4416,.T.);
#15368=EDGE_CURVE('',#9637,#9638,#4420,.T.);
#15370=EDGE_CURVE('',#8955,#9637,#4424,.T.);
#15381=EDGE_CURVE('',#9650,#8971,#4428,.T.);
#15383=EDGE_CURVE('',#9648,#9650,#4432,.T.);
#15385=EDGE_CURVE('',#9646,#9648,#4436,.T.);
#15387=EDGE_CURVE('',#9645,#9646,#4440,.T.);
#15389=EDGE_CURVE('',#8976,#9645,#4445,.T.);
#15392=EDGE_CURVE('',#9676,#8975,#4555,.T.);
#15394=EDGE_CURVE('',#8972,#9676,#4449,.T.);
#15404=EDGE_CURVE('',#8987,#8988,#4580,.T.);
#15407=EDGE_CURVE('',#8696,#9000,#4454,.T.);
#15409=EDGE_CURVE('',#8695,#8696,#4458,.T.);
#15411=EDGE_CURVE('',#9634,#8695,#4463,.T.);
#15413=EDGE_CURVE('',#8692,#9634,#4467,.T.);
#15415=EDGE_CURVE('',#8691,#8692,#4472,.T.);
#15417=EDGE_CURVE('',#8988,#8691,#4476,.T.);
#15429=EDGE_CURVE('',#9632,#9660,#4480,.T.);
#15441=EDGE_CURVE('',#9630,#9658,#4484,.T.);
#15454=EDGE_CURVE('',#9628,#9656,#4488,.T.);
#15467=EDGE_CURVE('',#9626,#9654,#4492,.T.);
#15493=EDGE_CURVE('',#9671,#9672,#4500,.T.);
#15518=EDGE_CURVE('',#9667,#9668,#4504,.T.);
#15543=EDGE_CURVE('',#9663,#9664,#4508,.T.);
#15568=EDGE_CURVE('',#9614,#9642,#4522,.T.);
#15580=EDGE_CURVE('',#9612,#9640,#4526,.T.);
#15593=EDGE_CURVE('',#9610,#9638,#4530,.T.);
#15606=EDGE_CURVE('',#9609,#9637,#4534,.T.);
#15632=EDGE_CURVE('',#9622,#9650,#4538,.T.);
#15644=EDGE_CURVE('',#9620,#9648,#4542,.T.);
#15657=EDGE_CURVE('',#9618,#9646,#4546,.T.);
#15670=EDGE_CURVE('',#9617,#9645,#4550,.T.);
#15697=EDGE_CURVE('',#9675,#9676,#4564,.T.);
#15722=EDGE_CURVE('',#8670,#8668,#4572,.T.);
#15727=EDGE_CURVE('',#8984,#8988,#4584,.T.);
#15731=EDGE_CURVE('',#9067,#9068,#4592,.T.);
#15733=EDGE_CURVE('',#9064,#9068,#4596,.T.);
#15735=EDGE_CURVE('',#9063,#9064,#4600,.T.);
#15738=EDGE_CURVE('',#9147,#9148,#4604,.T.);
#15740=EDGE_CURVE('',#9144,#9148,#4608,.T.);
#15742=EDGE_CURVE('',#9143,#9144,#4612,.T.);
#15745=EDGE_CURVE('',#9227,#9228,#4616,.T.);
#15747=EDGE_CURVE('',#9224,#9228,#4620,.T.);
#15749=EDGE_CURVE('',#9223,#9224,#4624,.T.);
#15752=EDGE_CURVE('',#9307,#9308,#4628,.T.);
#15754=EDGE_CURVE('',#9304,#9308,#4632,.T.);
#15756=EDGE_CURVE('',#9303,#9304,#4636,.T.);
#15760=EDGE_CURVE('',#9384,#9388,#4644,.T.);
#15765=EDGE_CURVE('',#9464,#9468,#4656,.T.);
#15770=EDGE_CURVE('',#9544,#9548,#4668,.T.);
#15794=EDGE_CURVE('',#8683,#8691,#4672,.T.);
#15808=EDGE_CURVE('',#8684,#8692,#4676,.T.);
#15821=EDGE_CURVE('',#9606,#9634,#4680,.T.);
#15834=EDGE_CURVE('',#8687,#8695,#4684,.T.);
#15847=EDGE_CURVE('',#8688,#8696,#4688,.T.);
#15871=EDGE_CURVE('',#9732,#9060,#4692,.T.);
#15873=EDGE_CURVE('',#9730,#9732,#4697,.T.);
#15875=EDGE_CURVE('',#9728,#9730,#4701,.T.);
#15877=EDGE_CURVE('',#9726,#9728,#4706,.T.);
#15879=EDGE_CURVE('',#9725,#9726,#4710,.T.);
#15881=EDGE_CURVE('',#9016,#9725,#4715,.T.);
#15892=EDGE_CURVE('',#9744,#9019,#4719,.T.);
#15894=EDGE_CURVE('',#9072,#9744,#4724,.T.);
#15907=EDGE_CURVE('',#9740,#9076,#4729,.T.);
#15909=EDGE_CURVE('',#9024,#9740,#4733,.T.);
#15920=EDGE_CURVE('',#9736,#9036,#4737,.T.);
#15922=EDGE_CURVE('',#9039,#9736,#4981,.T.);
#15925=EDGE_CURVE('',#9714,#9040,#4742,.T.);
#15927=EDGE_CURVE('',#9712,#9714,#4746,.T.);
#15929=EDGE_CURVE('',#9710,#9712,#4750,.T.);
#15931=EDGE_CURVE('',#9709,#9710,#4754,.T.);
#15933=EDGE_CURVE('',#9035,#9709,#4758,.T.);
#15944=EDGE_CURVE('',#9722,#9051,#4762,.T.);
#15946=EDGE_CURVE('',#9720,#9722,#4766,.T.);
#15948=EDGE_CURVE('',#9718,#9720,#4770,.T.);
#15950=EDGE_CURVE('',#9717,#9718,#4774,.T.);
#15952=EDGE_CURVE('',#9056,#9717,#4779,.T.);
#15955=EDGE_CURVE('',#9748,#9055,#4995,.T.);
#15957=EDGE_CURVE('',#9052,#9748,#4783,.T.);
#15969=EDGE_CURVE('',#8752,#9080,#4788,.T.);
#15971=EDGE_CURVE('',#8751,#8752,#4792,.T.);
#15973=EDGE_CURVE('',#9706,#8751,#4797,.T.);
#15975=EDGE_CURVE('',#8748,#9706,#4801,.T.);
#15977=EDGE_CURVE('',#8747,#8748,#4806,.T.);
#15979=EDGE_CURVE('',#9068,#8747,#4810,.T.);
#15990=EDGE_CURVE('',#9704,#9058,#4841,.T.);
#15992=EDGE_CURVE('',#9704,#9732,#4814,.T.);
#16004=EDGE_CURVE('',#9004,#9697,#4819,.T.);
#16006=EDGE_CURVE('',#9697,#9698,#4823,.T.);
#16008=EDGE_CURVE('',#9698,#9700,#4828,.T.);
#16010=EDGE_CURVE('',#9700,#9702,#4832,.T.);
#16012=EDGE_CURVE('',#9702,#9704,#4837,.T.);
#16026=EDGE_CURVE('',#9070,#9743,#4846,.T.);
#16028=EDGE_CURVE('',#9743,#9007,#4850,.T.);
#16039=EDGE_CURVE('',#9012,#9739,#4854,.T.);
#16041=EDGE_CURVE('',#9739,#9074,#4859,.T.);
#16053=EDGE_CURVE('',#9027,#9681,#4863,.T.);
#16055=EDGE_CURVE('',#9681,#9682,#4867,.T.);
#16057=EDGE_CURVE('',#9682,#9684,#4871,.T.);
#16059=EDGE_CURVE('',#9684,#9686,#4875,.T.);
#16061=EDGE_CURVE('',#9686,#9032,#4880,.T.);
#16064=EDGE_CURVE('',#9735,#9031,#4986,.T.);
#16066=EDGE_CURVE('',#9735,#9028,#4884,.T.);
#16077=EDGE_CURVE('',#9044,#9747,#4888,.T.);
#16079=EDGE_CURVE('',#9047,#9747,#5000,.T.);
#16082=EDGE_CURVE('',#9048,#9689,#4893,.T.);
#16084=EDGE_CURVE('',#9689,#9690,#4897,.T.);
#16086=EDGE_CURVE('',#9690,#9692,#4901,.T.);
#16088=EDGE_CURVE('',#9692,#9694,#4905,.T.);
#16090=EDGE_CURVE('',#9694,#9043,#4909,.T.);
#16101=EDGE_CURVE('',#9064,#8739,#4913,.T.);
#16103=EDGE_CURVE('',#8739,#8740,#4918,.T.);
#16105=EDGE_CURVE('',#8740,#9678,#4922,.T.);
#16107=EDGE_CURVE('',#9678,#8743,#4927,.T.);
#16109=EDGE_CURVE('',#8743,#8744,#4931,.T.);
#16111=EDGE_CURVE('',#8744,#9078,#4936,.T.);
#16124=EDGE_CURVE('',#9697,#9725,#4940,.T.);
#16138=EDGE_CURVE('',#9698,#9726,#4944,.T.);
#16151=EDGE_CURVE('',#9700,#9728,#4948,.T.);
#16164=EDGE_CURVE('',#9702,#9730,#4952,.T.);
#16188=EDGE_CURVE('',#9743,#9744,#4956,.T.);
#16213=EDGE_CURVE('',#9739,#9740,#4960,.T.);
#16238=EDGE_CURVE('',#9681,#9709,#4964,.T.);
#16252=EDGE_CURVE('',#9682,#9710,#4968,.T.);
#16265=EDGE_CURVE('',#9684,#9712,#4972,.T.);
#16278=EDGE_CURVE('',#9686,#9714,#4976,.T.);
#16301=EDGE_CURVE('',#9735,#9736,#4990,.T.);
#16327=EDGE_CURVE('',#9747,#9748,#5004,.T.);
#16352=EDGE_CURVE('',#9689,#9717,#5008,.T.);
#16366=EDGE_CURVE('',#9690,#9718,#5012,.T.);
#16379=EDGE_CURVE('',#9692,#9720,#5016,.T.);
#16392=EDGE_CURVE('',#9694,#9722,#5020,.T.);
#16416=EDGE_CURVE('',#8739,#8747,#5024,.T.);
#16430=EDGE_CURVE('',#8740,#8748,#5028,.T.);
#16443=EDGE_CURVE('',#9678,#9706,#5032,.T.);
#16456=EDGE_CURVE('',#8743,#8751,#5036,.T.);
#16469=EDGE_CURVE('',#8744,#8752,#5040,.T.);
#16493=EDGE_CURVE('',#9804,#9140,#5044,.T.);
#16495=EDGE_CURVE('',#9802,#9804,#5049,.T.);
#16497=EDGE_CURVE('',#9800,#9802,#5053,.T.);
#16499=EDGE_CURVE('',#9798,#9800,#5058,.T.);
#16501=EDGE_CURVE('',#9797,#9798,#5062,.T.);
#16503=EDGE_CURVE('',#9096,#9797,#5067,.T.);
#16514=EDGE_CURVE('',#9816,#9099,#5071,.T.);
#16516=EDGE_CURVE('',#9152,#9816,#5076,.T.);
#16529=EDGE_CURVE('',#9812,#9156,#5081,.T.);
#16531=EDGE_CURVE('',#9104,#9812,#5085,.T.);
#16542=EDGE_CURVE('',#9808,#9116,#5089,.T.);
#16544=EDGE_CURVE('',#9119,#9808,#5333,.T.);
#16547=EDGE_CURVE('',#9786,#9120,#5094,.T.);
#16549=EDGE_CURVE('',#9784,#9786,#5098,.T.);
#16551=EDGE_CURVE('',#9782,#9784,#5102,.T.);
#16553=EDGE_CURVE('',#9781,#9782,#5106,.T.);
#16555=EDGE_CURVE('',#9115,#9781,#5110,.T.);
#16566=EDGE_CURVE('',#9794,#9131,#5114,.T.);
#16568=EDGE_CURVE('',#9792,#9794,#5118,.T.);
#16570=EDGE_CURVE('',#9790,#9792,#5122,.T.);
#16572=EDGE_CURVE('',#9789,#9790,#5126,.T.);
#16574=EDGE_CURVE('',#9136,#9789,#5131,.T.);
#16577=EDGE_CURVE('',#9820,#9135,#5347,.T.);
#16579=EDGE_CURVE('',#9132,#9820,#5135,.T.);
#16591=EDGE_CURVE('',#8768,#9160,#5140,.T.);
#16593=EDGE_CURVE('',#8767,#8768,#5144,.T.);
#16595=EDGE_CURVE('',#9778,#8767,#5149,.T.);
#16597=EDGE_CURVE('',#8764,#9778,#5153,.T.);
#16599=EDGE_CURVE('',#8763,#8764,#5158,.T.);
#16601=EDGE_CURVE('',#9148,#8763,#5162,.T.);
#16612=EDGE_CURVE('',#9776,#9138,#5193,.T.);
#16614=EDGE_CURVE('',#9776,#9804,#5166,.T.);
#16626=EDGE_CURVE('',#9084,#9769,#5171,.T.);
#16628=EDGE_CURVE('',#9769,#9770,#5175,.T.);
#16630=EDGE_CURVE('',#9770,#9772,#5180,.T.);
#16632=EDGE_CURVE('',#9772,#9774,#5184,.T.);
#16634=EDGE_CURVE('',#9774,#9776,#5189,.T.);
#16648=EDGE_CURVE('',#9150,#9815,#5198,.T.);
#16650=EDGE_CURVE('',#9815,#9087,#5202,.T.);
#16661=EDGE_CURVE('',#9092,#9811,#5206,.T.);
#16663=EDGE_CURVE('',#9811,#9154,#5211,.T.);
#16675=EDGE_CURVE('',#9107,#9753,#5215,.T.);
#16677=EDGE_CURVE('',#9753,#9754,#5219,.T.);
#16679=EDGE_CURVE('',#9754,#9756,#5223,.T.);
#16681=EDGE_CURVE('',#9756,#9758,#5227,.T.);
#16683=EDGE_CURVE('',#9758,#9112,#5232,.T.);
#16686=EDGE_CURVE('',#9807,#9111,#5338,.T.);
#16688=EDGE_CURVE('',#9807,#9108,#5236,.T.);
#16699=EDGE_CURVE('',#9124,#9819,#5240,.T.);
#16701=EDGE_CURVE('',#9127,#9819,#5352,.T.);
#16704=EDGE_CURVE('',#9128,#9761,#5245,.T.);
#16706=EDGE_CURVE('',#9761,#9762,#5249,.T.);
#16708=EDGE_CURVE('',#9762,#9764,#5253,.T.);
#16710=EDGE_CURVE('',#9764,#9766,#5257,.T.);
#16712=EDGE_CURVE('',#9766,#9123,#5261,.T.);
#16723=EDGE_CURVE('',#9144,#8755,#5265,.T.);
#16725=EDGE_CURVE('',#8755,#8756,#5270,.T.);
#16727=EDGE_CURVE('',#8756,#9750,#5274,.T.);
#16729=EDGE_CURVE('',#9750,#8759,#5279,.T.);
#16731=EDGE_CURVE('',#8759,#8760,#5283,.T.);
#16733=EDGE_CURVE('',#8760,#9158,#5288,.T.);
#16746=EDGE_CURVE('',#9769,#9797,#5292,.T.);
#16760=EDGE_CURVE('',#9770,#9798,#5296,.T.);
#16773=EDGE_CURVE('',#9772,#9800,#5300,.T.);
#16786=EDGE_CURVE('',#9774,#9802,#5304,.T.);
#16810=EDGE_CURVE('',#9815,#9816,#5308,.T.);
#16835=EDGE_CURVE('',#9811,#9812,#5312,.T.);
#16860=EDGE_CURVE('',#9753,#9781,#5316,.T.);
#16874=EDGE_CURVE('',#9754,#9782,#5320,.T.);
#16887=EDGE_CURVE('',#9756,#9784,#5324,.T.);
#16900=EDGE_CURVE('',#9758,#9786,#5328,.T.);
#16923=EDGE_CURVE('',#9807,#9808,#5342,.T.);
#16949=EDGE_CURVE('',#9819,#9820,#5356,.T.);
#16974=EDGE_CURVE('',#9761,#9789,#5360,.T.);
#16988=EDGE_CURVE('',#9762,#9790,#5364,.T.);
#17001=EDGE_CURVE('',#9764,#9792,#5368,.T.);
#17014=EDGE_CURVE('',#9766,#9794,#5372,.T.);
#17038=EDGE_CURVE('',#8755,#8763,#5376,.T.);
#17052=EDGE_CURVE('',#8756,#8764,#5380,.T.);
#17065=EDGE_CURVE('',#9750,#9778,#5384,.T.);
#17078=EDGE_CURVE('',#8759,#8767,#5388,.T.);
#17091=EDGE_CURVE('',#8760,#8768,#5392,.T.);
#17115=EDGE_CURVE('',#9876,#9220,#5396,.T.);
#17117=EDGE_CURVE('',#9874,#9876,#5401,.T.);
#17119=EDGE_CURVE('',#9872,#9874,#5405,.T.);
#17121=EDGE_CURVE('',#9870,#9872,#5410,.T.);
#17123=EDGE_CURVE('',#9869,#9870,#5414,.T.);
#17125=EDGE_CURVE('',#9176,#9869,#5419,.T.);
#17136=EDGE_CURVE('',#9888,#9179,#5423,.T.);
#17138=EDGE_CURVE('',#9232,#9888,#5428,.T.);
#17151=EDGE_CURVE('',#9884,#9236,#5433,.T.);
#17153=EDGE_CURVE('',#9184,#9884,#5437,.T.);
#17164=EDGE_CURVE('',#9880,#9196,#5441,.T.);
#17166=EDGE_CURVE('',#9199,#9880,#5685,.T.);
#17169=EDGE_CURVE('',#9858,#9200,#5446,.T.);
#17171=EDGE_CURVE('',#9856,#9858,#5450,.T.);
#17173=EDGE_CURVE('',#9854,#9856,#5454,.T.);
#17175=EDGE_CURVE('',#9853,#9854,#5458,.T.);
#17177=EDGE_CURVE('',#9195,#9853,#5462,.T.);
#17188=EDGE_CURVE('',#9866,#9211,#5466,.T.);
#17190=EDGE_CURVE('',#9864,#9866,#5470,.T.);
#17192=EDGE_CURVE('',#9862,#9864,#5474,.T.);
#17194=EDGE_CURVE('',#9861,#9862,#5478,.T.);
#17196=EDGE_CURVE('',#9216,#9861,#5483,.T.);
#17199=EDGE_CURVE('',#9892,#9215,#5699,.T.);
#17201=EDGE_CURVE('',#9212,#9892,#5487,.T.);
#17213=EDGE_CURVE('',#8784,#9240,#5492,.T.);
#17215=EDGE_CURVE('',#8783,#8784,#5496,.T.);
#17217=EDGE_CURVE('',#9850,#8783,#5501,.T.);
#17219=EDGE_CURVE('',#8780,#9850,#5505,.T.);
#17221=EDGE_CURVE('',#8779,#8780,#5510,.T.);
#17223=EDGE_CURVE('',#9228,#8779,#5514,.T.);
#17234=EDGE_CURVE('',#9848,#9218,#5545,.T.);
#17236=EDGE_CURVE('',#9848,#9876,#5518,.T.);
#17248=EDGE_CURVE('',#9164,#9841,#5523,.T.);
#17250=EDGE_CURVE('',#9841,#9842,#5527,.T.);
#17252=EDGE_CURVE('',#9842,#9844,#5532,.T.);
#17254=EDGE_CURVE('',#9844,#9846,#5536,.T.);
#17256=EDGE_CURVE('',#9846,#9848,#5541,.T.);
#17270=EDGE_CURVE('',#9230,#9887,#5550,.T.);
#17272=EDGE_CURVE('',#9887,#9167,#5554,.T.);
#17283=EDGE_CURVE('',#9172,#9883,#5558,.T.);
#17285=EDGE_CURVE('',#9883,#9234,#5563,.T.);
#17297=EDGE_CURVE('',#9187,#9825,#5567,.T.);
#17299=EDGE_CURVE('',#9825,#9826,#5571,.T.);
#17301=EDGE_CURVE('',#9826,#9828,#5575,.T.);
#17303=EDGE_CURVE('',#9828,#9830,#5579,.T.);
#17305=EDGE_CURVE('',#9830,#9192,#5584,.T.);
#17308=EDGE_CURVE('',#9879,#9191,#5690,.T.);
#17310=EDGE_CURVE('',#9879,#9188,#5588,.T.);
#17321=EDGE_CURVE('',#9204,#9891,#5592,.T.);
#17323=EDGE_CURVE('',#9207,#9891,#5704,.T.);
#17326=EDGE_CURVE('',#9208,#9833,#5597,.T.);
#17328=EDGE_CURVE('',#9833,#9834,#5601,.T.);
#17330=EDGE_CURVE('',#9834,#9836,#5605,.T.);
#17332=EDGE_CURVE('',#9836,#9838,#5609,.T.);
#17334=EDGE_CURVE('',#9838,#9203,#5613,.T.);
#17345=EDGE_CURVE('',#9224,#8771,#5617,.T.);
#17347=EDGE_CURVE('',#8771,#8772,#5622,.T.);
#17349=EDGE_CURVE('',#8772,#9822,#5626,.T.);
#17351=EDGE_CURVE('',#9822,#8775,#5631,.T.);
#17353=EDGE_CURVE('',#8775,#8776,#5635,.T.);
#17355=EDGE_CURVE('',#8776,#9238,#5640,.T.);
#17368=EDGE_CURVE('',#9841,#9869,#5644,.T.);
#17382=EDGE_CURVE('',#9842,#9870,#5648,.T.);
#17395=EDGE_CURVE('',#9844,#9872,#5652,.T.);
#17408=EDGE_CURVE('',#9846,#9874,#5656,.T.);
#17432=EDGE_CURVE('',#9887,#9888,#5660,.T.);
#17457=EDGE_CURVE('',#9883,#9884,#5664,.T.);
#17482=EDGE_CURVE('',#9825,#9853,#5668,.T.);
#17496=EDGE_CURVE('',#9826,#9854,#5672,.T.);
#17509=EDGE_CURVE('',#9828,#9856,#5676,.T.);
#17522=EDGE_CURVE('',#9830,#9858,#5680,.T.);
#17545=EDGE_CURVE('',#9879,#9880,#5694,.T.);
#17571=EDGE_CURVE('',#9891,#9892,#5708,.T.);
#17596=EDGE_CURVE('',#9833,#9861,#5712,.T.);
#17610=EDGE_CURVE('',#9834,#9862,#5716,.T.);
#17623=EDGE_CURVE('',#9836,#9864,#5720,.T.);
#17636=EDGE_CURVE('',#9838,#9866,#5724,.T.);
#17660=EDGE_CURVE('',#8771,#8779,#5728,.T.);
#17674=EDGE_CURVE('',#8772,#8780,#5732,.T.);
#17687=EDGE_CURVE('',#9822,#9850,#5736,.T.);
#17700=EDGE_CURVE('',#8775,#8783,#5740,.T.);
#17713=EDGE_CURVE('',#8776,#8784,#5744,.T.);
#17737=EDGE_CURVE('',#9948,#9300,#5748,.T.);
#17739=EDGE_CURVE('',#9946,#9948,#5753,.T.);
#17741=EDGE_CURVE('',#9944,#9946,#5757,.T.);
#17743=EDGE_CURVE('',#9942,#9944,#5762,.T.);
#17745=EDGE_CURVE('',#9941,#9942,#5766,.T.);
#17747=EDGE_CURVE('',#9256,#9941,#5771,.T.);
#17758=EDGE_CURVE('',#9960,#9259,#5775,.T.);
#17760=EDGE_CURVE('',#9312,#9960,#5780,.T.);
#17773=EDGE_CURVE('',#9956,#9316,#5785,.T.);
#17775=EDGE_CURVE('',#9264,#9956,#5789,.T.);
#17786=EDGE_CURVE('',#9952,#9276,#5793,.T.);
#17788=EDGE_CURVE('',#9279,#9952,#6037,.T.);
#17791=EDGE_CURVE('',#9930,#9280,#5798,.T.);
#17793=EDGE_CURVE('',#9928,#9930,#5802,.T.);
#17795=EDGE_CURVE('',#9926,#9928,#5806,.T.);
#17797=EDGE_CURVE('',#9925,#9926,#5810,.T.);
#17799=EDGE_CURVE('',#9275,#9925,#5814,.T.);
#17810=EDGE_CURVE('',#9938,#9291,#5818,.T.);
#17812=EDGE_CURVE('',#9936,#9938,#5822,.T.);
#17814=EDGE_CURVE('',#9934,#9936,#5826,.T.);
#17816=EDGE_CURVE('',#9933,#9934,#5830,.T.);
#17818=EDGE_CURVE('',#9296,#9933,#5835,.T.);
#17821=EDGE_CURVE('',#9964,#9295,#6051,.T.);
#17823=EDGE_CURVE('',#9292,#9964,#5839,.T.);
#17835=EDGE_CURVE('',#8800,#9320,#5844,.T.);
#17837=EDGE_CURVE('',#8799,#8800,#5848,.T.);
#17839=EDGE_CURVE('',#9922,#8799,#5853,.T.);
#17841=EDGE_CURVE('',#8796,#9922,#5857,.T.);
#17843=EDGE_CURVE('',#8795,#8796,#5862,.T.);
#17845=EDGE_CURVE('',#9308,#8795,#5866,.T.);
#17856=EDGE_CURVE('',#9920,#9298,#5897,.T.);
#17858=EDGE_CURVE('',#9920,#9948,#5870,.T.);
#17870=EDGE_CURVE('',#9244,#9913,#5875,.T.);
#17872=EDGE_CURVE('',#9913,#9914,#5879,.T.);
#17874=EDGE_CURVE('',#9914,#9916,#5884,.T.);
#17876=EDGE_CURVE('',#9916,#9918,#5888,.T.);
#17878=EDGE_CURVE('',#9918,#9920,#5893,.T.);
#17892=EDGE_CURVE('',#9310,#9959,#5902,.T.);
#17894=EDGE_CURVE('',#9959,#9247,#5906,.T.);
#17905=EDGE_CURVE('',#9252,#9955,#5910,.T.);
#17907=EDGE_CURVE('',#9955,#9314,#5915,.T.);
#17919=EDGE_CURVE('',#9267,#9897,#5919,.T.);
#17921=EDGE_CURVE('',#9897,#9898,#5923,.T.);
#17923=EDGE_CURVE('',#9898,#9900,#5927,.T.);
#17925=EDGE_CURVE('',#9900,#9902,#5931,.T.);
#17927=EDGE_CURVE('',#9902,#9272,#5936,.T.);
#17930=EDGE_CURVE('',#9951,#9271,#6042,.T.);
#17932=EDGE_CURVE('',#9951,#9268,#5940,.T.);
#17943=EDGE_CURVE('',#9284,#9963,#5944,.T.);
#17945=EDGE_CURVE('',#9287,#9963,#6056,.T.);
#17948=EDGE_CURVE('',#9288,#9905,#5949,.T.);
#17950=EDGE_CURVE('',#9905,#9906,#5953,.T.);
#17952=EDGE_CURVE('',#9906,#9908,#5957,.T.);
#17954=EDGE_CURVE('',#9908,#9910,#5961,.T.);
#17956=EDGE_CURVE('',#9910,#9283,#5965,.T.);
#17967=EDGE_CURVE('',#9304,#8787,#5969,.T.);
#17969=EDGE_CURVE('',#8787,#8788,#5974,.T.);
#17971=EDGE_CURVE('',#8788,#9894,#5978,.T.);
#17973=EDGE_CURVE('',#9894,#8791,#5983,.T.);
#17975=EDGE_CURVE('',#8791,#8792,#5987,.T.);
#17977=EDGE_CURVE('',#8792,#9318,#5992,.T.);
#17990=EDGE_CURVE('',#9913,#9941,#5996,.T.);
#18004=EDGE_CURVE('',#9914,#9942,#6000,.T.);
#18017=EDGE_CURVE('',#9916,#9944,#6004,.T.);
#18030=EDGE_CURVE('',#9918,#9946,#6008,.T.);
#18054=EDGE_CURVE('',#9959,#9960,#6012,.T.);
#18079=EDGE_CURVE('',#9955,#9956,#6016,.T.);
#18104=EDGE_CURVE('',#9897,#9925,#6020,.T.);
#18118=EDGE_CURVE('',#9898,#9926,#6024,.T.);
#18131=EDGE_CURVE('',#9900,#9928,#6028,.T.);
#18144=EDGE_CURVE('',#9902,#9930,#6032,.T.);
#18167=EDGE_CURVE('',#9951,#9952,#6046,.T.);
#18193=EDGE_CURVE('',#9963,#9964,#6060,.T.);
#18218=EDGE_CURVE('',#9905,#9933,#6064,.T.);
#18232=EDGE_CURVE('',#9906,#9934,#6068,.T.);
#18245=EDGE_CURVE('',#9908,#9936,#6072,.T.);
#18258=EDGE_CURVE('',#9910,#9938,#6076,.T.);
#18282=EDGE_CURVE('',#8787,#8795,#6080,.T.);
#18296=EDGE_CURVE('',#8788,#8796,#6084,.T.);
#18309=EDGE_CURVE('',#9894,#9922,#6088,.T.);
#18322=EDGE_CURVE('',#8791,#8799,#6092,.T.);
#18335=EDGE_CURVE('',#8792,#8800,#6096,.T.);
#18359=EDGE_CURVE('',#8803,#8811,#6100,.T.);
#18373=EDGE_CURVE('',#8804,#8812,#6104,.T.);
#18386=EDGE_CURVE('',#9966,#9994,#6108,.T.);
#18399=EDGE_CURVE('',#8807,#8815,#6112,.T.);
#18412=EDGE_CURVE('',#8808,#8816,#6116,.T.);
#18436=EDGE_CURVE('',#8819,#8827,#6120,.T.);
#18450=EDGE_CURVE('',#8820,#8828,#6124,.T.);
#18463=EDGE_CURVE('',#10038,#10066,#6128,.T.);
#18476=EDGE_CURVE('',#8823,#8831,#6132,.T.);
#18489=EDGE_CURVE('',#8824,#8832,#6136,.T.);
#18513=EDGE_CURVE('',#8835,#8843,#6140,.T.);
#18527=EDGE_CURVE('',#8836,#8844,#6144,.T.);
#18540=EDGE_CURVE('',#10110,#10138,#6148,.T.);
#18553=EDGE_CURVE('',#8839,#8847,#6152,.T.);
#18566=EDGE_CURVE('',#8840,#8848,#6156,.T.);
#18590=EDGE_CURVE('',#9982,#10010,#6160,.T.);
#18602=EDGE_CURVE('',#9980,#10008,#6164,.T.);
#18615=EDGE_CURVE('',#9978,#10006,#6168,.T.);
#18628=EDGE_CURVE('',#9977,#10005,#6172,.T.);
#18654=EDGE_CURVE('',#10035,#10036,#6186,.T.);
#18679=EDGE_CURVE('',#10054,#10082,#6190,.T.);
#18691=EDGE_CURVE('',#10052,#10080,#6194,.T.);
#18704=EDGE_CURVE('',#10050,#10078,#6198,.T.);
#18717=EDGE_CURVE('',#10049,#10077,#6202,.T.);
#18743=EDGE_CURVE('',#10107,#10108,#6216,.T.);
#18768=EDGE_CURVE('',#10126,#10154,#6220,.T.);
#18780=EDGE_CURVE('',#10124,#10152,#6224,.T.);
#18793=EDGE_CURVE('',#10122,#10150,#6228,.T.);
#18806=EDGE_CURVE('',#10121,#10149,#6232,.T.);
#18832=EDGE_CURVE('',#10179,#10180,#6246,.T.);
#18857=EDGE_CURVE('',#10023,#10024,#6250,.T.);
#18882=EDGE_CURVE('',#9969,#9997,#6264,.T.);
#18896=EDGE_CURVE('',#9970,#9998,#6268,.T.);
#18909=EDGE_CURVE('',#9972,#10000,#6272,.T.);
#18922=EDGE_CURVE('',#9974,#10002,#6276,.T.);
#18946=EDGE_CURVE('',#10095,#10096,#6280,.T.);
#18971=EDGE_CURVE('',#10041,#10069,#6294,.T.);
#18985=EDGE_CURVE('',#10042,#10070,#6298,.T.);
#18998=EDGE_CURVE('',#10044,#10072,#6302,.T.);
#19011=EDGE_CURVE('',#10046,#10074,#6306,.T.);
#19035=EDGE_CURVE('',#10167,#10168,#6310,.T.);
#19060=EDGE_CURVE('',#10113,#10141,#6324,.T.);
#19074=EDGE_CURVE('',#10114,#10142,#6328,.T.);
#19087=EDGE_CURVE('',#10116,#10144,#6332,.T.);
#19100=EDGE_CURVE('',#10118,#10146,#6336,.T.);
#19124=EDGE_CURVE('',#10175,#10176,#6340,.T.);
#19148=EDGE_CURVE('',#8192,#8164,#6348,.T.);
#19160=EDGE_CURVE('',#8187,#8188,#6356,.T.);
#19166=EDGE_CURVE('',#8188,#8190,#6368,.T.);
#19176=EDGE_CURVE('',#8859,#8860,#6372,.T.);
#19180=EDGE_CURVE('',#8859,#8188,#6404,.T.);
#19190=EDGE_CURVE('',#8859,#8892,#6400,.T.);
#19193=EDGE_CURVE('',#8891,#8906,#6380,.T.);
#19195=EDGE_CURVE('',#8906,#8862,#6384,.T.);
#19197=EDGE_CURVE('',#8862,#8851,#6388,.T.);
#19222=EDGE_CURVE('',#8456,#8458,#6408,.T.);
#19225=EDGE_CURVE('',#8332,#8303,#6416,.T.);
#19228=EDGE_CURVE('',#8906,#8304,#6668,.T.);
#19232=EDGE_CURVE('',#8460,#8462,#6424,.T.);
#19234=EDGE_CURVE('',#8460,#8456,#6428,.T.);
#19244=EDGE_CURVE('',#8439,#8503,#6432,.T.);
#19246=EDGE_CURVE('',#8503,#8527,#6736,.T.);
#19249=EDGE_CURVE('',#8443,#8435,#6436,.T.);
#19251=EDGE_CURVE('',#8443,#8444,#6652,.T.);
#19253=EDGE_CURVE('',#9563,#8444,#6440,.T.);
#19255=EDGE_CURVE('',#8420,#9563,#6636,.T.);
#19257=EDGE_CURVE('',#8422,#8420,#6612,.T.);
#19259=EDGE_CURVE('',#8422,#8431,#6632,.T.);
#19261=EDGE_CURVE('',#8431,#8454,#6580,.T.);
#19263=EDGE_CURVE('',#8458,#8454,#6444,.T.);
#19266=EDGE_CURVE('',#8439,#8456,#6448,.T.);
#19276=EDGE_CURVE('',#8466,#8491,#6500,.T.);
#19278=EDGE_CURVE('',#8465,#8466,#6452,.T.);
#19281=EDGE_CURVE('',#8498,#8500,#6457,.T.);
#19283=EDGE_CURVE('',#8496,#8498,#6461,.T.);
#19285=EDGE_CURVE('',#8494,#8496,#6465,.T.);
#19287=EDGE_CURVE('',#8492,#8494,#6469,.T.);
#19289=EDGE_CURVE('',#8491,#8492,#6474,.T.);
#19299=EDGE_CURVE('',#8512,#8440,#6696,.T.);
#19301=EDGE_CURVE('',#8510,#8512,#6479,.T.);
#19303=EDGE_CURVE('',#8508,#8510,#6483,.T.);
#19305=EDGE_CURVE('',#8506,#8508,#6487,.T.);
#19307=EDGE_CURVE('',#8504,#8506,#6491,.T.);
#19309=EDGE_CURVE('',#8503,#8504,#6496,.T.);
#19312=EDGE_CURVE('',#8439,#8440,#6740,.T.);
#19323=EDGE_CURVE('',#8491,#8515,#6524,.T.);
#19328=EDGE_CURVE('',#8916,#9568,#6508,.T.);
#19330=EDGE_CURVE('',#9568,#8473,#6512,.T.);
#19332=EDGE_CURVE('',#8473,#8474,#6556,.T.);
#19334=EDGE_CURVE('',#8474,#8488,#6516,.T.);
#19337=EDGE_CURVE('',#8484,#8466,#6520,.T.);
#19348=EDGE_CURVE('',#8492,#8516,#6528,.T.);
#19361=EDGE_CURVE('',#8494,#8518,#6532,.T.);
#19374=EDGE_CURVE('',#8496,#8520,#6536,.T.);
#19387=EDGE_CURVE('',#8498,#8522,#6540,.T.);
#19413=EDGE_CURVE('',#9567,#9568,#6544,.T.);
#19424=EDGE_CURVE('',#8473,#8411,#6552,.T.);
#19429=EDGE_CURVE('',#8411,#8412,#6600,.T.);
#19439=EDGE_CURVE('',#8427,#8473,#6560,.T.);
#19442=EDGE_CURVE('',#8414,#8411,#6628,.T.);
#19444=EDGE_CURVE('',#8427,#8414,#6596,.T.);
#19456=EDGE_CURVE('',#8427,#8428,#6564,.T.);
#19458=EDGE_CURVE('',#8451,#8428,#6568,.T.);
#19460=EDGE_CURVE('',#8451,#8452,#6572,.T.);
#19462=EDGE_CURVE('',#8454,#8452,#6576,.T.);
#19465=EDGE_CURVE('',#8431,#8432,#6584,.T.);
#19468=EDGE_CURVE('',#8476,#8474,#6592,.T.);
#19478=EDGE_CURVE('',#8416,#8414,#6624,.T.);
#19480=EDGE_CURVE('',#8416,#8428,#6744,.T.);
#19494=EDGE_CURVE('',#8424,#8422,#6608,.T.);
#19497=EDGE_CURVE('',#8420,#8418,#6616,.T.);
#19499=EDGE_CURVE('',#8418,#8416,#6620,.T.);
#19524=EDGE_CURVE('',#9563,#9564,#6644,.T.);
#19526=EDGE_CURVE('',#8451,#9564,#6708,.T.);
#19528=EDGE_CURVE('',#8451,#8418,#6640,.T.);
#19539=EDGE_CURVE('',#8448,#8444,#6664,.T.);
#19541=EDGE_CURVE('',#9564,#8448,#6712,.T.);
#19555=EDGE_CURVE('',#8862,#8299,#6648,.T.);
#19558=EDGE_CURVE('',#8386,#8300,#6688,.T.);
#19563=EDGE_CURVE('',#8447,#8443,#6656,.T.);
#19565=EDGE_CURVE('',#8447,#8448,#6660,.T.);
#19581=EDGE_CURVE('',#8243,#8367,#6672,.T.);
#19598=EDGE_CURVE('',#8370,#8368,#6684,.T.);
#19635=EDGE_CURVE('',#8447,#8436,#6716,.T.);
#19646=EDGE_CURVE('',#8512,#8536,#6692,.T.);
#19649=EDGE_CURVE('',#8440,#8460,#6700,.T.);
#19652=EDGE_CURVE('',#8462,#8452,#6704,.T.);
#19670=EDGE_CURVE('',#8510,#8534,#6720,.T.);
#19683=EDGE_CURVE('',#8508,#8532,#6724,.T.);
#19696=EDGE_CURVE('',#8506,#8530,#6728,.T.);
#19709=EDGE_CURVE('',#8504,#8528,#6732,.T.);
#19808=EDGE_CURVE('',#8262,#8357,#6760,.T.);
#19835=EDGE_CURVE('',#8626,#8650,#6776,.T.);
#19848=EDGE_CURVE('',#8624,#8648,#6780,.T.);
#19861=EDGE_CURVE('',#8622,#8646,#6784,.T.);
#19874=EDGE_CURVE('',#8620,#8644,#6788,.T.);
#19898=EDGE_CURVE('',#10207,#10208,#6800,.T.);
#19901=EDGE_CURVE('',#10228,#10232,#6876,.T.);
#19903=EDGE_CURVE('',#10228,#10224,#6864,.T.);
#19905=EDGE_CURVE('',#10220,#10224,#6850,.T.);
#19907=EDGE_CURVE('',#10216,#10220,#6838,.T.);
#19909=EDGE_CURVE('',#10212,#10216,#6826,.T.);
#19911=EDGE_CURVE('',#10208,#10212,#6814,.T.);
#19921=EDGE_CURVE('',#10203,#10204,#6796,.T.);
#19925=EDGE_CURVE('',#10204,#10208,#6809,.T.);
#19936=EDGE_CURVE('',#10204,#10210,#6805,.T.);
#19938=EDGE_CURVE('',#10210,#10214,#6818,.T.);
#19940=EDGE_CURVE('',#10214,#10218,#6830,.T.);
#19942=EDGE_CURVE('',#10218,#10222,#6842,.T.);
#19944=EDGE_CURVE('',#10226,#10222,#6855,.T.);
#19946=EDGE_CURVE('',#10226,#10230,#6868,.T.);
#19960=EDGE_CURVE('',#10210,#10212,#6822,.T.);
#19973=EDGE_CURVE('',#10214,#10216,#6834,.T.);
#19986=EDGE_CURVE('',#10218,#10220,#6846,.T.);
#19999=EDGE_CURVE('',#10222,#10224,#6859,.T.);
#20012=EDGE_CURVE('',#10226,#10228,#6872,.T.);
#20034=EDGE_CURVE('',#10258,#10262,#6880,.T.);
#20036=EDGE_CURVE('',#10258,#10260,#6884,.T.);
#20038=EDGE_CURVE('',#10260,#10264,#6888,.T.);
#20049=EDGE_CURVE('',#10235,#10236,#6892,.T.);
#20051=EDGE_CURVE('',#10242,#10236,#6951,.T.);
#20053=EDGE_CURVE('',#10242,#10246,#6938,.T.);
#20055=EDGE_CURVE('',#10246,#10250,#6926,.T.);
#20057=EDGE_CURVE('',#10250,#10254,#6914,.T.);
#20059=EDGE_CURVE('',#10254,#10258,#6901,.T.);
#20073=EDGE_CURVE('',#10239,#10240,#6896,.T.);
#20075=EDGE_CURVE('',#10236,#10240,#6955,.T.);
#20088=EDGE_CURVE('',#10256,#10260,#6910,.T.);
#20090=EDGE_CURVE('',#10252,#10256,#6922,.T.);
#20092=EDGE_CURVE('',#10248,#10252,#6934,.T.);
#20094=EDGE_CURVE('',#10244,#10248,#6946,.T.);
#20096=EDGE_CURVE('',#10244,#10240,#6960,.T.);
#20107=EDGE_CURVE('',#10254,#10256,#6905,.T.);
#20120=EDGE_CURVE('',#10250,#10252,#6918,.T.);
#20133=EDGE_CURVE('',#10246,#10248,#6930,.T.);
#20146=EDGE_CURVE('',#10242,#10244,#6942,.T.);
#20170=EDGE_CURVE('',#10322,#10326,#6964,.T.);
#20172=EDGE_CURVE('',#10322,#10324,#6968,.T.);
#20174=EDGE_CURVE('',#10324,#10328,#6972,.T.);
#20185=EDGE_CURVE('',#10299,#10300,#6976,.T.);
#20187=EDGE_CURVE('',#10306,#10300,#7035,.T.);
#20189=EDGE_CURVE('',#10306,#10310,#7022,.T.);
#20191=EDGE_CURVE('',#10310,#10314,#7010,.T.);
#20193=EDGE_CURVE('',#10314,#10318,#6998,.T.);
#20195=EDGE_CURVE('',#10318,#10322,#6985,.T.);
#20209=EDGE_CURVE('',#10303,#10304,#6980,.T.);
#20211=EDGE_CURVE('',#10300,#10304,#7039,.T.);
#20224=EDGE_CURVE('',#10320,#10324,#6994,.T.);
#20226=EDGE_CURVE('',#10316,#10320,#7006,.T.);
#20228=EDGE_CURVE('',#10312,#10316,#7018,.T.);
#20230=EDGE_CURVE('',#10308,#10312,#7030,.T.);
#20232=EDGE_CURVE('',#10308,#10304,#7044,.T.);
#20243=EDGE_CURVE('',#10318,#10320,#6989,.T.);
#20256=EDGE_CURVE('',#10314,#10316,#7002,.T.);
#20269=EDGE_CURVE('',#10310,#10312,#7014,.T.);
#20282=EDGE_CURVE('',#10306,#10308,#7026,.T.);
#20306=EDGE_CURVE('',#10290,#10294,#7048,.T.);
#20308=EDGE_CURVE('',#10290,#10292,#7052,.T.);
#20310=EDGE_CURVE('',#10292,#10296,#7056,.T.);
#20321=EDGE_CURVE('',#10267,#10268,#7060,.T.);
#20323=EDGE_CURVE('',#10268,#10274,#7119,.T.);
#20325=EDGE_CURVE('',#10274,#10278,#7106,.T.);
#20327=EDGE_CURVE('',#10278,#10282,#7094,.T.);
#20329=EDGE_CURVE('',#10282,#10286,#7082,.T.);
#20331=EDGE_CURVE('',#10290,#10286,#7069,.T.);
#20345=EDGE_CURVE('',#10271,#10272,#7064,.T.);
#20347=EDGE_CURVE('',#10268,#10272,#7123,.T.);
#20360=EDGE_CURVE('',#10292,#10288,#7078,.T.);
#20362=EDGE_CURVE('',#10284,#10288,#7090,.T.);
#20364=EDGE_CURVE('',#10280,#10284,#7102,.T.);
#20366=EDGE_CURVE('',#10276,#10280,#7114,.T.);
#20368=EDGE_CURVE('',#10272,#10276,#7128,.T.);
#20379=EDGE_CURVE('',#10286,#10288,#7073,.T.);
#20392=EDGE_CURVE('',#10282,#10284,#7086,.T.);
#20405=EDGE_CURVE('',#10278,#10280,#7098,.T.);
#20418=EDGE_CURVE('',#10274,#10276,#7110,.T.);
#20442=EDGE_CURVE('',#10386,#10390,#7132,.T.);
#20444=EDGE_CURVE('',#10386,#10388,#7136,.T.);
#20446=EDGE_CURVE('',#10388,#10392,#7140,.T.);
#20457=EDGE_CURVE('',#10363,#10364,#7144,.T.);
#20459=EDGE_CURVE('',#10370,#10364,#7203,.T.);
#20461=EDGE_CURVE('',#10370,#10374,#7190,.T.);
#20463=EDGE_CURVE('',#10374,#10378,#7178,.T.);
#20465=EDGE_CURVE('',#10378,#10382,#7166,.T.);
#20467=EDGE_CURVE('',#10382,#10386,#7153,.T.);
#20481=EDGE_CURVE('',#10367,#10368,#7148,.T.);
#20483=EDGE_CURVE('',#10364,#10368,#7207,.T.);
#20496=EDGE_CURVE('',#10384,#10388,#7162,.T.);
#20498=EDGE_CURVE('',#10380,#10384,#7174,.T.);
#20500=EDGE_CURVE('',#10376,#10380,#7186,.T.);
#20502=EDGE_CURVE('',#10372,#10376,#7198,.T.);
#20504=EDGE_CURVE('',#10372,#10368,#7212,.T.);
#20515=EDGE_CURVE('',#10382,#10384,#7157,.T.);
#20528=EDGE_CURVE('',#10378,#10380,#7170,.T.);
#20541=EDGE_CURVE('',#10374,#10376,#7182,.T.);
#20554=EDGE_CURVE('',#10370,#10372,#7194,.T.);
#20578=EDGE_CURVE('',#10354,#10358,#7216,.T.);
#20580=EDGE_CURVE('',#10354,#10356,#7220,.T.);
#20582=EDGE_CURVE('',#10356,#10360,#7224,.T.);
#20593=EDGE_CURVE('',#10331,#10332,#7228,.T.);
#20595=EDGE_CURVE('',#10332,#10338,#7287,.T.);
#20597=EDGE_CURVE('',#10338,#10342,#7274,.T.);
#20599=EDGE_CURVE('',#10342,#10346,#7262,.T.);
#20601=EDGE_CURVE('',#10346,#10350,#7250,.T.);
#20603=EDGE_CURVE('',#10354,#10350,#7237,.T.);
#20617=EDGE_CURVE('',#10335,#10336,#7232,.T.);
#20619=EDGE_CURVE('',#10332,#10336,#7291,.T.);
#20632=EDGE_CURVE('',#10356,#10352,#7246,.T.);
#20634=EDGE_CURVE('',#10348,#10352,#7258,.T.);
#20636=EDGE_CURVE('',#10344,#10348,#7270,.T.);
#20638=EDGE_CURVE('',#10340,#10344,#7282,.T.);
#20640=EDGE_CURVE('',#10336,#10340,#7296,.T.);
#20651=EDGE_CURVE('',#10350,#10352,#7241,.T.);
#20664=EDGE_CURVE('',#10346,#10348,#7254,.T.);
#20677=EDGE_CURVE('',#10342,#10344,#7266,.T.);
#20690=EDGE_CURVE('',#10338,#10340,#7278,.T.);
#20714=EDGE_CURVE('',#10450,#10454,#7300,.T.);
#20716=EDGE_CURVE('',#10450,#10452,#7304,.T.);
#20718=EDGE_CURVE('',#10452,#10456,#7308,.T.);
#20729=EDGE_CURVE('',#10427,#10428,#7312,.T.);
#20731=EDGE_CURVE('',#10434,#10428,#7371,.T.);
#20733=EDGE_CURVE('',#10434,#10438,#7358,.T.);
#20735=EDGE_CURVE('',#10438,#10442,#7346,.T.);
#20737=EDGE_CURVE('',#10442,#10446,#7334,.T.);
#20739=EDGE_CURVE('',#10446,#10450,#7321,.T.);
#20753=EDGE_CURVE('',#10431,#10432,#7316,.T.);
#20755=EDGE_CURVE('',#10428,#10432,#7375,.T.);
#20768=EDGE_CURVE('',#10448,#10452,#7330,.T.);
#20770=EDGE_CURVE('',#10444,#10448,#7342,.T.);
#20772=EDGE_CURVE('',#10440,#10444,#7354,.T.);
#20774=EDGE_CURVE('',#10436,#10440,#7366,.T.);
#20776=EDGE_CURVE('',#10436,#10432,#7380,.T.);
#20787=EDGE_CURVE('',#10446,#10448,#7325,.T.);
#20800=EDGE_CURVE('',#10442,#10444,#7338,.T.);
#20813=EDGE_CURVE('',#10438,#10440,#7350,.T.);
#20826=EDGE_CURVE('',#10434,#10436,#7362,.T.);
#20850=EDGE_CURVE('',#10418,#10422,#7384,.T.);
#20852=EDGE_CURVE('',#10418,#10420,#7388,.T.);
#20854=EDGE_CURVE('',#10420,#10424,#7392,.T.);
#20865=EDGE_CURVE('',#10395,#10396,#7396,.T.);
#20867=EDGE_CURVE('',#10396,#10402,#7455,.T.);
#20869=EDGE_CURVE('',#10402,#10406,#7442,.T.);
#20871=EDGE_CURVE('',#10406,#10410,#7430,.T.);
#20873=EDGE_CURVE('',#10410,#10414,#7418,.T.);
#20875=EDGE_CURVE('',#10418,#10414,#7405,.T.);
#20889=EDGE_CURVE('',#10399,#10400,#7400,.T.);
#20891=EDGE_CURVE('',#10396,#10400,#7459,.T.);
#20904=EDGE_CURVE('',#10420,#10416,#7414,.T.);
#20906=EDGE_CURVE('',#10412,#10416,#7426,.T.);
#20908=EDGE_CURVE('',#10408,#10412,#7438,.T.);
#20910=EDGE_CURVE('',#10404,#10408,#7450,.T.);
#20912=EDGE_CURVE('',#10400,#10404,#7464,.T.);
#20923=EDGE_CURVE('',#10414,#10416,#7409,.T.);
#20936=EDGE_CURVE('',#10410,#10412,#7422,.T.);
#20949=EDGE_CURVE('',#10406,#10408,#7434,.T.);
#20962=EDGE_CURVE('',#10402,#10404,#7446,.T.);
#20986=EDGE_CURVE('',#10514,#10518,#7468,.T.);
#20988=EDGE_CURVE('',#10514,#10516,#7472,.T.);
#20990=EDGE_CURVE('',#10516,#10520,#7476,.T.);
#21001=EDGE_CURVE('',#10491,#10492,#7480,.T.);
#21003=EDGE_CURVE('',#10498,#10492,#7539,.T.);
#21005=EDGE_CURVE('',#10498,#10502,#7526,.T.);
#21007=EDGE_CURVE('',#10502,#10506,#7514,.T.);
#21009=EDGE_CURVE('',#10506,#10510,#7502,.T.);
#21011=EDGE_CURVE('',#10510,#10514,#7489,.T.);
#21025=EDGE_CURVE('',#10495,#10496,#7484,.T.);
#21027=EDGE_CURVE('',#10492,#10496,#7543,.T.);
#21040=EDGE_CURVE('',#10512,#10516,#7498,.T.);
#21042=EDGE_CURVE('',#10508,#10512,#7510,.T.);
#21044=EDGE_CURVE('',#10504,#10508,#7522,.T.);
#21046=EDGE_CURVE('',#10500,#10504,#7534,.T.);
#21048=EDGE_CURVE('',#10500,#10496,#7548,.T.);
#21059=EDGE_CURVE('',#10510,#10512,#7493,.T.);
#21072=EDGE_CURVE('',#10506,#10508,#7506,.T.);
#21085=EDGE_CURVE('',#10502,#10504,#7518,.T.);
#21098=EDGE_CURVE('',#10498,#10500,#7530,.T.);
#21122=EDGE_CURVE('',#10482,#10486,#7552,.T.);
#21124=EDGE_CURVE('',#10482,#10484,#7556,.T.);
#21126=EDGE_CURVE('',#10484,#10488,#7560,.T.);
#21137=EDGE_CURVE('',#10459,#10460,#7564,.T.);
#21139=EDGE_CURVE('',#10460,#10466,#7623,.T.);
#21141=EDGE_CURVE('',#10466,#10470,#7610,.T.);
#21143=EDGE_CURVE('',#10470,#10474,#7598,.T.);
#21145=EDGE_CURVE('',#10474,#10478,#7586,.T.);
#21147=EDGE_CURVE('',#10482,#10478,#7573,.T.);
#21161=EDGE_CURVE('',#10463,#10464,#7568,.T.);
#21163=EDGE_CURVE('',#10460,#10464,#7627,.T.);
#21176=EDGE_CURVE('',#10484,#10480,#7582,.T.);
#21178=EDGE_CURVE('',#10476,#10480,#7594,.T.);
#21180=EDGE_CURVE('',#10472,#10476,#7606,.T.);
#21182=EDGE_CURVE('',#10468,#10472,#7618,.T.);
#21184=EDGE_CURVE('',#10464,#10468,#7632,.T.);
#21195=EDGE_CURVE('',#10478,#10480,#7577,.T.);
#21208=EDGE_CURVE('',#10474,#10476,#7590,.T.);
#21221=EDGE_CURVE('',#10470,#10472,#7602,.T.);
#21234=EDGE_CURVE('',#10466,#10468,#7614,.T.);
#21258=EDGE_CURVE('',#10578,#10582,#7636,.T.);
#21260=EDGE_CURVE('',#10578,#10580,#7640,.T.);
#21262=EDGE_CURVE('',#10580,#10584,#7644,.T.);
#21273=EDGE_CURVE('',#10555,#10556,#7648,.T.);
#21275=EDGE_CURVE('',#10562,#10556,#7707,.T.);
#21277=EDGE_CURVE('',#10562,#10566,#7694,.T.);
#21279=EDGE_CURVE('',#10566,#10570,#7682,.T.);
#21281=EDGE_CURVE('',#10570,#10574,#7670,.T.);
#21283=EDGE_CURVE('',#10574,#10578,#7657,.T.);
#21297=EDGE_CURVE('',#10559,#10560,#7652,.T.);
#21299=EDGE_CURVE('',#10556,#10560,#7711,.T.);
#21312=EDGE_CURVE('',#10576,#10580,#7666,.T.);
#21314=EDGE_CURVE('',#10572,#10576,#7678,.T.);
#21316=EDGE_CURVE('',#10568,#10572,#7690,.T.);
#21318=EDGE_CURVE('',#10564,#10568,#7702,.T.);
#21320=EDGE_CURVE('',#10564,#10560,#7716,.T.);
#21331=EDGE_CURVE('',#10574,#10576,#7661,.T.);
#21344=EDGE_CURVE('',#10570,#10572,#7674,.T.);
#21357=EDGE_CURVE('',#10566,#10568,#7686,.T.);
#21370=EDGE_CURVE('',#10562,#10564,#7698,.T.);
#21394=EDGE_CURVE('',#10546,#10550,#7720,.T.);
#21396=EDGE_CURVE('',#10546,#10548,#7724,.T.);
#21398=EDGE_CURVE('',#10548,#10552,#7728,.T.);
#21409=EDGE_CURVE('',#10523,#10524,#7732,.T.);
#21411=EDGE_CURVE('',#10524,#10530,#7791,.T.);
#21413=EDGE_CURVE('',#10530,#10534,#7778,.T.);
#21415=EDGE_CURVE('',#10534,#10538,#7766,.T.);
#21417=EDGE_CURVE('',#10538,#10542,#7754,.T.);
#21419=EDGE_CURVE('',#10546,#10542,#7741,.T.);
#21433=EDGE_CURVE('',#10527,#10528,#7736,.T.);
#21435=EDGE_CURVE('',#10524,#10528,#7795,.T.);
#21448=EDGE_CURVE('',#10548,#10544,#7750,.T.);
#21450=EDGE_CURVE('',#10540,#10544,#7762,.T.);
#21452=EDGE_CURVE('',#10536,#10540,#7774,.T.);
#21454=EDGE_CURVE('',#10532,#10536,#7786,.T.);
#21456=EDGE_CURVE('',#10528,#10532,#7800,.T.);
#21467=EDGE_CURVE('',#10542,#10544,#7745,.T.);
#21480=EDGE_CURVE('',#10538,#10540,#7758,.T.);
#21493=EDGE_CURVE('',#10534,#10536,#7770,.T.);
#21506=EDGE_CURVE('',#10530,#10532,#7782,.T.);
#21530=EDGE_CURVE('',#10642,#10646,#7804,.T.);
#21532=EDGE_CURVE('',#10642,#10644,#7808,.T.);
#21534=EDGE_CURVE('',#10644,#10648,#7812,.T.);
#21545=EDGE_CURVE('',#10619,#10620,#7816,.T.);
#21547=EDGE_CURVE('',#10626,#10620,#7875,.T.);
#21549=EDGE_CURVE('',#10626,#10630,#7862,.T.);
#21551=EDGE_CURVE('',#10630,#10634,#7850,.T.);
#21553=EDGE_CURVE('',#10634,#10638,#7838,.T.);
#21555=EDGE_CURVE('',#10638,#10642,#7825,.T.);
#21569=EDGE_CURVE('',#10623,#10624,#7820,.T.);
#21571=EDGE_CURVE('',#10620,#10624,#7879,.T.);
#21584=EDGE_CURVE('',#10640,#10644,#7834,.T.);
#21586=EDGE_CURVE('',#10636,#10640,#7846,.T.);
#21588=EDGE_CURVE('',#10632,#10636,#7858,.T.);
#21590=EDGE_CURVE('',#10628,#10632,#7870,.T.);
#21592=EDGE_CURVE('',#10628,#10624,#7884,.T.);
#21603=EDGE_CURVE('',#10638,#10640,#7829,.T.);
#21616=EDGE_CURVE('',#10634,#10636,#7842,.T.);
#21629=EDGE_CURVE('',#10630,#10632,#7854,.T.);
#21642=EDGE_CURVE('',#10626,#10628,#7866,.T.);
#21666=EDGE_CURVE('',#10610,#10614,#7888,.T.);
#21668=EDGE_CURVE('',#10610,#10612,#7892,.T.);
#21670=EDGE_CURVE('',#10612,#10616,#7896,.T.);
#21681=EDGE_CURVE('',#10587,#10588,#7900,.T.);
#21683=EDGE_CURVE('',#10588,#10594,#7959,.T.);
#21685=EDGE_CURVE('',#10594,#10598,#7946,.T.);
#21687=EDGE_CURVE('',#10598,#10602,#7934,.T.);
#21689=EDGE_CURVE('',#10602,#10606,#7922,.T.);
#21691=EDGE_CURVE('',#10610,#10606,#7909,.T.);
#21705=EDGE_CURVE('',#10591,#10592,#7904,.T.);
#21707=EDGE_CURVE('',#10588,#10592,#7963,.T.);
#21720=EDGE_CURVE('',#10612,#10608,#7918,.T.);
#21722=EDGE_CURVE('',#10604,#10608,#7930,.T.);
#21724=EDGE_CURVE('',#10600,#10604,#7942,.T.);
#21726=EDGE_CURVE('',#10596,#10600,#7954,.T.);
#21728=EDGE_CURVE('',#10592,#10596,#7968,.T.);
#21739=EDGE_CURVE('',#10606,#10608,#7913,.T.);
#21752=EDGE_CURVE('',#10602,#10604,#7926,.T.);
#21765=EDGE_CURVE('',#10598,#10600,#7938,.T.);
#21778=EDGE_CURVE('',#10594,#10596,#7950,.T.);
#21802=EDGE_CURVE('',#10706,#10710,#7972,.T.);
#21804=EDGE_CURVE('',#10706,#10708,#7976,.T.);
#21806=EDGE_CURVE('',#10708,#10712,#7980,.T.);
#21817=EDGE_CURVE('',#10683,#10684,#7984,.T.);
#21819=EDGE_CURVE('',#10690,#10684,#8043,.T.);
#21821=EDGE_CURVE('',#10690,#10694,#8030,.T.);
#21823=EDGE_CURVE('',#10694,#10698,#8018,.T.);
#21825=EDGE_CURVE('',#10698,#10702,#8006,.T.);
#21827=EDGE_CURVE('',#10702,#10706,#7993,.T.);
#21841=EDGE_CURVE('',#10687,#10688,#7988,.T.);
#21843=EDGE_CURVE('',#10684,#10688,#8047,.T.);
#21856=EDGE_CURVE('',#10704,#10708,#8002,.T.);
#21858=EDGE_CURVE('',#10700,#10704,#8014,.T.);
#21860=EDGE_CURVE('',#10696,#10700,#8026,.T.);
#21862=EDGE_CURVE('',#10692,#10696,#8038,.T.);
#21864=EDGE_CURVE('',#10692,#10688,#8052,.T.);
#21875=EDGE_CURVE('',#10702,#10704,#7997,.T.);
#21888=EDGE_CURVE('',#10698,#10700,#8010,.T.);
#21901=EDGE_CURVE('',#10694,#10696,#8022,.T.);
#21914=EDGE_CURVE('',#10690,#10692,#8034,.T.);
#21938=EDGE_CURVE('',#10674,#10678,#8056,.T.);
#21940=EDGE_CURVE('',#10674,#10676,#8060,.T.);
#21942=EDGE_CURVE('',#10676,#10680,#8064,.T.);
#21953=EDGE_CURVE('',#10651,#10652,#8068,.T.);
#21955=EDGE_CURVE('',#10652,#10658,#8127,.T.);
#21957=EDGE_CURVE('',#10658,#10662,#8114,.T.);
#21959=EDGE_CURVE('',#10662,#10666,#8102,.T.);
#21961=EDGE_CURVE('',#10666,#10670,#8090,.T.);
#21963=EDGE_CURVE('',#10674,#10670,#8077,.T.);
#21977=EDGE_CURVE('',#10655,#10656,#8072,.T.);
#21979=EDGE_CURVE('',#10652,#10656,#8131,.T.);
#21992=EDGE_CURVE('',#10676,#10672,#8086,.T.);
#21994=EDGE_CURVE('',#10668,#10672,#8098,.T.);
#21996=EDGE_CURVE('',#10664,#10668,#8110,.T.);
#21998=EDGE_CURVE('',#10660,#10664,#8122,.T.);
#22000=EDGE_CURVE('',#10656,#10660,#8136,.T.);
#22011=EDGE_CURVE('',#10670,#10672,#8081,.T.);
#22024=EDGE_CURVE('',#10666,#10668,#8094,.T.);
#22037=EDGE_CURVE('',#10662,#10664,#8106,.T.);
#22050=EDGE_CURVE('',#10658,#10660,#8118,.T.);
#22079=TRIMMED_CURVE('',#22078,(PARAMETER_VALUE(0.E0)),(PARAMETER_VALUE(1.E0)),
.T.,.UNSPECIFIED.);
#22080=COMPOSITE_CURVE_SEGMENT(.CONTINUOUS.,.T.,#22079);
#22085=TRIMMED_CURVE('',#22084,(PARAMETER_VALUE(0.E0)),(PARAMETER_VALUE(1.E0)),
.T.,.UNSPECIFIED.);
#22086=COMPOSITE_CURVE_SEGMENT(.CONTINUOUS.,.T.,#22085);
#22091=TRIMMED_CURVE('',#22090,(PARAMETER_VALUE(0.E0)),(PARAMETER_VALUE(1.E0)),
.T.,.UNSPECIFIED.);
#22092=COMPOSITE_CURVE_SEGMENT(.CONTINUOUS.,.T.,#22091);
#22097=TRIMMED_CURVE('',#22096,(PARAMETER_VALUE(0.E0)),(PARAMETER_VALUE(1.E0)),
.T.,.UNSPECIFIED.);
#22098=COMPOSITE_CURVE_SEGMENT(.CONTINUOUS.,.T.,#22097);
#22099=COMPOSITE_CURVE('',(#22080,#22086,#22092,#22098),.F.);
#22105=TRIMMED_CURVE('',#22104,(PARAMETER_VALUE(0.E0)),(PARAMETER_VALUE(1.E0)),
.T.,.UNSPECIFIED.);
#22106=COMPOSITE_CURVE_SEGMENT(.CONTINUOUS.,.T.,#22105);
#22111=TRIMMED_CURVE('',#22110,(PARAMETER_VALUE(0.E0)),(PARAMETER_VALUE(1.E0)),
.T.,.UNSPECIFIED.);
#22112=COMPOSITE_CURVE_SEGMENT(.CONTINUOUS.,.T.,#22111);
#22117=TRIMMED_CURVE('',#22116,(PARAMETER_VALUE(0.E0)),(PARAMETER_VALUE(1.E0)),
.T.,.UNSPECIFIED.);
#22118=COMPOSITE_CURVE_SEGMENT(.CONTINUOUS.,.T.,#22117);
#22123=TRIMMED_CURVE('',#22122,(PARAMETER_VALUE(0.E0)),(PARAMETER_VALUE(1.E0)),
.T.,.UNSPECIFIED.);
#22124=COMPOSITE_CURVE_SEGMENT(.CONTINUOUS.,.T.,#22123);
#22125=COMPOSITE_CURVE('',(#22106,#22112,#22118,#22124),.F.);
#22130=TRIMMED_CURVE('',#22129,(PARAMETER_VALUE(0.E0)),(PARAMETER_VALUE(1.E0)),
.T.,.UNSPECIFIED.);
#22131=COMPOSITE_CURVE_SEGMENT(.CONTINUOUS.,.T.,#22130);
#22136=TRIMMED_CURVE('',#22135,(PARAMETER_VALUE(0.E0)),(PARAMETER_VALUE(1.E0)),
.T.,.UNSPECIFIED.);
#22137=COMPOSITE_CURVE_SEGMENT(.CONTINUOUS.,.T.,#22136);
#22142=TRIMMED_CURVE('',#22141,(PARAMETER_VALUE(0.E0)),(PARAMETER_VALUE(1.E0)),
.T.,.UNSPECIFIED.);
#22143=COMPOSITE_CURVE_SEGMENT(.CONTINUOUS.,.T.,#22142);
#22148=TRIMMED_CURVE('',#22147,(PARAMETER_VALUE(0.E0)),(PARAMETER_VALUE(1.E0)),
.T.,.UNSPECIFIED.);
#22149=COMPOSITE_CURVE_SEGMENT(.CONTINUOUS.,.T.,#22148);
#22150=COMPOSITE_CURVE('',(#22131,#22137,#22143,#22149),.F.);
#22155=TRIMMED_CURVE('',#22154,(PARAMETER_VALUE(0.E0)),(PARAMETER_VALUE(1.E0)),
.T.,.UNSPECIFIED.);
#22156=COMPOSITE_CURVE_SEGMENT(.CONTINUOUS.,.T.,#22155);
#22161=TRIMMED_CURVE('',#22160,(PARAMETER_VALUE(0.E0)),(PARAMETER_VALUE(1.E0)),
.T.,.UNSPECIFIED.);
#22162=COMPOSITE_CURVE_SEGMENT(.CONTINUOUS.,.T.,#22161);
#22167=TRIMMED_CURVE('',#22166,(PARAMETER_VALUE(0.E0)),(PARAMETER_VALUE(1.E0)),
.T.,.UNSPECIFIED.);
#22168=COMPOSITE_CURVE_SEGMENT(.CONTINUOUS.,.T.,#22167);
#22173=TRIMMED_CURVE('',#22172,(PARAMETER_VALUE(0.E0)),(PARAMETER_VALUE(1.E0)),
.T.,.UNSPECIFIED.);
#22174=COMPOSITE_CURVE_SEGMENT(.CONTINUOUS.,.T.,#22173);
#22175=COMPOSITE_CURVE('',(#22156,#22162,#22168,#22174),.F.);
#22180=TRIMMED_CURVE('',#22179,(PARAMETER_VALUE(0.E0)),(PARAMETER_VALUE(1.E0)),
.T.,.UNSPECIFIED.);
#22181=COMPOSITE_CURVE_SEGMENT(.CONTINUOUS.,.T.,#22180);
#22186=TRIMMED_CURVE('',#22185,(PARAMETER_VALUE(0.E0)),(PARAMETER_VALUE(1.E0)),
.T.,.UNSPECIFIED.);
#22187=COMPOSITE_CURVE_SEGMENT(.CONTINUOUS.,.T.,#22186);
#22192=TRIMMED_CURVE('',#22191,(PARAMETER_VALUE(0.E0)),(PARAMETER_VALUE(1.E0)),
.T.,.UNSPECIFIED.);
#22193=COMPOSITE_CURVE_SEGMENT(.CONTINUOUS.,.T.,#22192);
#22198=TRIMMED_CURVE('',#22197,(PARAMETER_VALUE(0.E0)),(PARAMETER_VALUE(1.E0)),
.T.,.UNSPECIFIED.);
#22199=COMPOSITE_CURVE_SEGMENT(.CONTINUOUS.,.T.,#22198);
#22200=COMPOSITE_CURVE('',(#22181,#22187,#22193,#22199),.F.);
#22205=TRIMMED_CURVE('',#22204,(PARAMETER_VALUE(0.E0)),(PARAMETER_VALUE(1.E0)),
.T.,.UNSPECIFIED.);
#22206=COMPOSITE_CURVE_SEGMENT(.CONTINUOUS.,.T.,#22205);
#22211=TRIMMED_CURVE('',#22210,(PARAMETER_VALUE(0.E0)),(PARAMETER_VALUE(1.E0)),
.T.,.UNSPECIFIED.);
#22212=COMPOSITE_CURVE_SEGMENT(.CONTINUOUS.,.T.,#22211);
#22217=TRIMMED_CURVE('',#22216,(PARAMETER_VALUE(0.E0)),(PARAMETER_VALUE(1.E0)),
.T.,.UNSPECIFIED.);
#22218=COMPOSITE_CURVE_SEGMENT(.CONTINUOUS.,.T.,#22217);
#22223=TRIMMED_CURVE('',#22222,(PARAMETER_VALUE(0.E0)),(PARAMETER_VALUE(1.E0)),
.T.,.UNSPECIFIED.);
#22224=COMPOSITE_CURVE_SEGMENT(.CONTINUOUS.,.T.,#22223);
#22225=COMPOSITE_CURVE('',(#22206,#22212,#22218,#22224),.F.);
#22230=TRIMMED_CURVE('',#22229,(PARAMETER_VALUE(0.E0)),(PARAMETER_VALUE(1.E0)),
.T.,.UNSPECIFIED.);
#22231=COMPOSITE_CURVE_SEGMENT(.CONTINUOUS.,.T.,#22230);
#22236=TRIMMED_CURVE('',#22235,(PARAMETER_VALUE(0.E0)),(PARAMETER_VALUE(1.E0)),
.T.,.UNSPECIFIED.);
#22237=COMPOSITE_CURVE_SEGMENT(.CONTINUOUS.,.T.,#22236);
#22242=TRIMMED_CURVE('',#22241,(PARAMETER_VALUE(0.E0)),(PARAMETER_VALUE(1.E0)),
.T.,.UNSPECIFIED.);
#22243=COMPOSITE_CURVE_SEGMENT(.CONTINUOUS.,.T.,#22242);
#22248=TRIMMED_CURVE('',#22247,(PARAMETER_VALUE(0.E0)),(PARAMETER_VALUE(1.E0)),
.T.,.UNSPECIFIED.);
#22249=COMPOSITE_CURVE_SEGMENT(.CONTINUOUS.,.T.,#22248);
#22250=COMPOSITE_CURVE('',(#22231,#22237,#22243,#22249),.F.);
#22255=TRIMMED_CURVE('',#22254,(PARAMETER_VALUE(0.E0)),(PARAMETER_VALUE(1.E0)),
.T.,.UNSPECIFIED.);
#22256=COMPOSITE_CURVE_SEGMENT(.CONTINUOUS.,.T.,#22255);
#22261=TRIMMED_CURVE('',#22260,(PARAMETER_VALUE(0.E0)),(PARAMETER_VALUE(1.E0)),
.T.,.UNSPECIFIED.);
#22262=COMPOSITE_CURVE_SEGMENT(.CONTINUOUS.,.T.,#22261);
#22267=TRIMMED_CURVE('',#22266,(PARAMETER_VALUE(0.E0)),(PARAMETER_VALUE(1.E0)),
.T.,.UNSPECIFIED.);
#22268=COMPOSITE_CURVE_SEGMENT(.CONTINUOUS.,.T.,#22267);
#22273=TRIMMED_CURVE('',#22272,(PARAMETER_VALUE(0.E0)),(PARAMETER_VALUE(1.E0)),
.T.,.UNSPECIFIED.);
#22274=COMPOSITE_CURVE_SEGMENT(.CONTINUOUS.,.T.,#22273);
#22275=COMPOSITE_CURVE('',(#22256,#22262,#22268,#22274),.F.);
#22280=TRIMMED_CURVE('',#22279,(PARAMETER_VALUE(0.E0)),(PARAMETER_VALUE(1.E0)),
.T.,.UNSPECIFIED.);
#22281=COMPOSITE_CURVE_SEGMENT(.CONTINUOUS.,.T.,#22280);
#22286=TRIMMED_CURVE('',#22285,(PARAMETER_VALUE(0.E0)),(PARAMETER_VALUE(1.E0)),
.T.,.UNSPECIFIED.);
#22287=COMPOSITE_CURVE_SEGMENT(.CONTINUOUS.,.T.,#22286);
#22292=TRIMMED_CURVE('',#22291,(PARAMETER_VALUE(0.E0)),(PARAMETER_VALUE(1.E0)),
.T.,.UNSPECIFIED.);
#22293=COMPOSITE_CURVE_SEGMENT(.CONTINUOUS.,.T.,#22292);
#22298=TRIMMED_CURVE('',#22297,(PARAMETER_VALUE(0.E0)),(PARAMETER_VALUE(1.E0)),
.T.,.UNSPECIFIED.);
#22299=COMPOSITE_CURVE_SEGMENT(.CONTINUOUS.,.T.,#22298);
#22300=COMPOSITE_CURVE('',(#22281,#22287,#22293,#22299),.F.);
#22305=TRIMMED_CURVE('',#22304,(PARAMETER_VALUE(0.E0)),(PARAMETER_VALUE(1.E0)),
.T.,.UNSPECIFIED.);
#22306=COMPOSITE_CURVE_SEGMENT(.CONTINUOUS.,.T.,#22305);
#22311=TRIMMED_CURVE('',#22310,(PARAMETER_VALUE(0.E0)),(PARAMETER_VALUE(1.E0)),
.T.,.UNSPECIFIED.);
#22312=COMPOSITE_CURVE_SEGMENT(.CONTINUOUS.,.T.,#22311);
#22317=TRIMMED_CURVE('',#22316,(PARAMETER_VALUE(0.E0)),(PARAMETER_VALUE(1.E0)),
.T.,.UNSPECIFIED.);
#22318=COMPOSITE_CURVE_SEGMENT(.CONTINUOUS.,.T.,#22317);
#22323=TRIMMED_CURVE('',#22322,(PARAMETER_VALUE(0.E0)),(PARAMETER_VALUE(1.E0)),
.T.,.UNSPECIFIED.);
#22324=COMPOSITE_CURVE_SEGMENT(.CONTINUOUS.,.T.,#22323);
#22325=COMPOSITE_CURVE('',(#22306,#22312,#22318,#22324),.F.);
#22330=TRIMMED_CURVE('',#22329,(PARAMETER_VALUE(0.E0)),(PARAMETER_VALUE(1.E0)),
.T.,.UNSPECIFIED.);
#22331=COMPOSITE_CURVE_SEGMENT(.CONTINUOUS.,.T.,#22330);
#22336=TRIMMED_CURVE('',#22335,(PARAMETER_VALUE(0.E0)),(PARAMETER_VALUE(1.E0)),
.T.,.UNSPECIFIED.);
#22337=COMPOSITE_CURVE_SEGMENT(.CONTINUOUS.,.T.,#22336);
#22342=TRIMMED_CURVE('',#22341,(PARAMETER_VALUE(0.E0)),(PARAMETER_VALUE(1.E0)),
.T.,.UNSPECIFIED.);
#22343=COMPOSITE_CURVE_SEGMENT(.CONTINUOUS.,.T.,#22342);
#22348=TRIMMED_CURVE('',#22347,(PARAMETER_VALUE(0.E0)),(PARAMETER_VALUE(1.E0)),
.T.,.UNSPECIFIED.);
#22349=COMPOSITE_CURVE_SEGMENT(.CONTINUOUS.,.T.,#22348);
#22350=COMPOSITE_CURVE('',(#22331,#22337,#22343,#22349),.F.);
#22355=TRIMMED_CURVE('',#22354,(PARAMETER_VALUE(0.E0)),(PARAMETER_VALUE(1.E0)),
.T.,.UNSPECIFIED.);
#22356=COMPOSITE_CURVE_SEGMENT(.CONTINUOUS.,.T.,#22355);
#22361=TRIMMED_CURVE('',#22360,(PARAMETER_VALUE(0.E0)),(PARAMETER_VALUE(1.E0)),
.T.,.UNSPECIFIED.);
#22362=COMPOSITE_CURVE_SEGMENT(.CONTINUOUS.,.T.,#22361);
#22367=TRIMMED_CURVE('',#22366,(PARAMETER_VALUE(0.E0)),(PARAMETER_VALUE(1.E0)),
.T.,.UNSPECIFIED.);
#22368=COMPOSITE_CURVE_SEGMENT(.CONTINUOUS.,.T.,#22367);
#22373=TRIMMED_CURVE('',#22372,(PARAMETER_VALUE(0.E0)),(PARAMETER_VALUE(1.E0)),
.T.,.UNSPECIFIED.);
#22374=COMPOSITE_CURVE_SEGMENT(.CONTINUOUS.,.T.,#22373);
#22375=COMPOSITE_CURVE('',(#22356,#22362,#22368,#22374),.F.);
#22380=TRIMMED_CURVE('',#22379,(PARAMETER_VALUE(0.E0)),(PARAMETER_VALUE(1.E0)),
.T.,.UNSPECIFIED.);
#22381=COMPOSITE_CURVE_SEGMENT(.CONTINUOUS.,.T.,#22380);
#22386=TRIMMED_CURVE('',#22385,(PARAMETER_VALUE(0.E0)),(PARAMETER_VALUE(1.E0)),
.T.,.UNSPECIFIED.);
#22387=COMPOSITE_CURVE_SEGMENT(.CONTINUOUS.,.T.,#22386);
#22392=TRIMMED_CURVE('',#22391,(PARAMETER_VALUE(0.E0)),(PARAMETER_VALUE(1.E0)),
.T.,.UNSPECIFIED.);
#22393=COMPOSITE_CURVE_SEGMENT(.CONTINUOUS.,.T.,#22392);
#22398=TRIMMED_CURVE('',#22397,(PARAMETER_VALUE(0.E0)),(PARAMETER_VALUE(1.E0)),
.T.,.UNSPECIFIED.);
#22399=COMPOSITE_CURVE_SEGMENT(.CONTINUOUS.,.T.,#22398);
#22400=COMPOSITE_CURVE('',(#22381,#22387,#22393,#22399),.F.);
#22405=TRIMMED_CURVE('',#22404,(PARAMETER_VALUE(0.E0)),(PARAMETER_VALUE(1.E0)),
.T.,.UNSPECIFIED.);
#22406=COMPOSITE_CURVE_SEGMENT(.CONTINUOUS.,.T.,#22405);
#22411=TRIMMED_CURVE('',#22410,(PARAMETER_VALUE(0.E0)),(PARAMETER_VALUE(1.E0)),
.T.,.UNSPECIFIED.);
#22412=COMPOSITE_CURVE_SEGMENT(.CONTINUOUS.,.T.,#22411);
#22417=TRIMMED_CURVE('',#22416,(PARAMETER_VALUE(0.E0)),(PARAMETER_VALUE(1.E0)),
.T.,.UNSPECIFIED.);
#22418=COMPOSITE_CURVE_SEGMENT(.CONTINUOUS.,.T.,#22417);
#22423=TRIMMED_CURVE('',#22422,(PARAMETER_VALUE(0.E0)),(PARAMETER_VALUE(1.E0)),
.T.,.UNSPECIFIED.);
#22424=COMPOSITE_CURVE_SEGMENT(.CONTINUOUS.,.T.,#22423);
#22425=COMPOSITE_CURVE('',(#22406,#22412,#22418,#22424),.F.);
#22430=TRIMMED_CURVE('',#22429,(PARAMETER_VALUE(0.E0)),(PARAMETER_VALUE(1.E0)),
.T.,.UNSPECIFIED.);
#22431=COMPOSITE_CURVE_SEGMENT(.CONTINUOUS.,.T.,#22430);
#22436=TRIMMED_CURVE('',#22435,(PARAMETER_VALUE(0.E0)),(PARAMETER_VALUE(1.E0)),
.T.,.UNSPECIFIED.);
#22437=COMPOSITE_CURVE_SEGMENT(.CONTINUOUS.,.T.,#22436);
#22442=TRIMMED_CURVE('',#22441,(PARAMETER_VALUE(0.E0)),(PARAMETER_VALUE(1.E0)),
.T.,.UNSPECIFIED.);
#22443=COMPOSITE_CURVE_SEGMENT(.CONTINUOUS.,.T.,#22442);
#22448=TRIMMED_CURVE('',#22447,(PARAMETER_VALUE(0.E0)),(PARAMETER_VALUE(1.E0)),
.T.,.UNSPECIFIED.);
#22449=COMPOSITE_CURVE_SEGMENT(.CONTINUOUS.,.T.,#22448);
#22450=COMPOSITE_CURVE('',(#22431,#22437,#22443,#22449),.F.);
#22455=TRIMMED_CURVE('',#22454,(PARAMETER_VALUE(0.E0)),(PARAMETER_VALUE(1.E0)),
.T.,.UNSPECIFIED.);
#22456=COMPOSITE_CURVE_SEGMENT(.CONTINUOUS.,.T.,#22455);
#22461=TRIMMED_CURVE('',#22460,(PARAMETER_VALUE(0.E0)),(PARAMETER_VALUE(1.E0)),
.T.,.UNSPECIFIED.);
#22462=COMPOSITE_CURVE_SEGMENT(.CONTINUOUS.,.T.,#22461);
#22467=TRIMMED_CURVE('',#22466,(PARAMETER_VALUE(0.E0)),(PARAMETER_VALUE(1.E0)),
.T.,.UNSPECIFIED.);
#22468=COMPOSITE_CURVE_SEGMENT(.CONTINUOUS.,.T.,#22467);
#22473=TRIMMED_CURVE('',#22472,(PARAMETER_VALUE(0.E0)),(PARAMETER_VALUE(1.E0)),
.T.,.UNSPECIFIED.);
#22474=COMPOSITE_CURVE_SEGMENT(.CONTINUOUS.,.T.,#22473);
#22475=COMPOSITE_CURVE('',(#22456,#22462,#22468,#22474),.F.);
#22480=TRIMMED_CURVE('',#22479,(PARAMETER_VALUE(0.E0)),(PARAMETER_VALUE(1.E0)),
.T.,.UNSPECIFIED.);
#22481=COMPOSITE_CURVE_SEGMENT(.CONTINUOUS.,.T.,#22480);
#22486=TRIMMED_CURVE('',#22485,(PARAMETER_VALUE(0.E0)),(PARAMETER_VALUE(1.E0)),
.T.,.UNSPECIFIED.);
#22487=COMPOSITE_CURVE_SEGMENT(.CONTINUOUS.,.T.,#22486);
#22492=TRIMMED_CURVE('',#22491,(PARAMETER_VALUE(0.E0)),(PARAMETER_VALUE(1.E0)),
.T.,.UNSPECIFIED.);
#22493=COMPOSITE_CURVE_SEGMENT(.CONTINUOUS.,.T.,#22492);
#22498=TRIMMED_CURVE('',#22497,(PARAMETER_VALUE(0.E0)),(PARAMETER_VALUE(1.E0)),
.T.,.UNSPECIFIED.);
#22499=COMPOSITE_CURVE_SEGMENT(.CONTINUOUS.,.T.,#22498);
#22500=COMPOSITE_CURVE('',(#22481,#22487,#22493,#22499),.F.);
#22505=TRIMMED_CURVE('',#22504,(PARAMETER_VALUE(0.E0)),(PARAMETER_VALUE(1.E0)),
.T.,.UNSPECIFIED.);
#22506=COMPOSITE_CURVE_SEGMENT(.CONTINUOUS.,.T.,#22505);
#22511=TRIMMED_CURVE('',#22510,(PARAMETER_VALUE(0.E0)),(PARAMETER_VALUE(1.E0)),
.T.,.UNSPECIFIED.);
#22512=COMPOSITE_CURVE_SEGMENT(.CONTINUOUS.,.T.,#22511);
#22517=TRIMMED_CURVE('',#22516,(PARAMETER_VALUE(0.E0)),(PARAMETER_VALUE(1.E0)),
.T.,.UNSPECIFIED.);
#22518=COMPOSITE_CURVE_SEGMENT(.CONTINUOUS.,.T.,#22517);
#22523=TRIMMED_CURVE('',#22522,(PARAMETER_VALUE(0.E0)),(PARAMETER_VALUE(1.E0)),
.T.,.UNSPECIFIED.);
#22524=COMPOSITE_CURVE_SEGMENT(.CONTINUOUS.,.T.,#22523);
#22525=COMPOSITE_CURVE('',(#22506,#22512,#22518,#22524),.F.);
#22530=TRIMMED_CURVE('',#22529,(PARAMETER_VALUE(0.E0)),(PARAMETER_VALUE(1.E0)),
.T.,.UNSPECIFIED.);
#22531=COMPOSITE_CURVE_SEGMENT(.CONTINUOUS.,.T.,#22530);
#22536=TRIMMED_CURVE('',#22535,(PARAMETER_VALUE(0.E0)),(PARAMETER_VALUE(1.E0)),
.T.,.UNSPECIFIED.);
#22537=COMPOSITE_CURVE_SEGMENT(.CONTINUOUS.,.T.,#22536);
#22542=TRIMMED_CURVE('',#22541,(PARAMETER_VALUE(0.E0)),(PARAMETER_VALUE(1.E0)),
.T.,.UNSPECIFIED.);
#22543=COMPOSITE_CURVE_SEGMENT(.CONTINUOUS.,.T.,#22542);
#22548=TRIMMED_CURVE('',#22547,(PARAMETER_VALUE(0.E0)),(PARAMETER_VALUE(1.E0)),
.T.,.UNSPECIFIED.);
#22549=COMPOSITE_CURVE_SEGMENT(.CONTINUOUS.,.T.,#22548);
#22550=COMPOSITE_CURVE('',(#22531,#22537,#22543,#22549),.F.);
#22555=TRIMMED_CURVE('',#22554,(PARAMETER_VALUE(0.E0)),(PARAMETER_VALUE(1.E0)),
.T.,.UNSPECIFIED.);
#22556=COMPOSITE_CURVE_SEGMENT(.CONTINUOUS.,.T.,#22555);
#22561=TRIMMED_CURVE('',#22560,(PARAMETER_VALUE(0.E0)),(PARAMETER_VALUE(1.E0)),
.T.,.UNSPECIFIED.);
#22562=COMPOSITE_CURVE_SEGMENT(.CONTINUOUS.,.T.,#22561);
#22567=TRIMMED_CURVE('',#22566,(PARAMETER_VALUE(0.E0)),(PARAMETER_VALUE(1.E0)),
.T.,.UNSPECIFIED.);
#22568=COMPOSITE_CURVE_SEGMENT(.CONTINUOUS.,.T.,#22567);
#22573=TRIMMED_CURVE('',#22572,(PARAMETER_VALUE(0.E0)),(PARAMETER_VALUE(1.E0)),
.T.,.UNSPECIFIED.);
#22574=COMPOSITE_CURVE_SEGMENT(.CONTINUOUS.,.T.,#22573);
#22575=COMPOSITE_CURVE('',(#22556,#22562,#22568,#22574),.F.);
#22576=(LENGTH_UNIT()NAMED_UNIT(*)SI_UNIT(.MILLI.,.METRE.));
#22578=(NAMED_UNIT(*)PLANE_ANGLE_UNIT()SI_UNIT($,.RADIAN.));
#22581=(NAMED_UNIT(*)SI_UNIT($,.STERADIAN.)SOLID_ANGLE_UNIT());
#22584=ADVANCED_BREP_SHAPE_REPRESENTATION('',(#22070),#22583);
#22585=GEOMETRICALLY_BOUNDED_SURFACE_SHAPE_REPRESENTATION('',(#22100),#22583);
#22586=SHAPE_REPRESENTATION('',(#22074),#22583);
#22595=PRODUCT_DEFINITION('design','',#22594,#22591);
#22596=PRODUCT_DEFINITION_SHAPE('','SHAPE FOR 5055501620.',#22595);
#22597=SHAPE_DEFINITION_REPRESENTATION(#22596,#22586);
ENDSEC;
END-ISO-10303-21;
