ISO-10303-21;
HEADER;
/* Generated by software containing ST-Developer
 * from STEP Tools, Inc. (www.steptools.com) 
 */

FILE_DESCRIPTION(
/* description */ (''),
/* implementation_level */ '2;1');

FILE_NAME(
/* name */ 'Wireless Miniscope v_0_2_10.step',
/* time_stamp */ '2026-08-17T16:31:54-07:00',
/* author */ (''),
/* organization */ (''),
/* preprocessor_version */ 'ST-DEVELOPER v20.1',
/* originating_system */ 'Autodesk Translation Framework v15.8.0.0',
/* authorisation */ '');

FILE_SCHEMA (('AUTOMOTIVE_DESIGN { 1 0 10303 214 3 1 1 }'));
ENDSEC;

DATA;
#10=MECHANICAL_DESIGN_GEOMETRIC_PRESENTATION_REPRESENTATION('',(#62,#63,
#64,#65),#4874);
#11=SHAPE_REPRESENTATION_RELATIONSHIP('SRR','None',#4884,#12);
#12=ADVANCED_BREP_SHAPE_REPRESENTATION('',(#66,#67,#68,#69),#4872);
#13=ITEM_DEFINED_TRANSFORMATION($,$,#2776,#2998);
#14=(
REPRESENTATION_RELATIONSHIP($,$,#4885,#4884)
REPRESENTATION_RELATIONSHIP_WITH_TRANSFORMATION(#13)
SHAPE_REPRESENTATION_RELATIONSHIP()
);
#15=CONTEXT_DEPENDENT_SHAPE_REPRESENTATION(#14,#4883);
#16=NEXT_ASSEMBLY_USAGE_OCCURRENCE('Component10:1','Component10:1',
'Component10:1',#4887,#4888,'Component10:1');
#17=CONICAL_SURFACE('',#2961,3.6,0.509531789493521);
#18=(
BOUNDED_CURVE()
B_SPLINE_CURVE(2,(#4714,#4715,#4716,#4717),.UNSPECIFIED.,.F.,.F.)
B_SPLINE_CURVE_WITH_KNOTS((3,1,3),(0.148036633796759,0.180621081481393,
0.204585907407866),.UNSPECIFIED.)
CURVE()
GEOMETRIC_REPRESENTATION_ITEM()
RATIONAL_B_SPLINE_CURVE((0.999863625890277,0.999854344718908,0.999935380469382,
1.))
REPRESENTATION_ITEM('')
);
#19=(
BOUNDED_CURVE()
B_SPLINE_CURVE(2,(#4721,#4722,#4723,#4724),.UNSPECIFIED.,.F.,.F.)
B_SPLINE_CURVE_WITH_KNOTS((3,1,3),(0.,0.0239547029607691,0.0565492736111069),
 .UNSPECIFIED.)
CURVE()
GEOMETRIC_REPRESENTATION_ITEM()
RATIONAL_B_SPLINE_CURVE((1.,0.999935407765274,0.999854341835539,0.999863625890277))
REPRESENTATION_ITEM('')
);
#20=(
BOUNDED_SURFACE()
B_SPLINE_SURFACE(2,2,((#4495,#4496,#4497,#4498,#4499,#4500,#4501,#4502,
#4503),(#4504,#4505,#4506,#4507,#4508,#4509,#4510,#4511,#4512),(#4513,#4514,
#4515,#4516,#4517,#4518,#4519,#4520,#4521)),.UNSPECIFIED.,.F.,.T.,.F.)
B_SPLINE_SURFACE_WITH_KNOTS((3,3),(3,2,2,2,3),(0.769679681946127,0.881090513553397),
(-3.14159265358979,-1.5707963267949,0.,1.5707963267949,3.14159265358979),
 .UNSPECIFIED.)
GEOMETRIC_REPRESENTATION_ITEM()
RATIONAL_B_SPLINE_SURFACE(((1.,0.707106781186548,1.,0.707106781186548,1.,
0.707106781186548,1.,0.707106781186548,1.),(0.998448854499764,0.706009955684724,
0.998448854499764,0.706009955684724,0.998448854499764,0.706009955684724,
0.998448854499764,0.706009955684724,0.998448854499764),(1.,0.707106781186548,
1.,0.707106781186548,1.,0.707106781186548,1.,0.707106781186548,1.)))
REPRESENTATION_ITEM('')
SURFACE()
);
#21=ELLIPSE('',#2851,4.59619407771255,3.25);
#22=ELLIPSE('',#2852,4.59619407771257,3.25);
#23=ELLIPSE('',#2853,4.59619407771255,3.25);
#24=ELLIPSE('',#2854,4.59619407771257,3.25);
#25=ELLIPSE('',#2855,4.59619407771255,3.25);
#26=ELLIPSE('',#2861,4.24264068711928,3.);
#27=ELLIPSE('',#2862,4.24264068711928,3.);
#28=ELLIPSE('',#2866,4.24264068711929,3.);
#29=ELLIPSE('',#2868,4.24264068711928,3.);
#30=ELLIPSE('',#2872,4.24264068711929,3.);
#31=ELLIPSE('',#2874,4.24264068711928,3.);
#32=ELLIPSE('',#2978,4.24264068711929,3.);
#33=ELLIPSE('',#2980,4.24264068711928,3.);
#34=ELLIPSE('',#2983,4.24264068711929,3.);
#35=ELLIPSE('',#2985,4.24264068711928,3.);
#36=ELLIPSE('',#2990,4.24264068711928,3.);
#37=ELLIPSE('',#2995,4.24264068711928,3.);
#38=B_SPLINE_SURFACE_WITH_KNOTS('',3,3,((#4066,#4067,#4068,#4069),(#4070,
#4071,#4072,#4073),(#4074,#4075,#4076,#4077),(#4078,#4079,#4080,#4081),
(#4082,#4083,#4084,#4085),(#4086,#4087,#4088,#4089),(#4090,#4091,#4092,
#4093)),.UNSPECIFIED.,.F.,.F.,.F.,(4,1,1,1,4),(4,4),(0.27962735741372,0.392559664679915,
0.50549197194611,0.618424279212304,0.674890432845402),(0.,0.738084373819391),
 .UNSPECIFIED.);
#39=B_SPLINE_SURFACE_WITH_KNOTS('',3,3,((#4160,#4161,#4162,#4163),(#4164,
#4165,#4166,#4167),(#4168,#4169,#4170,#4171),(#4172,#4173,#4174,#4175),
(#4176,#4177,#4178,#4179),(#4180,#4181,#4182,#4183),(#4184,#4185,#4186,
#4187)),.UNSPECIFIED.,.F.,.F.,.F.,(4,1,1,1,4),(4,4),(0.825109567324821,
0.881575720933601,0.994508028151161,1.10744033536872,1.22037264258628),
(0.,0.738084373725975),.UNSPECIFIED.);
#40=B_SPLINE_SURFACE_WITH_KNOTS('',3,3,((#4269,#4270,#4271,#4272),(#4273,
#4274,#4275,#4276),(#4277,#4278,#4279,#4280),(#4281,#4282,#4283,#4284),
(#4285,#4286,#4287,#4288),(#4289,#4290,#4291,#4292),(#4293,#4294,#4295,
#4296),(#4297,#4298,#4299,#4300),(#4301,#4302,#4303,#4304),(#4305,#4306,
#4307,#4308),(#4309,#4310,#4311,#4312)),.UNSPECIFIED.,.T.,.F.,.F.,(4,1,
1,1,1,1,1,1,4),(4,4),(0.,0.0714285714285714,0.142857142857143,0.285714285714286,
0.428571428571429,0.571428571428571,0.714285714285714,0.857142857142857,
1.),(0.246128137747172,1.),.UNSPECIFIED.);
#41=B_SPLINE_CURVE_WITH_KNOTS('',3,(#3940,#3941,#3942,#3943,#3944,#3945),
 .UNSPECIFIED.,.F.,.F.,(4,2,4),(1.39412381222216,1.44051073862573,1.569419258283),
 .UNSPECIFIED.);
#42=B_SPLINE_CURVE_WITH_KNOTS('',3,(#3948,#3949,#3950,#3951,#3952,#3953),
 .UNSPECIFIED.,.F.,.F.,(4,2,4),(1.569419258283,1.69832777794026,1.74471470434384),
 .UNSPECIFIED.);
#43=B_SPLINE_CURVE_WITH_KNOTS('',3,(#3956,#3957,#3958,#3959,#3960,#3961,
#3962,#3963,#3964,#3965,#3966,#3967,#3968,#3969,#3970,#3971,#3972,#3973,
#3974,#3975,#3976,#3977,#3978,#3979,#3980,#3981,#3982,#3983,#3984,#3985,
#3986,#3987,#3988,#3989,#3990,#3991,#3992,#3993,#3994,#3995,#3996,#3997,
#3998,#3999,#4000,#4001,#4002,#4003,#4004),.UNSPECIFIED.,.T.,.F.,(4,2,2,
2,2,2,2,2,2,2,2,2,2,2,2,2,2,2,2,2,2,3,2,4),(-2.30666807332076,-2.2766313588077,
-2.16968020648843,-2.07398541345693,-1.95680652819224,-1.87099518873801,
-1.81324098638144,-1.78670754800298,-1.7659282399692,-1.74215580040186,
-1.69871639919562,-1.53763114421684,-1.39643173871245,-1.26377048253823,
-1.12364535628739,-0.971518788346277,-0.808808894762283,-0.640392392448486,
-0.471569344665073,-0.30616613401681,-0.146556524563577,0.,0.100128085507832,
0.151588312096609),.UNSPECIFIED.);
#44=B_SPLINE_CURVE_WITH_KNOTS('',3,(#4017,#4018,#4019,#4020,#4021,#4022,
#4023,#4024,#4025,#4026),.UNSPECIFIED.,.F.,.F.,(4,2,2,2,4),(-1.57195930275701,
-1.51249220922064,-1.39058418390873,-1.25479041274444,-1.18883367637237),
 .UNSPECIFIED.);
#45=B_SPLINE_CURVE_WITH_KNOTS('',3,(#4028,#4029,#4030,#4031,#4032,#4033,
#4034,#4035,#4036,#4037,#4038,#4039),.UNSPECIFIED.,.F.,.F.,(4,2,2,2,2,4),
(-2.00404925746019,-1.8884148712103,-1.79669071564571,-1.71189135143336,
-1.61911792991789,-1.57195930275701),.UNSPECIFIED.);
#46=B_SPLINE_CURVE_WITH_KNOTS('',3,(#4042,#4043,#4044,#4045,#4046,#4047,
#4048,#4049,#4050,#4051,#4052,#4053,#4054,#4055,#4056,#4057,#4058,#4059),
 .UNSPECIFIED.,.F.,.F.,(4,2,2,2,2,2,2,2,4),(-0.843620171194294,-0.803563023033236,
-0.657179709921668,-0.523027554902214,-0.405982353054875,-0.305670467655632,
-0.211787739048907,-0.0953744246734799,0.),.UNSPECIFIED.);
#47=B_SPLINE_CURVE_WITH_KNOTS('',3,(#4095,#4096,#4097,#4098),
 .UNSPECIFIED.,.F.,.F.,(4,4),(-0.063955692206339,-0.0624984098689259),
 .UNSPECIFIED.);
#48=B_SPLINE_CURVE_WITH_KNOTS('',3,(#4100,#4101,#4102,#4103,#4104,#4105,
#4106,#4107,#4108,#4109,#4110,#4111,#4112),.UNSPECIFIED.,.F.,.F.,(4,3,3,
3,4),(-0.648229077712151,-0.633040971840426,-0.594642593507373,-0.557129518355459,
-0.535691149733116),.UNSPECIFIED.);
#49=B_SPLINE_CURVE_WITH_KNOTS('',3,(#4114,#4115,#4116,#4117),
 .UNSPECIFIED.,.F.,.F.,(4,4),(-0.00131431190343945,0.),.UNSPECIFIED.);
#50=B_SPLINE_CURVE_WITH_KNOTS('',3,(#4121,#4122,#4123,#4124),
 .UNSPECIFIED.,.F.,.F.,(4,4),(-1.25765727536186,-1.2555004596151),
 .UNSPECIFIED.);
#51=B_SPLINE_CURVE_WITH_KNOTS('',3,(#4126,#4127,#4128,#4129,#4130,#4131,
#4132,#4133,#4134,#4135,#4136,#4137,#4138),.UNSPECIFIED.,.F.,.F.,(4,3,3,
3,4),(-0.188118533447984,-0.156219684861201,-0.11826888840163,-0.0804576328488268,
-0.0728946595887024),.UNSPECIFIED.);
#52=B_SPLINE_CURVE_WITH_KNOTS('',3,(#4140,#4141,#4142,#4143),
 .UNSPECIFIED.,.F.,.F.,(4,4),(-0.00128611906214827,0.),.UNSPECIFIED.);
#53=B_SPLINE_CURVE_WITH_KNOTS('',3,(#4146,#4147,#4148,#4149,#4150,#4151,
#4152,#4153,#4154,#4155,#4156,#4157,#4158,#4159),.UNSPECIFIED.,.F.,.F.,
(4,2,2,2,2,2,4),(-2.01971051643514,-1.81887695559314,-1.59308767193811,
-1.43684080760017,-1.31586999368164,-1.16909281924731,-1.06496856932212),
 .UNSPECIFIED.);
#54=B_SPLINE_CURVE_WITH_KNOTS('',3,(#4189,#4190,#4191,#4192,#4193,#4194,
#4195,#4196,#4197,#4198,#4199,#4200,#4201,#4202),.UNSPECIFIED.,.F.,.F.,
(4,2,2,2,2,2,4),(-0.686130894858041,-0.621775426799102,-0.456946223168471,
-0.357009723454682,-0.266338901133413,-0.150138960995665,0.),
 .UNSPECIFIED.);
#55=B_SPLINE_CURVE_WITH_KNOTS('',3,(#4206,#4207,#4208,#4209),
 .UNSPECIFIED.,.F.,.F.,(4,4),(-0.0687291467434964,-0.067443037563936),
 .UNSPECIFIED.);
#56=B_SPLINE_CURVE_WITH_KNOTS('',3,(#4211,#4212,#4213,#4214,#4215,#4216,
#4217,#4218,#4219,#4220,#4221,#4222,#4223),.UNSPECIFIED.,.F.,.F.,(4,3,3,
3,4),(-0.647453471205192,-0.609593997197668,-0.59573170467495,-0.558048014109703,
-0.532329684411032),.UNSPECIFIED.);
#57=B_SPLINE_CURVE_WITH_KNOTS('',3,(#4225,#4226,#4227,#4228),
 .UNSPECIFIED.,.F.,.F.,(4,4),(-0.00146814219875792,0.),.UNSPECIFIED.);
#58=B_SPLINE_CURVE_WITH_KNOTS('',3,(#4232,#4233,#4234,#4235),
 .UNSPECIFIED.,.F.,.F.,(4,4),(-0.83542261706501,-0.834516876887179),
 .UNSPECIFIED.);
#59=B_SPLINE_CURVE_WITH_KNOTS('',3,(#4237,#4238,#4239,#4240,#4241,#4242,
#4243,#4244,#4245,#4246,#4247,#4248,#4249),.UNSPECIFIED.,.F.,.F.,(4,3,3,
3,4),(-0.184748121280049,-0.157575195824875,-0.119407365931404,-0.0873248216915957,
-0.0721073869181255),.UNSPECIFIED.);
#60=B_SPLINE_CURVE_WITH_KNOTS('',3,(#4250,#4251,#4252,#4253),
 .UNSPECIFIED.,.F.,.F.,(4,4),(-0.00146102736629644,0.),.UNSPECIFIED.);
#61=B_SPLINE_CURVE_WITH_KNOTS('',3,(#4315,#4316,#4317,#4318,#4319,#4320,
#4321,#4322,#4323,#4324,#4325),.UNSPECIFIED.,.T.,.F.,(4,1,1,1,1,1,1,1,4),
(0.,0.0714285714285714,0.142857142857143,0.285714285714286,0.428571428571429,
0.571428571428571,0.714285714285714,0.857142857142857,1.),.UNSPECIFIED.);
#62=STYLED_ITEM('',(#4900),#66);
#63=STYLED_ITEM('',(#4900),#67);
#64=STYLED_ITEM('',(#4900),#68);
#65=STYLED_ITEM('',(#4900),#69);
#66=MANIFOLD_SOLID_BREP('objective_unit',#2759);
#67=MANIFOLD_SOLID_BREP('base_unit',#2760);
#68=MANIFOLD_SOLID_BREP('0_8_higher_focus_slider_unit',#2761);
#69=MANIFOLD_SOLID_BREP('excitation_unit',#2762);
#70=SPHERICAL_SURFACE('',#2812,7.75707658689817);
#71=FACE_BOUND('',#349,.T.);
#72=FACE_BOUND('',#358,.T.);
#73=FACE_BOUND('',#366,.T.);
#74=FACE_BOUND('',#368,.T.);
#75=FACE_BOUND('',#384,.T.);
#76=FACE_BOUND('',#387,.T.);
#77=FACE_BOUND('',#390,.T.);
#78=FACE_BOUND('',#417,.T.);
#79=FACE_BOUND('',#420,.T.);
#80=FACE_BOUND('',#436,.T.);
#81=FACE_BOUND('',#439,.T.);
#82=FACE_BOUND('',#457,.T.);
#83=FACE_BOUND('',#462,.T.);
#84=FACE_BOUND('',#473,.T.);
#85=FACE_BOUND('',#481,.T.);
#86=FACE_BOUND('',#489,.T.);
#87=FACE_BOUND('',#504,.T.);
#88=FACE_BOUND('',#508,.T.);
#89=PLANE('',#2780);
#90=PLANE('',#2781);
#91=PLANE('',#2791);
#92=PLANE('',#2794);
#93=PLANE('',#2799);
#94=PLANE('',#2800);
#95=PLANE('',#2806);
#96=PLANE('',#2808);
#97=PLANE('',#2814);
#98=PLANE('',#2815);
#99=PLANE('',#2816);
#100=PLANE('',#2817);
#101=PLANE('',#2818);
#102=PLANE('',#2819);
#103=PLANE('',#2820);
#104=PLANE('',#2821);
#105=PLANE('',#2822);
#106=PLANE('',#2823);
#107=PLANE('',#2824);
#108=PLANE('',#2825);
#109=PLANE('',#2826);
#110=PLANE('',#2827);
#111=PLANE('',#2828);
#112=PLANE('',#2829);
#113=PLANE('',#2837);
#114=PLANE('',#2841);
#115=PLANE('',#2842);
#116=PLANE('',#2857);
#117=PLANE('',#2858);
#118=PLANE('',#2859);
#119=PLANE('',#2860);
#120=PLANE('',#2863);
#121=PLANE('',#2864);
#122=PLANE('',#2865);
#123=PLANE('',#2867);
#124=PLANE('',#2869);
#125=PLANE('',#2870);
#126=PLANE('',#2871);
#127=PLANE('',#2873);
#128=PLANE('',#2893);
#129=PLANE('',#2898);
#130=PLANE('',#2900);
#131=PLANE('',#2901);
#132=PLANE('',#2902);
#133=PLANE('',#2903);
#134=PLANE('',#2904);
#135=PLANE('',#2905);
#136=PLANE('',#2906);
#137=PLANE('',#2907);
#138=PLANE('',#2908);
#139=PLANE('',#2909);
#140=PLANE('',#2910);
#141=PLANE('',#2911);
#142=PLANE('',#2916);
#143=PLANE('',#2919);
#144=PLANE('',#2920);
#145=PLANE('',#2921);
#146=PLANE('',#2922);
#147=PLANE('',#2923);
#148=PLANE('',#2924);
#149=PLANE('',#2925);
#150=PLANE('',#2926);
#151=PLANE('',#2927);
#152=PLANE('',#2928);
#153=PLANE('',#2929);
#154=PLANE('',#2930);
#155=PLANE('',#2931);
#156=PLANE('',#2932);
#157=PLANE('',#2933);
#158=PLANE('',#2934);
#159=PLANE('',#2935);
#160=PLANE('',#2936);
#161=PLANE('',#2937);
#162=PLANE('',#2938);
#163=PLANE('',#2939);
#164=PLANE('',#2940);
#165=PLANE('',#2942);
#166=PLANE('',#2943);
#167=PLANE('',#2944);
#168=PLANE('',#2945);
#169=PLANE('',#2946);
#170=PLANE('',#2947);
#171=PLANE('',#2948);
#172=PLANE('',#2949);
#173=PLANE('',#2950);
#174=PLANE('',#2952);
#175=PLANE('',#2955);
#176=PLANE('',#2959);
#177=PLANE('',#2960);
#178=PLANE('',#2965);
#179=PLANE('',#2966);
#180=PLANE('',#2967);
#181=PLANE('',#2968);
#182=PLANE('',#2969);
#183=PLANE('',#2970);
#184=PLANE('',#2971);
#185=PLANE('',#2972);
#186=PLANE('',#2973);
#187=PLANE('',#2974);
#188=PLANE('',#2975);
#189=PLANE('',#2976);
#190=PLANE('',#2977);
#191=PLANE('',#2979);
#192=PLANE('',#2981);
#193=PLANE('',#2982);
#194=PLANE('',#2984);
#195=PLANE('',#2986);
#196=PLANE('',#2987);
#197=PLANE('',#2991);
#198=PLANE('',#2992);
#199=PLANE('',#2996);
#200=PLANE('',#2997);
#201=FACE_OUTER_BOUND('',#346,.T.);
#202=FACE_OUTER_BOUND('',#347,.T.);
#203=FACE_OUTER_BOUND('',#348,.T.);
#204=FACE_OUTER_BOUND('',#350,.T.);
#205=FACE_OUTER_BOUND('',#351,.T.);
#206=FACE_OUTER_BOUND('',#352,.T.);
#207=FACE_OUTER_BOUND('',#353,.T.);
#208=FACE_OUTER_BOUND('',#354,.T.);
#209=FACE_OUTER_BOUND('',#355,.T.);
#210=FACE_OUTER_BOUND('',#356,.T.);
#211=FACE_OUTER_BOUND('',#357,.T.);
#212=FACE_OUTER_BOUND('',#359,.T.);
#213=FACE_OUTER_BOUND('',#360,.T.);
#214=FACE_OUTER_BOUND('',#361,.T.);
#215=FACE_OUTER_BOUND('',#362,.T.);
#216=FACE_OUTER_BOUND('',#363,.T.);
#217=FACE_OUTER_BOUND('',#364,.T.);
#218=FACE_OUTER_BOUND('',#365,.T.);
#219=FACE_OUTER_BOUND('',#367,.T.);
#220=FACE_OUTER_BOUND('',#369,.T.);
#221=FACE_OUTER_BOUND('',#370,.T.);
#222=FACE_OUTER_BOUND('',#371,.T.);
#223=FACE_OUTER_BOUND('',#372,.T.);
#224=FACE_OUTER_BOUND('',#373,.T.);
#225=FACE_OUTER_BOUND('',#374,.T.);
#226=FACE_OUTER_BOUND('',#375,.T.);
#227=FACE_OUTER_BOUND('',#376,.T.);
#228=FACE_OUTER_BOUND('',#377,.T.);
#229=FACE_OUTER_BOUND('',#378,.T.);
#230=FACE_OUTER_BOUND('',#379,.T.);
#231=FACE_OUTER_BOUND('',#380,.T.);
#232=FACE_OUTER_BOUND('',#381,.T.);
#233=FACE_OUTER_BOUND('',#382,.T.);
#234=FACE_OUTER_BOUND('',#383,.T.);
#235=FACE_OUTER_BOUND('',#385,.T.);
#236=FACE_OUTER_BOUND('',#386,.T.);
#237=FACE_OUTER_BOUND('',#388,.T.);
#238=FACE_OUTER_BOUND('',#389,.T.);
#239=FACE_OUTER_BOUND('',#391,.T.);
#240=FACE_OUTER_BOUND('',#392,.T.);
#241=FACE_OUTER_BOUND('',#393,.T.);
#242=FACE_OUTER_BOUND('',#394,.T.);
#243=FACE_OUTER_BOUND('',#395,.T.);
#244=FACE_OUTER_BOUND('',#396,.T.);
#245=FACE_OUTER_BOUND('',#397,.T.);
#246=FACE_OUTER_BOUND('',#398,.T.);
#247=FACE_OUTER_BOUND('',#399,.T.);
#248=FACE_OUTER_BOUND('',#400,.T.);
#249=FACE_OUTER_BOUND('',#401,.T.);
#250=FACE_OUTER_BOUND('',#402,.T.);
#251=FACE_OUTER_BOUND('',#403,.T.);
#252=FACE_OUTER_BOUND('',#404,.T.);
#253=FACE_OUTER_BOUND('',#405,.T.);
#254=FACE_OUTER_BOUND('',#406,.T.);
#255=FACE_OUTER_BOUND('',#407,.T.);
#256=FACE_OUTER_BOUND('',#408,.T.);
#257=FACE_OUTER_BOUND('',#409,.T.);
#258=FACE_OUTER_BOUND('',#410,.T.);
#259=FACE_OUTER_BOUND('',#411,.T.);
#260=FACE_OUTER_BOUND('',#412,.T.);
#261=FACE_OUTER_BOUND('',#413,.T.);
#262=FACE_OUTER_BOUND('',#414,.T.);
#263=FACE_OUTER_BOUND('',#415,.T.);
#264=FACE_OUTER_BOUND('',#416,.T.);
#265=FACE_OUTER_BOUND('',#418,.T.);
#266=FACE_OUTER_BOUND('',#419,.T.);
#267=FACE_OUTER_BOUND('',#421,.T.);
#268=FACE_OUTER_BOUND('',#422,.T.);
#269=FACE_OUTER_BOUND('',#423,.T.);
#270=FACE_OUTER_BOUND('',#424,.T.);
#271=FACE_OUTER_BOUND('',#425,.T.);
#272=FACE_OUTER_BOUND('',#426,.T.);
#273=FACE_OUTER_BOUND('',#427,.T.);
#274=FACE_OUTER_BOUND('',#428,.T.);
#275=FACE_OUTER_BOUND('',#429,.T.);
#276=FACE_OUTER_BOUND('',#430,.T.);
#277=FACE_OUTER_BOUND('',#431,.T.);
#278=FACE_OUTER_BOUND('',#432,.T.);
#279=FACE_OUTER_BOUND('',#433,.T.);
#280=FACE_OUTER_BOUND('',#434,.T.);
#281=FACE_OUTER_BOUND('',#435,.T.);
#282=FACE_OUTER_BOUND('',#437,.T.);
#283=FACE_OUTER_BOUND('',#438,.T.);
#284=FACE_OUTER_BOUND('',#440,.T.);
#285=FACE_OUTER_BOUND('',#441,.T.);
#286=FACE_OUTER_BOUND('',#442,.T.);
#287=FACE_OUTER_BOUND('',#443,.T.);
#288=FACE_OUTER_BOUND('',#444,.T.);
#289=FACE_OUTER_BOUND('',#445,.T.);
#290=FACE_OUTER_BOUND('',#446,.T.);
#291=FACE_OUTER_BOUND('',#447,.T.);
#292=FACE_OUTER_BOUND('',#448,.T.);
#293=FACE_OUTER_BOUND('',#449,.T.);
#294=FACE_OUTER_BOUND('',#450,.T.);
#295=FACE_OUTER_BOUND('',#451,.T.);
#296=FACE_OUTER_BOUND('',#452,.T.);
#297=FACE_OUTER_BOUND('',#453,.T.);
#298=FACE_OUTER_BOUND('',#454,.T.);
#299=FACE_OUTER_BOUND('',#455,.T.);
#300=FACE_OUTER_BOUND('',#456,.T.);
#301=FACE_OUTER_BOUND('',#458,.T.);
#302=FACE_OUTER_BOUND('',#459,.T.);
#303=FACE_OUTER_BOUND('',#460,.T.);
#304=FACE_OUTER_BOUND('',#461,.T.);
#305=FACE_OUTER_BOUND('',#463,.T.);
#306=FACE_OUTER_BOUND('',#464,.T.);
#307=FACE_OUTER_BOUND('',#465,.T.);
#308=FACE_OUTER_BOUND('',#466,.T.);
#309=FACE_OUTER_BOUND('',#467,.T.);
#310=FACE_OUTER_BOUND('',#468,.T.);
#311=FACE_OUTER_BOUND('',#469,.T.);
#312=FACE_OUTER_BOUND('',#470,.T.);
#313=FACE_OUTER_BOUND('',#471,.T.);
#314=FACE_OUTER_BOUND('',#472,.T.);
#315=FACE_OUTER_BOUND('',#474,.T.);
#316=FACE_OUTER_BOUND('',#475,.T.);
#317=FACE_OUTER_BOUND('',#476,.T.);
#318=FACE_OUTER_BOUND('',#477,.T.);
#319=FACE_OUTER_BOUND('',#478,.T.);
#320=FACE_OUTER_BOUND('',#479,.T.);
#321=FACE_OUTER_BOUND('',#480,.T.);
#322=FACE_OUTER_BOUND('',#482,.T.);
#323=FACE_OUTER_BOUND('',#483,.T.);
#324=FACE_OUTER_BOUND('',#484,.T.);
#325=FACE_OUTER_BOUND('',#485,.T.);
#326=FACE_OUTER_BOUND('',#486,.T.);
#327=FACE_OUTER_BOUND('',#487,.T.);
#328=FACE_OUTER_BOUND('',#488,.T.);
#329=FACE_OUTER_BOUND('',#490,.T.);
#330=FACE_OUTER_BOUND('',#491,.T.);
#331=FACE_OUTER_BOUND('',#492,.T.);
#332=FACE_OUTER_BOUND('',#493,.T.);
#333=FACE_OUTER_BOUND('',#494,.T.);
#334=FACE_OUTER_BOUND('',#495,.T.);
#335=FACE_OUTER_BOUND('',#496,.T.);
#336=FACE_OUTER_BOUND('',#497,.T.);
#337=FACE_OUTER_BOUND('',#498,.T.);
#338=FACE_OUTER_BOUND('',#499,.T.);
#339=FACE_OUTER_BOUND('',#500,.T.);
#340=FACE_OUTER_BOUND('',#501,.T.);
#341=FACE_OUTER_BOUND('',#502,.T.);
#342=FACE_OUTER_BOUND('',#503,.T.);
#343=FACE_OUTER_BOUND('',#505,.T.);
#344=FACE_OUTER_BOUND('',#506,.T.);
#345=FACE_OUTER_BOUND('',#507,.T.);
#346=EDGE_LOOP('',(#1803,#1804,#1805,#1806));
#347=EDGE_LOOP('',(#1807,#1808,#1809,#1810));
#348=EDGE_LOOP('',(#1811,#1812,#1813,#1814,#1815,#1816,#1817,#1818));
#349=EDGE_LOOP('',(#1819,#1820,#1821,#1822,#1823,#1824,#1825,#1826));
#350=EDGE_LOOP('',(#1827,#1828,#1829,#1830));
#351=EDGE_LOOP('',(#1831,#1832,#1833,#1834));
#352=EDGE_LOOP('',(#1835,#1836,#1837,#1838));
#353=EDGE_LOOP('',(#1839,#1840,#1841,#1842));
#354=EDGE_LOOP('',(#1843,#1844,#1845,#1846));
#355=EDGE_LOOP('',(#1847,#1848,#1849,#1850));
#356=EDGE_LOOP('',(#1851,#1852,#1853,#1854));
#357=EDGE_LOOP('',(#1855,#1856,#1857,#1858,#1859,#1860,#1861,#1862));
#358=EDGE_LOOP('',(#1863));
#359=EDGE_LOOP('',(#1864,#1865,#1866,#1867));
#360=EDGE_LOOP('',(#1868,#1869,#1870,#1871));
#361=EDGE_LOOP('',(#1872,#1873,#1874,#1875));
#362=EDGE_LOOP('',(#1876,#1877,#1878,#1879));
#363=EDGE_LOOP('',(#1880,#1881,#1882,#1883));
#364=EDGE_LOOP('',(#1884,#1885,#1886,#1887));
#365=EDGE_LOOP('',(#1888));
#366=EDGE_LOOP('',(#1889));
#367=EDGE_LOOP('',(#1890,#1891,#1892,#1893,#1894,#1895,#1896,#1897));
#368=EDGE_LOOP('',(#1898));
#369=EDGE_LOOP('',(#1899,#1900,#1901,#1902));
#370=EDGE_LOOP('',(#1903,#1904,#1905,#1906));
#371=EDGE_LOOP('',(#1907,#1908,#1909,#1910));
#372=EDGE_LOOP('',(#1911,#1912,#1913,#1914));
#373=EDGE_LOOP('',(#1915,#1916,#1917,#1918));
#374=EDGE_LOOP('',(#1919,#1920,#1921,#1922));
#375=EDGE_LOOP('',(#1923,#1924,#1925,#1926));
#376=EDGE_LOOP('',(#1927,#1928,#1929,#1930));
#377=EDGE_LOOP('',(#1931,#1932,#1933,#1934));
#378=EDGE_LOOP('',(#1935,#1936,#1937,#1938));
#379=EDGE_LOOP('',(#1939,#1940,#1941,#1942));
#380=EDGE_LOOP('',(#1943,#1944,#1945,#1946));
#381=EDGE_LOOP('',(#1947,#1948,#1949,#1950));
#382=EDGE_LOOP('',(#1951,#1952,#1953,#1954));
#383=EDGE_LOOP('',(#1955,#1956,#1957,#1958,#1959,#1960,#1961,#1962,#1963,
#1964,#1965,#1966,#1967,#1968,#1969,#1970));
#384=EDGE_LOOP('',(#1971));
#385=EDGE_LOOP('',(#1972,#1973,#1974));
#386=EDGE_LOOP('',(#1975));
#387=EDGE_LOOP('',(#1976));
#388=EDGE_LOOP('',(#1977,#1978,#1979,#1980));
#389=EDGE_LOOP('',(#1981,#1982,#1983,#1984,#1985,#1986,#1987));
#390=EDGE_LOOP('',(#1988));
#391=EDGE_LOOP('',(#1989,#1990,#1991,#1992));
#392=EDGE_LOOP('',(#1993,#1994,#1995,#1996,#1997,#1998,#1999,#2000,#2001,
#2002,#2003));
#393=EDGE_LOOP('',(#2004,#2005,#2006,#2007,#2008,#2009,#2010,#2011,#2012,
#2013,#2014,#2015));
#394=EDGE_LOOP('',(#2016,#2017,#2018,#2019,#2020,#2021,#2022,#2023,#2024,
#2025,#2026,#2027,#2028,#2029,#2030));
#395=EDGE_LOOP('',(#2031,#2032,#2033,#2034));
#396=EDGE_LOOP('',(#2035,#2036,#2037));
#397=EDGE_LOOP('',(#2038,#2039,#2040,#2041,#2042,#2043));
#398=EDGE_LOOP('',(#2044,#2045,#2046,#2047));
#399=EDGE_LOOP('',(#2048,#2049,#2050,#2051,#2052,#2053,#2054,#2055,#2056,
#2057));
#400=EDGE_LOOP('',(#2058,#2059,#2060,#2061));
#401=EDGE_LOOP('',(#2062,#2063,#2064,#2065));
#402=EDGE_LOOP('',(#2066,#2067,#2068,#2069));
#403=EDGE_LOOP('',(#2070,#2071,#2072,#2073,#2074));
#404=EDGE_LOOP('',(#2075,#2076,#2077,#2078,#2079,#2080,#2081,#2082));
#405=EDGE_LOOP('',(#2083,#2084,#2085,#2086));
#406=EDGE_LOOP('',(#2087,#2088,#2089,#2090));
#407=EDGE_LOOP('',(#2091,#2092,#2093,#2094,#2095));
#408=EDGE_LOOP('',(#2096,#2097,#2098,#2099));
#409=EDGE_LOOP('',(#2100,#2101,#2102,#2103));
#410=EDGE_LOOP('',(#2104,#2105,#2106,#2107,#2108,#2109));
#411=EDGE_LOOP('',(#2110,#2111,#2112,#2113));
#412=EDGE_LOOP('',(#2114,#2115,#2116,#2117));
#413=EDGE_LOOP('',(#2118,#2119,#2120,#2121));
#414=EDGE_LOOP('',(#2122,#2123,#2124,#2125));
#415=EDGE_LOOP('',(#2126,#2127,#2128,#2129,#2130,#2131));
#416=EDGE_LOOP('',(#2132,#2133,#2134,#2135,#2136,#2137,#2138,#2139));
#417=EDGE_LOOP('',(#2140,#2141,#2142,#2143,#2144,#2145,#2146,#2147,#2148,
#2149,#2150,#2151,#2152,#2153,#2154,#2155));
#418=EDGE_LOOP('',(#2156,#2157,#2158,#2159,#2160));
#419=EDGE_LOOP('',(#2161));
#420=EDGE_LOOP('',(#2162));
#421=EDGE_LOOP('',(#2163,#2164,#2165,#2166,#2167,#2168,#2169));
#422=EDGE_LOOP('',(#2170,#2171,#2172,#2173,#2174,#2175,#2176,#2177,#2178,
#2179,#2180,#2181));
#423=EDGE_LOOP('',(#2182,#2183,#2184,#2185,#2186,#2187,#2188,#2189));
#424=EDGE_LOOP('',(#2190,#2191,#2192));
#425=EDGE_LOOP('',(#2193,#2194,#2195));
#426=EDGE_LOOP('',(#2196,#2197,#2198));
#427=EDGE_LOOP('',(#2199,#2200,#2201,#2202,#2203,#2204));
#428=EDGE_LOOP('',(#2205,#2206,#2207,#2208,#2209,#2210,#2211,#2212,#2213,
#2214,#2215,#2216));
#429=EDGE_LOOP('',(#2217,#2218,#2219));
#430=EDGE_LOOP('',(#2220,#2221));
#431=EDGE_LOOP('',(#2222,#2223,#2224));
#432=EDGE_LOOP('',(#2225,#2226));
#433=EDGE_LOOP('',(#2227,#2228,#2229,#2230,#2231));
#434=EDGE_LOOP('',(#2232,#2233,#2234,#2235));
#435=EDGE_LOOP('',(#2236));
#436=EDGE_LOOP('',(#2237));
#437=EDGE_LOOP('',(#2238,#2239,#2240,#2241));
#438=EDGE_LOOP('',(#2242));
#439=EDGE_LOOP('',(#2243));
#440=EDGE_LOOP('',(#2244,#2245,#2246,#2247,#2248,#2249,#2250,#2251,#2252));
#441=EDGE_LOOP('',(#2253,#2254,#2255,#2256,#2257));
#442=EDGE_LOOP('',(#2258,#2259,#2260,#2261,#2262,#2263));
#443=EDGE_LOOP('',(#2264,#2265,#2266,#2267,#2268,#2269,#2270,#2271,#2272));
#444=EDGE_LOOP('',(#2273,#2274,#2275,#2276));
#445=EDGE_LOOP('',(#2277,#2278,#2279,#2280,#2281,#2282,#2283,#2284));
#446=EDGE_LOOP('',(#2285,#2286,#2287,#2288));
#447=EDGE_LOOP('',(#2289,#2290,#2291,#2292));
#448=EDGE_LOOP('',(#2293,#2294,#2295,#2296,#2297,#2298,#2299,#2300,#2301));
#449=EDGE_LOOP('',(#2302,#2303,#2304,#2305));
#450=EDGE_LOOP('',(#2306,#2307,#2308,#2309,#2310,#2311,#2312,#2313,#2314));
#451=EDGE_LOOP('',(#2315,#2316,#2317,#2318));
#452=EDGE_LOOP('',(#2319,#2320,#2321,#2322,#2323,#2324,#2325,#2326));
#453=EDGE_LOOP('',(#2327,#2328,#2329,#2330));
#454=EDGE_LOOP('',(#2331,#2332,#2333,#2334));
#455=EDGE_LOOP('',(#2335,#2336,#2337,#2338));
#456=EDGE_LOOP('',(#2339,#2340,#2341,#2342));
#457=EDGE_LOOP('',(#2343,#2344,#2345,#2346));
#458=EDGE_LOOP('',(#2347,#2348,#2349,#2350));
#459=EDGE_LOOP('',(#2351,#2352,#2353,#2354));
#460=EDGE_LOOP('',(#2355,#2356,#2357,#2358,#2359,#2360,#2361,#2362));
#461=EDGE_LOOP('',(#2363,#2364,#2365,#2366,#2367,#2368,#2369,#2370));
#462=EDGE_LOOP('',(#2371));
#463=EDGE_LOOP('',(#2372,#2373,#2374,#2375,#2376,#2377));
#464=EDGE_LOOP('',(#2378,#2379,#2380,#2381,#2382,#2383,#2384,#2385,#2386,
#2387,#2388,#2389));
#465=EDGE_LOOP('',(#2390,#2391,#2392,#2393));
#466=EDGE_LOOP('',(#2394,#2395,#2396,#2397));
#467=EDGE_LOOP('',(#2398,#2399,#2400,#2401));
#468=EDGE_LOOP('',(#2402,#2403,#2404,#2405,#2406,#2407));
#469=EDGE_LOOP('',(#2408,#2409,#2410,#2411));
#470=EDGE_LOOP('',(#2412,#2413,#2414,#2415,#2416,#2417,#2418,#2419));
#471=EDGE_LOOP('',(#2420,#2421,#2422,#2423,#2424,#2425,#2426,#2427));
#472=EDGE_LOOP('',(#2428,#2429));
#473=EDGE_LOOP('',(#2430));
#474=EDGE_LOOP('',(#2431,#2432,#2433,#2434,#2435,#2436,#2437,#2438));
#475=EDGE_LOOP('',(#2439,#2440,#2441,#2442,#2443,#2444));
#476=EDGE_LOOP('',(#2445,#2446,#2447));
#477=EDGE_LOOP('',(#2448,#2449,#2450));
#478=EDGE_LOOP('',(#2451,#2452,#2453,#2454));
#479=EDGE_LOOP('',(#2455,#2456,#2457,#2458));
#480=EDGE_LOOP('',(#2459,#2460,#2461,#2462));
#481=EDGE_LOOP('',(#2463));
#482=EDGE_LOOP('',(#2464,#2465,#2466,#2467));
#483=EDGE_LOOP('',(#2468,#2469,#2470,#2471));
#484=EDGE_LOOP('',(#2472,#2473,#2474,#2475));
#485=EDGE_LOOP('',(#2476,#2477,#2478,#2479));
#486=EDGE_LOOP('',(#2480,#2481,#2482,#2483));
#487=EDGE_LOOP('',(#2484,#2485,#2486,#2487));
#488=EDGE_LOOP('',(#2488,#2489,#2490,#2491));
#489=EDGE_LOOP('',(#2492));
#490=EDGE_LOOP('',(#2493,#2494,#2495,#2496));
#491=EDGE_LOOP('',(#2497,#2498,#2499,#2500));
#492=EDGE_LOOP('',(#2501,#2502,#2503,#2504));
#493=EDGE_LOOP('',(#2505,#2506,#2507,#2508));
#494=EDGE_LOOP('',(#2509,#2510,#2511,#2512));
#495=EDGE_LOOP('',(#2513,#2514,#2515,#2516,#2517));
#496=EDGE_LOOP('',(#2518,#2519,#2520,#2521));
#497=EDGE_LOOP('',(#2522,#2523,#2524,#2525));
#498=EDGE_LOOP('',(#2526,#2527,#2528,#2529,#2530));
#499=EDGE_LOOP('',(#2531,#2532,#2533,#2534));
#500=EDGE_LOOP('',(#2535,#2536,#2537,#2538,#2539));
#501=EDGE_LOOP('',(#2540,#2541,#2542,#2543,#2544,#2545));
#502=EDGE_LOOP('',(#2546,#2547,#2548,#2549));
#503=EDGE_LOOP('',(#2550,#2551,#2552,#2553,#2554,#2555));
#504=EDGE_LOOP('',(#2556,#2557,#2558,#2559));
#505=EDGE_LOOP('',(#2560,#2561,#2562,#2563,#2564,#2565));
#506=EDGE_LOOP('',(#2566,#2567,#2568,#2569,#2570));
#507=EDGE_LOOP('',(#2571,#2572,#2573,#2574,#2575,#2576,#2577,#2578,#2579,
#2580,#2581,#2582));
#508=EDGE_LOOP('',(#2583,#2584,#2585,#2586));
#509=LINE('',#3743,#798);
#510=LINE('',#3746,#799);
#511=LINE('',#3749,#800);
#512=LINE('',#3751,#801);
#513=LINE('',#3752,#802);
#514=LINE('',#3755,#803);
#515=LINE('',#3759,#804);
#516=LINE('',#3763,#805);
#517=LINE('',#3767,#806);
#518=LINE('',#3771,#807);
#519=LINE('',#3775,#808);
#520=LINE('',#3779,#809);
#521=LINE('',#3784,#810);
#522=LINE('',#3787,#811);
#523=LINE('',#3788,#812);
#524=LINE('',#3793,#813);
#525=LINE('',#3794,#814);
#526=LINE('',#3797,#815);
#527=LINE('',#3798,#816);
#528=LINE('',#3805,#817);
#529=LINE('',#3806,#818);
#530=LINE('',#3809,#819);
#531=LINE('',#3810,#820);
#532=LINE('',#3813,#821);
#533=LINE('',#3817,#822);
#534=LINE('',#3821,#823);
#535=LINE('',#3826,#824);
#536=LINE('',#3828,#825);
#537=LINE('',#3830,#826);
#538=LINE('',#3831,#827);
#539=LINE('',#3834,#828);
#540=LINE('',#3837,#829);
#541=LINE('',#3843,#830);
#542=LINE('',#3849,#831);
#543=LINE('',#3851,#832);
#544=LINE('',#3853,#833);
#545=LINE('',#3854,#834);
#546=LINE('',#3858,#835);
#547=LINE('',#3860,#836);
#548=LINE('',#3862,#837);
#549=LINE('',#3863,#838);
#550=LINE('',#3865,#839);
#551=LINE('',#3866,#840);
#552=LINE('',#3870,#841);
#553=LINE('',#3872,#842);
#554=LINE('',#3874,#843);
#555=LINE('',#3875,#844);
#556=LINE('',#3879,#845);
#557=LINE('',#3881,#846);
#558=LINE('',#3883,#847);
#559=LINE('',#3884,#848);
#560=LINE('',#3886,#849);
#561=LINE('',#3887,#850);
#562=LINE('',#3891,#851);
#563=LINE('',#3893,#852);
#564=LINE('',#3895,#853);
#565=LINE('',#3896,#854);
#566=LINE('',#3900,#855);
#567=LINE('',#3902,#856);
#568=LINE('',#3904,#857);
#569=LINE('',#3905,#858);
#570=LINE('',#3907,#859);
#571=LINE('',#3908,#860);
#572=LINE('',#3912,#861);
#573=LINE('',#3914,#862);
#574=LINE('',#3916,#863);
#575=LINE('',#3917,#864);
#576=LINE('',#3921,#865);
#577=LINE('',#3923,#866);
#578=LINE('',#3925,#867);
#579=LINE('',#3926,#868);
#580=LINE('',#3928,#869);
#581=LINE('',#3929,#870);
#582=LINE('',#4010,#871);
#583=LINE('',#4013,#872);
#584=LINE('',#4015,#873);
#585=LINE('',#4041,#874);
#586=LINE('',#4064,#875);
#587=LINE('',#4258,#876);
#588=LINE('',#4314,#877);
#589=LINE('',#4327,#878);
#590=LINE('',#4330,#879);
#591=LINE('',#4332,#880);
#592=LINE('',#4333,#881);
#593=LINE('',#4337,#882);
#594=LINE('',#4339,#883);
#595=LINE('',#4341,#884);
#596=LINE('',#4342,#885);
#597=LINE('',#4345,#886);
#598=LINE('',#4347,#887);
#599=LINE('',#4349,#888);
#600=LINE('',#4354,#889);
#601=LINE('',#4355,#890);
#602=LINE('',#4359,#891);
#603=LINE('',#4361,#892);
#604=LINE('',#4363,#893);
#605=LINE('',#4364,#894);
#606=LINE('',#4368,#895);
#607=LINE('',#4370,#896);
#608=LINE('',#4372,#897);
#609=LINE('',#4373,#898);
#610=LINE('',#4378,#899);
#611=LINE('',#4379,#900);
#612=LINE('',#4383,#901);
#613=LINE('',#4384,#902);
#614=LINE('',#4387,#903);
#615=LINE('',#4389,#904);
#616=LINE('',#4391,#905);
#617=LINE('',#4393,#906);
#618=LINE('',#4395,#907);
#619=LINE('',#4397,#908);
#620=LINE('',#4398,#909);
#621=LINE('',#4401,#910);
#622=LINE('',#4403,#911);
#623=LINE('',#4404,#912);
#624=LINE('',#4409,#913);
#625=LINE('',#4410,#914);
#626=LINE('',#4414,#915);
#627=LINE('',#4415,#916);
#628=LINE('',#4423,#917);
#629=LINE('',#4429,#918);
#630=LINE('',#4438,#919);
#631=LINE('',#4443,#920);
#632=LINE('',#4445,#921);
#633=LINE('',#4446,#922);
#634=LINE('',#4451,#923);
#635=LINE('',#4461,#924);
#636=LINE('',#4463,#925);
#637=LINE('',#4464,#926);
#638=LINE('',#4466,#927);
#639=LINE('',#4467,#928);
#640=LINE('',#4469,#929);
#641=LINE('',#4471,#930);
#642=LINE('',#4472,#931);
#643=LINE('',#4473,#932);
#644=LINE('',#4475,#933);
#645=LINE('',#4477,#934);
#646=LINE('',#4478,#935);
#647=LINE('',#4480,#936);
#648=LINE('',#4484,#937);
#649=LINE('',#4485,#938);
#650=LINE('',#4487,#939);
#651=LINE('',#4488,#940);
#652=LINE('',#4490,#941);
#653=LINE('',#4527,#942);
#654=LINE('',#4532,#943);
#655=LINE('',#4536,#944);
#656=LINE('',#4537,#945);
#657=LINE('',#4539,#946);
#658=LINE('',#4541,#947);
#659=LINE('',#4546,#948);
#660=LINE('',#4548,#949);
#661=LINE('',#4550,#950);
#662=LINE('',#4551,#951);
#663=LINE('',#4554,#952);
#664=LINE('',#4556,#953);
#665=LINE('',#4558,#954);
#666=LINE('',#4560,#955);
#667=LINE('',#4562,#956);
#668=LINE('',#4564,#957);
#669=LINE('',#4565,#958);
#670=LINE('',#4569,#959);
#671=LINE('',#4571,#960);
#672=LINE('',#4573,#961);
#673=LINE('',#4574,#962);
#674=LINE('',#4578,#963);
#675=LINE('',#4579,#964);
#676=LINE('',#4580,#965);
#677=LINE('',#4582,#966);
#678=LINE('',#4584,#967);
#679=LINE('',#4586,#968);
#680=LINE('',#4588,#969);
#681=LINE('',#4589,#970);
#682=LINE('',#4592,#971);
#683=LINE('',#4593,#972);
#684=LINE('',#4596,#973);
#685=LINE('',#4598,#974);
#686=LINE('',#4599,#975);
#687=LINE('',#4600,#976);
#688=LINE('',#4604,#977);
#689=LINE('',#4605,#978);
#690=LINE('',#4606,#979);
#691=LINE('',#4609,#980);
#692=LINE('',#4611,#981);
#693=LINE('',#4613,#982);
#694=LINE('',#4615,#983);
#695=LINE('',#4617,#984);
#696=LINE('',#4618,#985);
#697=LINE('',#4621,#986);
#698=LINE('',#4622,#987);
#699=LINE('',#4626,#988);
#700=LINE('',#4628,#989);
#701=LINE('',#4630,#990);
#702=LINE('',#4631,#991);
#703=LINE('',#4635,#992);
#704=LINE('',#4637,#993);
#705=LINE('',#4639,#994);
#706=LINE('',#4640,#995);
#707=LINE('',#4642,#996);
#708=LINE('',#4643,#997);
#709=LINE('',#4646,#998);
#710=LINE('',#4648,#999);
#711=LINE('',#4650,#1000);
#712=LINE('',#4651,#1001);
#713=LINE('',#4654,#1002);
#714=LINE('',#4656,#1003);
#715=LINE('',#4657,#1004);
#716=LINE('',#4659,#1005);
#717=LINE('',#4660,#1006);
#718=LINE('',#4663,#1007);
#719=LINE('',#4664,#1008);
#720=LINE('',#4666,#1009);
#721=LINE('',#4668,#1010);
#722=LINE('',#4670,#1011);
#723=LINE('',#4671,#1012);
#724=LINE('',#4674,#1013);
#725=LINE('',#4676,#1014);
#726=LINE('',#4677,#1015);
#727=LINE('',#4681,#1016);
#728=LINE('',#4683,#1017);
#729=LINE('',#4684,#1018);
#730=LINE('',#4686,#1019);
#731=LINE('',#4689,#1020);
#732=LINE('',#4692,#1021);
#733=LINE('',#4693,#1022);
#734=LINE('',#4695,#1023);
#735=LINE('',#4699,#1024);
#736=LINE('',#4701,#1025);
#737=LINE('',#4702,#1026);
#738=LINE('',#4708,#1027);
#739=LINE('',#4718,#1028);
#740=LINE('',#4720,#1029);
#741=LINE('',#4731,#1030);
#742=LINE('',#4736,#1031);
#743=LINE('',#4741,#1032);
#744=LINE('',#4743,#1033);
#745=LINE('',#4745,#1034);
#746=LINE('',#4746,#1035);
#747=LINE('',#4749,#1036);
#748=LINE('',#4751,#1037);
#749=LINE('',#4752,#1038);
#750=LINE('',#4755,#1039);
#751=LINE('',#4756,#1040);
#752=LINE('',#4760,#1041);
#753=LINE('',#4762,#1042);
#754=LINE('',#4764,#1043);
#755=LINE('',#4765,#1044);
#756=LINE('',#4768,#1045);
#757=LINE('',#4770,#1046);
#758=LINE('',#4771,#1047);
#759=LINE('',#4774,#1048);
#760=LINE('',#4776,#1049);
#761=LINE('',#4777,#1050);
#762=LINE('',#4779,#1051);
#763=LINE('',#4780,#1052);
#764=LINE('',#4784,#1053);
#765=LINE('',#4785,#1054);
#766=LINE('',#4787,#1055);
#767=LINE('',#4791,#1056);
#768=LINE('',#4793,#1057);
#769=LINE('',#4795,#1058);
#770=LINE('',#4796,#1059);
#771=LINE('',#4800,#1060);
#772=LINE('',#4802,#1061);
#773=LINE('',#4804,#1062);
#774=LINE('',#4805,#1063);
#775=LINE('',#4811,#1064);
#776=LINE('',#4813,#1065);
#777=LINE('',#4814,#1066);
#778=LINE('',#4818,#1067);
#779=LINE('',#4819,#1068);
#780=LINE('',#4822,#1069);
#781=LINE('',#4824,#1070);
#782=LINE('',#4825,#1071);
#783=LINE('',#4830,#1072);
#784=LINE('',#4831,#1073);
#785=LINE('',#4835,#1074);
#786=LINE('',#4837,#1075);
#787=LINE('',#4840,#1076);
#788=LINE('',#4842,#1077);
#789=LINE('',#4843,#1078);
#790=LINE('',#4848,#1079);
#791=LINE('',#4852,#1080);
#792=LINE('',#4854,#1081);
#793=LINE('',#4855,#1082);
#794=LINE('',#4858,#1083);
#795=LINE('',#4860,#1084);
#796=LINE('',#4864,#1085);
#797=LINE('',#4866,#1086);
#798=VECTOR('',#3007,10.);
#799=VECTOR('',#3010,10.);
#800=VECTOR('',#3013,10.);
#801=VECTOR('',#3014,10.);
#802=VECTOR('',#3015,10.);
#803=VECTOR('',#3018,10.);
#804=VECTOR('',#3021,10.);
#805=VECTOR('',#3024,10.);
#806=VECTOR('',#3027,10.);
#807=VECTOR('',#3030,10.);
#808=VECTOR('',#3033,10.);
#809=VECTOR('',#3036,10.);
#810=VECTOR('',#3043,10.);
#811=VECTOR('',#3046,10.);
#812=VECTOR('',#3047,10.);
#813=VECTOR('',#3052,10.);
#814=VECTOR('',#3053,10.);
#815=VECTOR('',#3056,10.);
#816=VECTOR('',#3057,10.);
#817=VECTOR('',#3066,10.);
#818=VECTOR('',#3067,10.);
#819=VECTOR('',#3070,10.);
#820=VECTOR('',#3071,10.);
#821=VECTOR('',#3074,10.);
#822=VECTOR('',#3077,10.);
#823=VECTOR('',#3080,10.);
#824=VECTOR('',#3087,10.);
#825=VECTOR('',#3090,10.);
#826=VECTOR('',#3093,10.);
#827=VECTOR('',#3094,10.);
#828=VECTOR('',#3099,10.);
#829=VECTOR('',#3102,2.0125);
#830=VECTOR('',#3111,10.);
#831=VECTOR('',#3118,10.);
#832=VECTOR('',#3119,10.);
#833=VECTOR('',#3120,10.);
#834=VECTOR('',#3121,10.);
#835=VECTOR('',#3124,10.);
#836=VECTOR('',#3125,10.);
#837=VECTOR('',#3126,10.);
#838=VECTOR('',#3127,10.);
#839=VECTOR('',#3130,10.);
#840=VECTOR('',#3131,10.);
#841=VECTOR('',#3134,10.);
#842=VECTOR('',#3135,10.);
#843=VECTOR('',#3136,10.);
#844=VECTOR('',#3137,10.);
#845=VECTOR('',#3140,10.);
#846=VECTOR('',#3141,10.);
#847=VECTOR('',#3142,10.);
#848=VECTOR('',#3143,10.);
#849=VECTOR('',#3146,10.);
#850=VECTOR('',#3147,10.);
#851=VECTOR('',#3150,10.);
#852=VECTOR('',#3151,10.);
#853=VECTOR('',#3152,10.);
#854=VECTOR('',#3153,10.);
#855=VECTOR('',#3156,10.);
#856=VECTOR('',#3157,10.);
#857=VECTOR('',#3158,10.);
#858=VECTOR('',#3159,10.);
#859=VECTOR('',#3162,10.);
#860=VECTOR('',#3163,10.);
#861=VECTOR('',#3166,10.);
#862=VECTOR('',#3167,10.);
#863=VECTOR('',#3168,10.);
#864=VECTOR('',#3169,10.);
#865=VECTOR('',#3172,10.);
#866=VECTOR('',#3173,10.);
#867=VECTOR('',#3174,10.);
#868=VECTOR('',#3175,10.);
#869=VECTOR('',#3178,10.);
#870=VECTOR('',#3179,10.);
#871=VECTOR('',#3204,2.7);
#872=VECTOR('',#3207,10.);
#873=VECTOR('',#3208,10.);
#874=VECTOR('',#3209,10.);
#875=VECTOR('',#3214,10.);
#876=VECTOR('',#3229,3.25);
#877=VECTOR('',#3242,4.67725371270789);
#878=VECTOR('',#3245,10.);
#879=VECTOR('',#3248,10.);
#880=VECTOR('',#3249,10.);
#881=VECTOR('',#3250,10.);
#882=VECTOR('',#3253,10.);
#883=VECTOR('',#3254,10.);
#884=VECTOR('',#3255,10.);
#885=VECTOR('',#3256,10.);
#886=VECTOR('',#3259,10.);
#887=VECTOR('',#3260,10.);
#888=VECTOR('',#3261,10.);
#889=VECTOR('',#3266,10.);
#890=VECTOR('',#3267,10.);
#891=VECTOR('',#3270,10.);
#892=VECTOR('',#3271,10.);
#893=VECTOR('',#3272,10.);
#894=VECTOR('',#3273,10.);
#895=VECTOR('',#3276,10.);
#896=VECTOR('',#3277,10.);
#897=VECTOR('',#3278,10.);
#898=VECTOR('',#3279,10.);
#899=VECTOR('',#3284,10.);
#900=VECTOR('',#3285,10.);
#901=VECTOR('',#3290,10.);
#902=VECTOR('',#3291,10.);
#903=VECTOR('',#3294,10.);
#904=VECTOR('',#3295,10.);
#905=VECTOR('',#3296,10.);
#906=VECTOR('',#3297,10.);
#907=VECTOR('',#3298,10.);
#908=VECTOR('',#3299,10.);
#909=VECTOR('',#3300,10.);
#910=VECTOR('',#3303,10.);
#911=VECTOR('',#3304,10.);
#912=VECTOR('',#3305,10.);
#913=VECTOR('',#3310,10.);
#914=VECTOR('',#3311,10.);
#915=VECTOR('',#3316,10.);
#916=VECTOR('',#3317,10.);
#917=VECTOR('',#3330,10.);
#918=VECTOR('',#3337,10.);
#919=VECTOR('',#3350,10.);
#920=VECTOR('',#3357,10.);
#921=VECTOR('',#3360,10.);
#922=VECTOR('',#3361,10.);
#923=VECTOR('',#3366,4.418290349716);
#924=VECTOR('',#3377,10.);
#925=VECTOR('',#3378,10.);
#926=VECTOR('',#3379,10.);
#927=VECTOR('',#3380,10.);
#928=VECTOR('',#3381,10.);
#929=VECTOR('',#3384,10.);
#930=VECTOR('',#3385,10.);
#931=VECTOR('',#3386,10.);
#932=VECTOR('',#3387,10.);
#933=VECTOR('',#3390,10.);
#934=VECTOR('',#3391,10.);
#935=VECTOR('',#3392,10.);
#936=VECTOR('',#3395,10.);
#937=VECTOR('',#3400,10.);
#938=VECTOR('',#3401,10.);
#939=VECTOR('',#3404,10.);
#940=VECTOR('',#3405,10.);
#941=VECTOR('',#3408,10.);
#942=VECTOR('',#3423,4.1);
#943=VECTOR('',#3430,4.0125);
#944=VECTOR('',#3437,10.);
#945=VECTOR('',#3438,10.);
#946=VECTOR('',#3441,10.);
#947=VECTOR('',#3444,10.);
#948=VECTOR('',#3449,10.);
#949=VECTOR('',#3450,10.);
#950=VECTOR('',#3451,10.);
#951=VECTOR('',#3452,10.);
#952=VECTOR('',#3455,10.);
#953=VECTOR('',#3456,10.);
#954=VECTOR('',#3457,10.);
#955=VECTOR('',#3458,10.);
#956=VECTOR('',#3459,10.);
#957=VECTOR('',#3460,10.);
#958=VECTOR('',#3461,10.);
#959=VECTOR('',#3464,10.);
#960=VECTOR('',#3465,10.);
#961=VECTOR('',#3466,10.);
#962=VECTOR('',#3467,10.);
#963=VECTOR('',#3470,10.);
#964=VECTOR('',#3471,10.);
#965=VECTOR('',#3472,10.);
#966=VECTOR('',#3475,10.);
#967=VECTOR('',#3476,10.);
#968=VECTOR('',#3477,10.);
#969=VECTOR('',#3478,10.);
#970=VECTOR('',#3479,10.);
#971=VECTOR('',#3482,10.);
#972=VECTOR('',#3483,10.);
#973=VECTOR('',#3486,10.);
#974=VECTOR('',#3487,10.);
#975=VECTOR('',#3488,10.);
#976=VECTOR('',#3489,10.);
#977=VECTOR('',#3492,10.);
#978=VECTOR('',#3493,10.);
#979=VECTOR('',#3494,10.);
#980=VECTOR('',#3497,10.);
#981=VECTOR('',#3498,10.);
#982=VECTOR('',#3499,10.);
#983=VECTOR('',#3500,10.);
#984=VECTOR('',#3501,10.);
#985=VECTOR('',#3502,10.);
#986=VECTOR('',#3505,10.);
#987=VECTOR('',#3506,10.);
#988=VECTOR('',#3509,10.);
#989=VECTOR('',#3510,10.);
#990=VECTOR('',#3511,10.);
#991=VECTOR('',#3512,10.);
#992=VECTOR('',#3515,10.);
#993=VECTOR('',#3516,10.);
#994=VECTOR('',#3517,10.);
#995=VECTOR('',#3518,10.);
#996=VECTOR('',#3521,10.);
#997=VECTOR('',#3522,10.);
#998=VECTOR('',#3523,10.);
#999=VECTOR('',#3524,10.);
#1000=VECTOR('',#3525,10.);
#1001=VECTOR('',#3526,10.);
#1002=VECTOR('',#3529,10.);
#1003=VECTOR('',#3530,10.);
#1004=VECTOR('',#3531,10.);
#1005=VECTOR('',#3534,10.);
#1006=VECTOR('',#3535,10.);
#1007=VECTOR('',#3538,10.);
#1008=VECTOR('',#3539,10.);
#1009=VECTOR('',#3540,10.);
#1010=VECTOR('',#3541,10.);
#1011=VECTOR('',#3542,10.);
#1012=VECTOR('',#3543,10.);
#1013=VECTOR('',#3546,10.);
#1014=VECTOR('',#3547,10.);
#1015=VECTOR('',#3548,10.);
#1016=VECTOR('',#3553,10.);
#1017=VECTOR('',#3554,10.);
#1018=VECTOR('',#3555,10.);
#1019=VECTOR('',#3558,10.);
#1020=VECTOR('',#3563,10.);
#1021=VECTOR('',#3566,10.);
#1022=VECTOR('',#3567,10.);
#1023=VECTOR('',#3570,10.);
#1024=VECTOR('',#3575,10.);
#1025=VECTOR('',#3576,10.);
#1026=VECTOR('',#3577,10.);
#1027=VECTOR('',#3584,10.);
#1028=VECTOR('',#3591,10.);
#1029=VECTOR('',#3592,10.);
#1030=VECTOR('',#3605,3.6);
#1031=VECTOR('',#3610,0.5);
#1032=VECTOR('',#3615,10.);
#1033=VECTOR('',#3616,10.);
#1034=VECTOR('',#3617,10.);
#1035=VECTOR('',#3618,10.);
#1036=VECTOR('',#3621,10.);
#1037=VECTOR('',#3622,10.);
#1038=VECTOR('',#3623,10.);
#1039=VECTOR('',#3626,10.);
#1040=VECTOR('',#3627,10.);
#1041=VECTOR('',#3630,10.);
#1042=VECTOR('',#3631,10.);
#1043=VECTOR('',#3632,10.);
#1044=VECTOR('',#3633,10.);
#1045=VECTOR('',#3636,10.);
#1046=VECTOR('',#3637,10.);
#1047=VECTOR('',#3638,10.);
#1048=VECTOR('',#3641,10.);
#1049=VECTOR('',#3642,10.);
#1050=VECTOR('',#3643,10.);
#1051=VECTOR('',#3646,10.);
#1052=VECTOR('',#3647,10.);
#1053=VECTOR('',#3652,10.);
#1054=VECTOR('',#3653,10.);
#1055=VECTOR('',#3656,10.);
#1056=VECTOR('',#3659,10.);
#1057=VECTOR('',#3660,10.);
#1058=VECTOR('',#3661,10.);
#1059=VECTOR('',#3662,10.);
#1060=VECTOR('',#3665,10.);
#1061=VECTOR('',#3666,10.);
#1062=VECTOR('',#3667,10.);
#1063=VECTOR('',#3668,10.);
#1064=VECTOR('',#3673,10.);
#1065=VECTOR('',#3674,10.);
#1066=VECTOR('',#3675,10.);
#1067=VECTOR('',#3680,10.);
#1068=VECTOR('',#3681,10.);
#1069=VECTOR('',#3684,10.);
#1070=VECTOR('',#3685,10.);
#1071=VECTOR('',#3686,10.);
#1072=VECTOR('',#3691,10.);
#1073=VECTOR('',#3692,10.);
#1074=VECTOR('',#3697,10.);
#1075=VECTOR('',#3700,10.);
#1076=VECTOR('',#3703,10.);
#1077=VECTOR('',#3704,10.);
#1078=VECTOR('',#3705,10.);
#1079=VECTOR('',#3710,10.);
#1080=VECTOR('',#3715,10.);
#1081=VECTOR('',#3716,10.);
#1082=VECTOR('',#3717,10.);
#1083=VECTOR('',#3720,10.);
#1084=VECTOR('',#3721,10.);
#1085=VECTOR('',#3728,10.);
#1086=VECTOR('',#3731,10.);
#1087=CIRCLE('',#2778,2.93);
#1088=CIRCLE('',#2779,2.93);
#1089=CIRCLE('',#2782,2.93);
#1090=CIRCLE('',#2783,2.93);
#1091=CIRCLE('',#2784,2.93);
#1092=CIRCLE('',#2785,2.);
#1093=CIRCLE('',#2786,2.);
#1094=CIRCLE('',#2787,2.);
#1095=CIRCLE('',#2788,2.);
#1096=CIRCLE('',#2790,2.93);
#1097=CIRCLE('',#2793,2.93);
#1098=CIRCLE('',#2796,2.93);
#1099=CIRCLE('',#2798,2.);
#1100=CIRCLE('',#2801,2.);
#1101=CIRCLE('',#2802,2.);
#1102=CIRCLE('',#2803,2.);
#1103=CIRCLE('',#2804,2.0625);
#1104=CIRCLE('',#2811,2.0625);
#1105=CIRCLE('',#2813,3.6);
#1106=CIRCLE('',#2830,3.025);
#1107=CIRCLE('',#2831,3.025);
#1108=CIRCLE('',#2832,3.025);
#1109=CIRCLE('',#2833,3.025);
#1110=CIRCLE('',#2834,4.0995);
#1111=CIRCLE('',#2836,4.12460980347816);
#1112=CIRCLE('',#2838,2.7);
#1113=CIRCLE('',#2840,2.7);
#1114=CIRCLE('',#2843,4.);
#1115=CIRCLE('',#2844,4.);
#1116=CIRCLE('',#2845,4.);
#1117=CIRCLE('',#2846,4.);
#1118=CIRCLE('',#2847,4.);
#1119=CIRCLE('',#2848,4.);
#1120=CIRCLE('',#2850,3.25);
#1121=CIRCLE('',#2856,3.25);
#1122=CIRCLE('',#2876,3.025);
#1123=CIRCLE('',#2878,3.025);
#1124=CIRCLE('',#2880,3.);
#1125=CIRCLE('',#2882,3.);
#1126=CIRCLE('',#2883,3.00000000345514);
#1127=CIRCLE('',#2885,3.025);
#1128=CIRCLE('',#2887,3.025);
#1129=CIRCLE('',#2889,3.);
#1130=CIRCLE('',#2890,3.00000000345514);
#1131=CIRCLE('',#2892,3.);
#1132=CIRCLE('',#2895,4.418290349716);
#1133=CIRCLE('',#2896,4.418290349716);
#1134=CIRCLE('',#2897,4.418290349716);
#1135=CIRCLE('',#2899,4.1);
#1136=CIRCLE('',#2912,3.60000000000001);
#1137=CIRCLE('',#2913,4.27750741738567);
#1138=CIRCLE('',#2915,4.1);
#1139=CIRCLE('',#2918,4.0995);
#1140=CIRCLE('',#2941,2.49999999999551);
#1141=CIRCLE('',#2951,4.);
#1142=CIRCLE('',#2953,4.);
#1143=CIRCLE('',#2954,3.48825116573586);
#1144=CIRCLE('',#2957,4.);
#1145=CIRCLE('',#2958,4.);
#1146=CIRCLE('',#2963,0.5);
#1147=CIRCLE('',#2964,0.5);
#1148=CIRCLE('',#2989,3.);
#1149=CIRCLE('',#2993,3.);
#1150=VERTEX_POINT('',#3739);
#1151=VERTEX_POINT('',#3740);
#1152=VERTEX_POINT('',#3742);
#1153=VERTEX_POINT('',#3744);
#1154=VERTEX_POINT('',#3748);
#1155=VERTEX_POINT('',#3750);
#1156=VERTEX_POINT('',#3754);
#1157=VERTEX_POINT('',#3756);
#1158=VERTEX_POINT('',#3758);
#1159=VERTEX_POINT('',#3760);
#1160=VERTEX_POINT('',#3762);
#1161=VERTEX_POINT('',#3765);
#1162=VERTEX_POINT('',#3766);
#1163=VERTEX_POINT('',#3768);
#1164=VERTEX_POINT('',#3770);
#1165=VERTEX_POINT('',#3772);
#1166=VERTEX_POINT('',#3774);
#1167=VERTEX_POINT('',#3776);
#1168=VERTEX_POINT('',#3778);
#1169=VERTEX_POINT('',#3782);
#1170=VERTEX_POINT('',#3786);
#1171=VERTEX_POINT('',#3790);
#1172=VERTEX_POINT('',#3791);
#1173=VERTEX_POINT('',#3796);
#1174=VERTEX_POINT('',#3802);
#1175=VERTEX_POINT('',#3803);
#1176=VERTEX_POINT('',#3808);
#1177=VERTEX_POINT('',#3812);
#1178=VERTEX_POINT('',#3814);
#1179=VERTEX_POINT('',#3816);
#1180=VERTEX_POINT('',#3818);
#1181=VERTEX_POINT('',#3820);
#1182=VERTEX_POINT('',#3823);
#1183=VERTEX_POINT('',#3836);
#1184=VERTEX_POINT('',#3840);
#1185=VERTEX_POINT('',#3847);
#1186=VERTEX_POINT('',#3848);
#1187=VERTEX_POINT('',#3850);
#1188=VERTEX_POINT('',#3852);
#1189=VERTEX_POINT('',#3856);
#1190=VERTEX_POINT('',#3857);
#1191=VERTEX_POINT('',#3859);
#1192=VERTEX_POINT('',#3861);
#1193=VERTEX_POINT('',#3868);
#1194=VERTEX_POINT('',#3869);
#1195=VERTEX_POINT('',#3871);
#1196=VERTEX_POINT('',#3873);
#1197=VERTEX_POINT('',#3877);
#1198=VERTEX_POINT('',#3878);
#1199=VERTEX_POINT('',#3880);
#1200=VERTEX_POINT('',#3882);
#1201=VERTEX_POINT('',#3889);
#1202=VERTEX_POINT('',#3890);
#1203=VERTEX_POINT('',#3892);
#1204=VERTEX_POINT('',#3894);
#1205=VERTEX_POINT('',#3898);
#1206=VERTEX_POINT('',#3899);
#1207=VERTEX_POINT('',#3901);
#1208=VERTEX_POINT('',#3903);
#1209=VERTEX_POINT('',#3910);
#1210=VERTEX_POINT('',#3911);
#1211=VERTEX_POINT('',#3913);
#1212=VERTEX_POINT('',#3915);
#1213=VERTEX_POINT('',#3919);
#1214=VERTEX_POINT('',#3920);
#1215=VERTEX_POINT('',#3922);
#1216=VERTEX_POINT('',#3924);
#1217=VERTEX_POINT('',#3935);
#1218=VERTEX_POINT('',#3938);
#1219=VERTEX_POINT('',#3939);
#1220=VERTEX_POINT('',#3946);
#1221=VERTEX_POINT('',#3955);
#1222=VERTEX_POINT('',#4005);
#1223=VERTEX_POINT('',#4008);
#1224=VERTEX_POINT('',#4012);
#1225=VERTEX_POINT('',#4014);
#1226=VERTEX_POINT('',#4016);
#1227=VERTEX_POINT('',#4027);
#1228=VERTEX_POINT('',#4040);
#1229=VERTEX_POINT('',#4061);
#1230=VERTEX_POINT('',#4063);
#1231=VERTEX_POINT('',#4094);
#1232=VERTEX_POINT('',#4099);
#1233=VERTEX_POINT('',#4113);
#1234=VERTEX_POINT('',#4118);
#1235=VERTEX_POINT('',#4120);
#1236=VERTEX_POINT('',#4125);
#1237=VERTEX_POINT('',#4139);
#1238=VERTEX_POINT('',#4144);
#1239=VERTEX_POINT('',#4188);
#1240=VERTEX_POINT('',#4203);
#1241=VERTEX_POINT('',#4205);
#1242=VERTEX_POINT('',#4210);
#1243=VERTEX_POINT('',#4224);
#1244=VERTEX_POINT('',#4229);
#1245=VERTEX_POINT('',#4231);
#1246=VERTEX_POINT('',#4236);
#1247=VERTEX_POINT('',#4255);
#1248=VERTEX_POINT('',#4256);
#1249=VERTEX_POINT('',#4259);
#1250=VERTEX_POINT('',#4261);
#1251=VERTEX_POINT('',#4263);
#1252=VERTEX_POINT('',#4265);
#1253=VERTEX_POINT('',#4313);
#1254=VERTEX_POINT('',#4329);
#1255=VERTEX_POINT('',#4331);
#1256=VERTEX_POINT('',#4335);
#1257=VERTEX_POINT('',#4336);
#1258=VERTEX_POINT('',#4338);
#1259=VERTEX_POINT('',#4340);
#1260=VERTEX_POINT('',#4344);
#1261=VERTEX_POINT('',#4346);
#1262=VERTEX_POINT('',#4348);
#1263=VERTEX_POINT('',#4351);
#1264=VERTEX_POINT('',#4353);
#1265=VERTEX_POINT('',#4357);
#1266=VERTEX_POINT('',#4358);
#1267=VERTEX_POINT('',#4360);
#1268=VERTEX_POINT('',#4362);
#1269=VERTEX_POINT('',#4366);
#1270=VERTEX_POINT('',#4367);
#1271=VERTEX_POINT('',#4369);
#1272=VERTEX_POINT('',#4371);
#1273=VERTEX_POINT('',#4375);
#1274=VERTEX_POINT('',#4377);
#1275=VERTEX_POINT('',#4381);
#1276=VERTEX_POINT('',#4386);
#1277=VERTEX_POINT('',#4388);
#1278=VERTEX_POINT('',#4390);
#1279=VERTEX_POINT('',#4392);
#1280=VERTEX_POINT('',#4394);
#1281=VERTEX_POINT('',#4396);
#1282=VERTEX_POINT('',#4400);
#1283=VERTEX_POINT('',#4402);
#1284=VERTEX_POINT('',#4406);
#1285=VERTEX_POINT('',#4408);
#1286=VERTEX_POINT('',#4412);
#1287=VERTEX_POINT('',#4421);
#1288=VERTEX_POINT('',#4425);
#1289=VERTEX_POINT('',#4427);
#1290=VERTEX_POINT('',#4435);
#1291=VERTEX_POINT('',#4437);
#1292=VERTEX_POINT('',#4441);
#1293=VERTEX_POINT('',#4448);
#1294=VERTEX_POINT('',#4450);
#1295=VERTEX_POINT('',#4452);
#1296=VERTEX_POINT('',#4456);
#1297=VERTEX_POINT('',#4459);
#1298=VERTEX_POINT('',#4460);
#1299=VERTEX_POINT('',#4462);
#1300=VERTEX_POINT('',#4465);
#1301=VERTEX_POINT('',#4470);
#1302=VERTEX_POINT('',#4476);
#1303=VERTEX_POINT('',#4483);
#1304=VERTEX_POINT('',#4522);
#1305=VERTEX_POINT('',#4526);
#1306=VERTEX_POINT('',#4531);
#1307=VERTEX_POINT('',#4544);
#1308=VERTEX_POINT('',#4545);
#1309=VERTEX_POINT('',#4547);
#1310=VERTEX_POINT('',#4549);
#1311=VERTEX_POINT('',#4553);
#1312=VERTEX_POINT('',#4555);
#1313=VERTEX_POINT('',#4557);
#1314=VERTEX_POINT('',#4559);
#1315=VERTEX_POINT('',#4561);
#1316=VERTEX_POINT('',#4563);
#1317=VERTEX_POINT('',#4567);
#1318=VERTEX_POINT('',#4568);
#1319=VERTEX_POINT('',#4570);
#1320=VERTEX_POINT('',#4572);
#1321=VERTEX_POINT('',#4576);
#1322=VERTEX_POINT('',#4577);
#1323=VERTEX_POINT('',#4583);
#1324=VERTEX_POINT('',#4585);
#1325=VERTEX_POINT('',#4587);
#1326=VERTEX_POINT('',#4591);
#1327=VERTEX_POINT('',#4595);
#1328=VERTEX_POINT('',#4597);
#1329=VERTEX_POINT('',#4602);
#1330=VERTEX_POINT('',#4603);
#1331=VERTEX_POINT('',#4608);
#1332=VERTEX_POINT('',#4610);
#1333=VERTEX_POINT('',#4612);
#1334=VERTEX_POINT('',#4614);
#1335=VERTEX_POINT('',#4616);
#1336=VERTEX_POINT('',#4620);
#1337=VERTEX_POINT('',#4624);
#1338=VERTEX_POINT('',#4625);
#1339=VERTEX_POINT('',#4627);
#1340=VERTEX_POINT('',#4629);
#1341=VERTEX_POINT('',#4633);
#1342=VERTEX_POINT('',#4634);
#1343=VERTEX_POINT('',#4636);
#1344=VERTEX_POINT('',#4638);
#1345=VERTEX_POINT('',#4644);
#1346=VERTEX_POINT('',#4645);
#1347=VERTEX_POINT('',#4647);
#1348=VERTEX_POINT('',#4649);
#1349=VERTEX_POINT('',#4653);
#1350=VERTEX_POINT('',#4655);
#1351=VERTEX_POINT('',#4662);
#1352=VERTEX_POINT('',#4665);
#1353=VERTEX_POINT('',#4667);
#1354=VERTEX_POINT('',#4669);
#1355=VERTEX_POINT('',#4673);
#1356=VERTEX_POINT('',#4675);
#1357=VERTEX_POINT('',#4678);
#1358=VERTEX_POINT('',#4682);
#1359=VERTEX_POINT('',#4691);
#1360=VERTEX_POINT('',#4698);
#1361=VERTEX_POINT('',#4700);
#1362=VERTEX_POINT('',#4706);
#1363=VERTEX_POINT('',#4707);
#1364=VERTEX_POINT('',#4710);
#1365=VERTEX_POINT('',#4713);
#1366=VERTEX_POINT('',#4719);
#1367=VERTEX_POINT('',#4733);
#1368=VERTEX_POINT('',#4735);
#1369=VERTEX_POINT('',#4739);
#1370=VERTEX_POINT('',#4740);
#1371=VERTEX_POINT('',#4742);
#1372=VERTEX_POINT('',#4744);
#1373=VERTEX_POINT('',#4748);
#1374=VERTEX_POINT('',#4750);
#1375=VERTEX_POINT('',#4754);
#1376=VERTEX_POINT('',#4758);
#1377=VERTEX_POINT('',#4759);
#1378=VERTEX_POINT('',#4761);
#1379=VERTEX_POINT('',#4763);
#1380=VERTEX_POINT('',#4767);
#1381=VERTEX_POINT('',#4769);
#1382=VERTEX_POINT('',#4773);
#1383=VERTEX_POINT('',#4775);
#1384=VERTEX_POINT('',#4783);
#1385=VERTEX_POINT('',#4789);
#1386=VERTEX_POINT('',#4790);
#1387=VERTEX_POINT('',#4792);
#1388=VERTEX_POINT('',#4794);
#1389=VERTEX_POINT('',#4798);
#1390=VERTEX_POINT('',#4799);
#1391=VERTEX_POINT('',#4801);
#1392=VERTEX_POINT('',#4803);
#1393=VERTEX_POINT('',#4807);
#1394=VERTEX_POINT('',#4808);
#1395=VERTEX_POINT('',#4810);
#1396=VERTEX_POINT('',#4812);
#1397=VERTEX_POINT('',#4816);
#1398=VERTEX_POINT('',#4821);
#1399=VERTEX_POINT('',#4823);
#1400=VERTEX_POINT('',#4827);
#1401=VERTEX_POINT('',#4828);
#1402=VERTEX_POINT('',#4833);
#1403=VERTEX_POINT('',#4839);
#1404=VERTEX_POINT('',#4841);
#1405=VERTEX_POINT('',#4845);
#1406=VERTEX_POINT('',#4847);
#1407=VERTEX_POINT('',#4851);
#1408=VERTEX_POINT('',#4853);
#1409=VERTEX_POINT('',#4857);
#1410=VERTEX_POINT('',#4859);
#1411=EDGE_CURVE('',#1150,#1151,#1087,.T.);
#1412=EDGE_CURVE('',#1151,#1152,#509,.T.);
#1413=EDGE_CURVE('',#1152,#1153,#1088,.T.);
#1414=EDGE_CURVE('',#1153,#1150,#510,.T.);
#1415=EDGE_CURVE('',#1151,#1154,#511,.F.);
#1416=EDGE_CURVE('',#1155,#1154,#512,.T.);
#1417=EDGE_CURVE('',#1155,#1152,#513,.F.);
#1418=EDGE_CURVE('',#1150,#1156,#514,.F.);
#1419=EDGE_CURVE('',#1157,#1156,#1089,.T.);
#1420=EDGE_CURVE('',#1158,#1157,#515,.T.);
#1421=EDGE_CURVE('',#1159,#1158,#1090,.T.);
#1422=EDGE_CURVE('',#1159,#1160,#516,.F.);
#1423=EDGE_CURVE('',#1154,#1160,#1091,.T.);
#1424=EDGE_CURVE('',#1161,#1162,#517,.T.);
#1425=EDGE_CURVE('',#1163,#1162,#1092,.F.);
#1426=EDGE_CURVE('',#1164,#1163,#518,.T.);
#1427=EDGE_CURVE('',#1165,#1164,#1093,.F.);
#1428=EDGE_CURVE('',#1165,#1166,#519,.T.);
#1429=EDGE_CURVE('',#1167,#1166,#1094,.F.);
#1430=EDGE_CURVE('',#1168,#1167,#520,.T.);
#1431=EDGE_CURVE('',#1161,#1168,#1095,.F.);
#1432=EDGE_CURVE('',#1169,#1155,#1096,.T.);
#1433=EDGE_CURVE('',#1160,#1169,#521,.T.);
#1434=EDGE_CURVE('',#1170,#1159,#522,.T.);
#1435=EDGE_CURVE('',#1169,#1170,#523,.F.);
#1436=EDGE_CURVE('',#1171,#1172,#1097,.T.);
#1437=EDGE_CURVE('',#1172,#1157,#524,.T.);
#1438=EDGE_CURVE('',#1156,#1171,#525,.T.);
#1439=EDGE_CURVE('',#1172,#1173,#526,.T.);
#1440=EDGE_CURVE('',#1158,#1173,#527,.T.);
#1441=EDGE_CURVE('',#1173,#1170,#1098,.T.);
#1442=EDGE_CURVE('',#1174,#1175,#1099,.T.);
#1443=EDGE_CURVE('',#1175,#1167,#528,.T.);
#1444=EDGE_CURVE('',#1166,#1174,#529,.T.);
#1445=EDGE_CURVE('',#1175,#1176,#530,.T.);
#1446=EDGE_CURVE('',#1168,#1176,#531,.T.);
#1447=EDGE_CURVE('',#1174,#1177,#532,.T.);
#1448=EDGE_CURVE('',#1178,#1177,#1100,.T.);
#1449=EDGE_CURVE('',#1179,#1178,#533,.T.);
#1450=EDGE_CURVE('',#1180,#1179,#1101,.T.);
#1451=EDGE_CURVE('',#1180,#1181,#534,.T.);
#1452=EDGE_CURVE('',#1176,#1181,#1102,.T.);
#1453=EDGE_CURVE('',#1182,#1182,#1103,.T.);
#1454=EDGE_CURVE('',#1181,#1161,#535,.T.);
#1455=EDGE_CURVE('',#1162,#1180,#536,.T.);
#1456=EDGE_CURVE('',#1177,#1165,#537,.T.);
#1457=EDGE_CURVE('',#1164,#1178,#538,.T.);
#1458=EDGE_CURVE('',#1179,#1163,#539,.T.);
#1459=EDGE_CURVE('',#1182,#1183,#540,.T.);
#1460=EDGE_CURVE('',#1183,#1183,#1104,.T.);
#1461=EDGE_CURVE('',#1184,#1184,#1105,.T.);
#1462=EDGE_CURVE('',#1153,#1171,#541,.T.);
#1463=EDGE_CURVE('',#1185,#1186,#542,.T.);
#1464=EDGE_CURVE('',#1185,#1187,#543,.T.);
#1465=EDGE_CURVE('',#1187,#1188,#544,.T.);
#1466=EDGE_CURVE('',#1186,#1188,#545,.T.);
#1467=EDGE_CURVE('',#1189,#1190,#546,.T.);
#1468=EDGE_CURVE('',#1191,#1190,#547,.T.);
#1469=EDGE_CURVE('',#1191,#1192,#548,.T.);
#1470=EDGE_CURVE('',#1189,#1192,#549,.T.);
#1471=EDGE_CURVE('',#1188,#1191,#550,.T.);
#1472=EDGE_CURVE('',#1192,#1187,#551,.T.);
#1473=EDGE_CURVE('',#1193,#1194,#552,.T.);
#1474=EDGE_CURVE('',#1193,#1195,#553,.T.);
#1475=EDGE_CURVE('',#1195,#1196,#554,.T.);
#1476=EDGE_CURVE('',#1194,#1196,#555,.T.);
#1477=EDGE_CURVE('',#1197,#1198,#556,.T.);
#1478=EDGE_CURVE('',#1199,#1198,#557,.T.);
#1479=EDGE_CURVE('',#1199,#1200,#558,.T.);
#1480=EDGE_CURVE('',#1197,#1200,#559,.T.);
#1481=EDGE_CURVE('',#1196,#1199,#560,.T.);
#1482=EDGE_CURVE('',#1200,#1195,#561,.T.);
#1483=EDGE_CURVE('',#1201,#1202,#562,.T.);
#1484=EDGE_CURVE('',#1201,#1203,#563,.T.);
#1485=EDGE_CURVE('',#1203,#1204,#564,.T.);
#1486=EDGE_CURVE('',#1202,#1204,#565,.T.);
#1487=EDGE_CURVE('',#1205,#1206,#566,.T.);
#1488=EDGE_CURVE('',#1207,#1206,#567,.T.);
#1489=EDGE_CURVE('',#1207,#1208,#568,.T.);
#1490=EDGE_CURVE('',#1205,#1208,#569,.T.);
#1491=EDGE_CURVE('',#1204,#1207,#570,.T.);
#1492=EDGE_CURVE('',#1208,#1203,#571,.T.);
#1493=EDGE_CURVE('',#1209,#1210,#572,.T.);
#1494=EDGE_CURVE('',#1209,#1211,#573,.T.);
#1495=EDGE_CURVE('',#1211,#1212,#574,.T.);
#1496=EDGE_CURVE('',#1210,#1212,#575,.T.);
#1497=EDGE_CURVE('',#1213,#1214,#576,.T.);
#1498=EDGE_CURVE('',#1215,#1214,#577,.T.);
#1499=EDGE_CURVE('',#1215,#1216,#578,.T.);
#1500=EDGE_CURVE('',#1213,#1216,#579,.T.);
#1501=EDGE_CURVE('',#1212,#1215,#580,.T.);
#1502=EDGE_CURVE('',#1216,#1211,#581,.T.);
#1503=EDGE_CURVE('',#1185,#1197,#1106,.T.);
#1504=EDGE_CURVE('',#1193,#1213,#1107,.T.);
#1505=EDGE_CURVE('',#1209,#1205,#1108,.T.);
#1506=EDGE_CURVE('',#1201,#1189,#1109,.T.);
#1507=EDGE_CURVE('',#1217,#1217,#1110,.T.);
#1508=EDGE_CURVE('',#1218,#1219,#41,.T.);
#1509=EDGE_CURVE('',#1220,#1218,#1111,.T.);
#1510=EDGE_CURVE('',#1219,#1220,#42,.T.);
#1511=EDGE_CURVE('',#1221,#1221,#43,.T.);
#1512=EDGE_CURVE('',#1222,#1222,#1112,.T.);
#1513=EDGE_CURVE('',#1223,#1223,#1113,.T.);
#1514=EDGE_CURVE('',#1223,#1222,#582,.T.);
#1515=EDGE_CURVE('',#1220,#1224,#583,.T.);
#1516=EDGE_CURVE('',#1225,#1218,#584,.T.);
#1517=EDGE_CURVE('',#1226,#1225,#44,.T.);
#1518=EDGE_CURVE('',#1227,#1226,#45,.T.);
#1519=EDGE_CURVE('',#1228,#1227,#585,.T.);
#1520=EDGE_CURVE('',#1224,#1228,#46,.T.);
#1521=EDGE_CURVE('',#1229,#1227,#1114,.T.);
#1522=EDGE_CURVE('',#1229,#1230,#586,.T.);
#1523=EDGE_CURVE('',#1228,#1230,#1115,.T.);
#1524=EDGE_CURVE('',#1230,#1231,#47,.T.);
#1525=EDGE_CURVE('',#1231,#1232,#48,.T.);
#1526=EDGE_CURVE('',#1232,#1233,#49,.T.);
#1527=EDGE_CURVE('',#1233,#1234,#1116,.T.);
#1528=EDGE_CURVE('',#1234,#1235,#50,.T.);
#1529=EDGE_CURVE('',#1235,#1236,#51,.T.);
#1530=EDGE_CURVE('',#1236,#1237,#52,.T.);
#1531=EDGE_CURVE('',#1237,#1238,#1117,.T.);
#1532=EDGE_CURVE('',#1238,#1224,#53,.T.);
#1533=EDGE_CURVE('',#1225,#1239,#54,.T.);
#1534=EDGE_CURVE('',#1239,#1240,#1118,.T.);
#1535=EDGE_CURVE('',#1240,#1241,#55,.T.);
#1536=EDGE_CURVE('',#1241,#1242,#56,.T.);
#1537=EDGE_CURVE('',#1242,#1243,#57,.T.);
#1538=EDGE_CURVE('',#1243,#1244,#1119,.T.);
#1539=EDGE_CURVE('',#1244,#1245,#58,.T.);
#1540=EDGE_CURVE('',#1245,#1246,#59,.T.);
#1541=EDGE_CURVE('',#1246,#1229,#60,.T.);
#1542=EDGE_CURVE('',#1247,#1248,#1120,.T.);
#1543=EDGE_CURVE('',#1247,#1219,#587,.T.);
#1544=EDGE_CURVE('',#1249,#1238,#21,.T.);
#1545=EDGE_CURVE('',#1250,#1249,#22,.T.);
#1546=EDGE_CURVE('',#1251,#1250,#23,.T.);
#1547=EDGE_CURVE('',#1252,#1251,#24,.T.);
#1548=EDGE_CURVE('',#1239,#1252,#25,.T.);
#1549=EDGE_CURVE('',#1248,#1247,#1121,.T.);
#1550=EDGE_CURVE('',#1221,#1253,#588,.T.);
#1551=EDGE_CURVE('',#1253,#1253,#61,.T.);
#1552=EDGE_CURVE('',#1252,#1240,#589,.T.);
#1553=EDGE_CURVE('',#1254,#1251,#590,.T.);
#1554=EDGE_CURVE('',#1254,#1255,#591,.T.);
#1555=EDGE_CURVE('',#1255,#1241,#592,.T.);
#1556=EDGE_CURVE('',#1256,#1257,#593,.T.);
#1557=EDGE_CURVE('',#1256,#1258,#594,.T.);
#1558=EDGE_CURVE('',#1259,#1258,#595,.T.);
#1559=EDGE_CURVE('',#1259,#1257,#596,.T.);
#1560=EDGE_CURVE('',#1250,#1260,#597,.T.);
#1561=EDGE_CURVE('',#1260,#1261,#598,.T.);
#1562=EDGE_CURVE('',#1261,#1262,#599,.T.);
#1563=EDGE_CURVE('',#1258,#1262,#26,.T.);
#1564=EDGE_CURVE('',#1263,#1256,#27,.T.);
#1565=EDGE_CURVE('',#1263,#1264,#600,.T.);
#1566=EDGE_CURVE('',#1264,#1254,#601,.T.);
#1567=EDGE_CURVE('',#1265,#1266,#602,.T.);
#1568=EDGE_CURVE('',#1267,#1265,#603,.T.);
#1569=EDGE_CURVE('',#1267,#1268,#604,.T.);
#1570=EDGE_CURVE('',#1268,#1266,#605,.T.);
#1571=EDGE_CURVE('',#1269,#1270,#606,.T.);
#1572=EDGE_CURVE('',#1269,#1271,#607,.T.);
#1573=EDGE_CURVE('',#1272,#1271,#608,.T.);
#1574=EDGE_CURVE('',#1270,#1272,#609,.T.);
#1575=EDGE_CURVE('',#1273,#1263,#28,.T.);
#1576=EDGE_CURVE('',#1274,#1273,#610,.T.);
#1577=EDGE_CURVE('',#1264,#1274,#611,.T.);
#1578=EDGE_CURVE('',#1275,#1273,#29,.T.);
#1579=EDGE_CURVE('',#1275,#1272,#612,.T.);
#1580=EDGE_CURVE('',#1271,#1274,#613,.T.);
#1581=EDGE_CURVE('',#1276,#1270,#614,.T.);
#1582=EDGE_CURVE('',#1276,#1277,#615,.T.);
#1583=EDGE_CURVE('',#1278,#1277,#616,.T.);
#1584=EDGE_CURVE('',#1278,#1279,#617,.T.);
#1585=EDGE_CURVE('',#1279,#1280,#618,.T.);
#1586=EDGE_CURVE('',#1280,#1281,#619,.T.);
#1587=EDGE_CURVE('',#1281,#1269,#620,.T.);
#1588=EDGE_CURVE('',#1278,#1282,#621,.T.);
#1589=EDGE_CURVE('',#1283,#1282,#622,.T.);
#1590=EDGE_CURVE('',#1279,#1283,#623,.T.);
#1591=EDGE_CURVE('',#1262,#1284,#30,.T.);
#1592=EDGE_CURVE('',#1261,#1285,#624,.T.);
#1593=EDGE_CURVE('',#1284,#1285,#625,.T.);
#1594=EDGE_CURVE('',#1284,#1286,#31,.T.);
#1595=EDGE_CURVE('',#1285,#1283,#626,.T.);
#1596=EDGE_CURVE('',#1282,#1286,#627,.T.);
#1597=EDGE_CURVE('',#1210,#1206,#1122,.T.);
#1598=EDGE_CURVE('',#1202,#1190,#1123,.T.);
#1599=EDGE_CURVE('',#1257,#1287,#1124,.T.);
#1600=EDGE_CURVE('',#1275,#1287,#628,.T.);
#1601=EDGE_CURVE('',#1288,#1268,#1125,.T.);
#1602=EDGE_CURVE('',#1267,#1289,#1126,.F.);
#1603=EDGE_CURVE('',#1289,#1288,#629,.T.);
#1604=EDGE_CURVE('',#1186,#1198,#1127,.T.);
#1605=EDGE_CURVE('',#1194,#1214,#1128,.T.);
#1606=EDGE_CURVE('',#1266,#1290,#1129,.T.);
#1607=EDGE_CURVE('',#1291,#1290,#630,.T.);
#1608=EDGE_CURVE('',#1291,#1265,#1130,.F.);
#1609=EDGE_CURVE('',#1292,#1259,#1131,.T.);
#1610=EDGE_CURVE('',#1286,#1292,#631,.T.);
#1611=EDGE_CURVE('',#1287,#1288,#632,.T.);
#1612=EDGE_CURVE('',#1290,#1292,#633,.T.);
#1613=EDGE_CURVE('',#1293,#1293,#1132,.T.);
#1614=EDGE_CURVE('',#1293,#1294,#634,.T.);
#1615=EDGE_CURVE('',#1295,#1294,#1133,.T.);
#1616=EDGE_CURVE('',#1294,#1295,#1134,.T.);
#1617=EDGE_CURVE('',#1296,#1296,#1135,.T.);
#1618=EDGE_CURVE('',#1297,#1298,#635,.T.);
#1619=EDGE_CURVE('',#1299,#1298,#636,.T.);
#1620=EDGE_CURVE('',#1299,#1295,#637,.T.);
#1621=EDGE_CURVE('',#1295,#1300,#638,.T.);
#1622=EDGE_CURVE('',#1297,#1300,#639,.T.);
#1623=EDGE_CURVE('',#1242,#1255,#640,.T.);
#1624=EDGE_CURVE('',#1281,#1301,#641,.T.);
#1625=EDGE_CURVE('',#1301,#1245,#642,.T.);
#1626=EDGE_CURVE('',#1243,#1244,#643,.T.);
#1627=EDGE_CURVE('',#1246,#1301,#644,.T.);
#1628=EDGE_CURVE('',#1280,#1302,#645,.T.);
#1629=EDGE_CURVE('',#1302,#1231,#646,.T.);
#1630=EDGE_CURVE('',#1232,#1302,#647,.T.);
#1631=EDGE_CURVE('',#1303,#1235,#648,.T.);
#1632=EDGE_CURVE('',#1236,#1303,#649,.T.);
#1633=EDGE_CURVE('',#1237,#1249,#650,.T.);
#1634=EDGE_CURVE('',#1260,#1303,#651,.T.);
#1635=EDGE_CURVE('',#1233,#1234,#652,.T.);
#1636=EDGE_CURVE('',#1304,#1304,#1136,.T.);
#1637=EDGE_CURVE('',#1304,#1248,#1137,.T.);
#1638=EDGE_CURVE('',#1296,#1305,#653,.T.);
#1639=EDGE_CURVE('',#1305,#1305,#1138,.T.);
#1640=EDGE_CURVE('',#1217,#1306,#654,.T.);
#1641=EDGE_CURVE('',#1306,#1306,#1139,.T.);
#1642=EDGE_CURVE('',#1289,#1297,#655,.T.);
#1643=EDGE_CURVE('',#1300,#1276,#656,.T.);
#1644=EDGE_CURVE('',#1277,#1299,#657,.T.);
#1645=EDGE_CURVE('',#1298,#1291,#658,.T.);
#1646=EDGE_CURVE('',#1307,#1308,#659,.T.);
#1647=EDGE_CURVE('',#1309,#1307,#660,.T.);
#1648=EDGE_CURVE('',#1310,#1309,#661,.T.);
#1649=EDGE_CURVE('',#1308,#1310,#662,.T.);
#1650=EDGE_CURVE('',#1311,#1309,#663,.T.);
#1651=EDGE_CURVE('',#1312,#1311,#664,.T.);
#1652=EDGE_CURVE('',#1312,#1313,#665,.T.);
#1653=EDGE_CURVE('',#1313,#1314,#666,.T.);
#1654=EDGE_CURVE('',#1315,#1314,#667,.T.);
#1655=EDGE_CURVE('',#1316,#1315,#668,.T.);
#1656=EDGE_CURVE('',#1310,#1316,#669,.T.);
#1657=EDGE_CURVE('',#1317,#1318,#670,.T.);
#1658=EDGE_CURVE('',#1317,#1319,#671,.T.);
#1659=EDGE_CURVE('',#1319,#1320,#672,.T.);
#1660=EDGE_CURVE('',#1318,#1320,#673,.T.);
#1661=EDGE_CURVE('',#1321,#1322,#674,.T.);
#1662=EDGE_CURVE('',#1320,#1321,#675,.T.);
#1663=EDGE_CURVE('',#1322,#1319,#676,.T.);
#1664=EDGE_CURVE('',#1311,#1317,#677,.T.);
#1665=EDGE_CURVE('',#1323,#1307,#678,.T.);
#1666=EDGE_CURVE('',#1323,#1324,#679,.F.);
#1667=EDGE_CURVE('',#1324,#1325,#680,.T.);
#1668=EDGE_CURVE('',#1322,#1325,#681,.T.);
#1669=EDGE_CURVE('',#1308,#1326,#682,.T.);
#1670=EDGE_CURVE('',#1323,#1326,#683,.T.);
#1671=EDGE_CURVE('',#1327,#1321,#684,.T.);
#1672=EDGE_CURVE('',#1327,#1328,#685,.T.);
#1673=EDGE_CURVE('',#1326,#1328,#686,.T.);
#1674=EDGE_CURVE('',#1318,#1316,#687,.T.);
#1675=EDGE_CURVE('',#1329,#1330,#688,.T.);
#1676=EDGE_CURVE('',#1314,#1329,#689,.T.);
#1677=EDGE_CURVE('',#1330,#1313,#690,.T.);
#1678=EDGE_CURVE('',#1331,#1329,#691,.T.);
#1679=EDGE_CURVE('',#1331,#1332,#692,.T.);
#1680=EDGE_CURVE('',#1332,#1333,#693,.T.);
#1681=EDGE_CURVE('',#1333,#1334,#694,.T.);
#1682=EDGE_CURVE('',#1335,#1334,#695,.T.);
#1683=EDGE_CURVE('',#1315,#1335,#696,.T.);
#1684=EDGE_CURVE('',#1336,#1330,#697,.T.);
#1685=EDGE_CURVE('',#1336,#1331,#698,.T.);
#1686=EDGE_CURVE('',#1337,#1338,#699,.T.);
#1687=EDGE_CURVE('',#1337,#1339,#700,.T.);
#1688=EDGE_CURVE('',#1340,#1339,#701,.T.);
#1689=EDGE_CURVE('',#1338,#1340,#702,.T.);
#1690=EDGE_CURVE('',#1341,#1342,#703,.T.);
#1691=EDGE_CURVE('',#1341,#1343,#704,.T.);
#1692=EDGE_CURVE('',#1344,#1343,#705,.T.);
#1693=EDGE_CURVE('',#1342,#1344,#706,.T.);
#1694=EDGE_CURVE('',#1339,#1344,#707,.T.);
#1695=EDGE_CURVE('',#1343,#1340,#708,.T.);
#1696=EDGE_CURVE('',#1345,#1346,#709,.T.);
#1697=EDGE_CURVE('',#1346,#1347,#710,.T.);
#1698=EDGE_CURVE('',#1347,#1348,#711,.T.);
#1699=EDGE_CURVE('',#1348,#1345,#712,.T.);
#1700=EDGE_CURVE('',#1349,#1337,#713,.T.);
#1701=EDGE_CURVE('',#1338,#1350,#714,.T.);
#1702=EDGE_CURVE('',#1350,#1349,#715,.T.);
#1703=EDGE_CURVE('',#1334,#1341,#716,.T.);
#1704=EDGE_CURVE('',#1342,#1335,#717,.T.);
#1705=EDGE_CURVE('',#1351,#1328,#718,.T.);
#1706=EDGE_CURVE('',#1325,#1327,#719,.T.);
#1707=EDGE_CURVE('',#1324,#1352,#720,.T.);
#1708=EDGE_CURVE('',#1353,#1352,#721,.T.);
#1709=EDGE_CURVE('',#1353,#1354,#722,.T.);
#1710=EDGE_CURVE('',#1351,#1354,#723,.T.);
#1711=EDGE_CURVE('',#1351,#1355,#724,.T.);
#1712=EDGE_CURVE('',#1355,#1356,#725,.T.);
#1713=EDGE_CURVE('',#1356,#1352,#726,.T.);
#1714=EDGE_CURVE('',#1357,#1357,#1140,.T.);
#1715=EDGE_CURVE('',#1345,#1354,#727,.F.);
#1716=EDGE_CURVE('',#1348,#1358,#728,.T.);
#1717=EDGE_CURVE('',#1358,#1355,#729,.T.);
#1718=EDGE_CURVE('',#1312,#1349,#730,.T.);
#1719=EDGE_CURVE('',#1346,#1353,#731,.T.);
#1720=EDGE_CURVE('',#1347,#1359,#732,.F.);
#1721=EDGE_CURVE('',#1359,#1358,#733,.F.);
#1722=EDGE_CURVE('',#1356,#1359,#734,.T.);
#1723=EDGE_CURVE('',#1360,#1350,#735,.T.);
#1724=EDGE_CURVE('',#1360,#1361,#736,.T.);
#1725=EDGE_CURVE('',#1361,#1336,#737,.T.);
#1726=EDGE_CURVE('',#1360,#1333,#1141,.T.);
#1727=EDGE_CURVE('',#1362,#1363,#738,.T.);
#1728=EDGE_CURVE('',#1362,#1363,#1142,.F.);
#1729=EDGE_CURVE('',#1364,#1364,#1143,.F.);
#1730=EDGE_CURVE('',#1363,#1365,#18,.T.);
#1731=EDGE_CURVE('',#1365,#1332,#739,.T.);
#1732=EDGE_CURVE('',#1361,#1366,#740,.T.);
#1733=EDGE_CURVE('',#1366,#1362,#19,.T.);
#1734=EDGE_CURVE('',#1366,#1360,#1144,.T.);
#1735=EDGE_CURVE('',#1333,#1365,#1145,.T.);
#1736=EDGE_CURVE('',#1364,#1357,#741,.T.);
#1737=EDGE_CURVE('',#1367,#1367,#1146,.T.);
#1738=EDGE_CURVE('',#1367,#1368,#742,.T.);
#1739=EDGE_CURVE('',#1368,#1368,#1147,.T.);
#1740=EDGE_CURVE('',#1369,#1370,#743,.F.);
#1741=EDGE_CURVE('',#1371,#1369,#744,.F.);
#1742=EDGE_CURVE('',#1372,#1371,#745,.F.);
#1743=EDGE_CURVE('',#1370,#1372,#746,.F.);
#1744=EDGE_CURVE('',#1373,#1369,#747,.F.);
#1745=EDGE_CURVE('',#1374,#1373,#748,.T.);
#1746=EDGE_CURVE('',#1374,#1371,#749,.T.);
#1747=EDGE_CURVE('',#1375,#1370,#750,.F.);
#1748=EDGE_CURVE('',#1373,#1375,#751,.T.);
#1749=EDGE_CURVE('',#1376,#1377,#752,.T.);
#1750=EDGE_CURVE('',#1378,#1376,#753,.T.);
#1751=EDGE_CURVE('',#1378,#1379,#754,.T.);
#1752=EDGE_CURVE('',#1379,#1377,#755,.T.);
#1753=EDGE_CURVE('',#1377,#1380,#756,.T.);
#1754=EDGE_CURVE('',#1379,#1381,#757,.T.);
#1755=EDGE_CURVE('',#1381,#1380,#758,.T.);
#1756=EDGE_CURVE('',#1380,#1382,#759,.T.);
#1757=EDGE_CURVE('',#1381,#1383,#760,.T.);
#1758=EDGE_CURVE('',#1383,#1382,#761,.T.);
#1759=EDGE_CURVE('',#1382,#1376,#762,.T.);
#1760=EDGE_CURVE('',#1383,#1378,#763,.T.);
#1761=EDGE_CURVE('',#1384,#1374,#764,.T.);
#1762=EDGE_CURVE('',#1384,#1372,#765,.T.);
#1763=EDGE_CURVE('',#1375,#1384,#766,.T.);
#1764=EDGE_CURVE('',#1385,#1386,#767,.F.);
#1765=EDGE_CURVE('',#1385,#1387,#768,.F.);
#1766=EDGE_CURVE('',#1387,#1388,#769,.T.);
#1767=EDGE_CURVE('',#1386,#1388,#770,.T.);
#1768=EDGE_CURVE('',#1389,#1390,#771,.T.);
#1769=EDGE_CURVE('',#1391,#1389,#772,.T.);
#1770=EDGE_CURVE('',#1391,#1392,#773,.F.);
#1771=EDGE_CURVE('',#1390,#1392,#774,.F.);
#1772=EDGE_CURVE('',#1393,#1394,#32,.T.);
#1773=EDGE_CURVE('',#1395,#1393,#775,.T.);
#1774=EDGE_CURVE('',#1395,#1396,#776,.T.);
#1775=EDGE_CURVE('',#1396,#1394,#777,.F.);
#1776=EDGE_CURVE('',#1394,#1397,#33,.T.);
#1777=EDGE_CURVE('',#1392,#1396,#778,.T.);
#1778=EDGE_CURVE('',#1397,#1391,#779,.T.);
#1779=EDGE_CURVE('',#1386,#1398,#780,.T.);
#1780=EDGE_CURVE('',#1388,#1399,#781,.F.);
#1781=EDGE_CURVE('',#1398,#1399,#782,.T.);
#1782=EDGE_CURVE('',#1400,#1401,#34,.T.);
#1783=EDGE_CURVE('',#1400,#1387,#783,.F.);
#1784=EDGE_CURVE('',#1401,#1385,#784,.T.);
#1785=EDGE_CURVE('',#1402,#1400,#35,.T.);
#1786=EDGE_CURVE('',#1399,#1402,#785,.T.);
#1787=EDGE_CURVE('',#1390,#1395,#786,.F.);
#1788=EDGE_CURVE('',#1389,#1403,#787,.T.);
#1789=EDGE_CURVE('',#1403,#1404,#788,.T.);
#1790=EDGE_CURVE('',#1397,#1404,#789,.T.);
#1791=EDGE_CURVE('',#1404,#1405,#1148,.T.);
#1792=EDGE_CURVE('',#1405,#1406,#790,.T.);
#1793=EDGE_CURVE('',#1406,#1393,#36,.T.);
#1794=EDGE_CURVE('',#1405,#1407,#791,.T.);
#1795=EDGE_CURVE('',#1408,#1407,#792,.T.);
#1796=EDGE_CURVE('',#1406,#1408,#793,.T.);
#1797=EDGE_CURVE('',#1403,#1409,#794,.T.);
#1798=EDGE_CURVE('',#1410,#1409,#795,.T.);
#1799=EDGE_CURVE('',#1407,#1410,#1149,.T.);
#1800=EDGE_CURVE('',#1401,#1408,#37,.T.);
#1801=EDGE_CURVE('',#1410,#1402,#796,.T.);
#1802=EDGE_CURVE('',#1409,#1398,#797,.T.);
#1803=ORIENTED_EDGE('',*,*,#1411,.T.);
#1804=ORIENTED_EDGE('',*,*,#1412,.T.);
#1805=ORIENTED_EDGE('',*,*,#1413,.T.);
#1806=ORIENTED_EDGE('',*,*,#1414,.T.);
#1807=ORIENTED_EDGE('',*,*,#1412,.F.);
#1808=ORIENTED_EDGE('',*,*,#1415,.T.);
#1809=ORIENTED_EDGE('',*,*,#1416,.F.);
#1810=ORIENTED_EDGE('',*,*,#1417,.T.);
#1811=ORIENTED_EDGE('',*,*,#1411,.F.);
#1812=ORIENTED_EDGE('',*,*,#1418,.T.);
#1813=ORIENTED_EDGE('',*,*,#1419,.F.);
#1814=ORIENTED_EDGE('',*,*,#1420,.F.);
#1815=ORIENTED_EDGE('',*,*,#1421,.F.);
#1816=ORIENTED_EDGE('',*,*,#1422,.T.);
#1817=ORIENTED_EDGE('',*,*,#1423,.F.);
#1818=ORIENTED_EDGE('',*,*,#1415,.F.);
#1819=ORIENTED_EDGE('',*,*,#1424,.T.);
#1820=ORIENTED_EDGE('',*,*,#1425,.F.);
#1821=ORIENTED_EDGE('',*,*,#1426,.F.);
#1822=ORIENTED_EDGE('',*,*,#1427,.F.);
#1823=ORIENTED_EDGE('',*,*,#1428,.T.);
#1824=ORIENTED_EDGE('',*,*,#1429,.F.);
#1825=ORIENTED_EDGE('',*,*,#1430,.F.);
#1826=ORIENTED_EDGE('',*,*,#1431,.F.);
#1827=ORIENTED_EDGE('',*,*,#1432,.T.);
#1828=ORIENTED_EDGE('',*,*,#1416,.T.);
#1829=ORIENTED_EDGE('',*,*,#1423,.T.);
#1830=ORIENTED_EDGE('',*,*,#1433,.T.);
#1831=ORIENTED_EDGE('',*,*,#1433,.F.);
#1832=ORIENTED_EDGE('',*,*,#1422,.F.);
#1833=ORIENTED_EDGE('',*,*,#1434,.F.);
#1834=ORIENTED_EDGE('',*,*,#1435,.F.);
#1835=ORIENTED_EDGE('',*,*,#1436,.T.);
#1836=ORIENTED_EDGE('',*,*,#1437,.T.);
#1837=ORIENTED_EDGE('',*,*,#1419,.T.);
#1838=ORIENTED_EDGE('',*,*,#1438,.T.);
#1839=ORIENTED_EDGE('',*,*,#1437,.F.);
#1840=ORIENTED_EDGE('',*,*,#1439,.T.);
#1841=ORIENTED_EDGE('',*,*,#1440,.F.);
#1842=ORIENTED_EDGE('',*,*,#1420,.T.);
#1843=ORIENTED_EDGE('',*,*,#1421,.T.);
#1844=ORIENTED_EDGE('',*,*,#1440,.T.);
#1845=ORIENTED_EDGE('',*,*,#1441,.T.);
#1846=ORIENTED_EDGE('',*,*,#1434,.T.);
#1847=ORIENTED_EDGE('',*,*,#1442,.T.);
#1848=ORIENTED_EDGE('',*,*,#1443,.T.);
#1849=ORIENTED_EDGE('',*,*,#1429,.T.);
#1850=ORIENTED_EDGE('',*,*,#1444,.T.);
#1851=ORIENTED_EDGE('',*,*,#1443,.F.);
#1852=ORIENTED_EDGE('',*,*,#1445,.T.);
#1853=ORIENTED_EDGE('',*,*,#1446,.F.);
#1854=ORIENTED_EDGE('',*,*,#1430,.T.);
#1855=ORIENTED_EDGE('',*,*,#1442,.F.);
#1856=ORIENTED_EDGE('',*,*,#1447,.T.);
#1857=ORIENTED_EDGE('',*,*,#1448,.F.);
#1858=ORIENTED_EDGE('',*,*,#1449,.F.);
#1859=ORIENTED_EDGE('',*,*,#1450,.F.);
#1860=ORIENTED_EDGE('',*,*,#1451,.T.);
#1861=ORIENTED_EDGE('',*,*,#1452,.F.);
#1862=ORIENTED_EDGE('',*,*,#1445,.F.);
#1863=ORIENTED_EDGE('',*,*,#1453,.T.);
#1864=ORIENTED_EDGE('',*,*,#1452,.T.);
#1865=ORIENTED_EDGE('',*,*,#1454,.T.);
#1866=ORIENTED_EDGE('',*,*,#1431,.T.);
#1867=ORIENTED_EDGE('',*,*,#1446,.T.);
#1868=ORIENTED_EDGE('',*,*,#1454,.F.);
#1869=ORIENTED_EDGE('',*,*,#1451,.F.);
#1870=ORIENTED_EDGE('',*,*,#1455,.F.);
#1871=ORIENTED_EDGE('',*,*,#1424,.F.);
#1872=ORIENTED_EDGE('',*,*,#1448,.T.);
#1873=ORIENTED_EDGE('',*,*,#1456,.T.);
#1874=ORIENTED_EDGE('',*,*,#1427,.T.);
#1875=ORIENTED_EDGE('',*,*,#1457,.T.);
#1876=ORIENTED_EDGE('',*,*,#1444,.F.);
#1877=ORIENTED_EDGE('',*,*,#1428,.F.);
#1878=ORIENTED_EDGE('',*,*,#1456,.F.);
#1879=ORIENTED_EDGE('',*,*,#1447,.F.);
#1880=ORIENTED_EDGE('',*,*,#1450,.T.);
#1881=ORIENTED_EDGE('',*,*,#1458,.T.);
#1882=ORIENTED_EDGE('',*,*,#1425,.T.);
#1883=ORIENTED_EDGE('',*,*,#1455,.T.);
#1884=ORIENTED_EDGE('',*,*,#1453,.F.);
#1885=ORIENTED_EDGE('',*,*,#1459,.T.);
#1886=ORIENTED_EDGE('',*,*,#1460,.T.);
#1887=ORIENTED_EDGE('',*,*,#1459,.F.);
#1888=ORIENTED_EDGE('',*,*,#1461,.F.);
#1889=ORIENTED_EDGE('',*,*,#1460,.F.);
#1890=ORIENTED_EDGE('',*,*,#1413,.F.);
#1891=ORIENTED_EDGE('',*,*,#1417,.F.);
#1892=ORIENTED_EDGE('',*,*,#1432,.F.);
#1893=ORIENTED_EDGE('',*,*,#1435,.T.);
#1894=ORIENTED_EDGE('',*,*,#1441,.F.);
#1895=ORIENTED_EDGE('',*,*,#1439,.F.);
#1896=ORIENTED_EDGE('',*,*,#1436,.F.);
#1897=ORIENTED_EDGE('',*,*,#1462,.F.);
#1898=ORIENTED_EDGE('',*,*,#1461,.T.);
#1899=ORIENTED_EDGE('',*,*,#1414,.F.);
#1900=ORIENTED_EDGE('',*,*,#1462,.T.);
#1901=ORIENTED_EDGE('',*,*,#1438,.F.);
#1902=ORIENTED_EDGE('',*,*,#1418,.F.);
#1903=ORIENTED_EDGE('',*,*,#1457,.F.);
#1904=ORIENTED_EDGE('',*,*,#1426,.T.);
#1905=ORIENTED_EDGE('',*,*,#1458,.F.);
#1906=ORIENTED_EDGE('',*,*,#1449,.T.);
#1907=ORIENTED_EDGE('',*,*,#1463,.F.);
#1908=ORIENTED_EDGE('',*,*,#1464,.T.);
#1909=ORIENTED_EDGE('',*,*,#1465,.T.);
#1910=ORIENTED_EDGE('',*,*,#1466,.F.);
#1911=ORIENTED_EDGE('',*,*,#1467,.T.);
#1912=ORIENTED_EDGE('',*,*,#1468,.F.);
#1913=ORIENTED_EDGE('',*,*,#1469,.T.);
#1914=ORIENTED_EDGE('',*,*,#1470,.F.);
#1915=ORIENTED_EDGE('',*,*,#1471,.F.);
#1916=ORIENTED_EDGE('',*,*,#1465,.F.);
#1917=ORIENTED_EDGE('',*,*,#1472,.F.);
#1918=ORIENTED_EDGE('',*,*,#1469,.F.);
#1919=ORIENTED_EDGE('',*,*,#1473,.F.);
#1920=ORIENTED_EDGE('',*,*,#1474,.T.);
#1921=ORIENTED_EDGE('',*,*,#1475,.T.);
#1922=ORIENTED_EDGE('',*,*,#1476,.F.);
#1923=ORIENTED_EDGE('',*,*,#1477,.T.);
#1924=ORIENTED_EDGE('',*,*,#1478,.F.);
#1925=ORIENTED_EDGE('',*,*,#1479,.T.);
#1926=ORIENTED_EDGE('',*,*,#1480,.F.);
#1927=ORIENTED_EDGE('',*,*,#1481,.F.);
#1928=ORIENTED_EDGE('',*,*,#1475,.F.);
#1929=ORIENTED_EDGE('',*,*,#1482,.F.);
#1930=ORIENTED_EDGE('',*,*,#1479,.F.);
#1931=ORIENTED_EDGE('',*,*,#1483,.F.);
#1932=ORIENTED_EDGE('',*,*,#1484,.T.);
#1933=ORIENTED_EDGE('',*,*,#1485,.T.);
#1934=ORIENTED_EDGE('',*,*,#1486,.F.);
#1935=ORIENTED_EDGE('',*,*,#1487,.T.);
#1936=ORIENTED_EDGE('',*,*,#1488,.F.);
#1937=ORIENTED_EDGE('',*,*,#1489,.T.);
#1938=ORIENTED_EDGE('',*,*,#1490,.F.);
#1939=ORIENTED_EDGE('',*,*,#1491,.F.);
#1940=ORIENTED_EDGE('',*,*,#1485,.F.);
#1941=ORIENTED_EDGE('',*,*,#1492,.F.);
#1942=ORIENTED_EDGE('',*,*,#1489,.F.);
#1943=ORIENTED_EDGE('',*,*,#1493,.F.);
#1944=ORIENTED_EDGE('',*,*,#1494,.T.);
#1945=ORIENTED_EDGE('',*,*,#1495,.T.);
#1946=ORIENTED_EDGE('',*,*,#1496,.F.);
#1947=ORIENTED_EDGE('',*,*,#1497,.T.);
#1948=ORIENTED_EDGE('',*,*,#1498,.F.);
#1949=ORIENTED_EDGE('',*,*,#1499,.T.);
#1950=ORIENTED_EDGE('',*,*,#1500,.F.);
#1951=ORIENTED_EDGE('',*,*,#1501,.F.);
#1952=ORIENTED_EDGE('',*,*,#1495,.F.);
#1953=ORIENTED_EDGE('',*,*,#1502,.F.);
#1954=ORIENTED_EDGE('',*,*,#1499,.F.);
#1955=ORIENTED_EDGE('',*,*,#1470,.T.);
#1956=ORIENTED_EDGE('',*,*,#1472,.T.);
#1957=ORIENTED_EDGE('',*,*,#1464,.F.);
#1958=ORIENTED_EDGE('',*,*,#1503,.T.);
#1959=ORIENTED_EDGE('',*,*,#1480,.T.);
#1960=ORIENTED_EDGE('',*,*,#1482,.T.);
#1961=ORIENTED_EDGE('',*,*,#1474,.F.);
#1962=ORIENTED_EDGE('',*,*,#1504,.T.);
#1963=ORIENTED_EDGE('',*,*,#1500,.T.);
#1964=ORIENTED_EDGE('',*,*,#1502,.T.);
#1965=ORIENTED_EDGE('',*,*,#1494,.F.);
#1966=ORIENTED_EDGE('',*,*,#1505,.T.);
#1967=ORIENTED_EDGE('',*,*,#1490,.T.);
#1968=ORIENTED_EDGE('',*,*,#1492,.T.);
#1969=ORIENTED_EDGE('',*,*,#1484,.F.);
#1970=ORIENTED_EDGE('',*,*,#1506,.T.);
#1971=ORIENTED_EDGE('',*,*,#1507,.T.);
#1972=ORIENTED_EDGE('',*,*,#1508,.F.);
#1973=ORIENTED_EDGE('',*,*,#1509,.F.);
#1974=ORIENTED_EDGE('',*,*,#1510,.F.);
#1975=ORIENTED_EDGE('',*,*,#1511,.F.);
#1976=ORIENTED_EDGE('',*,*,#1512,.T.);
#1977=ORIENTED_EDGE('',*,*,#1513,.F.);
#1978=ORIENTED_EDGE('',*,*,#1514,.T.);
#1979=ORIENTED_EDGE('',*,*,#1512,.F.);
#1980=ORIENTED_EDGE('',*,*,#1514,.F.);
#1981=ORIENTED_EDGE('',*,*,#1515,.F.);
#1982=ORIENTED_EDGE('',*,*,#1509,.T.);
#1983=ORIENTED_EDGE('',*,*,#1516,.F.);
#1984=ORIENTED_EDGE('',*,*,#1517,.F.);
#1985=ORIENTED_EDGE('',*,*,#1518,.F.);
#1986=ORIENTED_EDGE('',*,*,#1519,.F.);
#1987=ORIENTED_EDGE('',*,*,#1520,.F.);
#1988=ORIENTED_EDGE('',*,*,#1513,.T.);
#1989=ORIENTED_EDGE('',*,*,#1519,.T.);
#1990=ORIENTED_EDGE('',*,*,#1521,.F.);
#1991=ORIENTED_EDGE('',*,*,#1522,.T.);
#1992=ORIENTED_EDGE('',*,*,#1523,.F.);
#1993=ORIENTED_EDGE('',*,*,#1520,.T.);
#1994=ORIENTED_EDGE('',*,*,#1523,.T.);
#1995=ORIENTED_EDGE('',*,*,#1524,.T.);
#1996=ORIENTED_EDGE('',*,*,#1525,.T.);
#1997=ORIENTED_EDGE('',*,*,#1526,.T.);
#1998=ORIENTED_EDGE('',*,*,#1527,.T.);
#1999=ORIENTED_EDGE('',*,*,#1528,.T.);
#2000=ORIENTED_EDGE('',*,*,#1529,.T.);
#2001=ORIENTED_EDGE('',*,*,#1530,.T.);
#2002=ORIENTED_EDGE('',*,*,#1531,.T.);
#2003=ORIENTED_EDGE('',*,*,#1532,.T.);
#2004=ORIENTED_EDGE('',*,*,#1517,.T.);
#2005=ORIENTED_EDGE('',*,*,#1533,.T.);
#2006=ORIENTED_EDGE('',*,*,#1534,.T.);
#2007=ORIENTED_EDGE('',*,*,#1535,.T.);
#2008=ORIENTED_EDGE('',*,*,#1536,.T.);
#2009=ORIENTED_EDGE('',*,*,#1537,.T.);
#2010=ORIENTED_EDGE('',*,*,#1538,.T.);
#2011=ORIENTED_EDGE('',*,*,#1539,.T.);
#2012=ORIENTED_EDGE('',*,*,#1540,.T.);
#2013=ORIENTED_EDGE('',*,*,#1541,.T.);
#2014=ORIENTED_EDGE('',*,*,#1521,.T.);
#2015=ORIENTED_EDGE('',*,*,#1518,.T.);
#2016=ORIENTED_EDGE('',*,*,#1542,.F.);
#2017=ORIENTED_EDGE('',*,*,#1543,.T.);
#2018=ORIENTED_EDGE('',*,*,#1510,.T.);
#2019=ORIENTED_EDGE('',*,*,#1515,.T.);
#2020=ORIENTED_EDGE('',*,*,#1532,.F.);
#2021=ORIENTED_EDGE('',*,*,#1544,.F.);
#2022=ORIENTED_EDGE('',*,*,#1545,.F.);
#2023=ORIENTED_EDGE('',*,*,#1546,.F.);
#2024=ORIENTED_EDGE('',*,*,#1547,.F.);
#2025=ORIENTED_EDGE('',*,*,#1548,.F.);
#2026=ORIENTED_EDGE('',*,*,#1533,.F.);
#2027=ORIENTED_EDGE('',*,*,#1516,.T.);
#2028=ORIENTED_EDGE('',*,*,#1508,.T.);
#2029=ORIENTED_EDGE('',*,*,#1543,.F.);
#2030=ORIENTED_EDGE('',*,*,#1549,.F.);
#2031=ORIENTED_EDGE('',*,*,#1511,.T.);
#2032=ORIENTED_EDGE('',*,*,#1550,.T.);
#2033=ORIENTED_EDGE('',*,*,#1551,.F.);
#2034=ORIENTED_EDGE('',*,*,#1550,.F.);
#2035=ORIENTED_EDGE('',*,*,#1548,.T.);
#2036=ORIENTED_EDGE('',*,*,#1552,.T.);
#2037=ORIENTED_EDGE('',*,*,#1534,.F.);
#2038=ORIENTED_EDGE('',*,*,#1547,.T.);
#2039=ORIENTED_EDGE('',*,*,#1553,.F.);
#2040=ORIENTED_EDGE('',*,*,#1554,.T.);
#2041=ORIENTED_EDGE('',*,*,#1555,.T.);
#2042=ORIENTED_EDGE('',*,*,#1535,.F.);
#2043=ORIENTED_EDGE('',*,*,#1552,.F.);
#2044=ORIENTED_EDGE('',*,*,#1556,.F.);
#2045=ORIENTED_EDGE('',*,*,#1557,.T.);
#2046=ORIENTED_EDGE('',*,*,#1558,.F.);
#2047=ORIENTED_EDGE('',*,*,#1559,.T.);
#2048=ORIENTED_EDGE('',*,*,#1546,.T.);
#2049=ORIENTED_EDGE('',*,*,#1560,.T.);
#2050=ORIENTED_EDGE('',*,*,#1561,.T.);
#2051=ORIENTED_EDGE('',*,*,#1562,.T.);
#2052=ORIENTED_EDGE('',*,*,#1563,.F.);
#2053=ORIENTED_EDGE('',*,*,#1557,.F.);
#2054=ORIENTED_EDGE('',*,*,#1564,.F.);
#2055=ORIENTED_EDGE('',*,*,#1565,.T.);
#2056=ORIENTED_EDGE('',*,*,#1566,.T.);
#2057=ORIENTED_EDGE('',*,*,#1553,.T.);
#2058=ORIENTED_EDGE('',*,*,#1567,.F.);
#2059=ORIENTED_EDGE('',*,*,#1568,.F.);
#2060=ORIENTED_EDGE('',*,*,#1569,.T.);
#2061=ORIENTED_EDGE('',*,*,#1570,.T.);
#2062=ORIENTED_EDGE('',*,*,#1571,.F.);
#2063=ORIENTED_EDGE('',*,*,#1572,.T.);
#2064=ORIENTED_EDGE('',*,*,#1573,.F.);
#2065=ORIENTED_EDGE('',*,*,#1574,.F.);
#2066=ORIENTED_EDGE('',*,*,#1575,.F.);
#2067=ORIENTED_EDGE('',*,*,#1576,.F.);
#2068=ORIENTED_EDGE('',*,*,#1577,.F.);
#2069=ORIENTED_EDGE('',*,*,#1565,.F.);
#2070=ORIENTED_EDGE('',*,*,#1578,.F.);
#2071=ORIENTED_EDGE('',*,*,#1579,.T.);
#2072=ORIENTED_EDGE('',*,*,#1573,.T.);
#2073=ORIENTED_EDGE('',*,*,#1580,.T.);
#2074=ORIENTED_EDGE('',*,*,#1576,.T.);
#2075=ORIENTED_EDGE('',*,*,#1571,.T.);
#2076=ORIENTED_EDGE('',*,*,#1581,.F.);
#2077=ORIENTED_EDGE('',*,*,#1582,.T.);
#2078=ORIENTED_EDGE('',*,*,#1583,.F.);
#2079=ORIENTED_EDGE('',*,*,#1584,.T.);
#2080=ORIENTED_EDGE('',*,*,#1585,.T.);
#2081=ORIENTED_EDGE('',*,*,#1586,.T.);
#2082=ORIENTED_EDGE('',*,*,#1587,.T.);
#2083=ORIENTED_EDGE('',*,*,#1584,.F.);
#2084=ORIENTED_EDGE('',*,*,#1588,.T.);
#2085=ORIENTED_EDGE('',*,*,#1589,.F.);
#2086=ORIENTED_EDGE('',*,*,#1590,.F.);
#2087=ORIENTED_EDGE('',*,*,#1591,.F.);
#2088=ORIENTED_EDGE('',*,*,#1562,.F.);
#2089=ORIENTED_EDGE('',*,*,#1592,.T.);
#2090=ORIENTED_EDGE('',*,*,#1593,.F.);
#2091=ORIENTED_EDGE('',*,*,#1594,.F.);
#2092=ORIENTED_EDGE('',*,*,#1593,.T.);
#2093=ORIENTED_EDGE('',*,*,#1595,.T.);
#2094=ORIENTED_EDGE('',*,*,#1589,.T.);
#2095=ORIENTED_EDGE('',*,*,#1596,.T.);
#2096=ORIENTED_EDGE('',*,*,#1597,.T.);
#2097=ORIENTED_EDGE('',*,*,#1487,.F.);
#2098=ORIENTED_EDGE('',*,*,#1505,.F.);
#2099=ORIENTED_EDGE('',*,*,#1493,.T.);
#2100=ORIENTED_EDGE('',*,*,#1598,.T.);
#2101=ORIENTED_EDGE('',*,*,#1467,.F.);
#2102=ORIENTED_EDGE('',*,*,#1506,.F.);
#2103=ORIENTED_EDGE('',*,*,#1483,.T.);
#2104=ORIENTED_EDGE('',*,*,#1599,.T.);
#2105=ORIENTED_EDGE('',*,*,#1600,.F.);
#2106=ORIENTED_EDGE('',*,*,#1578,.T.);
#2107=ORIENTED_EDGE('',*,*,#1575,.T.);
#2108=ORIENTED_EDGE('',*,*,#1564,.T.);
#2109=ORIENTED_EDGE('',*,*,#1556,.T.);
#2110=ORIENTED_EDGE('',*,*,#1601,.T.);
#2111=ORIENTED_EDGE('',*,*,#1569,.F.);
#2112=ORIENTED_EDGE('',*,*,#1602,.T.);
#2113=ORIENTED_EDGE('',*,*,#1603,.T.);
#2114=ORIENTED_EDGE('',*,*,#1604,.T.);
#2115=ORIENTED_EDGE('',*,*,#1477,.F.);
#2116=ORIENTED_EDGE('',*,*,#1503,.F.);
#2117=ORIENTED_EDGE('',*,*,#1463,.T.);
#2118=ORIENTED_EDGE('',*,*,#1605,.T.);
#2119=ORIENTED_EDGE('',*,*,#1497,.F.);
#2120=ORIENTED_EDGE('',*,*,#1504,.F.);
#2121=ORIENTED_EDGE('',*,*,#1473,.T.);
#2122=ORIENTED_EDGE('',*,*,#1606,.T.);
#2123=ORIENTED_EDGE('',*,*,#1607,.F.);
#2124=ORIENTED_EDGE('',*,*,#1608,.T.);
#2125=ORIENTED_EDGE('',*,*,#1567,.T.);
#2126=ORIENTED_EDGE('',*,*,#1609,.T.);
#2127=ORIENTED_EDGE('',*,*,#1558,.T.);
#2128=ORIENTED_EDGE('',*,*,#1563,.T.);
#2129=ORIENTED_EDGE('',*,*,#1591,.T.);
#2130=ORIENTED_EDGE('',*,*,#1594,.T.);
#2131=ORIENTED_EDGE('',*,*,#1610,.T.);
#2132=ORIENTED_EDGE('',*,*,#1570,.F.);
#2133=ORIENTED_EDGE('',*,*,#1601,.F.);
#2134=ORIENTED_EDGE('',*,*,#1611,.F.);
#2135=ORIENTED_EDGE('',*,*,#1599,.F.);
#2136=ORIENTED_EDGE('',*,*,#1559,.F.);
#2137=ORIENTED_EDGE('',*,*,#1609,.F.);
#2138=ORIENTED_EDGE('',*,*,#1612,.F.);
#2139=ORIENTED_EDGE('',*,*,#1606,.F.);
#2140=ORIENTED_EDGE('',*,*,#1468,.T.);
#2141=ORIENTED_EDGE('',*,*,#1598,.F.);
#2142=ORIENTED_EDGE('',*,*,#1486,.T.);
#2143=ORIENTED_EDGE('',*,*,#1491,.T.);
#2144=ORIENTED_EDGE('',*,*,#1488,.T.);
#2145=ORIENTED_EDGE('',*,*,#1597,.F.);
#2146=ORIENTED_EDGE('',*,*,#1496,.T.);
#2147=ORIENTED_EDGE('',*,*,#1501,.T.);
#2148=ORIENTED_EDGE('',*,*,#1498,.T.);
#2149=ORIENTED_EDGE('',*,*,#1605,.F.);
#2150=ORIENTED_EDGE('',*,*,#1476,.T.);
#2151=ORIENTED_EDGE('',*,*,#1481,.T.);
#2152=ORIENTED_EDGE('',*,*,#1478,.T.);
#2153=ORIENTED_EDGE('',*,*,#1604,.F.);
#2154=ORIENTED_EDGE('',*,*,#1466,.T.);
#2155=ORIENTED_EDGE('',*,*,#1471,.T.);
#2156=ORIENTED_EDGE('',*,*,#1613,.F.);
#2157=ORIENTED_EDGE('',*,*,#1614,.T.);
#2158=ORIENTED_EDGE('',*,*,#1615,.F.);
#2159=ORIENTED_EDGE('',*,*,#1616,.F.);
#2160=ORIENTED_EDGE('',*,*,#1614,.F.);
#2161=ORIENTED_EDGE('',*,*,#1613,.T.);
#2162=ORIENTED_EDGE('',*,*,#1617,.T.);
#2163=ORIENTED_EDGE('',*,*,#1618,.T.);
#2164=ORIENTED_EDGE('',*,*,#1619,.F.);
#2165=ORIENTED_EDGE('',*,*,#1620,.T.);
#2166=ORIENTED_EDGE('',*,*,#1615,.T.);
#2167=ORIENTED_EDGE('',*,*,#1616,.T.);
#2168=ORIENTED_EDGE('',*,*,#1621,.T.);
#2169=ORIENTED_EDGE('',*,*,#1622,.F.);
#2170=ORIENTED_EDGE('',*,*,#1537,.F.);
#2171=ORIENTED_EDGE('',*,*,#1623,.T.);
#2172=ORIENTED_EDGE('',*,*,#1554,.F.);
#2173=ORIENTED_EDGE('',*,*,#1566,.F.);
#2174=ORIENTED_EDGE('',*,*,#1577,.T.);
#2175=ORIENTED_EDGE('',*,*,#1580,.F.);
#2176=ORIENTED_EDGE('',*,*,#1572,.F.);
#2177=ORIENTED_EDGE('',*,*,#1587,.F.);
#2178=ORIENTED_EDGE('',*,*,#1624,.T.);
#2179=ORIENTED_EDGE('',*,*,#1625,.T.);
#2180=ORIENTED_EDGE('',*,*,#1539,.F.);
#2181=ORIENTED_EDGE('',*,*,#1626,.F.);
#2182=ORIENTED_EDGE('',*,*,#1541,.F.);
#2183=ORIENTED_EDGE('',*,*,#1627,.T.);
#2184=ORIENTED_EDGE('',*,*,#1624,.F.);
#2185=ORIENTED_EDGE('',*,*,#1586,.F.);
#2186=ORIENTED_EDGE('',*,*,#1628,.T.);
#2187=ORIENTED_EDGE('',*,*,#1629,.T.);
#2188=ORIENTED_EDGE('',*,*,#1524,.F.);
#2189=ORIENTED_EDGE('',*,*,#1522,.F.);
#2190=ORIENTED_EDGE('',*,*,#1525,.F.);
#2191=ORIENTED_EDGE('',*,*,#1629,.F.);
#2192=ORIENTED_EDGE('',*,*,#1630,.F.);
#2193=ORIENTED_EDGE('',*,*,#1540,.F.);
#2194=ORIENTED_EDGE('',*,*,#1625,.F.);
#2195=ORIENTED_EDGE('',*,*,#1627,.F.);
#2196=ORIENTED_EDGE('',*,*,#1529,.F.);
#2197=ORIENTED_EDGE('',*,*,#1631,.F.);
#2198=ORIENTED_EDGE('',*,*,#1632,.F.);
#2199=ORIENTED_EDGE('',*,*,#1545,.T.);
#2200=ORIENTED_EDGE('',*,*,#1633,.F.);
#2201=ORIENTED_EDGE('',*,*,#1530,.F.);
#2202=ORIENTED_EDGE('',*,*,#1632,.T.);
#2203=ORIENTED_EDGE('',*,*,#1634,.F.);
#2204=ORIENTED_EDGE('',*,*,#1560,.F.);
#2205=ORIENTED_EDGE('',*,*,#1528,.F.);
#2206=ORIENTED_EDGE('',*,*,#1635,.F.);
#2207=ORIENTED_EDGE('',*,*,#1526,.F.);
#2208=ORIENTED_EDGE('',*,*,#1630,.T.);
#2209=ORIENTED_EDGE('',*,*,#1628,.F.);
#2210=ORIENTED_EDGE('',*,*,#1585,.F.);
#2211=ORIENTED_EDGE('',*,*,#1590,.T.);
#2212=ORIENTED_EDGE('',*,*,#1595,.F.);
#2213=ORIENTED_EDGE('',*,*,#1592,.F.);
#2214=ORIENTED_EDGE('',*,*,#1561,.F.);
#2215=ORIENTED_EDGE('',*,*,#1634,.T.);
#2216=ORIENTED_EDGE('',*,*,#1631,.T.);
#2217=ORIENTED_EDGE('',*,*,#1536,.F.);
#2218=ORIENTED_EDGE('',*,*,#1555,.F.);
#2219=ORIENTED_EDGE('',*,*,#1623,.F.);
#2220=ORIENTED_EDGE('',*,*,#1635,.T.);
#2221=ORIENTED_EDGE('',*,*,#1527,.F.);
#2222=ORIENTED_EDGE('',*,*,#1544,.T.);
#2223=ORIENTED_EDGE('',*,*,#1531,.F.);
#2224=ORIENTED_EDGE('',*,*,#1633,.T.);
#2225=ORIENTED_EDGE('',*,*,#1626,.T.);
#2226=ORIENTED_EDGE('',*,*,#1538,.F.);
#2227=ORIENTED_EDGE('',*,*,#1636,.F.);
#2228=ORIENTED_EDGE('',*,*,#1637,.T.);
#2229=ORIENTED_EDGE('',*,*,#1549,.T.);
#2230=ORIENTED_EDGE('',*,*,#1542,.T.);
#2231=ORIENTED_EDGE('',*,*,#1637,.F.);
#2232=ORIENTED_EDGE('',*,*,#1617,.F.);
#2233=ORIENTED_EDGE('',*,*,#1638,.T.);
#2234=ORIENTED_EDGE('',*,*,#1639,.T.);
#2235=ORIENTED_EDGE('',*,*,#1638,.F.);
#2236=ORIENTED_EDGE('',*,*,#1639,.F.);
#2237=ORIENTED_EDGE('',*,*,#1551,.T.);
#2238=ORIENTED_EDGE('',*,*,#1507,.F.);
#2239=ORIENTED_EDGE('',*,*,#1640,.T.);
#2240=ORIENTED_EDGE('',*,*,#1641,.T.);
#2241=ORIENTED_EDGE('',*,*,#1640,.F.);
#2242=ORIENTED_EDGE('',*,*,#1641,.F.);
#2243=ORIENTED_EDGE('',*,*,#1636,.T.);
#2244=ORIENTED_EDGE('',*,*,#1600,.T.);
#2245=ORIENTED_EDGE('',*,*,#1611,.T.);
#2246=ORIENTED_EDGE('',*,*,#1603,.F.);
#2247=ORIENTED_EDGE('',*,*,#1642,.T.);
#2248=ORIENTED_EDGE('',*,*,#1622,.T.);
#2249=ORIENTED_EDGE('',*,*,#1643,.T.);
#2250=ORIENTED_EDGE('',*,*,#1581,.T.);
#2251=ORIENTED_EDGE('',*,*,#1574,.T.);
#2252=ORIENTED_EDGE('',*,*,#1579,.F.);
#2253=ORIENTED_EDGE('',*,*,#1620,.F.);
#2254=ORIENTED_EDGE('',*,*,#1644,.F.);
#2255=ORIENTED_EDGE('',*,*,#1582,.F.);
#2256=ORIENTED_EDGE('',*,*,#1643,.F.);
#2257=ORIENTED_EDGE('',*,*,#1621,.F.);
#2258=ORIENTED_EDGE('',*,*,#1568,.T.);
#2259=ORIENTED_EDGE('',*,*,#1608,.F.);
#2260=ORIENTED_EDGE('',*,*,#1645,.F.);
#2261=ORIENTED_EDGE('',*,*,#1618,.F.);
#2262=ORIENTED_EDGE('',*,*,#1642,.F.);
#2263=ORIENTED_EDGE('',*,*,#1602,.F.);
#2264=ORIENTED_EDGE('',*,*,#1610,.F.);
#2265=ORIENTED_EDGE('',*,*,#1596,.F.);
#2266=ORIENTED_EDGE('',*,*,#1588,.F.);
#2267=ORIENTED_EDGE('',*,*,#1583,.T.);
#2268=ORIENTED_EDGE('',*,*,#1644,.T.);
#2269=ORIENTED_EDGE('',*,*,#1619,.T.);
#2270=ORIENTED_EDGE('',*,*,#1645,.T.);
#2271=ORIENTED_EDGE('',*,*,#1607,.T.);
#2272=ORIENTED_EDGE('',*,*,#1612,.T.);
#2273=ORIENTED_EDGE('',*,*,#1646,.F.);
#2274=ORIENTED_EDGE('',*,*,#1647,.F.);
#2275=ORIENTED_EDGE('',*,*,#1648,.F.);
#2276=ORIENTED_EDGE('',*,*,#1649,.F.);
#2277=ORIENTED_EDGE('',*,*,#1648,.T.);
#2278=ORIENTED_EDGE('',*,*,#1650,.F.);
#2279=ORIENTED_EDGE('',*,*,#1651,.F.);
#2280=ORIENTED_EDGE('',*,*,#1652,.T.);
#2281=ORIENTED_EDGE('',*,*,#1653,.T.);
#2282=ORIENTED_EDGE('',*,*,#1654,.F.);
#2283=ORIENTED_EDGE('',*,*,#1655,.F.);
#2284=ORIENTED_EDGE('',*,*,#1656,.F.);
#2285=ORIENTED_EDGE('',*,*,#1657,.F.);
#2286=ORIENTED_EDGE('',*,*,#1658,.T.);
#2287=ORIENTED_EDGE('',*,*,#1659,.T.);
#2288=ORIENTED_EDGE('',*,*,#1660,.F.);
#2289=ORIENTED_EDGE('',*,*,#1661,.F.);
#2290=ORIENTED_EDGE('',*,*,#1662,.F.);
#2291=ORIENTED_EDGE('',*,*,#1659,.F.);
#2292=ORIENTED_EDGE('',*,*,#1663,.F.);
#2293=ORIENTED_EDGE('',*,*,#1663,.T.);
#2294=ORIENTED_EDGE('',*,*,#1658,.F.);
#2295=ORIENTED_EDGE('',*,*,#1664,.F.);
#2296=ORIENTED_EDGE('',*,*,#1650,.T.);
#2297=ORIENTED_EDGE('',*,*,#1647,.T.);
#2298=ORIENTED_EDGE('',*,*,#1665,.F.);
#2299=ORIENTED_EDGE('',*,*,#1666,.T.);
#2300=ORIENTED_EDGE('',*,*,#1667,.T.);
#2301=ORIENTED_EDGE('',*,*,#1668,.F.);
#2302=ORIENTED_EDGE('',*,*,#1669,.T.);
#2303=ORIENTED_EDGE('',*,*,#1670,.F.);
#2304=ORIENTED_EDGE('',*,*,#1665,.T.);
#2305=ORIENTED_EDGE('',*,*,#1646,.T.);
#2306=ORIENTED_EDGE('',*,*,#1671,.F.);
#2307=ORIENTED_EDGE('',*,*,#1672,.T.);
#2308=ORIENTED_EDGE('',*,*,#1673,.F.);
#2309=ORIENTED_EDGE('',*,*,#1669,.F.);
#2310=ORIENTED_EDGE('',*,*,#1649,.T.);
#2311=ORIENTED_EDGE('',*,*,#1656,.T.);
#2312=ORIENTED_EDGE('',*,*,#1674,.F.);
#2313=ORIENTED_EDGE('',*,*,#1660,.T.);
#2314=ORIENTED_EDGE('',*,*,#1662,.T.);
#2315=ORIENTED_EDGE('',*,*,#1675,.F.);
#2316=ORIENTED_EDGE('',*,*,#1676,.F.);
#2317=ORIENTED_EDGE('',*,*,#1653,.F.);
#2318=ORIENTED_EDGE('',*,*,#1677,.F.);
#2319=ORIENTED_EDGE('',*,*,#1676,.T.);
#2320=ORIENTED_EDGE('',*,*,#1678,.F.);
#2321=ORIENTED_EDGE('',*,*,#1679,.T.);
#2322=ORIENTED_EDGE('',*,*,#1680,.T.);
#2323=ORIENTED_EDGE('',*,*,#1681,.T.);
#2324=ORIENTED_EDGE('',*,*,#1682,.F.);
#2325=ORIENTED_EDGE('',*,*,#1683,.F.);
#2326=ORIENTED_EDGE('',*,*,#1654,.T.);
#2327=ORIENTED_EDGE('',*,*,#1675,.T.);
#2328=ORIENTED_EDGE('',*,*,#1684,.F.);
#2329=ORIENTED_EDGE('',*,*,#1685,.T.);
#2330=ORIENTED_EDGE('',*,*,#1678,.T.);
#2331=ORIENTED_EDGE('',*,*,#1686,.F.);
#2332=ORIENTED_EDGE('',*,*,#1687,.T.);
#2333=ORIENTED_EDGE('',*,*,#1688,.F.);
#2334=ORIENTED_EDGE('',*,*,#1689,.F.);
#2335=ORIENTED_EDGE('',*,*,#1690,.F.);
#2336=ORIENTED_EDGE('',*,*,#1691,.T.);
#2337=ORIENTED_EDGE('',*,*,#1692,.F.);
#2338=ORIENTED_EDGE('',*,*,#1693,.F.);
#2339=ORIENTED_EDGE('',*,*,#1688,.T.);
#2340=ORIENTED_EDGE('',*,*,#1694,.T.);
#2341=ORIENTED_EDGE('',*,*,#1692,.T.);
#2342=ORIENTED_EDGE('',*,*,#1695,.T.);
#2343=ORIENTED_EDGE('',*,*,#1696,.T.);
#2344=ORIENTED_EDGE('',*,*,#1697,.T.);
#2345=ORIENTED_EDGE('',*,*,#1698,.T.);
#2346=ORIENTED_EDGE('',*,*,#1699,.T.);
#2347=ORIENTED_EDGE('',*,*,#1700,.T.);
#2348=ORIENTED_EDGE('',*,*,#1686,.T.);
#2349=ORIENTED_EDGE('',*,*,#1701,.T.);
#2350=ORIENTED_EDGE('',*,*,#1702,.T.);
#2351=ORIENTED_EDGE('',*,*,#1703,.T.);
#2352=ORIENTED_EDGE('',*,*,#1690,.T.);
#2353=ORIENTED_EDGE('',*,*,#1704,.T.);
#2354=ORIENTED_EDGE('',*,*,#1682,.T.);
#2355=ORIENTED_EDGE('',*,*,#1705,.T.);
#2356=ORIENTED_EDGE('',*,*,#1672,.F.);
#2357=ORIENTED_EDGE('',*,*,#1706,.F.);
#2358=ORIENTED_EDGE('',*,*,#1667,.F.);
#2359=ORIENTED_EDGE('',*,*,#1707,.T.);
#2360=ORIENTED_EDGE('',*,*,#1708,.F.);
#2361=ORIENTED_EDGE('',*,*,#1709,.T.);
#2362=ORIENTED_EDGE('',*,*,#1710,.F.);
#2363=ORIENTED_EDGE('',*,*,#1705,.F.);
#2364=ORIENTED_EDGE('',*,*,#1711,.T.);
#2365=ORIENTED_EDGE('',*,*,#1712,.T.);
#2366=ORIENTED_EDGE('',*,*,#1713,.T.);
#2367=ORIENTED_EDGE('',*,*,#1707,.F.);
#2368=ORIENTED_EDGE('',*,*,#1666,.F.);
#2369=ORIENTED_EDGE('',*,*,#1670,.T.);
#2370=ORIENTED_EDGE('',*,*,#1673,.T.);
#2371=ORIENTED_EDGE('',*,*,#1714,.T.);
#2372=ORIENTED_EDGE('',*,*,#1710,.T.);
#2373=ORIENTED_EDGE('',*,*,#1715,.F.);
#2374=ORIENTED_EDGE('',*,*,#1699,.F.);
#2375=ORIENTED_EDGE('',*,*,#1716,.T.);
#2376=ORIENTED_EDGE('',*,*,#1717,.T.);
#2377=ORIENTED_EDGE('',*,*,#1711,.F.);
#2378=ORIENTED_EDGE('',*,*,#1664,.T.);
#2379=ORIENTED_EDGE('',*,*,#1657,.T.);
#2380=ORIENTED_EDGE('',*,*,#1674,.T.);
#2381=ORIENTED_EDGE('',*,*,#1655,.T.);
#2382=ORIENTED_EDGE('',*,*,#1683,.T.);
#2383=ORIENTED_EDGE('',*,*,#1704,.F.);
#2384=ORIENTED_EDGE('',*,*,#1693,.T.);
#2385=ORIENTED_EDGE('',*,*,#1694,.F.);
#2386=ORIENTED_EDGE('',*,*,#1687,.F.);
#2387=ORIENTED_EDGE('',*,*,#1700,.F.);
#2388=ORIENTED_EDGE('',*,*,#1718,.F.);
#2389=ORIENTED_EDGE('',*,*,#1651,.T.);
#2390=ORIENTED_EDGE('',*,*,#1661,.T.);
#2391=ORIENTED_EDGE('',*,*,#1668,.T.);
#2392=ORIENTED_EDGE('',*,*,#1706,.T.);
#2393=ORIENTED_EDGE('',*,*,#1671,.T.);
#2394=ORIENTED_EDGE('',*,*,#1709,.F.);
#2395=ORIENTED_EDGE('',*,*,#1719,.F.);
#2396=ORIENTED_EDGE('',*,*,#1696,.F.);
#2397=ORIENTED_EDGE('',*,*,#1715,.T.);
#2398=ORIENTED_EDGE('',*,*,#1720,.T.);
#2399=ORIENTED_EDGE('',*,*,#1721,.T.);
#2400=ORIENTED_EDGE('',*,*,#1716,.F.);
#2401=ORIENTED_EDGE('',*,*,#1698,.F.);
#2402=ORIENTED_EDGE('',*,*,#1720,.F.);
#2403=ORIENTED_EDGE('',*,*,#1697,.F.);
#2404=ORIENTED_EDGE('',*,*,#1719,.T.);
#2405=ORIENTED_EDGE('',*,*,#1708,.T.);
#2406=ORIENTED_EDGE('',*,*,#1713,.F.);
#2407=ORIENTED_EDGE('',*,*,#1722,.T.);
#2408=ORIENTED_EDGE('',*,*,#1722,.F.);
#2409=ORIENTED_EDGE('',*,*,#1712,.F.);
#2410=ORIENTED_EDGE('',*,*,#1717,.F.);
#2411=ORIENTED_EDGE('',*,*,#1721,.F.);
#2412=ORIENTED_EDGE('',*,*,#1677,.T.);
#2413=ORIENTED_EDGE('',*,*,#1652,.F.);
#2414=ORIENTED_EDGE('',*,*,#1718,.T.);
#2415=ORIENTED_EDGE('',*,*,#1702,.F.);
#2416=ORIENTED_EDGE('',*,*,#1723,.F.);
#2417=ORIENTED_EDGE('',*,*,#1724,.T.);
#2418=ORIENTED_EDGE('',*,*,#1725,.T.);
#2419=ORIENTED_EDGE('',*,*,#1684,.T.);
#2420=ORIENTED_EDGE('',*,*,#1681,.F.);
#2421=ORIENTED_EDGE('',*,*,#1726,.F.);
#2422=ORIENTED_EDGE('',*,*,#1723,.T.);
#2423=ORIENTED_EDGE('',*,*,#1701,.F.);
#2424=ORIENTED_EDGE('',*,*,#1689,.T.);
#2425=ORIENTED_EDGE('',*,*,#1695,.F.);
#2426=ORIENTED_EDGE('',*,*,#1691,.F.);
#2427=ORIENTED_EDGE('',*,*,#1703,.F.);
#2428=ORIENTED_EDGE('',*,*,#1727,.F.);
#2429=ORIENTED_EDGE('',*,*,#1728,.T.);
#2430=ORIENTED_EDGE('',*,*,#1729,.T.);
#2431=ORIENTED_EDGE('',*,*,#1727,.T.);
#2432=ORIENTED_EDGE('',*,*,#1730,.T.);
#2433=ORIENTED_EDGE('',*,*,#1731,.T.);
#2434=ORIENTED_EDGE('',*,*,#1679,.F.);
#2435=ORIENTED_EDGE('',*,*,#1685,.F.);
#2436=ORIENTED_EDGE('',*,*,#1725,.F.);
#2437=ORIENTED_EDGE('',*,*,#1732,.T.);
#2438=ORIENTED_EDGE('',*,*,#1733,.T.);
#2439=ORIENTED_EDGE('',*,*,#1733,.F.);
#2440=ORIENTED_EDGE('',*,*,#1734,.T.);
#2441=ORIENTED_EDGE('',*,*,#1726,.T.);
#2442=ORIENTED_EDGE('',*,*,#1735,.T.);
#2443=ORIENTED_EDGE('',*,*,#1730,.F.);
#2444=ORIENTED_EDGE('',*,*,#1728,.F.);
#2445=ORIENTED_EDGE('',*,*,#1731,.F.);
#2446=ORIENTED_EDGE('',*,*,#1735,.F.);
#2447=ORIENTED_EDGE('',*,*,#1680,.F.);
#2448=ORIENTED_EDGE('',*,*,#1732,.F.);
#2449=ORIENTED_EDGE('',*,*,#1724,.F.);
#2450=ORIENTED_EDGE('',*,*,#1734,.F.);
#2451=ORIENTED_EDGE('',*,*,#1729,.F.);
#2452=ORIENTED_EDGE('',*,*,#1736,.T.);
#2453=ORIENTED_EDGE('',*,*,#1714,.F.);
#2454=ORIENTED_EDGE('',*,*,#1736,.F.);
#2455=ORIENTED_EDGE('',*,*,#1737,.F.);
#2456=ORIENTED_EDGE('',*,*,#1738,.T.);
#2457=ORIENTED_EDGE('',*,*,#1739,.F.);
#2458=ORIENTED_EDGE('',*,*,#1738,.F.);
#2459=ORIENTED_EDGE('',*,*,#1740,.F.);
#2460=ORIENTED_EDGE('',*,*,#1741,.F.);
#2461=ORIENTED_EDGE('',*,*,#1742,.F.);
#2462=ORIENTED_EDGE('',*,*,#1743,.F.);
#2463=ORIENTED_EDGE('',*,*,#1737,.T.);
#2464=ORIENTED_EDGE('',*,*,#1741,.T.);
#2465=ORIENTED_EDGE('',*,*,#1744,.F.);
#2466=ORIENTED_EDGE('',*,*,#1745,.F.);
#2467=ORIENTED_EDGE('',*,*,#1746,.T.);
#2468=ORIENTED_EDGE('',*,*,#1740,.T.);
#2469=ORIENTED_EDGE('',*,*,#1747,.F.);
#2470=ORIENTED_EDGE('',*,*,#1748,.F.);
#2471=ORIENTED_EDGE('',*,*,#1744,.T.);
#2472=ORIENTED_EDGE('',*,*,#1749,.F.);
#2473=ORIENTED_EDGE('',*,*,#1750,.F.);
#2474=ORIENTED_EDGE('',*,*,#1751,.T.);
#2475=ORIENTED_EDGE('',*,*,#1752,.T.);
#2476=ORIENTED_EDGE('',*,*,#1753,.F.);
#2477=ORIENTED_EDGE('',*,*,#1752,.F.);
#2478=ORIENTED_EDGE('',*,*,#1754,.T.);
#2479=ORIENTED_EDGE('',*,*,#1755,.T.);
#2480=ORIENTED_EDGE('',*,*,#1756,.F.);
#2481=ORIENTED_EDGE('',*,*,#1755,.F.);
#2482=ORIENTED_EDGE('',*,*,#1757,.T.);
#2483=ORIENTED_EDGE('',*,*,#1758,.T.);
#2484=ORIENTED_EDGE('',*,*,#1759,.F.);
#2485=ORIENTED_EDGE('',*,*,#1758,.F.);
#2486=ORIENTED_EDGE('',*,*,#1760,.T.);
#2487=ORIENTED_EDGE('',*,*,#1750,.T.);
#2488=ORIENTED_EDGE('',*,*,#1754,.F.);
#2489=ORIENTED_EDGE('',*,*,#1751,.F.);
#2490=ORIENTED_EDGE('',*,*,#1760,.F.);
#2491=ORIENTED_EDGE('',*,*,#1757,.F.);
#2492=ORIENTED_EDGE('',*,*,#1739,.T.);
#2493=ORIENTED_EDGE('',*,*,#1742,.T.);
#2494=ORIENTED_EDGE('',*,*,#1746,.F.);
#2495=ORIENTED_EDGE('',*,*,#1761,.F.);
#2496=ORIENTED_EDGE('',*,*,#1762,.T.);
#2497=ORIENTED_EDGE('',*,*,#1743,.T.);
#2498=ORIENTED_EDGE('',*,*,#1762,.F.);
#2499=ORIENTED_EDGE('',*,*,#1763,.F.);
#2500=ORIENTED_EDGE('',*,*,#1747,.T.);
#2501=ORIENTED_EDGE('',*,*,#1764,.F.);
#2502=ORIENTED_EDGE('',*,*,#1765,.T.);
#2503=ORIENTED_EDGE('',*,*,#1766,.T.);
#2504=ORIENTED_EDGE('',*,*,#1767,.F.);
#2505=ORIENTED_EDGE('',*,*,#1768,.F.);
#2506=ORIENTED_EDGE('',*,*,#1769,.F.);
#2507=ORIENTED_EDGE('',*,*,#1770,.T.);
#2508=ORIENTED_EDGE('',*,*,#1771,.F.);
#2509=ORIENTED_EDGE('',*,*,#1772,.F.);
#2510=ORIENTED_EDGE('',*,*,#1773,.F.);
#2511=ORIENTED_EDGE('',*,*,#1774,.T.);
#2512=ORIENTED_EDGE('',*,*,#1775,.T.);
#2513=ORIENTED_EDGE('',*,*,#1776,.F.);
#2514=ORIENTED_EDGE('',*,*,#1775,.F.);
#2515=ORIENTED_EDGE('',*,*,#1777,.F.);
#2516=ORIENTED_EDGE('',*,*,#1770,.F.);
#2517=ORIENTED_EDGE('',*,*,#1778,.F.);
#2518=ORIENTED_EDGE('',*,*,#1779,.F.);
#2519=ORIENTED_EDGE('',*,*,#1767,.T.);
#2520=ORIENTED_EDGE('',*,*,#1780,.T.);
#2521=ORIENTED_EDGE('',*,*,#1781,.F.);
#2522=ORIENTED_EDGE('',*,*,#1782,.F.);
#2523=ORIENTED_EDGE('',*,*,#1783,.T.);
#2524=ORIENTED_EDGE('',*,*,#1765,.F.);
#2525=ORIENTED_EDGE('',*,*,#1784,.F.);
#2526=ORIENTED_EDGE('',*,*,#1785,.F.);
#2527=ORIENTED_EDGE('',*,*,#1786,.F.);
#2528=ORIENTED_EDGE('',*,*,#1780,.F.);
#2529=ORIENTED_EDGE('',*,*,#1766,.F.);
#2530=ORIENTED_EDGE('',*,*,#1783,.F.);
#2531=ORIENTED_EDGE('',*,*,#1787,.F.);
#2532=ORIENTED_EDGE('',*,*,#1771,.T.);
#2533=ORIENTED_EDGE('',*,*,#1777,.T.);
#2534=ORIENTED_EDGE('',*,*,#1774,.F.);
#2535=ORIENTED_EDGE('',*,*,#1778,.T.);
#2536=ORIENTED_EDGE('',*,*,#1769,.T.);
#2537=ORIENTED_EDGE('',*,*,#1788,.T.);
#2538=ORIENTED_EDGE('',*,*,#1789,.T.);
#2539=ORIENTED_EDGE('',*,*,#1790,.F.);
#2540=ORIENTED_EDGE('',*,*,#1776,.T.);
#2541=ORIENTED_EDGE('',*,*,#1790,.T.);
#2542=ORIENTED_EDGE('',*,*,#1791,.T.);
#2543=ORIENTED_EDGE('',*,*,#1792,.T.);
#2544=ORIENTED_EDGE('',*,*,#1793,.T.);
#2545=ORIENTED_EDGE('',*,*,#1772,.T.);
#2546=ORIENTED_EDGE('',*,*,#1792,.F.);
#2547=ORIENTED_EDGE('',*,*,#1794,.T.);
#2548=ORIENTED_EDGE('',*,*,#1795,.F.);
#2549=ORIENTED_EDGE('',*,*,#1796,.F.);
#2550=ORIENTED_EDGE('',*,*,#1791,.F.);
#2551=ORIENTED_EDGE('',*,*,#1789,.F.);
#2552=ORIENTED_EDGE('',*,*,#1797,.T.);
#2553=ORIENTED_EDGE('',*,*,#1798,.F.);
#2554=ORIENTED_EDGE('',*,*,#1799,.F.);
#2555=ORIENTED_EDGE('',*,*,#1794,.F.);
#2556=ORIENTED_EDGE('',*,*,#1761,.T.);
#2557=ORIENTED_EDGE('',*,*,#1745,.T.);
#2558=ORIENTED_EDGE('',*,*,#1748,.T.);
#2559=ORIENTED_EDGE('',*,*,#1763,.T.);
#2560=ORIENTED_EDGE('',*,*,#1782,.T.);
#2561=ORIENTED_EDGE('',*,*,#1800,.T.);
#2562=ORIENTED_EDGE('',*,*,#1795,.T.);
#2563=ORIENTED_EDGE('',*,*,#1799,.T.);
#2564=ORIENTED_EDGE('',*,*,#1801,.T.);
#2565=ORIENTED_EDGE('',*,*,#1785,.T.);
#2566=ORIENTED_EDGE('',*,*,#1786,.T.);
#2567=ORIENTED_EDGE('',*,*,#1801,.F.);
#2568=ORIENTED_EDGE('',*,*,#1798,.T.);
#2569=ORIENTED_EDGE('',*,*,#1802,.T.);
#2570=ORIENTED_EDGE('',*,*,#1781,.T.);
#2571=ORIENTED_EDGE('',*,*,#1773,.T.);
#2572=ORIENTED_EDGE('',*,*,#1793,.F.);
#2573=ORIENTED_EDGE('',*,*,#1796,.T.);
#2574=ORIENTED_EDGE('',*,*,#1800,.F.);
#2575=ORIENTED_EDGE('',*,*,#1784,.T.);
#2576=ORIENTED_EDGE('',*,*,#1764,.T.);
#2577=ORIENTED_EDGE('',*,*,#1779,.T.);
#2578=ORIENTED_EDGE('',*,*,#1802,.F.);
#2579=ORIENTED_EDGE('',*,*,#1797,.F.);
#2580=ORIENTED_EDGE('',*,*,#1788,.F.);
#2581=ORIENTED_EDGE('',*,*,#1768,.T.);
#2582=ORIENTED_EDGE('',*,*,#1787,.T.);
#2583=ORIENTED_EDGE('',*,*,#1749,.T.);
#2584=ORIENTED_EDGE('',*,*,#1753,.T.);
#2585=ORIENTED_EDGE('',*,*,#1756,.T.);
#2586=ORIENTED_EDGE('',*,*,#1759,.T.);
#2587=CYLINDRICAL_SURFACE('',#2777,2.93);
#2588=CYLINDRICAL_SURFACE('',#2789,2.93);
#2589=CYLINDRICAL_SURFACE('',#2792,2.93);
#2590=CYLINDRICAL_SURFACE('',#2795,2.93);
#2591=CYLINDRICAL_SURFACE('',#2797,2.);
#2592=CYLINDRICAL_SURFACE('',#2805,2.);
#2593=CYLINDRICAL_SURFACE('',#2807,2.);
#2594=CYLINDRICAL_SURFACE('',#2809,2.);
#2595=CYLINDRICAL_SURFACE('',#2810,2.0625);
#2596=CYLINDRICAL_SURFACE('',#2835,4.12460980347816);
#2597=CYLINDRICAL_SURFACE('',#2839,2.7);
#2598=CYLINDRICAL_SURFACE('',#2849,3.25);
#2599=CYLINDRICAL_SURFACE('',#2875,3.025);
#2600=CYLINDRICAL_SURFACE('',#2877,3.025);
#2601=CYLINDRICAL_SURFACE('',#2879,3.);
#2602=CYLINDRICAL_SURFACE('',#2881,3.);
#2603=CYLINDRICAL_SURFACE('',#2884,3.025);
#2604=CYLINDRICAL_SURFACE('',#2886,3.025);
#2605=CYLINDRICAL_SURFACE('',#2888,3.);
#2606=CYLINDRICAL_SURFACE('',#2891,3.);
#2607=CYLINDRICAL_SURFACE('',#2894,4.418290349716);
#2608=CYLINDRICAL_SURFACE('',#2914,4.1);
#2609=CYLINDRICAL_SURFACE('',#2917,4.0995);
#2610=CYLINDRICAL_SURFACE('',#2956,4.);
#2611=CYLINDRICAL_SURFACE('',#2962,0.5);
#2612=CYLINDRICAL_SURFACE('',#2988,3.);
#2613=CYLINDRICAL_SURFACE('',#2994,3.);
#2614=ADVANCED_FACE('',(#201),#2587,.T.);
#2615=ADVANCED_FACE('',(#202),#89,.F.);
#2616=ADVANCED_FACE('',(#203,#71),#90,.T.);
#2617=ADVANCED_FACE('',(#204),#2588,.T.);
#2618=ADVANCED_FACE('',(#205),#91,.T.);
#2619=ADVANCED_FACE('',(#206),#2589,.T.);
#2620=ADVANCED_FACE('',(#207),#92,.T.);
#2621=ADVANCED_FACE('',(#208),#2590,.T.);
#2622=ADVANCED_FACE('',(#209),#2591,.T.);
#2623=ADVANCED_FACE('',(#210),#93,.T.);
#2624=ADVANCED_FACE('',(#211,#72),#94,.T.);
#2625=ADVANCED_FACE('',(#212),#2592,.T.);
#2626=ADVANCED_FACE('',(#213),#95,.T.);
#2627=ADVANCED_FACE('',(#214),#2593,.T.);
#2628=ADVANCED_FACE('',(#215),#96,.T.);
#2629=ADVANCED_FACE('',(#216),#2594,.T.);
#2630=ADVANCED_FACE('',(#217),#2595,.F.);
#2631=ADVANCED_FACE('',(#218,#73),#70,.F.);
#2632=ADVANCED_FACE('',(#219,#74),#97,.T.);
#2633=ADVANCED_FACE('',(#220),#98,.T.);
#2634=ADVANCED_FACE('',(#221),#99,.T.);
#2635=ADVANCED_FACE('',(#222),#100,.F.);
#2636=ADVANCED_FACE('',(#223),#101,.F.);
#2637=ADVANCED_FACE('',(#224),#102,.F.);
#2638=ADVANCED_FACE('',(#225),#103,.F.);
#2639=ADVANCED_FACE('',(#226),#104,.F.);
#2640=ADVANCED_FACE('',(#227),#105,.F.);
#2641=ADVANCED_FACE('',(#228),#106,.F.);
#2642=ADVANCED_FACE('',(#229),#107,.F.);
#2643=ADVANCED_FACE('',(#230),#108,.F.);
#2644=ADVANCED_FACE('',(#231),#109,.F.);
#2645=ADVANCED_FACE('',(#232),#110,.F.);
#2646=ADVANCED_FACE('',(#233),#111,.F.);
#2647=ADVANCED_FACE('',(#234,#75),#112,.T.);
#2648=ADVANCED_FACE('',(#235),#2596,.T.);
#2649=ADVANCED_FACE('',(#236,#76),#113,.T.);
#2650=ADVANCED_FACE('',(#237),#2597,.F.);
#2651=ADVANCED_FACE('',(#238,#77),#114,.F.);
#2652=ADVANCED_FACE('',(#239),#115,.F.);
#2653=ADVANCED_FACE('',(#240),#38,.T.);
#2654=ADVANCED_FACE('',(#241),#39,.T.);
#2655=ADVANCED_FACE('',(#242),#2598,.F.);
#2656=ADVANCED_FACE('',(#243),#40,.T.);
#2657=ADVANCED_FACE('',(#244),#116,.F.);
#2658=ADVANCED_FACE('',(#245),#117,.F.);
#2659=ADVANCED_FACE('',(#246),#118,.T.);
#2660=ADVANCED_FACE('',(#247),#119,.T.);
#2661=ADVANCED_FACE('',(#248),#120,.T.);
#2662=ADVANCED_FACE('',(#249),#121,.T.);
#2663=ADVANCED_FACE('',(#250),#122,.T.);
#2664=ADVANCED_FACE('',(#251),#123,.T.);
#2665=ADVANCED_FACE('',(#252),#124,.T.);
#2666=ADVANCED_FACE('',(#253),#125,.T.);
#2667=ADVANCED_FACE('',(#254),#126,.T.);
#2668=ADVANCED_FACE('',(#255),#127,.T.);
#2669=ADVANCED_FACE('',(#256),#2599,.F.);
#2670=ADVANCED_FACE('',(#257),#2600,.F.);
#2671=ADVANCED_FACE('',(#258),#2601,.T.);
#2672=ADVANCED_FACE('',(#259),#2602,.T.);
#2673=ADVANCED_FACE('',(#260),#2603,.F.);
#2674=ADVANCED_FACE('',(#261),#2604,.F.);
#2675=ADVANCED_FACE('',(#262),#2605,.T.);
#2676=ADVANCED_FACE('',(#263),#2606,.T.);
#2677=ADVANCED_FACE('',(#264,#78),#128,.T.);
#2678=ADVANCED_FACE('',(#265),#2607,.T.);
#2679=ADVANCED_FACE('',(#266,#79),#129,.T.);
#2680=ADVANCED_FACE('',(#267),#130,.T.);
#2681=ADVANCED_FACE('',(#268),#131,.F.);
#2682=ADVANCED_FACE('',(#269),#132,.F.);
#2683=ADVANCED_FACE('',(#270),#133,.F.);
#2684=ADVANCED_FACE('',(#271),#134,.F.);
#2685=ADVANCED_FACE('',(#272),#135,.F.);
#2686=ADVANCED_FACE('',(#273),#136,.F.);
#2687=ADVANCED_FACE('',(#274),#137,.F.);
#2688=ADVANCED_FACE('',(#275),#138,.F.);
#2689=ADVANCED_FACE('',(#276),#139,.F.);
#2690=ADVANCED_FACE('',(#277),#140,.F.);
#2691=ADVANCED_FACE('',(#278),#141,.F.);
#2692=ADVANCED_FACE('',(#279),#20,.T.);
#2693=ADVANCED_FACE('',(#280),#2608,.F.);
#2694=ADVANCED_FACE('',(#281,#80),#142,.T.);
#2695=ADVANCED_FACE('',(#282),#2609,.F.);
#2696=ADVANCED_FACE('',(#283,#81),#143,.T.);
#2697=ADVANCED_FACE('',(#284),#144,.T.);
#2698=ADVANCED_FACE('',(#285),#145,.T.);
#2699=ADVANCED_FACE('',(#286),#146,.T.);
#2700=ADVANCED_FACE('',(#287),#147,.T.);
#2701=ADVANCED_FACE('',(#288),#148,.F.);
#2702=ADVANCED_FACE('',(#289),#149,.T.);
#2703=ADVANCED_FACE('',(#290),#150,.F.);
#2704=ADVANCED_FACE('',(#291),#151,.F.);
#2705=ADVANCED_FACE('',(#292),#152,.F.);
#2706=ADVANCED_FACE('',(#293),#153,.F.);
#2707=ADVANCED_FACE('',(#294),#154,.F.);
#2708=ADVANCED_FACE('',(#295),#155,.F.);
#2709=ADVANCED_FACE('',(#296),#156,.T.);
#2710=ADVANCED_FACE('',(#297),#157,.T.);
#2711=ADVANCED_FACE('',(#298),#158,.T.);
#2712=ADVANCED_FACE('',(#299),#159,.T.);
#2713=ADVANCED_FACE('',(#300,#82),#160,.T.);
#2714=ADVANCED_FACE('',(#301),#161,.T.);
#2715=ADVANCED_FACE('',(#302),#162,.T.);
#2716=ADVANCED_FACE('',(#303),#163,.T.);
#2717=ADVANCED_FACE('',(#304,#83),#164,.F.);
#2718=ADVANCED_FACE('',(#305),#165,.F.);
#2719=ADVANCED_FACE('',(#306),#166,.T.);
#2720=ADVANCED_FACE('',(#307),#167,.F.);
#2721=ADVANCED_FACE('',(#308),#168,.F.);
#2722=ADVANCED_FACE('',(#309),#169,.F.);
#2723=ADVANCED_FACE('',(#310),#170,.F.);
#2724=ADVANCED_FACE('',(#311),#171,.F.);
#2725=ADVANCED_FACE('',(#312),#172,.T.);
#2726=ADVANCED_FACE('',(#313),#173,.T.);
#2727=ADVANCED_FACE('',(#314,#84),#174,.T.);
#2728=ADVANCED_FACE('',(#315),#175,.T.);
#2729=ADVANCED_FACE('',(#316),#2610,.T.);
#2730=ADVANCED_FACE('',(#317),#176,.T.);
#2731=ADVANCED_FACE('',(#318),#177,.T.);
#2732=ADVANCED_FACE('',(#319),#17,.F.);
#2733=ADVANCED_FACE('',(#320),#2611,.F.);
#2734=ADVANCED_FACE('',(#321,#85),#178,.F.);
#2735=ADVANCED_FACE('',(#322),#179,.F.);
#2736=ADVANCED_FACE('',(#323),#180,.F.);
#2737=ADVANCED_FACE('',(#324),#181,.F.);
#2738=ADVANCED_FACE('',(#325),#182,.F.);
#2739=ADVANCED_FACE('',(#326),#183,.F.);
#2740=ADVANCED_FACE('',(#327),#184,.F.);
#2741=ADVANCED_FACE('',(#328,#86),#185,.F.);
#2742=ADVANCED_FACE('',(#329),#186,.F.);
#2743=ADVANCED_FACE('',(#330),#187,.F.);
#2744=ADVANCED_FACE('',(#331),#188,.T.);
#2745=ADVANCED_FACE('',(#332),#189,.F.);
#2746=ADVANCED_FACE('',(#333),#190,.F.);
#2747=ADVANCED_FACE('',(#334),#191,.F.);
#2748=ADVANCED_FACE('',(#335),#192,.F.);
#2749=ADVANCED_FACE('',(#336),#193,.F.);
#2750=ADVANCED_FACE('',(#337),#194,.F.);
#2751=ADVANCED_FACE('',(#338),#195,.T.);
#2752=ADVANCED_FACE('',(#339),#196,.T.);
#2753=ADVANCED_FACE('',(#340),#2612,.T.);
#2754=ADVANCED_FACE('',(#341),#197,.T.);
#2755=ADVANCED_FACE('',(#342,#87),#198,.T.);
#2756=ADVANCED_FACE('',(#343),#2613,.T.);
#2757=ADVANCED_FACE('',(#344),#199,.T.);
#2758=ADVANCED_FACE('',(#345,#88),#200,.T.);
#2759=CLOSED_SHELL('',(#2614,#2615,#2616,#2617,#2618,#2619,#2620,#2621,
#2622,#2623,#2624,#2625,#2626,#2627,#2628,#2629,#2630,#2631,#2632,#2633,
#2634));
#2760=CLOSED_SHELL('',(#2635,#2636,#2637,#2638,#2639,#2640,#2641,#2642,
#2643,#2644,#2645,#2646,#2647,#2648,#2649,#2650,#2651,#2652,#2653,#2654,
#2655,#2656,#2657,#2658,#2659,#2660,#2661,#2662,#2663,#2664,#2665,#2666,
#2667,#2668,#2669,#2670,#2671,#2672,#2673,#2674,#2675,#2676,#2677,#2678,
#2679,#2680,#2681,#2682,#2683,#2684,#2685,#2686,#2687,#2688,#2689,#2690,
#2691,#2692,#2693,#2694,#2695,#2696,#2697,#2698,#2699,#2700));
#2761=CLOSED_SHELL('',(#2701,#2702,#2703,#2704,#2705,#2706,#2707,#2708,
#2709,#2710,#2711,#2712,#2713,#2714,#2715,#2716,#2717,#2718,#2719,#2720,
#2721,#2722,#2723,#2724,#2725,#2726,#2727,#2728,#2729,#2730,#2731,#2732));
#2762=CLOSED_SHELL('',(#2733,#2734,#2735,#2736,#2737,#2738,#2739,#2740,
#2741,#2742,#2743,#2744,#2745,#2746,#2747,#2748,#2749,#2750,#2751,#2752,
#2753,#2754,#2755,#2756,#2757,#2758));
#2763=DERIVED_UNIT_ELEMENT(#2765,1.);
#2764=DERIVED_UNIT_ELEMENT(#4876,-3.);
#2765=(
MASS_UNIT()
NAMED_UNIT(*)
SI_UNIT(.KILO.,.GRAM.)
);
#2766=DERIVED_UNIT((#2763,#2764));
#2767=MEASURE_REPRESENTATION_ITEM('density measure',
POSITIVE_RATIO_MEASURE(7850.),#2766);
#2768=PROPERTY_DEFINITION_REPRESENTATION(#2773,#2770);
#2769=PROPERTY_DEFINITION_REPRESENTATION(#2774,#2771);
#2770=REPRESENTATION('material name',(#2772),#4873);
#2771=REPRESENTATION('density',(#2767),#4873);
#2772=DESCRIPTIVE_REPRESENTATION_ITEM('Steel','Steel');
#2773=PROPERTY_DEFINITION('material property','material name',#4888);
#2774=PROPERTY_DEFINITION('material property','density of part',#4888);
#2775=AXIS2_PLACEMENT_3D('',#3736,#2999,#3000);
#2776=AXIS2_PLACEMENT_3D('',#3737,#3001,#3002);
#2777=AXIS2_PLACEMENT_3D('',#3738,#3003,#3004);
#2778=AXIS2_PLACEMENT_3D('',#3741,#3005,#3006);
#2779=AXIS2_PLACEMENT_3D('',#3745,#3008,#3009);
#2780=AXIS2_PLACEMENT_3D('',#3747,#3011,#3012);
#2781=AXIS2_PLACEMENT_3D('',#3753,#3016,#3017);
#2782=AXIS2_PLACEMENT_3D('',#3757,#3019,#3020);
#2783=AXIS2_PLACEMENT_3D('',#3761,#3022,#3023);
#2784=AXIS2_PLACEMENT_3D('',#3764,#3025,#3026);
#2785=AXIS2_PLACEMENT_3D('',#3769,#3028,#3029);
#2786=AXIS2_PLACEMENT_3D('',#3773,#3031,#3032);
#2787=AXIS2_PLACEMENT_3D('',#3777,#3034,#3035);
#2788=AXIS2_PLACEMENT_3D('',#3780,#3037,#3038);
#2789=AXIS2_PLACEMENT_3D('',#3781,#3039,#3040);
#2790=AXIS2_PLACEMENT_3D('',#3783,#3041,#3042);
#2791=AXIS2_PLACEMENT_3D('',#3785,#3044,#3045);
#2792=AXIS2_PLACEMENT_3D('',#3789,#3048,#3049);
#2793=AXIS2_PLACEMENT_3D('',#3792,#3050,#3051);
#2794=AXIS2_PLACEMENT_3D('',#3795,#3054,#3055);
#2795=AXIS2_PLACEMENT_3D('',#3799,#3058,#3059);
#2796=AXIS2_PLACEMENT_3D('',#3800,#3060,#3061);
#2797=AXIS2_PLACEMENT_3D('',#3801,#3062,#3063);
#2798=AXIS2_PLACEMENT_3D('',#3804,#3064,#3065);
#2799=AXIS2_PLACEMENT_3D('',#3807,#3068,#3069);
#2800=AXIS2_PLACEMENT_3D('',#3811,#3072,#3073);
#2801=AXIS2_PLACEMENT_3D('',#3815,#3075,#3076);
#2802=AXIS2_PLACEMENT_3D('',#3819,#3078,#3079);
#2803=AXIS2_PLACEMENT_3D('',#3822,#3081,#3082);
#2804=AXIS2_PLACEMENT_3D('',#3824,#3083,#3084);
#2805=AXIS2_PLACEMENT_3D('',#3825,#3085,#3086);
#2806=AXIS2_PLACEMENT_3D('',#3827,#3088,#3089);
#2807=AXIS2_PLACEMENT_3D('',#3829,#3091,#3092);
#2808=AXIS2_PLACEMENT_3D('',#3832,#3095,#3096);
#2809=AXIS2_PLACEMENT_3D('',#3833,#3097,#3098);
#2810=AXIS2_PLACEMENT_3D('',#3835,#3100,#3101);
#2811=AXIS2_PLACEMENT_3D('',#3838,#3103,#3104);
#2812=AXIS2_PLACEMENT_3D('',#3839,#3105,#3106);
#2813=AXIS2_PLACEMENT_3D('',#3841,#3107,#3108);
#2814=AXIS2_PLACEMENT_3D('',#3842,#3109,#3110);
#2815=AXIS2_PLACEMENT_3D('',#3844,#3112,#3113);
#2816=AXIS2_PLACEMENT_3D('',#3845,#3114,#3115);
#2817=AXIS2_PLACEMENT_3D('',#3846,#3116,#3117);
#2818=AXIS2_PLACEMENT_3D('',#3855,#3122,#3123);
#2819=AXIS2_PLACEMENT_3D('',#3864,#3128,#3129);
#2820=AXIS2_PLACEMENT_3D('',#3867,#3132,#3133);
#2821=AXIS2_PLACEMENT_3D('',#3876,#3138,#3139);
#2822=AXIS2_PLACEMENT_3D('',#3885,#3144,#3145);
#2823=AXIS2_PLACEMENT_3D('',#3888,#3148,#3149);
#2824=AXIS2_PLACEMENT_3D('',#3897,#3154,#3155);
#2825=AXIS2_PLACEMENT_3D('',#3906,#3160,#3161);
#2826=AXIS2_PLACEMENT_3D('',#3909,#3164,#3165);
#2827=AXIS2_PLACEMENT_3D('',#3918,#3170,#3171);
#2828=AXIS2_PLACEMENT_3D('',#3927,#3176,#3177);
#2829=AXIS2_PLACEMENT_3D('',#3930,#3180,#3181);
#2830=AXIS2_PLACEMENT_3D('',#3931,#3182,#3183);
#2831=AXIS2_PLACEMENT_3D('',#3932,#3184,#3185);
#2832=AXIS2_PLACEMENT_3D('',#3933,#3186,#3187);
#2833=AXIS2_PLACEMENT_3D('',#3934,#3188,#3189);
#2834=AXIS2_PLACEMENT_3D('',#3936,#3190,#3191);
#2835=AXIS2_PLACEMENT_3D('',#3937,#3192,#3193);
#2836=AXIS2_PLACEMENT_3D('',#3947,#3194,#3195);
#2837=AXIS2_PLACEMENT_3D('',#3954,#3196,#3197);
#2838=AXIS2_PLACEMENT_3D('',#4006,#3198,#3199);
#2839=AXIS2_PLACEMENT_3D('',#4007,#3200,#3201);
#2840=AXIS2_PLACEMENT_3D('',#4009,#3202,#3203);
#2841=AXIS2_PLACEMENT_3D('',#4011,#3205,#3206);
#2842=AXIS2_PLACEMENT_3D('',#4060,#3210,#3211);
#2843=AXIS2_PLACEMENT_3D('',#4062,#3212,#3213);
#2844=AXIS2_PLACEMENT_3D('',#4065,#3215,#3216);
#2845=AXIS2_PLACEMENT_3D('',#4119,#3217,#3218);
#2846=AXIS2_PLACEMENT_3D('',#4145,#3219,#3220);
#2847=AXIS2_PLACEMENT_3D('',#4204,#3221,#3222);
#2848=AXIS2_PLACEMENT_3D('',#4230,#3223,#3224);
#2849=AXIS2_PLACEMENT_3D('',#4254,#3225,#3226);
#2850=AXIS2_PLACEMENT_3D('',#4257,#3227,#3228);
#2851=AXIS2_PLACEMENT_3D('',#4260,#3230,#3231);
#2852=AXIS2_PLACEMENT_3D('',#4262,#3232,#3233);
#2853=AXIS2_PLACEMENT_3D('',#4264,#3234,#3235);
#2854=AXIS2_PLACEMENT_3D('',#4266,#3236,#3237);
#2855=AXIS2_PLACEMENT_3D('',#4267,#3238,#3239);
#2856=AXIS2_PLACEMENT_3D('',#4268,#3240,#3241);
#2857=AXIS2_PLACEMENT_3D('',#4326,#3243,#3244);
#2858=AXIS2_PLACEMENT_3D('',#4328,#3246,#3247);
#2859=AXIS2_PLACEMENT_3D('',#4334,#3251,#3252);
#2860=AXIS2_PLACEMENT_3D('',#4343,#3257,#3258);
#2861=AXIS2_PLACEMENT_3D('',#4350,#3262,#3263);
#2862=AXIS2_PLACEMENT_3D('',#4352,#3264,#3265);
#2863=AXIS2_PLACEMENT_3D('',#4356,#3268,#3269);
#2864=AXIS2_PLACEMENT_3D('',#4365,#3274,#3275);
#2865=AXIS2_PLACEMENT_3D('',#4374,#3280,#3281);
#2866=AXIS2_PLACEMENT_3D('',#4376,#3282,#3283);
#2867=AXIS2_PLACEMENT_3D('',#4380,#3286,#3287);
#2868=AXIS2_PLACEMENT_3D('',#4382,#3288,#3289);
#2869=AXIS2_PLACEMENT_3D('',#4385,#3292,#3293);
#2870=AXIS2_PLACEMENT_3D('',#4399,#3301,#3302);
#2871=AXIS2_PLACEMENT_3D('',#4405,#3306,#3307);
#2872=AXIS2_PLACEMENT_3D('',#4407,#3308,#3309);
#2873=AXIS2_PLACEMENT_3D('',#4411,#3312,#3313);
#2874=AXIS2_PLACEMENT_3D('',#4413,#3314,#3315);
#2875=AXIS2_PLACEMENT_3D('',#4416,#3318,#3319);
#2876=AXIS2_PLACEMENT_3D('',#4417,#3320,#3321);
#2877=AXIS2_PLACEMENT_3D('',#4418,#3322,#3323);
#2878=AXIS2_PLACEMENT_3D('',#4419,#3324,#3325);
#2879=AXIS2_PLACEMENT_3D('',#4420,#3326,#3327);
#2880=AXIS2_PLACEMENT_3D('',#4422,#3328,#3329);
#2881=AXIS2_PLACEMENT_3D('',#4424,#3331,#3332);
#2882=AXIS2_PLACEMENT_3D('',#4426,#3333,#3334);
#2883=AXIS2_PLACEMENT_3D('',#4428,#3335,#3336);
#2884=AXIS2_PLACEMENT_3D('',#4430,#3338,#3339);
#2885=AXIS2_PLACEMENT_3D('',#4431,#3340,#3341);
#2886=AXIS2_PLACEMENT_3D('',#4432,#3342,#3343);
#2887=AXIS2_PLACEMENT_3D('',#4433,#3344,#3345);
#2888=AXIS2_PLACEMENT_3D('',#4434,#3346,#3347);
#2889=AXIS2_PLACEMENT_3D('',#4436,#3348,#3349);
#2890=AXIS2_PLACEMENT_3D('',#4439,#3351,#3352);
#2891=AXIS2_PLACEMENT_3D('',#4440,#3353,#3354);
#2892=AXIS2_PLACEMENT_3D('',#4442,#3355,#3356);
#2893=AXIS2_PLACEMENT_3D('',#4444,#3358,#3359);
#2894=AXIS2_PLACEMENT_3D('',#4447,#3362,#3363);
#2895=AXIS2_PLACEMENT_3D('',#4449,#3364,#3365);
#2896=AXIS2_PLACEMENT_3D('',#4453,#3367,#3368);
#2897=AXIS2_PLACEMENT_3D('',#4454,#3369,#3370);
#2898=AXIS2_PLACEMENT_3D('',#4455,#3371,#3372);
#2899=AXIS2_PLACEMENT_3D('',#4457,#3373,#3374);
#2900=AXIS2_PLACEMENT_3D('',#4458,#3375,#3376);
#2901=AXIS2_PLACEMENT_3D('',#4468,#3382,#3383);
#2902=AXIS2_PLACEMENT_3D('',#4474,#3388,#3389);
#2903=AXIS2_PLACEMENT_3D('',#4479,#3393,#3394);
#2904=AXIS2_PLACEMENT_3D('',#4481,#3396,#3397);
#2905=AXIS2_PLACEMENT_3D('',#4482,#3398,#3399);
#2906=AXIS2_PLACEMENT_3D('',#4486,#3402,#3403);
#2907=AXIS2_PLACEMENT_3D('',#4489,#3406,#3407);
#2908=AXIS2_PLACEMENT_3D('',#4491,#3409,#3410);
#2909=AXIS2_PLACEMENT_3D('',#4492,#3411,#3412);
#2910=AXIS2_PLACEMENT_3D('',#4493,#3413,#3414);
#2911=AXIS2_PLACEMENT_3D('',#4494,#3415,#3416);
#2912=AXIS2_PLACEMENT_3D('',#4523,#3417,#3418);
#2913=AXIS2_PLACEMENT_3D('',#4524,#3419,#3420);
#2914=AXIS2_PLACEMENT_3D('',#4525,#3421,#3422);
#2915=AXIS2_PLACEMENT_3D('',#4528,#3424,#3425);
#2916=AXIS2_PLACEMENT_3D('',#4529,#3426,#3427);
#2917=AXIS2_PLACEMENT_3D('',#4530,#3428,#3429);
#2918=AXIS2_PLACEMENT_3D('',#4533,#3431,#3432);
#2919=AXIS2_PLACEMENT_3D('',#4534,#3433,#3434);
#2920=AXIS2_PLACEMENT_3D('',#4535,#3435,#3436);
#2921=AXIS2_PLACEMENT_3D('',#4538,#3439,#3440);
#2922=AXIS2_PLACEMENT_3D('',#4540,#3442,#3443);
#2923=AXIS2_PLACEMENT_3D('',#4542,#3445,#3446);
#2924=AXIS2_PLACEMENT_3D('',#4543,#3447,#3448);
#2925=AXIS2_PLACEMENT_3D('',#4552,#3453,#3454);
#2926=AXIS2_PLACEMENT_3D('',#4566,#3462,#3463);
#2927=AXIS2_PLACEMENT_3D('',#4575,#3468,#3469);
#2928=AXIS2_PLACEMENT_3D('',#4581,#3473,#3474);
#2929=AXIS2_PLACEMENT_3D('',#4590,#3480,#3481);
#2930=AXIS2_PLACEMENT_3D('',#4594,#3484,#3485);
#2931=AXIS2_PLACEMENT_3D('',#4601,#3490,#3491);
#2932=AXIS2_PLACEMENT_3D('',#4607,#3495,#3496);
#2933=AXIS2_PLACEMENT_3D('',#4619,#3503,#3504);
#2934=AXIS2_PLACEMENT_3D('',#4623,#3507,#3508);
#2935=AXIS2_PLACEMENT_3D('',#4632,#3513,#3514);
#2936=AXIS2_PLACEMENT_3D('',#4641,#3519,#3520);
#2937=AXIS2_PLACEMENT_3D('',#4652,#3527,#3528);
#2938=AXIS2_PLACEMENT_3D('',#4658,#3532,#3533);
#2939=AXIS2_PLACEMENT_3D('',#4661,#3536,#3537);
#2940=AXIS2_PLACEMENT_3D('',#4672,#3544,#3545);
#2941=AXIS2_PLACEMENT_3D('',#4679,#3549,#3550);
#2942=AXIS2_PLACEMENT_3D('',#4680,#3551,#3552);
#2943=AXIS2_PLACEMENT_3D('',#4685,#3556,#3557);
#2944=AXIS2_PLACEMENT_3D('',#4687,#3559,#3560);
#2945=AXIS2_PLACEMENT_3D('',#4688,#3561,#3562);
#2946=AXIS2_PLACEMENT_3D('',#4690,#3564,#3565);
#2947=AXIS2_PLACEMENT_3D('',#4694,#3568,#3569);
#2948=AXIS2_PLACEMENT_3D('',#4696,#3571,#3572);
#2949=AXIS2_PLACEMENT_3D('',#4697,#3573,#3574);
#2950=AXIS2_PLACEMENT_3D('',#4703,#3578,#3579);
#2951=AXIS2_PLACEMENT_3D('',#4704,#3580,#3581);
#2952=AXIS2_PLACEMENT_3D('',#4705,#3582,#3583);
#2953=AXIS2_PLACEMENT_3D('',#4709,#3585,#3586);
#2954=AXIS2_PLACEMENT_3D('',#4711,#3587,#3588);
#2955=AXIS2_PLACEMENT_3D('',#4712,#3589,#3590);
#2956=AXIS2_PLACEMENT_3D('',#4725,#3593,#3594);
#2957=AXIS2_PLACEMENT_3D('',#4726,#3595,#3596);
#2958=AXIS2_PLACEMENT_3D('',#4727,#3597,#3598);
#2959=AXIS2_PLACEMENT_3D('',#4728,#3599,#3600);
#2960=AXIS2_PLACEMENT_3D('',#4729,#3601,#3602);
#2961=AXIS2_PLACEMENT_3D('',#4730,#3603,#3604);
#2962=AXIS2_PLACEMENT_3D('',#4732,#3606,#3607);
#2963=AXIS2_PLACEMENT_3D('',#4734,#3608,#3609);
#2964=AXIS2_PLACEMENT_3D('',#4737,#3611,#3612);
#2965=AXIS2_PLACEMENT_3D('',#4738,#3613,#3614);
#2966=AXIS2_PLACEMENT_3D('',#4747,#3619,#3620);
#2967=AXIS2_PLACEMENT_3D('',#4753,#3624,#3625);
#2968=AXIS2_PLACEMENT_3D('',#4757,#3628,#3629);
#2969=AXIS2_PLACEMENT_3D('',#4766,#3634,#3635);
#2970=AXIS2_PLACEMENT_3D('',#4772,#3639,#3640);
#2971=AXIS2_PLACEMENT_3D('',#4778,#3644,#3645);
#2972=AXIS2_PLACEMENT_3D('',#4781,#3648,#3649);
#2973=AXIS2_PLACEMENT_3D('',#4782,#3650,#3651);
#2974=AXIS2_PLACEMENT_3D('',#4786,#3654,#3655);
#2975=AXIS2_PLACEMENT_3D('',#4788,#3657,#3658);
#2976=AXIS2_PLACEMENT_3D('',#4797,#3663,#3664);
#2977=AXIS2_PLACEMENT_3D('',#4806,#3669,#3670);
#2978=AXIS2_PLACEMENT_3D('',#4809,#3671,#3672);
#2979=AXIS2_PLACEMENT_3D('',#4815,#3676,#3677);
#2980=AXIS2_PLACEMENT_3D('',#4817,#3678,#3679);
#2981=AXIS2_PLACEMENT_3D('',#4820,#3682,#3683);
#2982=AXIS2_PLACEMENT_3D('',#4826,#3687,#3688);
#2983=AXIS2_PLACEMENT_3D('',#4829,#3689,#3690);
#2984=AXIS2_PLACEMENT_3D('',#4832,#3693,#3694);
#2985=AXIS2_PLACEMENT_3D('',#4834,#3695,#3696);
#2986=AXIS2_PLACEMENT_3D('',#4836,#3698,#3699);
#2987=AXIS2_PLACEMENT_3D('',#4838,#3701,#3702);
#2988=AXIS2_PLACEMENT_3D('',#4844,#3706,#3707);
#2989=AXIS2_PLACEMENT_3D('',#4846,#3708,#3709);
#2990=AXIS2_PLACEMENT_3D('',#4849,#3711,#3712);
#2991=AXIS2_PLACEMENT_3D('',#4850,#3713,#3714);
#2992=AXIS2_PLACEMENT_3D('',#4856,#3718,#3719);
#2993=AXIS2_PLACEMENT_3D('',#4861,#3722,#3723);
#2994=AXIS2_PLACEMENT_3D('',#4862,#3724,#3725);
#2995=AXIS2_PLACEMENT_3D('',#4863,#3726,#3727);
#2996=AXIS2_PLACEMENT_3D('',#4865,#3729,#3730);
#2997=AXIS2_PLACEMENT_3D('',#4867,#3732,#3733);
#2998=AXIS2_PLACEMENT_3D('',#4868,#3734,#3735);
#2999=DIRECTION('axis',(0.,0.,1.));
#3000=DIRECTION('refdir',(1.,0.,0.));
#3001=DIRECTION('axis',(0.,0.,1.));
#3002=DIRECTION('refdir',(1.,0.,0.));
#3003=DIRECTION('center_axis',(0.,-1.,0.));
#3004=DIRECTION('ref_axis',(0.707106781186547,0.,-0.707106781186547));
#3005=DIRECTION('center_axis',(0.,1.,0.));
#3006=DIRECTION('ref_axis',(0.707106781186547,0.,-0.707106781186547));
#3007=DIRECTION('',(0.,1.,0.));
#3008=DIRECTION('center_axis',(0.,-1.,0.));
#3009=DIRECTION('ref_axis',(0.707106781186547,0.,-0.707106781186547));
#3010=DIRECTION('',(0.,-1.,0.));
#3011=DIRECTION('center_axis',(0.,0.,1.));
#3012=DIRECTION('ref_axis',(1.,0.,0.));
#3013=DIRECTION('',(1.,0.,0.));
#3014=DIRECTION('',(0.,-1.,0.));
#3015=DIRECTION('',(-1.,0.,0.));
#3016=DIRECTION('center_axis',(0.,-1.,0.));
#3017=DIRECTION('ref_axis',(1.,0.,0.));
#3018=DIRECTION('',(0.,0.,-1.));
#3019=DIRECTION('center_axis',(0.,1.,0.));
#3020=DIRECTION('ref_axis',(0.707106781186547,0.,0.707106781186547));
#3021=DIRECTION('',(1.,0.,0.));
#3022=DIRECTION('center_axis',(0.,1.,0.));
#3023=DIRECTION('ref_axis',(-0.707106781186547,0.,0.707106781186547));
#3024=DIRECTION('',(0.,0.,1.));
#3025=DIRECTION('center_axis',(0.,1.,0.));
#3026=DIRECTION('ref_axis',(-0.707106781186547,0.,-0.707106781186547));
#3027=DIRECTION('',(0.,0.,1.));
#3028=DIRECTION('center_axis',(0.,1.,0.));
#3029=DIRECTION('ref_axis',(-0.707106781186548,0.,0.707106781186548));
#3030=DIRECTION('',(-1.,0.,0.));
#3031=DIRECTION('center_axis',(0.,1.,0.));
#3032=DIRECTION('ref_axis',(0.707106781186548,0.,0.707106781186548));
#3033=DIRECTION('',(0.,0.,-1.));
#3034=DIRECTION('center_axis',(0.,1.,0.));
#3035=DIRECTION('ref_axis',(0.707106781186548,0.,-0.707106781186548));
#3036=DIRECTION('',(1.,0.,0.));
#3037=DIRECTION('center_axis',(0.,1.,0.));
#3038=DIRECTION('ref_axis',(-0.707106781186548,0.,-0.707106781186548));
#3039=DIRECTION('center_axis',(0.,1.,0.));
#3040=DIRECTION('ref_axis',(-0.707106781186547,0.,-0.707106781186547));
#3041=DIRECTION('center_axis',(0.,-1.,0.));
#3042=DIRECTION('ref_axis',(-0.707106781186547,0.,-0.707106781186547));
#3043=DIRECTION('',(0.,1.,0.));
#3044=DIRECTION('center_axis',(-1.,0.,0.));
#3045=DIRECTION('ref_axis',(0.,-1.,0.));
#3046=DIRECTION('',(0.,-1.,0.));
#3047=DIRECTION('',(0.,0.,-1.));
#3048=DIRECTION('center_axis',(0.,1.,0.));
#3049=DIRECTION('ref_axis',(0.707106781186547,0.,0.707106781186547));
#3050=DIRECTION('center_axis',(0.,-1.,0.));
#3051=DIRECTION('ref_axis',(0.707106781186547,0.,0.707106781186547));
#3052=DIRECTION('',(0.,-1.,0.));
#3053=DIRECTION('',(0.,1.,0.));
#3054=DIRECTION('center_axis',(0.,0.,1.));
#3055=DIRECTION('ref_axis',(1.,0.,0.));
#3056=DIRECTION('',(-1.,0.,0.));
#3057=DIRECTION('',(0.,1.,0.));
#3058=DIRECTION('center_axis',(0.,-1.,0.));
#3059=DIRECTION('ref_axis',(-0.707106781186547,0.,0.707106781186547));
#3060=DIRECTION('center_axis',(0.,-1.,0.));
#3061=DIRECTION('ref_axis',(-0.707106781186547,0.,0.707106781186547));
#3062=DIRECTION('center_axis',(0.,-1.,0.));
#3063=DIRECTION('ref_axis',(0.707106781186548,0.,-0.707106781186548));
#3064=DIRECTION('center_axis',(0.,1.,0.));
#3065=DIRECTION('ref_axis',(0.707106781186548,0.,-0.707106781186548));
#3066=DIRECTION('',(0.,1.,0.));
#3067=DIRECTION('',(0.,-1.,0.));
#3068=DIRECTION('center_axis',(0.,0.,-1.));
#3069=DIRECTION('ref_axis',(-1.,0.,0.));
#3070=DIRECTION('',(-1.,0.,0.));
#3071=DIRECTION('',(0.,-1.,0.));
#3072=DIRECTION('center_axis',(0.,-1.,0.));
#3073=DIRECTION('ref_axis',(1.,0.,0.));
#3074=DIRECTION('',(0.,0.,1.));
#3075=DIRECTION('center_axis',(0.,1.,0.));
#3076=DIRECTION('ref_axis',(0.707106781186548,0.,0.707106781186548));
#3077=DIRECTION('',(1.,0.,0.));
#3078=DIRECTION('center_axis',(0.,1.,0.));
#3079=DIRECTION('ref_axis',(-0.707106781186548,0.,0.707106781186548));
#3080=DIRECTION('',(0.,0.,-1.));
#3081=DIRECTION('center_axis',(0.,1.,0.));
#3082=DIRECTION('ref_axis',(-0.707106781186548,0.,-0.707106781186548));
#3083=DIRECTION('center_axis',(0.,1.,0.));
#3084=DIRECTION('ref_axis',(-1.,0.,0.));
#3085=DIRECTION('center_axis',(0.,1.,0.));
#3086=DIRECTION('ref_axis',(-0.707106781186548,0.,-0.707106781186548));
#3087=DIRECTION('',(0.,1.,0.));
#3088=DIRECTION('center_axis',(-1.,0.,0.));
#3089=DIRECTION('ref_axis',(0.,-1.,0.));
#3090=DIRECTION('',(0.,-1.,0.));
#3091=DIRECTION('center_axis',(0.,1.,0.));
#3092=DIRECTION('ref_axis',(0.707106781186548,0.,0.707106781186548));
#3093=DIRECTION('',(0.,1.,0.));
#3094=DIRECTION('',(0.,-1.,0.));
#3095=DIRECTION('center_axis',(1.,0.,0.));
#3096=DIRECTION('ref_axis',(0.,1.,0.));
#3097=DIRECTION('center_axis',(0.,-1.,0.));
#3098=DIRECTION('ref_axis',(-0.707106781186548,0.,0.707106781186548));
#3099=DIRECTION('',(0.,1.,0.));
#3100=DIRECTION('center_axis',(0.,1.,0.));
#3101=DIRECTION('ref_axis',(-1.,0.,0.));
#3102=DIRECTION('',(0.,1.,0.));
#3103=DIRECTION('center_axis',(0.,1.,0.));
#3104=DIRECTION('ref_axis',(-1.,0.,0.));
#3105=DIRECTION('center_axis',(6.12323399573677E-17,0.,1.));
#3106=DIRECTION('ref_axis',(1.,0.,0.));
#3107=DIRECTION('center_axis',(0.,-1.,0.));
#3108=DIRECTION('ref_axis',(0.,0.,-1.));
#3109=DIRECTION('center_axis',(0.,1.,0.));
#3110=DIRECTION('ref_axis',(-1.,0.,0.));
#3111=DIRECTION('',(0.,0.,1.));
#3112=DIRECTION('center_axis',(1.,0.,0.));
#3113=DIRECTION('ref_axis',(0.,1.,0.));
#3114=DIRECTION('center_axis',(0.,0.,1.));
#3115=DIRECTION('ref_axis',(1.,0.,0.));
#3116=DIRECTION('center_axis',(0.,0.,1.));
#3117=DIRECTION('ref_axis',(0.,-1.,0.));
#3118=DIRECTION('',(0.,-1.,0.));
#3119=DIRECTION('',(1.,0.,0.));
#3120=DIRECTION('',(0.,-1.,0.));
#3121=DIRECTION('',(1.,0.,0.));
#3122=DIRECTION('center_axis',(0.,0.,-1.));
#3123=DIRECTION('ref_axis',(0.,1.,0.));
#3124=DIRECTION('',(0.,-1.,0.));
#3125=DIRECTION('',(-1.,0.,0.));
#3126=DIRECTION('',(0.,1.,0.));
#3127=DIRECTION('',(1.,0.,0.));
#3128=DIRECTION('center_axis',(1.,0.,0.));
#3129=DIRECTION('ref_axis',(0.,0.,-1.));
#3130=DIRECTION('',(0.,0.,-1.));
#3131=DIRECTION('',(0.,0.,1.));
#3132=DIRECTION('center_axis',(-1.,0.,0.));
#3133=DIRECTION('ref_axis',(0.,-1.,0.));
#3134=DIRECTION('',(0.,-1.,0.));
#3135=DIRECTION('',(0.,0.,1.));
#3136=DIRECTION('',(0.,-1.,0.));
#3137=DIRECTION('',(0.,0.,1.));
#3138=DIRECTION('center_axis',(1.,0.,0.));
#3139=DIRECTION('ref_axis',(0.,1.,0.));
#3140=DIRECTION('',(0.,-1.,0.));
#3141=DIRECTION('',(0.,0.,-1.));
#3142=DIRECTION('',(0.,1.,0.));
#3143=DIRECTION('',(0.,0.,1.));
#3144=DIRECTION('center_axis',(0.,0.,1.));
#3145=DIRECTION('ref_axis',(1.,0.,0.));
#3146=DIRECTION('',(1.,0.,0.));
#3147=DIRECTION('',(-1.,0.,0.));
#3148=DIRECTION('center_axis',(1.,0.,0.));
#3149=DIRECTION('ref_axis',(0.,-1.,0.));
#3150=DIRECTION('',(0.,-1.,0.));
#3151=DIRECTION('',(0.,0.,-1.));
#3152=DIRECTION('',(0.,-1.,0.));
#3153=DIRECTION('',(0.,0.,-1.));
#3154=DIRECTION('center_axis',(-1.,0.,0.));
#3155=DIRECTION('ref_axis',(0.,1.,0.));
#3156=DIRECTION('',(0.,-1.,0.));
#3157=DIRECTION('',(0.,0.,1.));
#3158=DIRECTION('',(0.,1.,0.));
#3159=DIRECTION('',(0.,0.,-1.));
#3160=DIRECTION('center_axis',(0.,0.,-1.));
#3161=DIRECTION('ref_axis',(-1.,0.,0.));
#3162=DIRECTION('',(-1.,0.,0.));
#3163=DIRECTION('',(1.,0.,0.));
#3164=DIRECTION('center_axis',(0.,0.,-1.));
#3165=DIRECTION('ref_axis',(0.,-1.,0.));
#3166=DIRECTION('',(0.,-1.,0.));
#3167=DIRECTION('',(-1.,0.,0.));
#3168=DIRECTION('',(0.,-1.,0.));
#3169=DIRECTION('',(-1.,0.,0.));
#3170=DIRECTION('center_axis',(0.,0.,1.));
#3171=DIRECTION('ref_axis',(0.,1.,0.));
#3172=DIRECTION('',(0.,-1.,0.));
#3173=DIRECTION('',(1.,0.,0.));
#3174=DIRECTION('',(0.,1.,0.));
#3175=DIRECTION('',(-1.,0.,0.));
#3176=DIRECTION('center_axis',(-1.,0.,0.));
#3177=DIRECTION('ref_axis',(0.,0.,1.));
#3178=DIRECTION('',(0.,0.,1.));
#3179=DIRECTION('',(0.,0.,-1.));
#3180=DIRECTION('center_axis',(0.,-1.,0.));
#3181=DIRECTION('ref_axis',(1.,0.,0.));
#3182=DIRECTION('center_axis',(0.,-1.,0.));
#3183=DIRECTION('ref_axis',(1.,0.,0.));
#3184=DIRECTION('center_axis',(0.,-1.,0.));
#3185=DIRECTION('ref_axis',(-5.04646829375071E-16,0.,1.));
#3186=DIRECTION('center_axis',(0.,-1.,0.));
#3187=DIRECTION('ref_axis',(-1.,0.,-3.211388914205E-16));
#3188=DIRECTION('center_axis',(0.,-1.,0.));
#3189=DIRECTION('ref_axis',(0.,0.,-1.));
#3190=DIRECTION('center_axis',(0.,1.,0.));
#3191=DIRECTION('ref_axis',(1.,0.,0.));
#3192=DIRECTION('center_axis',(0.999999998848287,-4.79940187059213E-5,0.));
#3193=DIRECTION('ref_axis',(0.,0.,1.));
#3194=DIRECTION('center_axis',(0.999999998848287,-4.79940187063908E-5,0.));
#3195=DIRECTION('ref_axis',(0.,0.,1.));
#3196=DIRECTION('center_axis',(-0.999999998848287,4.79940187063908E-5,0.));
#3197=DIRECTION('ref_axis',(0.,0.,1.));
#3198=DIRECTION('center_axis',(0.999999998848287,-4.79940187063908E-5,0.));
#3199=DIRECTION('ref_axis',(0.,0.,1.));
#3200=DIRECTION('center_axis',(0.999999998848287,-4.79940187059213E-5,0.));
#3201=DIRECTION('ref_axis',(0.,0.,1.));
#3202=DIRECTION('center_axis',(-0.999999998848287,4.79940187063908E-5,0.));
#3203=DIRECTION('ref_axis',(0.,0.,1.));
#3204=DIRECTION('',(-0.999999998848287,4.79940187059213E-5,0.));
#3205=DIRECTION('center_axis',(-0.999999998848287,4.79940187063908E-5,0.));
#3206=DIRECTION('ref_axis',(0.,0.,1.));
#3207=DIRECTION('',(4.7994018555904E-5,0.99999999571148,7.92061441047251E-5));
#3208=DIRECTION('',(-4.7994018555904E-5,-0.99999999571148,7.92061441047251E-5));
#3209=DIRECTION('',(0.,0.,-1.));
#3210=DIRECTION('center_axis',(0.707106781186546,0.707106781186549,0.));
#3211=DIRECTION('ref_axis',(0.,0.,-1.));
#3212=DIRECTION('center_axis',(0.707106781186546,0.707106781186549,0.));
#3213=DIRECTION('ref_axis',(-0.707106781186549,0.707106781186546,0.));
#3214=DIRECTION('',(-4.32532357764126E-16,4.32532357764125E-16,1.));
#3215=DIRECTION('center_axis',(0.707106781186546,0.707106781186549,0.));
#3216=DIRECTION('ref_axis',(-0.707106781186549,0.707106781186546,0.));
#3217=DIRECTION('center_axis',(0.707106781186546,0.707106781186549,0.));
#3218=DIRECTION('ref_axis',(-0.707106781186549,0.707106781186546,0.));
#3219=DIRECTION('center_axis',(0.707106781186546,0.707106781186549,0.));
#3220=DIRECTION('ref_axis',(-0.707106781186549,0.707106781186546,0.));
#3221=DIRECTION('center_axis',(0.707106781186546,0.707106781186549,0.));
#3222=DIRECTION('ref_axis',(-0.707106781186549,0.707106781186546,0.));
#3223=DIRECTION('center_axis',(0.707106781186546,0.707106781186549,0.));
#3224=DIRECTION('ref_axis',(-0.707106781186549,0.707106781186546,0.));
#3225=DIRECTION('center_axis',(0.,1.,0.));
#3226=DIRECTION('ref_axis',(1.,0.,0.));
#3227=DIRECTION('center_axis',(0.,1.,0.));
#3228=DIRECTION('ref_axis',(1.,0.,0.));
#3229=DIRECTION('',(0.,1.,0.));
#3230=DIRECTION('center_axis',(0.707106781186546,0.707106781186549,0.));
#3231=DIRECTION('ref_axis',(0.707106781186549,-0.707106781186546,0.));
#3232=DIRECTION('center_axis',(0.707106781186549,-0.707106781186546,2.29384922443214E-16));
#3233=DIRECTION('ref_axis',(0.707106781186546,0.707106781186549,0.));
#3234=DIRECTION('center_axis',(-0.707106781186546,-0.707106781186549,0.));
#3235=DIRECTION('ref_axis',(0.707106781186549,-0.707106781186546,0.));
#3236=DIRECTION('center_axis',(0.707106781186549,-0.707106781186546,2.29384922443214E-16));
#3237=DIRECTION('ref_axis',(0.707106781186546,0.707106781186549,0.));
#3238=DIRECTION('center_axis',(0.707106781186546,0.707106781186549,0.));
#3239=DIRECTION('ref_axis',(0.707106781186549,-0.707106781186546,0.));
#3240=DIRECTION('center_axis',(0.,1.,0.));
#3241=DIRECTION('ref_axis',(1.,0.,0.));
#3242=DIRECTION('',(-0.996336425089282,0.000107111811654947,0.0855202699210473));
#3243=DIRECTION('center_axis',(0.707106781186546,0.707106781186549,0.));
#3244=DIRECTION('ref_axis',(0.,0.,-1.));
#3245=DIRECTION('',(1.62199634161547E-16,-1.62199634161547E-16,-1.));
#3246=DIRECTION('center_axis',(0.707106781186549,-0.707106781186546,2.29384922443214E-16));
#3247=DIRECTION('ref_axis',(-1.62199634161547E-16,1.62199634161547E-16,
1.));
#3248=DIRECTION('',(-1.62199634161547E-16,1.62199634161547E-16,1.));
#3249=DIRECTION('',(-0.707106781186546,-0.707106781186549,0.));
#3250=DIRECTION('',(-1.62199634161547E-16,1.62199634161547E-16,1.));
#3251=DIRECTION('center_axis',(1.,0.,0.));
#3252=DIRECTION('ref_axis',(0.,1.,0.));
#3253=DIRECTION('',(0.,-1.,0.));
#3254=DIRECTION('',(0.,0.,1.));
#3255=DIRECTION('',(0.,1.,0.));
#3256=DIRECTION('',(0.,0.,-1.));
#3257=DIRECTION('center_axis',(0.707106781186546,0.707106781186549,0.));
#3258=DIRECTION('ref_axis',(-0.707106781186549,0.707106781186546,0.));
#3259=DIRECTION('',(-1.62199634161547E-16,1.62199634161547E-16,1.));
#3260=DIRECTION('',(-0.707106781186549,0.707106781186546,-4.22138032176865E-16));
#3261=DIRECTION('',(0.,0.,1.));
#3262=DIRECTION('center_axis',(-0.707106781186546,-0.707106781186549,0.));
#3263=DIRECTION('ref_axis',(0.707106781186549,-0.707106781186546,6.54205191118241E-17));
#3264=DIRECTION('center_axis',(-0.707106781186546,-0.707106781186549,0.));
#3265=DIRECTION('ref_axis',(0.707106781186549,-0.707106781186546,-6.54205191118241E-17));
#3266=DIRECTION('',(0.,0.,1.));
#3267=DIRECTION('',(0.707106781186549,-0.707106781186546,3.16603524132649E-16));
#3268=DIRECTION('center_axis',(-1.,0.,0.));
#3269=DIRECTION('ref_axis',(0.,-1.,0.));
#3270=DIRECTION('',(0.,-1.,0.));
#3271=DIRECTION('',(0.,0.,1.));
#3272=DIRECTION('',(0.,-1.,0.));
#3273=DIRECTION('',(0.,0.,1.));
#3274=DIRECTION('center_axis',(-0.707106781186548,0.707106781186547,2.46519032881566E-32));
#3275=DIRECTION('ref_axis',(-4.36136794078826E-17,-4.36136794078827E-17,
1.));
#3276=DIRECTION('',(-1.74315279842105E-32,1.74315279842105E-32,-1.));
#3277=DIRECTION('',(0.707106781186547,0.707106781186548,0.));
#3278=DIRECTION('',(-4.36136794078826E-17,-4.36136794078827E-17,1.));
#3279=DIRECTION('',(0.707106781186547,0.707106781186548,0.));
#3280=DIRECTION('center_axis',(0.707106781186548,-0.707106781186547,0.));
#3281=DIRECTION('ref_axis',(0.,0.,-1.));
#3282=DIRECTION('center_axis',(-0.707106781186548,0.707106781186547,0.));
#3283=DIRECTION('ref_axis',(0.707106781186546,0.707106781186549,-6.54205191118239E-17));
#3284=DIRECTION('',(0.,0.,-1.));
#3285=DIRECTION('',(0.707106781186547,0.707106781186548,0.));
#3286=DIRECTION('center_axis',(0.707106781186547,0.707106781186548,0.));
#3287=DIRECTION('ref_axis',(0.,0.,-1.));
#3288=DIRECTION('center_axis',(-0.707106781186547,-0.707106781186548,0.));
#3289=DIRECTION('ref_axis',(0.707106781186548,-0.707106781186547,-6.5420519111824E-17));
#3290=DIRECTION('',(-0.707106781186549,0.707106781186546,0.));
#3291=DIRECTION('',(0.707106781186549,-0.707106781186546,3.16603524132649E-16));
#3292=DIRECTION('center_axis',(0.707106781186546,0.707106781186549,0.));
#3293=DIRECTION('ref_axis',(-0.707106781186549,0.707106781186546,0.));
#3294=DIRECTION('',(0.707106781186549,-0.707106781186546,0.));
#3295=DIRECTION('',(0.,0.,1.));
#3296=DIRECTION('',(-0.707106781186549,0.707106781186546,0.));
#3297=DIRECTION('',(-4.35788199605263E-33,4.35788199605262E-33,-1.));
#3298=DIRECTION('',(-0.707106781186549,0.707106781186546,-4.22138032176865E-16));
#3299=DIRECTION('',(4.32532357764126E-16,-4.32532357764125E-16,-1.));
#3300=DIRECTION('',(0.707106781186549,-0.707106781186546,3.16603524132649E-16));
#3301=DIRECTION('center_axis',(-0.707106781186549,0.707106781186546,6.16297582203915E-33));
#3302=DIRECTION('ref_axis',(-4.36136794078826E-17,-4.36136794078827E-17,
1.));
#3303=DIRECTION('',(0.707106781186546,0.707106781186549,0.));
#3304=DIRECTION('',(-4.36136794078826E-17,-4.36136794078827E-17,1.));
#3305=DIRECTION('',(0.707106781186546,0.707106781186549,0.));
#3306=DIRECTION('center_axis',(0.707106781186549,-0.707106781186546,0.));
#3307=DIRECTION('ref_axis',(0.,0.,-1.));
#3308=DIRECTION('center_axis',(-0.707106781186549,0.707106781186546,0.));
#3309=DIRECTION('ref_axis',(0.707106781186546,0.707106781186549,6.54205191118239E-17));
#3310=DIRECTION('',(0.707106781186546,0.707106781186549,0.));
#3311=DIRECTION('',(0.,0.,-1.));
#3312=DIRECTION('center_axis',(0.707106781186546,0.707106781186549,0.));
#3313=DIRECTION('ref_axis',(0.,0.,-1.));
#3314=DIRECTION('center_axis',(-0.707106781186546,-0.707106781186549,0.));
#3315=DIRECTION('ref_axis',(0.707106781186549,-0.707106781186546,6.54205191118241E-17));
#3316=DIRECTION('',(-0.707106781186549,0.707106781186546,-5.27672540221082E-16));
#3317=DIRECTION('',(0.707106781186549,-0.707106781186546,0.));
#3318=DIRECTION('center_axis',(0.,-1.,0.));
#3319=DIRECTION('ref_axis',(-1.,0.,-3.211388914205E-16));
#3320=DIRECTION('center_axis',(0.,-1.,0.));
#3321=DIRECTION('ref_axis',(-1.,0.,-3.211388914205E-16));
#3322=DIRECTION('center_axis',(0.,-1.,0.));
#3323=DIRECTION('ref_axis',(0.,0.,-1.));
#3324=DIRECTION('center_axis',(0.,-1.,0.));
#3325=DIRECTION('ref_axis',(0.,0.,-1.));
#3326=DIRECTION('center_axis',(0.,-1.,0.));
#3327=DIRECTION('ref_axis',(9.25185853854297E-17,0.,-1.));
#3328=DIRECTION('center_axis',(0.,1.,0.));
#3329=DIRECTION('ref_axis',(9.25185853854297E-17,0.,-1.));
#3330=DIRECTION('',(0.,-1.,0.));
#3331=DIRECTION('center_axis',(0.,-1.,0.));
#3332=DIRECTION('ref_axis',(-1.,0.,-9.25185853854297E-17));
#3333=DIRECTION('center_axis',(0.,1.,0.));
#3334=DIRECTION('ref_axis',(-1.,0.,-9.25185853854297E-17));
#3335=DIRECTION('center_axis',(4.79940187065939E-5,0.999999998848287,0.));
#3336=DIRECTION('ref_axis',(-0.999999998848287,4.79940187065939E-5,-9.25185852788748E-17));
#3337=DIRECTION('',(0.,-1.,0.));
#3338=DIRECTION('center_axis',(0.,-1.,0.));
#3339=DIRECTION('ref_axis',(1.,0.,0.));
#3340=DIRECTION('center_axis',(0.,-1.,0.));
#3341=DIRECTION('ref_axis',(1.,0.,0.));
#3342=DIRECTION('center_axis',(0.,-1.,0.));
#3343=DIRECTION('ref_axis',(-5.04646829375071E-16,0.,1.));
#3344=DIRECTION('center_axis',(0.,-1.,0.));
#3345=DIRECTION('ref_axis',(-5.04646829375071E-16,0.,1.));
#3346=DIRECTION('center_axis',(0.,-1.,0.));
#3347=DIRECTION('ref_axis',(-9.25185853854297E-17,0.,1.));
#3348=DIRECTION('center_axis',(0.,1.,0.));
#3349=DIRECTION('ref_axis',(-9.25185853854297E-17,0.,1.));
#3350=DIRECTION('',(0.,-1.,0.));
#3351=DIRECTION('center_axis',(4.79940187065939E-5,0.999999998848287,0.));
#3352=DIRECTION('ref_axis',(-0.999999998848287,4.79940187065939E-5,9.25185852788748E-17));
#3353=DIRECTION('center_axis',(0.,-1.,0.));
#3354=DIRECTION('ref_axis',(1.,0.,9.25185853854297E-17));
#3355=DIRECTION('center_axis',(0.,1.,0.));
#3356=DIRECTION('ref_axis',(1.,0.,9.25185853854297E-17));
#3357=DIRECTION('',(0.,-1.,0.));
#3358=DIRECTION('center_axis',(0.,-1.,0.));
#3359=DIRECTION('ref_axis',(0.,0.,-1.));
#3360=DIRECTION('',(-1.,0.,0.));
#3361=DIRECTION('',(1.,0.,0.));
#3362=DIRECTION('center_axis',(-0.999999998848287,4.7994018706168E-5,0.));
#3363=DIRECTION('ref_axis',(0.,0.,1.));
#3364=DIRECTION('center_axis',(-0.999999998848287,4.79940187063908E-5,0.));
#3365=DIRECTION('ref_axis',(0.,0.,1.));
#3366=DIRECTION('',(0.999999998848287,-4.7994018706168E-5,0.));
#3367=DIRECTION('center_axis',(0.999999998848287,-4.79940187063908E-5,0.));
#3368=DIRECTION('ref_axis',(0.,0.,1.));
#3369=DIRECTION('center_axis',(0.999999998848287,-4.79940187063908E-5,0.));
#3370=DIRECTION('ref_axis',(0.,0.,1.));
#3371=DIRECTION('center_axis',(-0.999999998848287,4.79940187063908E-5,0.));
#3372=DIRECTION('ref_axis',(0.,0.,1.));
#3373=DIRECTION('center_axis',(0.999999998848287,-4.79940187063908E-5,0.));
#3374=DIRECTION('ref_axis',(0.,0.,1.));
#3375=DIRECTION('center_axis',(-0.999999998848287,4.79940187063908E-5,0.));
#3376=DIRECTION('ref_axis',(-4.79940187063908E-5,-0.999999998848287,0.));
#3377=DIRECTION('',(0.,0.,1.));
#3378=DIRECTION('',(-4.79940187063908E-5,-0.999999998848287,0.));
#3379=DIRECTION('',(0.,0.,-1.));
#3380=DIRECTION('',(0.,0.,-1.));
#3381=DIRECTION('',(4.79940187063908E-5,0.999999998848287,0.));
#3382=DIRECTION('center_axis',(2.23872498861755E-16,-2.23872498861755E-16,
-1.));
#3383=DIRECTION('ref_axis',(0.707106781186549,-0.707106781186546,3.16603524132649E-16));
#3384=DIRECTION('',(0.707106781186549,-0.707106781186546,3.16603524132649E-16));
#3385=DIRECTION('',(-0.707106781186546,-0.707106781186549,0.));
#3386=DIRECTION('',(0.707106781186549,-0.707106781186546,3.16603524132649E-16));
#3387=DIRECTION('',(-0.707106781186549,0.707106781186546,-3.16603524132649E-16));
#3388=DIRECTION('center_axis',(-0.707106781186549,0.707106781186546,-6.11693126515238E-16));
#3389=DIRECTION('ref_axis',(4.32532357764126E-16,-4.32532357764125E-16,
-1.));
#3390=DIRECTION('',(4.32532357764126E-16,-4.32532357764125E-16,-1.));
#3391=DIRECTION('',(-0.707106781186546,-0.707106781186549,0.));
#3392=DIRECTION('',(4.32532357764126E-16,-4.32532357764125E-16,-1.));
#3393=DIRECTION('center_axis',(-0.707106781186546,-0.707106781186549,0.));
#3394=DIRECTION('ref_axis',(0.,0.,1.));
#3395=DIRECTION('',(-0.707106781186549,0.707106781186546,-4.22138032176865E-16));
#3396=DIRECTION('center_axis',(-0.707106781186546,-0.707106781186549,0.));
#3397=DIRECTION('ref_axis',(0.,0.,1.));
#3398=DIRECTION('center_axis',(-0.707106781186546,-0.707106781186549,0.));
#3399=DIRECTION('ref_axis',(0.,0.,1.));
#3400=DIRECTION('',(-0.707106781186549,0.707106781186546,-4.22138032176865E-16));
#3401=DIRECTION('',(-1.62199634161547E-16,1.62199634161547E-16,1.));
#3402=DIRECTION('center_axis',(0.707106781186549,-0.707106781186546,2.29384922443214E-16));
#3403=DIRECTION('ref_axis',(-1.62199634161547E-16,1.62199634161547E-16,
1.));
#3404=DIRECTION('',(1.62199634161547E-16,-1.62199634161547E-16,-1.));
#3405=DIRECTION('',(-0.707106781186546,-0.707106781186549,0.));
#3406=DIRECTION('center_axis',(-2.98496665149007E-16,2.98496665149006E-16,
1.));
#3407=DIRECTION('ref_axis',(-0.707106781186549,0.707106781186546,-4.22138032176865E-16));
#3408=DIRECTION('',(0.707106781186549,-0.707106781186546,4.22138032176865E-16));
#3409=DIRECTION('center_axis',(-0.707106781186546,-0.707106781186549,0.));
#3410=DIRECTION('ref_axis',(0.,0.,1.));
#3411=DIRECTION('center_axis',(0.707106781186546,0.707106781186549,0.));
#3412=DIRECTION('ref_axis',(0.,0.,-1.));
#3413=DIRECTION('center_axis',(0.707106781186546,0.707106781186549,0.));
#3414=DIRECTION('ref_axis',(0.,0.,-1.));
#3415=DIRECTION('center_axis',(0.707106781186546,0.707106781186549,0.));
#3416=DIRECTION('ref_axis',(0.,0.,-1.));
#3417=DIRECTION('center_axis',(0.,1.,0.));
#3418=DIRECTION('ref_axis',(0.,0.,1.));
#3419=DIRECTION('center_axis',(1.,0.,-1.22464679914735E-16));
#3420=DIRECTION('ref_axis',(-1.22464679914735E-16,0.,-1.));
#3421=DIRECTION('center_axis',(0.999999998848287,-4.79940187063078E-5,0.));
#3422=DIRECTION('ref_axis',(0.,0.,1.));
#3423=DIRECTION('',(0.999999998848287,-4.79940187063078E-5,0.));
#3424=DIRECTION('center_axis',(0.999999998848287,-4.79940187063908E-5,0.));
#3425=DIRECTION('ref_axis',(0.,0.,1.));
#3426=DIRECTION('center_axis',(-0.999999998848287,4.79940187063908E-5,0.));
#3427=DIRECTION('ref_axis',(0.,0.,1.));
#3428=DIRECTION('center_axis',(0.,1.,0.));
#3429=DIRECTION('ref_axis',(1.,0.,0.));
#3430=DIRECTION('',(0.,1.,0.));
#3431=DIRECTION('center_axis',(0.,1.,0.));
#3432=DIRECTION('ref_axis',(1.,0.,0.));
#3433=DIRECTION('center_axis',(0.,-1.,0.));
#3434=DIRECTION('ref_axis',(0.,0.,-1.));
#3435=DIRECTION('center_axis',(0.,0.,-1.));
#3436=DIRECTION('ref_axis',(-1.,0.,0.));
#3437=DIRECTION('',(-0.999999998848287,4.79940187065939E-5,0.));
#3438=DIRECTION('',(1.,0.,0.));
#3439=DIRECTION('center_axis',(0.,1.,0.));
#3440=DIRECTION('ref_axis',(-1.,0.,0.));
#3441=DIRECTION('',(-1.,0.,0.));
#3442=DIRECTION('center_axis',(-4.79940187065939E-5,-0.999999998848287,
0.));
#3443=DIRECTION('ref_axis',(0.999999998848287,-4.79940187065939E-5,0.));
#3444=DIRECTION('',(0.999999998848287,-4.79940187065939E-5,0.));
#3445=DIRECTION('center_axis',(0.,0.,1.));
#3446=DIRECTION('ref_axis',(1.,0.,0.));
#3447=DIRECTION('center_axis',(-0.707106781186548,-0.707106781186548,0.));
#3448=DIRECTION('ref_axis',(0.,0.,1.));
#3449=DIRECTION('',(0.,0.,1.));
#3450=DIRECTION('',(0.707106781186547,-0.707106781186547,0.));
#3451=DIRECTION('',(0.,0.,-1.));
#3452=DIRECTION('',(-0.707106781186547,0.707106781186547,0.));
#3453=DIRECTION('center_axis',(-0.707106781186546,0.707106781186549,0.));
#3454=DIRECTION('ref_axis',(0.,0.,-1.));
#3455=DIRECTION('',(0.707106781186548,0.707106781186548,0.));
#3456=DIRECTION('',(0.,0.,1.));
#3457=DIRECTION('',(-0.707106781186549,-0.707106781186546,0.));
#3458=DIRECTION('',(0.,0.,1.));
#3459=DIRECTION('',(-0.707106781186549,-0.707106781186546,0.));
#3460=DIRECTION('',(0.,0.,1.));
#3461=DIRECTION('',(-0.707106781186548,-0.707106781186548,0.));
#3462=DIRECTION('center_axis',(-0.707106781186548,0.707106781186548,0.));
#3463=DIRECTION('ref_axis',(0.,0.,1.));
#3464=DIRECTION('',(0.,0.,1.));
#3465=DIRECTION('',(0.707106781186548,0.707106781186548,0.));
#3466=DIRECTION('',(0.,0.,1.));
#3467=DIRECTION('',(0.707106781186548,0.707106781186548,0.));
#3468=DIRECTION('center_axis',(0.707106781186548,0.707106781186548,0.));
#3469=DIRECTION('ref_axis',(0.,0.,-1.));
#3470=DIRECTION('',(0.,0.,-1.));
#3471=DIRECTION('',(0.707106781186547,-0.707106781186547,0.));
#3472=DIRECTION('',(-0.707106781186547,0.707106781186547,0.));
#3473=DIRECTION('center_axis',(0.,0.,-1.));
#3474=DIRECTION('ref_axis',(-1.,0.,0.));
#3475=DIRECTION('',(-3.02561067590121E-12,1.,0.));
#3476=DIRECTION('',(-0.707106781186547,-0.707106781186547,0.));
#3477=DIRECTION('',(0.,-1.,0.));
#3478=DIRECTION('',(-1.,0.,0.));
#3479=DIRECTION('',(0.,1.,0.));
#3480=DIRECTION('center_axis',(0.707106781186548,-0.707106781186548,0.));
#3481=DIRECTION('ref_axis',(0.707106781186548,0.707106781186548,0.));
#3482=DIRECTION('',(0.707106781186548,0.707106781186548,0.));
#3483=DIRECTION('',(0.,0.,1.));
#3484=DIRECTION('center_axis',(0.,0.,1.));
#3485=DIRECTION('ref_axis',(1.,0.,0.));
#3486=DIRECTION('',(0.,-1.,0.));
#3487=DIRECTION('',(1.,0.,0.));
#3488=DIRECTION('',(0.,1.,0.));
#3489=DIRECTION('',(3.02561067590121E-12,-1.,0.));
#3490=DIRECTION('center_axis',(0.707106781186548,0.707106781186547,0.));
#3491=DIRECTION('ref_axis',(0.,0.,-1.));
#3492=DIRECTION('',(0.,0.,-1.));
#3493=DIRECTION('',(0.707106781186547,-0.707106781186548,0.));
#3494=DIRECTION('',(-0.707106781186547,0.707106781186548,0.));
#3495=DIRECTION('center_axis',(0.,0.,1.));
#3496=DIRECTION('ref_axis',(1.,0.,0.));
#3497=DIRECTION('',(-0.707106781186549,-0.707106781186546,0.));
#3498=DIRECTION('',(0.999990264588626,-0.00441256478355298,0.));
#3499=DIRECTION('',(-3.02535774210355E-12,1.,0.));
#3500=DIRECTION('',(-3.02474095153431E-12,1.,0.));
#3501=DIRECTION('',(1.,0.,0.));
#3502=DIRECTION('',(0.,1.,0.));
#3503=DIRECTION('center_axis',(0.707106781186546,-0.707106781186549,0.));
#3504=DIRECTION('ref_axis',(0.,0.,1.));
#3505=DIRECTION('',(-0.707106781186549,-0.707106781186546,0.));
#3506=DIRECTION('',(0.,0.,1.));
#3507=DIRECTION('center_axis',(0.,0.,-1.));
#3508=DIRECTION('ref_axis',(-1.,-3.02409612503011E-12,0.));
#3509=DIRECTION('',(1.,0.,0.));
#3510=DIRECTION('',(-3.02258218454199E-12,1.,0.));
#3511=DIRECTION('',(-1.,-3.02409612503011E-12,0.));
#3512=DIRECTION('',(-3.02258218454199E-12,1.,0.));
#3513=DIRECTION('center_axis',(0.,0.,1.));
#3514=DIRECTION('ref_axis',(1.,3.02409612503011E-12,0.));
#3515=DIRECTION('',(-1.,0.,0.));
#3516=DIRECTION('',(-3.02258218454199E-12,1.,0.));
#3517=DIRECTION('',(1.,3.02409612503011E-12,0.));
#3518=DIRECTION('',(-3.02258218454199E-12,1.,0.));
#3519=DIRECTION('center_axis',(-3.02258218454199E-12,1.,0.));
#3520=DIRECTION('ref_axis',(0.,0.,1.));
#3521=DIRECTION('',(0.,0.,1.));
#3522=DIRECTION('',(0.,0.,-1.));
#3523=DIRECTION('',(0.,0.,-1.));
#3524=DIRECTION('',(1.,3.02384380161543E-12,0.));
#3525=DIRECTION('',(0.,0.,1.));
#3526=DIRECTION('',(-1.,-3.02384380161543E-12,1.78205942957489E-16));
#3527=DIRECTION('center_axis',(0.,1.,0.));
#3528=DIRECTION('ref_axis',(0.,0.,1.));
#3529=DIRECTION('',(0.,0.,1.));
#3530=DIRECTION('',(0.,0.,-1.));
#3531=DIRECTION('',(-1.,0.,0.));
#3532=DIRECTION('center_axis',(0.,1.,0.));
#3533=DIRECTION('ref_axis',(0.,0.,1.));
#3534=DIRECTION('',(0.,0.,-1.));
#3535=DIRECTION('',(0.,0.,1.));
#3536=DIRECTION('center_axis',(0.,-1.,0.));
#3537=DIRECTION('ref_axis',(0.,0.,-1.));
#3538=DIRECTION('',(0.,0.,1.));
#3539=DIRECTION('',(0.,0.,1.));
#3540=DIRECTION('',(0.,0.,1.));
#3541=DIRECTION('',(1.,0.,0.));
#3542=DIRECTION('',(0.,0.,1.));
#3543=DIRECTION('',(-1.,0.,1.78205942957489E-16));
#3544=DIRECTION('center_axis',(1.,0.,0.));
#3545=DIRECTION('ref_axis',(0.,1.,0.));
#3546=DIRECTION('',(0.,-1.,0.));
#3547=DIRECTION('',(0.,0.,-1.));
#3548=DIRECTION('',(0.,1.,0.));
#3549=DIRECTION('center_axis',(1.,0.,0.));
#3550=DIRECTION('ref_axis',(0.,0.,-1.));
#3551=DIRECTION('center_axis',(1.78205942957489E-16,0.,1.));
#3552=DIRECTION('ref_axis',(-1.,0.,1.78205942957489E-16));
#3553=DIRECTION('',(0.,1.,0.));
#3554=DIRECTION('',(0.,-1.,0.));
#3555=DIRECTION('',(-1.,0.,1.78205942957489E-16));
#3556=DIRECTION('center_axis',(-1.,-3.02561067590121E-12,0.));
#3557=DIRECTION('ref_axis',(3.02561067590121E-12,-1.,0.));
#3558=DIRECTION('',(0.,1.,0.));
#3559=DIRECTION('center_axis',(-1.,0.,0.));
#3560=DIRECTION('ref_axis',(0.,-1.,0.));
#3561=DIRECTION('center_axis',(-1.,0.,0.));
#3562=DIRECTION('ref_axis',(0.,0.,-1.));
#3563=DIRECTION('',(0.,-1.,0.));
#3564=DIRECTION('center_axis',(1.,0.,0.));
#3565=DIRECTION('ref_axis',(0.,0.,1.));
#3566=DIRECTION('',(0.,1.,0.));
#3567=DIRECTION('',(0.,0.,-1.));
#3568=DIRECTION('center_axis',(0.,0.,-1.));
#3569=DIRECTION('ref_axis',(1.,0.,0.));
#3570=DIRECTION('',(1.,0.,0.));
#3571=DIRECTION('center_axis',(0.,-1.,0.));
#3572=DIRECTION('ref_axis',(0.,0.,-1.));
#3573=DIRECTION('center_axis',(0.,0.,-1.));
#3574=DIRECTION('ref_axis',(-1.,0.,0.));
#3575=DIRECTION('',(-3.02474095153431E-12,1.,0.));
#3576=DIRECTION('',(3.02535774210355E-12,-1.,0.));
#3577=DIRECTION('',(-0.999990264588626,0.00441256478355298,0.));
#3578=DIRECTION('center_axis',(1.,3.02535774210355E-12,0.));
#3579=DIRECTION('ref_axis',(0.,0.,-1.));
#3580=DIRECTION('center_axis',(1.,3.02535774210355E-12,0.));
#3581=DIRECTION('ref_axis',(0.,0.,-1.));
#3582=DIRECTION('center_axis',(1.,3.02535774210355E-12,0.));
#3583=DIRECTION('ref_axis',(-3.02535774210355E-12,1.,0.));
#3584=DIRECTION('',(0.,0.,1.));
#3585=DIRECTION('center_axis',(-1.,-3.02535774210355E-12,0.));
#3586=DIRECTION('ref_axis',(0.,0.,-1.));
#3587=DIRECTION('center_axis',(1.,3.02535774210355E-12,0.));
#3588=DIRECTION('ref_axis',(0.,0.,-1.));
#3589=DIRECTION('center_axis',(-0.00441256478355298,-0.999990264588626,
0.));
#3590=DIRECTION('ref_axis',(0.999990264588626,-0.00441256478355298,0.));
#3591=DIRECTION('',(0.,0.,1.));
#3592=DIRECTION('',(0.,0.,1.));
#3593=DIRECTION('center_axis',(-1.,-3.02535774210355E-12,0.));
#3594=DIRECTION('ref_axis',(-3.02535774210355E-12,1.,-6.12323399573677E-17));
#3595=DIRECTION('center_axis',(1.,3.02535774210355E-12,0.));
#3596=DIRECTION('ref_axis',(0.,0.,-1.));
#3597=DIRECTION('center_axis',(1.,3.02535774210355E-12,0.));
#3598=DIRECTION('ref_axis',(0.,0.,-1.));
#3599=DIRECTION('center_axis',(1.,3.02535774210355E-12,0.));
#3600=DIRECTION('ref_axis',(0.,0.,-1.));
#3601=DIRECTION('center_axis',(1.,3.02535774210355E-12,0.));
#3602=DIRECTION('ref_axis',(0.,0.,-1.));
#3603=DIRECTION('center_axis',(1.,3.02535774210355E-12,0.));
#3604=DIRECTION('ref_axis',(0.,0.,-1.));
#3605=DIRECTION('',(-0.87297298169142,-2.64111530322857E-12,-0.487768565240516));
#3606=DIRECTION('center_axis',(0.,1.,0.));
#3607=DIRECTION('ref_axis',(1.,0.,0.));
#3608=DIRECTION('center_axis',(0.,-1.,0.));
#3609=DIRECTION('ref_axis',(1.,0.,0.));
#3610=DIRECTION('',(0.,-1.,0.));
#3611=DIRECTION('center_axis',(0.,1.,0.));
#3612=DIRECTION('ref_axis',(1.,0.,0.));
#3613=DIRECTION('center_axis',(0.,-1.,0.));
#3614=DIRECTION('ref_axis',(1.,0.,0.));
#3615=DIRECTION('',(-1.04738021191052E-16,0.,-1.));
#3616=DIRECTION('',(-1.,0.,8.04509438134171E-17));
#3617=DIRECTION('',(2.09476042382105E-16,0.,1.));
#3618=DIRECTION('',(1.,0.,0.));
#3619=DIRECTION('center_axis',(-8.04509438134171E-17,-4.78491911649002E-32,
-1.));
#3620=DIRECTION('ref_axis',(1.,4.9681180296083E-16,-8.04509438134171E-17));
#3621=DIRECTION('',(-5.94762334620619E-16,1.,0.));
#3622=DIRECTION('',(1.,5.8542276862345E-16,-8.04509438134171E-17));
#3623=DIRECTION('',(5.94762334620619E-16,-1.,0.));
#3624=DIRECTION('center_axis',(1.,5.94762334620619E-16,-1.04738021191052E-16));
#3625=DIRECTION('ref_axis',(1.04738021191052E-16,5.20350851464764E-32,1.));
#3626=DIRECTION('',(-5.94762334620619E-16,1.,0.));
#3627=DIRECTION('',(1.04738021191052E-16,6.13160223458075E-32,1.));
#3628=DIRECTION('center_axis',(0.,0.,-1.));
#3629=DIRECTION('ref_axis',(1.,5.94762334620619E-16,0.));
#3630=DIRECTION('',(-0.707106781186548,0.707106781186547,0.));
#3631=DIRECTION('',(5.94290507042956E-16,-1.,0.));
#3632=DIRECTION('',(-1.,-5.94762334620619E-16,0.));
#3633=DIRECTION('',(5.94290507042956E-16,-1.,0.));
#3634=DIRECTION('center_axis',(-1.,-5.94290507042956E-16,-1.36726973476005E-16));
#3635=DIRECTION('ref_axis',(1.36726973476005E-16,8.13200539501999E-32,-1.));
#3636=DIRECTION('',(-1.36726973476005E-16,1.36726973476004E-16,1.));
#3637=DIRECTION('',(-1.36726973476005E-16,-8.13200539501999E-32,1.));
#3638=DIRECTION('',(5.94290507042956E-16,-1.,0.));
#3639=DIRECTION('center_axis',(-1.36726973476005E-16,-8.12555423935035E-32,
1.));
#3640=DIRECTION('ref_axis',(-1.,-5.94762334620619E-16,-1.36726973476005E-16));
#3641=DIRECTION('',(0.707106781186548,-0.707106781186547,9.66805701159961E-17));
#3642=DIRECTION('',(1.,5.94762334620619E-16,1.36726973476005E-16));
#3643=DIRECTION('',(5.94290507042956E-16,-1.,0.));
#3644=DIRECTION('center_axis',(1.,5.94290507042956E-16,6.1527138064202E-16));
#3645=DIRECTION('ref_axis',(-6.1527138064202E-16,-3.659402427759E-31,1.));
#3646=DIRECTION('',(6.15271380642021E-16,-6.15271380642019E-16,-1.));
#3647=DIRECTION('',(6.1527138064202E-16,3.659402427759E-31,-1.));
#3648=DIRECTION('center_axis',(-5.94762334620619E-16,1.,0.));
#3649=DIRECTION('ref_axis',(-1.,-5.94762334620619E-16,0.));
#3650=DIRECTION('center_axis',(-1.,-5.94762334620619E-16,2.09476042382105E-16));
#3651=DIRECTION('ref_axis',(-2.09476042382105E-16,-1.04070170292953E-31,
-1.));
#3652=DIRECTION('',(-2.09476042382105E-16,-1.22632044691615E-31,-1.));
#3653=DIRECTION('',(5.94762334620619E-16,-1.,0.));
#3654=DIRECTION('center_axis',(0.,0.,1.));
#3655=DIRECTION('ref_axis',(-1.,-4.9681180296083E-16,0.));
#3656=DIRECTION('',(-1.,-5.8542276862345E-16,0.));
#3657=DIRECTION('center_axis',(-2.98496665149007E-16,2.98496665149006E-16,
1.));
#3658=DIRECTION('ref_axis',(-0.707106781186549,0.707106781186546,-4.22138032176865E-16));
#3659=DIRECTION('',(0.707106781186548,-0.707106781186547,4.22138032176865E-16));
#3660=DIRECTION('',(-0.707106781186546,-0.707106781186549,2.46519032881566E-32));
#3661=DIRECTION('',(-0.707106781186549,0.707106781186546,-4.22138032176865E-16));
#3662=DIRECTION('',(0.707106781186546,0.707106781186549,-2.46519032881566E-32));
#3663=DIRECTION('center_axis',(-0.707106781186548,0.707106781186547,2.46519032881566E-32));
#3664=DIRECTION('ref_axis',(-4.36136794078826E-17,-4.36136794078827E-17,
1.));
#3665=DIRECTION('',(1.74315279842105E-32,-1.74315279842105E-32,1.));
#3666=DIRECTION('',(-0.707106781186547,-0.707106781186548,0.));
#3667=DIRECTION('',(-1.74315279842105E-32,1.74315279842105E-32,-1.));
#3668=DIRECTION('',(-0.707106781186547,-0.707106781186548,-7.39557098644699E-32));
#3669=DIRECTION('center_axis',(0.707106781186548,-0.707106781186547,0.));
#3670=DIRECTION('ref_axis',(0.,0.,-1.));
#3671=DIRECTION('center_axis',(0.707106781186548,-0.707106781186547,0.));
#3672=DIRECTION('ref_axis',(0.707106781186546,0.707106781186548,2.61682076447295E-16));
#3673=DIRECTION('',(0.,0.,-1.));
#3674=DIRECTION('',(0.707106781186547,0.707106781186548,7.39557098644699E-32));
#3675=DIRECTION('',(0.,0.,1.));
#3676=DIRECTION('center_axis',(0.707106781186547,0.707106781186548,0.));
#3677=DIRECTION('ref_axis',(0.,0.,-1.));
#3678=DIRECTION('center_axis',(0.707106781186547,0.707106781186548,0.));
#3679=DIRECTION('ref_axis',(0.707106781186549,-0.707106781186546,-6.5420519111824E-17));
#3680=DIRECTION('',(0.707106781186548,-0.707106781186547,3.16603524132649E-16));
#3681=DIRECTION('',(-0.707106781186548,0.707106781186547,0.));
#3682=DIRECTION('center_axis',(-0.707106781186549,0.707106781186546,6.16297582203915E-33));
#3683=DIRECTION('ref_axis',(-4.36136794078826E-17,-4.36136794078827E-17,
1.));
#3684=DIRECTION('',(4.35788199605263E-33,-4.35788199605262E-33,1.));
#3685=DIRECTION('',(-4.35788199605263E-33,4.35788199605262E-33,-1.));
#3686=DIRECTION('',(0.707106781186546,0.707106781186549,0.));
#3687=DIRECTION('center_axis',(0.707106781186549,-0.707106781186546,0.));
#3688=DIRECTION('ref_axis',(0.,0.,-1.));
#3689=DIRECTION('center_axis',(0.707106781186549,-0.707106781186546,0.));
#3690=DIRECTION('ref_axis',(0.707106781186546,0.707106781186549,6.54205191118239E-17));
#3691=DIRECTION('',(0.,0.,1.));
#3692=DIRECTION('',(0.,0.,-1.));
#3693=DIRECTION('center_axis',(0.707106781186546,0.707106781186549,0.));
#3694=DIRECTION('ref_axis',(0.,0.,-1.));
#3695=DIRECTION('center_axis',(0.707106781186546,0.707106781186549,0.));
#3696=DIRECTION('ref_axis',(0.707106781186549,-0.707106781186546,6.5420519111824E-17));
#3697=DIRECTION('',(0.707106781186549,-0.707106781186546,0.));
#3698=DIRECTION('center_axis',(2.23872498861755E-16,-2.23872498861755E-16,
-1.));
#3699=DIRECTION('ref_axis',(0.707106781186549,-0.707106781186546,3.16603524132649E-16));
#3700=DIRECTION('',(-0.707106781186548,0.707106781186547,-3.16603524132649E-16));
#3701=DIRECTION('center_axis',(0.,0.,-1.));
#3702=DIRECTION('ref_axis',(-1.,0.,0.));
#3703=DIRECTION('',(-0.707106781186548,0.707106781186547,0.));
#3704=DIRECTION('',(1.,5.8542276862345E-16,0.));
#3705=DIRECTION('',(-7.31778460779313E-17,1.,0.));
#3706=DIRECTION('center_axis',(7.31778460779313E-17,-1.,0.));
#3707=DIRECTION('ref_axis',(0.707106781186548,0.,-0.707106781186548));
#3708=DIRECTION('center_axis',(5.8542276862345E-16,-1.,0.));
#3709=DIRECTION('ref_axis',(0.707106781186548,0.,-0.707106781186548));
#3710=DIRECTION('',(7.31778460779313E-17,-1.,0.));
#3711=DIRECTION('center_axis',(0.707106781186547,0.707106781186548,0.));
#3712=DIRECTION('ref_axis',(0.707106781186549,-0.707106781186546,-6.5420519111824E-17));
#3713=DIRECTION('center_axis',(1.,7.31778460779313E-17,0.));
#3714=DIRECTION('ref_axis',(-7.31778460779313E-17,1.,0.));
#3715=DIRECTION('',(0.,0.,1.));
#3716=DIRECTION('',(-7.31778460779313E-17,1.,0.));
#3717=DIRECTION('',(0.,0.,1.));
#3718=DIRECTION('center_axis',(-5.8542276862345E-16,1.,0.));
#3719=DIRECTION('ref_axis',(-1.,-5.8542276862345E-16,0.));
#3720=DIRECTION('',(0.,0.,1.));
#3721=DIRECTION('',(-1.,-5.8542276862345E-16,0.));
#3722=DIRECTION('center_axis',(5.8542276862345E-16,-1.,0.));
#3723=DIRECTION('ref_axis',(0.707106781186548,0.,0.707106781186548));
#3724=DIRECTION('center_axis',(-7.31778460779313E-17,1.,0.));
#3725=DIRECTION('ref_axis',(0.707106781186548,0.,0.707106781186548));
#3726=DIRECTION('center_axis',(0.707106781186547,0.707106781186548,0.));
#3727=DIRECTION('ref_axis',(0.707106781186549,-0.707106781186546,6.5420519111824E-17));
#3728=DIRECTION('',(7.31778460779313E-17,-1.,0.));
#3729=DIRECTION('center_axis',(0.,0.,1.));
#3730=DIRECTION('ref_axis',(1.,0.,0.));
#3731=DIRECTION('',(0.707106781186548,-0.707106781186547,0.));
#3732=DIRECTION('center_axis',(-0.707106781186547,-0.707106781186548,0.));
#3733=DIRECTION('ref_axis',(0.707106781186548,-0.707106781186547,0.));
#3734=DIRECTION('',(0.,0.,1.));
#3735=DIRECTION('',(1.,0.,0.));
#3736=CARTESIAN_POINT('',(0.,0.,0.));
#3737=CARTESIAN_POINT('',(0.,0.,0.));
#3738=CARTESIAN_POINT('Origin',(1.,1.27686614249408,-1.));
#3739=CARTESIAN_POINT('',(3.93,1.,-1.));
#3740=CARTESIAN_POINT('',(1.,1.,-3.93));
#3741=CARTESIAN_POINT('Origin',(1.,1.,-1.));
#3742=CARTESIAN_POINT('',(1.,2.1074645699763,-3.93));
#3743=CARTESIAN_POINT('',(1.,1.27686614249408,-3.93));
#3744=CARTESIAN_POINT('',(3.93,2.1074645699763,-1.));
#3745=CARTESIAN_POINT('Origin',(1.,2.1074645699763,-1.));
#3746=CARTESIAN_POINT('',(3.93,1.27686614249408,-1.));
#3747=CARTESIAN_POINT('Origin',(1.11022302462516E-15,1.55373228498815,-3.93));
#3748=CARTESIAN_POINT('',(-0.999999999999999,1.,-3.93));
#3749=CARTESIAN_POINT('',(-2.,1.,-3.93));
#3750=CARTESIAN_POINT('',(-0.999999999999999,2.1074645699763,-3.93));
#3751=CARTESIAN_POINT('',(-0.999999999999999,1.83059842748223,-3.93));
#3752=CARTESIAN_POINT('',(2.,2.1074645699763,-3.93));
#3753=CARTESIAN_POINT('Origin',(-4.,1.,0.));
#3754=CARTESIAN_POINT('',(3.93,1.,1.));
#3755=CARTESIAN_POINT('',(3.93,1.,0.));
#3756=CARTESIAN_POINT('',(1.,1.,3.93));
#3757=CARTESIAN_POINT('Origin',(1.,1.,1.));
#3758=CARTESIAN_POINT('',(-0.999999999999999,1.,3.93));
#3759=CARTESIAN_POINT('',(-2.,1.,3.93));
#3760=CARTESIAN_POINT('',(-3.93,1.,1.));
#3761=CARTESIAN_POINT('Origin',(-0.999999999999999,1.,1.));
#3762=CARTESIAN_POINT('',(-3.93,1.,-1.));
#3763=CARTESIAN_POINT('',(-3.93,1.,0.));
#3764=CARTESIAN_POINT('Origin',(-0.999999999999999,1.,-1.));
#3765=CARTESIAN_POINT('',(-2.74999999999999,1.,-0.75));
#3766=CARTESIAN_POINT('',(-2.74999999999999,1.,0.75));
#3767=CARTESIAN_POINT('',(-2.74999999999999,1.,0.));
#3768=CARTESIAN_POINT('',(-0.75,1.,2.75));
#3769=CARTESIAN_POINT('Origin',(-0.75,1.,0.75));
#3770=CARTESIAN_POINT('',(0.75,1.,2.75));
#3771=CARTESIAN_POINT('',(4.,1.,2.75));
#3772=CARTESIAN_POINT('',(2.75,1.,0.75));
#3773=CARTESIAN_POINT('Origin',(0.75,1.,0.75));
#3774=CARTESIAN_POINT('',(2.75,1.,-0.75));
#3775=CARTESIAN_POINT('',(2.75,1.,0.));
#3776=CARTESIAN_POINT('',(0.75,1.,-2.75));
#3777=CARTESIAN_POINT('Origin',(0.75,1.,-0.75));
#3778=CARTESIAN_POINT('',(-0.75,1.,-2.75));
#3779=CARTESIAN_POINT('',(4.,1.,-2.75));
#3780=CARTESIAN_POINT('Origin',(-0.75,1.,-0.75));
#3781=CARTESIAN_POINT('Origin',(-0.999999999999999,1.83059842748223,-1.));
#3782=CARTESIAN_POINT('',(-3.93,2.1074645699763,-1.));
#3783=CARTESIAN_POINT('Origin',(-0.999999999999999,2.1074645699763,-1.));
#3784=CARTESIAN_POINT('',(-3.93,1.83059842748223,-1.));
#3785=CARTESIAN_POINT('Origin',(-3.93,2.1074645699763,0.));
#3786=CARTESIAN_POINT('',(-3.93,2.1074645699763,1.));
#3787=CARTESIAN_POINT('',(-3.93,1.83059842748223,1.));
#3788=CARTESIAN_POINT('',(-3.93,2.1074645699763,0.));
#3789=CARTESIAN_POINT('Origin',(1.,1.27686614249408,1.));
#3790=CARTESIAN_POINT('',(3.93,2.1074645699763,1.));
#3791=CARTESIAN_POINT('',(1.,2.1074645699763,3.93));
#3792=CARTESIAN_POINT('Origin',(1.,2.1074645699763,1.));
#3793=CARTESIAN_POINT('',(1.,1.27686614249408,3.93));
#3794=CARTESIAN_POINT('',(3.93,1.27686614249408,1.));
#3795=CARTESIAN_POINT('Origin',(1.11022302462516E-15,1.55373228498815,3.93));
#3796=CARTESIAN_POINT('',(-0.999999999999999,2.1074645699763,3.93));
#3797=CARTESIAN_POINT('',(2.,2.1074645699763,3.93));
#3798=CARTESIAN_POINT('',(-0.999999999999999,1.83059842748223,3.93));
#3799=CARTESIAN_POINT('Origin',(-0.999999999999999,1.83059842748223,1.));
#3800=CARTESIAN_POINT('Origin',(-0.999999999999999,2.1074645699763,1.));
#3801=CARTESIAN_POINT('Origin',(0.75,0.25,-0.75));
#3802=CARTESIAN_POINT('',(2.75,0.,-0.75));
#3803=CARTESIAN_POINT('',(0.75,0.,-2.75));
#3804=CARTESIAN_POINT('Origin',(0.75,0.,-0.75));
#3805=CARTESIAN_POINT('',(0.75,0.25,-2.75));
#3806=CARTESIAN_POINT('',(2.75,0.25,-0.75));
#3807=CARTESIAN_POINT('Origin',(0.,0.5,-2.75));
#3808=CARTESIAN_POINT('',(-0.75,0.,-2.75));
#3809=CARTESIAN_POINT('',(-2.75,0.,-2.75));
#3810=CARTESIAN_POINT('',(-0.75,0.75,-2.75));
#3811=CARTESIAN_POINT('Origin',(-2.,0.,0.));
#3812=CARTESIAN_POINT('',(2.75,0.,0.75));
#3813=CARTESIAN_POINT('',(2.75,0.,0.));
#3814=CARTESIAN_POINT('',(0.75,0.,2.75));
#3815=CARTESIAN_POINT('Origin',(0.75,0.,0.75));
#3816=CARTESIAN_POINT('',(-0.75,0.,2.75));
#3817=CARTESIAN_POINT('',(-2.75,0.,2.75));
#3818=CARTESIAN_POINT('',(-2.75,0.,0.75));
#3819=CARTESIAN_POINT('Origin',(-0.75,0.,0.75));
#3820=CARTESIAN_POINT('',(-2.75,0.,-0.75));
#3821=CARTESIAN_POINT('',(-2.75,0.,0.));
#3822=CARTESIAN_POINT('Origin',(-0.75,0.,-0.75));
#3823=CARTESIAN_POINT('',(2.0625,0.,-2.52583402324142E-16));
#3824=CARTESIAN_POINT('Origin',(1.31838984174237E-15,0.,0.));
#3825=CARTESIAN_POINT('Origin',(-0.75,0.75,-0.75));
#3826=CARTESIAN_POINT('',(-2.75,0.75,-0.75));
#3827=CARTESIAN_POINT('Origin',(-2.75,1.,0.));
#3828=CARTESIAN_POINT('',(-2.75,0.75,0.75));
#3829=CARTESIAN_POINT('Origin',(0.75,0.25,0.75));
#3830=CARTESIAN_POINT('',(2.75,0.25,0.75));
#3831=CARTESIAN_POINT('',(0.75,0.25,2.75));
#3832=CARTESIAN_POINT('Origin',(2.75,0.,0.));
#3833=CARTESIAN_POINT('Origin',(-0.75,0.75,0.75));
#3834=CARTESIAN_POINT('',(-0.75,0.75,2.75));
#3835=CARTESIAN_POINT('Origin',(1.31838984174237E-15,0.743556757132643,
0.));
#3836=CARTESIAN_POINT('',(2.0625,1.50072468403261,-2.52583402324142E-16));
#3837=CARTESIAN_POINT('',(2.0625,0.743556757132643,-2.52583402324142E-16));
#3838=CARTESIAN_POINT('Origin',(1.31838984174237E-15,1.50072468403261,0.));
#3839=CARTESIAN_POINT('Origin',(-1.09443375998413E-15,8.97858072202932,
0.));
#3840=CARTESIAN_POINT('',(-3.6,2.1074645699763,0.));
#3841=CARTESIAN_POINT('Origin',(-1.09443375998413E-15,2.1074645699763,0.));
#3842=CARTESIAN_POINT('Origin',(4.,2.1074645699763,0.));
#3843=CARTESIAN_POINT('',(3.93,2.1074645699763,0.));
#3844=CARTESIAN_POINT('Origin',(3.93,1.,0.));
#3845=CARTESIAN_POINT('Origin',(0.,0.5,2.75));
#3846=CARTESIAN_POINT('Origin',(4.025,2.1074645699763,1.));
#3847=CARTESIAN_POINT('',(4.025,2.1074645699763,1.));
#3848=CARTESIAN_POINT('',(4.025,1.,1.));
#3849=CARTESIAN_POINT('',(4.025,2.1074645699763,1.));
#3850=CARTESIAN_POINT('',(4.115,2.1074645699763,1.));
#3851=CARTESIAN_POINT('',(4.025,2.1074645699763,1.));
#3852=CARTESIAN_POINT('',(4.115,1.,1.));
#3853=CARTESIAN_POINT('',(4.115,2.1074645699763,1.));
#3854=CARTESIAN_POINT('',(2.0125,1.,1.));
#3855=CARTESIAN_POINT('Origin',(4.025,1.,-1.));
#3856=CARTESIAN_POINT('',(4.025,2.1074645699763,-1.));
#3857=CARTESIAN_POINT('',(4.025,1.,-1.));
#3858=CARTESIAN_POINT('',(4.025,2.1074645699763,-1.));
#3859=CARTESIAN_POINT('',(4.115,1.,-1.));
#3860=CARTESIAN_POINT('',(2.0125,1.,-1.));
#3861=CARTESIAN_POINT('',(4.115,2.1074645699763,-1.));
#3862=CARTESIAN_POINT('',(4.115,2.1074645699763,-1.));
#3863=CARTESIAN_POINT('',(4.025,2.1074645699763,-1.));
#3864=CARTESIAN_POINT('Origin',(4.115,2.1074645699763,1.));
#3865=CARTESIAN_POINT('',(4.115,1.,0.5));
#3866=CARTESIAN_POINT('',(4.115,2.1074645699763,0.5));
#3867=CARTESIAN_POINT('Origin',(-0.999999999999999,2.1074645699763,4.025));
#3868=CARTESIAN_POINT('',(-0.999999999999999,2.1074645699763,4.025));
#3869=CARTESIAN_POINT('',(-0.999999999999999,1.,4.025));
#3870=CARTESIAN_POINT('',(-0.999999999999999,2.1074645699763,4.025));
#3871=CARTESIAN_POINT('',(-0.999999999999999,2.1074645699763,4.115));
#3872=CARTESIAN_POINT('',(-0.999999999999999,2.1074645699763,4.025));
#3873=CARTESIAN_POINT('',(-0.999999999999999,1.,4.115));
#3874=CARTESIAN_POINT('',(-0.999999999999999,2.1074645699763,4.115));
#3875=CARTESIAN_POINT('',(-0.999999999999999,1.,2.0125));
#3876=CARTESIAN_POINT('Origin',(1.,1.,4.025));
#3877=CARTESIAN_POINT('',(1.,2.1074645699763,4.025));
#3878=CARTESIAN_POINT('',(1.,1.,4.025));
#3879=CARTESIAN_POINT('',(1.,2.1074645699763,4.025));
#3880=CARTESIAN_POINT('',(1.,1.,4.115));
#3881=CARTESIAN_POINT('',(1.,1.,2.0125));
#3882=CARTESIAN_POINT('',(1.,2.1074645699763,4.115));
#3883=CARTESIAN_POINT('',(1.,2.1074645699763,4.115));
#3884=CARTESIAN_POINT('',(1.,2.1074645699763,4.025));
#3885=CARTESIAN_POINT('Origin',(-0.999999999999999,2.1074645699763,4.115));
#3886=CARTESIAN_POINT('',(-0.499999999999998,1.,4.115));
#3887=CARTESIAN_POINT('',(-2.75,2.1074645699763,4.115));
#3888=CARTESIAN_POINT('Origin',(1.,2.1074645699763,-4.025));
#3889=CARTESIAN_POINT('',(1.,2.1074645699763,-4.025));
#3890=CARTESIAN_POINT('',(1.,1.,-4.025));
#3891=CARTESIAN_POINT('',(1.,2.1074645699763,-4.025));
#3892=CARTESIAN_POINT('',(1.,2.1074645699763,-4.115));
#3893=CARTESIAN_POINT('',(1.,2.1074645699763,-4.025));
#3894=CARTESIAN_POINT('',(1.,1.,-4.115));
#3895=CARTESIAN_POINT('',(1.,2.1074645699763,-4.115));
#3896=CARTESIAN_POINT('',(1.,1.,-2.0125));
#3897=CARTESIAN_POINT('Origin',(-1.,1.,-4.025));
#3898=CARTESIAN_POINT('',(-1.,2.1074645699763,-4.025));
#3899=CARTESIAN_POINT('',(-1.,1.,-4.025));
#3900=CARTESIAN_POINT('',(-1.,2.1074645699763,-4.025));
#3901=CARTESIAN_POINT('',(-1.,1.,-4.115));
#3902=CARTESIAN_POINT('',(-1.,1.,-2.0125));
#3903=CARTESIAN_POINT('',(-1.,2.1074645699763,-4.115));
#3904=CARTESIAN_POINT('',(-1.,2.1074645699763,-4.115));
#3905=CARTESIAN_POINT('',(-1.,2.1074645699763,-4.025));
#3906=CARTESIAN_POINT('Origin',(1.,2.1074645699763,-4.115));
#3907=CARTESIAN_POINT('',(0.500000000000002,1.,-4.115));
#3908=CARTESIAN_POINT('',(-1.75,2.1074645699763,-4.115));
#3909=CARTESIAN_POINT('Origin',(-4.025,2.1074645699763,-1.));
#3910=CARTESIAN_POINT('',(-4.025,2.1074645699763,-1.));
#3911=CARTESIAN_POINT('',(-4.025,1.,-1.));
#3912=CARTESIAN_POINT('',(-4.025,2.1074645699763,-1.));
#3913=CARTESIAN_POINT('',(-4.115,2.1074645699763,-1.));
#3914=CARTESIAN_POINT('',(-4.025,2.1074645699763,-1.));
#3915=CARTESIAN_POINT('',(-4.115,1.,-1.));
#3916=CARTESIAN_POINT('',(-4.115,2.1074645699763,-1.));
#3917=CARTESIAN_POINT('',(-2.0125,1.,-1.));
#3918=CARTESIAN_POINT('Origin',(-4.025,1.,1.));
#3919=CARTESIAN_POINT('',(-4.025,2.1074645699763,1.));
#3920=CARTESIAN_POINT('',(-4.025,1.,1.));
#3921=CARTESIAN_POINT('',(-4.025,2.1074645699763,1.));
#3922=CARTESIAN_POINT('',(-4.115,1.,1.));
#3923=CARTESIAN_POINT('',(-2.0125,1.,1.));
#3924=CARTESIAN_POINT('',(-4.115,2.1074645699763,1.));
#3925=CARTESIAN_POINT('',(-4.115,2.1074645699763,1.));
#3926=CARTESIAN_POINT('',(-4.025,2.1074645699763,1.));
#3927=CARTESIAN_POINT('Origin',(-4.115,2.1074645699763,-1.));
#3928=CARTESIAN_POINT('',(-4.115,1.,-0.5));
#3929=CARTESIAN_POINT('',(-4.115,2.1074645699763,-0.5));
#3930=CARTESIAN_POINT('Origin',(-4.49999999999999,2.1074645699763,0.));
#3931=CARTESIAN_POINT('Origin',(1.,2.1074645699763,1.));
#3932=CARTESIAN_POINT('Origin',(-0.999999999999998,2.1074645699763,1.));
#3933=CARTESIAN_POINT('Origin',(-0.999999999999998,2.1074645699763,-0.999999999999999));
#3934=CARTESIAN_POINT('Origin',(1.,2.1074645699763,-0.999999999999999));
#3935=CARTESIAN_POINT('',(-4.0995,2.1074645699763,5.02043955310457E-16));
#3936=CARTESIAN_POINT('Origin',(0.,2.1074645699763,0.));
#3937=CARTESIAN_POINT('Origin',(-3.27941726378564,9.48709812820692,0.));
#3938=CARTESIAN_POINT('',(-2.7795979672333,5.7219618011678,-1.68414225662576));
#3939=CARTESIAN_POINT('',(-3.25,5.36248690812568,1.99005104861445E-16));
#3940=CARTESIAN_POINT('Ctrl Pts',(-2.7795979672333,5.7219618011678,-1.68414225662576));
#3941=CARTESIAN_POINT('Ctrl Pts',(-2.8583861816118,5.66380010396551,-1.5541059965255));
#3942=CARTESIAN_POINT('Ctrl Pts',(-2.92924189687943,5.61038116508884,-1.41643997399457));
#3943=CARTESIAN_POINT('Ctrl Pts',(-3.15981802865646,5.43464772662703,-0.874876014957265));
#3944=CARTESIAN_POINT('Ctrl Pts',(-3.25,5.36248690812568,-0.429695065524217));
#3945=CARTESIAN_POINT('Ctrl Pts',(-3.25,5.36248690812568,-5.55111512312578E-16));
#3946=CARTESIAN_POINT('',(-2.7795979672333,5.7219618011678,1.68414225662576));
#3947=CARTESIAN_POINT('Origin',(-2.77941726436149,9.48707413119756,0.));
#3948=CARTESIAN_POINT('Ctrl Pts',(-3.25,5.36248690812568,-1.38777878078145E-16));
#3949=CARTESIAN_POINT('Ctrl Pts',(-3.25,5.36248690812568,0.429695065524217));
#3950=CARTESIAN_POINT('Ctrl Pts',(-3.15981802865646,5.43464772662703,0.874876014957264));
#3951=CARTESIAN_POINT('Ctrl Pts',(-2.92924189687943,5.61038116508884,1.41643997399457));
#3952=CARTESIAN_POINT('Ctrl Pts',(-2.8583861816118,5.66380010396551,1.5541059965255));
#3953=CARTESIAN_POINT('Ctrl Pts',(-2.7795979672333,5.72196180116781,1.68414225662576));
#3954=CARTESIAN_POINT('Origin',(-3.27941726378564,9.48709812820692,0.));
#3955=CARTESIAN_POINT('',(-3.27941725943555,9.48718876630572,-3.7184882939118));
#3956=CARTESIAN_POINT('Ctrl Pts',(-3.27941725943555,9.48718876630565,-3.7184882939118));
#3957=CARTESIAN_POINT('Ctrl Pts',(-3.27941235441947,9.5893893363118,-3.72066847867733));
#3958=CARTESIAN_POINT('Ctrl Pts',(-3.27940741031029,9.69240444770288,-3.71787280194715));
#3959=CARTESIAN_POINT('Ctrl Pts',(-3.2793847615172,10.1643131076848,-3.68066602568861));
#3960=CARTESIAN_POINT('Ctrl Pts',(-3.27936714026076,10.531468367808,-3.58428346375374));
#3961=CARTESIAN_POINT('Ctrl Pts',(-3.27933608303502,11.1785745394755,-3.25413019968763));
#3962=CARTESIAN_POINT('Ctrl Pts',(-3.27932283412231,11.4546279528855,-3.0401688178781));
#3963=CARTESIAN_POINT('Ctrl Pts',(-3.27929806024616,11.970814694391,-2.43623274408765));
#3964=CARTESIAN_POINT('Ctrl Pts',(-3.27928954135315,12.1483137500981,-2.06310839009374));
#3965=CARTESIAN_POINT('Ctrl Pts',(-3.27928020271064,12.3428930487625,-1.47420845271403));
#3966=CARTESIAN_POINT('Ctrl Pts',(-3.27927739883225,12.4013144616366,-1.2106726935531));
#3967=CARTESIAN_POINT('Ctrl Pts',(-3.27927426389894,12.4666337116282,-0.761002731389617));
#3968=CARTESIAN_POINT('Ctrl Pts',(-3.27927339480027,12.4847421460846,-0.573678514260838));
#3969=CARTESIAN_POINT('Ctrl Pts',(-3.27927267249515,12.4997920447055,-0.297416125364728));
#3970=CARTESIAN_POINT('Ctrl Pts',(-3.27927251986466,12.502972287396,-0.208498412587131));
#3971=CARTESIAN_POINT('Ctrl Pts',(-3.27927239240854,12.5056279541644,-0.0472794681043991));
#3972=CARTESIAN_POINT('Ctrl Pts',(-3.27927238573377,12.505767028918,0.0249968915616212));
#3973=CARTESIAN_POINT('Ctrl Pts',(-3.27927248965105,12.5036018158906,0.182628777719723));
#3974=CARTESIAN_POINT('Ctrl Pts',(-3.27927261731525,12.5009417135042,0.268510679822938));
#3975=CARTESIAN_POINT('Ctrl Pts',(-3.279273212642,12.4885375271209,0.515151639292051));
#3976=CARTESIAN_POINT('Ctrl Pts',(-3.27927387249279,12.4747890226995,0.678656159026909));
#3977=CARTESIAN_POINT('Ctrl Pts',(-3.27927861220353,12.376032743018,1.45322551716879));
#3978=CARTESIAN_POINT('Ctrl Pts',(-3.27928600367252,12.2220246149934,1.89393454040206));
#3979=CARTESIAN_POINT('Ctrl Pts',(-3.27930127524646,11.9038271742244,2.50928881272821));
#3980=CARTESIAN_POINT('Ctrl Pts',(-3.27931051783054,11.7112493423217,2.77219797170168));
#3981=CARTESIAN_POINT('Ctrl Pts',(-3.27933346163313,11.2331938848172,3.21195091857529));
#3982=CARTESIAN_POINT('Ctrl Pts',(-3.27934644110899,10.9627544384953,3.38425468957399));
#3983=CARTESIAN_POINT('Ctrl Pts',(-3.27937626938321,10.3412546143949,3.63708187202615));
#3984=CARTESIAN_POINT('Ctrl Pts',(-3.27939291514247,9.99442474506021,3.70859148637922));
#3985=CARTESIAN_POINT('Ctrl Pts',(-3.27942875953466,9.24757350998556,3.72843671216148));
#3986=CARTESIAN_POINT('Ctrl Pts',(-3.27944775206999,8.85184646672458,3.66558635021451));
#3987=CARTESIAN_POINT('Ctrl Pts',(-3.27948566254383,8.06194649967319,3.38817913255764));
#3988=CARTESIAN_POINT('Ctrl Pts',(-3.27950419675339,7.67576892518959,3.16551649520071));
#3989=CARTESIAN_POINT('Ctrl Pts',(-3.27953750923881,6.98167232142981,2.56834943773753));
#3990=CARTESIAN_POINT('Ctrl Pts',(-3.27955186664602,6.68252249874395,2.19352110188585));
#3991=CARTESIAN_POINT('Ctrl Pts',(-3.279573313337,6.23566075354521,1.33355202976606));
#3992=CARTESIAN_POINT('Ctrl Pts',(-3.2795802038665,6.09209005979068,0.855152250078475));
#3993=CARTESIAN_POINT('Ctrl Pts',(-3.27958460668116,6.00035332316863,-0.138254131280953));
#3994=CARTESIAN_POINT('Ctrl Pts',(-3.27958226175715,6.04921182962654,-0.64421425440359));
#3995=CARTESIAN_POINT('Ctrl Pts',(-3.27956797579678,6.34687309519914,-1.6063784928035));
#3996=CARTESIAN_POINT('Ctrl Pts',(-3.27955648019364,6.58639268416417,-2.05587986080175));
#3997=CARTESIAN_POINT('Ctrl Pts',(-3.27952608819275,7.21963827757545,-2.80952557514088));
#3998=CARTESIAN_POINT('Ctrl Pts',(-3.27950807619705,7.59493710978799,-3.11717171642492));
#3999=CARTESIAN_POINT('Ctrl Pts',(-3.27948724057276,8.02906671244138,-3.34119177460632));
#4000=CARTESIAN_POINT('Ctrl Pts',(-3.27947300557928,8.32566603550395,-3.49424329931907));
#4001=CARTESIAN_POINT('Ctrl Pts',(-3.27945777618417,8.6429846411367,-3.60452135051758));
#4002=CARTESIAN_POINT('Ctrl Pts',(-3.27943395166757,9.13939059360863,-3.69641054510872));
#4003=CARTESIAN_POINT('Ctrl Pts',(-3.27942566292583,9.31209423365522,-3.71475310503184));
#4004=CARTESIAN_POINT('Ctrl Pts',(-3.27941725943555,9.48718876630565,-3.7184882939118));
#4005=CARTESIAN_POINT('',(-3.27941726378564,9.48709812820692,-2.7));
#4006=CARTESIAN_POINT('Origin',(-3.27941726378564,9.48709812820692,0.));
#4007=CARTESIAN_POINT('Origin',(-3.27941726378564,9.48709812820692,0.));
#4008=CARTESIAN_POINT('',(-2.77941726436149,9.48707413119756,-2.7));
#4009=CARTESIAN_POINT('Origin',(-2.77941726436149,9.48707413119756,0.));
#4010=CARTESIAN_POINT('',(-3.27941726378564,9.48709812820692,-2.7));
#4011=CARTESIAN_POINT('Origin',(-2.77941726436149,9.48707413119756,0.));
#4012=CARTESIAN_POINT('',(-2.77956251192884,6.46070600200014,1.68420077255884));
#4013=CARTESIAN_POINT('',(-2.77954390028679,6.84849689670049,1.68423148273564));
#4014=CARTESIAN_POINT('',(-2.7795625106735,6.46070600418496,-1.68420077670223));
#4015=CARTESIAN_POINT('',(-2.77954390028679,6.84849689670049,-1.68423148273564));
#4016=CARTESIAN_POINT('',(-2.77941726143951,9.48713501347257,-3.76140565968543));
#4017=CARTESIAN_POINT('Ctrl Pts',(-2.77941726143951,9.48713501347257,-3.76140565968543));
#4018=CARTESIAN_POINT('Ctrl Pts',(-2.77942680048863,9.28838005663606,-3.75548455240595));
#4019=CARTESIAN_POINT('Ctrl Pts',(-2.77943631993007,9.09003364428066,-3.72967278456036));
#4020=CARTESIAN_POINT('Ctrl Pts',(-2.77946481521129,8.49630796847343,-3.59532686013032));
#4021=CARTESIAN_POINT('Ctrl Pts',(-2.77948303722894,8.11663412881378,-3.42956741456279));
#4022=CARTESIAN_POINT('Ctrl Pts',(-2.7795177704396,7.39293539405227,-2.95245715236562));
#4023=CARTESIAN_POINT('Ctrl Pts',(-2.7795336415738,7.06224685156986,-2.62974432840612));
#4024=CARTESIAN_POINT('Ctrl Pts',(-2.77955254244983,6.66842952777681,-2.07583139734183));
#4025=CARTESIAN_POINT('Ctrl Pts',(-2.77955793895149,6.55598826615433,-1.88410094655262));
#4026=CARTESIAN_POINT('Ctrl Pts',(-2.77956251193017,6.46070600401375,-1.68420077678387));
#4027=CARTESIAN_POINT('',(-2.77928387346897,12.2663973877343,-0.740323571861214));
#4028=CARTESIAN_POINT('Ctrl Pts',(-2.77928387346897,12.2663973877343,-0.74032357186122));
#4029=CARTESIAN_POINT('Ctrl Pts',(-2.77928616848737,12.2185785457473,-1.33915063057981));
#4030=CARTESIAN_POINT('Ctrl Pts',(-2.77929116898736,12.1143884796661,-1.78985117107881));
#4031=CARTESIAN_POINT('Ctrl Pts',(-2.77930361227416,11.8551210308271,-2.4374980973183));
#4032=CARTESIAN_POINT('Ctrl Pts',(-2.77931097377005,11.7017374200834,-2.70077505590649));
#4033=CARTESIAN_POINT('Ctrl Pts',(-2.7793297381407,11.3107643128087,-3.14529752495978));
#4034=CARTESIAN_POINT('Ctrl Pts',(-2.77934038800829,11.0888644206377,-3.32109776736101));
#4035=CARTESIAN_POINT('Ctrl Pts',(-2.77936550895542,10.5654461326345,-3.6025484215943));
#4036=CARTESIAN_POINT('Ctrl Pts',(-2.77937983272606,10.266997054946,-3.69547976313404));
#4037=CARTESIAN_POINT('Ctrl Pts',(-2.77940211980875,9.80262496716714,-3.75830476484769));
#4038=CARTESIAN_POINT('Ctrl Pts',(-2.77940969677753,9.64475177845028,-3.76610121943061));
#4039=CARTESIAN_POINT('Ctrl Pts',(-2.77941726143951,9.48713501347257,-3.76140565968543));
#4040=CARTESIAN_POINT('',(-2.77928387346897,12.2663973877343,0.740323571861214));
#4041=CARTESIAN_POINT('',(-2.77928387346897,12.2663973877343,0.));
#4042=CARTESIAN_POINT('Ctrl Pts',(-2.77956251193026,6.46070600199994,1.68420077255893));
#4043=CARTESIAN_POINT('Ctrl Pts',(-2.77955973340384,6.51859918327958,1.80565944222424));
#4044=CARTESIAN_POINT('Ctrl Pts',(-2.7795566484054,6.5828779938297,1.92420617387711));
#4045=CARTESIAN_POINT('Ctrl Pts',(-2.77954089743958,6.91106400991451,2.45981534623646));
#4046=CARTESIAN_POINT('Ctrl Pts',(-2.77952472483935,7.24803517110753,2.82754519720072));
#4047=CARTESIAN_POINT('Ctrl Pts',(-2.77948802279568,8.01275637221103,3.38035973163103));
#4048=CARTESIAN_POINT('Ctrl Pts',(-2.77946818866215,8.42601898356233,3.57462632923259));
#4049=CARTESIAN_POINT('Ctrl Pts',(-2.77942883883299,9.24590925684995,3.76881645084905));
#4050=CARTESIAN_POINT('Ctrl Pts',(-2.77940979901746,9.64262151441767,3.78914430933875));
#4051=CARTESIAN_POINT('Ctrl Pts',(-2.77937535545561,10.3602851471464,3.6732885284503));
#4052=CARTESIAN_POINT('Ctrl Pts',(-2.77936009637902,10.6782221938575,3.55976214736608));
#4053=CARTESIAN_POINT('Ctrl Pts',(-2.77933358257117,11.2306620299138,3.2187187405009));
#4054=CARTESIAN_POINT('Ctrl Pts',(-2.77932266969166,11.4580420198887,3.0061577071146));
#4055=CARTESIAN_POINT('Ctrl Pts',(-2.77930280247036,11.8719940459212,2.43488270756147));
#4056=CARTESIAN_POINT('Ctrl Pts',(-2.77929570310679,12.0199158860614,2.07561228481011));
#4057=CARTESIAN_POINT('Ctrl Pts',(-2.7792872623978,12.1957859049077,1.38528536560282));
#4058=CARTESIAN_POINT('Ctrl Pts',(-2.77928508801827,12.2410911239557,1.05722952098117));
#4059=CARTESIAN_POINT('Ctrl Pts',(-2.77928387346897,12.2663973877343,0.740323571861219));
#4060=CARTESIAN_POINT('Origin',(0.000277333713440686,9.48683618055185,0.));
#4061=CARTESIAN_POINT('',(-1.85969083452062,11.3468043487859,-3.01347587120125));
#4062=CARTESIAN_POINT('Origin',(0.000277333713440686,9.48683618055185,0.));
#4063=CARTESIAN_POINT('',(-1.85969083452062,11.3468043487859,3.01347587120125));
#4064=CARTESIAN_POINT('',(-1.85969083452062,11.3468043487859,1.815));
#4065=CARTESIAN_POINT('Origin',(0.000277333713440686,9.48683618055185,0.));
#4066=CARTESIAN_POINT('Ctrl Pts',(-2.77928387346897,12.2663973877343,0.740323571861214));
#4067=CARTESIAN_POINT('Ctrl Pts',(-3.24191202033638,12.4530696573348,0.722109529862517));
#4068=CARTESIAN_POINT('Ctrl Pts',(-3.70454016720379,12.6397419269354,0.70389548786382));
#4069=CARTESIAN_POINT('Ctrl Pts',(-4.16716831407121,12.8264141965359,0.685681445865122));
#4070=CARTESIAN_POINT('Ctrl Pts',(-2.65546598473597,12.1425794990012,1.67007756959562));
#4071=CARTESIAN_POINT('Ctrl Pts',(-3.1478845419935,12.3211256732675,1.6289887637632));
#4072=CARTESIAN_POINT('Ctrl Pts',(-3.6423254995219,12.4991201862041,1.58790055970956));
#4073=CARTESIAN_POINT('Ctrl Pts',(-4.13474405677943,12.6776663604703,1.54681175387714));
#4074=CARTESIAN_POINT('Ctrl Pts',(-1.92217447249344,11.4092879867587,3.39552068059643));
#4075=CARTESIAN_POINT('Ctrl Pts',(-2.59573742402393,11.5384224007348,3.31194845284693));
#4076=CARTESIAN_POINT('Ctrl Pts',(-3.26915366150779,11.6675968347145,3.22847483281305));
#4077=CARTESIAN_POINT('Ctrl Pts',(-3.94271661303828,11.7967312486906,3.14490260506355));
#4078=CARTESIAN_POINT('Ctrl Pts',(0.107578204726511,9.37953530953878,4.34957324260564));
#4079=CARTESIAN_POINT('Ctrl Pts',(-1.06498140728231,9.37255563910126,4.24257685975377));
#4080=CARTESIAN_POINT('Ctrl Pts',(-2.23862457289411,9.36528040174263,4.13553442114249));
#4081=CARTESIAN_POINT('Ctrl Pts',(-3.41118418490293,9.35830073130511,4.02853803829062));
#4082=CARTESIAN_POINT('Ctrl Pts',(1.75384008019251,7.73327343407278,3.39269300406256));
#4083=CARTESIAN_POINT('Ctrl Pts',(0.175620070839264,7.61563952896669,3.30919964553258));
#4084=CARTESIAN_POINT('Ctrl Pts',(-1.4018566904685,7.49820836374888,3.22577699344604));
#4085=CARTESIAN_POINT('Ctrl Pts',(-2.98007669982175,7.38057445864279,3.14228363491606));
#4086=CARTESIAN_POINT('Ctrl Pts',(2.36747630017685,7.11963721408845,2.23975761304881));
#4087=CARTESIAN_POINT('Ctrl Pts',(0.638869667577753,6.96098151634842,2.18469810723875));
#4088=CARTESIAN_POINT('Ctrl Pts',(-1.09077681938972,6.80204217176968,2.12950410932543));
#4089=CARTESIAN_POINT('Ctrl Pts',(-2.81938345198881,6.64338647402965,2.07444460351537));
#4090=CARTESIAN_POINT('Ctrl Pts',(2.51953975844706,6.96757375581824,1.81841515354735));
#4091=CARTESIAN_POINT('Ctrl Pts',(0.753172334907771,6.79861783787107,1.77367702654903));
#4092=CARTESIAN_POINT('Ctrl Pts',(-1.01319508863152,6.62966191992389,1.7289388995507));
#4093=CARTESIAN_POINT('Ctrl Pts',(-2.7795625121708,6.46070600197671,1.68420077255238));
#4094=CARTESIAN_POINT('',(-1.86676190233249,11.339733280974,3.02411336943531));
#4095=CARTESIAN_POINT('Ctrl Pts',(-1.85936932325389,11.3464828375192,3.01404714252839));
#4096=CARTESIAN_POINT('Ctrl Pts',(-1.86172394448297,11.3441446755918,3.01761212016251));
#4097=CARTESIAN_POINT('Ctrl Pts',(-1.86408849900936,11.3417966494762,3.02115804760083));
#4098=CARTESIAN_POINT('Ctrl Pts',(-1.8664622428489,11.3394381212773,3.02468588012148));
#4099=CARTESIAN_POINT('',(-1.20091199012105,10.6738833687626,3.63));
#4100=CARTESIAN_POINT('Ctrl Pts',(-1.86646224284931,11.3394381212773,3.02468588012151));
#4101=CARTESIAN_POINT('Ctrl Pts',(-1.83948453883716,11.3124605733651,3.05764781436518));
#4102=CARTESIAN_POINT('Ctrl Pts',(-1.81205337906854,11.2850294966196,3.08987310001724));
#4103=CARTESIAN_POINT('Ctrl Pts',(-1.78417658715863,11.2571526955914,3.12133531255719));
#4104=CARTESIAN_POINT('Ctrl Pts',(-1.71369883229511,11.1866749176751,3.20087768278471));
#4105=CARTESIAN_POINT('Ctrl Pts',(-1.64037384531946,11.1133493964355,3.27554604274102));
#4106=CARTESIAN_POINT('Ctrl Pts',(-1.5644995802258,11.0374742704408,3.34519141105963));
#4107=CARTESIAN_POINT('Ctrl Pts',(-1.4903745036029,10.9633483527638,3.41323119051154));
#4108=CARTESIAN_POINT('Ctrl Pts',(-1.41408236123969,10.8870554130669,3.47623262577101));
#4109=CARTESIAN_POINT('Ctrl Pts',(-1.33592851147364,10.8089006923184,3.53412165653163));
#4110=CARTESIAN_POINT('Ctrl Pts',(-1.29126432348707,10.7642360065735,3.56720469159635));
#4111=CARTESIAN_POINT('Ctrl Pts',(-1.24599162833069,10.7189627878584,3.59861727084369));
#4112=CARTESIAN_POINT('Ctrl Pts',(-1.20016431160004,10.6731349422093,3.62833935252796));
#4113=CARTESIAN_POINT('',(-1.1878093634598,10.6749228777251,3.63));
#4114=CARTESIAN_POINT('Ctrl Pts',(-1.20016431159974,10.6731349422093,3.62833935252795));
#4115=CARTESIAN_POINT('Ctrl Pts',(-1.19579789514656,10.6734851583048,3.62834124032109));
#4116=CARTESIAN_POINT('Ctrl Pts',(-1.19143153297031,10.6738330944868,3.62834313809094));
#4117=CARTESIAN_POINT('Ctrl Pts',(-1.18706523996022,10.6741787542255,3.62834504743416));
#4118=CARTESIAN_POINT('',(1.18836403088667,8.29874948337862,3.63));
#4119=CARTESIAN_POINT('Origin',(0.000277333713440686,9.48683618055185,0.));
#4120=CARTESIAN_POINT('',(1.17369066382308,8.29928071481848,3.63));
#4121=CARTESIAN_POINT('Ctrl Pts',(1.1880945354444,8.29901897882089,3.62878836768324));
#4122=CARTESIAN_POINT('Ctrl Pts',(1.18320529647957,8.29919577253136,3.628788132466));
#4123=CARTESIAN_POINT('Ctrl Pts',(1.17831401224922,8.29937330510719,3.62878790520522));
#4124=CARTESIAN_POINT('Ctrl Pts',(1.17342073249732,8.29955155721311,3.6287876712347));
#4125=CARTESIAN_POINT('',(1.85261976670876,7.6203516119328,3.00607134926947));
#4126=CARTESIAN_POINT('Ctrl Pts',(1.17342073249597,8.2995515572125,3.62878767123425));
#4127=CARTESIAN_POINT('Ctrl Pts',(1.24153090357233,8.2314408762966,3.58439297135803));
#4128=CARTESIAN_POINT('Ctrl Pts',(1.30849973294089,8.16447193341934,3.53620768018236));
#4129=CARTESIAN_POINT('Ctrl Pts',(1.37414486213093,8.09882646097105,3.48429060738575));
#4130=CARTESIAN_POINT('Ctrl Pts',(1.4522456502164,8.02072526449671,3.42252266891818));
#4131=CARTESIAN_POINT('Ctrl Pts',(1.528114210607,7.94485659993884,3.35575778032548));
#4132=CARTESIAN_POINT('Ctrl Pts',(1.60148403637808,7.87148657764574,3.28419428296934));
#4133=CARTESIAN_POINT('Ctrl Pts',(1.67458408936512,7.79838632885928,3.21289391672621));
#4134=CARTESIAN_POINT('Ctrl Pts',(1.74520427838062,7.72776585207506,3.1368297964288));
#4135=CARTESIAN_POINT('Ctrl Pts',(1.81306519806165,7.65990463323161,3.05615203132309));
#4136=CARTESIAN_POINT('Ctrl Pts',(1.82663867805991,7.64633109339515,3.04001493745354));
#4137=CARTESIAN_POINT('Ctrl Pts',(1.84010170067505,7.63286801200793,3.02369312474353));
#4138=CARTESIAN_POINT('Ctrl Pts',(1.85345192473287,7.619517733172,3.00718759189343));
#4139=CARTESIAN_POINT('',(1.85969083452063,7.62742267974467,3.01416039155715));
#4140=CARTESIAN_POINT('Ctrl Pts',(1.8534519247334,7.61951773317213,3.00718759189355));
#4141=CARTESIAN_POINT('Ctrl Pts',(1.85580614669812,7.62187464031824,3.00988187786862));
#4142=CARTESIAN_POINT('Ctrl Pts',(1.85816203021141,7.62423338685732,3.01257252814185));
#4143=CARTESIAN_POINT('Ctrl Pts',(1.86051958814077,7.62659392612453,3.01525950939881));
#4144=CARTESIAN_POINT('',(2.33239946368327,7.15471405058202,2.26327478265675));
#4145=CARTESIAN_POINT('Origin',(0.000277333713440686,9.48683618055185,0.));
#4146=CARTESIAN_POINT('Ctrl Pts',(2.33239946368327,7.15471405058202,2.26327478265675));
#4147=CARTESIAN_POINT('Ctrl Pts',(2.10826132735666,7.25849962687525,2.49425852045349));
#4148=CARTESIAN_POINT('Ctrl Pts',(1.85132735584485,7.37199940976429,2.69021301930078));
#4149=CARTESIAN_POINT('Ctrl Pts',(1.25702166392108,7.59757941365995,3.01852973033688));
#4150=CARTESIAN_POINT('Ctrl Pts',(0.920974611153736,7.7046275473875,3.13603469819215));
#4151=CARTESIAN_POINT('Ctrl Pts',(0.343262337119702,7.80678443808742,3.24072992712608));
#4152=CARTESIAN_POINT('Ctrl Pts',(0.0425543267474767,7.83885673074905,3.26832362133163));
#4153=CARTESIAN_POINT('Ctrl Pts',(-0.572538824756189,7.7671336915636,3.21051090928788));
#4154=CARTESIAN_POINT('Ctrl Pts',(-0.861016416174699,7.6921595966748,3.15181997925443));
#4155=CARTESIAN_POINT('Ctrl Pts',(-1.55422153465129,7.38467492461528,2.88322433184295));
#4156=CARTESIAN_POINT('Ctrl Pts',(-1.9068804651094,7.15173188810681,2.66443099427938));
#4157=CARTESIAN_POINT('Ctrl Pts',(-2.42770274460603,6.76033192699595,2.18077157614932));
#4158=CARTESIAN_POINT('Ctrl Pts',(-2.62015317433183,6.59942814257867,1.94728592609351));
#4159=CARTESIAN_POINT('Ctrl Pts',(-2.77956251192741,6.46070600200014,1.68420077255884));
#4160=CARTESIAN_POINT('Ctrl Pts',(2.51953975707183,6.96757375719347,-1.81841515735788));
#4161=CARTESIAN_POINT('Ctrl Pts',(0.753172334094471,6.79861783935998,-1.77367703027147));
#4162=CARTESIAN_POINT('Ctrl Pts',(-1.01319508888289,6.62966192152648,-1.72893890318506));
#4163=CARTESIAN_POINT('Ctrl Pts',(-2.77956251186025,6.46070600369299,-1.68420077609865));
#4164=CARTESIAN_POINT('Ctrl Pts',(2.36747629854846,7.11963721571684,-2.23975761644788));
#4165=CARTESIAN_POINT('Ctrl Pts',(0.638869666567853,6.96098151810593,-2.18469811056112));
#4166=CARTESIAN_POINT('Ctrl Pts',(-1.09077681977816,6.8020421736571,-2.12950411257124));
#4167=CARTESIAN_POINT('Ctrl Pts',(-2.81938345175876,6.64338647604619,-2.07444460668449));
#4168=CARTESIAN_POINT('Ctrl Pts',(1.75384007802379,7.73327343624151,-3.3926930060808));
#4169=CARTESIAN_POINT('Ctrl Pts',(0.175620069404551,7.61563953129603,-3.30919964751175));
#4170=CARTESIAN_POINT('Ctrl Pts',(-1.40185669117128,7.49820836623828,-3.22577699538608));
#4171=CARTESIAN_POINT('Ctrl Pts',(-2.98007669979052,7.38057446129281,-3.14228363681704));
#4172=CARTESIAN_POINT('Ctrl Pts',(0.107578202837113,9.37953531142817,-4.34957324238051));
#4173=CARTESIAN_POINT('Ctrl Pts',(-1.06498140855918,9.37255564111814,-4.24257685954771));
#4174=CARTESIAN_POINT('Ctrl Pts',(-2.23862457355606,9.36528040388765,-4.13553442095555));
#4175=CARTESIAN_POINT('Ctrl Pts',(-3.41118418495235,9.35830073357762,-4.02853803812275));
#4176=CARTESIAN_POINT('Ctrl Pts',(-1.92217447308778,11.4092879873531,-3.39552067952065));
#4177=CARTESIAN_POINT('Ctrl Pts',(-2.59573742438648,11.5384224013528,-3.31194845180825));
#4178=CARTESIAN_POINT('Ctrl Pts',(-3.26915366163948,11.6675968353558,-3.2284748318113));
#4179=CARTESIAN_POINT('Ctrl Pts',(-3.94271661293818,11.7967312493556,-3.1449026040989));
#4180=CARTESIAN_POINT('Ctrl Pts',(-2.65546598478929,12.1425794990546,-1.67007756919522));
#4181=CARTESIAN_POINT('Ctrl Pts',(-3.14788454197265,12.3211256733014,-1.62898876337784));
#4182=CARTESIAN_POINT('Ctrl Pts',(-3.64232549942281,12.4991201862198,-1.58790055933927));
#4183=CARTESIAN_POINT('Ctrl Pts',(-4.13474405660617,12.6776663604667,-1.54681175352189));
#4184=CARTESIAN_POINT('Ctrl Pts',(-2.77928387346897,12.2663973877343,-0.740323571861213));
#4185=CARTESIAN_POINT('Ctrl Pts',(-3.24191202027783,12.4530696573112,-0.722109529864821));
#4186=CARTESIAN_POINT('Ctrl Pts',(-3.70454016708669,12.6397419268881,-0.703895487868429));
#4187=CARTESIAN_POINT('Ctrl Pts',(-4.16716831389555,12.8264141964651,-0.685681445872037));
#4188=CARTESIAN_POINT('',(2.33239946368327,7.15471405058202,-2.26327478265675));
#4189=CARTESIAN_POINT('Ctrl Pts',(-2.77956250941683,6.4607060041849,-1.68420077670223));
#4190=CARTESIAN_POINT('Ctrl Pts',(-2.68103643995024,6.54644594550925,-1.84680571827325));
#4191=CARTESIAN_POINT('Ctrl Pts',(-2.56998772957879,6.64047390105964,-1.99789680247266));
#4192=CARTESIAN_POINT('Ctrl Pts',(-2.13872589878323,6.98761827100163,-2.49217166617449));
#4193=CARTESIAN_POINT('Ctrl Pts',(-1.76464170443547,7.25935508536217,-2.765238169971));
#4194=CARTESIAN_POINT('Ctrl Pts',(-1.11552217267027,7.5889652341989,-3.06445700565444));
#4195=CARTESIAN_POINT('Ctrl Pts',(-0.847751903278633,7.69455121087351,-3.15104511696706));
#4196=CARTESIAN_POINT('Ctrl Pts',(-0.299143270021161,7.81202207156281,-3.24702994095753));
#4197=CARTESIAN_POINT('Ctrl Pts',(-0.0356357560316394,7.82849683262292,
-3.26096787162217));
#4198=CARTESIAN_POINT('Ctrl Pts',(0.577874169965791,7.78355469137796,-3.21682027875769));
#4199=CARTESIAN_POINT('Ctrl Pts',(0.910525223286694,7.7016862585642,-3.13742929386974));
#4200=CARTESIAN_POINT('Ctrl Pts',(1.61537213720161,7.47466245237989,-2.85249791274604));
#4201=CARTESIAN_POINT('Ctrl Pts',(2.00069948204891,7.30830537740652,-2.60510550740842));
#4202=CARTESIAN_POINT('Ctrl Pts',(2.33239946368328,7.15471405058202,-2.26327478265675));
#4203=CARTESIAN_POINT('',(1.85969083452063,7.62742267974467,-3.01416039155715));
#4204=CARTESIAN_POINT('Origin',(0.000277333713440686,9.48683618055185,0.));
#4205=CARTESIAN_POINT('',(1.85261976670877,7.6203516119328,-3.00607134926947));
#4206=CARTESIAN_POINT('Ctrl Pts',(1.86051958814018,7.62659392612511,-3.01525950940337));
#4207=CARTESIAN_POINT('Ctrl Pts',(1.85816203021077,7.62423338685796,-3.01257252814632));
#4208=CARTESIAN_POINT('Ctrl Pts',(1.85580614669744,7.62187464031892,-3.009881877873));
#4209=CARTESIAN_POINT('Ctrl Pts',(1.85345192473267,7.61951773317286,-3.00718759189784));
#4210=CARTESIAN_POINT('',(1.17369066382308,8.29928071481848,-3.63));
#4211=CARTESIAN_POINT('Ctrl Pts',(1.85345192473268,7.61951773317286,-3.00718759189784));
#4212=CARTESIAN_POINT('Ctrl Pts',(1.78650370955987,7.68646592121193,-3.0899585750708));
#4213=CARTESIAN_POINT('Ctrl Pts',(1.71668949366773,7.75628029461661,-3.16815141317361));
#4214=CARTESIAN_POINT('Ctrl Pts',(1.64428858901195,7.82868143831535,-3.24160970960219));
#4215=CARTESIAN_POINT('Ctrl Pts',(1.61777890958406,7.85519120526911,-3.26850655431564));
#4216=CARTESIAN_POINT('Ctrl Pts',(1.59092225246008,7.88204796543129,-3.29476822591997));
#4217=CARTESIAN_POINT('Ctrl Pts',(1.56373175467345,7.90923859254579,-3.32038551060793));
#4218=CARTESIAN_POINT('Ctrl Pts',(1.48981628103157,7.9831544177565,-3.39002431406012));
#4219=CARTESIAN_POINT('Ctrl Pts',(1.41370557100716,8.05926575445716,-3.45464986173836));
#4220=CARTESIAN_POINT('Ctrl Pts',(1.33569829069318,8.13727344228854,-3.51415549009195));
#4221=CARTESIAN_POINT('Ctrl Pts',(1.2824599553837,8.19051205572011,-3.55476683537073));
#4222=CARTESIAN_POINT('Ctrl Pts',(1.22833765535748,8.24463454361732,-3.59299264225064));
#4223=CARTESIAN_POINT('Ctrl Pts',(1.1734207325003,8.29955155721,-3.62878767123764));
#4224=CARTESIAN_POINT('',(1.18836403088667,8.29874948337862,-3.63));
#4225=CARTESIAN_POINT('Ctrl Pts',(1.17369066382308,8.29928071481848,-3.63));
#4226=CARTESIAN_POINT('Ctrl Pts',(1.17858227548593,8.29910295958054,-3.63));
#4227=CARTESIAN_POINT('Ctrl Pts',(1.18347340380249,8.29892588320494,-3.63));
#4228=CARTESIAN_POINT('Ctrl Pts',(1.18836403088667,8.29874948337862,-3.63));
#4229=CARTESIAN_POINT('',(-1.18780936345979,10.6749228777251,-3.63));
#4230=CARTESIAN_POINT('Origin',(0.000277333713440686,9.48683618055185,0.));
#4231=CARTESIAN_POINT('',(-1.20091199012105,10.6738833687626,-3.63));
#4232=CARTESIAN_POINT('Ctrl Pts',(-1.1870652399591,10.6741787542244,-3.62834504743481));
#4233=CARTESIAN_POINT('Ctrl Pts',(-1.19143068092681,10.673833161938,-3.6283431384642));
#4234=CARTESIAN_POINT('Ctrl Pts',(-1.19579702784389,10.6734852093013,-3.6283412518363));
#4235=CARTESIAN_POINT('Ctrl Pts',(-1.20016431159865,10.6731349422082,-3.62833935252865));
#4236=CARTESIAN_POINT('',(-1.86676190233248,11.339733280974,-3.02411336943531));
#4237=CARTESIAN_POINT('Ctrl Pts',(-1.20016431159805,10.6731349422084,-3.62833935252857));
#4238=CARTESIAN_POINT('Ctrl Pts',(-1.25826815437796,10.7312390498537,-3.59065536559706));
#4239=CARTESIAN_POINT('Ctrl Pts',(-1.3155385223244,10.7885102754898,-3.5502163497408));
#4240=CARTESIAN_POINT('Ctrl Pts',(-1.37185928401763,10.8448316866756,-3.50704609299203));
#4241=CARTESIAN_POINT('Ctrl Pts',(-1.45096973922301,10.923943054185,-3.44640737717832));
#4242=CARTESIAN_POINT('Ctrl Pts',(-1.52784406268844,11.0008178911352,-3.38065993504529));
#4243=CARTESIAN_POINT('Ctrl Pts',(-1.60219808711135,11.075172427773,-3.30997484449928));
#4244=CARTESIAN_POINT('Ctrl Pts',(-1.6646974821415,11.1376722533532,-3.25055942709497));
#4245=CARTESIAN_POINT('Ctrl Pts',(-1.72541619790806,11.1983914136299,-3.18765433096139));
#4246=CARTESIAN_POINT('Ctrl Pts',(-1.78417728407368,11.257152812527,-3.12133523658074));
#4247=CARTESIAN_POINT('Ctrl Pts',(-1.81204892010291,11.2850245968914,-3.08987867610881));
#4248=CARTESIAN_POINT('Ctrl Pts',(-1.83947999577602,11.3124557827989,-3.05765370141194));
#4249=CARTESIAN_POINT('Ctrl Pts',(-1.86646224285479,11.3394381212797,-3.02468588012012));
#4250=CARTESIAN_POINT('Ctrl Pts',(-1.8664622428509,11.3394381212793,-3.02468588012015));
#4251=CARTESIAN_POINT('Ctrl Pts',(-1.86408849901141,11.3417966494783,-3.02115804759953));
#4252=CARTESIAN_POINT('Ctrl Pts',(-1.86172394448506,11.3441446755939,-3.01761212016126));
#4253=CARTESIAN_POINT('Ctrl Pts',(-1.85936932325601,11.3464828375213,-3.01404714252717));
#4254=CARTESIAN_POINT('Origin',(0.,3.6,0.));
#4255=CARTESIAN_POINT('',(-3.25,3.65053614703512,3.9801020972289E-16));
#4256=CARTESIAN_POINT('',(-3.9801020972289E-16,3.65053614703512,-3.25));
#4257=CARTESIAN_POINT('Origin',(0.,3.65053614703512,0.));
#4258=CARTESIAN_POINT('',(-3.25,3.6,3.9801020972289E-16));
#4259=CARTESIAN_POINT('',(1.85969083452063,7.62742267974467,2.66534237950774));
#4260=CARTESIAN_POINT('Origin',(0.,9.48711351426529,0.));
#4261=CARTESIAN_POINT('',(2.56679761570718,8.33452946093121,1.99350194381645));
#4262=CARTESIAN_POINT('Origin',(0.,5.76773184522403,0.));
#4263=CARTESIAN_POINT('',(2.56679761570718,8.33452946093121,-1.99350194381645));
#4264=CARTESIAN_POINT('Origin',(0.,10.9013270766384,0.));
#4265=CARTESIAN_POINT('',(1.85969083452063,7.62742267974467,-2.66534237950774));
#4266=CARTESIAN_POINT('Origin',(0.,5.76773184522403,0.));
#4267=CARTESIAN_POINT('Origin',(0.,9.48711351426529,0.));
#4268=CARTESIAN_POINT('Origin',(0.,3.65053614703512,0.));
#4269=CARTESIAN_POINT('Ctrl Pts',(-1.14670889120514,9.48695948807068,-3.90154874490113));
#4270=CARTESIAN_POINT('Ctrl Pts',(-2.3177528973506,9.48708538193731,-3.80103249660075));
#4271=CARTESIAN_POINT('Ctrl Pts',(-3.48879690349605,9.48721127580395,-3.70051624830038));
#4272=CARTESIAN_POINT('Ctrl Pts',(-4.65984090964151,9.48733716967059,-3.6));
#4273=CARTESIAN_POINT('Ctrl Pts',(-1.46568961837065,9.93850103679988,-3.90154874490113));
#4274=CARTESIAN_POINT('Ctrl Pts',(-2.52958292915268,9.96785501964751,-3.80093211559536));
#4275=CARTESIAN_POINT('Ctrl Pts',(-3.59592175126121,9.99654192681809,-3.70061662930578));
#4276=CARTESIAN_POINT('Ctrl Pts',(-4.65981506204324,10.0258959096657,-3.6));
#4277=CARTESIAN_POINT('Ctrl Pts',(-2.10134228167757,10.8383158644666,-3.63241110498316));
#4278=CARTESIAN_POINT('Ctrl Pts',(-2.95472373081472,10.9250923344278,-3.53888442774795));
#4279=CARTESIAN_POINT('Ctrl Pts',(-3.80638210479516,11.0123388171483,-3.44519055046736));
#4280=CARTESIAN_POINT('Ctrl Pts',(-4.65976355393231,11.0991152871095,-3.35166387323215));
#4281=CARTESIAN_POINT('Ctrl Pts',(-3.13203644295621,12.2973420632765,-2.14833042580243));
#4282=CARTESIAN_POINT('Ctrl Pts',(-3.64044389660437,12.4782190017608,-2.09288817836361));
#4283=CARTESIAN_POINT('Ctrl Pts',(-4.15127258123001,12.6584354876534,-2.03772929255038));
#4284=CARTESIAN_POINT('Ctrl Pts',(-4.65968003487817,12.8393124261377,-1.98228704511155));
#4285=CARTESIAN_POINT('Ctrl Pts',(-3.52805391645294,12.8579350022153,0.990852051064431));
#4286=CARTESIAN_POINT('Ctrl Pts',(-3.90574500261217,13.0744681686622,0.965292075889281));
#4287=CARTESIAN_POINT('Ctrl Pts',(-4.28195685869063,13.2914048328959,0.939829568370338));
#4288=CARTESIAN_POINT('Ctrl Pts',(-4.65964794484986,13.5079379993429,0.914269593195187));
#4289=CARTESIAN_POINT('Ctrl Pts',(-2.20509781506982,10.9851897356672,4.02443336337543));
#4290=CARTESIAN_POINT('Ctrl Pts',(-3.02308763157292,11.0816201773949,3.92073563785942));
#4291=CARTESIAN_POINT('Ctrl Pts',(-3.84176532992644,11.1778629817782,3.81708465348547));
#4292=CARTESIAN_POINT('Ctrl Pts',(-4.65975514642954,11.274293423506,3.71338692796947));
#4293=CARTESIAN_POINT('Ctrl Pts',(-0.0879548634582621,7.9882124080816,4.02368626105537));
#4294=CARTESIAN_POINT('Ctrl Pts',(-1.61198478336139,7.89205237807857,3.9200164154884));
#4295=CARTESIAN_POINT('Ctrl Pts',(-3.13589678253541,7.79592451396631,3.81636741437985));
#4296=CARTESIAN_POINT('Ctrl Pts',(-4.65992670243853,7.69976448396328,3.71269756881287));
#4297=CARTESIAN_POINT('Ctrl Pts',(1.23294119221145,6.11838329336547,0.994307941948965));
#4298=CARTESIAN_POINT('Ctrl Pts',(-0.731566242516761,5.9020717706095,0.968722165901309));
#4299=CARTESIAN_POINT('Ctrl Pts',(-2.69552630236069,5.68590955833414,0.943044156054895));
#4300=CARTESIAN_POINT('Ctrl Pts',(-4.6600337370889,5.46959803557817,0.91745838000724));
#4301=CARTESIAN_POINT('Ctrl Pts',(0.761136978671086,6.78625814327274,-2.78444877214748));
#4302=CARTESIAN_POINT('Ctrl Pts',(-1.04592684512136,6.61289338679122,-2.71275795035126));
#4303=CARTESIAN_POINT('Ctrl Pts',(-2.85293168212843,6.43954472046204,-2.6409309454346));
#4304=CARTESIAN_POINT('Ctrl Pts',(-4.65999550592088,6.26617996398052,-2.56924012363838));
#4305=CARTESIAN_POINT('Ctrl Pts',(-0.508747436874112,8.58387639061227,-3.90154874490113));
#4306=CARTESIAN_POINT('Ctrl Pts',(-1.89208449437566,8.52609393237689,-3.80080162432855));
#4307=CARTESIAN_POINT('Ctrl Pts',(-3.27655554733651,8.46800214791571,-3.70074712057258));
#4308=CARTESIAN_POINT('Ctrl Pts',(-4.65989260483806,8.41021968968033,-3.6));
#4309=CARTESIAN_POINT('Ctrl Pts',(-1.14670889120514,9.48695948807068,-3.90154874490113));
#4310=CARTESIAN_POINT('Ctrl Pts',(-2.3177528973506,9.48708538193731,-3.80103249660075));
#4311=CARTESIAN_POINT('Ctrl Pts',(-3.48879690349605,9.48721127580395,-3.70051624830038));
#4312=CARTESIAN_POINT('Ctrl Pts',(-4.65984090964151,9.48733716967059,-3.6));
#4313=CARTESIAN_POINT('',(-4.65984090964151,9.48733716967059,-3.6));
#4314=CARTESIAN_POINT('',(0.000277333713440513,9.48683618055185,-4.));
#4315=CARTESIAN_POINT('Ctrl Pts',(-4.65984090964151,9.48733716967059,-3.6));
#4316=CARTESIAN_POINT('Ctrl Pts',(-4.65981506204324,10.0258959096657,-3.6));
#4317=CARTESIAN_POINT('Ctrl Pts',(-4.65976355393231,11.0991152871095,-3.35166387323215));
#4318=CARTESIAN_POINT('Ctrl Pts',(-4.65968003487817,12.8393124261377,-1.98228704511155));
#4319=CARTESIAN_POINT('Ctrl Pts',(-4.65964794484986,13.5079379993429,0.914269593195187));
#4320=CARTESIAN_POINT('Ctrl Pts',(-4.65975514642954,11.274293423506,3.71338692796947));
#4321=CARTESIAN_POINT('Ctrl Pts',(-4.65992670243853,7.69976448396328,3.71269756881287));
#4322=CARTESIAN_POINT('Ctrl Pts',(-4.6600337370889,5.46959803557817,0.91745838000724));
#4323=CARTESIAN_POINT('Ctrl Pts',(-4.65999550592088,6.26617996398052,-2.56924012363838));
#4324=CARTESIAN_POINT('Ctrl Pts',(-4.65989260483806,8.41021968968033,-3.6));
#4325=CARTESIAN_POINT('Ctrl Pts',(-4.65984090964151,9.48733716967059,-3.6));
#4326=CARTESIAN_POINT('Origin',(0.000277333713440686,9.48683618055185,0.));
#4327=CARTESIAN_POINT('',(1.85969083452063,7.62742267974467,-1.815));
#4328=CARTESIAN_POINT('Origin',(2.56679761570718,8.33452946093121,-3.63));
#4329=CARTESIAN_POINT('',(2.56679761570718,8.33452946093121,-3.63));
#4330=CARTESIAN_POINT('',(2.56679761570718,8.33452946093121,-1.815));
#4331=CARTESIAN_POINT('',(1.85261976670877,7.6203516119328,-3.63));
#4332=CARTESIAN_POINT('',(2.56679761570718,8.33452946093121,-3.63));
#4333=CARTESIAN_POINT('',(1.85261976670876,7.6203516119328,3.63));
#4334=CARTESIAN_POINT('Origin',(4.5,2.1074645699763,0.));
#4335=CARTESIAN_POINT('',(4.5,6.4013270766384,-1.5));
#4336=CARTESIAN_POINT('',(4.5,1.,-1.5));
#4337=CARTESIAN_POINT('',(4.5,5.07723813919183,-1.5));
#4338=CARTESIAN_POINT('',(4.5,6.4013270766384,1.5));
#4339=CARTESIAN_POINT('',(4.5,6.4013270766384,0.));
#4340=CARTESIAN_POINT('',(4.5,1.,1.5));
#4341=CARTESIAN_POINT('',(4.5,5.07723813919183,1.5));
#4342=CARTESIAN_POINT('',(4.5,1.,-0.75));
#4343=CARTESIAN_POINT('Origin',(4.5,6.4013270766384,0.));
#4344=CARTESIAN_POINT('',(2.56679761570718,8.33452946093121,3.63));
#4345=CARTESIAN_POINT('',(2.56679761570718,8.33452946093121,-1.815));
#4346=CARTESIAN_POINT('',(2.56470584480808,8.33662123183031,3.63));
#4347=CARTESIAN_POINT('',(3.53339880785359,7.36792826878481,3.63));
#4348=CARTESIAN_POINT('',(2.56470584480808,8.33662123183031,4.30471058471842));
#4349=CARTESIAN_POINT('',(2.56470584480808,8.33662123183031,2.25));
#4350=CARTESIAN_POINT('Origin',(1.5,9.40132707663839,1.5));
#4351=CARTESIAN_POINT('',(2.56470584480808,8.33662123183031,-4.30471058471842));
#4352=CARTESIAN_POINT('Origin',(1.5,9.40132707663839,-1.5));
#4353=CARTESIAN_POINT('',(2.56470584480808,8.33662123183031,-3.63));
#4354=CARTESIAN_POINT('',(2.56470584480808,8.33662123183031,-1.815));
#4355=CARTESIAN_POINT('',(1.67370797333297,9.22761910330542,-3.63));
#4356=CARTESIAN_POINT('Origin',(-4.49999999999999,4.6594645699763,0.));
#4357=CARTESIAN_POINT('',(-4.49999999999999,4.6594645699763,1.5));
#4358=CARTESIAN_POINT('',(-4.49999999999999,1.,1.5));
#4359=CARTESIAN_POINT('',(-4.49999999999999,6.35323813919183,1.5));
#4360=CARTESIAN_POINT('',(-4.49999999999999,4.6594645699763,-1.5));
#4361=CARTESIAN_POINT('',(-4.49999999999999,4.6594645699763,0.));
#4362=CARTESIAN_POINT('',(-4.49999999999999,1.,-1.5));
#4363=CARTESIAN_POINT('',(-4.49999999999999,2.1074645699763,-1.5));
#4364=CARTESIAN_POINT('',(-4.49999999999999,1.,0.75));
#4365=CARTESIAN_POINT('Origin',(-1.15091860158179,12.0522456782202,-4.5));
#4366=CARTESIAN_POINT('',(-1.15091860158179,12.0522456782202,-3.63));
#4367=CARTESIAN_POINT('',(-1.15091860158179,12.0522456782202,-4.5));
#4368=CARTESIAN_POINT('',(-1.15091860158179,12.0522456782202,-2.25));
#4369=CARTESIAN_POINT('',(-0.443811820395244,12.7593524594067,-3.63));
#4370=CARTESIAN_POINT('',(-1.15091860158179,12.0522456782202,-3.63));
#4371=CARTESIAN_POINT('',(-0.443811820395244,12.7593524594067,-4.5));
#4372=CARTESIAN_POINT('',(-0.443811820395244,12.7593524594067,4.5));
#4373=CARTESIAN_POINT('',(-1.15091860158179,12.0522456782202,-4.5));
#4374=CARTESIAN_POINT('Origin',(2.56470584480808,8.33662123183031,-3.63));
#4375=CARTESIAN_POINT('',(3.27181262599463,9.04372801301686,-3.92088413980637));
#4376=CARTESIAN_POINT('Origin',(1.5,7.27191538702223,-1.5));
#4377=CARTESIAN_POINT('',(3.27181262599463,9.04372801301686,-3.63));
#4378=CARTESIAN_POINT('',(3.27181262599463,9.04372801301686,-4.5));
#4379=CARTESIAN_POINT('',(2.56470584480808,8.33662123183031,-3.63));
#4380=CARTESIAN_POINT('Origin',(1.41400040279969,10.9015402362118,-4.065));
#4381=CARTESIAN_POINT('',(1.5,10.8155406390115,-4.5));
#4382=CARTESIAN_POINT('Origin',(1.5,10.8155406390115,-1.5));
#4383=CARTESIAN_POINT('',(-0.443811820395244,12.7593524594067,-4.5));
#4384=CARTESIAN_POINT('',(-0.445477272147524,12.761017911159,-3.63));
#4385=CARTESIAN_POINT('Origin',(4.5,6.4013270766384,0.));
#4386=CARTESIAN_POINT('',(-3.08523177020003,13.9865588468384,-4.5));
#4387=CARTESIAN_POINT('',(4.5,6.4013270766384,-4.5));
#4388=CARTESIAN_POINT('',(-3.08523177020003,13.9865588468384,4.5));
#4389=CARTESIAN_POINT('',(-3.08523177020003,13.9865588468384,0.));
#4390=CARTESIAN_POINT('',(-1.15091860158179,12.0522456782202,4.5));
#4391=CARTESIAN_POINT('',(4.5,6.4013270766384,4.5));
#4392=CARTESIAN_POINT('',(-1.15091860158179,12.0522456782202,3.63));
#4393=CARTESIAN_POINT('',(-1.15091860158179,12.0522456782202,1.815));
#4394=CARTESIAN_POINT('',(-1.15258405333407,12.0539111299725,3.63));
#4395=CARTESIAN_POINT('',(3.53339880785359,7.36792826878481,3.63));
#4396=CARTESIAN_POINT('',(-1.15258405333407,12.0539111299724,-3.63));
#4397=CARTESIAN_POINT('',(-1.15258405333407,12.0539111299725,1.815));
#4398=CARTESIAN_POINT('',(1.67370797333297,9.22761910330542,-3.63));
#4399=CARTESIAN_POINT('Origin',(-1.15091860158179,12.0522456782202,3.63));
#4400=CARTESIAN_POINT('',(-0.443811820395246,12.7593524594067,4.5));
#4401=CARTESIAN_POINT('',(-1.15091860158179,12.0522456782202,4.5));
#4402=CARTESIAN_POINT('',(-0.443811820395246,12.7593524594067,3.63));
#4403=CARTESIAN_POINT('',(-0.443811820395245,12.7593524594067,4.5));
#4404=CARTESIAN_POINT('',(-1.15091860158179,12.0522456782202,3.63));
#4405=CARTESIAN_POINT('Origin',(2.56470584480808,8.33662123183031,4.5));
#4406=CARTESIAN_POINT('',(3.27181262599463,9.04372801301686,3.92088413980637));
#4407=CARTESIAN_POINT('Origin',(1.5,7.27191538702223,1.5));
#4408=CARTESIAN_POINT('',(3.27181262599463,9.04372801301686,3.63));
#4409=CARTESIAN_POINT('',(2.56470584480808,8.33662123183031,3.63));
#4410=CARTESIAN_POINT('',(3.27181262599463,9.04372801301686,-4.5));
#4411=CARTESIAN_POINT('Origin',(1.41400040279969,10.9015402362118,4.065));
#4412=CARTESIAN_POINT('',(1.5,10.8155406390115,4.5));
#4413=CARTESIAN_POINT('Origin',(1.5,10.8155406390115,1.5));
#4414=CARTESIAN_POINT('',(3.27390439689372,9.04163624211776,3.63));
#4415=CARTESIAN_POINT('',(3.27181262599463,9.04372801301686,4.5));
#4416=CARTESIAN_POINT('Origin',(-0.999999999999998,2.1074645699763,-0.999999999999999));
#4417=CARTESIAN_POINT('Origin',(-0.999999999999998,1.,-0.999999999999999));
#4418=CARTESIAN_POINT('Origin',(1.,2.1074645699763,-0.999999999999999));
#4419=CARTESIAN_POINT('Origin',(1.,1.,-0.999999999999999));
#4420=CARTESIAN_POINT('Origin',(1.5,2.1074645699763,-1.5));
#4421=CARTESIAN_POINT('',(1.5,1.,-4.5));
#4422=CARTESIAN_POINT('Origin',(1.5,1.,-1.5));
#4423=CARTESIAN_POINT('',(1.5,2.1074645699763,-4.5));
#4424=CARTESIAN_POINT('Origin',(-1.49999999999999,2.1074645699763,-1.5));
#4425=CARTESIAN_POINT('',(-1.49999999999999,1.,-4.5));
#4426=CARTESIAN_POINT('Origin',(-1.49999999999999,1.,-1.5));
#4427=CARTESIAN_POINT('',(-1.49999999999999,4.65932058792002,-4.5));
#4428=CARTESIAN_POINT('Origin',(-1.49999999999999,4.65932058792002,-1.5));
#4429=CARTESIAN_POINT('',(-1.49999999999999,6.35323813919183,-4.5));
#4430=CARTESIAN_POINT('Origin',(1.,2.1074645699763,1.));
#4431=CARTESIAN_POINT('Origin',(1.,1.,1.));
#4432=CARTESIAN_POINT('Origin',(-0.999999999999998,2.1074645699763,1.));
#4433=CARTESIAN_POINT('Origin',(-0.999999999999998,1.,1.));
#4434=CARTESIAN_POINT('Origin',(-1.49999999999999,2.1074645699763,1.5));
#4435=CARTESIAN_POINT('',(-1.49999999999999,1.,4.5));
#4436=CARTESIAN_POINT('Origin',(-1.49999999999999,1.,1.5));
#4437=CARTESIAN_POINT('',(-1.49999999999999,4.65932058792002,4.5));
#4438=CARTESIAN_POINT('',(-1.49999999999999,2.1074645699763,4.5));
#4439=CARTESIAN_POINT('Origin',(-1.49999999999999,4.65932058792002,1.5));
#4440=CARTESIAN_POINT('Origin',(1.5,2.1074645699763,1.5));
#4441=CARTESIAN_POINT('',(1.5,1.,4.5));
#4442=CARTESIAN_POINT('Origin',(1.5,1.,1.5));
#4443=CARTESIAN_POINT('',(1.5,5.07723813919183,4.5));
#4444=CARTESIAN_POINT('Origin',(3.33066907387547E-15,1.,0.));
#4445=CARTESIAN_POINT('',(-0.749999999999995,1.,-4.5));
#4446=CARTESIAN_POINT('',(0.750000000000002,1.,4.5));
#4447=CARTESIAN_POINT('Origin',(-5.87941337108763,9.568268502211,0.));
#4448=CARTESIAN_POINT('',(-6.77941337005109,9.56831169682784,-4.418290349716));
#4449=CARTESIAN_POINT('Origin',(-6.7794133700511,9.56831169682784,0.));
#4450=CARTESIAN_POINT('',(-5.87941337108763,9.568268502211,-4.418290349716));
#4451=CARTESIAN_POINT('',(-5.87941337108763,9.568268502211,-4.418290349716));
#4452=CARTESIAN_POINT('',(-5.87920131957794,13.9865588468384,0.));
#4453=CARTESIAN_POINT('Origin',(-5.87941337108763,9.568268502211,0.));
#4454=CARTESIAN_POINT('Origin',(-5.87941337108763,9.568268502211,0.));
#4455=CARTESIAN_POINT('Origin',(-6.7794133700511,9.56831169682784,0.));
#4456=CARTESIAN_POINT('',(-6.77941725146178,9.4874388966573,-4.1));
#4457=CARTESIAN_POINT('Origin',(-6.77941725146179,9.4874388966573,0.));
#4458=CARTESIAN_POINT('Origin',(-5.87920131957794,13.9865588468384,0.));
#4459=CARTESIAN_POINT('',(-5.87964896113774,4.65953078487443,-4.5));
#4460=CARTESIAN_POINT('',(-5.87964896113774,4.65953078487443,4.5));
#4461=CARTESIAN_POINT('',(-5.87964896113774,4.65953078487443,0.));
#4462=CARTESIAN_POINT('',(-5.87920131957794,13.9865588468384,4.5));
#4463=CARTESIAN_POINT('',(-5.87920131957794,13.9865588468384,4.5));
#4464=CARTESIAN_POINT('',(-5.87920131957794,13.9865588468384,0.));
#4465=CARTESIAN_POINT('',(-5.87920131957794,13.9865588468384,-4.5));
#4466=CARTESIAN_POINT('',(-5.87920131957794,13.9865588468384,0.));
#4467=CARTESIAN_POINT('',(-5.87920131957794,13.9865588468384,-4.5));
#4468=CARTESIAN_POINT('Origin',(-1.15258405333407,12.0539111299724,-3.63));
#4469=CARTESIAN_POINT('',(1.85261976670877,7.6203516119328,-3.63));
#4470=CARTESIAN_POINT('',(-1.86676190233248,11.339733280974,-3.63));
#4471=CARTESIAN_POINT('',(-1.15258405333407,12.0539111299724,-3.63));
#4472=CARTESIAN_POINT('',(1.85261976670877,7.6203516119328,-3.63));
#4473=CARTESIAN_POINT('',(-0.929706750403587,10.4168202646689,-3.63));
#4474=CARTESIAN_POINT('Origin',(-1.15258405333407,12.0539111299725,3.63));
#4475=CARTESIAN_POINT('',(-1.86676190233248,11.339733280974,-3.63));
#4476=CARTESIAN_POINT('',(-1.86676190233248,11.339733280974,3.63));
#4477=CARTESIAN_POINT('',(-1.15258405333407,12.0539111299725,3.63));
#4478=CARTESIAN_POINT('',(-1.86676190233248,11.339733280974,-3.63));
#4479=CARTESIAN_POINT('Origin',(-0.00707106781185921,9.48004244645342,-5.55111512312578E-16));
#4480=CARTESIAN_POINT('',(-1.86676190233248,11.339733280974,3.63));
#4481=CARTESIAN_POINT('Origin',(-0.00707106781185921,9.48004244645342,-5.55111512312578E-16));
#4482=CARTESIAN_POINT('Origin',(-0.00707106781185921,9.48004244645342,-5.55111512312578E-16));
#4483=CARTESIAN_POINT('',(1.85261976670876,7.6203516119328,3.63));
#4484=CARTESIAN_POINT('',(-1.86676190233248,11.339733280974,3.63));
#4485=CARTESIAN_POINT('',(1.85261976670876,7.6203516119328,3.63));
#4486=CARTESIAN_POINT('Origin',(2.56679761570718,8.33452946093121,-3.63));
#4487=CARTESIAN_POINT('',(1.85969083452063,7.62742267974467,-1.815));
#4488=CARTESIAN_POINT('',(2.56679761570718,8.33452946093121,3.63));
#4489=CARTESIAN_POINT('Origin',(2.56679761570718,8.33452946093122,3.63));
#4490=CARTESIAN_POINT('',(0.929984084117035,8.55712943014826,3.63));
#4491=CARTESIAN_POINT('Origin',(-0.00707106781185921,9.48004244645342,-5.55111512312578E-16));
#4492=CARTESIAN_POINT('Origin',(0.000277333713440686,9.48683618055185,0.));
#4493=CARTESIAN_POINT('Origin',(0.000277333713440686,9.48683618055185,0.));
#4494=CARTESIAN_POINT('Origin',(0.000277333713440686,9.48683618055185,0.));
#4495=CARTESIAN_POINT('Ctrl Pts',(0.,3.3274645699763,-3.60000000000001));
#4496=CARTESIAN_POINT('Ctrl Pts',(-3.60000000000001,3.3274645699763,-3.60000000000001));
#4497=CARTESIAN_POINT('Ctrl Pts',(-3.60000000000001,3.3274645699763,0.));
#4498=CARTESIAN_POINT('Ctrl Pts',(-3.60000000000001,3.3274645699763,3.60000000000001));
#4499=CARTESIAN_POINT('Ctrl Pts',(0.,3.3274645699763,3.60000000000001));
#4500=CARTESIAN_POINT('Ctrl Pts',(3.60000000000001,3.3274645699763,3.60000000000001));
#4501=CARTESIAN_POINT('Ctrl Pts',(3.60000000000001,3.3274645699763,0.));
#4502=CARTESIAN_POINT('Ctrl Pts',(3.60000000000001,3.3274645699763,-3.60000000000001));
#4503=CARTESIAN_POINT('Ctrl Pts',(0.,3.3274645699763,-3.60000000000001));
#4504=CARTESIAN_POINT('Ctrl Pts',(0.,3.49875890225085,-3.43400773747869));
#4505=CARTESIAN_POINT('Ctrl Pts',(-3.43400773747869,3.49875890225085,-3.43400773747869));
#4506=CARTESIAN_POINT('Ctrl Pts',(-3.43400773747869,3.49875890225085,0.));
#4507=CARTESIAN_POINT('Ctrl Pts',(-3.43400773747869,3.49875890225085,3.43400773747869));
#4508=CARTESIAN_POINT('Ctrl Pts',(0.,3.49875890225085,3.43400773747869));
#4509=CARTESIAN_POINT('Ctrl Pts',(3.43400773747869,3.49875890225085,3.43400773747869));
#4510=CARTESIAN_POINT('Ctrl Pts',(3.43400773747869,3.49875890225085,0.));
#4511=CARTESIAN_POINT('Ctrl Pts',(3.43400773747869,3.49875890225085,-3.43400773747869));
#4512=CARTESIAN_POINT('Ctrl Pts',(0.,3.49875890225085,-3.43400773747869));
#4513=CARTESIAN_POINT('Ctrl Pts',(0.,3.65053614703512,-3.25));
#4514=CARTESIAN_POINT('Ctrl Pts',(-3.25,3.65053614703512,-3.25));
#4515=CARTESIAN_POINT('Ctrl Pts',(-3.25,3.65053614703512,0.));
#4516=CARTESIAN_POINT('Ctrl Pts',(-3.25,3.65053614703512,3.25));
#4517=CARTESIAN_POINT('Ctrl Pts',(0.,3.65053614703512,3.25));
#4518=CARTESIAN_POINT('Ctrl Pts',(3.25,3.65053614703512,3.25));
#4519=CARTESIAN_POINT('Ctrl Pts',(3.25,3.65053614703512,0.));
#4520=CARTESIAN_POINT('Ctrl Pts',(3.25,3.65053614703512,-3.25));
#4521=CARTESIAN_POINT('Ctrl Pts',(0.,3.65053614703512,-3.25));
#4522=CARTESIAN_POINT('',(-4.40872847693048E-16,3.3274645699763,-3.60000000000001));
#4523=CARTESIAN_POINT('Origin',(0.,3.3274645699763,0.));
#4524=CARTESIAN_POINT('Origin',(-6.46831649711273E-17,0.350724730520184,
-0.528178124632852));
#4525=CARTESIAN_POINT('Origin',(-5.87941725249832,9.48739570204047,0.));
#4526=CARTESIAN_POINT('',(-4.65984090964151,9.48733716967059,-4.1));
#4527=CARTESIAN_POINT('',(-5.87941725249832,9.48739570204047,-4.1));
#4528=CARTESIAN_POINT('Origin',(-4.65984090964151,9.48733716967059,0.));
#4529=CARTESIAN_POINT('Origin',(-4.65984090964151,9.48733716967059,0.));
#4530=CARTESIAN_POINT('Origin',(0.,2.1074645699763,0.));
#4531=CARTESIAN_POINT('',(-4.0995,3.3274645699763,5.02043955310457E-16));
#4532=CARTESIAN_POINT('',(-4.0995,2.1074645699763,5.02043955310457E-16));
#4533=CARTESIAN_POINT('Origin',(0.,3.3274645699763,0.));
#4534=CARTESIAN_POINT('Origin',(0.,3.3274645699763,0.));
#4535=CARTESIAN_POINT('Origin',(-0.689824480568868,8.04701170840735,-4.5));
#4536=CARTESIAN_POINT('',(-5.87964896113774,4.65953078487443,-4.5));
#4537=CARTESIAN_POINT('',(-5.87920131957794,13.9865588468384,-4.5));
#4538=CARTESIAN_POINT('Origin',(-3.08523177020003,13.9865588468384,0.));
#4539=CARTESIAN_POINT('',(-5.87920131957794,13.9865588468384,4.5));
#4540=CARTESIAN_POINT('Origin',(-5.87964896113774,4.65953078487443,0.));
#4541=CARTESIAN_POINT('',(-5.87964896113774,4.65953078487443,4.5));
#4542=CARTESIAN_POINT('Origin',(-0.689824480568868,8.04701170840735,4.5));
#4543=CARTESIAN_POINT('Origin',(-14.0567471093697,11.2336672637726,0.));
#4544=CARTESIAN_POINT('',(-8.7534462504706,5.9303664048735,-3.085));
#4545=CARTESIAN_POINT('',(-8.7534462504706,5.9303664048735,3.08500000000001));
#4546=CARTESIAN_POINT('',(-8.7534462504706,5.9303664048735,0.));
#4547=CARTESIAN_POINT('',(-14.2031937187758,11.3801138731787,-3.085));
#4548=CARTESIAN_POINT('',(-12.9423272433154,10.1192473977183,-3.085));
#4549=CARTESIAN_POINT('',(-14.2031937187758,11.3801138731787,3.08500000000001));
#4550=CARTESIAN_POINT('',(-14.2031937187758,11.3801138731787,2.));
#4551=CARTESIAN_POINT('',(-12.9423272433154,10.1192473977183,3.085));
#4552=CARTESIAN_POINT('Origin',(-14.3587572106368,11.2245503813177,4.));
#4553=CARTESIAN_POINT('',(-14.3587572106368,11.2245503813177,-3.085));
#4554=CARTESIAN_POINT('',(-13.8645091494917,11.7187984424628,-3.085));
#4555=CARTESIAN_POINT('',(-14.3587572106368,11.2245503813177,-4.));
#4556=CARTESIAN_POINT('',(-14.3587572106368,11.2245503813177,0.));
#4557=CARTESIAN_POINT('',(-14.5001785668742,11.0831290250804,-4.));
#4558=CARTESIAN_POINT('',(-14.3587572106368,11.2245503813177,-4.));
#4559=CARTESIAN_POINT('',(-14.5001785668742,11.0831290250804,4.));
#4560=CARTESIAN_POINT('',(-14.5001785668742,11.0831290250804,2.));
#4561=CARTESIAN_POINT('',(-14.3587572106368,11.2245503813177,4.));
#4562=CARTESIAN_POINT('',(-14.3587572106368,11.2245503813177,4.));
#4563=CARTESIAN_POINT('',(-14.3587572106368,11.2245503813177,3.085));
#4564=CARTESIAN_POINT('',(-14.3587572106368,11.2245503813177,0.));
#4565=CARTESIAN_POINT('',(-13.8645091494917,11.7187984424628,3.085));
#4566=CARTESIAN_POINT('Origin',(-14.3587572106433,13.3458707248837,-3.085));
#4567=CARTESIAN_POINT('',(-14.3587572106433,13.3458707248837,-3.085));
#4568=CARTESIAN_POINT('',(-14.3587572106433,13.3458707248837,3.085));
#4569=CARTESIAN_POINT('',(-14.3587572106433,13.3458707248837,1.2575));
#4570=CARTESIAN_POINT('',(-14.0759144981686,13.6287134373583,-3.085));
#4571=CARTESIAN_POINT('',(-14.3587572106433,13.3458707248837,-3.085));
#4572=CARTESIAN_POINT('',(-14.0759144981686,13.6287134373583,3.085));
#4573=CARTESIAN_POINT('',(-14.0759144981686,13.6287134373583,1.2575));
#4574=CARTESIAN_POINT('',(-14.3587572106433,13.3458707248837,3.085));
#4575=CARTESIAN_POINT('Origin',(-7.5655068580772,7.1183057972669,2.515));
#4576=CARTESIAN_POINT('',(-13.8587572106375,13.4115561498272,3.085));
#4577=CARTESIAN_POINT('',(-13.8587572106375,13.4115561498272,-3.085));
#4578=CARTESIAN_POINT('',(-13.8587572106375,13.4115561498272,1.2575));
#4579=CARTESIAN_POINT('',(-9.10273742147246,8.65553636066216,3.085));
#4580=CARTESIAN_POINT('',(-9.10273742147246,8.65553636066216,-3.085));
#4581=CARTESIAN_POINT('Origin',(-10.5000000000014,10.3327349089238,-3.085));
#4582=CARTESIAN_POINT('',(-14.3587572106389,11.9099242115708,-3.085));
#4583=CARTESIAN_POINT('',(-7.84834957055182,6.83546308479228,-3.085));
#4584=CARTESIAN_POINT('',(-8.69687770797567,5.98693494736843,-3.085));
#4585=CARTESIAN_POINT('',(-7.84834957055182,13.8371135142938,-3.085));
#4586=CARTESIAN_POINT('',(-7.84834957055182,8.58409899685803,-3.085));
#4587=CARTESIAN_POINT('',(-13.8587572106375,13.8371135142938,-3.085));
#4588=CARTESIAN_POINT('',(-12.1184393026612,13.8371135142938,-3.085));
#4589=CARTESIAN_POINT('',(-13.8587572106375,12.0599242115828,-3.085));
#4590=CARTESIAN_POINT('Origin',(-8.55545635173836,6.12835630360574,0.));
#4591=CARTESIAN_POINT('',(-7.84834957055182,6.83546308479228,3.085));
#4592=CARTESIAN_POINT('',(-7.9904976124746,6.6933150428695,3.085));
#4593=CARTESIAN_POINT('',(-7.84834957055182,6.83546308479228,0.));
#4594=CARTESIAN_POINT('Origin',(-10.5000000000014,10.3327349089238,3.085));
#4595=CARTESIAN_POINT('',(-13.8587572106375,13.8371135142938,3.085));
#4596=CARTESIAN_POINT('',(-13.8587572106375,12.0599242115828,3.085));
#4597=CARTESIAN_POINT('',(-7.84834957055182,13.8371135142938,3.085));
#4598=CARTESIAN_POINT('',(-12.1184393026612,13.8371135142938,3.085));
#4599=CARTESIAN_POINT('',(-7.84834957055182,8.58409899685803,3.085));
#4600=CARTESIAN_POINT('',(-14.3587572106389,11.9099242115708,3.085));
#4601=CARTESIAN_POINT('Origin',(-14.5001785668742,11.0831290250804,0.));
#4602=CARTESIAN_POINT('',(-8.77489324023591,5.35784369844211,4.));
#4603=CARTESIAN_POINT('',(-8.77489324023591,5.35784369844211,-4.));
#4604=CARTESIAN_POINT('',(-8.77489324023591,5.35784369844211,-2.));
#4605=CARTESIAN_POINT('',(-13.0059308168143,9.58888127502055,4.));
#4606=CARTESIAN_POINT('',(-13.0059308168143,9.58888127502055,-4.));
#4607=CARTESIAN_POINT('Origin',(-10.11920307746,9.48711351425522,4.));
#4608=CARTESIAN_POINT('',(-8.6334718839986,5.49926505467942,4.));
#4609=CARTESIAN_POINT('',(-8.6334718839986,5.49926505467942,4.));
#4610=CARTESIAN_POINT('',(-6.8796489442764,5.49152612199732,4.));
#4611=CARTESIAN_POINT('',(-8.6334718839986,5.49926505467942,4.));
#4612=CARTESIAN_POINT('',(-6.87964894428849,9.48711355465799,4.));
#4613=CARTESIAN_POINT('',(-6.87964894428547,8.48711352436005,4.));
#4614=CARTESIAN_POINT('',(-6.87964894430793,14.637113514273,4.));
#4615=CARTESIAN_POINT('',(-6.87964894430059,13.4871135142522,4.));
#4616=CARTESIAN_POINT('',(-14.358757210651,14.637113514273,4.));
#4617=CARTESIAN_POINT('',(-10.3692030774698,14.637113514273,4.));
#4618=CARTESIAN_POINT('',(-14.358757210651,13.837113514273,4.));
#4619=CARTESIAN_POINT('Origin',(-8.6334718839986,5.49926505467942,-4.));
#4620=CARTESIAN_POINT('',(-8.6334718839986,5.49926505467942,-4.));
#4621=CARTESIAN_POINT('',(-8.6334718839986,5.49926505467942,-4.));
#4622=CARTESIAN_POINT('',(-8.6334718839986,5.49926505467942,0.));
#4623=CARTESIAN_POINT('Origin',(-6.87964894430377,14.5371135142522,-3.05));
#4624=CARTESIAN_POINT('',(-14.3587572106489,14.637113514273,-3.05));
#4625=CARTESIAN_POINT('',(-6.87964894430793,14.637113514273,-3.05));
#4626=CARTESIAN_POINT('',(-15.813498698634,14.637113514273,-3.05));
#4627=CARTESIAN_POINT('',(-14.3587572106493,15.3371135142296,-3.05));
#4628=CARTESIAN_POINT('',(-14.3587572106469,14.5371135142296,-3.05));
#4629=CARTESIAN_POINT('',(-6.87964894430619,15.337113514273,-3.05));
#4630=CARTESIAN_POINT('',(-6.37964894430619,15.3371135142537,-3.05));
#4631=CARTESIAN_POINT('',(-6.87964894430377,14.537113514273,-3.05));
#4632=CARTESIAN_POINT('Origin',(-14.3587572106469,14.5371135142296,2.85));
#4633=CARTESIAN_POINT('',(-6.87964894430793,14.637113514273,2.85));
#4634=CARTESIAN_POINT('',(-14.358757210651,14.637113514273,2.85));
#4635=CARTESIAN_POINT('',(-6.87964894430793,14.637113514273,2.85));
#4636=CARTESIAN_POINT('',(-6.87964894430619,15.337113514273,2.85));
#4637=CARTESIAN_POINT('',(-6.87964894430377,14.537113514273,2.85));
#4638=CARTESIAN_POINT('',(-14.3587572106493,15.337113514273,2.85));
#4639=CARTESIAN_POINT('',(-10.1192030774777,15.3371135142424,2.85));
#4640=CARTESIAN_POINT('',(-14.3587572106469,14.537113514273,2.85));
#4641=CARTESIAN_POINT('Origin',(-5.87964894430619,15.3371135143172,0.));
#4642=CARTESIAN_POINT('',(-14.3587572106493,15.3371135142504,0.));
#4643=CARTESIAN_POINT('',(-6.87964894430619,15.337113514273,-1.00000080762837));
#4644=CARTESIAN_POINT('',(-13.8150000000014,15.337113514252,2.575));
#4645=CARTESIAN_POINT('',(-13.8150000000014,15.337113514252,-2.575));
#4646=CARTESIAN_POINT('',(-13.8150000000014,15.3371135142932,1.2875));
#4647=CARTESIAN_POINT('',(-7.18500000000137,15.3371135142721,-2.575));
#4648=CARTESIAN_POINT('',(-9.74732447215499,15.3371135142643,-2.575));
#4649=CARTESIAN_POINT('',(-7.18500000000137,15.3371135142721,2.575));
#4650=CARTESIAN_POINT('',(-7.18500000000137,15.3371135143132,-1.2875));
#4651=CARTESIAN_POINT('',(-6.63232447215499,15.3371135142737,2.575));
#4652=CARTESIAN_POINT('Origin',(-11.346573821471,14.637113514273,-3.525));
#4653=CARTESIAN_POINT('',(-14.3587572106489,14.637113514273,-4.));
#4654=CARTESIAN_POINT('',(-14.3587572106447,14.637113514273,-1.7625));
#4655=CARTESIAN_POINT('',(-6.87964894430793,14.637113514273,-4.));
#4656=CARTESIAN_POINT('',(-6.87964894430165,14.637113514273,-2.76250080762837));
#4657=CARTESIAN_POINT('',(-10.7328884494655,14.637113514273,-4.));
#4658=CARTESIAN_POINT('Origin',(-10.6192030774795,14.637113514273,3.425));
#4659=CARTESIAN_POINT('',(-6.87964894430165,14.637113514273,0.71249919237163));
#4660=CARTESIAN_POINT('',(-14.3587572106447,14.637113514273,1.7125));
#4661=CARTESIAN_POINT('Origin',(-13.736878605321,13.8371135142938,0.));
#4662=CARTESIAN_POINT('',(-7.84834957055182,13.8371135142938,2.575));
#4663=CARTESIAN_POINT('',(-7.84834957055182,13.8371135142938,0.));
#4664=CARTESIAN_POINT('',(-13.8587572106375,13.8371135142938,0.));
#4665=CARTESIAN_POINT('',(-7.84834957055182,13.8371135142938,-2.575));
#4666=CARTESIAN_POINT('',(-7.84834957055182,13.8371135142938,0.));
#4667=CARTESIAN_POINT('',(-13.8150000000014,13.8371135142938,-2.575));
#4668=CARTESIAN_POINT('',(-13.6759393026612,13.8371135142938,-2.575));
#4669=CARTESIAN_POINT('',(-13.8150000000014,13.8371135142938,2.575));
#4670=CARTESIAN_POINT('',(-13.8150000000014,13.8371135142938,1.2875));
#4671=CARTESIAN_POINT('',(-10.5609393026612,13.8371135142938,2.575));
#4672=CARTESIAN_POINT('Origin',(-7.84834957055182,6.83546308479228,0.));
#4673=CARTESIAN_POINT('',(-7.84834957055182,12.5371135142938,2.575));
#4674=CARTESIAN_POINT('',(-7.84834957055182,10.686288299543,2.575));
#4675=CARTESIAN_POINT('',(-7.84834957055182,12.5371135142938,-2.575));
#4676=CARTESIAN_POINT('',(-7.84834957055182,12.5371135142938,-5.55111512312578E-16));
#4677=CARTESIAN_POINT('',(-7.84834957055182,10.686288299543,-2.575));
#4678=CARTESIAN_POINT('',(-7.8483495705656,9.48711351425317,2.49999999999229));
#4679=CARTESIAN_POINT('Origin',(-7.84834957055984,9.48711351425317,0.));
#4680=CARTESIAN_POINT('Origin',(-7.38500000000137,14.5371135142938,2.575));
#4681=CARTESIAN_POINT('',(-13.8150000000014,14.5371135142938,2.575));
#4682=CARTESIAN_POINT('',(-7.18500000000137,12.5371135142938,2.575));
#4683=CARTESIAN_POINT('',(-7.18500000000137,14.5371135142938,2.575));
#4684=CARTESIAN_POINT('',(-7.38500000000137,12.5371135142938,2.575));
#4685=CARTESIAN_POINT('Origin',(-14.3587572106437,13.4871135142296,0.));
#4686=CARTESIAN_POINT('',(-14.3587572106489,13.837113514273,-4.));
#4687=CARTESIAN_POINT('Origin',(-13.8587572106375,13.7871135142418,0.));
#4688=CARTESIAN_POINT('Origin',(-13.8150000000014,14.5371135142938,2.575));
#4689=CARTESIAN_POINT('',(-13.8150000000014,14.5371135142938,-2.575));
#4690=CARTESIAN_POINT('Origin',(-7.18500000000137,14.5371135142938,-2.575));
#4691=CARTESIAN_POINT('',(-7.18500000000137,12.5371135142938,-2.575));
#4692=CARTESIAN_POINT('',(-7.18500000000137,14.5371135142938,-2.575));
#4693=CARTESIAN_POINT('',(-7.18500000000137,12.5371135142938,-1.2875));
#4694=CARTESIAN_POINT('Origin',(-13.6150000000014,14.5371135142938,-2.575));
#4695=CARTESIAN_POINT('',(-13.6150000000014,12.5371135142938,-2.575));
#4696=CARTESIAN_POINT('Origin',(-10.5000000000014,12.5371135142938,-1.11022302462516E-15));
#4697=CARTESIAN_POINT('Origin',(-10.11920307746,9.48711351425522,-4.));
#4698=CARTESIAN_POINT('',(-6.87964894428849,9.48711351425611,-4.));
#4699=CARTESIAN_POINT('',(-6.87964894430059,13.4871135142522,-4.));
#4700=CARTESIAN_POINT('',(-6.8796489442764,5.49152612199732,-4.));
#4701=CARTESIAN_POINT('',(-6.87964894428547,8.48711351425958,-4.));
#4702=CARTESIAN_POINT('',(-8.6334718839986,5.49926505467942,-4.));
#4703=CARTESIAN_POINT('Origin',(-6.87964894429454,11.4871135142555,-2.00000161525674));
#4704=CARTESIAN_POINT('Origin',(-6.87964894428849,9.48711351425611,1.11022302462516E-15));
#4705=CARTESIAN_POINT('Origin',(-6.07964894427639,5.48711351425461,0.));
#4706=CARTESIAN_POINT('',(-6.07964894427639,5.48799603580363,-0.0840201970753212));
#4707=CARTESIAN_POINT('',(-6.07964894427639,5.48799603580363,0.084020197075323));
#4708=CARTESIAN_POINT('',(-6.07964894427639,5.48799603580363,0.));
#4709=CARTESIAN_POINT('Origin',(-6.07964894428849,9.48711351425853,1.11022302462516E-15));
#4710=CARTESIAN_POINT('',(-6.07964894428849,9.48711351425853,3.48825116573586));
#4711=CARTESIAN_POINT('Origin',(-6.07964894428849,9.48711351425853,0.));
#4712=CARTESIAN_POINT('Origin',(-8.6334718839986,5.49926505467942,0.));
#4713=CARTESIAN_POINT('',(-6.8796489442764,5.49152612199732,0.187833412423343));
#4714=CARTESIAN_POINT('Ctrl Pts',(-6.07964894427639,5.48799603580363,0.084020197075323));
#4715=CARTESIAN_POINT('Ctrl Pts',(-6.22211747569535,5.48862469354838,0.113942480814402));
#4716=CARTESIAN_POINT('Ctrl Pts',(-6.64542201873814,5.49049257045228,0.165847731217152));
#4717=CARTESIAN_POINT('Ctrl Pts',(-6.8796489442885,5.49152612199737,0.187833412424503));
#4718=CARTESIAN_POINT('',(-6.8796489442764,5.49152612199732,1.));
#4719=CARTESIAN_POINT('',(-6.8796489442764,5.49152612199732,-0.187833412423341));
#4720=CARTESIAN_POINT('',(-6.8796489442764,5.49152612199732,-1.));
#4721=CARTESIAN_POINT('Ctrl Pts',(-6.8796489442885,5.49152612199737,-0.187833412424501));
#4722=CARTESIAN_POINT('Ctrl Pts',(-6.64552096476446,5.49049300706228,-0.165857018773592));
#4723=CARTESIAN_POINT('Ctrl Pts',(-6.22216173660972,5.48862488885443,-0.113951776815595));
#4724=CARTESIAN_POINT('Ctrl Pts',(-6.07964894427639,5.48799603580363,-0.0840201970753211));
#4725=CARTESIAN_POINT('Origin',(-5.87964894428849,9.48711351425913,1.11022302462516E-15));
#4726=CARTESIAN_POINT('Origin',(-6.87964894428849,9.48711351425611,1.11022302462516E-15));
#4727=CARTESIAN_POINT('Origin',(-6.87964894428849,9.48711351425611,1.11022302462516E-15));
#4728=CARTESIAN_POINT('Origin',(-6.87964894428244,7.48711353445509,2.));
#4729=CARTESIAN_POINT('Origin',(-6.87964894428244,7.48711351425415,-2.));
#4730=CARTESIAN_POINT('Origin',(-5.87964894428849,9.48711351425913,0.));
#4731=CARTESIAN_POINT('',(-5.87964894428849,9.48711351425913,3.6));
#4732=CARTESIAN_POINT('Origin',(0.,13.2871135142633,0.));
#4733=CARTESIAN_POINT('',(-0.5,13.5371135142633,-6.12323399573677E-17));
#4734=CARTESIAN_POINT('Origin',(0.,13.5371135142633,0.));
#4735=CARTESIAN_POINT('',(-0.5,13.2871135142633,-6.12323399573677E-17));
#4736=CARTESIAN_POINT('',(-0.5,13.2871135142633,6.12323399573677E-17));
#4737=CARTESIAN_POINT('Origin',(0.,13.2871135142633,0.));
#4738=CARTESIAN_POINT('Origin',(1.2490009027033E-15,13.5371135142633,0.));
#4739=CARTESIAN_POINT('',(0.932499999999993,13.5371135142633,-0.7325));
#4740=CARTESIAN_POINT('',(0.932499999999993,13.5371135142633,0.7325));
#4741=CARTESIAN_POINT('',(0.932499999999993,13.5371135142633,-0.33125));
#4742=CARTESIAN_POINT('',(-0.932500000000007,13.5371135142633,-0.7325));
#4743=CARTESIAN_POINT('',(-0.431250000000003,13.5371135142633,-0.7325));
#4744=CARTESIAN_POINT('',(-0.932500000000007,13.5371135142633,0.7325));
#4745=CARTESIAN_POINT('',(-0.932500000000007,13.5371135142633,0.33125));
#4746=CARTESIAN_POINT('',(0.431249999999997,13.5371135142633,0.7325));
#4747=CARTESIAN_POINT('Origin',(-0.862500000000007,13.9871135142633,-0.7325));
#4748=CARTESIAN_POINT('',(0.932499999999993,13.9871135142633,-0.7325));
#4749=CARTESIAN_POINT('',(0.932499999999993,13.9871135142633,-0.7325));
#4750=CARTESIAN_POINT('',(-0.932500000000007,13.9871135142633,-0.7325));
#4751=CARTESIAN_POINT('',(1.81875,13.9871135142633,-0.7325));
#4752=CARTESIAN_POINT('',(-0.932500000000007,13.9871135142633,-0.7325));
#4753=CARTESIAN_POINT('Origin',(0.932499999999993,13.9871135142633,-0.6625));
#4754=CARTESIAN_POINT('',(0.932499999999993,13.9871135142633,0.7325));
#4755=CARTESIAN_POINT('',(0.932499999999993,13.9871135142633,0.7325));
#4756=CARTESIAN_POINT('',(0.932499999999993,13.9871135142633,-0.33125));
#4757=CARTESIAN_POINT('Origin',(-1.01500000000001,13.2871135142633,-1.015));
#4758=CARTESIAN_POINT('',(1.01499999999999,9.88632707663839,-1.015));
#4759=CARTESIAN_POINT('',(-1.01500000000001,11.9163270766384,-1.015));
#4760=CARTESIAN_POINT('',(-2.39308982821873,13.2944169048571,-1.015));
#4761=CARTESIAN_POINT('',(1.01499999999999,13.2871135142633,-1.015));
#4762=CARTESIAN_POINT('',(1.01499999999999,13.2871135142633,-1.015));
#4763=CARTESIAN_POINT('',(-1.01500000000001,13.2871135142633,-1.015));
#4764=CARTESIAN_POINT('',(1.01499999999999,13.2871135142633,-1.015));
#4765=CARTESIAN_POINT('',(-1.01500000000001,13.2871135142633,-1.015));
#4766=CARTESIAN_POINT('Origin',(-1.01500000000001,13.2871135142633,1.015));
#4767=CARTESIAN_POINT('',(-1.01500000000001,11.9163270766384,1.015));
#4768=CARTESIAN_POINT('',(-1.01500000000001,11.9163270766384,0.5075));
#4769=CARTESIAN_POINT('',(-1.01500000000001,13.2871135142633,1.015));
#4770=CARTESIAN_POINT('',(-1.01500000000001,13.2871135142633,-1.015));
#4771=CARTESIAN_POINT('',(-1.01500000000001,13.2871135142633,1.015));
#4772=CARTESIAN_POINT('Origin',(1.01499999999999,13.2871135142633,1.015));
#4773=CARTESIAN_POINT('',(1.01499999999999,9.88632707663839,1.015));
#4774=CARTESIAN_POINT('',(-1.88558982821873,12.7869169048571,1.015));
#4775=CARTESIAN_POINT('',(1.01499999999999,13.2871135142633,1.015));
#4776=CARTESIAN_POINT('',(-1.01500000000001,13.2871135142633,1.015));
#4777=CARTESIAN_POINT('',(1.01499999999999,13.2871135142633,1.015));
#4778=CARTESIAN_POINT('Origin',(1.01499999999999,13.2871135142633,-1.015));
#4779=CARTESIAN_POINT('',(1.01499999999999,9.88632707663839,-0.507499999999997));
#4780=CARTESIAN_POINT('',(1.01499999999999,13.2871135142633,1.015));
#4781=CARTESIAN_POINT('Origin',(-7.62511889795616E-15,13.2871135142633,
0.));
#4782=CARTESIAN_POINT('Origin',(-0.932500000000007,13.9871135142633,0.6625));
#4783=CARTESIAN_POINT('',(-0.932500000000007,13.9871135142633,0.7325));
#4784=CARTESIAN_POINT('',(-0.932500000000007,13.9871135142633,0.331250000000001));
#4785=CARTESIAN_POINT('',(-0.932500000000007,13.9871135142633,0.7325));
#4786=CARTESIAN_POINT('Origin',(0.862499999999993,13.9871135142633,0.7325));
#4787=CARTESIAN_POINT('',(2.68125,13.9871135142633,0.7325));
#4788=CARTESIAN_POINT('Origin',(2.56679761570718,8.33452946093122,3.6));
#4789=CARTESIAN_POINT('',(2.621274387303,8.28005268933538,3.6));
#4790=CARTESIAN_POINT('',(-1.20748714407672,12.1088142207151,3.6));
#4791=CARTESIAN_POINT('',(-0.259494410958898,11.1608214875973,3.6));
#4792=CARTESIAN_POINT('',(3.34959437192515,9.00837267395753,3.6));
#4793=CARTESIAN_POINT('',(2.62127438730301,8.28005268933539,3.6));
#4794=CARTESIAN_POINT('',(-0.479167159454571,12.8371342053372,3.6));
#4795=CARTESIAN_POINT('',(2.3651656032823,9.99280144260038,3.6));
#4796=CARTESIAN_POINT('',(-1.20748714407672,12.1088142207151,3.6));
#4797=CARTESIAN_POINT('Origin',(-1.20748714407671,12.1088142207151,-4.5));
#4798=CARTESIAN_POINT('',(-1.20748714407672,12.1088142207151,-4.5));
#4799=CARTESIAN_POINT('',(-1.20748714407672,12.1088142207151,-3.6));
#4800=CARTESIAN_POINT('',(-1.20748714407672,12.1088142207151,-2.25));
#4801=CARTESIAN_POINT('',(-0.479167159454572,12.8371342053372,-4.5));
#4802=CARTESIAN_POINT('',(-1.20748714407672,12.1088142207151,-4.5));
#4803=CARTESIAN_POINT('',(-0.479167159454572,12.8371342053372,-3.6));
#4804=CARTESIAN_POINT('',(-0.479167159454572,12.8371342053372,-4.2825));
#4805=CARTESIAN_POINT('',(-1.20748714407671,12.1088142207151,-3.6));
#4806=CARTESIAN_POINT('Origin',(2.62127438730301,8.28005268933539,-3.63));
#4807=CARTESIAN_POINT('',(2.621274387303,8.28005268933538,-4.28257861495022));
#4808=CARTESIAN_POINT('',(3.34959437192515,9.00837267395753,-3.86199082541462));
#4809=CARTESIAN_POINT('Origin',(1.5,7.15877830203238,-1.5));
#4810=CARTESIAN_POINT('',(2.621274387303,8.28005268933539,-3.6));
#4811=CARTESIAN_POINT('',(2.621274387303,8.28005268933539,-1.815));
#4812=CARTESIAN_POINT('',(3.34959437192515,9.00837267395753,-3.6));
#4813=CARTESIAN_POINT('',(2.621274387303,8.28005268933539,-3.6));
#4814=CARTESIAN_POINT('',(3.34959437192515,9.00837267395753,-3.8475));
#4815=CARTESIAN_POINT('Origin',(1.43521360623529,10.9227534396474,-4.065));
#4816=CARTESIAN_POINT('',(1.5,10.8579670458827,-4.5));
#4817=CARTESIAN_POINT('Origin',(1.5,10.8579670458827,-1.5));
#4818=CARTESIAN_POINT('',(0.505474768761682,11.852492277121,-3.6));
#4819=CARTESIAN_POINT('',(1.43532018602247,10.9226468598602,-4.5));
#4820=CARTESIAN_POINT('Origin',(-1.20748714407671,12.1088142207151,3.63));
#4821=CARTESIAN_POINT('',(-1.20748714407672,12.1088142207151,4.5));
#4822=CARTESIAN_POINT('',(-1.20748714407672,12.1088142207151,1.815));
#4823=CARTESIAN_POINT('',(-0.479167159454572,12.8371342053372,4.5));
#4824=CARTESIAN_POINT('',(-0.479167159454571,12.8371342053372,3.8475));
#4825=CARTESIAN_POINT('',(-1.20748714407672,12.1088142207151,4.5));
#4826=CARTESIAN_POINT('Origin',(2.62127438730301,8.28005268933539,4.5));
#4827=CARTESIAN_POINT('',(3.34959437192515,9.00837267395753,3.86199082541462));
#4828=CARTESIAN_POINT('',(2.621274387303,8.28005268933538,4.28257861495022));
#4829=CARTESIAN_POINT('Origin',(1.5,7.15877830203238,1.5));
#4830=CARTESIAN_POINT('',(3.34959437192515,9.00837267395753,4.2825));
#4831=CARTESIAN_POINT('',(2.621274387303,8.28005268933539,2.25));
#4832=CARTESIAN_POINT('Origin',(1.43521360623529,10.9227534396474,4.065));
#4833=CARTESIAN_POINT('',(1.5,10.8579670458827,4.5));
#4834=CARTESIAN_POINT('Origin',(1.5,10.8579670458827,1.5));
#4835=CARTESIAN_POINT('',(1.43532018602247,10.9226468598602,4.5));
#4836=CARTESIAN_POINT('Origin',(-1.15258405333407,12.0539111299724,-3.6));
#4837=CARTESIAN_POINT('',(-2.11918524547952,13.0205123221179,-3.6));
#4838=CARTESIAN_POINT('Origin',(0.707106781187515,10.1942202954509,-4.5));
#4839=CARTESIAN_POINT('',(-3.08578643762497,13.9871135142633,-4.5));
#4840=CARTESIAN_POINT('',(4.5,6.40132707663839,-4.5));
#4841=CARTESIAN_POINT('',(1.5,13.9871135142633,-4.5));
#4842=CARTESIAN_POINT('',(-3.08578643762497,13.9871135142633,-4.5));
#4843=CARTESIAN_POINT('',(1.5,8.29777368604463,-4.5));
#4844=CARTESIAN_POINT('Origin',(1.5,8.29777368604463,-1.5));
#4845=CARTESIAN_POINT('',(4.5,13.9871135142633,-1.5));
#4846=CARTESIAN_POINT('Origin',(1.5,13.9871135142633,-1.5));
#4847=CARTESIAN_POINT('',(4.5,6.40132707663839,-1.5));
#4848=CARTESIAN_POINT('',(4.5,8.29777368604463,-1.5));
#4849=CARTESIAN_POINT('Origin',(1.5,9.40132707663838,-1.5));
#4850=CARTESIAN_POINT('Origin',(4.5,6.40132707663839,0.));
#4851=CARTESIAN_POINT('',(4.5,13.9871135142633,1.5));
#4852=CARTESIAN_POINT('',(4.5,13.9871135142633,0.));
#4853=CARTESIAN_POINT('',(4.5,6.40132707663839,1.5));
#4854=CARTESIAN_POINT('',(4.5,8.29777368604463,1.5));
#4855=CARTESIAN_POINT('',(4.5,6.40132707663839,0.));
#4856=CARTESIAN_POINT('Origin',(4.5,13.9871135142633,0.));
#4857=CARTESIAN_POINT('',(-3.08578643762497,13.9871135142633,4.5));
#4858=CARTESIAN_POINT('',(-3.08578643762497,13.9871135142633,0.));
#4859=CARTESIAN_POINT('',(1.5,13.9871135142633,4.5));
#4860=CARTESIAN_POINT('',(-3.08578643762497,13.9871135142633,4.5));
#4861=CARTESIAN_POINT('Origin',(1.5,13.9871135142633,1.5));
#4862=CARTESIAN_POINT('Origin',(1.5,8.29777368604463,1.5));
#4863=CARTESIAN_POINT('Origin',(1.5,9.40132707663838,1.5));
#4864=CARTESIAN_POINT('',(1.5,8.29777368604463,4.5));
#4865=CARTESIAN_POINT('Origin',(0.707106781187515,10.1942202954509,4.5));
#4866=CARTESIAN_POINT('',(4.5,6.40132707663839,4.5));
#4867=CARTESIAN_POINT('Origin',(-3.08578643762497,13.9871135142633,0.));
#4868=CARTESIAN_POINT('',(0.,0.,0.));
#4869=UNCERTAINTY_MEASURE_WITH_UNIT(LENGTH_MEASURE(0.01),#4875,
'DISTANCE_ACCURACY_VALUE',
'Maximum model space distance between geometric entities at asserted c
onnectivities');
#4870=UNCERTAINTY_MEASURE_WITH_UNIT(LENGTH_MEASURE(0.01),#4875,
'DISTANCE_ACCURACY_VALUE',
'Maximum model space distance between geometric entities at asserted c
onnectivities');
#4871=UNCERTAINTY_MEASURE_WITH_UNIT(LENGTH_MEASURE(0.01),#4875,
'DISTANCE_ACCURACY_VALUE',
'Maximum model space distance between geometric entities at asserted c
onnectivities');
#4872=(
GEOMETRIC_REPRESENTATION_CONTEXT(3)
GLOBAL_UNCERTAINTY_ASSIGNED_CONTEXT((#4869))
GLOBAL_UNIT_ASSIGNED_CONTEXT((#4875,#4877,#4878))
REPRESENTATION_CONTEXT('','3D')
);
#4873=(
GEOMETRIC_REPRESENTATION_CONTEXT(3)
GLOBAL_UNCERTAINTY_ASSIGNED_CONTEXT((#4870))
GLOBAL_UNIT_ASSIGNED_CONTEXT((#4875,#4877,#4878))
REPRESENTATION_CONTEXT('','3D')
);
#4874=(
GEOMETRIC_REPRESENTATION_CONTEXT(3)
GLOBAL_UNCERTAINTY_ASSIGNED_CONTEXT((#4871))
GLOBAL_UNIT_ASSIGNED_CONTEXT((#4875,#4877,#4878))
REPRESENTATION_CONTEXT('','3D')
);
#4875=(
LENGTH_UNIT()
NAMED_UNIT(*)
SI_UNIT(.MILLI.,.METRE.)
);
#4876=(
LENGTH_UNIT()
NAMED_UNIT(*)
SI_UNIT($,.METRE.)
);
#4877=(
NAMED_UNIT(*)
PLANE_ANGLE_UNIT()
SI_UNIT($,.RADIAN.)
);
#4878=(
NAMED_UNIT(*)
SI_UNIT($,.STERADIAN.)
SOLID_ANGLE_UNIT()
);
#4879=SHAPE_DEFINITION_REPRESENTATION(#4881,#4884);
#4880=SHAPE_DEFINITION_REPRESENTATION(#4882,#4885);
#4881=PRODUCT_DEFINITION_SHAPE('',$,#4887);
#4882=PRODUCT_DEFINITION_SHAPE('',$,#4888);
#4883=PRODUCT_DEFINITION_SHAPE($,$,#16);
#4884=SHAPE_REPRESENTATION('',(#2775,#2998),#4872);
#4885=SHAPE_REPRESENTATION('',(#2776),#4873);
#4886=PRODUCT_DEFINITION_CONTEXT('part definition',#4894,'design');
#4887=PRODUCT_DEFINITION('Wireless Miniscope v_0_2_10',
'Wireless Miniscope v_0_2_10',#4889,#4886);
#4888=PRODUCT_DEFINITION('Component10','Component10',#4890,#4886);
#4889=PRODUCT_DEFINITION_FORMATION('',$,#4896);
#4890=PRODUCT_DEFINITION_FORMATION('',$,#4897);
#4891=PRODUCT_RELATED_PRODUCT_CATEGORY('Wireless Miniscope v_0_2_10',
'Wireless Miniscope v_0_2_10',(#4896));
#4892=PRODUCT_RELATED_PRODUCT_CATEGORY('Component10','Component10',(#4897));
#4893=APPLICATION_PROTOCOL_DEFINITION('international standard',
'automotive_design',2009,#4894);
#4894=APPLICATION_CONTEXT(
'Core Data for Automotive Mechanical Design Process');
#4895=PRODUCT_CONTEXT('part definition',#4894,'mechanical');
#4896=PRODUCT('Wireless Miniscope v_0_2_10',
'Wireless Miniscope v_0_2_10',$,(#4895));
#4897=PRODUCT('Component10','Component10',$,(#4895));
#4898=PRESENTATION_STYLE_ASSIGNMENT((#4901));
#4899=PRESENTATION_STYLE_ASSIGNMENT((#4902));
#4900=PRESENTATION_STYLE_ASSIGNMENT((#4903));
#4901=SURFACE_STYLE_USAGE(.BOTH.,#4904);
#4902=SURFACE_STYLE_USAGE(.BOTH.,#4905);
#4903=SURFACE_STYLE_USAGE(.BOTH.,#4906);
#4904=SURFACE_SIDE_STYLE('',(#4907));
#4905=SURFACE_SIDE_STYLE('',(#4908));
#4906=SURFACE_SIDE_STYLE('',(#4909));
#4907=SURFACE_STYLE_FILL_AREA(#4910);
#4908=SURFACE_STYLE_FILL_AREA(#4911);
#4909=SURFACE_STYLE_FILL_AREA(#4912);
#4910=FILL_AREA_STYLE('Plastic - Matte (Black)',(#4913));
#4911=FILL_AREA_STYLE('LED (Red)',(#4914));
#4912=FILL_AREA_STYLE('Acetal Resin (White)',(#4915));
#4913=FILL_AREA_STYLE_COLOUR('Plastic - Matte (Black)',#4916);
#4914=FILL_AREA_STYLE_COLOUR('LED (Red)',#4917);
#4915=FILL_AREA_STYLE_COLOUR('Acetal Resin (White)',#4918);
#4916=COLOUR_RGB('Plastic - Matte (Black)',0.0980392156862745,0.0980392156862745,
0.0980392156862745);
#4917=COLOUR_RGB('LED (Red)',0.768627450980392,0.207843137254902,0.152941176470588);
#4918=COLOUR_RGB('Acetal Resin (White)',0.431372549019608,0.427450980392157,
0.419607843137255);
ENDSEC;
END-ISO-10303-21;
