ISO-10303-21;
HEADER;
/* Generated by software containing ST-Developer
 * from STEP Tools, Inc. (www.steptools.com) 
 */

FILE_DESCRIPTION(
/* description */ (''),
/* implementation_level */ '2;1');

FILE_NAME(
/* name */ '0.2mm_wider_opening_Protolabs_version.step',
/* time_stamp */ '2026-08-17T16:49:19-07:00',
/* author */ (''),
/* organization */ (''),
/* preprocessor_version */ 'ST-DEVELOPER v20.1',
/* originating_system */ 'Autodesk Translation Framework v15.8.0.0',
/* authorisation */ '');

FILE_SCHEMA (('AUTOMOTIVE_DESIGN { 1 0 10303 214 3 1 1 }'));
ENDSEC;

DATA;
#10=MECHANICAL_DESIGN_GEOMETRIC_PRESENTATION_REPRESENTATION('',(#58,#59),
#3863);
#11=ITEM_DEFINED_TRANSFORMATION($,$,#2185,#2395);
#12=ITEM_DEFINED_TRANSFORMATION($,$,#2184,#2396);
#13=(
REPRESENTATION_RELATIONSHIP($,$,#3878,#3877)
REPRESENTATION_RELATIONSHIP_WITH_TRANSFORMATION(#11)
SHAPE_REPRESENTATION_RELATIONSHIP()
);
#14=(
REPRESENTATION_RELATIONSHIP($,$,#3877,#3876)
REPRESENTATION_RELATIONSHIP_WITH_TRANSFORMATION(#12)
SHAPE_REPRESENTATION_RELATIONSHIP()
);
#15=CONTEXT_DEPENDENT_SHAPE_REPRESENTATION(#13,#3874);
#16=CONTEXT_DEPENDENT_SHAPE_REPRESENTATION(#14,#3875);
#17=NEXT_ASSEMBLY_USAGE_OCCURRENCE('dust_cap:1','dust_cap:1',
'dust_cap:1',#3881,#3882,'dust_cap:1');
#18=NEXT_ASSEMBLY_USAGE_OCCURRENCE('baseplate_0_2mm:1',
'baseplate_0_2mm:1','baseplate_0_2mm:1',#3880,#3881,'baseplate_0_2mm:1');
#19=B_SPLINE_CURVE_WITH_KNOTS('',3,(#3123,#3124,#3125,#3126),
 .UNSPECIFIED.,.F.,.F.,(4,4),(0.0846083192605261,0.0891464034380531),
 .UNSPECIFIED.);
#20=B_SPLINE_CURVE_WITH_KNOTS('',3,(#3130,#3131,#3132,#3133),
 .UNSPECIFIED.,.F.,.F.,(4,4),(0.122816971694907,0.134630671172445),
 .UNSPECIFIED.);
#21=B_SPLINE_CURVE_WITH_KNOTS('',3,(#3144,#3145,#3146,#3147),
 .UNSPECIFIED.,.F.,.F.,(4,4),(0.0280429799369184,0.0325810641144453),
 .UNSPECIFIED.);
#22=B_SPLINE_CURVE_WITH_KNOTS('',3,(#3154,#3155,#3156,#3157),
 .UNSPECIFIED.,.F.,.F.,(4,4),(0.653786318832386,0.665600018309924),
 .UNSPECIFIED.);
#23=B_SPLINE_CURVE_WITH_KNOTS('',3,(#3161,#3162,#3163,#3164),
 .UNSPECIFIED.,.F.,.F.,(4,4),(0.023787884788727,0.0271565216682651),
 .UNSPECIFIED.);
#24=B_SPLINE_CURVE_WITH_KNOTS('',3,(#3168,#3169,#3170,#3171),
 .UNSPECIFIED.,.F.,.F.,(4,4),(0.0280429799369182,0.0325810641144452),
 .UNSPECIFIED.);
#25=B_SPLINE_CURVE_WITH_KNOTS('',3,(#3182,#3183,#3184,#3185),
 .UNSPECIFIED.,.F.,.F.,(4,4),(0.0215607068896984,0.0249293437692364),
 .UNSPECIFIED.);
#26=B_SPLINE_CURVE_WITH_KNOTS('',3,(#3189,#3190,#3191,#3192),
 .UNSPECIFIED.,.F.,.F.,(4,4),(0.0846083192605268,0.0891464034380538),
 .UNSPECIFIED.);
#27=B_SPLINE_CURVE_WITH_KNOTS('',3,(#3196,#3197,#3198,#3199),
 .UNSPECIFIED.,.F.,.F.,(4,4),(0.245274332810359,0.253515406025854),
 .UNSPECIFIED.);
#28=B_SPLINE_CURVE_WITH_KNOTS('',3,(#3201,#3202,#3203,#3204,#3205,#3206,
#3207,#3208),.UNSPECIFIED.,.F.,.F.,(4,2,2,4),(-0.0911703120892301,-0.0755771864346017,
-0.0377885932173008,0.),.UNSPECIFIED.);
#29=B_SPLINE_CURVE_WITH_KNOTS('',3,(#3212,#3213,#3214,#3215,#3216,#3217,
#3218,#3219),.UNSPECIFIED.,.F.,.F.,(4,2,2,4),(0.20505611410729,0.23016940396568,
0.268011528813951,0.305853653662223),.UNSPECIFIED.);
#30=B_SPLINE_CURVE_WITH_KNOTS('',3,(#3227,#3228,#3229,#3230),
 .UNSPECIFIED.,.F.,.F.,(4,4),(0.122816971694906,0.134630671172443),
 .UNSPECIFIED.);
#31=B_SPLINE_CURVE_WITH_KNOTS('',3,(#3235,#3236,#3237,#3238),
 .UNSPECIFIED.,.F.,.F.,(4,4),(0.0215607068896983,0.0249293437692362),
 .UNSPECIFIED.);
#32=B_SPLINE_CURVE_WITH_KNOTS('',3,(#3249,#3250,#3251,#3252),
 .UNSPECIFIED.,.F.,.F.,(4,4),(0.245274332810348,0.253515406025843),
 .UNSPECIFIED.);
#33=B_SPLINE_CURVE_WITH_KNOTS('',3,(#3260,#3261,#3262,#3263),
 .UNSPECIFIED.,.F.,.F.,(4,4),(0.023787884788727,0.0271565216682653),
 .UNSPECIFIED.);
#34=B_SPLINE_CURVE_WITH_KNOTS('',3,(#3282,#3283,#3284,#3285,#3286,#3287),
 .UNSPECIFIED.,.F.,.F.,(4,2,4),(-0.115982235308314,-0.0739773529052994,
0.),.UNSPECIFIED.);
#35=B_SPLINE_CURVE_WITH_KNOTS('',3,(#3289,#3290,#3291,#3292,#3293,#3294),
 .UNSPECIFIED.,.F.,.F.,(4,2,4),(0.,0.0739773529052995,0.115982235308315),
 .UNSPECIFIED.);
#36=B_SPLINE_CURVE_WITH_KNOTS('',3,(#3298,#3299,#3300,#3301,#3302,#3303,
#3304,#3305),.UNSPECIFIED.,.F.,.F.,(4,2,2,4),(0.,0.0377885932173008,0.0755771864346016,
0.0911703120843036),.UNSPECIFIED.);
#37=B_SPLINE_CURVE_WITH_KNOTS('',3,(#3309,#3310,#3311,#3312,#3313,#3314,
#3315,#3316,#3317,#3318),.UNSPECIFIED.,.F.,.F.,(4,2,2,2,4),(-0.154250917035501,
-0.114666021566367,-0.0750811260972325,-0.0375405630486162,0.),
 .UNSPECIFIED.);
#38=B_SPLINE_CURVE_WITH_KNOTS('',3,(#3327,#3328,#3329,#3330),
 .UNSPECIFIED.,.F.,.F.,(4,4),(0.20864038395102,0.216881457166516),
 .UNSPECIFIED.);
#39=B_SPLINE_CURVE_WITH_KNOTS('',3,(#3331,#3332,#3333,#3334),
 .UNSPECIFIED.,.F.,.F.,(4,4),(0.653786318832392,0.665600018309931),
 .UNSPECIFIED.);
#40=B_SPLINE_CURVE_WITH_KNOTS('',3,(#3348,#3349,#3350,#3351,#3352,#3353,
#3354,#3355,#3356,#3357),.UNSPECIFIED.,.F.,.F.,(4,2,2,2,4),(0.537643077823082,
0.579647960226096,0.653625313131395,0.727602666036695,0.769607548439708),
 .UNSPECIFIED.);
#41=B_SPLINE_CURVE_WITH_KNOTS('',3,(#3369,#3370,#3371,#3372,#3373,#3374,
#3375,#3376,#3377,#3378),.UNSPECIFIED.,.F.,.F.,(4,2,2,2,4),(0.,0.0375405630486163,
0.0750811260972325,0.114666021566367,0.154250917035501),.UNSPECIFIED.);
#42=B_SPLINE_CURVE_WITH_KNOTS('',3,(#3390,#3391,#3392,#3393),
 .UNSPECIFIED.,.F.,.F.,(4,4),(0.208640383951027,0.216881457166523),
 .UNSPECIFIED.);
#43=B_SPLINE_CURVE_WITH_KNOTS('',3,(#3407,#3408,#3409,#3410,#3411,#3412,
#3413,#3414),.UNSPECIFIED.,.F.,.F.,(4,2,2,4),(0.,0.0377885932173007,0.0755771864346014,
0.0911703120843022),.UNSPECIFIED.);
#44=B_SPLINE_CURVE_WITH_KNOTS('',3,(#3418,#3419,#3420,#3421,#3422,#3423,
#3424,#3425,#3426,#3427),.UNSPECIFIED.,.F.,.F.,(4,2,2,2,4),(-0.154250917035501,
-0.114666021566367,-0.0750811260972325,-0.0375405630486163,0.),
 .UNSPECIFIED.);
#45=B_SPLINE_CURVE_WITH_KNOTS('',3,(#3584,#3585,#3586,#3587,#3588,#3589,
#3590,#3591,#3592,#3593),.UNSPECIFIED.,.F.,.F.,(4,2,2,2,4),(0.3299940888118,
0.367471019218111,0.404947949624422,0.445498171757615,0.486048393890808),
 .UNSPECIFIED.);
#46=B_SPLINE_CURVE_WITH_KNOTS('',3,(#3601,#3602,#3603,#3604,#3605,#3606,
#3607,#3608,#3609,#3610),.UNSPECIFIED.,.F.,.F.,(4,2,2,2,4),(0.174164999797575,
0.214715221930769,0.255265444063962,0.292742374470273,0.330219304876584),
 .UNSPECIFIED.);
#47=B_SPLINE_CURVE_WITH_KNOTS('',3,(#3625,#3626,#3627,#3628,#3629,#3630,
#3631,#3632,#3633,#3634),.UNSPECIFIED.,.F.,.F.,(4,2,2,2,4),(0.3299940888118,
0.367471019218111,0.404947949624422,0.445498171757615,0.486048393890808),
 .UNSPECIFIED.);
#48=B_SPLINE_CURVE_WITH_KNOTS('',3,(#3637,#3638,#3639,#3640,#3641,#3642,
#3643,#3644,#3645,#3646),.UNSPECIFIED.,.F.,.F.,(4,2,2,2,4),(0.,0.0375405630486163,
0.0750811260972325,0.114666021566367,0.154250917035501),.UNSPECIFIED.);
#49=B_SPLINE_CURVE_WITH_KNOTS('',3,(#3656,#3657,#3658,#3659,#3660,#3661,
#3662,#3663,#3664,#3665),.UNSPECIFIED.,.F.,.F.,(4,2,2,2,4),(0.174164999797576,
0.214715221930769,0.255265444063962,0.292742374470273,0.330219304876584),
 .UNSPECIFIED.);
#50=B_SPLINE_CURVE_WITH_KNOTS('',3,(#3675,#3676,#3677,#3678,#3679,#3680,
#3681,#3682),.UNSPECIFIED.,.F.,.F.,(4,2,2,4),(-0.0911703120892309,-0.0755771864346015,
-0.0377885932173008,0.),.UNSPECIFIED.);
#51=B_SPLINE_CURVE_WITH_KNOTS('',3,(#3684,#3685,#3686,#3687,#3688,#3689,
#3690,#3691),.UNSPECIFIED.,.F.,.F.,(4,2,2,4),(0.20505611410729,0.23016940396568,
0.268011528813951,0.305853653662223),.UNSPECIFIED.);
#52=B_SPLINE_CURVE_WITH_KNOTS('',3,(#3713,#3714,#3715,#3716,#3717,#3718,
#3719,#3720),.UNSPECIFIED.,.F.,.F.,(4,2,2,4),(0.305853653662223,0.343695778510494,
0.381537903358766,0.406651193217156),.UNSPECIFIED.);
#53=B_SPLINE_CURVE_WITH_KNOTS('',3,(#3730,#3731,#3732,#3733,#3734,#3735,
#3736,#3737),.UNSPECIFIED.,.F.,.F.,(4,2,2,4),(0.917560960986669,0.95540308583494,
0.993245210683211,1.0183585005416),.UNSPECIFIED.);
#54=SHAPE_REPRESENTATION_RELATIONSHIP('SRR','None',#3878,#56);
#55=SHAPE_REPRESENTATION_RELATIONSHIP('SRR','None',#3877,#57);
#56=ADVANCED_BREP_SHAPE_REPRESENTATION('',(#60),#3862);
#57=ADVANCED_BREP_SHAPE_REPRESENTATION('',(#61),#3861);
#58=STYLED_ITEM('',(#3897),#60);
#59=STYLED_ITEM('',(#3896),#61);
#60=MANIFOLD_SOLID_BREP('Body1',#2169);
#61=MANIFOLD_SOLID_BREP('baseplate_0_1',#2170);
#62=FACE_BOUND('',#260,.T.);
#63=FACE_BOUND('',#300,.T.);
#64=FACE_BOUND('',#302,.T.);
#65=FACE_BOUND('',#348,.T.);
#66=FACE_BOUND('',#359,.T.);
#67=FACE_BOUND('',#361,.T.);
#68=CYLINDRICAL_SURFACE('',#2197,3.);
#69=CYLINDRICAL_SURFACE('',#2200,3.);
#70=CYLINDRICAL_SURFACE('',#2203,2.99999999999999);
#71=CYLINDRICAL_SURFACE('',#2206,3.);
#72=CYLINDRICAL_SURFACE('',#2208,2.99999999999999);
#73=CYLINDRICAL_SURFACE('',#2211,3.);
#74=CYLINDRICAL_SURFACE('',#2214,3.);
#75=CYLINDRICAL_SURFACE('',#2217,3.00000000000001);
#76=CYLINDRICAL_SURFACE('',#2221,0.15);
#77=CYLINDRICAL_SURFACE('',#2223,0.400000000000001);
#78=CYLINDRICAL_SURFACE('',#2225,0.15);
#79=CYLINDRICAL_SURFACE('',#2227,0.399999999999999);
#80=CYLINDRICAL_SURFACE('',#2229,0.15);
#81=CYLINDRICAL_SURFACE('',#2233,0.15);
#82=CYLINDRICAL_SURFACE('',#2234,1.);
#83=CYLINDRICAL_SURFACE('',#2237,0.399999999999999);
#84=CYLINDRICAL_SURFACE('',#2238,0.15);
#85=CYLINDRICAL_SURFACE('',#2240,0.399999999999999);
#86=CYLINDRICAL_SURFACE('',#2242,0.15);
#87=CYLINDRICAL_SURFACE('',#2247,0.400000000000001);
#88=CYLINDRICAL_SURFACE('',#2250,3.79999999999999);
#89=CYLINDRICAL_SURFACE('',#2253,0.400000000000001);
#90=CYLINDRICAL_SURFACE('',#2254,0.399999999999999);
#91=CYLINDRICAL_SURFACE('',#2257,1.95);
#92=CYLINDRICAL_SURFACE('',#2261,3.8);
#93=CYLINDRICAL_SURFACE('',#2264,0.399999999999999);
#94=CYLINDRICAL_SURFACE('',#2267,0.400000000000001);
#95=CYLINDRICAL_SURFACE('',#2269,0.400000000000001);
#96=CYLINDRICAL_SURFACE('',#2272,3.8);
#97=CYLINDRICAL_SURFACE('',#2275,0.5);
#98=CYLINDRICAL_SURFACE('',#2279,0.5);
#99=CYLINDRICAL_SURFACE('',#2283,0.5);
#100=CYLINDRICAL_SURFACE('',#2287,0.5);
#101=CYLINDRICAL_SURFACE('',#2291,0.5);
#102=CYLINDRICAL_SURFACE('',#2295,0.5);
#103=CYLINDRICAL_SURFACE('',#2298,0.5);
#104=CYLINDRICAL_SURFACE('',#2301,0.5);
#105=CYLINDRICAL_SURFACE('',#2305,0.975);
#106=CYLINDRICAL_SURFACE('',#2326,1.);
#107=CYLINDRICAL_SURFACE('',#2328,1.);
#108=CYLINDRICAL_SURFACE('',#2333,1.);
#109=CYLINDRICAL_SURFACE('',#2335,1.);
#110=CYLINDRICAL_SURFACE('',#2339,1.);
#111=CYLINDRICAL_SURFACE('',#2344,3.16500000000001);
#112=CYLINDRICAL_SURFACE('',#2346,1.);
#113=CYLINDRICAL_SURFACE('',#2348,3.165);
#114=CYLINDRICAL_SURFACE('',#2350,1.);
#115=CYLINDRICAL_SURFACE('',#2353,3.165);
#116=CYLINDRICAL_SURFACE('',#2356,3.165);
#117=CYLINDRICAL_SURFACE('',#2359,2.99999999999999);
#118=CYLINDRICAL_SURFACE('',#2363,3.);
#119=CYLINDRICAL_SURFACE('',#2367,3.);
#120=CYLINDRICAL_SURFACE('',#2371,3.);
#121=CYLINDRICAL_SURFACE('',#2379,3.065);
#122=CYLINDRICAL_SURFACE('',#2382,3.065);
#123=CYLINDRICAL_SURFACE('',#2386,3.06500000000001);
#124=CYLINDRICAL_SURFACE('',#2389,3.065);
#125=CYLINDRICAL_SURFACE('',#2391,3.79999999999999);
#126=FACE_OUTER_BOUND('',#241,.T.);
#127=FACE_OUTER_BOUND('',#242,.T.);
#128=FACE_OUTER_BOUND('',#243,.T.);
#129=FACE_OUTER_BOUND('',#244,.T.);
#130=FACE_OUTER_BOUND('',#245,.T.);
#131=FACE_OUTER_BOUND('',#246,.T.);
#132=FACE_OUTER_BOUND('',#247,.T.);
#133=FACE_OUTER_BOUND('',#248,.T.);
#134=FACE_OUTER_BOUND('',#249,.T.);
#135=FACE_OUTER_BOUND('',#250,.T.);
#136=FACE_OUTER_BOUND('',#251,.T.);
#137=FACE_OUTER_BOUND('',#252,.T.);
#138=FACE_OUTER_BOUND('',#253,.T.);
#139=FACE_OUTER_BOUND('',#254,.T.);
#140=FACE_OUTER_BOUND('',#255,.T.);
#141=FACE_OUTER_BOUND('',#256,.T.);
#142=FACE_OUTER_BOUND('',#257,.T.);
#143=FACE_OUTER_BOUND('',#258,.T.);
#144=FACE_OUTER_BOUND('',#259,.T.);
#145=FACE_OUTER_BOUND('',#261,.T.);
#146=FACE_OUTER_BOUND('',#262,.T.);
#147=FACE_OUTER_BOUND('',#263,.T.);
#148=FACE_OUTER_BOUND('',#264,.T.);
#149=FACE_OUTER_BOUND('',#265,.T.);
#150=FACE_OUTER_BOUND('',#266,.T.);
#151=FACE_OUTER_BOUND('',#267,.T.);
#152=FACE_OUTER_BOUND('',#268,.T.);
#153=FACE_OUTER_BOUND('',#269,.T.);
#154=FACE_OUTER_BOUND('',#270,.T.);
#155=FACE_OUTER_BOUND('',#271,.T.);
#156=FACE_OUTER_BOUND('',#272,.T.);
#157=FACE_OUTER_BOUND('',#273,.T.);
#158=FACE_OUTER_BOUND('',#274,.T.);
#159=FACE_OUTER_BOUND('',#275,.T.);
#160=FACE_OUTER_BOUND('',#276,.T.);
#161=FACE_OUTER_BOUND('',#277,.T.);
#162=FACE_OUTER_BOUND('',#278,.T.);
#163=FACE_OUTER_BOUND('',#279,.T.);
#164=FACE_OUTER_BOUND('',#280,.T.);
#165=FACE_OUTER_BOUND('',#281,.T.);
#166=FACE_OUTER_BOUND('',#282,.T.);
#167=FACE_OUTER_BOUND('',#283,.T.);
#168=FACE_OUTER_BOUND('',#284,.T.);
#169=FACE_OUTER_BOUND('',#285,.T.);
#170=FACE_OUTER_BOUND('',#286,.T.);
#171=FACE_OUTER_BOUND('',#287,.T.);
#172=FACE_OUTER_BOUND('',#288,.T.);
#173=FACE_OUTER_BOUND('',#289,.T.);
#174=FACE_OUTER_BOUND('',#290,.T.);
#175=FACE_OUTER_BOUND('',#291,.T.);
#176=FACE_OUTER_BOUND('',#292,.T.);
#177=FACE_OUTER_BOUND('',#293,.T.);
#178=FACE_OUTER_BOUND('',#294,.T.);
#179=FACE_OUTER_BOUND('',#295,.T.);
#180=FACE_OUTER_BOUND('',#296,.T.);
#181=FACE_OUTER_BOUND('',#297,.T.);
#182=FACE_OUTER_BOUND('',#298,.T.);
#183=FACE_OUTER_BOUND('',#299,.T.);
#184=FACE_OUTER_BOUND('',#301,.T.);
#185=FACE_OUTER_BOUND('',#303,.T.);
#186=FACE_OUTER_BOUND('',#304,.T.);
#187=FACE_OUTER_BOUND('',#305,.T.);
#188=FACE_OUTER_BOUND('',#306,.T.);
#189=FACE_OUTER_BOUND('',#307,.T.);
#190=FACE_OUTER_BOUND('',#308,.T.);
#191=FACE_OUTER_BOUND('',#309,.T.);
#192=FACE_OUTER_BOUND('',#310,.T.);
#193=FACE_OUTER_BOUND('',#311,.T.);
#194=FACE_OUTER_BOUND('',#312,.T.);
#195=FACE_OUTER_BOUND('',#313,.T.);
#196=FACE_OUTER_BOUND('',#314,.T.);
#197=FACE_OUTER_BOUND('',#315,.T.);
#198=FACE_OUTER_BOUND('',#316,.T.);
#199=FACE_OUTER_BOUND('',#317,.T.);
#200=FACE_OUTER_BOUND('',#318,.T.);
#201=FACE_OUTER_BOUND('',#319,.T.);
#202=FACE_OUTER_BOUND('',#320,.T.);
#203=FACE_OUTER_BOUND('',#321,.T.);
#204=FACE_OUTER_BOUND('',#322,.T.);
#205=FACE_OUTER_BOUND('',#323,.T.);
#206=FACE_OUTER_BOUND('',#324,.T.);
#207=FACE_OUTER_BOUND('',#325,.T.);
#208=FACE_OUTER_BOUND('',#326,.T.);
#209=FACE_OUTER_BOUND('',#327,.T.);
#210=FACE_OUTER_BOUND('',#328,.T.);
#211=FACE_OUTER_BOUND('',#329,.T.);
#212=FACE_OUTER_BOUND('',#330,.T.);
#213=FACE_OUTER_BOUND('',#331,.T.);
#214=FACE_OUTER_BOUND('',#332,.T.);
#215=FACE_OUTER_BOUND('',#333,.T.);
#216=FACE_OUTER_BOUND('',#334,.T.);
#217=FACE_OUTER_BOUND('',#335,.T.);
#218=FACE_OUTER_BOUND('',#336,.T.);
#219=FACE_OUTER_BOUND('',#337,.T.);
#220=FACE_OUTER_BOUND('',#338,.T.);
#221=FACE_OUTER_BOUND('',#339,.T.);
#222=FACE_OUTER_BOUND('',#340,.T.);
#223=FACE_OUTER_BOUND('',#341,.T.);
#224=FACE_OUTER_BOUND('',#342,.T.);
#225=FACE_OUTER_BOUND('',#343,.T.);
#226=FACE_OUTER_BOUND('',#344,.T.);
#227=FACE_OUTER_BOUND('',#345,.T.);
#228=FACE_OUTER_BOUND('',#346,.T.);
#229=FACE_OUTER_BOUND('',#347,.T.);
#230=FACE_OUTER_BOUND('',#349,.T.);
#231=FACE_OUTER_BOUND('',#350,.T.);
#232=FACE_OUTER_BOUND('',#351,.T.);
#233=FACE_OUTER_BOUND('',#352,.T.);
#234=FACE_OUTER_BOUND('',#353,.T.);
#235=FACE_OUTER_BOUND('',#354,.T.);
#236=FACE_OUTER_BOUND('',#355,.T.);
#237=FACE_OUTER_BOUND('',#356,.T.);
#238=FACE_OUTER_BOUND('',#357,.T.);
#239=FACE_OUTER_BOUND('',#358,.T.);
#240=FACE_OUTER_BOUND('',#360,.T.);
#241=EDGE_LOOP('',(#1361,#1362,#1363,#1364,#1365,#1366,#1367,#1368));
#242=EDGE_LOOP('',(#1369,#1370,#1371,#1372,#1373,#1374,#1375,#1376));
#243=EDGE_LOOP('',(#1377,#1378,#1379,#1380));
#244=EDGE_LOOP('',(#1381,#1382,#1383,#1384));
#245=EDGE_LOOP('',(#1385,#1386,#1387,#1388));
#246=EDGE_LOOP('',(#1389,#1390,#1391,#1392));
#247=EDGE_LOOP('',(#1393,#1394,#1395,#1396));
#248=EDGE_LOOP('',(#1397,#1398,#1399,#1400));
#249=EDGE_LOOP('',(#1401,#1402,#1403,#1404));
#250=EDGE_LOOP('',(#1405,#1406,#1407,#1408));
#251=EDGE_LOOP('',(#1409,#1410,#1411,#1412));
#252=EDGE_LOOP('',(#1413,#1414,#1415,#1416));
#253=EDGE_LOOP('',(#1417,#1418,#1419,#1420));
#254=EDGE_LOOP('',(#1421,#1422,#1423,#1424));
#255=EDGE_LOOP('',(#1425,#1426,#1427,#1428));
#256=EDGE_LOOP('',(#1429,#1430,#1431,#1432));
#257=EDGE_LOOP('',(#1433,#1434,#1435,#1436));
#258=EDGE_LOOP('',(#1437,#1438,#1439,#1440));
#259=EDGE_LOOP('',(#1441,#1442,#1443,#1444,#1445,#1446,#1447,#1448));
#260=EDGE_LOOP('',(#1449,#1450,#1451,#1452,#1453,#1454,#1455,#1456));
#261=EDGE_LOOP('',(#1457,#1458,#1459,#1460));
#262=EDGE_LOOP('',(#1461,#1462,#1463,#1464));
#263=EDGE_LOOP('',(#1465,#1466,#1467,#1468));
#264=EDGE_LOOP('',(#1469,#1470,#1471,#1472));
#265=EDGE_LOOP('',(#1473,#1474,#1475,#1476));
#266=EDGE_LOOP('',(#1477,#1478,#1479,#1480));
#267=EDGE_LOOP('',(#1481,#1482,#1483,#1484));
#268=EDGE_LOOP('',(#1485,#1486,#1487,#1488,#1489,#1490,#1491,#1492));
#269=EDGE_LOOP('',(#1493,#1494,#1495,#1496));
#270=EDGE_LOOP('',(#1497,#1498,#1499,#1500));
#271=EDGE_LOOP('',(#1501,#1502,#1503,#1504));
#272=EDGE_LOOP('',(#1505,#1506,#1507,#1508));
#273=EDGE_LOOP('',(#1509,#1510,#1511,#1512,#1513,#1514));
#274=EDGE_LOOP('',(#1515,#1516,#1517,#1518,#1519));
#275=EDGE_LOOP('',(#1520,#1521,#1522,#1523,#1524,#1525,#1526,#1527,#1528,
#1529,#1530,#1531));
#276=EDGE_LOOP('',(#1532,#1533,#1534,#1535));
#277=EDGE_LOOP('',(#1536,#1537,#1538,#1539,#1540));
#278=EDGE_LOOP('',(#1541,#1542,#1543,#1544,#1545,#1546,#1547,#1548,#1549,
#1550,#1551,#1552,#1553,#1554,#1555,#1556,#1557));
#279=EDGE_LOOP('',(#1558,#1559,#1560,#1561,#1562,#1563,#1564,#1565,#1566,
#1567,#1568));
#280=EDGE_LOOP('',(#1569,#1570,#1571,#1572,#1573));
#281=EDGE_LOOP('',(#1574,#1575,#1576,#1577));
#282=EDGE_LOOP('',(#1578,#1579,#1580,#1581,#1582));
#283=EDGE_LOOP('',(#1583,#1584,#1585,#1586,#1587,#1588,#1589,#1590,#1591));
#284=EDGE_LOOP('',(#1592,#1593,#1594,#1595));
#285=EDGE_LOOP('',(#1596,#1597,#1598,#1599));
#286=EDGE_LOOP('',(#1600,#1601,#1602,#1603));
#287=EDGE_LOOP('',(#1604,#1605,#1606,#1607));
#288=EDGE_LOOP('',(#1608,#1609,#1610,#1611));
#289=EDGE_LOOP('',(#1612,#1613,#1614,#1615));
#290=EDGE_LOOP('',(#1616,#1617,#1618,#1619));
#291=EDGE_LOOP('',(#1620,#1621,#1622,#1623));
#292=EDGE_LOOP('',(#1624,#1625,#1626,#1627));
#293=EDGE_LOOP('',(#1628,#1629,#1630,#1631));
#294=EDGE_LOOP('',(#1632,#1633,#1634,#1635));
#295=EDGE_LOOP('',(#1636,#1637,#1638,#1639));
#296=EDGE_LOOP('',(#1640,#1641,#1642,#1643));
#297=EDGE_LOOP('',(#1644,#1645,#1646,#1647));
#298=EDGE_LOOP('',(#1648,#1649,#1650,#1651));
#299=EDGE_LOOP('',(#1652));
#300=EDGE_LOOP('',(#1653));
#301=EDGE_LOOP('',(#1654,#1655,#1656,#1657,#1658,#1659));
#302=EDGE_LOOP('',(#1660));
#303=EDGE_LOOP('',(#1661,#1662,#1663,#1664,#1665));
#304=EDGE_LOOP('',(#1666,#1667,#1668,#1669));
#305=EDGE_LOOP('',(#1670,#1671,#1672,#1673));
#306=EDGE_LOOP('',(#1674,#1675,#1676,#1677));
#307=EDGE_LOOP('',(#1678,#1679,#1680,#1681));
#308=EDGE_LOOP('',(#1682,#1683,#1684,#1685,#1686,#1687));
#309=EDGE_LOOP('',(#1688,#1689,#1690,#1691));
#310=EDGE_LOOP('',(#1692,#1693,#1694,#1695));
#311=EDGE_LOOP('',(#1696,#1697,#1698,#1699,#1700,#1701,#1702,#1703,#1704,
#1705));
#312=EDGE_LOOP('',(#1706,#1707,#1708,#1709));
#313=EDGE_LOOP('',(#1710,#1711,#1712,#1713));
#314=EDGE_LOOP('',(#1714,#1715,#1716,#1717,#1718,#1719,#1720,#1721,#1722,
#1723));
#315=EDGE_LOOP('',(#1724,#1725,#1726,#1727));
#316=EDGE_LOOP('',(#1728,#1729,#1730,#1731));
#317=EDGE_LOOP('',(#1732,#1733,#1734,#1735,#1736,#1737));
#318=EDGE_LOOP('',(#1738,#1739,#1740,#1741));
#319=EDGE_LOOP('',(#1742,#1743,#1744,#1745));
#320=EDGE_LOOP('',(#1746,#1747,#1748,#1749));
#321=EDGE_LOOP('',(#1750,#1751,#1752,#1753,#1754,#1755,#1756,#1757));
#322=EDGE_LOOP('',(#1758,#1759,#1760,#1761));
#323=EDGE_LOOP('',(#1762,#1763,#1764,#1765));
#324=EDGE_LOOP('',(#1766,#1767,#1768,#1769));
#325=EDGE_LOOP('',(#1770,#1771,#1772,#1773,#1774,#1775,#1776,#1777));
#326=EDGE_LOOP('',(#1778,#1779,#1780,#1781,#1782,#1783,#1784,#1785));
#327=EDGE_LOOP('',(#1786,#1787,#1788,#1789));
#328=EDGE_LOOP('',(#1790,#1791,#1792,#1793,#1794,#1795));
#329=EDGE_LOOP('',(#1796,#1797,#1798,#1799,#1800,#1801,#1802));
#330=EDGE_LOOP('',(#1803,#1804,#1805,#1806,#1807,#1808,#1809,#1810));
#331=EDGE_LOOP('',(#1811,#1812,#1813,#1814));
#332=EDGE_LOOP('',(#1815,#1816,#1817,#1818,#1819,#1820,#1821));
#333=EDGE_LOOP('',(#1822,#1823,#1824,#1825,#1826,#1827,#1828,#1829));
#334=EDGE_LOOP('',(#1830,#1831,#1832,#1833));
#335=EDGE_LOOP('',(#1834,#1835,#1836,#1837));
#336=EDGE_LOOP('',(#1838,#1839,#1840,#1841,#1842,#1843,#1844));
#337=EDGE_LOOP('',(#1845,#1846,#1847,#1848));
#338=EDGE_LOOP('',(#1849,#1850,#1851,#1852,#1853,#1854,#1855));
#339=EDGE_LOOP('',(#1856,#1857,#1858,#1859));
#340=EDGE_LOOP('',(#1860,#1861,#1862,#1863));
#341=EDGE_LOOP('',(#1864,#1865,#1866,#1867));
#342=EDGE_LOOP('',(#1868,#1869,#1870,#1871));
#343=EDGE_LOOP('',(#1872,#1873,#1874,#1875));
#344=EDGE_LOOP('',(#1876,#1877,#1878,#1879));
#345=EDGE_LOOP('',(#1880,#1881,#1882,#1883));
#346=EDGE_LOOP('',(#1884,#1885,#1886,#1887));
#347=EDGE_LOOP('',(#1888,#1889,#1890,#1891,#1892,#1893,#1894,#1895));
#348=EDGE_LOOP('',(#1896,#1897,#1898,#1899,#1900,#1901,#1902,#1903));
#349=EDGE_LOOP('',(#1904,#1905,#1906,#1907));
#350=EDGE_LOOP('',(#1908,#1909,#1910,#1911));
#351=EDGE_LOOP('',(#1912,#1913,#1914,#1915));
#352=EDGE_LOOP('',(#1916,#1917,#1918,#1919));
#353=EDGE_LOOP('',(#1920,#1921,#1922,#1923));
#354=EDGE_LOOP('',(#1924,#1925,#1926,#1927));
#355=EDGE_LOOP('',(#1928,#1929,#1930,#1931));
#356=EDGE_LOOP('',(#1932,#1933,#1934,#1935));
#357=EDGE_LOOP('',(#1936,#1937,#1938,#1939,#1940,#1941,#1942,#1943,#1944));
#358=EDGE_LOOP('',(#1945,#1946,#1947,#1948,#1949,#1950,#1951,#1952,#1953,
#1954,#1955,#1956,#1957,#1958,#1959,#1960,#1961,#1962,#1963,#1964,#1965,
#1966,#1967,#1968,#1969,#1970,#1971,#1972));
#359=EDGE_LOOP('',(#1973,#1974,#1975,#1976,#1977,#1978,#1979,#1980));
#360=EDGE_LOOP('',(#1981,#1982,#1983,#1984,#1985,#1986,#1987,#1988));
#361=EDGE_LOOP('',(#1989,#1990,#1991,#1992,#1993,#1994,#1995,#1996));
#362=CIRCLE('',#2187,3.00000000000001);
#363=CIRCLE('',#2188,3.);
#364=CIRCLE('',#2189,3.);
#365=CIRCLE('',#2190,2.99999999999999);
#366=CIRCLE('',#2192,3.);
#367=CIRCLE('',#2193,3.);
#368=CIRCLE('',#2194,3.);
#369=CIRCLE('',#2195,2.99999999999999);
#370=CIRCLE('',#2198,3.);
#371=CIRCLE('',#2201,3.);
#372=CIRCLE('',#2204,2.99999999999999);
#373=CIRCLE('',#2207,3.);
#374=CIRCLE('',#2209,2.99999999999999);
#375=CIRCLE('',#2212,3.);
#376=CIRCLE('',#2215,3.);
#377=CIRCLE('',#2218,3.00000000000001);
#378=CIRCLE('',#2222,0.15);
#379=CIRCLE('',#2224,0.400000000000001);
#380=CIRCLE('',#2226,0.15);
#381=CIRCLE('',#2228,0.399999999986297);
#382=CIRCLE('',#2231,1.95);
#383=CIRCLE('',#2232,1.);
#384=CIRCLE('',#2235,1.);
#385=CIRCLE('',#2236,1.);
#386=CIRCLE('',#2239,0.15);
#387=CIRCLE('',#2241,0.399999999986298);
#388=CIRCLE('',#2243,0.15);
#389=CIRCLE('',#2245,1.);
#390=CIRCLE('',#2246,1.);
#391=CIRCLE('',#2248,0.400000000000001);
#392=CIRCLE('',#2249,0.400000000000001);
#393=CIRCLE('',#2251,3.79999999999999);
#394=CIRCLE('',#2252,3.79999999999999);
#395=CIRCLE('',#2255,0.399999999999999);
#396=CIRCLE('',#2256,0.399999999986297);
#397=CIRCLE('',#2258,1.95);
#398=CIRCLE('',#2259,1.95);
#399=CIRCLE('',#2260,1.95);
#400=CIRCLE('',#2262,3.8);
#401=CIRCLE('',#2263,3.8);
#402=CIRCLE('',#2265,0.399999999999999);
#403=CIRCLE('',#2266,0.399999999986298);
#404=CIRCLE('',#2268,0.400000000000001);
#405=CIRCLE('',#2270,0.400000000000001);
#406=CIRCLE('',#2271,0.400000000000001);
#407=CIRCLE('',#2273,3.8);
#408=CIRCLE('',#2274,3.8);
#409=CIRCLE('',#2276,0.5);
#410=CIRCLE('',#2277,0.5);
#411=CIRCLE('',#2280,0.5);
#412=CIRCLE('',#2281,0.5);
#413=CIRCLE('',#2284,0.5);
#414=CIRCLE('',#2285,0.5);
#415=CIRCLE('',#2288,0.5);
#416=CIRCLE('',#2289,0.5);
#417=CIRCLE('',#2292,0.5);
#418=CIRCLE('',#2293,0.5);
#419=CIRCLE('',#2296,0.5);
#420=CIRCLE('',#2297,0.5);
#421=CIRCLE('',#2299,0.5);
#422=CIRCLE('',#2300,0.5);
#423=CIRCLE('',#2302,0.5);
#424=CIRCLE('',#2303,0.5);
#425=CIRCLE('',#2306,0.975);
#426=CIRCLE('',#2307,0.975);
#427=CIRCLE('',#2310,1.);
#428=CIRCLE('',#2330,3.165);
#429=CIRCLE('',#2331,3.16500000000001);
#430=CIRCLE('',#2332,3.79999999999999);
#431=CIRCLE('',#2337,3.165);
#432=CIRCLE('',#2338,3.165);
#433=CIRCLE('',#2340,1.);
#434=CIRCLE('',#2343,1.);
#435=CIRCLE('',#2345,3.16500000000001);
#436=CIRCLE('',#2349,3.165);
#437=CIRCLE('',#2354,3.165);
#438=CIRCLE('',#2357,3.165);
#439=CIRCLE('',#2360,2.99999999999999);
#440=CIRCLE('',#2361,2.99999999999999);
#441=CIRCLE('',#2364,3.);
#442=CIRCLE('',#2365,3.);
#443=CIRCLE('',#2368,3.);
#444=CIRCLE('',#2369,3.);
#445=CIRCLE('',#2372,3.);
#446=CIRCLE('',#2373,3.);
#447=CIRCLE('',#2375,3.065);
#448=CIRCLE('',#2376,3.065);
#449=CIRCLE('',#2377,3.065);
#450=CIRCLE('',#2378,3.06500000000001);
#451=CIRCLE('',#2380,3.065);
#452=CIRCLE('',#2383,3.065);
#453=CIRCLE('',#2387,3.06500000000001);
#454=CIRCLE('',#2390,3.065);
#455=CIRCLE('',#2392,3.79999999999999);
#456=LINE('',#3020,#645);
#457=LINE('',#3024,#646);
#458=LINE('',#3028,#647);
#459=LINE('',#3032,#648);
#460=LINE('',#3039,#649);
#461=LINE('',#3043,#650);
#462=LINE('',#3047,#651);
#463=LINE('',#3050,#652);
#464=LINE('',#3054,#653);
#465=LINE('',#3055,#654);
#466=LINE('',#3056,#655);
#467=LINE('',#3060,#656);
#468=LINE('',#3063,#657);
#469=LINE('',#3064,#658);
#470=LINE('',#3068,#659);
#471=LINE('',#3071,#660);
#472=LINE('',#3072,#661);
#473=LINE('',#3076,#662);
#474=LINE('',#3079,#663);
#475=LINE('',#3080,#664);
#476=LINE('',#3087,#665);
#477=LINE('',#3088,#666);
#478=LINE('',#3091,#667);
#479=LINE('',#3092,#668);
#480=LINE('',#3096,#669);
#481=LINE('',#3099,#670);
#482=LINE('',#3100,#671);
#483=LINE('',#3104,#672);
#484=LINE('',#3107,#673);
#485=LINE('',#3108,#674);
#486=LINE('',#3112,#675);
#487=LINE('',#3114,#676);
#488=LINE('',#3121,#677);
#489=LINE('',#3127,#678);
#490=LINE('',#3135,#679);
#491=LINE('',#3142,#680);
#492=LINE('',#3148,#681);
#493=LINE('',#3153,#682);
#494=LINE('',#3166,#683);
#495=LINE('',#3172,#684);
#496=LINE('',#3177,#685);
#497=LINE('',#3187,#686);
#498=LINE('',#3193,#687);
#499=LINE('',#3210,#688);
#500=LINE('',#3223,#689);
#501=LINE('',#3231,#690);
#502=LINE('',#3240,#691);
#503=LINE('',#3243,#692);
#504=LINE('',#3248,#693);
#505=LINE('',#3258,#694);
#506=LINE('',#3264,#695);
#507=LINE('',#3269,#696);
#508=LINE('',#3271,#697);
#509=LINE('',#3277,#698);
#510=LINE('',#3279,#699);
#511=LINE('',#3296,#700);
#512=LINE('',#3307,#701);
#513=LINE('',#3322,#702);
#514=LINE('',#3324,#703);
#515=LINE('',#3339,#704);
#516=LINE('',#3342,#705);
#517=LINE('',#3346,#706);
#518=LINE('',#3363,#707);
#519=LINE('',#3365,#708);
#520=LINE('',#3379,#709);
#521=LINE('',#3384,#710);
#522=LINE('',#3387,#711);
#523=LINE('',#3395,#712);
#524=LINE('',#3402,#713);
#525=LINE('',#3404,#714);
#526=LINE('',#3416,#715);
#527=LINE('',#3431,#716);
#528=LINE('',#3433,#717);
#529=LINE('',#3439,#718);
#530=LINE('',#3443,#719);
#531=LINE('',#3445,#720);
#532=LINE('',#3446,#721);
#533=LINE('',#3452,#722);
#534=LINE('',#3454,#723);
#535=LINE('',#3455,#724);
#536=LINE('',#3460,#725);
#537=LINE('',#3464,#726);
#538=LINE('',#3466,#727);
#539=LINE('',#3467,#728);
#540=LINE('',#3473,#729);
#541=LINE('',#3476,#730);
#542=LINE('',#3478,#731);
#543=LINE('',#3480,#732);
#544=LINE('',#3481,#733);
#545=LINE('',#3486,#734);
#546=LINE('',#3490,#735);
#547=LINE('',#3492,#736);
#548=LINE('',#3493,#737);
#549=LINE('',#3499,#738);
#550=LINE('',#3505,#739);
#551=LINE('',#3510,#740);
#552=LINE('',#3514,#741);
#553=LINE('',#3516,#742);
#554=LINE('',#3517,#743);
#555=LINE('',#3522,#744);
#556=LINE('',#3527,#745);
#557=LINE('',#3529,#746);
#558=LINE('',#3531,#747);
#559=LINE('',#3534,#748);
#560=LINE('',#3536,#749);
#561=LINE('',#3537,#750);
#562=LINE('',#3539,#751);
#563=LINE('',#3543,#752);
#564=LINE('',#3545,#753);
#565=LINE('',#3546,#754);
#566=LINE('',#3548,#755);
#567=LINE('',#3549,#756);
#568=LINE('',#3553,#757);
#569=LINE('',#3555,#758);
#570=LINE('',#3556,#759);
#571=LINE('',#3558,#760);
#572=LINE('',#3559,#761);
#573=LINE('',#3563,#762);
#574=LINE('',#3565,#763);
#575=LINE('',#3566,#764);
#576=LINE('',#3568,#765);
#577=LINE('',#3569,#766);
#578=LINE('',#3573,#767);
#579=LINE('',#3575,#768);
#580=LINE('',#3576,#769);
#581=LINE('',#3578,#770);
#582=LINE('',#3579,#771);
#583=LINE('',#3594,#772);
#584=LINE('',#3595,#773);
#585=LINE('',#3597,#774);
#586=LINE('',#3611,#775);
#587=LINE('',#3612,#776);
#588=LINE('',#3617,#777);
#589=LINE('',#3621,#778);
#590=LINE('',#3636,#779);
#591=LINE('',#3649,#780);
#592=LINE('',#3651,#781);
#593=LINE('',#3652,#782);
#594=LINE('',#3666,#783);
#595=LINE('',#3667,#784);
#596=LINE('',#3672,#785);
#597=LINE('',#3694,#786);
#598=LINE('',#3697,#787);
#599=LINE('',#3698,#788);
#600=LINE('',#3701,#789);
#601=LINE('',#3703,#790);
#602=LINE('',#3705,#791);
#603=LINE('',#3709,#792);
#604=LINE('',#3721,#793);
#605=LINE('',#3723,#794);
#606=LINE('',#3726,#795);
#607=LINE('',#3738,#796);
#608=LINE('',#3740,#797);
#609=LINE('',#3743,#798);
#610=LINE('',#3744,#799);
#611=LINE('',#3749,#800);
#612=LINE('',#3750,#801);
#613=LINE('',#3756,#802);
#614=LINE('',#3758,#803);
#615=LINE('',#3760,#804);
#616=LINE('',#3761,#805);
#617=LINE('',#3767,#806);
#618=LINE('',#3770,#807);
#619=LINE('',#3772,#808);
#620=LINE('',#3773,#809);
#621=LINE('',#3779,#810);
#622=LINE('',#3782,#811);
#623=LINE('',#3784,#812);
#624=LINE('',#3785,#813);
#625=LINE('',#3791,#814);
#626=LINE('',#3794,#815);
#627=LINE('',#3796,#816);
#628=LINE('',#3797,#817);
#629=LINE('',#3806,#818);
#630=LINE('',#3810,#819);
#631=LINE('',#3814,#820);
#632=LINE('',#3817,#821);
#633=LINE('',#3820,#822);
#634=LINE('',#3823,#823);
#635=LINE('',#3826,#824);
#636=LINE('',#3827,#825);
#637=LINE('',#3830,#826);
#638=LINE('',#3834,#827);
#639=LINE('',#3835,#828);
#640=LINE('',#3838,#829);
#641=LINE('',#3839,#830);
#642=LINE('',#3843,#831);
#643=LINE('',#3846,#832);
#644=LINE('',#3847,#833);
#645=VECTOR('',#2405,10.);
#646=VECTOR('',#2408,10.);
#647=VECTOR('',#2411,10.);
#648=VECTOR('',#2414,10.);
#649=VECTOR('',#2421,10.);
#650=VECTOR('',#2424,10.);
#651=VECTOR('',#2427,10.);
#652=VECTOR('',#2430,10.);
#653=VECTOR('',#2433,10.);
#654=VECTOR('',#2434,10.);
#655=VECTOR('',#2435,10.);
#656=VECTOR('',#2440,10.);
#657=VECTOR('',#2443,10.);
#658=VECTOR('',#2444,10.);
#659=VECTOR('',#2449,10.);
#660=VECTOR('',#2452,10.);
#661=VECTOR('',#2453,10.);
#662=VECTOR('',#2458,10.);
#663=VECTOR('',#2461,10.);
#664=VECTOR('',#2462,10.);
#665=VECTOR('',#2471,10.);
#666=VECTOR('',#2472,10.);
#667=VECTOR('',#2475,10.);
#668=VECTOR('',#2476,10.);
#669=VECTOR('',#2481,10.);
#670=VECTOR('',#2484,10.);
#671=VECTOR('',#2485,10.);
#672=VECTOR('',#2490,10.);
#673=VECTOR('',#2493,10.);
#674=VECTOR('',#2494,10.);
#675=VECTOR('',#2499,10.);
#676=VECTOR('',#2502,10.);
#677=VECTOR('',#2509,10.);
#678=VECTOR('',#2510,10.);
#679=VECTOR('',#2513,0.4);
#680=VECTOR('',#2520,10.);
#681=VECTOR('',#2521,10.);
#682=VECTOR('',#2526,0.4);
#683=VECTOR('',#2529,10.);
#684=VECTOR('',#2530,10.);
#685=VECTOR('',#2535,10.);
#686=VECTOR('',#2540,10.);
#687=VECTOR('',#2541,10.);
#688=VECTOR('',#2544,10.);
#689=VECTOR('',#2547,10.);
#690=VECTOR('',#2552,0.4);
#691=VECTOR('',#2555,10.);
#692=VECTOR('',#2558,10.);
#693=VECTOR('',#2563,0.4);
#694=VECTOR('',#2568,10.);
#695=VECTOR('',#2569,10.);
#696=VECTOR('',#2574,10.);
#697=VECTOR('',#2577,10.);
#698=VECTOR('',#2582,10.);
#699=VECTOR('',#2585,0.4);
#700=VECTOR('',#2588,0.4);
#701=VECTOR('',#2589,10.);
#702=VECTOR('',#2592,10.);
#703=VECTOR('',#2593,10.);
#704=VECTOR('',#2602,0.4);
#705=VECTOR('',#2605,10.);
#706=VECTOR('',#2610,1.95);
#707=VECTOR('',#2619,10.);
#708=VECTOR('',#2620,10.);
#709=VECTOR('',#2623,10.);
#710=VECTOR('',#2628,0.4);
#711=VECTOR('',#2631,10.);
#712=VECTOR('',#2634,0.4);
#713=VECTOR('',#2641,10.);
#714=VECTOR('',#2644,0.4);
#715=VECTOR('',#2647,10.);
#716=VECTOR('',#2650,10.);
#717=VECTOR('',#2651,10.);
#718=VECTOR('',#2658,10.);
#719=VECTOR('',#2663,10.);
#720=VECTOR('',#2664,10.);
#721=VECTOR('',#2665,10.);
#722=VECTOR('',#2672,10.);
#723=VECTOR('',#2675,10.);
#724=VECTOR('',#2676,10.);
#725=VECTOR('',#2681,10.);
#726=VECTOR('',#2686,10.);
#727=VECTOR('',#2687,10.);
#728=VECTOR('',#2688,10.);
#729=VECTOR('',#2693,10.);
#730=VECTOR('',#2696,10.);
#731=VECTOR('',#2699,10.);
#732=VECTOR('',#2700,10.);
#733=VECTOR('',#2701,10.);
#734=VECTOR('',#2706,10.);
#735=VECTOR('',#2711,10.);
#736=VECTOR('',#2712,10.);
#737=VECTOR('',#2713,10.);
#738=VECTOR('',#2720,10.);
#739=VECTOR('',#2727,10.);
#740=VECTOR('',#2732,10.);
#741=VECTOR('',#2737,10.);
#742=VECTOR('',#2738,10.);
#743=VECTOR('',#2739,10.);
#744=VECTOR('',#2744,0.975);
#745=VECTOR('',#2751,10.);
#746=VECTOR('',#2752,10.);
#747=VECTOR('',#2753,10.);
#748=VECTOR('',#2756,10.);
#749=VECTOR('',#2759,10.);
#750=VECTOR('',#2760,10.);
#751=VECTOR('',#2763,10.);
#752=VECTOR('',#2768,10.);
#753=VECTOR('',#2769,10.);
#754=VECTOR('',#2770,10.);
#755=VECTOR('',#2773,10.);
#756=VECTOR('',#2774,10.);
#757=VECTOR('',#2779,10.);
#758=VECTOR('',#2780,10.);
#759=VECTOR('',#2781,10.);
#760=VECTOR('',#2784,10.);
#761=VECTOR('',#2785,10.);
#762=VECTOR('',#2790,10.);
#763=VECTOR('',#2791,10.);
#764=VECTOR('',#2792,10.);
#765=VECTOR('',#2795,10.);
#766=VECTOR('',#2796,10.);
#767=VECTOR('',#2801,10.);
#768=VECTOR('',#2802,10.);
#769=VECTOR('',#2803,10.);
#770=VECTOR('',#2806,10.);
#771=VECTOR('',#2807,10.);
#772=VECTOR('',#2812,10.);
#773=VECTOR('',#2813,10.);
#774=VECTOR('',#2816,10.);
#775=VECTOR('',#2819,10.);
#776=VECTOR('',#2820,10.);
#777=VECTOR('',#2825,10.);
#778=VECTOR('',#2828,10.);
#779=VECTOR('',#2833,10.);
#780=VECTOR('',#2836,10.);
#781=VECTOR('',#2837,10.);
#782=VECTOR('',#2838,10.);
#783=VECTOR('',#2841,10.);
#784=VECTOR('',#2842,10.);
#785=VECTOR('',#2847,10.);
#786=VECTOR('',#2854,10.);
#787=VECTOR('',#2857,10.);
#788=VECTOR('',#2858,10.);
#789=VECTOR('',#2861,10.);
#790=VECTOR('',#2862,10.);
#791=VECTOR('',#2863,10.);
#792=VECTOR('',#2868,10.);
#793=VECTOR('',#2873,10.);
#794=VECTOR('',#2876,10.);
#795=VECTOR('',#2879,10.);
#796=VECTOR('',#2884,10.);
#797=VECTOR('',#2887,10.);
#798=VECTOR('',#2890,10.);
#799=VECTOR('',#2891,10.);
#800=VECTOR('',#2898,10.);
#801=VECTOR('',#2899,10.);
#802=VECTOR('',#2906,10.);
#803=VECTOR('',#2907,10.);
#804=VECTOR('',#2908,10.);
#805=VECTOR('',#2909,10.);
#806=VECTOR('',#2916,10.);
#807=VECTOR('',#2919,10.);
#808=VECTOR('',#2920,10.);
#809=VECTOR('',#2921,10.);
#810=VECTOR('',#2928,10.);
#811=VECTOR('',#2931,10.);
#812=VECTOR('',#2932,10.);
#813=VECTOR('',#2933,10.);
#814=VECTOR('',#2940,10.);
#815=VECTOR('',#2943,10.);
#816=VECTOR('',#2944,10.);
#817=VECTOR('',#2945,10.);
#818=VECTOR('',#2956,10.);
#819=VECTOR('',#2959,10.);
#820=VECTOR('',#2962,10.);
#821=VECTOR('',#2965,10.);
#822=VECTOR('',#2968,10.);
#823=VECTOR('',#2971,10.);
#824=VECTOR('',#2974,10.);
#825=VECTOR('',#2975,10.);
#826=VECTOR('',#2978,10.);
#827=VECTOR('',#2983,10.);
#828=VECTOR('',#2984,10.);
#829=VECTOR('',#2987,10.);
#830=VECTOR('',#2988,10.);
#831=VECTOR('',#2993,10.);
#832=VECTOR('',#2996,10.);
#833=VECTOR('',#2997,10.);
#834=VERTEX_POINT('',#3018);
#835=VERTEX_POINT('',#3019);
#836=VERTEX_POINT('',#3021);
#837=VERTEX_POINT('',#3023);
#838=VERTEX_POINT('',#3025);
#839=VERTEX_POINT('',#3027);
#840=VERTEX_POINT('',#3029);
#841=VERTEX_POINT('',#3031);
#842=VERTEX_POINT('',#3035);
#843=VERTEX_POINT('',#3036);
#844=VERTEX_POINT('',#3038);
#845=VERTEX_POINT('',#3040);
#846=VERTEX_POINT('',#3042);
#847=VERTEX_POINT('',#3044);
#848=VERTEX_POINT('',#3046);
#849=VERTEX_POINT('',#3048);
#850=VERTEX_POINT('',#3052);
#851=VERTEX_POINT('',#3053);
#852=VERTEX_POINT('',#3058);
#853=VERTEX_POINT('',#3062);
#854=VERTEX_POINT('',#3066);
#855=VERTEX_POINT('',#3070);
#856=VERTEX_POINT('',#3074);
#857=VERTEX_POINT('',#3078);
#858=VERTEX_POINT('',#3084);
#859=VERTEX_POINT('',#3085);
#860=VERTEX_POINT('',#3090);
#861=VERTEX_POINT('',#3094);
#862=VERTEX_POINT('',#3098);
#863=VERTEX_POINT('',#3102);
#864=VERTEX_POINT('',#3106);
#865=VERTEX_POINT('',#3110);
#866=VERTEX_POINT('',#3117);
#867=VERTEX_POINT('',#3118);
#868=VERTEX_POINT('',#3120);
#869=VERTEX_POINT('',#3122);
#870=VERTEX_POINT('',#3129);
#871=VERTEX_POINT('',#3134);
#872=VERTEX_POINT('',#3138);
#873=VERTEX_POINT('',#3139);
#874=VERTEX_POINT('',#3141);
#875=VERTEX_POINT('',#3143);
#876=VERTEX_POINT('',#3150);
#877=VERTEX_POINT('',#3152);
#878=VERTEX_POINT('',#3159);
#879=VERTEX_POINT('',#3160);
#880=VERTEX_POINT('',#3165);
#881=VERTEX_POINT('',#3167);
#882=VERTEX_POINT('',#3174);
#883=VERTEX_POINT('',#3176);
#884=VERTEX_POINT('',#3180);
#885=VERTEX_POINT('',#3181);
#886=VERTEX_POINT('',#3186);
#887=VERTEX_POINT('',#3188);
#888=VERTEX_POINT('',#3195);
#889=VERTEX_POINT('',#3200);
#890=VERTEX_POINT('',#3209);
#891=VERTEX_POINT('',#3211);
#892=VERTEX_POINT('',#3220);
#893=VERTEX_POINT('',#3222);
#894=VERTEX_POINT('',#3226);
#895=VERTEX_POINT('',#3233);
#896=VERTEX_POINT('',#3234);
#897=VERTEX_POINT('',#3239);
#898=VERTEX_POINT('',#3241);
#899=VERTEX_POINT('',#3245);
#900=VERTEX_POINT('',#3247);
#901=VERTEX_POINT('',#3254);
#902=VERTEX_POINT('',#3255);
#903=VERTEX_POINT('',#3257);
#904=VERTEX_POINT('',#3259);
#905=VERTEX_POINT('',#3266);
#906=VERTEX_POINT('',#3268);
#907=VERTEX_POINT('',#3273);
#908=VERTEX_POINT('',#3274);
#909=VERTEX_POINT('',#3276);
#910=VERTEX_POINT('',#3281);
#911=VERTEX_POINT('',#3288);
#912=VERTEX_POINT('',#3295);
#913=VERTEX_POINT('',#3297);
#914=VERTEX_POINT('',#3306);
#915=VERTEX_POINT('',#3308);
#916=VERTEX_POINT('',#3319);
#917=VERTEX_POINT('',#3321);
#918=VERTEX_POINT('',#3323);
#919=VERTEX_POINT('',#3336);
#920=VERTEX_POINT('',#3337);
#921=VERTEX_POINT('',#3340);
#922=VERTEX_POINT('',#3344);
#923=VERTEX_POINT('',#3360);
#924=VERTEX_POINT('',#3362);
#925=VERTEX_POINT('',#3364);
#926=VERTEX_POINT('',#3366);
#927=VERTEX_POINT('',#3368);
#928=VERTEX_POINT('',#3381);
#929=VERTEX_POINT('',#3382);
#930=VERTEX_POINT('',#3385);
#931=VERTEX_POINT('',#3389);
#932=VERTEX_POINT('',#3394);
#933=VERTEX_POINT('',#3398);
#934=VERTEX_POINT('',#3399);
#935=VERTEX_POINT('',#3401);
#936=VERTEX_POINT('',#3406);
#937=VERTEX_POINT('',#3415);
#938=VERTEX_POINT('',#3417);
#939=VERTEX_POINT('',#3428);
#940=VERTEX_POINT('',#3430);
#941=VERTEX_POINT('',#3432);
#942=VERTEX_POINT('',#3436);
#943=VERTEX_POINT('',#3438);
#944=VERTEX_POINT('',#3442);
#945=VERTEX_POINT('',#3444);
#946=VERTEX_POINT('',#3448);
#947=VERTEX_POINT('',#3450);
#948=VERTEX_POINT('',#3457);
#949=VERTEX_POINT('',#3459);
#950=VERTEX_POINT('',#3463);
#951=VERTEX_POINT('',#3465);
#952=VERTEX_POINT('',#3469);
#953=VERTEX_POINT('',#3470);
#954=VERTEX_POINT('',#3472);
#955=VERTEX_POINT('',#3474);
#956=VERTEX_POINT('',#3479);
#957=VERTEX_POINT('',#3483);
#958=VERTEX_POINT('',#3485);
#959=VERTEX_POINT('',#3489);
#960=VERTEX_POINT('',#3491);
#961=VERTEX_POINT('',#3495);
#962=VERTEX_POINT('',#3497);
#963=VERTEX_POINT('',#3501);
#964=VERTEX_POINT('',#3503);
#965=VERTEX_POINT('',#3507);
#966=VERTEX_POINT('',#3509);
#967=VERTEX_POINT('',#3513);
#968=VERTEX_POINT('',#3515);
#969=VERTEX_POINT('',#3519);
#970=VERTEX_POINT('',#3521);
#971=VERTEX_POINT('',#3526);
#972=VERTEX_POINT('',#3528);
#973=VERTEX_POINT('',#3530);
#974=VERTEX_POINT('',#3532);
#975=VERTEX_POINT('',#3542);
#976=VERTEX_POINT('',#3544);
#977=VERTEX_POINT('',#3552);
#978=VERTEX_POINT('',#3554);
#979=VERTEX_POINT('',#3562);
#980=VERTEX_POINT('',#3564);
#981=VERTEX_POINT('',#3572);
#982=VERTEX_POINT('',#3574);
#983=VERTEX_POINT('',#3582);
#984=VERTEX_POINT('',#3583);
#985=VERTEX_POINT('',#3599);
#986=VERTEX_POINT('',#3600);
#987=VERTEX_POINT('',#3614);
#988=VERTEX_POINT('',#3616);
#989=VERTEX_POINT('',#3618);
#990=VERTEX_POINT('',#3620);
#991=VERTEX_POINT('',#3624);
#992=VERTEX_POINT('',#3635);
#993=VERTEX_POINT('',#3648);
#994=VERTEX_POINT('',#3650);
#995=VERTEX_POINT('',#3654);
#996=VERTEX_POINT('',#3655);
#997=VERTEX_POINT('',#3669);
#998=VERTEX_POINT('',#3671);
#999=VERTEX_POINT('',#3683);
#1000=VERTEX_POINT('',#3692);
#1001=VERTEX_POINT('',#3696);
#1002=VERTEX_POINT('',#3700);
#1003=VERTEX_POINT('',#3702);
#1004=VERTEX_POINT('',#3704);
#1005=VERTEX_POINT('',#3708);
#1006=VERTEX_POINT('',#3712);
#1007=VERTEX_POINT('',#3725);
#1008=VERTEX_POINT('',#3729);
#1009=VERTEX_POINT('',#3742);
#1010=VERTEX_POINT('',#3748);
#1011=VERTEX_POINT('',#3754);
#1012=VERTEX_POINT('',#3755);
#1013=VERTEX_POINT('',#3757);
#1014=VERTEX_POINT('',#3759);
#1015=VERTEX_POINT('',#3763);
#1016=VERTEX_POINT('',#3765);
#1017=VERTEX_POINT('',#3769);
#1018=VERTEX_POINT('',#3771);
#1019=VERTEX_POINT('',#3775);
#1020=VERTEX_POINT('',#3777);
#1021=VERTEX_POINT('',#3781);
#1022=VERTEX_POINT('',#3783);
#1023=VERTEX_POINT('',#3787);
#1024=VERTEX_POINT('',#3789);
#1025=VERTEX_POINT('',#3793);
#1026=VERTEX_POINT('',#3795);
#1027=VERTEX_POINT('',#3802);
#1028=VERTEX_POINT('',#3803);
#1029=VERTEX_POINT('',#3805);
#1030=VERTEX_POINT('',#3807);
#1031=VERTEX_POINT('',#3809);
#1032=VERTEX_POINT('',#3811);
#1033=VERTEX_POINT('',#3813);
#1034=VERTEX_POINT('',#3815);
#1035=VERTEX_POINT('',#3819);
#1036=VERTEX_POINT('',#3821);
#1037=VERTEX_POINT('',#3825);
#1038=VERTEX_POINT('',#3829);
#1039=VERTEX_POINT('',#3833);
#1040=VERTEX_POINT('',#3837);
#1041=VERTEX_POINT('',#3841);
#1042=VERTEX_POINT('',#3845);
#1043=EDGE_CURVE('',#834,#835,#456,.F.);
#1044=EDGE_CURVE('',#835,#836,#362,.F.);
#1045=EDGE_CURVE('',#836,#837,#457,.F.);
#1046=EDGE_CURVE('',#837,#838,#363,.F.);
#1047=EDGE_CURVE('',#838,#839,#458,.F.);
#1048=EDGE_CURVE('',#839,#840,#364,.F.);
#1049=EDGE_CURVE('',#840,#841,#459,.F.);
#1050=EDGE_CURVE('',#841,#834,#365,.F.);
#1051=EDGE_CURVE('',#842,#843,#366,.T.);
#1052=EDGE_CURVE('',#843,#844,#460,.T.);
#1053=EDGE_CURVE('',#844,#845,#367,.T.);
#1054=EDGE_CURVE('',#845,#846,#461,.T.);
#1055=EDGE_CURVE('',#846,#847,#368,.T.);
#1056=EDGE_CURVE('',#847,#848,#462,.T.);
#1057=EDGE_CURVE('',#848,#849,#369,.T.);
#1058=EDGE_CURVE('',#849,#842,#463,.T.);
#1059=EDGE_CURVE('',#850,#851,#464,.T.);
#1060=EDGE_CURVE('',#850,#846,#465,.T.);
#1061=EDGE_CURVE('',#851,#845,#466,.T.);
#1062=EDGE_CURVE('',#851,#852,#370,.T.);
#1063=EDGE_CURVE('',#852,#844,#467,.T.);
#1064=EDGE_CURVE('',#852,#853,#468,.T.);
#1065=EDGE_CURVE('',#853,#843,#469,.T.);
#1066=EDGE_CURVE('',#853,#854,#371,.T.);
#1067=EDGE_CURVE('',#854,#842,#470,.T.);
#1068=EDGE_CURVE('',#854,#855,#471,.T.);
#1069=EDGE_CURVE('',#855,#849,#472,.T.);
#1070=EDGE_CURVE('',#855,#856,#372,.T.);
#1071=EDGE_CURVE('',#856,#848,#473,.T.);
#1072=EDGE_CURVE('',#856,#857,#474,.T.);
#1073=EDGE_CURVE('',#857,#847,#475,.T.);
#1074=EDGE_CURVE('',#857,#850,#373,.T.);
#1075=EDGE_CURVE('',#858,#859,#374,.T.);
#1076=EDGE_CURVE('',#859,#834,#476,.T.);
#1077=EDGE_CURVE('',#858,#841,#477,.T.);
#1078=EDGE_CURVE('',#860,#858,#478,.T.);
#1079=EDGE_CURVE('',#860,#840,#479,.T.);
#1080=EDGE_CURVE('',#861,#860,#375,.T.);
#1081=EDGE_CURVE('',#861,#839,#480,.T.);
#1082=EDGE_CURVE('',#862,#861,#481,.T.);
#1083=EDGE_CURVE('',#862,#838,#482,.T.);
#1084=EDGE_CURVE('',#863,#862,#376,.T.);
#1085=EDGE_CURVE('',#863,#837,#483,.T.);
#1086=EDGE_CURVE('',#864,#863,#484,.T.);
#1087=EDGE_CURVE('',#864,#836,#485,.T.);
#1088=EDGE_CURVE('',#865,#864,#377,.T.);
#1089=EDGE_CURVE('',#865,#835,#486,.T.);
#1090=EDGE_CURVE('',#859,#865,#487,.T.);
#1091=EDGE_CURVE('',#866,#867,#378,.F.);
#1092=EDGE_CURVE('',#867,#868,#488,.T.);
#1093=EDGE_CURVE('',#868,#869,#19,.F.);
#1094=EDGE_CURVE('',#869,#866,#489,.T.);
#1095=EDGE_CURVE('',#870,#869,#20,.T.);
#1096=EDGE_CURVE('',#870,#871,#490,.T.);
#1097=EDGE_CURVE('',#871,#866,#379,.T.);
#1098=EDGE_CURVE('',#872,#873,#380,.T.);
#1099=EDGE_CURVE('',#872,#874,#491,.T.);
#1100=EDGE_CURVE('',#874,#875,#21,.F.);
#1101=EDGE_CURVE('',#875,#873,#492,.T.);
#1102=EDGE_CURVE('',#872,#876,#381,.T.);
#1103=EDGE_CURVE('',#876,#877,#493,.T.);
#1104=EDGE_CURVE('',#874,#877,#22,.T.);
#1105=EDGE_CURVE('',#878,#879,#23,.T.);
#1106=EDGE_CURVE('',#879,#880,#494,.T.);
#1107=EDGE_CURVE('',#880,#881,#24,.F.);
#1108=EDGE_CURVE('',#881,#878,#495,.T.);
#1109=EDGE_CURVE('',#881,#882,#382,.T.);
#1110=EDGE_CURVE('',#882,#883,#496,.T.);
#1111=EDGE_CURVE('',#878,#883,#383,.T.);
#1112=EDGE_CURVE('',#884,#885,#25,.T.);
#1113=EDGE_CURVE('',#885,#886,#497,.T.);
#1114=EDGE_CURVE('',#886,#887,#26,.F.);
#1115=EDGE_CURVE('',#887,#884,#498,.T.);
#1116=EDGE_CURVE('',#884,#888,#27,.F.);
#1117=EDGE_CURVE('',#888,#889,#28,.T.);
#1118=EDGE_CURVE('',#889,#890,#499,.T.);
#1119=EDGE_CURVE('',#890,#891,#29,.F.);
#1120=EDGE_CURVE('',#891,#892,#384,.F.);
#1121=EDGE_CURVE('',#892,#893,#500,.T.);
#1122=EDGE_CURVE('',#893,#885,#385,.T.);
#1123=EDGE_CURVE('',#894,#887,#30,.T.);
#1124=EDGE_CURVE('',#894,#888,#501,.T.);
#1125=EDGE_CURVE('',#895,#896,#31,.T.);
#1126=EDGE_CURVE('',#896,#897,#502,.T.);
#1127=EDGE_CURVE('',#898,#897,#386,.T.);
#1128=EDGE_CURVE('',#898,#895,#503,.T.);
#1129=EDGE_CURVE('',#898,#899,#387,.T.);
#1130=EDGE_CURVE('',#899,#900,#504,.T.);
#1131=EDGE_CURVE('',#895,#900,#32,.F.);
#1132=EDGE_CURVE('',#901,#902,#388,.F.);
#1133=EDGE_CURVE('',#902,#903,#505,.T.);
#1134=EDGE_CURVE('',#903,#904,#33,.T.);
#1135=EDGE_CURVE('',#904,#901,#506,.T.);
#1136=EDGE_CURVE('',#905,#896,#389,.T.);
#1137=EDGE_CURVE('',#905,#906,#507,.T.);
#1138=EDGE_CURVE('',#903,#906,#390,.T.);
#1139=EDGE_CURVE('',#902,#897,#508,.T.);
#1140=EDGE_CURVE('',#907,#908,#391,.F.);
#1141=EDGE_CURVE('',#909,#907,#509,.T.);
#1142=EDGE_CURVE('',#866,#909,#392,.T.);
#1143=EDGE_CURVE('',#871,#908,#510,.T.);
#1144=EDGE_CURVE('',#870,#910,#34,.T.);
#1145=EDGE_CURVE('',#910,#911,#35,.T.);
#1146=EDGE_CURVE('',#912,#911,#511,.T.);
#1147=EDGE_CURVE('',#913,#912,#36,.T.);
#1148=EDGE_CURVE('',#914,#913,#512,.T.);
#1149=EDGE_CURVE('',#915,#914,#37,.T.);
#1150=EDGE_CURVE('',#916,#915,#393,.T.);
#1151=EDGE_CURVE('',#916,#917,#513,.T.);
#1152=EDGE_CURVE('',#917,#918,#514,.T.);
#1153=EDGE_CURVE('',#908,#918,#394,.T.);
#1154=EDGE_CURVE('',#879,#912,#38,.T.);
#1155=EDGE_CURVE('',#880,#911,#39,.T.);
#1156=EDGE_CURVE('',#919,#920,#395,.F.);
#1157=EDGE_CURVE('',#919,#876,#515,.T.);
#1158=EDGE_CURVE('',#921,#872,#396,.T.);
#1159=EDGE_CURVE('',#920,#921,#516,.T.);
#1160=EDGE_CURVE('',#922,#922,#397,.T.);
#1161=EDGE_CURVE('',#922,#910,#517,.T.);
#1162=EDGE_CURVE('',#875,#868,#398,.T.);
#1163=EDGE_CURVE('',#894,#877,#40,.T.);
#1164=EDGE_CURVE('',#882,#886,#399,.T.);
#1165=EDGE_CURVE('',#923,#919,#400,.T.);
#1166=EDGE_CURVE('',#924,#923,#518,.T.);
#1167=EDGE_CURVE('',#925,#924,#519,.T.);
#1168=EDGE_CURVE('',#926,#925,#401,.T.);
#1169=EDGE_CURVE('',#927,#926,#41,.T.);
#1170=EDGE_CURVE('',#927,#889,#520,.T.);
#1171=EDGE_CURVE('',#928,#929,#402,.F.);
#1172=EDGE_CURVE('',#928,#899,#521,.T.);
#1173=EDGE_CURVE('',#930,#898,#403,.T.);
#1174=EDGE_CURVE('',#929,#930,#522,.T.);
#1175=EDGE_CURVE('',#904,#931,#42,.T.);
#1176=EDGE_CURVE('',#931,#932,#523,.T.);
#1177=EDGE_CURVE('',#932,#901,#404,.T.);
#1178=EDGE_CURVE('',#933,#934,#405,.F.);
#1179=EDGE_CURVE('',#935,#933,#524,.T.);
#1180=EDGE_CURVE('',#901,#935,#406,.T.);
#1181=EDGE_CURVE('',#932,#934,#525,.T.);
#1182=EDGE_CURVE('',#936,#931,#43,.T.);
#1183=EDGE_CURVE('',#937,#936,#526,.T.);
#1184=EDGE_CURVE('',#938,#937,#44,.T.);
#1185=EDGE_CURVE('',#939,#938,#407,.T.);
#1186=EDGE_CURVE('',#939,#940,#527,.T.);
#1187=EDGE_CURVE('',#940,#941,#528,.T.);
#1188=EDGE_CURVE('',#934,#941,#408,.T.);
#1189=EDGE_CURVE('',#940,#942,#409,.T.);
#1190=EDGE_CURVE('',#942,#943,#529,.T.);
#1191=EDGE_CURVE('',#943,#941,#410,.T.);
#1192=EDGE_CURVE('',#944,#942,#530,.T.);
#1193=EDGE_CURVE('',#945,#944,#531,.T.);
#1194=EDGE_CURVE('',#945,#943,#532,.T.);
#1195=EDGE_CURVE('',#946,#924,#411,.T.);
#1196=EDGE_CURVE('',#923,#947,#412,.T.);
#1197=EDGE_CURVE('',#947,#946,#533,.T.);
#1198=EDGE_CURVE('',#924,#940,#534,.T.);
#1199=EDGE_CURVE('',#925,#939,#535,.T.);
#1200=EDGE_CURVE('',#917,#948,#413,.T.);
#1201=EDGE_CURVE('',#948,#949,#536,.T.);
#1202=EDGE_CURVE('',#949,#918,#414,.T.);
#1203=EDGE_CURVE('',#950,#948,#537,.T.);
#1204=EDGE_CURVE('',#951,#950,#538,.T.);
#1205=EDGE_CURVE('',#951,#949,#539,.T.);
#1206=EDGE_CURVE('',#952,#953,#415,.T.);
#1207=EDGE_CURVE('',#953,#954,#540,.T.);
#1208=EDGE_CURVE('',#954,#955,#416,.T.);
#1209=EDGE_CURVE('',#955,#952,#541,.T.);
#1210=EDGE_CURVE('',#953,#917,#542,.T.);
#1211=EDGE_CURVE('',#956,#916,#543,.T.);
#1212=EDGE_CURVE('',#956,#953,#544,.T.);
#1213=EDGE_CURVE('',#921,#957,#417,.T.);
#1214=EDGE_CURVE('',#957,#958,#545,.T.);
#1215=EDGE_CURVE('',#958,#920,#418,.T.);
#1216=EDGE_CURVE('',#959,#957,#546,.T.);
#1217=EDGE_CURVE('',#960,#959,#547,.T.);
#1218=EDGE_CURVE('',#958,#960,#548,.T.);
#1219=EDGE_CURVE('',#961,#909,#419,.T.);
#1220=EDGE_CURVE('',#907,#962,#420,.T.);
#1221=EDGE_CURVE('',#962,#961,#549,.T.);
#1222=EDGE_CURVE('',#963,#935,#421,.T.);
#1223=EDGE_CURVE('',#933,#964,#422,.T.);
#1224=EDGE_CURVE('',#964,#963,#550,.T.);
#1225=EDGE_CURVE('',#930,#965,#423,.T.);
#1226=EDGE_CURVE('',#965,#966,#551,.T.);
#1227=EDGE_CURVE('',#966,#929,#424,.T.);
#1228=EDGE_CURVE('',#967,#965,#552,.T.);
#1229=EDGE_CURVE('',#968,#967,#553,.T.);
#1230=EDGE_CURVE('',#966,#968,#554,.T.);
#1231=EDGE_CURVE('',#969,#969,#425,.T.);
#1232=EDGE_CURVE('',#969,#970,#555,.T.);
#1233=EDGE_CURVE('',#970,#970,#426,.T.);
#1234=EDGE_CURVE('',#971,#891,#556,.T.);
#1235=EDGE_CURVE('',#972,#971,#557,.F.);
#1236=EDGE_CURVE('',#972,#973,#558,.T.);
#1237=EDGE_CURVE('',#974,#973,#427,.F.);
#1238=EDGE_CURVE('',#892,#974,#559,.F.);
#1239=EDGE_CURVE('',#893,#882,#560,.T.);
#1240=EDGE_CURVE('',#883,#974,#561,.T.);
#1241=EDGE_CURVE('',#867,#873,#562,.T.);
#1242=EDGE_CURVE('',#955,#975,#563,.T.);
#1243=EDGE_CURVE('',#975,#976,#564,.T.);
#1244=EDGE_CURVE('',#952,#976,#565,.T.);
#1245=EDGE_CURVE('',#975,#951,#566,.T.);
#1246=EDGE_CURVE('',#976,#950,#567,.T.);
#1247=EDGE_CURVE('',#977,#964,#568,.T.);
#1248=EDGE_CURVE('',#977,#978,#569,.T.);
#1249=EDGE_CURVE('',#963,#978,#570,.T.);
#1250=EDGE_CURVE('',#968,#977,#571,.T.);
#1251=EDGE_CURVE('',#978,#967,#572,.T.);
#1252=EDGE_CURVE('',#979,#962,#573,.T.);
#1253=EDGE_CURVE('',#979,#980,#574,.T.);
#1254=EDGE_CURVE('',#961,#980,#575,.T.);
#1255=EDGE_CURVE('',#960,#979,#576,.T.);
#1256=EDGE_CURVE('',#980,#959,#577,.T.);
#1257=EDGE_CURVE('',#947,#981,#578,.T.);
#1258=EDGE_CURVE('',#981,#982,#579,.T.);
#1259=EDGE_CURVE('',#946,#982,#580,.T.);
#1260=EDGE_CURVE('',#981,#945,#581,.T.);
#1261=EDGE_CURVE('',#982,#944,#582,.T.);
#1262=EDGE_CURVE('',#983,#984,#45,.F.);
#1263=EDGE_CURVE('',#984,#927,#583,.T.);
#1264=EDGE_CURVE('',#926,#983,#584,.T.);
#1265=EDGE_CURVE('',#984,#890,#585,.F.);
#1266=EDGE_CURVE('',#985,#986,#46,.F.);
#1267=EDGE_CURVE('',#986,#915,#586,.T.);
#1268=EDGE_CURVE('',#914,#985,#587,.T.);
#1269=EDGE_CURVE('',#986,#987,#428,.T.);
#1270=EDGE_CURVE('',#987,#988,#588,.T.);
#1271=EDGE_CURVE('',#988,#989,#429,.T.);
#1272=EDGE_CURVE('',#990,#989,#589,.T.);
#1273=EDGE_CURVE('',#990,#956,#430,.T.);
#1274=EDGE_CURVE('',#989,#991,#47,.F.);
#1275=EDGE_CURVE('',#991,#992,#590,.T.);
#1276=EDGE_CURVE('',#992,#990,#48,.T.);
#1277=EDGE_CURVE('',#991,#993,#591,.F.);
#1278=EDGE_CURVE('',#994,#993,#592,.T.);
#1279=EDGE_CURVE('',#992,#994,#593,.T.);
#1280=EDGE_CURVE('',#995,#996,#49,.F.);
#1281=EDGE_CURVE('',#996,#938,#594,.T.);
#1282=EDGE_CURVE('',#937,#995,#595,.T.);
#1283=EDGE_CURVE('',#996,#997,#431,.T.);
#1284=EDGE_CURVE('',#997,#998,#596,.T.);
#1285=EDGE_CURVE('',#998,#983,#432,.T.);
#1286=EDGE_CURVE('',#900,#994,#50,.T.);
#1287=EDGE_CURVE('',#993,#999,#51,.F.);
#1288=EDGE_CURVE('',#999,#1000,#433,.F.);
#1289=EDGE_CURVE('',#1000,#905,#597,.T.);
#1290=EDGE_CURVE('',#1000,#1001,#598,.F.);
#1291=EDGE_CURVE('',#906,#1001,#599,.T.);
#1292=EDGE_CURVE('',#1002,#999,#600,.T.);
#1293=EDGE_CURVE('',#1003,#1002,#601,.F.);
#1294=EDGE_CURVE('',#1003,#1004,#602,.T.);
#1295=EDGE_CURVE('',#1001,#1004,#434,.F.);
#1296=EDGE_CURVE('',#1005,#988,#603,.T.);
#1297=EDGE_CURVE('',#1002,#1005,#435,.F.);
#1298=EDGE_CURVE('',#1004,#1006,#52,.F.);
#1299=EDGE_CURVE('',#1006,#936,#604,.T.);
#1300=EDGE_CURVE('',#995,#1006,#605,.T.);
#1301=EDGE_CURVE('',#1007,#998,#606,.T.);
#1302=EDGE_CURVE('',#971,#1007,#436,.F.);
#1303=EDGE_CURVE('',#973,#1008,#53,.F.);
#1304=EDGE_CURVE('',#1008,#913,#607,.T.);
#1305=EDGE_CURVE('',#985,#1008,#608,.T.);
#1306=EDGE_CURVE('',#1005,#1009,#609,.F.);
#1307=EDGE_CURVE('',#1009,#987,#610,.T.);
#1308=EDGE_CURVE('',#1009,#972,#437,.F.);
#1309=EDGE_CURVE('',#1007,#1010,#611,.F.);
#1310=EDGE_CURVE('',#1010,#997,#612,.T.);
#1311=EDGE_CURVE('',#1010,#1003,#438,.F.);
#1312=EDGE_CURVE('',#1011,#1012,#613,.T.);
#1313=EDGE_CURVE('',#1012,#1013,#614,.T.);
#1314=EDGE_CURVE('',#1014,#1013,#615,.T.);
#1315=EDGE_CURVE('',#1011,#1014,#616,.T.);
#1316=EDGE_CURVE('',#1015,#1011,#439,.T.);
#1317=EDGE_CURVE('',#1016,#1014,#440,.T.);
#1318=EDGE_CURVE('',#1015,#1016,#617,.T.);
#1319=EDGE_CURVE('',#1017,#1015,#618,.T.);
#1320=EDGE_CURVE('',#1018,#1016,#619,.T.);
#1321=EDGE_CURVE('',#1017,#1018,#620,.T.);
#1322=EDGE_CURVE('',#1019,#1017,#441,.T.);
#1323=EDGE_CURVE('',#1020,#1018,#442,.T.);
#1324=EDGE_CURVE('',#1019,#1020,#621,.T.);
#1325=EDGE_CURVE('',#1021,#1019,#622,.T.);
#1326=EDGE_CURVE('',#1022,#1020,#623,.T.);
#1327=EDGE_CURVE('',#1021,#1022,#624,.T.);
#1328=EDGE_CURVE('',#1023,#1021,#443,.T.);
#1329=EDGE_CURVE('',#1024,#1022,#444,.T.);
#1330=EDGE_CURVE('',#1023,#1024,#625,.T.);
#1331=EDGE_CURVE('',#1025,#1023,#626,.T.);
#1332=EDGE_CURVE('',#1026,#1024,#627,.T.);
#1333=EDGE_CURVE('',#1025,#1026,#628,.T.);
#1334=EDGE_CURVE('',#1012,#1025,#445,.T.);
#1335=EDGE_CURVE('',#1013,#1026,#446,.T.);
#1336=EDGE_CURVE('',#1027,#1028,#447,.T.);
#1337=EDGE_CURVE('',#1029,#1027,#629,.T.);
#1338=EDGE_CURVE('',#1030,#1029,#448,.T.);
#1339=EDGE_CURVE('',#1031,#1030,#630,.T.);
#1340=EDGE_CURVE('',#1032,#1031,#449,.T.);
#1341=EDGE_CURVE('',#1033,#1032,#631,.T.);
#1342=EDGE_CURVE('',#1034,#1033,#450,.T.);
#1343=EDGE_CURVE('',#1028,#1034,#632,.T.);
#1344=EDGE_CURVE('',#1031,#1035,#633,.T.);
#1345=EDGE_CURVE('',#1036,#1035,#451,.T.);
#1346=EDGE_CURVE('',#1032,#1036,#634,.T.);
#1347=EDGE_CURVE('',#1030,#1037,#635,.T.);
#1348=EDGE_CURVE('',#1035,#1037,#636,.T.);
#1349=EDGE_CURVE('',#1029,#1038,#637,.T.);
#1350=EDGE_CURVE('',#1037,#1038,#452,.T.);
#1351=EDGE_CURVE('',#1027,#1039,#638,.T.);
#1352=EDGE_CURVE('',#1038,#1039,#639,.T.);
#1353=EDGE_CURVE('',#1040,#1036,#640,.T.);
#1354=EDGE_CURVE('',#1033,#1040,#641,.T.);
#1355=EDGE_CURVE('',#1041,#1040,#453,.T.);
#1356=EDGE_CURVE('',#1034,#1041,#642,.T.);
#1357=EDGE_CURVE('',#1042,#1041,#643,.T.);
#1358=EDGE_CURVE('',#1028,#1042,#644,.T.);
#1359=EDGE_CURVE('',#1039,#1042,#454,.T.);
#1360=EDGE_CURVE('',#954,#928,#455,.T.);
#1361=ORIENTED_EDGE('',*,*,#1043,.T.);
#1362=ORIENTED_EDGE('',*,*,#1044,.T.);
#1363=ORIENTED_EDGE('',*,*,#1045,.T.);
#1364=ORIENTED_EDGE('',*,*,#1046,.T.);
#1365=ORIENTED_EDGE('',*,*,#1047,.T.);
#1366=ORIENTED_EDGE('',*,*,#1048,.T.);
#1367=ORIENTED_EDGE('',*,*,#1049,.T.);
#1368=ORIENTED_EDGE('',*,*,#1050,.T.);
#1369=ORIENTED_EDGE('',*,*,#1051,.T.);
#1370=ORIENTED_EDGE('',*,*,#1052,.T.);
#1371=ORIENTED_EDGE('',*,*,#1053,.T.);
#1372=ORIENTED_EDGE('',*,*,#1054,.T.);
#1373=ORIENTED_EDGE('',*,*,#1055,.T.);
#1374=ORIENTED_EDGE('',*,*,#1056,.T.);
#1375=ORIENTED_EDGE('',*,*,#1057,.T.);
#1376=ORIENTED_EDGE('',*,*,#1058,.T.);
#1377=ORIENTED_EDGE('',*,*,#1059,.F.);
#1378=ORIENTED_EDGE('',*,*,#1060,.T.);
#1379=ORIENTED_EDGE('',*,*,#1054,.F.);
#1380=ORIENTED_EDGE('',*,*,#1061,.F.);
#1381=ORIENTED_EDGE('',*,*,#1062,.F.);
#1382=ORIENTED_EDGE('',*,*,#1061,.T.);
#1383=ORIENTED_EDGE('',*,*,#1053,.F.);
#1384=ORIENTED_EDGE('',*,*,#1063,.F.);
#1385=ORIENTED_EDGE('',*,*,#1064,.F.);
#1386=ORIENTED_EDGE('',*,*,#1063,.T.);
#1387=ORIENTED_EDGE('',*,*,#1052,.F.);
#1388=ORIENTED_EDGE('',*,*,#1065,.F.);
#1389=ORIENTED_EDGE('',*,*,#1066,.F.);
#1390=ORIENTED_EDGE('',*,*,#1065,.T.);
#1391=ORIENTED_EDGE('',*,*,#1051,.F.);
#1392=ORIENTED_EDGE('',*,*,#1067,.F.);
#1393=ORIENTED_EDGE('',*,*,#1068,.F.);
#1394=ORIENTED_EDGE('',*,*,#1067,.T.);
#1395=ORIENTED_EDGE('',*,*,#1058,.F.);
#1396=ORIENTED_EDGE('',*,*,#1069,.F.);
#1397=ORIENTED_EDGE('',*,*,#1070,.F.);
#1398=ORIENTED_EDGE('',*,*,#1069,.T.);
#1399=ORIENTED_EDGE('',*,*,#1057,.F.);
#1400=ORIENTED_EDGE('',*,*,#1071,.F.);
#1401=ORIENTED_EDGE('',*,*,#1072,.F.);
#1402=ORIENTED_EDGE('',*,*,#1071,.T.);
#1403=ORIENTED_EDGE('',*,*,#1056,.F.);
#1404=ORIENTED_EDGE('',*,*,#1073,.F.);
#1405=ORIENTED_EDGE('',*,*,#1074,.F.);
#1406=ORIENTED_EDGE('',*,*,#1073,.T.);
#1407=ORIENTED_EDGE('',*,*,#1055,.F.);
#1408=ORIENTED_EDGE('',*,*,#1060,.F.);
#1409=ORIENTED_EDGE('',*,*,#1075,.T.);
#1410=ORIENTED_EDGE('',*,*,#1076,.T.);
#1411=ORIENTED_EDGE('',*,*,#1050,.F.);
#1412=ORIENTED_EDGE('',*,*,#1077,.F.);
#1413=ORIENTED_EDGE('',*,*,#1078,.T.);
#1414=ORIENTED_EDGE('',*,*,#1077,.T.);
#1415=ORIENTED_EDGE('',*,*,#1049,.F.);
#1416=ORIENTED_EDGE('',*,*,#1079,.F.);
#1417=ORIENTED_EDGE('',*,*,#1080,.T.);
#1418=ORIENTED_EDGE('',*,*,#1079,.T.);
#1419=ORIENTED_EDGE('',*,*,#1048,.F.);
#1420=ORIENTED_EDGE('',*,*,#1081,.F.);
#1421=ORIENTED_EDGE('',*,*,#1082,.T.);
#1422=ORIENTED_EDGE('',*,*,#1081,.T.);
#1423=ORIENTED_EDGE('',*,*,#1047,.F.);
#1424=ORIENTED_EDGE('',*,*,#1083,.F.);
#1425=ORIENTED_EDGE('',*,*,#1084,.T.);
#1426=ORIENTED_EDGE('',*,*,#1083,.T.);
#1427=ORIENTED_EDGE('',*,*,#1046,.F.);
#1428=ORIENTED_EDGE('',*,*,#1085,.F.);
#1429=ORIENTED_EDGE('',*,*,#1086,.T.);
#1430=ORIENTED_EDGE('',*,*,#1085,.T.);
#1431=ORIENTED_EDGE('',*,*,#1045,.F.);
#1432=ORIENTED_EDGE('',*,*,#1087,.F.);
#1433=ORIENTED_EDGE('',*,*,#1088,.T.);
#1434=ORIENTED_EDGE('',*,*,#1087,.T.);
#1435=ORIENTED_EDGE('',*,*,#1044,.F.);
#1436=ORIENTED_EDGE('',*,*,#1089,.F.);
#1437=ORIENTED_EDGE('',*,*,#1090,.T.);
#1438=ORIENTED_EDGE('',*,*,#1089,.T.);
#1439=ORIENTED_EDGE('',*,*,#1043,.F.);
#1440=ORIENTED_EDGE('',*,*,#1076,.F.);
#1441=ORIENTED_EDGE('',*,*,#1090,.F.);
#1442=ORIENTED_EDGE('',*,*,#1075,.F.);
#1443=ORIENTED_EDGE('',*,*,#1078,.F.);
#1444=ORIENTED_EDGE('',*,*,#1080,.F.);
#1445=ORIENTED_EDGE('',*,*,#1082,.F.);
#1446=ORIENTED_EDGE('',*,*,#1084,.F.);
#1447=ORIENTED_EDGE('',*,*,#1086,.F.);
#1448=ORIENTED_EDGE('',*,*,#1088,.F.);
#1449=ORIENTED_EDGE('',*,*,#1074,.T.);
#1450=ORIENTED_EDGE('',*,*,#1059,.T.);
#1451=ORIENTED_EDGE('',*,*,#1062,.T.);
#1452=ORIENTED_EDGE('',*,*,#1064,.T.);
#1453=ORIENTED_EDGE('',*,*,#1066,.T.);
#1454=ORIENTED_EDGE('',*,*,#1068,.T.);
#1455=ORIENTED_EDGE('',*,*,#1070,.T.);
#1456=ORIENTED_EDGE('',*,*,#1072,.T.);
#1457=ORIENTED_EDGE('',*,*,#1091,.T.);
#1458=ORIENTED_EDGE('',*,*,#1092,.T.);
#1459=ORIENTED_EDGE('',*,*,#1093,.T.);
#1460=ORIENTED_EDGE('',*,*,#1094,.T.);
#1461=ORIENTED_EDGE('',*,*,#1094,.F.);
#1462=ORIENTED_EDGE('',*,*,#1095,.F.);
#1463=ORIENTED_EDGE('',*,*,#1096,.T.);
#1464=ORIENTED_EDGE('',*,*,#1097,.T.);
#1465=ORIENTED_EDGE('',*,*,#1098,.F.);
#1466=ORIENTED_EDGE('',*,*,#1099,.T.);
#1467=ORIENTED_EDGE('',*,*,#1100,.T.);
#1468=ORIENTED_EDGE('',*,*,#1101,.T.);
#1469=ORIENTED_EDGE('',*,*,#1099,.F.);
#1470=ORIENTED_EDGE('',*,*,#1102,.T.);
#1471=ORIENTED_EDGE('',*,*,#1103,.T.);
#1472=ORIENTED_EDGE('',*,*,#1104,.F.);
#1473=ORIENTED_EDGE('',*,*,#1105,.T.);
#1474=ORIENTED_EDGE('',*,*,#1106,.T.);
#1475=ORIENTED_EDGE('',*,*,#1107,.T.);
#1476=ORIENTED_EDGE('',*,*,#1108,.T.);
#1477=ORIENTED_EDGE('',*,*,#1108,.F.);
#1478=ORIENTED_EDGE('',*,*,#1109,.T.);
#1479=ORIENTED_EDGE('',*,*,#1110,.T.);
#1480=ORIENTED_EDGE('',*,*,#1111,.F.);
#1481=ORIENTED_EDGE('',*,*,#1112,.T.);
#1482=ORIENTED_EDGE('',*,*,#1113,.T.);
#1483=ORIENTED_EDGE('',*,*,#1114,.T.);
#1484=ORIENTED_EDGE('',*,*,#1115,.T.);
#1485=ORIENTED_EDGE('',*,*,#1112,.F.);
#1486=ORIENTED_EDGE('',*,*,#1116,.T.);
#1487=ORIENTED_EDGE('',*,*,#1117,.T.);
#1488=ORIENTED_EDGE('',*,*,#1118,.T.);
#1489=ORIENTED_EDGE('',*,*,#1119,.T.);
#1490=ORIENTED_EDGE('',*,*,#1120,.T.);
#1491=ORIENTED_EDGE('',*,*,#1121,.T.);
#1492=ORIENTED_EDGE('',*,*,#1122,.T.);
#1493=ORIENTED_EDGE('',*,*,#1115,.F.);
#1494=ORIENTED_EDGE('',*,*,#1123,.F.);
#1495=ORIENTED_EDGE('',*,*,#1124,.T.);
#1496=ORIENTED_EDGE('',*,*,#1116,.F.);
#1497=ORIENTED_EDGE('',*,*,#1125,.T.);
#1498=ORIENTED_EDGE('',*,*,#1126,.T.);
#1499=ORIENTED_EDGE('',*,*,#1127,.F.);
#1500=ORIENTED_EDGE('',*,*,#1128,.T.);
#1501=ORIENTED_EDGE('',*,*,#1128,.F.);
#1502=ORIENTED_EDGE('',*,*,#1129,.T.);
#1503=ORIENTED_EDGE('',*,*,#1130,.T.);
#1504=ORIENTED_EDGE('',*,*,#1131,.F.);
#1505=ORIENTED_EDGE('',*,*,#1132,.T.);
#1506=ORIENTED_EDGE('',*,*,#1133,.T.);
#1507=ORIENTED_EDGE('',*,*,#1134,.T.);
#1508=ORIENTED_EDGE('',*,*,#1135,.T.);
#1509=ORIENTED_EDGE('',*,*,#1126,.F.);
#1510=ORIENTED_EDGE('',*,*,#1136,.F.);
#1511=ORIENTED_EDGE('',*,*,#1137,.T.);
#1512=ORIENTED_EDGE('',*,*,#1138,.F.);
#1513=ORIENTED_EDGE('',*,*,#1133,.F.);
#1514=ORIENTED_EDGE('',*,*,#1139,.T.);
#1515=ORIENTED_EDGE('',*,*,#1140,.F.);
#1516=ORIENTED_EDGE('',*,*,#1141,.F.);
#1517=ORIENTED_EDGE('',*,*,#1142,.F.);
#1518=ORIENTED_EDGE('',*,*,#1097,.F.);
#1519=ORIENTED_EDGE('',*,*,#1143,.T.);
#1520=ORIENTED_EDGE('',*,*,#1143,.F.);
#1521=ORIENTED_EDGE('',*,*,#1096,.F.);
#1522=ORIENTED_EDGE('',*,*,#1144,.T.);
#1523=ORIENTED_EDGE('',*,*,#1145,.T.);
#1524=ORIENTED_EDGE('',*,*,#1146,.F.);
#1525=ORIENTED_EDGE('',*,*,#1147,.F.);
#1526=ORIENTED_EDGE('',*,*,#1148,.F.);
#1527=ORIENTED_EDGE('',*,*,#1149,.F.);
#1528=ORIENTED_EDGE('',*,*,#1150,.F.);
#1529=ORIENTED_EDGE('',*,*,#1151,.T.);
#1530=ORIENTED_EDGE('',*,*,#1152,.T.);
#1531=ORIENTED_EDGE('',*,*,#1153,.F.);
#1532=ORIENTED_EDGE('',*,*,#1106,.F.);
#1533=ORIENTED_EDGE('',*,*,#1154,.T.);
#1534=ORIENTED_EDGE('',*,*,#1146,.T.);
#1535=ORIENTED_EDGE('',*,*,#1155,.F.);
#1536=ORIENTED_EDGE('',*,*,#1156,.F.);
#1537=ORIENTED_EDGE('',*,*,#1157,.T.);
#1538=ORIENTED_EDGE('',*,*,#1102,.F.);
#1539=ORIENTED_EDGE('',*,*,#1158,.F.);
#1540=ORIENTED_EDGE('',*,*,#1159,.F.);
#1541=ORIENTED_EDGE('',*,*,#1160,.F.);
#1542=ORIENTED_EDGE('',*,*,#1161,.T.);
#1543=ORIENTED_EDGE('',*,*,#1144,.F.);
#1544=ORIENTED_EDGE('',*,*,#1095,.T.);
#1545=ORIENTED_EDGE('',*,*,#1093,.F.);
#1546=ORIENTED_EDGE('',*,*,#1162,.F.);
#1547=ORIENTED_EDGE('',*,*,#1100,.F.);
#1548=ORIENTED_EDGE('',*,*,#1104,.T.);
#1549=ORIENTED_EDGE('',*,*,#1163,.F.);
#1550=ORIENTED_EDGE('',*,*,#1123,.T.);
#1551=ORIENTED_EDGE('',*,*,#1114,.F.);
#1552=ORIENTED_EDGE('',*,*,#1164,.F.);
#1553=ORIENTED_EDGE('',*,*,#1109,.F.);
#1554=ORIENTED_EDGE('',*,*,#1107,.F.);
#1555=ORIENTED_EDGE('',*,*,#1155,.T.);
#1556=ORIENTED_EDGE('',*,*,#1145,.F.);
#1557=ORIENTED_EDGE('',*,*,#1161,.F.);
#1558=ORIENTED_EDGE('',*,*,#1157,.F.);
#1559=ORIENTED_EDGE('',*,*,#1165,.F.);
#1560=ORIENTED_EDGE('',*,*,#1166,.F.);
#1561=ORIENTED_EDGE('',*,*,#1167,.F.);
#1562=ORIENTED_EDGE('',*,*,#1168,.F.);
#1563=ORIENTED_EDGE('',*,*,#1169,.F.);
#1564=ORIENTED_EDGE('',*,*,#1170,.T.);
#1565=ORIENTED_EDGE('',*,*,#1117,.F.);
#1566=ORIENTED_EDGE('',*,*,#1124,.F.);
#1567=ORIENTED_EDGE('',*,*,#1163,.T.);
#1568=ORIENTED_EDGE('',*,*,#1103,.F.);
#1569=ORIENTED_EDGE('',*,*,#1171,.F.);
#1570=ORIENTED_EDGE('',*,*,#1172,.T.);
#1571=ORIENTED_EDGE('',*,*,#1129,.F.);
#1572=ORIENTED_EDGE('',*,*,#1173,.F.);
#1573=ORIENTED_EDGE('',*,*,#1174,.F.);
#1574=ORIENTED_EDGE('',*,*,#1135,.F.);
#1575=ORIENTED_EDGE('',*,*,#1175,.T.);
#1576=ORIENTED_EDGE('',*,*,#1176,.T.);
#1577=ORIENTED_EDGE('',*,*,#1177,.T.);
#1578=ORIENTED_EDGE('',*,*,#1178,.F.);
#1579=ORIENTED_EDGE('',*,*,#1179,.F.);
#1580=ORIENTED_EDGE('',*,*,#1180,.F.);
#1581=ORIENTED_EDGE('',*,*,#1177,.F.);
#1582=ORIENTED_EDGE('',*,*,#1181,.T.);
#1583=ORIENTED_EDGE('',*,*,#1181,.F.);
#1584=ORIENTED_EDGE('',*,*,#1176,.F.);
#1585=ORIENTED_EDGE('',*,*,#1182,.F.);
#1586=ORIENTED_EDGE('',*,*,#1183,.F.);
#1587=ORIENTED_EDGE('',*,*,#1184,.F.);
#1588=ORIENTED_EDGE('',*,*,#1185,.F.);
#1589=ORIENTED_EDGE('',*,*,#1186,.T.);
#1590=ORIENTED_EDGE('',*,*,#1187,.T.);
#1591=ORIENTED_EDGE('',*,*,#1188,.F.);
#1592=ORIENTED_EDGE('',*,*,#1189,.T.);
#1593=ORIENTED_EDGE('',*,*,#1190,.T.);
#1594=ORIENTED_EDGE('',*,*,#1191,.T.);
#1595=ORIENTED_EDGE('',*,*,#1187,.F.);
#1596=ORIENTED_EDGE('',*,*,#1190,.F.);
#1597=ORIENTED_EDGE('',*,*,#1192,.F.);
#1598=ORIENTED_EDGE('',*,*,#1193,.F.);
#1599=ORIENTED_EDGE('',*,*,#1194,.T.);
#1600=ORIENTED_EDGE('',*,*,#1195,.T.);
#1601=ORIENTED_EDGE('',*,*,#1166,.T.);
#1602=ORIENTED_EDGE('',*,*,#1196,.T.);
#1603=ORIENTED_EDGE('',*,*,#1197,.T.);
#1604=ORIENTED_EDGE('',*,*,#1198,.T.);
#1605=ORIENTED_EDGE('',*,*,#1186,.F.);
#1606=ORIENTED_EDGE('',*,*,#1199,.F.);
#1607=ORIENTED_EDGE('',*,*,#1167,.T.);
#1608=ORIENTED_EDGE('',*,*,#1200,.T.);
#1609=ORIENTED_EDGE('',*,*,#1201,.T.);
#1610=ORIENTED_EDGE('',*,*,#1202,.T.);
#1611=ORIENTED_EDGE('',*,*,#1152,.F.);
#1612=ORIENTED_EDGE('',*,*,#1201,.F.);
#1613=ORIENTED_EDGE('',*,*,#1203,.F.);
#1614=ORIENTED_EDGE('',*,*,#1204,.F.);
#1615=ORIENTED_EDGE('',*,*,#1205,.T.);
#1616=ORIENTED_EDGE('',*,*,#1206,.T.);
#1617=ORIENTED_EDGE('',*,*,#1207,.T.);
#1618=ORIENTED_EDGE('',*,*,#1208,.T.);
#1619=ORIENTED_EDGE('',*,*,#1209,.T.);
#1620=ORIENTED_EDGE('',*,*,#1210,.T.);
#1621=ORIENTED_EDGE('',*,*,#1151,.F.);
#1622=ORIENTED_EDGE('',*,*,#1211,.F.);
#1623=ORIENTED_EDGE('',*,*,#1212,.T.);
#1624=ORIENTED_EDGE('',*,*,#1213,.T.);
#1625=ORIENTED_EDGE('',*,*,#1214,.T.);
#1626=ORIENTED_EDGE('',*,*,#1215,.T.);
#1627=ORIENTED_EDGE('',*,*,#1159,.T.);
#1628=ORIENTED_EDGE('',*,*,#1214,.F.);
#1629=ORIENTED_EDGE('',*,*,#1216,.F.);
#1630=ORIENTED_EDGE('',*,*,#1217,.F.);
#1631=ORIENTED_EDGE('',*,*,#1218,.F.);
#1632=ORIENTED_EDGE('',*,*,#1219,.T.);
#1633=ORIENTED_EDGE('',*,*,#1141,.T.);
#1634=ORIENTED_EDGE('',*,*,#1220,.T.);
#1635=ORIENTED_EDGE('',*,*,#1221,.T.);
#1636=ORIENTED_EDGE('',*,*,#1222,.T.);
#1637=ORIENTED_EDGE('',*,*,#1179,.T.);
#1638=ORIENTED_EDGE('',*,*,#1223,.T.);
#1639=ORIENTED_EDGE('',*,*,#1224,.T.);
#1640=ORIENTED_EDGE('',*,*,#1225,.T.);
#1641=ORIENTED_EDGE('',*,*,#1226,.T.);
#1642=ORIENTED_EDGE('',*,*,#1227,.T.);
#1643=ORIENTED_EDGE('',*,*,#1174,.T.);
#1644=ORIENTED_EDGE('',*,*,#1226,.F.);
#1645=ORIENTED_EDGE('',*,*,#1228,.F.);
#1646=ORIENTED_EDGE('',*,*,#1229,.F.);
#1647=ORIENTED_EDGE('',*,*,#1230,.F.);
#1648=ORIENTED_EDGE('',*,*,#1231,.F.);
#1649=ORIENTED_EDGE('',*,*,#1232,.T.);
#1650=ORIENTED_EDGE('',*,*,#1233,.F.);
#1651=ORIENTED_EDGE('',*,*,#1232,.F.);
#1652=ORIENTED_EDGE('',*,*,#1160,.T.);
#1653=ORIENTED_EDGE('',*,*,#1231,.T.);
#1654=ORIENTED_EDGE('',*,*,#1234,.F.);
#1655=ORIENTED_EDGE('',*,*,#1235,.F.);
#1656=ORIENTED_EDGE('',*,*,#1236,.T.);
#1657=ORIENTED_EDGE('',*,*,#1237,.F.);
#1658=ORIENTED_EDGE('',*,*,#1238,.F.);
#1659=ORIENTED_EDGE('',*,*,#1120,.F.);
#1660=ORIENTED_EDGE('',*,*,#1233,.T.);
#1661=ORIENTED_EDGE('',*,*,#1239,.F.);
#1662=ORIENTED_EDGE('',*,*,#1121,.F.);
#1663=ORIENTED_EDGE('',*,*,#1238,.T.);
#1664=ORIENTED_EDGE('',*,*,#1240,.F.);
#1665=ORIENTED_EDGE('',*,*,#1110,.F.);
#1666=ORIENTED_EDGE('',*,*,#1092,.F.);
#1667=ORIENTED_EDGE('',*,*,#1241,.T.);
#1668=ORIENTED_EDGE('',*,*,#1101,.F.);
#1669=ORIENTED_EDGE('',*,*,#1162,.T.);
#1670=ORIENTED_EDGE('',*,*,#1113,.F.);
#1671=ORIENTED_EDGE('',*,*,#1122,.F.);
#1672=ORIENTED_EDGE('',*,*,#1239,.T.);
#1673=ORIENTED_EDGE('',*,*,#1164,.T.);
#1674=ORIENTED_EDGE('',*,*,#1209,.F.);
#1675=ORIENTED_EDGE('',*,*,#1242,.T.);
#1676=ORIENTED_EDGE('',*,*,#1243,.T.);
#1677=ORIENTED_EDGE('',*,*,#1244,.F.);
#1678=ORIENTED_EDGE('',*,*,#1245,.T.);
#1679=ORIENTED_EDGE('',*,*,#1204,.T.);
#1680=ORIENTED_EDGE('',*,*,#1246,.F.);
#1681=ORIENTED_EDGE('',*,*,#1243,.F.);
#1682=ORIENTED_EDGE('',*,*,#1246,.T.);
#1683=ORIENTED_EDGE('',*,*,#1203,.T.);
#1684=ORIENTED_EDGE('',*,*,#1200,.F.);
#1685=ORIENTED_EDGE('',*,*,#1210,.F.);
#1686=ORIENTED_EDGE('',*,*,#1206,.F.);
#1687=ORIENTED_EDGE('',*,*,#1244,.T.);
#1688=ORIENTED_EDGE('',*,*,#1224,.F.);
#1689=ORIENTED_EDGE('',*,*,#1247,.F.);
#1690=ORIENTED_EDGE('',*,*,#1248,.T.);
#1691=ORIENTED_EDGE('',*,*,#1249,.F.);
#1692=ORIENTED_EDGE('',*,*,#1250,.F.);
#1693=ORIENTED_EDGE('',*,*,#1229,.T.);
#1694=ORIENTED_EDGE('',*,*,#1251,.F.);
#1695=ORIENTED_EDGE('',*,*,#1248,.F.);
#1696=ORIENTED_EDGE('',*,*,#1222,.F.);
#1697=ORIENTED_EDGE('',*,*,#1249,.T.);
#1698=ORIENTED_EDGE('',*,*,#1251,.T.);
#1699=ORIENTED_EDGE('',*,*,#1228,.T.);
#1700=ORIENTED_EDGE('',*,*,#1225,.F.);
#1701=ORIENTED_EDGE('',*,*,#1173,.T.);
#1702=ORIENTED_EDGE('',*,*,#1127,.T.);
#1703=ORIENTED_EDGE('',*,*,#1139,.F.);
#1704=ORIENTED_EDGE('',*,*,#1132,.F.);
#1705=ORIENTED_EDGE('',*,*,#1180,.T.);
#1706=ORIENTED_EDGE('',*,*,#1221,.F.);
#1707=ORIENTED_EDGE('',*,*,#1252,.F.);
#1708=ORIENTED_EDGE('',*,*,#1253,.T.);
#1709=ORIENTED_EDGE('',*,*,#1254,.F.);
#1710=ORIENTED_EDGE('',*,*,#1255,.F.);
#1711=ORIENTED_EDGE('',*,*,#1217,.T.);
#1712=ORIENTED_EDGE('',*,*,#1256,.F.);
#1713=ORIENTED_EDGE('',*,*,#1253,.F.);
#1714=ORIENTED_EDGE('',*,*,#1219,.F.);
#1715=ORIENTED_EDGE('',*,*,#1254,.T.);
#1716=ORIENTED_EDGE('',*,*,#1256,.T.);
#1717=ORIENTED_EDGE('',*,*,#1216,.T.);
#1718=ORIENTED_EDGE('',*,*,#1213,.F.);
#1719=ORIENTED_EDGE('',*,*,#1158,.T.);
#1720=ORIENTED_EDGE('',*,*,#1098,.T.);
#1721=ORIENTED_EDGE('',*,*,#1241,.F.);
#1722=ORIENTED_EDGE('',*,*,#1091,.F.);
#1723=ORIENTED_EDGE('',*,*,#1142,.T.);
#1724=ORIENTED_EDGE('',*,*,#1197,.F.);
#1725=ORIENTED_EDGE('',*,*,#1257,.T.);
#1726=ORIENTED_EDGE('',*,*,#1258,.T.);
#1727=ORIENTED_EDGE('',*,*,#1259,.F.);
#1728=ORIENTED_EDGE('',*,*,#1260,.T.);
#1729=ORIENTED_EDGE('',*,*,#1193,.T.);
#1730=ORIENTED_EDGE('',*,*,#1261,.F.);
#1731=ORIENTED_EDGE('',*,*,#1258,.F.);
#1732=ORIENTED_EDGE('',*,*,#1261,.T.);
#1733=ORIENTED_EDGE('',*,*,#1192,.T.);
#1734=ORIENTED_EDGE('',*,*,#1189,.F.);
#1735=ORIENTED_EDGE('',*,*,#1198,.F.);
#1736=ORIENTED_EDGE('',*,*,#1195,.F.);
#1737=ORIENTED_EDGE('',*,*,#1259,.T.);
#1738=ORIENTED_EDGE('',*,*,#1262,.T.);
#1739=ORIENTED_EDGE('',*,*,#1263,.T.);
#1740=ORIENTED_EDGE('',*,*,#1169,.T.);
#1741=ORIENTED_EDGE('',*,*,#1264,.T.);
#1742=ORIENTED_EDGE('',*,*,#1263,.F.);
#1743=ORIENTED_EDGE('',*,*,#1265,.T.);
#1744=ORIENTED_EDGE('',*,*,#1118,.F.);
#1745=ORIENTED_EDGE('',*,*,#1170,.F.);
#1746=ORIENTED_EDGE('',*,*,#1266,.T.);
#1747=ORIENTED_EDGE('',*,*,#1267,.T.);
#1748=ORIENTED_EDGE('',*,*,#1149,.T.);
#1749=ORIENTED_EDGE('',*,*,#1268,.T.);
#1750=ORIENTED_EDGE('',*,*,#1267,.F.);
#1751=ORIENTED_EDGE('',*,*,#1269,.T.);
#1752=ORIENTED_EDGE('',*,*,#1270,.T.);
#1753=ORIENTED_EDGE('',*,*,#1271,.T.);
#1754=ORIENTED_EDGE('',*,*,#1272,.F.);
#1755=ORIENTED_EDGE('',*,*,#1273,.T.);
#1756=ORIENTED_EDGE('',*,*,#1211,.T.);
#1757=ORIENTED_EDGE('',*,*,#1150,.T.);
#1758=ORIENTED_EDGE('',*,*,#1274,.T.);
#1759=ORIENTED_EDGE('',*,*,#1275,.T.);
#1760=ORIENTED_EDGE('',*,*,#1276,.T.);
#1761=ORIENTED_EDGE('',*,*,#1272,.T.);
#1762=ORIENTED_EDGE('',*,*,#1275,.F.);
#1763=ORIENTED_EDGE('',*,*,#1277,.T.);
#1764=ORIENTED_EDGE('',*,*,#1278,.F.);
#1765=ORIENTED_EDGE('',*,*,#1279,.F.);
#1766=ORIENTED_EDGE('',*,*,#1280,.T.);
#1767=ORIENTED_EDGE('',*,*,#1281,.T.);
#1768=ORIENTED_EDGE('',*,*,#1184,.T.);
#1769=ORIENTED_EDGE('',*,*,#1282,.T.);
#1770=ORIENTED_EDGE('',*,*,#1264,.F.);
#1771=ORIENTED_EDGE('',*,*,#1168,.T.);
#1772=ORIENTED_EDGE('',*,*,#1199,.T.);
#1773=ORIENTED_EDGE('',*,*,#1185,.T.);
#1774=ORIENTED_EDGE('',*,*,#1281,.F.);
#1775=ORIENTED_EDGE('',*,*,#1283,.T.);
#1776=ORIENTED_EDGE('',*,*,#1284,.T.);
#1777=ORIENTED_EDGE('',*,*,#1285,.T.);
#1778=ORIENTED_EDGE('',*,*,#1125,.F.);
#1779=ORIENTED_EDGE('',*,*,#1131,.T.);
#1780=ORIENTED_EDGE('',*,*,#1286,.T.);
#1781=ORIENTED_EDGE('',*,*,#1278,.T.);
#1782=ORIENTED_EDGE('',*,*,#1287,.T.);
#1783=ORIENTED_EDGE('',*,*,#1288,.T.);
#1784=ORIENTED_EDGE('',*,*,#1289,.T.);
#1785=ORIENTED_EDGE('',*,*,#1136,.T.);
#1786=ORIENTED_EDGE('',*,*,#1289,.F.);
#1787=ORIENTED_EDGE('',*,*,#1290,.T.);
#1788=ORIENTED_EDGE('',*,*,#1291,.F.);
#1789=ORIENTED_EDGE('',*,*,#1137,.F.);
#1790=ORIENTED_EDGE('',*,*,#1288,.F.);
#1791=ORIENTED_EDGE('',*,*,#1292,.F.);
#1792=ORIENTED_EDGE('',*,*,#1293,.F.);
#1793=ORIENTED_EDGE('',*,*,#1294,.T.);
#1794=ORIENTED_EDGE('',*,*,#1295,.F.);
#1795=ORIENTED_EDGE('',*,*,#1290,.F.);
#1796=ORIENTED_EDGE('',*,*,#1287,.F.);
#1797=ORIENTED_EDGE('',*,*,#1277,.F.);
#1798=ORIENTED_EDGE('',*,*,#1274,.F.);
#1799=ORIENTED_EDGE('',*,*,#1271,.F.);
#1800=ORIENTED_EDGE('',*,*,#1296,.F.);
#1801=ORIENTED_EDGE('',*,*,#1297,.F.);
#1802=ORIENTED_EDGE('',*,*,#1292,.T.);
#1803=ORIENTED_EDGE('',*,*,#1134,.F.);
#1804=ORIENTED_EDGE('',*,*,#1138,.T.);
#1805=ORIENTED_EDGE('',*,*,#1291,.T.);
#1806=ORIENTED_EDGE('',*,*,#1295,.T.);
#1807=ORIENTED_EDGE('',*,*,#1298,.T.);
#1808=ORIENTED_EDGE('',*,*,#1299,.T.);
#1809=ORIENTED_EDGE('',*,*,#1182,.T.);
#1810=ORIENTED_EDGE('',*,*,#1175,.F.);
#1811=ORIENTED_EDGE('',*,*,#1282,.F.);
#1812=ORIENTED_EDGE('',*,*,#1183,.T.);
#1813=ORIENTED_EDGE('',*,*,#1299,.F.);
#1814=ORIENTED_EDGE('',*,*,#1300,.F.);
#1815=ORIENTED_EDGE('',*,*,#1119,.F.);
#1816=ORIENTED_EDGE('',*,*,#1265,.F.);
#1817=ORIENTED_EDGE('',*,*,#1262,.F.);
#1818=ORIENTED_EDGE('',*,*,#1285,.F.);
#1819=ORIENTED_EDGE('',*,*,#1301,.F.);
#1820=ORIENTED_EDGE('',*,*,#1302,.F.);
#1821=ORIENTED_EDGE('',*,*,#1234,.T.);
#1822=ORIENTED_EDGE('',*,*,#1105,.F.);
#1823=ORIENTED_EDGE('',*,*,#1111,.T.);
#1824=ORIENTED_EDGE('',*,*,#1240,.T.);
#1825=ORIENTED_EDGE('',*,*,#1237,.T.);
#1826=ORIENTED_EDGE('',*,*,#1303,.T.);
#1827=ORIENTED_EDGE('',*,*,#1304,.T.);
#1828=ORIENTED_EDGE('',*,*,#1147,.T.);
#1829=ORIENTED_EDGE('',*,*,#1154,.F.);
#1830=ORIENTED_EDGE('',*,*,#1268,.F.);
#1831=ORIENTED_EDGE('',*,*,#1148,.T.);
#1832=ORIENTED_EDGE('',*,*,#1304,.F.);
#1833=ORIENTED_EDGE('',*,*,#1305,.F.);
#1834=ORIENTED_EDGE('',*,*,#1306,.F.);
#1835=ORIENTED_EDGE('',*,*,#1296,.T.);
#1836=ORIENTED_EDGE('',*,*,#1270,.F.);
#1837=ORIENTED_EDGE('',*,*,#1307,.F.);
#1838=ORIENTED_EDGE('',*,*,#1303,.F.);
#1839=ORIENTED_EDGE('',*,*,#1236,.F.);
#1840=ORIENTED_EDGE('',*,*,#1308,.F.);
#1841=ORIENTED_EDGE('',*,*,#1307,.T.);
#1842=ORIENTED_EDGE('',*,*,#1269,.F.);
#1843=ORIENTED_EDGE('',*,*,#1266,.F.);
#1844=ORIENTED_EDGE('',*,*,#1305,.T.);
#1845=ORIENTED_EDGE('',*,*,#1309,.F.);
#1846=ORIENTED_EDGE('',*,*,#1301,.T.);
#1847=ORIENTED_EDGE('',*,*,#1284,.F.);
#1848=ORIENTED_EDGE('',*,*,#1310,.F.);
#1849=ORIENTED_EDGE('',*,*,#1298,.F.);
#1850=ORIENTED_EDGE('',*,*,#1294,.F.);
#1851=ORIENTED_EDGE('',*,*,#1311,.F.);
#1852=ORIENTED_EDGE('',*,*,#1310,.T.);
#1853=ORIENTED_EDGE('',*,*,#1283,.F.);
#1854=ORIENTED_EDGE('',*,*,#1280,.F.);
#1855=ORIENTED_EDGE('',*,*,#1300,.T.);
#1856=ORIENTED_EDGE('',*,*,#1312,.T.);
#1857=ORIENTED_EDGE('',*,*,#1313,.T.);
#1858=ORIENTED_EDGE('',*,*,#1314,.F.);
#1859=ORIENTED_EDGE('',*,*,#1315,.F.);
#1860=ORIENTED_EDGE('',*,*,#1316,.T.);
#1861=ORIENTED_EDGE('',*,*,#1315,.T.);
#1862=ORIENTED_EDGE('',*,*,#1317,.F.);
#1863=ORIENTED_EDGE('',*,*,#1318,.F.);
#1864=ORIENTED_EDGE('',*,*,#1319,.T.);
#1865=ORIENTED_EDGE('',*,*,#1318,.T.);
#1866=ORIENTED_EDGE('',*,*,#1320,.F.);
#1867=ORIENTED_EDGE('',*,*,#1321,.F.);
#1868=ORIENTED_EDGE('',*,*,#1322,.T.);
#1869=ORIENTED_EDGE('',*,*,#1321,.T.);
#1870=ORIENTED_EDGE('',*,*,#1323,.F.);
#1871=ORIENTED_EDGE('',*,*,#1324,.F.);
#1872=ORIENTED_EDGE('',*,*,#1325,.T.);
#1873=ORIENTED_EDGE('',*,*,#1324,.T.);
#1874=ORIENTED_EDGE('',*,*,#1326,.F.);
#1875=ORIENTED_EDGE('',*,*,#1327,.F.);
#1876=ORIENTED_EDGE('',*,*,#1328,.T.);
#1877=ORIENTED_EDGE('',*,*,#1327,.T.);
#1878=ORIENTED_EDGE('',*,*,#1329,.F.);
#1879=ORIENTED_EDGE('',*,*,#1330,.F.);
#1880=ORIENTED_EDGE('',*,*,#1331,.T.);
#1881=ORIENTED_EDGE('',*,*,#1330,.T.);
#1882=ORIENTED_EDGE('',*,*,#1332,.F.);
#1883=ORIENTED_EDGE('',*,*,#1333,.F.);
#1884=ORIENTED_EDGE('',*,*,#1334,.T.);
#1885=ORIENTED_EDGE('',*,*,#1333,.T.);
#1886=ORIENTED_EDGE('',*,*,#1335,.F.);
#1887=ORIENTED_EDGE('',*,*,#1313,.F.);
#1888=ORIENTED_EDGE('',*,*,#1336,.F.);
#1889=ORIENTED_EDGE('',*,*,#1337,.F.);
#1890=ORIENTED_EDGE('',*,*,#1338,.F.);
#1891=ORIENTED_EDGE('',*,*,#1339,.F.);
#1892=ORIENTED_EDGE('',*,*,#1340,.F.);
#1893=ORIENTED_EDGE('',*,*,#1341,.F.);
#1894=ORIENTED_EDGE('',*,*,#1342,.F.);
#1895=ORIENTED_EDGE('',*,*,#1343,.F.);
#1896=ORIENTED_EDGE('',*,*,#1335,.T.);
#1897=ORIENTED_EDGE('',*,*,#1332,.T.);
#1898=ORIENTED_EDGE('',*,*,#1329,.T.);
#1899=ORIENTED_EDGE('',*,*,#1326,.T.);
#1900=ORIENTED_EDGE('',*,*,#1323,.T.);
#1901=ORIENTED_EDGE('',*,*,#1320,.T.);
#1902=ORIENTED_EDGE('',*,*,#1317,.T.);
#1903=ORIENTED_EDGE('',*,*,#1314,.T.);
#1904=ORIENTED_EDGE('',*,*,#1340,.T.);
#1905=ORIENTED_EDGE('',*,*,#1344,.T.);
#1906=ORIENTED_EDGE('',*,*,#1345,.F.);
#1907=ORIENTED_EDGE('',*,*,#1346,.F.);
#1908=ORIENTED_EDGE('',*,*,#1339,.T.);
#1909=ORIENTED_EDGE('',*,*,#1347,.T.);
#1910=ORIENTED_EDGE('',*,*,#1348,.F.);
#1911=ORIENTED_EDGE('',*,*,#1344,.F.);
#1912=ORIENTED_EDGE('',*,*,#1338,.T.);
#1913=ORIENTED_EDGE('',*,*,#1349,.T.);
#1914=ORIENTED_EDGE('',*,*,#1350,.F.);
#1915=ORIENTED_EDGE('',*,*,#1347,.F.);
#1916=ORIENTED_EDGE('',*,*,#1337,.T.);
#1917=ORIENTED_EDGE('',*,*,#1351,.T.);
#1918=ORIENTED_EDGE('',*,*,#1352,.F.);
#1919=ORIENTED_EDGE('',*,*,#1349,.F.);
#1920=ORIENTED_EDGE('',*,*,#1341,.T.);
#1921=ORIENTED_EDGE('',*,*,#1346,.T.);
#1922=ORIENTED_EDGE('',*,*,#1353,.F.);
#1923=ORIENTED_EDGE('',*,*,#1354,.F.);
#1924=ORIENTED_EDGE('',*,*,#1342,.T.);
#1925=ORIENTED_EDGE('',*,*,#1354,.T.);
#1926=ORIENTED_EDGE('',*,*,#1355,.F.);
#1927=ORIENTED_EDGE('',*,*,#1356,.F.);
#1928=ORIENTED_EDGE('',*,*,#1343,.T.);
#1929=ORIENTED_EDGE('',*,*,#1356,.T.);
#1930=ORIENTED_EDGE('',*,*,#1357,.F.);
#1931=ORIENTED_EDGE('',*,*,#1358,.F.);
#1932=ORIENTED_EDGE('',*,*,#1336,.T.);
#1933=ORIENTED_EDGE('',*,*,#1358,.T.);
#1934=ORIENTED_EDGE('',*,*,#1359,.F.);
#1935=ORIENTED_EDGE('',*,*,#1351,.F.);
#1936=ORIENTED_EDGE('',*,*,#1172,.F.);
#1937=ORIENTED_EDGE('',*,*,#1360,.F.);
#1938=ORIENTED_EDGE('',*,*,#1207,.F.);
#1939=ORIENTED_EDGE('',*,*,#1212,.F.);
#1940=ORIENTED_EDGE('',*,*,#1273,.F.);
#1941=ORIENTED_EDGE('',*,*,#1276,.F.);
#1942=ORIENTED_EDGE('',*,*,#1279,.T.);
#1943=ORIENTED_EDGE('',*,*,#1286,.F.);
#1944=ORIENTED_EDGE('',*,*,#1130,.F.);
#1945=ORIENTED_EDGE('',*,*,#1188,.T.);
#1946=ORIENTED_EDGE('',*,*,#1191,.F.);
#1947=ORIENTED_EDGE('',*,*,#1194,.F.);
#1948=ORIENTED_EDGE('',*,*,#1260,.F.);
#1949=ORIENTED_EDGE('',*,*,#1257,.F.);
#1950=ORIENTED_EDGE('',*,*,#1196,.F.);
#1951=ORIENTED_EDGE('',*,*,#1165,.T.);
#1952=ORIENTED_EDGE('',*,*,#1156,.T.);
#1953=ORIENTED_EDGE('',*,*,#1215,.F.);
#1954=ORIENTED_EDGE('',*,*,#1218,.T.);
#1955=ORIENTED_EDGE('',*,*,#1255,.T.);
#1956=ORIENTED_EDGE('',*,*,#1252,.T.);
#1957=ORIENTED_EDGE('',*,*,#1220,.F.);
#1958=ORIENTED_EDGE('',*,*,#1140,.T.);
#1959=ORIENTED_EDGE('',*,*,#1153,.T.);
#1960=ORIENTED_EDGE('',*,*,#1202,.F.);
#1961=ORIENTED_EDGE('',*,*,#1205,.F.);
#1962=ORIENTED_EDGE('',*,*,#1245,.F.);
#1963=ORIENTED_EDGE('',*,*,#1242,.F.);
#1964=ORIENTED_EDGE('',*,*,#1208,.F.);
#1965=ORIENTED_EDGE('',*,*,#1360,.T.);
#1966=ORIENTED_EDGE('',*,*,#1171,.T.);
#1967=ORIENTED_EDGE('',*,*,#1227,.F.);
#1968=ORIENTED_EDGE('',*,*,#1230,.T.);
#1969=ORIENTED_EDGE('',*,*,#1250,.T.);
#1970=ORIENTED_EDGE('',*,*,#1247,.T.);
#1971=ORIENTED_EDGE('',*,*,#1223,.F.);
#1972=ORIENTED_EDGE('',*,*,#1178,.T.);
#1973=ORIENTED_EDGE('',*,*,#1359,.T.);
#1974=ORIENTED_EDGE('',*,*,#1357,.T.);
#1975=ORIENTED_EDGE('',*,*,#1355,.T.);
#1976=ORIENTED_EDGE('',*,*,#1353,.T.);
#1977=ORIENTED_EDGE('',*,*,#1345,.T.);
#1978=ORIENTED_EDGE('',*,*,#1348,.T.);
#1979=ORIENTED_EDGE('',*,*,#1350,.T.);
#1980=ORIENTED_EDGE('',*,*,#1352,.T.);
#1981=ORIENTED_EDGE('',*,*,#1293,.T.);
#1982=ORIENTED_EDGE('',*,*,#1297,.T.);
#1983=ORIENTED_EDGE('',*,*,#1306,.T.);
#1984=ORIENTED_EDGE('',*,*,#1308,.T.);
#1985=ORIENTED_EDGE('',*,*,#1235,.T.);
#1986=ORIENTED_EDGE('',*,*,#1302,.T.);
#1987=ORIENTED_EDGE('',*,*,#1309,.T.);
#1988=ORIENTED_EDGE('',*,*,#1311,.T.);
#1989=ORIENTED_EDGE('',*,*,#1334,.F.);
#1990=ORIENTED_EDGE('',*,*,#1312,.F.);
#1991=ORIENTED_EDGE('',*,*,#1316,.F.);
#1992=ORIENTED_EDGE('',*,*,#1319,.F.);
#1993=ORIENTED_EDGE('',*,*,#1322,.F.);
#1994=ORIENTED_EDGE('',*,*,#1325,.F.);
#1995=ORIENTED_EDGE('',*,*,#1328,.F.);
#1996=ORIENTED_EDGE('',*,*,#1331,.F.);
#1997=PLANE('',#2186);
#1998=PLANE('',#2191);
#1999=PLANE('',#2196);
#2000=PLANE('',#2199);
#2001=PLANE('',#2202);
#2002=PLANE('',#2205);
#2003=PLANE('',#2210);
#2004=PLANE('',#2213);
#2005=PLANE('',#2216);
#2006=PLANE('',#2219);
#2007=PLANE('',#2220);
#2008=PLANE('',#2230);
#2009=PLANE('',#2244);
#2010=PLANE('',#2278);
#2011=PLANE('',#2282);
#2012=PLANE('',#2286);
#2013=PLANE('',#2290);
#2014=PLANE('',#2294);
#2015=PLANE('',#2304);
#2016=PLANE('',#2308);
#2017=PLANE('',#2309);
#2018=PLANE('',#2311);
#2019=PLANE('',#2312);
#2020=PLANE('',#2313);
#2021=PLANE('',#2314);
#2022=PLANE('',#2315);
#2023=PLANE('',#2316);
#2024=PLANE('',#2317);
#2025=PLANE('',#2318);
#2026=PLANE('',#2319);
#2027=PLANE('',#2320);
#2028=PLANE('',#2321);
#2029=PLANE('',#2322);
#2030=PLANE('',#2323);
#2031=PLANE('',#2324);
#2032=PLANE('',#2325);
#2033=PLANE('',#2327);
#2034=PLANE('',#2329);
#2035=PLANE('',#2334);
#2036=PLANE('',#2336);
#2037=PLANE('',#2341);
#2038=PLANE('',#2342);
#2039=PLANE('',#2347);
#2040=PLANE('',#2351);
#2041=PLANE('',#2352);
#2042=PLANE('',#2355);
#2043=PLANE('',#2358);
#2044=PLANE('',#2362);
#2045=PLANE('',#2366);
#2046=PLANE('',#2370);
#2047=PLANE('',#2374);
#2048=PLANE('',#2381);
#2049=PLANE('',#2384);
#2050=PLANE('',#2385);
#2051=PLANE('',#2388);
#2052=PLANE('',#2393);
#2053=PLANE('',#2394);
#2054=ADVANCED_FACE('',(#126),#1997,.T.);
#2055=ADVANCED_FACE('',(#127),#1998,.F.);
#2056=ADVANCED_FACE('',(#128),#1999,.T.);
#2057=ADVANCED_FACE('',(#129),#68,.F.);
#2058=ADVANCED_FACE('',(#130),#2000,.T.);
#2059=ADVANCED_FACE('',(#131),#69,.F.);
#2060=ADVANCED_FACE('',(#132),#2001,.T.);
#2061=ADVANCED_FACE('',(#133),#70,.F.);
#2062=ADVANCED_FACE('',(#134),#2002,.T.);
#2063=ADVANCED_FACE('',(#135),#71,.F.);
#2064=ADVANCED_FACE('',(#136),#72,.T.);
#2065=ADVANCED_FACE('',(#137),#2003,.T.);
#2066=ADVANCED_FACE('',(#138),#73,.T.);
#2067=ADVANCED_FACE('',(#139),#2004,.T.);
#2068=ADVANCED_FACE('',(#140),#74,.T.);
#2069=ADVANCED_FACE('',(#141),#2005,.T.);
#2070=ADVANCED_FACE('',(#142),#75,.T.);
#2071=ADVANCED_FACE('',(#143),#2006,.T.);
#2072=ADVANCED_FACE('',(#144,#62),#2007,.T.);
#2073=ADVANCED_FACE('',(#145),#76,.T.);
#2074=ADVANCED_FACE('',(#146),#77,.F.);
#2075=ADVANCED_FACE('',(#147),#78,.T.);
#2076=ADVANCED_FACE('',(#148),#79,.F.);
#2077=ADVANCED_FACE('',(#149),#80,.T.);
#2078=ADVANCED_FACE('',(#150),#2008,.T.);
#2079=ADVANCED_FACE('',(#151),#81,.T.);
#2080=ADVANCED_FACE('',(#152),#82,.T.);
#2081=ADVANCED_FACE('',(#153),#83,.F.);
#2082=ADVANCED_FACE('',(#154),#84,.T.);
#2083=ADVANCED_FACE('',(#155),#85,.F.);
#2084=ADVANCED_FACE('',(#156),#86,.T.);
#2085=ADVANCED_FACE('',(#157),#2009,.T.);
#2086=ADVANCED_FACE('',(#158),#87,.F.);
#2087=ADVANCED_FACE('',(#159),#88,.T.);
#2088=ADVANCED_FACE('',(#160),#89,.F.);
#2089=ADVANCED_FACE('',(#161),#90,.F.);
#2090=ADVANCED_FACE('',(#162),#91,.T.);
#2091=ADVANCED_FACE('',(#163),#92,.T.);
#2092=ADVANCED_FACE('',(#164),#93,.F.);
#2093=ADVANCED_FACE('',(#165),#94,.F.);
#2094=ADVANCED_FACE('',(#166),#95,.F.);
#2095=ADVANCED_FACE('',(#167),#96,.T.);
#2096=ADVANCED_FACE('',(#168),#97,.F.);
#2097=ADVANCED_FACE('',(#169),#2010,.T.);
#2098=ADVANCED_FACE('',(#170),#98,.F.);
#2099=ADVANCED_FACE('',(#171),#2011,.T.);
#2100=ADVANCED_FACE('',(#172),#99,.F.);
#2101=ADVANCED_FACE('',(#173),#2012,.T.);
#2102=ADVANCED_FACE('',(#174),#100,.F.);
#2103=ADVANCED_FACE('',(#175),#2013,.T.);
#2104=ADVANCED_FACE('',(#176),#101,.F.);
#2105=ADVANCED_FACE('',(#177),#2014,.T.);
#2106=ADVANCED_FACE('',(#178),#102,.F.);
#2107=ADVANCED_FACE('',(#179),#103,.F.);
#2108=ADVANCED_FACE('',(#180),#104,.F.);
#2109=ADVANCED_FACE('',(#181),#2015,.T.);
#2110=ADVANCED_FACE('',(#182),#105,.F.);
#2111=ADVANCED_FACE('',(#183,#63),#2016,.T.);
#2112=ADVANCED_FACE('',(#184,#64),#2017,.T.);
#2113=ADVANCED_FACE('',(#185),#2018,.T.);
#2114=ADVANCED_FACE('',(#186),#2019,.T.);
#2115=ADVANCED_FACE('',(#187),#2020,.T.);
#2116=ADVANCED_FACE('',(#188),#2021,.T.);
#2117=ADVANCED_FACE('',(#189),#2022,.T.);
#2118=ADVANCED_FACE('',(#190),#2023,.T.);
#2119=ADVANCED_FACE('',(#191),#2024,.T.);
#2120=ADVANCED_FACE('',(#192),#2025,.T.);
#2121=ADVANCED_FACE('',(#193),#2026,.T.);
#2122=ADVANCED_FACE('',(#194),#2027,.T.);
#2123=ADVANCED_FACE('',(#195),#2028,.T.);
#2124=ADVANCED_FACE('',(#196),#2029,.T.);
#2125=ADVANCED_FACE('',(#197),#2030,.T.);
#2126=ADVANCED_FACE('',(#198),#2031,.T.);
#2127=ADVANCED_FACE('',(#199),#2032,.T.);
#2128=ADVANCED_FACE('',(#200),#106,.F.);
#2129=ADVANCED_FACE('',(#201),#2033,.T.);
#2130=ADVANCED_FACE('',(#202),#107,.F.);
#2131=ADVANCED_FACE('',(#203),#2034,.F.);
#2132=ADVANCED_FACE('',(#204),#108,.F.);
#2133=ADVANCED_FACE('',(#205),#2035,.T.);
#2134=ADVANCED_FACE('',(#206),#109,.F.);
#2135=ADVANCED_FACE('',(#207),#2036,.F.);
#2136=ADVANCED_FACE('',(#208),#110,.T.);
#2137=ADVANCED_FACE('',(#209),#2037,.T.);
#2138=ADVANCED_FACE('',(#210),#2038,.T.);
#2139=ADVANCED_FACE('',(#211),#111,.F.);
#2140=ADVANCED_FACE('',(#212),#112,.T.);
#2141=ADVANCED_FACE('',(#213),#2039,.T.);
#2142=ADVANCED_FACE('',(#214),#113,.F.);
#2143=ADVANCED_FACE('',(#215),#114,.T.);
#2144=ADVANCED_FACE('',(#216),#2040,.T.);
#2145=ADVANCED_FACE('',(#217),#2041,.T.);
#2146=ADVANCED_FACE('',(#218),#115,.F.);
#2147=ADVANCED_FACE('',(#219),#2042,.T.);
#2148=ADVANCED_FACE('',(#220),#116,.F.);
#2149=ADVANCED_FACE('',(#221),#2043,.T.);
#2150=ADVANCED_FACE('',(#222),#117,.F.);
#2151=ADVANCED_FACE('',(#223),#2044,.T.);
#2152=ADVANCED_FACE('',(#224),#118,.F.);
#2153=ADVANCED_FACE('',(#225),#2045,.T.);
#2154=ADVANCED_FACE('',(#226),#119,.F.);
#2155=ADVANCED_FACE('',(#227),#2046,.T.);
#2156=ADVANCED_FACE('',(#228),#120,.F.);
#2157=ADVANCED_FACE('',(#229,#65),#2047,.T.);
#2158=ADVANCED_FACE('',(#230),#121,.F.);
#2159=ADVANCED_FACE('',(#231),#2048,.T.);
#2160=ADVANCED_FACE('',(#232),#122,.F.);
#2161=ADVANCED_FACE('',(#233),#2049,.T.);
#2162=ADVANCED_FACE('',(#234),#2050,.T.);
#2163=ADVANCED_FACE('',(#235),#123,.F.);
#2164=ADVANCED_FACE('',(#236),#2051,.T.);
#2165=ADVANCED_FACE('',(#237),#124,.F.);
#2166=ADVANCED_FACE('',(#238),#125,.T.);
#2167=ADVANCED_FACE('',(#239,#66),#2052,.T.);
#2168=ADVANCED_FACE('',(#240,#67),#2053,.F.);
#2169=CLOSED_SHELL('',(#2054,#2055,#2056,#2057,#2058,#2059,#2060,#2061,
#2062,#2063,#2064,#2065,#2066,#2067,#2068,#2069,#2070,#2071,#2072));
#2170=CLOSED_SHELL('',(#2073,#2074,#2075,#2076,#2077,#2078,#2079,#2080,
#2081,#2082,#2083,#2084,#2085,#2086,#2087,#2088,#2089,#2090,#2091,#2092,
#2093,#2094,#2095,#2096,#2097,#2098,#2099,#2100,#2101,#2102,#2103,#2104,
#2105,#2106,#2107,#2108,#2109,#2110,#2111,#2112,#2113,#2114,#2115,#2116,
#2117,#2118,#2119,#2120,#2121,#2122,#2123,#2124,#2125,#2126,#2127,#2128,
#2129,#2130,#2131,#2132,#2133,#2134,#2135,#2136,#2137,#2138,#2139,#2140,
#2141,#2142,#2143,#2144,#2145,#2146,#2147,#2148,#2149,#2150,#2151,#2152,
#2153,#2154,#2155,#2156,#2157,#2158,#2159,#2160,#2161,#2162,#2163,#2164,
#2165,#2166,#2167,#2168));
#2171=DERIVED_UNIT_ELEMENT(#2173,1.);
#2172=DERIVED_UNIT_ELEMENT(#3865,-3.);
#2173=(
MASS_UNIT()
NAMED_UNIT(*)
SI_UNIT(.KILO.,.GRAM.)
);
#2174=DERIVED_UNIT((#2171,#2172));
#2175=MEASURE_REPRESENTATION_ITEM('density measure',
POSITIVE_RATIO_MEASURE(7850.),#2174);
#2176=PROPERTY_DEFINITION_REPRESENTATION(#2181,#2178);
#2177=PROPERTY_DEFINITION_REPRESENTATION(#2182,#2179);
#2178=REPRESENTATION('material name',(#2180),#3862);
#2179=REPRESENTATION('density',(#2175),#3862);
#2180=DESCRIPTIVE_REPRESENTATION_ITEM('Steel','Steel');
#2181=PROPERTY_DEFINITION('material property','material name',#3882);
#2182=PROPERTY_DEFINITION('material property','density of part',#3882);
#2183=AXIS2_PLACEMENT_3D('',#3014,#2397,#2398);
#2184=AXIS2_PLACEMENT_3D('',#3015,#2399,#2400);
#2185=AXIS2_PLACEMENT_3D('',#3016,#2401,#2402);
#2186=AXIS2_PLACEMENT_3D('',#3017,#2403,#2404);
#2187=AXIS2_PLACEMENT_3D('',#3022,#2406,#2407);
#2188=AXIS2_PLACEMENT_3D('',#3026,#2409,#2410);
#2189=AXIS2_PLACEMENT_3D('',#3030,#2412,#2413);
#2190=AXIS2_PLACEMENT_3D('',#3033,#2415,#2416);
#2191=AXIS2_PLACEMENT_3D('',#3034,#2417,#2418);
#2192=AXIS2_PLACEMENT_3D('',#3037,#2419,#2420);
#2193=AXIS2_PLACEMENT_3D('',#3041,#2422,#2423);
#2194=AXIS2_PLACEMENT_3D('',#3045,#2425,#2426);
#2195=AXIS2_PLACEMENT_3D('',#3049,#2428,#2429);
#2196=AXIS2_PLACEMENT_3D('',#3051,#2431,#2432);
#2197=AXIS2_PLACEMENT_3D('',#3057,#2436,#2437);
#2198=AXIS2_PLACEMENT_3D('',#3059,#2438,#2439);
#2199=AXIS2_PLACEMENT_3D('',#3061,#2441,#2442);
#2200=AXIS2_PLACEMENT_3D('',#3065,#2445,#2446);
#2201=AXIS2_PLACEMENT_3D('',#3067,#2447,#2448);
#2202=AXIS2_PLACEMENT_3D('',#3069,#2450,#2451);
#2203=AXIS2_PLACEMENT_3D('',#3073,#2454,#2455);
#2204=AXIS2_PLACEMENT_3D('',#3075,#2456,#2457);
#2205=AXIS2_PLACEMENT_3D('',#3077,#2459,#2460);
#2206=AXIS2_PLACEMENT_3D('',#3081,#2463,#2464);
#2207=AXIS2_PLACEMENT_3D('',#3082,#2465,#2466);
#2208=AXIS2_PLACEMENT_3D('',#3083,#2467,#2468);
#2209=AXIS2_PLACEMENT_3D('',#3086,#2469,#2470);
#2210=AXIS2_PLACEMENT_3D('',#3089,#2473,#2474);
#2211=AXIS2_PLACEMENT_3D('',#3093,#2477,#2478);
#2212=AXIS2_PLACEMENT_3D('',#3095,#2479,#2480);
#2213=AXIS2_PLACEMENT_3D('',#3097,#2482,#2483);
#2214=AXIS2_PLACEMENT_3D('',#3101,#2486,#2487);
#2215=AXIS2_PLACEMENT_3D('',#3103,#2488,#2489);
#2216=AXIS2_PLACEMENT_3D('',#3105,#2491,#2492);
#2217=AXIS2_PLACEMENT_3D('',#3109,#2495,#2496);
#2218=AXIS2_PLACEMENT_3D('',#3111,#2497,#2498);
#2219=AXIS2_PLACEMENT_3D('',#3113,#2500,#2501);
#2220=AXIS2_PLACEMENT_3D('',#3115,#2503,#2504);
#2221=AXIS2_PLACEMENT_3D('',#3116,#2505,#2506);
#2222=AXIS2_PLACEMENT_3D('',#3119,#2507,#2508);
#2223=AXIS2_PLACEMENT_3D('',#3128,#2511,#2512);
#2224=AXIS2_PLACEMENT_3D('',#3136,#2514,#2515);
#2225=AXIS2_PLACEMENT_3D('',#3137,#2516,#2517);
#2226=AXIS2_PLACEMENT_3D('',#3140,#2518,#2519);
#2227=AXIS2_PLACEMENT_3D('',#3149,#2522,#2523);
#2228=AXIS2_PLACEMENT_3D('',#3151,#2524,#2525);
#2229=AXIS2_PLACEMENT_3D('',#3158,#2527,#2528);
#2230=AXIS2_PLACEMENT_3D('',#3173,#2531,#2532);
#2231=AXIS2_PLACEMENT_3D('',#3175,#2533,#2534);
#2232=AXIS2_PLACEMENT_3D('',#3178,#2536,#2537);
#2233=AXIS2_PLACEMENT_3D('',#3179,#2538,#2539);
#2234=AXIS2_PLACEMENT_3D('',#3194,#2542,#2543);
#2235=AXIS2_PLACEMENT_3D('',#3221,#2545,#2546);
#2236=AXIS2_PLACEMENT_3D('',#3224,#2548,#2549);
#2237=AXIS2_PLACEMENT_3D('',#3225,#2550,#2551);
#2238=AXIS2_PLACEMENT_3D('',#3232,#2553,#2554);
#2239=AXIS2_PLACEMENT_3D('',#3242,#2556,#2557);
#2240=AXIS2_PLACEMENT_3D('',#3244,#2559,#2560);
#2241=AXIS2_PLACEMENT_3D('',#3246,#2561,#2562);
#2242=AXIS2_PLACEMENT_3D('',#3253,#2564,#2565);
#2243=AXIS2_PLACEMENT_3D('',#3256,#2566,#2567);
#2244=AXIS2_PLACEMENT_3D('',#3265,#2570,#2571);
#2245=AXIS2_PLACEMENT_3D('',#3267,#2572,#2573);
#2246=AXIS2_PLACEMENT_3D('',#3270,#2575,#2576);
#2247=AXIS2_PLACEMENT_3D('',#3272,#2578,#2579);
#2248=AXIS2_PLACEMENT_3D('',#3275,#2580,#2581);
#2249=AXIS2_PLACEMENT_3D('',#3278,#2583,#2584);
#2250=AXIS2_PLACEMENT_3D('',#3280,#2586,#2587);
#2251=AXIS2_PLACEMENT_3D('',#3320,#2590,#2591);
#2252=AXIS2_PLACEMENT_3D('',#3325,#2594,#2595);
#2253=AXIS2_PLACEMENT_3D('',#3326,#2596,#2597);
#2254=AXIS2_PLACEMENT_3D('',#3335,#2598,#2599);
#2255=AXIS2_PLACEMENT_3D('',#3338,#2600,#2601);
#2256=AXIS2_PLACEMENT_3D('',#3341,#2603,#2604);
#2257=AXIS2_PLACEMENT_3D('',#3343,#2606,#2607);
#2258=AXIS2_PLACEMENT_3D('',#3345,#2608,#2609);
#2259=AXIS2_PLACEMENT_3D('',#3347,#2611,#2612);
#2260=AXIS2_PLACEMENT_3D('',#3358,#2613,#2614);
#2261=AXIS2_PLACEMENT_3D('',#3359,#2615,#2616);
#2262=AXIS2_PLACEMENT_3D('',#3361,#2617,#2618);
#2263=AXIS2_PLACEMENT_3D('',#3367,#2621,#2622);
#2264=AXIS2_PLACEMENT_3D('',#3380,#2624,#2625);
#2265=AXIS2_PLACEMENT_3D('',#3383,#2626,#2627);
#2266=AXIS2_PLACEMENT_3D('',#3386,#2629,#2630);
#2267=AXIS2_PLACEMENT_3D('',#3388,#2632,#2633);
#2268=AXIS2_PLACEMENT_3D('',#3396,#2635,#2636);
#2269=AXIS2_PLACEMENT_3D('',#3397,#2637,#2638);
#2270=AXIS2_PLACEMENT_3D('',#3400,#2639,#2640);
#2271=AXIS2_PLACEMENT_3D('',#3403,#2642,#2643);
#2272=AXIS2_PLACEMENT_3D('',#3405,#2645,#2646);
#2273=AXIS2_PLACEMENT_3D('',#3429,#2648,#2649);
#2274=AXIS2_PLACEMENT_3D('',#3434,#2652,#2653);
#2275=AXIS2_PLACEMENT_3D('',#3435,#2654,#2655);
#2276=AXIS2_PLACEMENT_3D('',#3437,#2656,#2657);
#2277=AXIS2_PLACEMENT_3D('',#3440,#2659,#2660);
#2278=AXIS2_PLACEMENT_3D('',#3441,#2661,#2662);
#2279=AXIS2_PLACEMENT_3D('',#3447,#2666,#2667);
#2280=AXIS2_PLACEMENT_3D('',#3449,#2668,#2669);
#2281=AXIS2_PLACEMENT_3D('',#3451,#2670,#2671);
#2282=AXIS2_PLACEMENT_3D('',#3453,#2673,#2674);
#2283=AXIS2_PLACEMENT_3D('',#3456,#2677,#2678);
#2284=AXIS2_PLACEMENT_3D('',#3458,#2679,#2680);
#2285=AXIS2_PLACEMENT_3D('',#3461,#2682,#2683);
#2286=AXIS2_PLACEMENT_3D('',#3462,#2684,#2685);
#2287=AXIS2_PLACEMENT_3D('',#3468,#2689,#2690);
#2288=AXIS2_PLACEMENT_3D('',#3471,#2691,#2692);
#2289=AXIS2_PLACEMENT_3D('',#3475,#2694,#2695);
#2290=AXIS2_PLACEMENT_3D('',#3477,#2697,#2698);
#2291=AXIS2_PLACEMENT_3D('',#3482,#2702,#2703);
#2292=AXIS2_PLACEMENT_3D('',#3484,#2704,#2705);
#2293=AXIS2_PLACEMENT_3D('',#3487,#2707,#2708);
#2294=AXIS2_PLACEMENT_3D('',#3488,#2709,#2710);
#2295=AXIS2_PLACEMENT_3D('',#3494,#2714,#2715);
#2296=AXIS2_PLACEMENT_3D('',#3496,#2716,#2717);
#2297=AXIS2_PLACEMENT_3D('',#3498,#2718,#2719);
#2298=AXIS2_PLACEMENT_3D('',#3500,#2721,#2722);
#2299=AXIS2_PLACEMENT_3D('',#3502,#2723,#2724);
#2300=AXIS2_PLACEMENT_3D('',#3504,#2725,#2726);
#2301=AXIS2_PLACEMENT_3D('',#3506,#2728,#2729);
#2302=AXIS2_PLACEMENT_3D('',#3508,#2730,#2731);
#2303=AXIS2_PLACEMENT_3D('',#3511,#2733,#2734);
#2304=AXIS2_PLACEMENT_3D('',#3512,#2735,#2736);
#2305=AXIS2_PLACEMENT_3D('',#3518,#2740,#2741);
#2306=AXIS2_PLACEMENT_3D('',#3520,#2742,#2743);
#2307=AXIS2_PLACEMENT_3D('',#3523,#2745,#2746);
#2308=AXIS2_PLACEMENT_3D('',#3524,#2747,#2748);
#2309=AXIS2_PLACEMENT_3D('',#3525,#2749,#2750);
#2310=AXIS2_PLACEMENT_3D('',#3533,#2754,#2755);
#2311=AXIS2_PLACEMENT_3D('',#3535,#2757,#2758);
#2312=AXIS2_PLACEMENT_3D('',#3538,#2761,#2762);
#2313=AXIS2_PLACEMENT_3D('',#3540,#2764,#2765);
#2314=AXIS2_PLACEMENT_3D('',#3541,#2766,#2767);
#2315=AXIS2_PLACEMENT_3D('',#3547,#2771,#2772);
#2316=AXIS2_PLACEMENT_3D('',#3550,#2775,#2776);
#2317=AXIS2_PLACEMENT_3D('',#3551,#2777,#2778);
#2318=AXIS2_PLACEMENT_3D('',#3557,#2782,#2783);
#2319=AXIS2_PLACEMENT_3D('',#3560,#2786,#2787);
#2320=AXIS2_PLACEMENT_3D('',#3561,#2788,#2789);
#2321=AXIS2_PLACEMENT_3D('',#3567,#2793,#2794);
#2322=AXIS2_PLACEMENT_3D('',#3570,#2797,#2798);
#2323=AXIS2_PLACEMENT_3D('',#3571,#2799,#2800);
#2324=AXIS2_PLACEMENT_3D('',#3577,#2804,#2805);
#2325=AXIS2_PLACEMENT_3D('',#3580,#2808,#2809);
#2326=AXIS2_PLACEMENT_3D('',#3581,#2810,#2811);
#2327=AXIS2_PLACEMENT_3D('',#3596,#2814,#2815);
#2328=AXIS2_PLACEMENT_3D('',#3598,#2817,#2818);
#2329=AXIS2_PLACEMENT_3D('',#3613,#2821,#2822);
#2330=AXIS2_PLACEMENT_3D('',#3615,#2823,#2824);
#2331=AXIS2_PLACEMENT_3D('',#3619,#2826,#2827);
#2332=AXIS2_PLACEMENT_3D('',#3622,#2829,#2830);
#2333=AXIS2_PLACEMENT_3D('',#3623,#2831,#2832);
#2334=AXIS2_PLACEMENT_3D('',#3647,#2834,#2835);
#2335=AXIS2_PLACEMENT_3D('',#3653,#2839,#2840);
#2336=AXIS2_PLACEMENT_3D('',#3668,#2843,#2844);
#2337=AXIS2_PLACEMENT_3D('',#3670,#2845,#2846);
#2338=AXIS2_PLACEMENT_3D('',#3673,#2848,#2849);
#2339=AXIS2_PLACEMENT_3D('',#3674,#2850,#2851);
#2340=AXIS2_PLACEMENT_3D('',#3693,#2852,#2853);
#2341=AXIS2_PLACEMENT_3D('',#3695,#2855,#2856);
#2342=AXIS2_PLACEMENT_3D('',#3699,#2859,#2860);
#2343=AXIS2_PLACEMENT_3D('',#3706,#2864,#2865);
#2344=AXIS2_PLACEMENT_3D('',#3707,#2866,#2867);
#2345=AXIS2_PLACEMENT_3D('',#3710,#2869,#2870);
#2346=AXIS2_PLACEMENT_3D('',#3711,#2871,#2872);
#2347=AXIS2_PLACEMENT_3D('',#3722,#2874,#2875);
#2348=AXIS2_PLACEMENT_3D('',#3724,#2877,#2878);
#2349=AXIS2_PLACEMENT_3D('',#3727,#2880,#2881);
#2350=AXIS2_PLACEMENT_3D('',#3728,#2882,#2883);
#2351=AXIS2_PLACEMENT_3D('',#3739,#2885,#2886);
#2352=AXIS2_PLACEMENT_3D('',#3741,#2888,#2889);
#2353=AXIS2_PLACEMENT_3D('',#3745,#2892,#2893);
#2354=AXIS2_PLACEMENT_3D('',#3746,#2894,#2895);
#2355=AXIS2_PLACEMENT_3D('',#3747,#2896,#2897);
#2356=AXIS2_PLACEMENT_3D('',#3751,#2900,#2901);
#2357=AXIS2_PLACEMENT_3D('',#3752,#2902,#2903);
#2358=AXIS2_PLACEMENT_3D('',#3753,#2904,#2905);
#2359=AXIS2_PLACEMENT_3D('',#3762,#2910,#2911);
#2360=AXIS2_PLACEMENT_3D('',#3764,#2912,#2913);
#2361=AXIS2_PLACEMENT_3D('',#3766,#2914,#2915);
#2362=AXIS2_PLACEMENT_3D('',#3768,#2917,#2918);
#2363=AXIS2_PLACEMENT_3D('',#3774,#2922,#2923);
#2364=AXIS2_PLACEMENT_3D('',#3776,#2924,#2925);
#2365=AXIS2_PLACEMENT_3D('',#3778,#2926,#2927);
#2366=AXIS2_PLACEMENT_3D('',#3780,#2929,#2930);
#2367=AXIS2_PLACEMENT_3D('',#3786,#2934,#2935);
#2368=AXIS2_PLACEMENT_3D('',#3788,#2936,#2937);
#2369=AXIS2_PLACEMENT_3D('',#3790,#2938,#2939);
#2370=AXIS2_PLACEMENT_3D('',#3792,#2941,#2942);
#2371=AXIS2_PLACEMENT_3D('',#3798,#2946,#2947);
#2372=AXIS2_PLACEMENT_3D('',#3799,#2948,#2949);
#2373=AXIS2_PLACEMENT_3D('',#3800,#2950,#2951);
#2374=AXIS2_PLACEMENT_3D('',#3801,#2952,#2953);
#2375=AXIS2_PLACEMENT_3D('',#3804,#2954,#2955);
#2376=AXIS2_PLACEMENT_3D('',#3808,#2957,#2958);
#2377=AXIS2_PLACEMENT_3D('',#3812,#2960,#2961);
#2378=AXIS2_PLACEMENT_3D('',#3816,#2963,#2964);
#2379=AXIS2_PLACEMENT_3D('',#3818,#2966,#2967);
#2380=AXIS2_PLACEMENT_3D('',#3822,#2969,#2970);
#2381=AXIS2_PLACEMENT_3D('',#3824,#2972,#2973);
#2382=AXIS2_PLACEMENT_3D('',#3828,#2976,#2977);
#2383=AXIS2_PLACEMENT_3D('',#3831,#2979,#2980);
#2384=AXIS2_PLACEMENT_3D('',#3832,#2981,#2982);
#2385=AXIS2_PLACEMENT_3D('',#3836,#2985,#2986);
#2386=AXIS2_PLACEMENT_3D('',#3840,#2989,#2990);
#2387=AXIS2_PLACEMENT_3D('',#3842,#2991,#2992);
#2388=AXIS2_PLACEMENT_3D('',#3844,#2994,#2995);
#2389=AXIS2_PLACEMENT_3D('',#3848,#2998,#2999);
#2390=AXIS2_PLACEMENT_3D('',#3849,#3000,#3001);
#2391=AXIS2_PLACEMENT_3D('',#3850,#3002,#3003);
#2392=AXIS2_PLACEMENT_3D('',#3851,#3004,#3005);
#2393=AXIS2_PLACEMENT_3D('',#3852,#3006,#3007);
#2394=AXIS2_PLACEMENT_3D('',#3853,#3008,#3009);
#2395=AXIS2_PLACEMENT_3D('',#3854,#3010,#3011);
#2396=AXIS2_PLACEMENT_3D('',#3855,#3012,#3013);
#2397=DIRECTION('axis',(0.,0.,1.));
#2398=DIRECTION('refdir',(1.,0.,0.));
#2399=DIRECTION('axis',(0.,0.,1.));
#2400=DIRECTION('refdir',(1.,0.,0.));
#2401=DIRECTION('axis',(0.,0.,1.));
#2402=DIRECTION('refdir',(1.,0.,0.));
#2403=DIRECTION('center_axis',(0.,1.,0.));
#2404=DIRECTION('ref_axis',(-1.,0.,0.));
#2405=DIRECTION('',(1.,0.,0.));
#2406=DIRECTION('center_axis',(0.,-1.,0.));
#2407=DIRECTION('ref_axis',(-1.,0.,-6.33895691058408E-16));
#2408=DIRECTION('',(0.,0.,-1.));
#2409=DIRECTION('center_axis',(0.,-1.,0.));
#2410=DIRECTION('ref_axis',(9.96121800234644E-16,0.,1.));
#2411=DIRECTION('',(-1.,0.,0.));
#2412=DIRECTION('center_axis',(0.,-1.,0.));
#2413=DIRECTION('ref_axis',(1.,0.,-7.24452218352468E-16));
#2414=DIRECTION('',(0.,0.,1.));
#2415=DIRECTION('center_axis',(0.,-1.,0.));
#2416=DIRECTION('ref_axis',(-1.0866783275287E-15,0.,-1.));
#2417=DIRECTION('center_axis',(0.,1.,0.));
#2418=DIRECTION('ref_axis',(-1.,0.,0.));
#2419=DIRECTION('center_axis',(0.,-1.,0.));
#2420=DIRECTION('ref_axis',(-2.31296463463574E-16,0.,-1.));
#2421=DIRECTION('',(3.70074341541719E-16,0.,1.));
#2422=DIRECTION('center_axis',(0.,-1.,0.));
#2423=DIRECTION('ref_axis',(1.,0.,-2.31296463463574E-16));
#2424=DIRECTION('',(-1.,0.,3.70074341541719E-16));
#2425=DIRECTION('center_axis',(0.,-1.,0.));
#2426=DIRECTION('ref_axis',(2.31296463463574E-16,0.,1.));
#2427=DIRECTION('',(-3.70074341541719E-16,0.,-1.));
#2428=DIRECTION('center_axis',(0.,-1.,0.));
#2429=DIRECTION('ref_axis',(-1.,0.,0.));
#2430=DIRECTION('',(1.,0.,-3.70074341541719E-16));
#2431=DIRECTION('center_axis',(-3.70074341541719E-16,0.,-1.));
#2432=DIRECTION('ref_axis',(-1.,0.,3.70074341541719E-16));
#2433=DIRECTION('',(1.,0.,-3.70074341541719E-16));
#2434=DIRECTION('',(0.,1.,0.));
#2435=DIRECTION('',(0.,1.,0.));
#2436=DIRECTION('center_axis',(0.,1.,0.));
#2437=DIRECTION('ref_axis',(1.,0.,-2.31296463463574E-16));
#2438=DIRECTION('center_axis',(0.,1.,0.));
#2439=DIRECTION('ref_axis',(1.,0.,-2.31296463463574E-16));
#2440=DIRECTION('',(0.,1.,0.));
#2441=DIRECTION('center_axis',(-1.,0.,3.70074341541719E-16));
#2442=DIRECTION('ref_axis',(3.70074341541719E-16,0.,1.));
#2443=DIRECTION('',(-3.70074341541719E-16,0.,-1.));
#2444=DIRECTION('',(0.,1.,0.));
#2445=DIRECTION('center_axis',(0.,1.,0.));
#2446=DIRECTION('ref_axis',(-2.31296463463574E-16,0.,-1.));
#2447=DIRECTION('center_axis',(0.,1.,0.));
#2448=DIRECTION('ref_axis',(-2.31296463463574E-16,0.,-1.));
#2449=DIRECTION('',(0.,1.,0.));
#2450=DIRECTION('center_axis',(3.70074341541719E-16,0.,1.));
#2451=DIRECTION('ref_axis',(1.,0.,-3.70074341541719E-16));
#2452=DIRECTION('',(-1.,0.,3.70074341541719E-16));
#2453=DIRECTION('',(0.,1.,0.));
#2454=DIRECTION('center_axis',(0.,1.,0.));
#2455=DIRECTION('ref_axis',(-1.,0.,0.));
#2456=DIRECTION('center_axis',(0.,1.,0.));
#2457=DIRECTION('ref_axis',(-1.,0.,0.));
#2458=DIRECTION('',(0.,1.,0.));
#2459=DIRECTION('center_axis',(1.,0.,-3.70074341541719E-16));
#2460=DIRECTION('ref_axis',(-3.70074341541719E-16,0.,-1.));
#2461=DIRECTION('',(3.70074341541719E-16,0.,1.));
#2462=DIRECTION('',(0.,1.,0.));
#2463=DIRECTION('center_axis',(0.,1.,0.));
#2464=DIRECTION('ref_axis',(2.31296463463574E-16,0.,1.));
#2465=DIRECTION('center_axis',(0.,1.,0.));
#2466=DIRECTION('ref_axis',(2.31296463463574E-16,0.,1.));
#2467=DIRECTION('center_axis',(0.,1.,0.));
#2468=DIRECTION('ref_axis',(-1.0866783275287E-15,0.,-1.));
#2469=DIRECTION('center_axis',(0.,1.,0.));
#2470=DIRECTION('ref_axis',(-1.0866783275287E-15,0.,-1.));
#2471=DIRECTION('',(0.,1.,0.));
#2472=DIRECTION('',(0.,1.,0.));
#2473=DIRECTION('center_axis',(1.,0.,0.));
#2474=DIRECTION('ref_axis',(0.,0.,-1.));
#2475=DIRECTION('',(0.,0.,-1.));
#2476=DIRECTION('',(0.,1.,0.));
#2477=DIRECTION('center_axis',(0.,1.,0.));
#2478=DIRECTION('ref_axis',(1.,0.,-7.24452218352468E-16));
#2479=DIRECTION('center_axis',(0.,1.,0.));
#2480=DIRECTION('ref_axis',(1.,0.,-7.24452218352468E-16));
#2481=DIRECTION('',(0.,1.,0.));
#2482=DIRECTION('center_axis',(0.,0.,1.));
#2483=DIRECTION('ref_axis',(1.,0.,0.));
#2484=DIRECTION('',(1.,0.,0.));
#2485=DIRECTION('',(0.,1.,0.));
#2486=DIRECTION('center_axis',(0.,1.,0.));
#2487=DIRECTION('ref_axis',(9.96121800234644E-16,0.,1.));
#2488=DIRECTION('center_axis',(0.,1.,0.));
#2489=DIRECTION('ref_axis',(9.96121800234644E-16,0.,1.));
#2490=DIRECTION('',(0.,1.,0.));
#2491=DIRECTION('center_axis',(-1.,0.,0.));
#2492=DIRECTION('ref_axis',(0.,0.,1.));
#2493=DIRECTION('',(0.,0.,1.));
#2494=DIRECTION('',(0.,1.,0.));
#2495=DIRECTION('center_axis',(0.,1.,0.));
#2496=DIRECTION('ref_axis',(-1.,0.,-6.33895691058408E-16));
#2497=DIRECTION('center_axis',(0.,1.,0.));
#2498=DIRECTION('ref_axis',(-1.,0.,-6.33895691058408E-16));
#2499=DIRECTION('',(0.,1.,0.));
#2500=DIRECTION('center_axis',(0.,0.,-1.));
#2501=DIRECTION('ref_axis',(-1.,0.,0.));
#2502=DIRECTION('',(-1.,0.,0.));
#2503=DIRECTION('center_axis',(0.,-1.,0.));
#2504=DIRECTION('ref_axis',(1.,0.,0.));
#2505=DIRECTION('center_axis',(0.,-1.,0.));
#2506=DIRECTION('ref_axis',(-0.100166885316387,0.,0.994970650364127));
#2507=DIRECTION('center_axis',(0.,-1.,0.));
#2508=DIRECTION('ref_axis',(-0.100166885316387,0.,0.994970650364127));
#2509=DIRECTION('',(0.,1.,0.));
#2510=DIRECTION('',(0.,-1.,0.));
#2511=DIRECTION('center_axis',(0.,1.,0.));
#2512=DIRECTION('ref_axis',(0.0222177261718505,0.,-0.999753155855861));
#2513=DIRECTION('',(0.,-1.,0.));
#2514=DIRECTION('center_axis',(0.,-1.,0.));
#2515=DIRECTION('ref_axis',(0.0222177261718505,0.,-0.999753155855861));
#2516=DIRECTION('center_axis',(0.,1.,0.));
#2517=DIRECTION('ref_axis',(0.100166885316383,0.,0.994970650364127));
#2518=DIRECTION('center_axis',(0.,-1.,0.));
#2519=DIRECTION('ref_axis',(0.100166885316383,0.,0.994970650364127));
#2520=DIRECTION('',(0.,1.,0.));
#2521=DIRECTION('',(0.,-1.,0.));
#2522=DIRECTION('center_axis',(0.,-1.,0.));
#2523=DIRECTION('ref_axis',(-0.0222177261718505,0.,-0.999753155855861));
#2524=DIRECTION('center_axis',(0.,-1.,0.));
#2525=DIRECTION('ref_axis',(-0.233286124812415,0.,-0.97240813651985));
#2526=DIRECTION('',(0.,1.,0.));
#2527=DIRECTION('center_axis',(0.,-1.,0.));
#2528=DIRECTION('ref_axis',(-0.100166885316387,0.,0.994970650364127));
#2529=DIRECTION('',(0.,-1.,0.));
#2530=DIRECTION('',(0.,1.,0.));
#2531=DIRECTION('center_axis',(0.,0.,1.));
#2532=DIRECTION('ref_axis',(1.,0.,0.));
#2533=DIRECTION('center_axis',(0.,0.,-1.));
#2534=DIRECTION('ref_axis',(1.,0.,0.));
#2535=DIRECTION('',(-1.,0.,0.));
#2536=DIRECTION('center_axis',(0.,0.,-1.));
#2537=DIRECTION('ref_axis',(-0.707106781186547,0.707106781186548,0.));
#2538=DIRECTION('center_axis',(0.,1.,0.));
#2539=DIRECTION('ref_axis',(0.100166885316383,0.,0.994970650364127));
#2540=DIRECTION('',(0.,-1.,0.));
#2541=DIRECTION('',(0.,1.,0.));
#2542=DIRECTION('center_axis',(0.,0.,-1.));
#2543=DIRECTION('ref_axis',(0.707106781186547,0.707106781186548,0.));
#2544=DIRECTION('',(0.,0.,-1.));
#2545=DIRECTION('center_axis',(0.,0.,-1.));
#2546=DIRECTION('ref_axis',(0.707106781186547,0.707106781186548,0.));
#2547=DIRECTION('',(0.,0.,1.));
#2548=DIRECTION('center_axis',(0.,0.,-1.));
#2549=DIRECTION('ref_axis',(0.707106781186547,0.707106781186548,0.));
#2550=DIRECTION('center_axis',(0.,-1.,0.));
#2551=DIRECTION('ref_axis',(-0.0222177261718498,0.,-0.999753155855861));
#2552=DIRECTION('',(0.,1.,0.));
#2553=DIRECTION('center_axis',(0.,1.,0.));
#2554=DIRECTION('ref_axis',(-0.100166885316383,0.,-0.994970650364127));
#2555=DIRECTION('',(0.,-1.,0.));
#2556=DIRECTION('center_axis',(0.,-1.,0.));
#2557=DIRECTION('ref_axis',(-0.100166885316383,0.,-0.994970650364127));
#2558=DIRECTION('',(0.,1.,0.));
#2559=DIRECTION('center_axis',(0.,-1.,0.));
#2560=DIRECTION('ref_axis',(0.0222177261718491,0.,0.999753155855861));
#2561=DIRECTION('center_axis',(0.,-1.,0.));
#2562=DIRECTION('ref_axis',(0.23328612481242,0.,0.972408136519848));
#2563=DIRECTION('',(0.,1.,0.));
#2564=DIRECTION('center_axis',(0.,-1.,0.));
#2565=DIRECTION('ref_axis',(0.100166885316392,0.,-0.994970650364126));
#2566=DIRECTION('center_axis',(0.,-1.,0.));
#2567=DIRECTION('ref_axis',(0.100166885316392,0.,-0.994970650364126));
#2568=DIRECTION('',(0.,1.,0.));
#2569=DIRECTION('',(0.,-1.,0.));
#2570=DIRECTION('center_axis',(0.,0.,-1.));
#2571=DIRECTION('ref_axis',(-1.,0.,0.));
#2572=DIRECTION('center_axis',(0.,0.,1.));
#2573=DIRECTION('ref_axis',(-0.707106781186547,0.707106781186548,0.));
#2574=DIRECTION('',(1.,0.,7.40148683083439E-16));
#2575=DIRECTION('center_axis',(0.,0.,1.));
#2576=DIRECTION('ref_axis',(0.707106781186547,0.707106781186548,0.));
#2577=DIRECTION('',(-1.,0.,0.));
#2578=DIRECTION('center_axis',(0.,1.,0.));
#2579=DIRECTION('ref_axis',(0.0222177261718505,0.,-0.999753155855861));
#2580=DIRECTION('center_axis',(0.,-1.,0.));
#2581=DIRECTION('ref_axis',(0.0222177261718505,0.,-0.999753155855861));
#2582=DIRECTION('',(0.,-1.,0.));
#2583=DIRECTION('center_axis',(0.,-1.,0.));
#2584=DIRECTION('ref_axis',(0.0222177261718505,0.,-0.999753155855861));
#2585=DIRECTION('',(0.,-1.,0.));
#2586=DIRECTION('center_axis',(0.,-1.,0.));
#2587=DIRECTION('ref_axis',(-7.30409884621815E-17,0.,1.));
#2588=DIRECTION('',(0.,-1.,0.));
#2589=DIRECTION('',(0.,1.,0.));
#2590=DIRECTION('center_axis',(0.,1.,0.));
#2591=DIRECTION('ref_axis',(-7.30409884621815E-17,0.,1.));
#2592=DIRECTION('',(0.,-1.,0.));
#2593=DIRECTION('',(0.,-1.,0.));
#2594=DIRECTION('center_axis',(0.,-1.,0.));
#2595=DIRECTION('ref_axis',(-7.30409884621815E-17,0.,1.));
#2596=DIRECTION('center_axis',(0.,1.,0.));
#2597=DIRECTION('ref_axis',(0.0222177261718498,0.,-0.999753155855861));
#2598=DIRECTION('center_axis',(0.,-1.,0.));
#2599=DIRECTION('ref_axis',(-0.0222177261718505,0.,-0.999753155855861));
#2600=DIRECTION('center_axis',(0.,-1.,0.));
#2601=DIRECTION('ref_axis',(-0.0222177261718505,0.,-0.999753155855861));
#2602=DIRECTION('',(0.,1.,0.));
#2603=DIRECTION('center_axis',(0.,-1.,0.));
#2604=DIRECTION('ref_axis',(-0.233286124812415,0.,-0.97240813651985));
#2605=DIRECTION('',(0.,1.,0.));
#2606=DIRECTION('center_axis',(0.,0.,1.));
#2607=DIRECTION('ref_axis',(1.,0.,0.));
#2608=DIRECTION('center_axis',(0.,0.,1.));
#2609=DIRECTION('ref_axis',(1.,0.,0.));
#2610=DIRECTION('',(0.,0.,-1.));
#2611=DIRECTION('center_axis',(0.,0.,-1.));
#2612=DIRECTION('ref_axis',(1.,0.,0.));
#2613=DIRECTION('center_axis',(0.,0.,-1.));
#2614=DIRECTION('ref_axis',(1.,0.,0.));
#2615=DIRECTION('center_axis',(0.,-1.,0.));
#2616=DIRECTION('ref_axis',(1.,0.,7.30409884621813E-17));
#2617=DIRECTION('center_axis',(0.,-1.,0.));
#2618=DIRECTION('ref_axis',(1.,0.,7.30409884621813E-17));
#2619=DIRECTION('',(0.,-1.,0.));
#2620=DIRECTION('',(0.,-1.,0.));
#2621=DIRECTION('center_axis',(0.,1.,0.));
#2622=DIRECTION('ref_axis',(1.,0.,7.30409884621813E-17));
#2623=DIRECTION('',(0.,1.,0.));
#2624=DIRECTION('center_axis',(0.,-1.,0.));
#2625=DIRECTION('ref_axis',(0.0222177261718491,0.,0.999753155855861));
#2626=DIRECTION('center_axis',(0.,-1.,0.));
#2627=DIRECTION('ref_axis',(0.0222177261718491,0.,0.999753155855861));
#2628=DIRECTION('',(0.,1.,0.));
#2629=DIRECTION('center_axis',(0.,-1.,0.));
#2630=DIRECTION('ref_axis',(0.23328612481242,0.,0.972408136519848));
#2631=DIRECTION('',(0.,1.,0.));
#2632=DIRECTION('center_axis',(0.,1.,0.));
#2633=DIRECTION('ref_axis',(-0.0222177261718505,0.,0.999753155855861));
#2634=DIRECTION('',(0.,-1.,0.));
#2635=DIRECTION('center_axis',(0.,-1.,0.));
#2636=DIRECTION('ref_axis',(-0.0222177261718505,0.,0.999753155855861));
#2637=DIRECTION('center_axis',(0.,1.,0.));
#2638=DIRECTION('ref_axis',(-0.0222177261718505,0.,0.999753155855861));
#2639=DIRECTION('center_axis',(0.,-1.,0.));
#2640=DIRECTION('ref_axis',(-0.0222177261718505,0.,0.999753155855861));
#2641=DIRECTION('',(0.,-1.,0.));
#2642=DIRECTION('center_axis',(0.,-1.,0.));
#2643=DIRECTION('ref_axis',(-0.0222177261718505,0.,0.999753155855861));
#2644=DIRECTION('',(0.,-1.,0.));
#2645=DIRECTION('center_axis',(0.,-1.,0.));
#2646=DIRECTION('ref_axis',(-1.46081976924363E-16,0.,-1.));
#2647=DIRECTION('',(0.,1.,0.));
#2648=DIRECTION('center_axis',(0.,1.,0.));
#2649=DIRECTION('ref_axis',(-1.46081976924363E-16,0.,-1.));
#2650=DIRECTION('',(0.,-1.,0.));
#2651=DIRECTION('',(0.,-1.,0.));
#2652=DIRECTION('center_axis',(0.,-1.,0.));
#2653=DIRECTION('ref_axis',(-1.46081976924363E-16,0.,-1.));
#2654=DIRECTION('center_axis',(0.,-1.,0.));
#2655=DIRECTION('ref_axis',(-0.707106781186546,0.,0.707106781186549));
#2656=DIRECTION('center_axis',(0.,1.,0.));
#2657=DIRECTION('ref_axis',(-0.707106781186546,0.,0.707106781186549));
#2658=DIRECTION('',(0.,-1.,0.));
#2659=DIRECTION('center_axis',(0.,-1.,0.));
#2660=DIRECTION('ref_axis',(-0.707106781186546,0.,0.707106781186549));
#2661=DIRECTION('center_axis',(0.,0.,-1.));
#2662=DIRECTION('ref_axis',(-1.,0.,0.));
#2663=DIRECTION('',(-1.,0.,0.));
#2664=DIRECTION('',(0.,1.,0.));
#2665=DIRECTION('',(-1.,0.,0.));
#2666=DIRECTION('center_axis',(0.,1.,0.));
#2667=DIRECTION('ref_axis',(-0.707106781186546,0.,-0.707106781186549));
#2668=DIRECTION('center_axis',(0.,1.,0.));
#2669=DIRECTION('ref_axis',(-0.707106781186546,0.,-0.707106781186549));
#2670=DIRECTION('center_axis',(0.,-1.,0.));
#2671=DIRECTION('ref_axis',(-0.707106781186546,0.,-0.707106781186549));
#2672=DIRECTION('',(0.,1.,0.));
#2673=DIRECTION('center_axis',(1.,0.,0.));
#2674=DIRECTION('ref_axis',(0.,0.,1.));
#2675=DIRECTION('',(0.,0.,-1.));
#2676=DIRECTION('',(0.,0.,-1.));
#2677=DIRECTION('center_axis',(0.,-1.,0.));
#2678=DIRECTION('ref_axis',(0.707106781186548,0.,-0.707106781186547));
#2679=DIRECTION('center_axis',(0.,1.,0.));
#2680=DIRECTION('ref_axis',(0.707106781186548,0.,-0.707106781186547));
#2681=DIRECTION('',(0.,-1.,0.));
#2682=DIRECTION('center_axis',(0.,-1.,0.));
#2683=DIRECTION('ref_axis',(0.707106781186548,0.,-0.707106781186547));
#2684=DIRECTION('center_axis',(0.,0.,1.));
#2685=DIRECTION('ref_axis',(1.,0.,0.));
#2686=DIRECTION('',(1.,0.,0.));
#2687=DIRECTION('',(0.,1.,0.));
#2688=DIRECTION('',(1.,0.,0.));
#2689=DIRECTION('center_axis',(0.,1.,0.));
#2690=DIRECTION('ref_axis',(0.707106781186548,0.,0.707106781186547));
#2691=DIRECTION('center_axis',(0.,1.,0.));
#2692=DIRECTION('ref_axis',(0.707106781186548,0.,0.707106781186547));
#2693=DIRECTION('',(0.,-1.,0.));
#2694=DIRECTION('center_axis',(0.,-1.,0.));
#2695=DIRECTION('ref_axis',(0.707106781186548,0.,0.707106781186547));
#2696=DIRECTION('',(0.,1.,0.));
#2697=DIRECTION('center_axis',(-1.,0.,-3.7007434154172E-16));
#2698=DIRECTION('ref_axis',(3.7007434154172E-16,0.,-1.));
#2699=DIRECTION('',(-3.7007434154172E-16,0.,1.));
#2700=DIRECTION('',(-3.7007434154172E-16,0.,1.));
#2701=DIRECTION('',(0.,-1.,0.));
#2702=DIRECTION('center_axis',(0.,-1.,0.));
#2703=DIRECTION('ref_axis',(-0.707106781186546,0.,-0.707106781186549));
#2704=DIRECTION('center_axis',(0.,1.,0.));
#2705=DIRECTION('ref_axis',(-0.707106781186546,0.,-0.707106781186549));
#2706=DIRECTION('',(0.,-1.,0.));
#2707=DIRECTION('center_axis',(0.,-1.,0.));
#2708=DIRECTION('ref_axis',(-0.707106781186546,0.,-0.707106781186549));
#2709=DIRECTION('center_axis',(1.,0.,3.32686694022952E-16));
#2710=DIRECTION('ref_axis',(3.32686694022952E-16,0.,-1.));
#2711=DIRECTION('',(3.32686694022952E-16,0.,-1.));
#2712=DIRECTION('',(0.,1.,0.));
#2713=DIRECTION('',(-3.32686694022952E-16,0.,1.));
#2714=DIRECTION('center_axis',(0.,1.,0.));
#2715=DIRECTION('ref_axis',(0.707106781186546,0.,-0.707106781186549));
#2716=DIRECTION('center_axis',(0.,1.,0.));
#2717=DIRECTION('ref_axis',(0.707106781186546,0.,-0.707106781186549));
#2718=DIRECTION('center_axis',(0.,-1.,0.));
#2719=DIRECTION('ref_axis',(0.707106781186546,0.,-0.707106781186549));
#2720=DIRECTION('',(0.,1.,0.));
#2721=DIRECTION('center_axis',(0.,1.,0.));
#2722=DIRECTION('ref_axis',(-0.707106781186546,0.,0.707106781186549));
#2723=DIRECTION('center_axis',(0.,1.,0.));
#2724=DIRECTION('ref_axis',(-0.707106781186546,0.,0.707106781186549));
#2725=DIRECTION('center_axis',(0.,-1.,0.));
#2726=DIRECTION('ref_axis',(-0.707106781186546,0.,0.707106781186549));
#2727=DIRECTION('',(0.,1.,0.));
#2728=DIRECTION('center_axis',(0.,-1.,0.));
#2729=DIRECTION('ref_axis',(0.707106781186547,0.,0.707106781186548));
#2730=DIRECTION('center_axis',(0.,1.,0.));
#2731=DIRECTION('ref_axis',(0.707106781186547,0.,0.707106781186548));
#2732=DIRECTION('',(0.,-1.,0.));
#2733=DIRECTION('center_axis',(0.,-1.,0.));
#2734=DIRECTION('ref_axis',(0.707106781186547,0.,0.707106781186548));
#2735=DIRECTION('center_axis',(-1.,0.,-4.84772039862016E-16));
#2736=DIRECTION('ref_axis',(-4.84772039862016E-16,0.,1.));
#2737=DIRECTION('',(-4.84772039862016E-16,0.,1.));
#2738=DIRECTION('',(0.,1.,0.));
#2739=DIRECTION('',(4.84772039862016E-16,0.,-1.));
#2740=DIRECTION('center_axis',(0.,0.,1.));
#2741=DIRECTION('ref_axis',(1.,0.,0.));
#2742=DIRECTION('center_axis',(0.,0.,-1.));
#2743=DIRECTION('ref_axis',(1.,0.,0.));
#2744=DIRECTION('',(0.,0.,-1.));
#2745=DIRECTION('center_axis',(0.,0.,1.));
#2746=DIRECTION('ref_axis',(1.,0.,0.));
#2747=DIRECTION('center_axis',(0.,0.,1.));
#2748=DIRECTION('ref_axis',(1.,0.,0.));
#2749=DIRECTION('center_axis',(0.,0.,-1.));
#2750=DIRECTION('ref_axis',(-1.,0.,0.));
#2751=DIRECTION('',(0.,1.,0.));
#2752=DIRECTION('',(-1.,0.,0.));
#2753=DIRECTION('',(0.,1.,0.));
#2754=DIRECTION('center_axis',(0.,0.,-1.));
#2755=DIRECTION('ref_axis',(-0.707106781186547,0.707106781186548,0.));
#2756=DIRECTION('',(1.,0.,0.));
#2757=DIRECTION('center_axis',(0.,1.,0.));
#2758=DIRECTION('ref_axis',(-1.,0.,0.));
#2759=DIRECTION('',(-1.,0.,0.));
#2760=DIRECTION('',(0.,0.,-1.));
#2761=DIRECTION('center_axis',(0.,0.,1.));
#2762=DIRECTION('ref_axis',(1.,0.,0.));
#2763=DIRECTION('',(1.,0.,0.));
#2764=DIRECTION('center_axis',(0.,0.,1.));
#2765=DIRECTION('ref_axis',(1.,0.,0.));
#2766=DIRECTION('center_axis',(0.,0.,-1.));
#2767=DIRECTION('ref_axis',(-1.,0.,0.));
#2768=DIRECTION('',(-1.,0.,0.));
#2769=DIRECTION('',(0.,1.,0.));
#2770=DIRECTION('',(-1.,0.,0.));
#2771=DIRECTION('center_axis',(-1.,0.,5.55111512312578E-16));
#2772=DIRECTION('ref_axis',(5.55111512312578E-16,0.,1.));
#2773=DIRECTION('',(5.55111512312578E-16,0.,1.));
#2774=DIRECTION('',(5.55111512312578E-16,0.,1.));
#2775=DIRECTION('center_axis',(0.,1.,0.));
#2776=DIRECTION('ref_axis',(0.,0.,1.));
#2777=DIRECTION('center_axis',(1.,0.,3.32686694022952E-16));
#2778=DIRECTION('ref_axis',(3.32686694022952E-16,0.,-1.));
#2779=DIRECTION('',(-3.32686694022952E-16,0.,1.));
#2780=DIRECTION('',(0.,1.,0.));
#2781=DIRECTION('',(3.32686694022952E-16,0.,-1.));
#2782=DIRECTION('center_axis',(0.,0.,-1.));
#2783=DIRECTION('ref_axis',(-1.,0.,0.));
#2784=DIRECTION('',(1.,0.,0.));
#2785=DIRECTION('',(-1.,0.,0.));
#2786=DIRECTION('center_axis',(0.,1.,0.));
#2787=DIRECTION('ref_axis',(0.,0.,1.));
#2788=DIRECTION('center_axis',(-1.,0.,-4.84772039862016E-16));
#2789=DIRECTION('ref_axis',(-4.84772039862016E-16,0.,1.));
#2790=DIRECTION('',(4.84772039862016E-16,0.,-1.));
#2791=DIRECTION('',(0.,1.,0.));
#2792=DIRECTION('',(-4.84772039862016E-16,0.,1.));
#2793=DIRECTION('center_axis',(0.,0.,1.));
#2794=DIRECTION('ref_axis',(1.,0.,0.));
#2795=DIRECTION('',(-1.,0.,0.));
#2796=DIRECTION('',(1.,0.,0.));
#2797=DIRECTION('center_axis',(0.,1.,0.));
#2798=DIRECTION('ref_axis',(0.,0.,1.));
#2799=DIRECTION('center_axis',(0.,0.,1.));
#2800=DIRECTION('ref_axis',(1.,0.,0.));
#2801=DIRECTION('',(1.,0.,0.));
#2802=DIRECTION('',(0.,1.,0.));
#2803=DIRECTION('',(1.,0.,0.));
#2804=DIRECTION('center_axis',(1.,0.,0.));
#2805=DIRECTION('ref_axis',(0.,0.,-1.));
#2806=DIRECTION('',(0.,0.,-1.));
#2807=DIRECTION('',(0.,0.,-1.));
#2808=DIRECTION('center_axis',(0.,1.,0.));
#2809=DIRECTION('ref_axis',(0.,0.,1.));
#2810=DIRECTION('center_axis',(0.,0.,1.));
#2811=DIRECTION('ref_axis',(-0.707106781186548,-0.707106781186547,0.));
#2812=DIRECTION('',(0.,0.,1.));
#2813=DIRECTION('',(0.,0.,-1.));
#2814=DIRECTION('center_axis',(1.,0.,0.));
#2815=DIRECTION('ref_axis',(0.,0.,-1.));
#2816=DIRECTION('',(0.,-1.,0.));
#2817=DIRECTION('center_axis',(0.,0.,-1.));
#2818=DIRECTION('ref_axis',(0.707106781186548,-0.707106781186547,0.));
#2819=DIRECTION('',(0.,0.,1.));
#2820=DIRECTION('',(0.,0.,-1.));
#2821=DIRECTION('center_axis',(0.,-1.,0.));
#2822=DIRECTION('ref_axis',(1.,0.,0.));
#2823=DIRECTION('center_axis',(0.,-1.,0.));
#2824=DIRECTION('ref_axis',(9.96121800234644E-16,0.,1.));
#2825=DIRECTION('',(0.,0.,-1.));
#2826=DIRECTION('center_axis',(0.,-1.,0.));
#2827=DIRECTION('ref_axis',(-1.,0.,-6.33895691058408E-16));
#2828=DIRECTION('',(0.,0.,1.));
#2829=DIRECTION('center_axis',(0.,1.,0.));
#2830=DIRECTION('ref_axis',(-1.,0.,-1.46081976924363E-16));
#2831=DIRECTION('center_axis',(0.,0.,-1.));
#2832=DIRECTION('ref_axis',(0.707106781186548,-0.707106781186547,0.));
#2833=DIRECTION('',(0.,0.,-1.));
#2834=DIRECTION('center_axis',(-1.,0.,0.));
#2835=DIRECTION('ref_axis',(0.,0.,1.));
#2836=DIRECTION('',(0.,-1.,0.));
#2837=DIRECTION('',(0.,0.,1.));
#2838=DIRECTION('',(0.,1.,0.));
#2839=DIRECTION('center_axis',(0.,0.,1.));
#2840=DIRECTION('ref_axis',(-0.707106781186548,-0.707106781186547,0.));
#2841=DIRECTION('',(0.,0.,-1.));
#2842=DIRECTION('',(0.,0.,1.));
#2843=DIRECTION('center_axis',(0.,-1.,0.));
#2844=DIRECTION('ref_axis',(1.,0.,0.));
#2845=DIRECTION('center_axis',(0.,-1.,0.));
#2846=DIRECTION('ref_axis',(-1.0866783275287E-15,0.,-1.));
#2847=DIRECTION('',(0.,0.,1.));
#2848=DIRECTION('center_axis',(0.,-1.,0.));
#2849=DIRECTION('ref_axis',(1.,0.,-7.24452218352468E-16));
#2850=DIRECTION('center_axis',(0.,0.,1.));
#2851=DIRECTION('ref_axis',(-0.707106781186547,0.707106781186548,0.));
#2852=DIRECTION('center_axis',(0.,0.,1.));
#2853=DIRECTION('ref_axis',(-0.707106781186547,0.707106781186548,0.));
#2854=DIRECTION('',(0.,0.,-1.));
#2855=DIRECTION('center_axis',(0.,1.,0.));
#2856=DIRECTION('ref_axis',(-1.,0.,0.));
#2857=DIRECTION('',(-1.,0.,0.));
#2858=DIRECTION('',(0.,0.,1.));
#2859=DIRECTION('center_axis',(0.,0.,1.));
#2860=DIRECTION('ref_axis',(1.,0.,0.));
#2861=DIRECTION('',(0.,1.,0.));
#2862=DIRECTION('',(1.,0.,0.));
#2863=DIRECTION('',(0.,1.,0.));
#2864=DIRECTION('center_axis',(0.,0.,1.));
#2865=DIRECTION('ref_axis',(0.707106781186547,0.707106781186548,0.));
#2866=DIRECTION('center_axis',(0.,1.,0.));
#2867=DIRECTION('ref_axis',(-1.,0.,-6.33895691058408E-16));
#2868=DIRECTION('',(0.,1.,0.));
#2869=DIRECTION('center_axis',(0.,-1.,0.));
#2870=DIRECTION('ref_axis',(-1.,0.,-6.33895691058408E-16));
#2871=DIRECTION('center_axis',(0.,0.,-1.));
#2872=DIRECTION('ref_axis',(0.707106781186547,0.707106781186548,0.));
#2873=DIRECTION('',(0.,0.,-1.));
#2874=DIRECTION('center_axis',(1.,0.,0.));
#2875=DIRECTION('ref_axis',(0.,0.,-1.));
#2876=DIRECTION('',(0.,1.,0.));
#2877=DIRECTION('center_axis',(0.,1.,0.));
#2878=DIRECTION('ref_axis',(1.,0.,-7.24452218352468E-16));
#2879=DIRECTION('',(0.,1.,0.));
#2880=DIRECTION('center_axis',(0.,-1.,0.));
#2881=DIRECTION('ref_axis',(1.,0.,-7.24452218352468E-16));
#2882=DIRECTION('center_axis',(0.,0.,1.));
#2883=DIRECTION('ref_axis',(-0.707106781186547,0.707106781186548,0.));
#2884=DIRECTION('',(0.,0.,1.));
#2885=DIRECTION('center_axis',(-1.,0.,0.));
#2886=DIRECTION('ref_axis',(0.,0.,1.));
#2887=DIRECTION('',(0.,1.,0.));
#2888=DIRECTION('center_axis',(1.,0.,0.));
#2889=DIRECTION('ref_axis',(0.,0.,-1.));
#2890=DIRECTION('',(0.,0.,-1.));
#2891=DIRECTION('',(0.,1.,0.));
#2892=DIRECTION('center_axis',(0.,1.,0.));
#2893=DIRECTION('ref_axis',(9.96121800234644E-16,0.,1.));
#2894=DIRECTION('center_axis',(0.,-1.,0.));
#2895=DIRECTION('ref_axis',(9.96121800234644E-16,0.,1.));
#2896=DIRECTION('center_axis',(-1.,0.,0.));
#2897=DIRECTION('ref_axis',(0.,0.,1.));
#2898=DIRECTION('',(0.,0.,1.));
#2899=DIRECTION('',(0.,1.,0.));
#2900=DIRECTION('center_axis',(0.,1.,0.));
#2901=DIRECTION('ref_axis',(-1.0866783275287E-15,0.,-1.));
#2902=DIRECTION('center_axis',(0.,-1.,0.));
#2903=DIRECTION('ref_axis',(-1.0866783275287E-15,0.,-1.));
#2904=DIRECTION('center_axis',(1.,0.,-3.70074341541719E-16));
#2905=DIRECTION('ref_axis',(3.70074341541719E-16,0.,1.));
#2906=DIRECTION('',(3.70074341541719E-16,0.,1.));
#2907=DIRECTION('',(0.,-1.,0.));
#2908=DIRECTION('',(3.70074341541719E-16,0.,1.));
#2909=DIRECTION('',(0.,-1.,0.));
#2910=DIRECTION('center_axis',(0.,-1.,0.));
#2911=DIRECTION('ref_axis',(-1.,0.,0.));
#2912=DIRECTION('center_axis',(0.,1.,0.));
#2913=DIRECTION('ref_axis',(-1.,0.,0.));
#2914=DIRECTION('center_axis',(0.,1.,0.));
#2915=DIRECTION('ref_axis',(-1.,0.,0.));
#2916=DIRECTION('',(0.,-1.,0.));
#2917=DIRECTION('center_axis',(3.70074341541719E-16,0.,1.));
#2918=DIRECTION('ref_axis',(-1.,0.,3.70074341541719E-16));
#2919=DIRECTION('',(-1.,0.,3.70074341541719E-16));
#2920=DIRECTION('',(-1.,0.,3.70074341541719E-16));
#2921=DIRECTION('',(0.,-1.,0.));
#2922=DIRECTION('center_axis',(0.,-1.,0.));
#2923=DIRECTION('ref_axis',(-2.31296463463574E-16,0.,-1.));
#2924=DIRECTION('center_axis',(0.,1.,0.));
#2925=DIRECTION('ref_axis',(-2.31296463463574E-16,0.,-1.));
#2926=DIRECTION('center_axis',(0.,1.,0.));
#2927=DIRECTION('ref_axis',(-2.31296463463574E-16,0.,-1.));
#2928=DIRECTION('',(0.,-1.,0.));
#2929=DIRECTION('center_axis',(-1.,0.,3.70074341541719E-16));
#2930=DIRECTION('ref_axis',(-3.70074341541719E-16,0.,-1.));
#2931=DIRECTION('',(-3.70074341541719E-16,0.,-1.));
#2932=DIRECTION('',(-3.70074341541719E-16,0.,-1.));
#2933=DIRECTION('',(0.,-1.,0.));
#2934=DIRECTION('center_axis',(0.,-1.,0.));
#2935=DIRECTION('ref_axis',(1.,0.,-2.31296463463574E-16));
#2936=DIRECTION('center_axis',(0.,1.,0.));
#2937=DIRECTION('ref_axis',(1.,0.,-2.31296463463574E-16));
#2938=DIRECTION('center_axis',(0.,1.,0.));
#2939=DIRECTION('ref_axis',(1.,0.,-2.31296463463574E-16));
#2940=DIRECTION('',(0.,-1.,0.));
#2941=DIRECTION('center_axis',(-3.70074341541719E-16,0.,-1.));
#2942=DIRECTION('ref_axis',(1.,0.,-3.70074341541719E-16));
#2943=DIRECTION('',(1.,0.,-3.70074341541719E-16));
#2944=DIRECTION('',(1.,0.,-3.70074341541719E-16));
#2945=DIRECTION('',(0.,-1.,0.));
#2946=DIRECTION('center_axis',(0.,-1.,0.));
#2947=DIRECTION('ref_axis',(2.31296463463574E-16,0.,1.));
#2948=DIRECTION('center_axis',(0.,1.,0.));
#2949=DIRECTION('ref_axis',(2.31296463463574E-16,0.,1.));
#2950=DIRECTION('center_axis',(0.,1.,0.));
#2951=DIRECTION('ref_axis',(2.31296463463574E-16,0.,1.));
#2952=DIRECTION('center_axis',(0.,-1.,0.));
#2953=DIRECTION('ref_axis',(1.,0.,0.));
#2954=DIRECTION('center_axis',(0.,1.,0.));
#2955=DIRECTION('ref_axis',(-1.0866783275287E-15,0.,-1.));
#2956=DIRECTION('',(0.,0.,-1.));
#2957=DIRECTION('center_axis',(0.,1.,0.));
#2958=DIRECTION('ref_axis',(1.,0.,-7.24452218352468E-16));
#2959=DIRECTION('',(1.,0.,0.));
#2960=DIRECTION('center_axis',(0.,1.,0.));
#2961=DIRECTION('ref_axis',(9.96121800234644E-16,0.,1.));
#2962=DIRECTION('',(0.,0.,1.));
#2963=DIRECTION('center_axis',(0.,1.,0.));
#2964=DIRECTION('ref_axis',(-1.,0.,-6.33895691058408E-16));
#2965=DIRECTION('',(-1.,0.,0.));
#2966=DIRECTION('center_axis',(0.,-1.,0.));
#2967=DIRECTION('ref_axis',(9.96121800234644E-16,0.,1.));
#2968=DIRECTION('',(0.,-1.,0.));
#2969=DIRECTION('center_axis',(0.,1.,0.));
#2970=DIRECTION('ref_axis',(9.96121800234644E-16,0.,1.));
#2971=DIRECTION('',(0.,-1.,0.));
#2972=DIRECTION('center_axis',(0.,0.,-1.));
#2973=DIRECTION('ref_axis',(1.,0.,0.));
#2974=DIRECTION('',(0.,-1.,0.));
#2975=DIRECTION('',(1.,0.,0.));
#2976=DIRECTION('center_axis',(0.,-1.,0.));
#2977=DIRECTION('ref_axis',(1.,0.,-7.24452218352468E-16));
#2978=DIRECTION('',(0.,-1.,0.));
#2979=DIRECTION('center_axis',(0.,1.,0.));
#2980=DIRECTION('ref_axis',(1.,0.,-7.24452218352468E-16));
#2981=DIRECTION('center_axis',(-1.,0.,0.));
#2982=DIRECTION('ref_axis',(0.,0.,-1.));
#2983=DIRECTION('',(0.,-1.,0.));
#2984=DIRECTION('',(0.,0.,-1.));
#2985=DIRECTION('center_axis',(1.,0.,0.));
#2986=DIRECTION('ref_axis',(0.,0.,1.));
#2987=DIRECTION('',(0.,0.,1.));
#2988=DIRECTION('',(0.,-1.,0.));
#2989=DIRECTION('center_axis',(0.,-1.,0.));
#2990=DIRECTION('ref_axis',(-1.,0.,-6.33895691058408E-16));
#2991=DIRECTION('center_axis',(0.,1.,0.));
#2992=DIRECTION('ref_axis',(-1.,0.,-6.33895691058408E-16));
#2993=DIRECTION('',(0.,-1.,0.));
#2994=DIRECTION('center_axis',(0.,0.,1.));
#2995=DIRECTION('ref_axis',(-1.,0.,0.));
#2996=DIRECTION('',(-1.,0.,0.));
#2997=DIRECTION('',(0.,-1.,0.));
#2998=DIRECTION('center_axis',(0.,-1.,0.));
#2999=DIRECTION('ref_axis',(-1.0866783275287E-15,0.,-1.));
#3000=DIRECTION('center_axis',(0.,1.,0.));
#3001=DIRECTION('ref_axis',(-1.0866783275287E-15,0.,-1.));
#3002=DIRECTION('center_axis',(0.,-1.,0.));
#3003=DIRECTION('ref_axis',(-1.,0.,-1.46081976924363E-16));
#3004=DIRECTION('center_axis',(0.,-1.,0.));
#3005=DIRECTION('ref_axis',(-1.,0.,-1.46081976924363E-16));
#3006=DIRECTION('center_axis',(0.,-1.,0.));
#3007=DIRECTION('ref_axis',(1.,0.,0.));
#3008=DIRECTION('center_axis',(0.,-1.,0.));
#3009=DIRECTION('ref_axis',(1.,0.,0.));
#3010=DIRECTION('',(0.,0.,1.));
#3011=DIRECTION('',(1.,0.,0.));
#3012=DIRECTION('',(0.,0.,1.));
#3013=DIRECTION('',(1.,0.,0.));
#3014=CARTESIAN_POINT('',(0.,0.,0.));
#3015=CARTESIAN_POINT('',(0.,0.,0.));
#3016=CARTESIAN_POINT('',(0.,0.,0.));
#3017=CARTESIAN_POINT('Origin',(0.,6.,0.));
#3018=CARTESIAN_POINT('',(1.5,6.,-4.5));
#3019=CARTESIAN_POINT('',(-1.5,6.,-4.5));
#3020=CARTESIAN_POINT('',(0.75,6.,-4.5));
#3021=CARTESIAN_POINT('',(-4.5,6.,-1.5));
#3022=CARTESIAN_POINT('Origin',(-1.5,6.,-1.5));
#3023=CARTESIAN_POINT('',(-4.5,6.,1.5));
#3024=CARTESIAN_POINT('',(-4.5,6.,-0.749999999999999));
#3025=CARTESIAN_POINT('',(-1.5,6.,4.5));
#3026=CARTESIAN_POINT('Origin',(-1.50000000000001,6.,1.50000000000001));
#3027=CARTESIAN_POINT('',(1.5,6.,4.5));
#3028=CARTESIAN_POINT('',(-0.750000000000002,6.,4.5));
#3029=CARTESIAN_POINT('',(4.5,6.,1.5));
#3030=CARTESIAN_POINT('Origin',(1.5,6.,1.5));
#3031=CARTESIAN_POINT('',(4.5,6.,-1.5));
#3032=CARTESIAN_POINT('',(4.5,6.,0.75));
#3033=CARTESIAN_POINT('Origin',(1.5,6.,-1.5));
#3034=CARTESIAN_POINT('Origin',(0.,5.5,0.));
#3035=CARTESIAN_POINT('',(0.749999999999999,5.5,-3.75));
#3036=CARTESIAN_POINT('',(3.75,5.5,-0.75));
#3037=CARTESIAN_POINT('Origin',(0.75,5.5,-0.75));
#3038=CARTESIAN_POINT('',(3.75,5.5,0.75));
#3039=CARTESIAN_POINT('',(3.75,5.5,0.749999999999999));
#3040=CARTESIAN_POINT('',(0.75,5.5,3.75));
#3041=CARTESIAN_POINT('Origin',(0.75,5.5,0.75));
#3042=CARTESIAN_POINT('',(-0.75,5.5,3.75));
#3043=CARTESIAN_POINT('',(-0.749999999999999,5.5,3.75));
#3044=CARTESIAN_POINT('',(-3.75,5.5,0.750000000000001));
#3045=CARTESIAN_POINT('Origin',(-0.75,5.5,0.75));
#3046=CARTESIAN_POINT('',(-3.75,5.5,-0.75));
#3047=CARTESIAN_POINT('',(-3.75,5.5,-0.75));
#3048=CARTESIAN_POINT('',(-0.75,5.5,-3.75));
#3049=CARTESIAN_POINT('Origin',(-0.75,5.5,-0.75));
#3050=CARTESIAN_POINT('',(0.749999999999999,5.5,-3.75));
#3051=CARTESIAN_POINT('Origin',(0.75,1.,3.75));
#3052=CARTESIAN_POINT('',(-0.749999999999999,1.,3.75));
#3053=CARTESIAN_POINT('',(0.75,1.,3.75));
#3054=CARTESIAN_POINT('',(-0.749999999999999,1.,3.75));
#3055=CARTESIAN_POINT('',(-0.749999999999999,1.,3.75));
#3056=CARTESIAN_POINT('',(0.75,1.,3.75));
#3057=CARTESIAN_POINT('Origin',(0.75,1.,0.75));
#3058=CARTESIAN_POINT('',(3.75,1.,0.749999999999999));
#3059=CARTESIAN_POINT('Origin',(0.75,1.,0.75));
#3060=CARTESIAN_POINT('',(3.75,1.,0.749999999999999));
#3061=CARTESIAN_POINT('Origin',(3.75,1.,-0.75));
#3062=CARTESIAN_POINT('',(3.75,1.,-0.75));
#3063=CARTESIAN_POINT('',(3.75,1.,0.749999999999999));
#3064=CARTESIAN_POINT('',(3.75,1.,-0.75));
#3065=CARTESIAN_POINT('Origin',(0.75,1.,-0.75));
#3066=CARTESIAN_POINT('',(0.749999999999999,1.,-3.75));
#3067=CARTESIAN_POINT('Origin',(0.75,1.,-0.75));
#3068=CARTESIAN_POINT('',(0.749999999999999,1.,-3.75));
#3069=CARTESIAN_POINT('Origin',(-0.75,1.,-3.75));
#3070=CARTESIAN_POINT('',(-0.75,1.,-3.75));
#3071=CARTESIAN_POINT('',(0.749999999999999,1.,-3.75));
#3072=CARTESIAN_POINT('',(-0.75,1.,-3.75));
#3073=CARTESIAN_POINT('Origin',(-0.75,1.,-0.75));
#3074=CARTESIAN_POINT('',(-3.75,1.,-0.75));
#3075=CARTESIAN_POINT('Origin',(-0.75,1.,-0.75));
#3076=CARTESIAN_POINT('',(-3.75,1.,-0.75));
#3077=CARTESIAN_POINT('Origin',(-3.74999999999999,1.,0.75));
#3078=CARTESIAN_POINT('',(-3.75,1.,0.75));
#3079=CARTESIAN_POINT('',(-3.75,1.,-0.75));
#3080=CARTESIAN_POINT('',(-3.75,1.,0.75));
#3081=CARTESIAN_POINT('Origin',(-0.75,1.,0.75));
#3082=CARTESIAN_POINT('Origin',(-0.75,1.,0.75));
#3083=CARTESIAN_POINT('Origin',(1.5,1.,-1.5));
#3084=CARTESIAN_POINT('',(4.5,1.,-1.5));
#3085=CARTESIAN_POINT('',(1.5,1.,-4.5));
#3086=CARTESIAN_POINT('Origin',(1.5,1.,-1.5));
#3087=CARTESIAN_POINT('',(1.5,1.,-4.5));
#3088=CARTESIAN_POINT('',(4.5,1.,-1.5));
#3089=CARTESIAN_POINT('Origin',(4.5,1.,1.5));
#3090=CARTESIAN_POINT('',(4.5,1.,1.5));
#3091=CARTESIAN_POINT('',(4.5,1.,0.750000000000005));
#3092=CARTESIAN_POINT('',(4.5,1.,1.5));
#3093=CARTESIAN_POINT('Origin',(1.5,1.,1.5));
#3094=CARTESIAN_POINT('',(1.5,1.,4.5));
#3095=CARTESIAN_POINT('Origin',(1.5,1.,1.5));
#3096=CARTESIAN_POINT('',(1.5,1.,4.5));
#3097=CARTESIAN_POINT('Origin',(-1.5,1.,4.5));
#3098=CARTESIAN_POINT('',(-1.5,1.,4.5));
#3099=CARTESIAN_POINT('',(-0.749999999999998,1.,4.5));
#3100=CARTESIAN_POINT('',(-1.5,1.,4.5));
#3101=CARTESIAN_POINT('Origin',(-1.50000000000001,1.,1.50000000000001));
#3102=CARTESIAN_POINT('',(-4.5,1.,1.5));
#3103=CARTESIAN_POINT('Origin',(-1.50000000000001,1.,1.50000000000001));
#3104=CARTESIAN_POINT('',(-4.5,1.,1.5));
#3105=CARTESIAN_POINT('Origin',(-4.5,1.,-1.5));
#3106=CARTESIAN_POINT('',(-4.5,1.,-1.5));
#3107=CARTESIAN_POINT('',(-4.5,1.,-0.749999999999994));
#3108=CARTESIAN_POINT('',(-4.5,1.,-1.5));
#3109=CARTESIAN_POINT('Origin',(-1.5,1.,-1.5));
#3110=CARTESIAN_POINT('',(-1.5,1.,-4.5));
#3111=CARTESIAN_POINT('Origin',(-1.5,1.,-1.5));
#3112=CARTESIAN_POINT('',(-1.5,1.,-4.5));
#3113=CARTESIAN_POINT('Origin',(1.5,1.,-4.5));
#3114=CARTESIAN_POINT('',(0.750000000000004,1.,-4.5));
#3115=CARTESIAN_POINT('Origin',(6.66133814775094E-15,1.,9.99200722162641E-15));
#3116=CARTESIAN_POINT('Origin',(-1.48368502779075,1.,5.16));
#3117=CARTESIAN_POINT('',(-1.51358396109921,1.,5.3069899785258));
#3118=CARTESIAN_POINT('',(-1.48368502779075,1.,5.31));
#3119=CARTESIAN_POINT('Origin',(-1.48368502779075,1.,5.16));
#3120=CARTESIAN_POINT('',(-1.48368502779075,2.78462308448843,5.31));
#3121=CARTESIAN_POINT('',(-1.48368502779075,1.,5.31));
#3122=CARTESIAN_POINT('',(-1.51358396109917,2.82054337502153,5.30698997852581));
#3123=CARTESIAN_POINT('Ctrl Pts',(-1.51358396109915,2.82054337502155,5.30698997852582));
#3124=CARTESIAN_POINT('Ctrl Pts',(-1.50357161882118,2.80821718117535,5.30902656875484));
#3125=CARTESIAN_POINT('Ctrl Pts',(-1.49350107387432,2.79613263585433,5.31));
#3126=CARTESIAN_POINT('Ctrl Pts',(-1.48368502779075,2.78462308448843,5.31));
#3127=CARTESIAN_POINT('',(-1.51358396109921,1.,5.3069899785258));
#3128=CARTESIAN_POINT('Origin',(-1.59331444992176,1.,5.69896325459462));
#3129=CARTESIAN_POINT('',(-1.58442735808516,2.91329865343361,5.29906199228267));
#3130=CARTESIAN_POINT('Ctrl Pts',(-1.58442735718225,2.9132986540817,5.29906199230274));
#3131=CARTESIAN_POINT('Ctrl Pts',(-1.56174908124457,2.88168781721728,5.29956597656194));
#3132=CARTESIAN_POINT('Ctrl Pts',(-1.53812414534129,2.85075479404739,5.30199830943795));
#3133=CARTESIAN_POINT('Ctrl Pts',(-1.51358396109915,2.82054337502155,5.30698997852582));
#3134=CARTESIAN_POINT('',(-1.58442735945302,1.,5.29906199225227));
#3135=CARTESIAN_POINT('',(-1.58442735945302,1.,5.29906199225227));
#3136=CARTESIAN_POINT('Origin',(-1.59331444992176,1.,5.69896325459462));
#3137=CARTESIAN_POINT('Origin',(1.48368502779076,1.,5.16));
#3138=CARTESIAN_POINT('',(1.51358396110195,1.,5.30698997853923));
#3139=CARTESIAN_POINT('',(1.48368502779076,1.,5.31));
#3140=CARTESIAN_POINT('Origin',(1.48368502779076,1.,5.16));
#3141=CARTESIAN_POINT('',(1.51358396109918,2.82054337502154,5.30698997852581));
#3142=CARTESIAN_POINT('',(1.51358396109922,1.,5.3069899785258));
#3143=CARTESIAN_POINT('',(1.48368502779076,2.78462308448845,5.31));
#3144=CARTESIAN_POINT('Ctrl Pts',(1.48368502779076,2.78462308448845,5.31));
#3145=CARTESIAN_POINT('Ctrl Pts',(1.49350107387434,2.79613263585435,5.31));
#3146=CARTESIAN_POINT('Ctrl Pts',(1.50357161882119,2.80821718117536,5.30902656875484));
#3147=CARTESIAN_POINT('Ctrl Pts',(1.51358396109916,2.82054337502156,5.30698997852582));
#3148=CARTESIAN_POINT('',(1.48368502779076,1.,5.31));
#3149=CARTESIAN_POINT('Origin',(1.59331444992177,1.,5.69896325459462));
#3150=CARTESIAN_POINT('',(1.58442735945303,1.,5.29906199225227));
#3151=CARTESIAN_POINT('Origin',(1.59331444992177,1.,5.69896325459462));
#3152=CARTESIAN_POINT('',(1.58442735808517,2.91329865343362,5.29906199228267));
#3153=CARTESIAN_POINT('',(1.58442735945303,1.,5.29906199225227));
#3154=CARTESIAN_POINT('Ctrl Pts',(1.51358396109916,2.82054337502156,5.30698997852582));
#3155=CARTESIAN_POINT('Ctrl Pts',(1.5381241453413,2.8507547940474,5.30199830943795));
#3156=CARTESIAN_POINT('Ctrl Pts',(1.56174908124458,2.8816878172173,5.29956597656194));
#3157=CARTESIAN_POINT('Ctrl Pts',(1.58442735718226,2.91329865408171,5.29906199230274));
#3158=CARTESIAN_POINT('Origin',(-1.48368502779075,1.,5.16));
#3159=CARTESIAN_POINT('',(-1.48368502779075,5.87524213443542,5.31));
#3160=CARTESIAN_POINT('',(-1.51358396109843,5.85803934344717,5.30698997852596));
#3161=CARTESIAN_POINT('Ctrl Pts',(-1.48368502779075,5.87524213443542,5.31));
#3162=CARTESIAN_POINT('Ctrl Pts',(-1.49351293756603,5.86981093702643,5.31));
#3163=CARTESIAN_POINT('Ctrl Pts',(-1.50359924458374,5.86401574802211,5.30902094945446));
#3164=CARTESIAN_POINT('Ctrl Pts',(-1.51358396109823,5.85803934344682,5.306989978526));
#3165=CARTESIAN_POINT('',(-1.51358396109917,5.27945662497847,5.30698997852581));
#3166=CARTESIAN_POINT('',(-1.51358396109921,1.,5.3069899785258));
#3167=CARTESIAN_POINT('',(-1.48368502779075,5.31537691551157,5.31));
#3168=CARTESIAN_POINT('Ctrl Pts',(-1.48368502779075,5.31537691551156,5.31));
#3169=CARTESIAN_POINT('Ctrl Pts',(-1.49350107387432,5.30386736414567,5.31));
#3170=CARTESIAN_POINT('Ctrl Pts',(-1.50357161882117,5.29178281882465,5.30902656875484));
#3171=CARTESIAN_POINT('Ctrl Pts',(-1.51358396109915,5.27945662497845,5.30698997852582));
#3172=CARTESIAN_POINT('',(-1.48368502779075,1.,5.31));
#3173=CARTESIAN_POINT('Origin',(1.5,1.,5.31));
#3174=CARTESIAN_POINT('',(0.,6.,5.31));
#3175=CARTESIAN_POINT('Origin',(0.,4.05,5.31));
#3176=CARTESIAN_POINT('',(-1.,6.,5.31));
#3177=CARTESIAN_POINT('',(-1.49999999999999,6.,5.31));
#3178=CARTESIAN_POINT('Origin',(-1.,5.,5.31));
#3179=CARTESIAN_POINT('Origin',(1.48368502779076,1.,5.16));
#3180=CARTESIAN_POINT('',(1.51358396109844,5.85803934344716,5.30698997852596));
#3181=CARTESIAN_POINT('',(1.48368502779076,5.87524213443541,5.31));
#3182=CARTESIAN_POINT('Ctrl Pts',(1.51358396109824,5.85803934344682,5.306989978526));
#3183=CARTESIAN_POINT('Ctrl Pts',(1.50359924458375,5.86401574802211,5.30902094945446));
#3184=CARTESIAN_POINT('Ctrl Pts',(1.49351293756604,5.86981093702642,5.31));
#3185=CARTESIAN_POINT('Ctrl Pts',(1.48368502779076,5.87524213443541,5.31));
#3186=CARTESIAN_POINT('',(1.48368502779076,5.31537691551155,5.31));
#3187=CARTESIAN_POINT('',(1.48368502779076,1.,5.31));
#3188=CARTESIAN_POINT('',(1.51358396109918,5.27945662497846,5.30698997852581));
#3189=CARTESIAN_POINT('Ctrl Pts',(1.51358396109916,5.27945662497844,5.30698997852582));
#3190=CARTESIAN_POINT('Ctrl Pts',(1.50357161882118,5.29178281882464,5.30902656875484));
#3191=CARTESIAN_POINT('Ctrl Pts',(1.49350107387433,5.30386736414565,5.31));
#3192=CARTESIAN_POINT('Ctrl Pts',(1.48368502779076,5.31537691551155,5.31));
#3193=CARTESIAN_POINT('',(1.51358396109922,1.,5.3069899785258));
#3194=CARTESIAN_POINT('Origin',(1.,5.,5.08946631111594));
#3195=CARTESIAN_POINT('',(1.58442735920956,5.81144603153378,5.29906199225768));
#3196=CARTESIAN_POINT('Ctrl Pts',(1.58442735912607,5.81144603141856,5.29906199225954));
#3197=CARTESIAN_POINT('Ctrl Pts',(1.56192803513345,5.82765070800086,5.29956199952132));
#3198=CARTESIAN_POINT('Ctrl Pts',(1.53800921840508,5.84341947724336,5.30202168649281));
#3199=CARTESIAN_POINT('Ctrl Pts',(1.51358396109824,5.85803934344681,5.306989978526));
#3200=CARTESIAN_POINT('',(2.,5.,5.26696164036747));
#3201=CARTESIAN_POINT('Ctrl Pts',(1.58442735912642,5.8114460314183,5.29906199225953));
#3202=CARTESIAN_POINT('Ctrl Pts',(1.62837395977828,5.77979439376514,5.29808535764731));
#3203=CARTESIAN_POINT('Ctrl Pts',(1.66910975883165,5.74497635053686,5.29641400481498));
#3204=CARTESIAN_POINT('Ctrl Pts',(1.79505329337994,5.61946208571958,5.28957985959558));
#3205=CARTESIAN_POINT('Ctrl Pts',(1.87227695584243,5.50693044942179,5.28207195646269));
#3206=CARTESIAN_POINT('Ctrl Pts',(1.97475451283461,5.26019063210104,5.27057908082686));
#3207=CARTESIAN_POINT('Ctrl Pts',(2.,5.125961977391,5.26696164036747));
#3208=CARTESIAN_POINT('Ctrl Pts',(2.,5.,5.26696164036747));
#3209=CARTESIAN_POINT('',(1.99999999999938,5.,4.62525598951919));
#3210=CARTESIAN_POINT('',(2.,5.,5.08946631111594));
#3211=CARTESIAN_POINT('',(1.5,5.86602540378444,4.665));
#3212=CARTESIAN_POINT('Ctrl Pts',(1.5,5.86602540378444,4.665));
#3213=CARTESIAN_POINT('Ctrl Pts',(1.57645914462109,5.82188169605545,4.665));
#3214=CARTESIAN_POINT('Ctrl Pts',(1.64608573946831,5.76783194005946,4.66218474924991));
#3215=CARTESIAN_POINT('Ctrl Pts',(1.79468074088735,5.61996789818123,4.65252279555312));
#3216=CARTESIAN_POINT('Ctrl Pts',(1.87202121007832,5.50739910448094,4.6434866397494));
#3217=CARTESIAN_POINT('Ctrl Pts',(1.97468680704472,5.26050030266398,4.62962945464419));
#3218=CARTESIAN_POINT('Ctrl Pts',(2.,5.1261404161609,4.6252559895151));
#3219=CARTESIAN_POINT('Ctrl Pts',(2.,5.,4.6252559895151));
#3220=CARTESIAN_POINT('',(1.,6.,4.665));
#3221=CARTESIAN_POINT('Origin',(1.,5.,4.665));
#3222=CARTESIAN_POINT('',(1.,6.,5.31));
#3223=CARTESIAN_POINT('',(1.,6.,5.08946631111594));
#3224=CARTESIAN_POINT('Origin',(1.,5.,5.31));
#3225=CARTESIAN_POINT('Origin',(1.59331444992177,1.,5.69896325459462));
#3226=CARTESIAN_POINT('',(1.58442735808517,5.18670134656638,5.29906199228267));
#3227=CARTESIAN_POINT('Ctrl Pts',(1.58442735718225,5.18670134591829,5.29906199230274));
#3228=CARTESIAN_POINT('Ctrl Pts',(1.56174908124458,5.21831218278271,5.29956597656194));
#3229=CARTESIAN_POINT('Ctrl Pts',(1.5381241453413,5.2492452059526,5.30199830943795));
#3230=CARTESIAN_POINT('Ctrl Pts',(1.51358396109916,5.27945662497844,5.30698997852582));
#3231=CARTESIAN_POINT('',(1.58442735945303,1.,5.29906199225227));
#3232=CARTESIAN_POINT('Origin',(-1.48368502779075,1.,-5.15999999999998));
#3233=CARTESIAN_POINT('',(-1.51358396109843,5.85803934344717,-5.30698997852594));
#3234=CARTESIAN_POINT('',(-1.48368502779075,5.87524213443541,-5.30999999999998));
#3235=CARTESIAN_POINT('Ctrl Pts',(-1.51358396109823,5.85803934344682,-5.30698997852598));
#3236=CARTESIAN_POINT('Ctrl Pts',(-1.50359924458374,5.86401574802211,-5.30902094945444));
#3237=CARTESIAN_POINT('Ctrl Pts',(-1.49351293756603,5.86981093702643,-5.30999999999998));
#3238=CARTESIAN_POINT('Ctrl Pts',(-1.48368502779075,5.87524213443541,-5.30999999999998));
#3239=CARTESIAN_POINT('',(-1.48368502779075,1.,-5.30999999999998));
#3240=CARTESIAN_POINT('',(-1.48368502779075,1.,-5.30999999999998));
#3241=CARTESIAN_POINT('',(-1.51358396110194,1.,-5.30698997853921));
#3242=CARTESIAN_POINT('Origin',(-1.48368502779075,1.,-5.15999999999998));
#3243=CARTESIAN_POINT('',(-1.51358396109921,1.,-5.30698997852578));
#3244=CARTESIAN_POINT('Origin',(-1.59331444992176,1.,-5.69896325459459));
#3245=CARTESIAN_POINT('',(-1.58442735945302,1.,-5.29906199225225));
#3246=CARTESIAN_POINT('Origin',(-1.59331444992176,1.,-5.69896325459459));
#3247=CARTESIAN_POINT('',(-1.58442735920955,5.81144603153379,-5.29906199225766));
#3248=CARTESIAN_POINT('',(-1.58442735945302,1.,-5.29906199225225));
#3249=CARTESIAN_POINT('Ctrl Pts',(-1.58442735912606,5.81144603141856,-5.29906199225952));
#3250=CARTESIAN_POINT('Ctrl Pts',(-1.56192803513344,5.82765070800086,-5.2995619995213));
#3251=CARTESIAN_POINT('Ctrl Pts',(-1.53800921840507,5.84341947724337,-5.30202168649279));
#3252=CARTESIAN_POINT('Ctrl Pts',(-1.51358396109823,5.85803934344682,-5.30698997852598));
#3253=CARTESIAN_POINT('Origin',(1.48368502779075,1.,-5.15999999999998));
#3254=CARTESIAN_POINT('',(1.51358396109921,1.,-5.30698997852578));
#3255=CARTESIAN_POINT('',(1.48368502779075,1.,-5.30999999999998));
#3256=CARTESIAN_POINT('Origin',(1.48368502779075,1.,-5.15999999999998));
#3257=CARTESIAN_POINT('',(1.48368502779075,5.87524213443541,-5.30999999999998));
#3258=CARTESIAN_POINT('',(1.48368502779075,1.,-5.30999999999998));
#3259=CARTESIAN_POINT('',(1.51358396109844,5.85803934344716,-5.30698997852594));
#3260=CARTESIAN_POINT('Ctrl Pts',(1.48368502779075,5.87524213443541,-5.30999999999998));
#3261=CARTESIAN_POINT('Ctrl Pts',(1.49351293756604,5.86981093702643,-5.30999999999998));
#3262=CARTESIAN_POINT('Ctrl Pts',(1.50359924458375,5.86401574802211,-5.30902094945444));
#3263=CARTESIAN_POINT('Ctrl Pts',(1.51358396109824,5.85803934344682,-5.30698997852598));
#3264=CARTESIAN_POINT('',(1.51358396109921,1.,-5.30698997852578));
#3265=CARTESIAN_POINT('Origin',(-1.49999999999999,1.,-5.30999999999998));
#3266=CARTESIAN_POINT('',(-1.,6.,-5.30999999999998));
#3267=CARTESIAN_POINT('Origin',(-1.,5.,-5.30999999999998));
#3268=CARTESIAN_POINT('',(1.,6.,-5.30999999999998));
#3269=CARTESIAN_POINT('',(1.5,6.,-5.30999999999998));
#3270=CARTESIAN_POINT('Origin',(1.,5.,-5.30999999999998));
#3271=CARTESIAN_POINT('',(-0.749999999999992,1.,-5.30999999999998));
#3272=CARTESIAN_POINT('Origin',(-1.59331444992176,1.,5.69896325459462));
#3273=CARTESIAN_POINT('',(-1.49999999999999,0.,5.31));
#3274=CARTESIAN_POINT('',(-1.58442735945302,0.,5.29906199225227));
#3275=CARTESIAN_POINT('Origin',(-1.59331444992176,0.,5.69896325459462));
#3276=CARTESIAN_POINT('',(-1.49999999999999,1.,5.31));
#3277=CARTESIAN_POINT('',(-1.49999999999999,1.,5.31));
#3278=CARTESIAN_POINT('Origin',(-1.59331444992176,1.,5.69896325459462));
#3279=CARTESIAN_POINT('',(-1.58442735945302,1.,5.29906199225227));
#3280=CARTESIAN_POINT('Origin',(-1.49999999999999,1.,1.50000000000001));
#3281=CARTESIAN_POINT('',(-1.95,4.05,5.27326118894518));
#3282=CARTESIAN_POINT('Ctrl Pts',(-1.58442735718225,2.9132986540817,5.29906199230274));
#3283=CARTESIAN_POINT('Ctrl Pts',(-1.66951094924906,3.03189512746678,5.29717116166287));
#3284=CARTESIAN_POINT('Ctrl Pts',(-1.74261983941289,3.16241109430532,5.29267992924923));
#3285=CARTESIAN_POINT('Ctrl Pts',(-1.90039408686272,3.54072905471824,5.28019513065994));
#3286=CARTESIAN_POINT('Ctrl Pts',(-1.95,3.803408823649,5.27326118894518));
#3287=CARTESIAN_POINT('Ctrl Pts',(-1.95,4.05,5.27326118894518));
#3288=CARTESIAN_POINT('',(-1.58442735808516,5.18670134656639,5.29906199228267));
#3289=CARTESIAN_POINT('Ctrl Pts',(-1.95,4.05,5.27326118894518));
#3290=CARTESIAN_POINT('Ctrl Pts',(-1.95,4.296591176351,5.27326118894518));
#3291=CARTESIAN_POINT('Ctrl Pts',(-1.90039408686272,4.55927094528176,5.28019513065994));
#3292=CARTESIAN_POINT('Ctrl Pts',(-1.74261983941289,4.93758890569468,5.29267992924923));
#3293=CARTESIAN_POINT('Ctrl Pts',(-1.66951094924906,5.06810487253322,5.29717116166287));
#3294=CARTESIAN_POINT('Ctrl Pts',(-1.58442735718225,5.1867013459183,5.29906199230274));
#3295=CARTESIAN_POINT('',(-1.58442735920955,5.81144603153379,5.29906199225768));
#3296=CARTESIAN_POINT('',(-1.58442735945302,1.,5.29906199225227));
#3297=CARTESIAN_POINT('',(-2.,5.,5.26696164036747));
#3298=CARTESIAN_POINT('Ctrl Pts',(-2.,5.,5.26696164036747));
#3299=CARTESIAN_POINT('Ctrl Pts',(-2.,5.125961977391,5.26696164036747));
#3300=CARTESIAN_POINT('Ctrl Pts',(-1.97475451283461,5.26019063210104,5.27057908082686));
#3301=CARTESIAN_POINT('Ctrl Pts',(-1.87227695584243,5.50693044942179,5.28207195646269));
#3302=CARTESIAN_POINT('Ctrl Pts',(-1.79505329337994,5.61946208571958,5.28957985959558));
#3303=CARTESIAN_POINT('Ctrl Pts',(-1.66910975884327,5.74497635052527,5.29641400481435));
#3304=CARTESIAN_POINT('Ctrl Pts',(-1.62837395978191,5.77979439376253,5.29808535764723));
#3305=CARTESIAN_POINT('Ctrl Pts',(-1.58442735912642,5.81144603141831,5.29906199225953));
#3306=CARTESIAN_POINT('',(-2.,3.5,5.26696164036747));
#3307=CARTESIAN_POINT('',(-2.,2.5,5.26696164036747));
#3308=CARTESIAN_POINT('',(-3.,2.5,4.99141805001921));
#3309=CARTESIAN_POINT('Ctrl Pts',(-3.,2.5,4.99141805001921));
#3310=CARTESIAN_POINT('Ctrl Pts',(-2.87876542232539,2.5,5.04350343879439));
#3311=CARTESIAN_POINT('Ctrl Pts',(-2.74586069489074,2.52352265647447,5.09232658516296));
#3312=CARTESIAN_POINT('Ctrl Pts',(-2.49685798103308,2.62538982636015,5.16923061289466));
#3313=CARTESIAN_POINT('Ctrl Pts',(-2.38093484427301,2.70389113692042,5.19766933970234));
#3314=CARTESIAN_POINT('Ctrl Pts',(-2.20209930459643,2.88463686527911,5.23563587177027));
#3315=CARTESIAN_POINT('Ctrl Pts',(-2.12600200484877,2.99631174658862,5.24843090323624));
#3316=CARTESIAN_POINT('Ctrl Pts',(-2.02495152827648,3.24143687536211,5.26391267014928));
#3317=CARTESIAN_POINT('Ctrl Pts',(-2.,3.37486478983795,5.26696164036747));
#3318=CARTESIAN_POINT('Ctrl Pts',(-2.,3.5,5.26696164036747));
#3319=CARTESIAN_POINT('',(-5.29999999999999,2.5,1.50000000000001));
#3320=CARTESIAN_POINT('Origin',(-1.49999999999999,2.5,1.50000000000001));
#3321=CARTESIAN_POINT('',(-5.29999999999999,1.,1.50000000000001));
#3322=CARTESIAN_POINT('',(-5.29999999999999,1.,1.50000000000001));
#3323=CARTESIAN_POINT('',(-5.29999999999999,0.,1.50000000000001));
#3324=CARTESIAN_POINT('',(-5.29999999999999,1.,1.50000000000001));
#3325=CARTESIAN_POINT('Origin',(-1.49999999999999,0.,1.50000000000001));
#3326=CARTESIAN_POINT('Origin',(-1.59331444992176,1.,5.69896325459462));
#3327=CARTESIAN_POINT('Ctrl Pts',(-1.51358396109823,5.85803934344682,5.306989978526));
#3328=CARTESIAN_POINT('Ctrl Pts',(-1.53800921840507,5.84341947724337,5.30202168649281));
#3329=CARTESIAN_POINT('Ctrl Pts',(-1.56192803513344,5.82765070800086,5.29956199952132));
#3330=CARTESIAN_POINT('Ctrl Pts',(-1.58442735912607,5.81144603141856,5.29906199225954));
#3331=CARTESIAN_POINT('Ctrl Pts',(-1.51358396109915,5.27945662497845,5.30698997852582));
#3332=CARTESIAN_POINT('Ctrl Pts',(-1.53812414534129,5.24924520595261,5.30199830943795));
#3333=CARTESIAN_POINT('Ctrl Pts',(-1.56174908124457,5.21831218278272,5.29956597656194));
#3334=CARTESIAN_POINT('Ctrl Pts',(-1.58442735718225,5.1867013459183,5.29906199230274));
#3335=CARTESIAN_POINT('Origin',(1.59331444992177,1.,5.69896325459462));
#3336=CARTESIAN_POINT('',(1.58442735945303,0.,5.29906199225227));
#3337=CARTESIAN_POINT('',(1.5,0.,5.31));
#3338=CARTESIAN_POINT('Origin',(1.59331444992177,0.,5.69896325459462));
#3339=CARTESIAN_POINT('',(1.58442735945303,1.,5.29906199225227));
#3340=CARTESIAN_POINT('',(1.5,1.,5.31));
#3341=CARTESIAN_POINT('Origin',(1.59331444992177,1.,5.69896325459462));
#3342=CARTESIAN_POINT('',(1.5,1.,5.31));
#3343=CARTESIAN_POINT('Origin',(0.,4.05,5.3));
#3344=CARTESIAN_POINT('',(-1.95,4.05,7.6));
#3345=CARTESIAN_POINT('Origin',(0.,4.05,7.6));
#3346=CARTESIAN_POINT('',(-1.95,4.05,5.3));
#3347=CARTESIAN_POINT('Origin',(0.,4.05,5.31));
#3348=CARTESIAN_POINT('Ctrl Pts',(1.58442735718225,5.18670134591829,5.29906199230273));
#3349=CARTESIAN_POINT('Ctrl Pts',(1.66951094924906,5.06810487253321,5.29717116166287));
#3350=CARTESIAN_POINT('Ctrl Pts',(1.74261983941289,4.93758890569468,5.29267992924923));
#3351=CARTESIAN_POINT('Ctrl Pts',(1.90039408686272,4.55927094528176,5.28019513065994));
#3352=CARTESIAN_POINT('Ctrl Pts',(1.95,4.296591176351,5.27326118894518));
#3353=CARTESIAN_POINT('Ctrl Pts',(1.95,3.803408823649,5.27326118894518));
#3354=CARTESIAN_POINT('Ctrl Pts',(1.90039408686272,3.54072905471824,5.28019513065994));
#3355=CARTESIAN_POINT('Ctrl Pts',(1.74261983941289,3.16241109430532,5.29267992924923));
#3356=CARTESIAN_POINT('Ctrl Pts',(1.66951094924906,3.03189512746679,5.29717116166287));
#3357=CARTESIAN_POINT('Ctrl Pts',(1.58442735718226,2.91329865408171,5.29906199230273));
#3358=CARTESIAN_POINT('Origin',(0.,4.05,5.31));
#3359=CARTESIAN_POINT('Origin',(1.5,1.,1.5));
#3360=CARTESIAN_POINT('',(5.3,0.,1.5));
#3361=CARTESIAN_POINT('Origin',(1.5,0.,1.5));
#3362=CARTESIAN_POINT('',(5.3,1.,1.50000000000001));
#3363=CARTESIAN_POINT('',(5.3,1.,1.5));
#3364=CARTESIAN_POINT('',(5.3,2.5,1.5));
#3365=CARTESIAN_POINT('',(5.3,1.,1.5));
#3366=CARTESIAN_POINT('',(3.,2.5,4.99141805001922));
#3367=CARTESIAN_POINT('Origin',(1.5,2.5,1.5));
#3368=CARTESIAN_POINT('',(2.,3.5,5.26696164036747));
#3369=CARTESIAN_POINT('Ctrl Pts',(2.,3.5,5.26696164036747));
#3370=CARTESIAN_POINT('Ctrl Pts',(2.,3.37486478983795,5.26696164036747));
#3371=CARTESIAN_POINT('Ctrl Pts',(2.02495152827648,3.24143687536211,5.26391267014928));
#3372=CARTESIAN_POINT('Ctrl Pts',(2.12600200484877,2.99631174658862,5.24843090323624));
#3373=CARTESIAN_POINT('Ctrl Pts',(2.20209930459643,2.88463686527911,5.23563587177027));
#3374=CARTESIAN_POINT('Ctrl Pts',(2.38093484427301,2.70389113692042,5.19766933970235));
#3375=CARTESIAN_POINT('Ctrl Pts',(2.49685798103308,2.62538982636015,5.16923061289467));
#3376=CARTESIAN_POINT('Ctrl Pts',(2.74586069489074,2.52352265647447,5.09232658516296));
#3377=CARTESIAN_POINT('Ctrl Pts',(2.87876542232539,2.5,5.04350343879439));
#3378=CARTESIAN_POINT('Ctrl Pts',(3.,2.5,4.99141805001922));
#3379=CARTESIAN_POINT('',(2.,2.5,5.26696164036747));
#3380=CARTESIAN_POINT('Origin',(-1.59331444992176,1.,-5.69896325459459));
#3381=CARTESIAN_POINT('',(-1.58442735945302,0.,-5.29906199225225));
#3382=CARTESIAN_POINT('',(-1.49999999999999,0.,-5.30999999999998));
#3383=CARTESIAN_POINT('Origin',(-1.59331444992176,0.,-5.69896325459459));
#3384=CARTESIAN_POINT('',(-1.58442735945302,1.,-5.29906199225225));
#3385=CARTESIAN_POINT('',(-1.49999999999999,1.,-5.30999999999998));
#3386=CARTESIAN_POINT('Origin',(-1.59331444992176,1.,-5.69896325459459));
#3387=CARTESIAN_POINT('',(-1.49999999999999,1.,-5.30999999999998));
#3388=CARTESIAN_POINT('Origin',(1.59331444992177,1.,-5.69896325459459));
#3389=CARTESIAN_POINT('',(1.58442735920956,5.81144603153378,-5.29906199225766));
#3390=CARTESIAN_POINT('Ctrl Pts',(1.51358396109824,5.85803934344682,-5.30698997852598));
#3391=CARTESIAN_POINT('Ctrl Pts',(1.53800921840508,5.84341947724336,-5.30202168649279));
#3392=CARTESIAN_POINT('Ctrl Pts',(1.56192803513345,5.82765070800086,-5.2995619995213));
#3393=CARTESIAN_POINT('Ctrl Pts',(1.58442735912608,5.81144603141855,-5.29906199225951));
#3394=CARTESIAN_POINT('',(1.58442735945303,1.,-5.29906199225225));
#3395=CARTESIAN_POINT('',(1.58442735945303,1.,-5.29906199225225));
#3396=CARTESIAN_POINT('Origin',(1.59331444992177,1.,-5.69896325459459));
#3397=CARTESIAN_POINT('Origin',(1.59331444992177,1.,-5.69896325459459));
#3398=CARTESIAN_POINT('',(1.5,0.,-5.30999999999998));
#3399=CARTESIAN_POINT('',(1.58442735945303,0.,-5.29906199225225));
#3400=CARTESIAN_POINT('Origin',(1.59331444992177,0.,-5.69896325459459));
#3401=CARTESIAN_POINT('',(1.50000000000001,1.,-5.30999999999998));
#3402=CARTESIAN_POINT('',(1.5,1.,-5.30999999999998));
#3403=CARTESIAN_POINT('Origin',(1.59331444992177,1.,-5.69896325459459));
#3404=CARTESIAN_POINT('',(1.58442735945303,1.,-5.29906199225225));
#3405=CARTESIAN_POINT('Origin',(1.5,1.,-1.49999999999998));
#3406=CARTESIAN_POINT('',(2.,5.,-5.26696164036745));
#3407=CARTESIAN_POINT('Ctrl Pts',(2.,5.,-5.26696164036745));
#3408=CARTESIAN_POINT('Ctrl Pts',(2.,5.125961977391,-5.26696164036745));
#3409=CARTESIAN_POINT('Ctrl Pts',(1.97475451283461,5.26019063210104,-5.27057908082684));
#3410=CARTESIAN_POINT('Ctrl Pts',(1.87227695584243,5.50693044942179,-5.28207195646267));
#3411=CARTESIAN_POINT('Ctrl Pts',(1.79505329337994,5.61946208571958,-5.28957985959556));
#3412=CARTESIAN_POINT('Ctrl Pts',(1.66910975884327,5.74497635052527,-5.29641400481433));
#3413=CARTESIAN_POINT('Ctrl Pts',(1.62837395978192,5.77979439376252,-5.2980853576472));
#3414=CARTESIAN_POINT('Ctrl Pts',(1.58442735912643,5.8114460314183,-5.29906199225951));
#3415=CARTESIAN_POINT('',(2.,3.5,-5.26696164036745));
#3416=CARTESIAN_POINT('',(2.,2.5,-5.26696164036745));
#3417=CARTESIAN_POINT('',(3.,2.5,-4.9914180500192));
#3418=CARTESIAN_POINT('Ctrl Pts',(3.,2.5,-4.9914180500192));
#3419=CARTESIAN_POINT('Ctrl Pts',(2.87876542232539,2.5,-5.04350343879437));
#3420=CARTESIAN_POINT('Ctrl Pts',(2.74586069489074,2.52352265647447,-5.09232658516294));
#3421=CARTESIAN_POINT('Ctrl Pts',(2.49685798103308,2.62538982636015,-5.16923061289464));
#3422=CARTESIAN_POINT('Ctrl Pts',(2.38093484427301,2.70389113692042,-5.19766933970232));
#3423=CARTESIAN_POINT('Ctrl Pts',(2.20209930459643,2.88463686527911,-5.23563587177025));
#3424=CARTESIAN_POINT('Ctrl Pts',(2.12600200484877,2.99631174658861,-5.24843090323622));
#3425=CARTESIAN_POINT('Ctrl Pts',(2.02495152827648,3.2414368753621,-5.26391267014926));
#3426=CARTESIAN_POINT('Ctrl Pts',(2.,3.37486478983795,-5.26696164036745));
#3427=CARTESIAN_POINT('Ctrl Pts',(2.,3.5,-5.26696164036745));
#3428=CARTESIAN_POINT('',(5.3,2.5,-1.49999999999998));
#3429=CARTESIAN_POINT('Origin',(1.5,2.5,-1.49999999999998));
#3430=CARTESIAN_POINT('',(5.3,1.,-1.49999999999999));
#3431=CARTESIAN_POINT('',(5.3,1.,-1.49999999999998));
#3432=CARTESIAN_POINT('',(5.3,0.,-1.49999999999998));
#3433=CARTESIAN_POINT('',(5.3,1.,-1.49999999999998));
#3434=CARTESIAN_POINT('Origin',(1.5,0.,-1.49999999999998));
#3435=CARTESIAN_POINT('Origin',(5.8,0.5,-1.49999999999999));
#3436=CARTESIAN_POINT('',(5.8,1.,-0.99999999999999));
#3437=CARTESIAN_POINT('Origin',(5.8,1.,-1.49999999999999));
#3438=CARTESIAN_POINT('',(5.8,0.,-0.99999999999999));
#3439=CARTESIAN_POINT('',(5.8,0.5,-0.99999999999999));
#3440=CARTESIAN_POINT('Origin',(5.8,0.,-1.49999999999999));
#3441=CARTESIAN_POINT('Origin',(7.3,0.,-0.99999999999999));
#3442=CARTESIAN_POINT('',(7.3,1.,-0.99999999999999));
#3443=CARTESIAN_POINT('',(7.3,1.,-0.99999999999999));
#3444=CARTESIAN_POINT('',(7.3,0.,-0.99999999999999));
#3445=CARTESIAN_POINT('',(7.3,0.,-0.99999999999999));
#3446=CARTESIAN_POINT('',(7.3,0.,-0.99999999999999));
#3447=CARTESIAN_POINT('Origin',(5.8,0.5,1.50000000000001));
#3448=CARTESIAN_POINT('',(5.8,1.,1.00000000000001));
#3449=CARTESIAN_POINT('Origin',(5.8,1.,1.50000000000001));
#3450=CARTESIAN_POINT('',(5.8,0.,1.00000000000001));
#3451=CARTESIAN_POINT('Origin',(5.8,0.,1.50000000000001));
#3452=CARTESIAN_POINT('',(5.8,0.5,1.00000000000001));
#3453=CARTESIAN_POINT('Origin',(5.3,1.,-1.49999999999998));
#3454=CARTESIAN_POINT('',(5.3,1.,-0.749999999999985));
#3455=CARTESIAN_POINT('',(5.3,2.5,-1.49999999999998));
#3456=CARTESIAN_POINT('Origin',(-5.79999999999999,0.5,1.50000000000001));
#3457=CARTESIAN_POINT('',(-5.79999999999999,1.,1.00000000000001));
#3458=CARTESIAN_POINT('Origin',(-5.79999999999999,1.,1.50000000000001));
#3459=CARTESIAN_POINT('',(-5.79999999999999,0.,1.00000000000001));
#3460=CARTESIAN_POINT('',(-5.79999999999999,0.5,1.00000000000001));
#3461=CARTESIAN_POINT('Origin',(-5.79999999999999,0.,1.50000000000001));
#3462=CARTESIAN_POINT('Origin',(-7.29999999999992,0.,1.00000000000001));
#3463=CARTESIAN_POINT('',(-7.29999999999992,1.,1.00000000000001));
#3464=CARTESIAN_POINT('',(-7.29999999999992,1.,1.00000000000001));
#3465=CARTESIAN_POINT('',(-7.29999999999992,0.,1.00000000000001));
#3466=CARTESIAN_POINT('',(-7.29999999999992,0.,1.00000000000001));
#3467=CARTESIAN_POINT('',(-7.29999999999992,0.,1.00000000000001));
#3468=CARTESIAN_POINT('Origin',(-5.79999999999999,0.5,-1.49999999999999));
#3469=CARTESIAN_POINT('',(-5.79999999999999,1.,-0.99999999999999));
#3470=CARTESIAN_POINT('',(-5.29999999999999,1.,-1.49999999999999));
#3471=CARTESIAN_POINT('Origin',(-5.79999999999999,1.,-1.49999999999999));
#3472=CARTESIAN_POINT('',(-5.29999999999999,0.,-1.49999999999999));
#3473=CARTESIAN_POINT('',(-5.29999999999999,1.,-1.49999999999999));
#3474=CARTESIAN_POINT('',(-5.79999999999999,0.,-0.99999999999999));
#3475=CARTESIAN_POINT('Origin',(-5.79999999999999,0.,-1.49999999999999));
#3476=CARTESIAN_POINT('',(-5.79999999999999,0.5,-0.99999999999999));
#3477=CARTESIAN_POINT('Origin',(-5.29999999999999,1.,1.50000000000001));
#3478=CARTESIAN_POINT('',(-5.29999999999999,1.,0.750000000000008));
#3479=CARTESIAN_POINT('',(-5.29999999999999,2.5,-1.49999999999999));
#3480=CARTESIAN_POINT('',(-5.29999999999999,2.5,1.50000000000001));
#3481=CARTESIAN_POINT('',(-5.29999999999999,1.,-1.49999999999999));
#3482=CARTESIAN_POINT('Origin',(1.5,0.5,5.81));
#3483=CARTESIAN_POINT('',(1.,1.,5.81));
#3484=CARTESIAN_POINT('Origin',(1.5,1.,5.81));
#3485=CARTESIAN_POINT('',(1.,0.,5.81));
#3486=CARTESIAN_POINT('',(1.,0.5,5.81));
#3487=CARTESIAN_POINT('Origin',(1.5,0.,5.81));
#3488=CARTESIAN_POINT('Origin',(1.,0.,7.3));
#3489=CARTESIAN_POINT('',(1.,1.,7.3));
#3490=CARTESIAN_POINT('',(1.00000000000001,1.,-7.29999999999987));
#3491=CARTESIAN_POINT('',(1.,0.,7.3));
#3492=CARTESIAN_POINT('',(1.,0.,7.3));
#3493=CARTESIAN_POINT('',(1.00000000000001,0.,-7.29999999999987));
#3494=CARTESIAN_POINT('Origin',(-1.49999999999999,0.5,5.81));
#3495=CARTESIAN_POINT('',(-0.999999999999994,1.,5.81));
#3496=CARTESIAN_POINT('Origin',(-1.49999999999999,1.,5.81));
#3497=CARTESIAN_POINT('',(-0.999999999999994,0.,5.81));
#3498=CARTESIAN_POINT('Origin',(-1.49999999999999,0.,5.81));
#3499=CARTESIAN_POINT('',(-0.999999999999994,0.5,5.81));
#3500=CARTESIAN_POINT('Origin',(1.50000000000001,0.5,-5.80999999999998));
#3501=CARTESIAN_POINT('',(1.00000000000001,1.,-5.80999999999998));
#3502=CARTESIAN_POINT('Origin',(1.50000000000001,1.,-5.80999999999998));
#3503=CARTESIAN_POINT('',(1.00000000000001,0.,-5.80999999999998));
#3504=CARTESIAN_POINT('Origin',(1.50000000000001,0.,-5.80999999999998));
#3505=CARTESIAN_POINT('',(1.00000000000001,0.5,-5.80999999999998));
#3506=CARTESIAN_POINT('Origin',(-1.49999999999999,0.5,-5.80999999999998));
#3507=CARTESIAN_POINT('',(-0.999999999999989,1.,-5.80999999999998));
#3508=CARTESIAN_POINT('Origin',(-1.49999999999999,1.,-5.80999999999998));
#3509=CARTESIAN_POINT('',(-0.999999999999989,0.,-5.80999999999998));
#3510=CARTESIAN_POINT('',(-0.999999999999989,0.5,-5.80999999999998));
#3511=CARTESIAN_POINT('Origin',(-1.49999999999999,0.,-5.80999999999998));
#3512=CARTESIAN_POINT('Origin',(-0.999999999999988,0.,-7.29999999999987));
#3513=CARTESIAN_POINT('',(-0.999999999999988,1.,-7.29999999999987));
#3514=CARTESIAN_POINT('',(-0.999999999999995,1.,7.3));
#3515=CARTESIAN_POINT('',(-0.999999999999988,0.,-7.29999999999987));
#3516=CARTESIAN_POINT('',(-0.999999999999988,0.,-7.29999999999987));
#3517=CARTESIAN_POINT('',(-0.999999999999995,0.,7.3));
#3518=CARTESIAN_POINT('Origin',(0.,4.05,5.3));
#3519=CARTESIAN_POINT('',(-0.975,4.05,7.6));
#3520=CARTESIAN_POINT('Origin',(0.,4.05,7.6));
#3521=CARTESIAN_POINT('',(-0.975,4.05,4.665));
#3522=CARTESIAN_POINT('',(-0.975,4.05,5.3));
#3523=CARTESIAN_POINT('Origin',(0.,4.05,4.665));
#3524=CARTESIAN_POINT('Origin',(0.,4.05,7.6));
#3525=CARTESIAN_POINT('Origin',(1.5,1.,4.665));
#3526=CARTESIAN_POINT('',(1.5,1.,4.665));
#3527=CARTESIAN_POINT('',(1.5,1.,4.665));
#3528=CARTESIAN_POINT('',(-1.5,1.,4.665));
#3529=CARTESIAN_POINT('',(0.750000000000004,1.,4.665));
#3530=CARTESIAN_POINT('',(-1.5,5.86602540378444,4.665));
#3531=CARTESIAN_POINT('',(-1.5,1.,4.665));
#3532=CARTESIAN_POINT('',(-1.,6.,4.665));
#3533=CARTESIAN_POINT('Origin',(-1.,5.,4.665));
#3534=CARTESIAN_POINT('',(0.75,6.,4.665));
#3535=CARTESIAN_POINT('Origin',(0.,6.,4.9119709818644));
#3536=CARTESIAN_POINT('',(-1.49999999999999,6.,5.31));
#3537=CARTESIAN_POINT('',(-1.,6.,4.7179564727966));
#3538=CARTESIAN_POINT('Origin',(1.5,1.,5.31));
#3539=CARTESIAN_POINT('',(0.750000000000001,1.,5.31));
#3540=CARTESIAN_POINT('Origin',(1.5,1.,5.31));
#3541=CARTESIAN_POINT('Origin',(-5.29999999999999,0.,-0.99999999999999));
#3542=CARTESIAN_POINT('',(-7.29999999999992,0.,-0.99999999999999));
#3543=CARTESIAN_POINT('',(7.3,0.,-0.99999999999999));
#3544=CARTESIAN_POINT('',(-7.29999999999992,1.,-0.99999999999999));
#3545=CARTESIAN_POINT('',(-7.29999999999992,0.,-0.99999999999999));
#3546=CARTESIAN_POINT('',(7.3,1.,-0.99999999999999));
#3547=CARTESIAN_POINT('Origin',(-7.29999999999992,0.,-0.99999999999999));
#3548=CARTESIAN_POINT('',(-7.29999999999992,0.,-0.99999999999999));
#3549=CARTESIAN_POINT('',(-7.29999999999992,1.,-0.99999999999999));
#3550=CARTESIAN_POINT('Origin',(-6.29999999999995,1.,9.71445146547012E-15));
#3551=CARTESIAN_POINT('Origin',(1.00000000000001,0.,-5.29999999999998));
#3552=CARTESIAN_POINT('',(1.00000000000001,0.,-7.29999999999987));
#3553=CARTESIAN_POINT('',(1.00000000000001,0.,-7.29999999999987));
#3554=CARTESIAN_POINT('',(1.00000000000001,1.,-7.29999999999987));
#3555=CARTESIAN_POINT('',(1.00000000000001,0.,-7.29999999999987));
#3556=CARTESIAN_POINT('',(1.00000000000001,1.,-7.29999999999987));
#3557=CARTESIAN_POINT('Origin',(1.00000000000001,0.,-7.29999999999987));
#3558=CARTESIAN_POINT('',(-0.999999999999988,0.,-7.29999999999987));
#3559=CARTESIAN_POINT('',(-0.999999999999988,1.,-7.29999999999987));
#3560=CARTESIAN_POINT('Origin',(9.15933995315754E-15,1.,-6.29999999999992));
#3561=CARTESIAN_POINT('Origin',(-0.999999999999994,0.,5.3));
#3562=CARTESIAN_POINT('',(-0.999999999999995,0.,7.3));
#3563=CARTESIAN_POINT('',(-0.999999999999995,0.,7.3));
#3564=CARTESIAN_POINT('',(-0.999999999999995,1.,7.3));
#3565=CARTESIAN_POINT('',(-0.999999999999995,0.,7.3));
#3566=CARTESIAN_POINT('',(-0.999999999999995,1.,7.3));
#3567=CARTESIAN_POINT('Origin',(-0.999999999999995,0.,7.3));
#3568=CARTESIAN_POINT('',(1.,0.,7.3));
#3569=CARTESIAN_POINT('',(1.,1.,7.3));
#3570=CARTESIAN_POINT('Origin',(3.7470027081099E-15,1.,6.3));
#3571=CARTESIAN_POINT('Origin',(5.3,0.,1.00000000000001));
#3572=CARTESIAN_POINT('',(7.3,0.,1.00000000000001));
#3573=CARTESIAN_POINT('',(-7.29999999999992,0.,1.00000000000001));
#3574=CARTESIAN_POINT('',(7.3,1.,1.00000000000001));
#3575=CARTESIAN_POINT('',(7.3,0.,1.00000000000001));
#3576=CARTESIAN_POINT('',(-7.29999999999992,1.,1.00000000000001));
#3577=CARTESIAN_POINT('Origin',(7.3,0.,1.00000000000001));
#3578=CARTESIAN_POINT('',(7.3,0.,1.00000000000001));
#3579=CARTESIAN_POINT('',(7.3,1.,1.00000000000001));
#3580=CARTESIAN_POINT('Origin',(6.3,1.,9.85322934354826E-15));
#3581=CARTESIAN_POINT('Origin',(3.,3.5,2.63348082018374));
#3582=CARTESIAN_POINT('',(3.,2.5,4.28697416564991));
#3583=CARTESIAN_POINT('',(1.99999999999938,3.5,4.62525598951919));
#3584=CARTESIAN_POINT('Ctrl Pts',(2.,3.5,4.6252559895151));
#3585=CARTESIAN_POINT('Ctrl Pts',(2.,3.37507689864563,4.6252559895151));
#3586=CARTESIAN_POINT('Ctrl Pts',(2.02487969932526,3.24189529160846,4.62159275290175));
#3587=CARTESIAN_POINT('Ctrl Pts',(2.12545186221211,2.99736384071363,4.60300661561439));
#3588=CARTESIAN_POINT('Ctrl Pts',(2.20114105708313,2.88604613536948,4.58764578584702));
#3589=CARTESIAN_POINT('Ctrl Pts',(2.38071875399876,2.7036418248003,4.54151997040871));
#3590=CARTESIAN_POINT('Ctrl Pts',(2.49841176309161,2.62441308838195,4.50637893372702));
#3591=CARTESIAN_POINT('Ctrl Pts',(2.74867347570965,2.52271903657429,4.41134934066693));
#3592=CARTESIAN_POINT('Ctrl Pts',(2.88097691258918,2.5,4.3510345481668));
#3593=CARTESIAN_POINT('Ctrl Pts',(3.,2.5,4.28697416564991));
#3594=CARTESIAN_POINT('',(2.,3.5,2.63348082018374));
#3595=CARTESIAN_POINT('',(3.,2.5,2.63348082018374));
#3596=CARTESIAN_POINT('Origin',(2.,2.5,5.26696164036747));
#3597=CARTESIAN_POINT('',(2.,1.,4.6252559895151));
#3598=CARTESIAN_POINT('Origin',(-3.,3.5,2.26197098186441));
#3599=CARTESIAN_POINT('',(-1.99999999999938,3.5,4.62525598951919));
#3600=CARTESIAN_POINT('',(-3.,2.5,4.28697416564991));
#3601=CARTESIAN_POINT('Ctrl Pts',(-3.,2.5,4.28697416564991));
#3602=CARTESIAN_POINT('Ctrl Pts',(-2.88097691258918,2.5,4.3510345481668));
#3603=CARTESIAN_POINT('Ctrl Pts',(-2.74867347570965,2.52271903657429,4.41134934066694));
#3604=CARTESIAN_POINT('Ctrl Pts',(-2.49841176309161,2.62441308838195,4.50637893372702));
#3605=CARTESIAN_POINT('Ctrl Pts',(-2.38071875399876,2.7036418248003,4.54151997040871));
#3606=CARTESIAN_POINT('Ctrl Pts',(-2.20114105708313,2.88604613536948,4.58764578584702));
#3607=CARTESIAN_POINT('Ctrl Pts',(-2.12545186221211,2.99736384071363,4.60300661561439));
#3608=CARTESIAN_POINT('Ctrl Pts',(-2.02487969932526,3.24189529160846,4.62159275290175));
#3609=CARTESIAN_POINT('Ctrl Pts',(-2.,3.37507689864563,4.6252559895151));
#3610=CARTESIAN_POINT('Ctrl Pts',(-2.,3.5,4.6252559895151));
#3611=CARTESIAN_POINT('',(-3.,2.5,2.26197098186441));
#3612=CARTESIAN_POINT('',(-2.,3.5,2.26197098186441));
#3613=CARTESIAN_POINT('Origin',(6.66133814775094E-15,2.5,9.99200722162641E-15));
#3614=CARTESIAN_POINT('',(-4.665,2.5,1.5));
#3615=CARTESIAN_POINT('Origin',(-1.50000000000001,2.5,1.50000000000001));
#3616=CARTESIAN_POINT('',(-4.665,2.5,-1.5));
#3617=CARTESIAN_POINT('',(-4.665,2.5,0.750000000000005));
#3618=CARTESIAN_POINT('',(-3.,2.5,-4.28697416564991));
#3619=CARTESIAN_POINT('Origin',(-1.5,2.5,-1.5));
#3620=CARTESIAN_POINT('',(-3.,2.5,-4.99141805001919));
#3621=CARTESIAN_POINT('',(-3.,2.5,-2.63348082018372));
#3622=CARTESIAN_POINT('Origin',(-1.49999999999999,2.5,-1.49999999999999));
#3623=CARTESIAN_POINT('Origin',(-3.,3.5,-2.63348082018372));
#3624=CARTESIAN_POINT('',(-1.99999999999938,3.5,-4.62525598951919));
#3625=CARTESIAN_POINT('Ctrl Pts',(-2.,3.5,-4.6252559895151));
#3626=CARTESIAN_POINT('Ctrl Pts',(-2.,3.37507689864563,-4.6252559895151));
#3627=CARTESIAN_POINT('Ctrl Pts',(-2.02487969932526,3.24189529160846,-4.62159275290175));
#3628=CARTESIAN_POINT('Ctrl Pts',(-2.12545186221211,2.99736384071363,-4.60300661561439));
#3629=CARTESIAN_POINT('Ctrl Pts',(-2.20114105708313,2.88604613536948,-4.58764578584702));
#3630=CARTESIAN_POINT('Ctrl Pts',(-2.38071875399876,2.7036418248003,-4.54151997040871));
#3631=CARTESIAN_POINT('Ctrl Pts',(-2.49841176309161,2.62441308838195,-4.50637893372702));
#3632=CARTESIAN_POINT('Ctrl Pts',(-2.74867347570965,2.52271903657429,-4.41134934066693));
#3633=CARTESIAN_POINT('Ctrl Pts',(-2.88097691258918,2.5,-4.3510345481668));
#3634=CARTESIAN_POINT('Ctrl Pts',(-3.,2.5,-4.28697416564991));
#3635=CARTESIAN_POINT('',(-2.,3.5,-5.26696164036745));
#3636=CARTESIAN_POINT('',(-2.,3.5,-2.63348082018372));
#3637=CARTESIAN_POINT('Ctrl Pts',(-2.,3.5,-5.26696164036745));
#3638=CARTESIAN_POINT('Ctrl Pts',(-2.,3.37486478983795,-5.26696164036745));
#3639=CARTESIAN_POINT('Ctrl Pts',(-2.02495152827648,3.24143687536211,-5.26391267014926));
#3640=CARTESIAN_POINT('Ctrl Pts',(-2.12600200484877,2.99631174658862,-5.24843090323622));
#3641=CARTESIAN_POINT('Ctrl Pts',(-2.20209930459643,2.88463686527911,-5.23563587177025));
#3642=CARTESIAN_POINT('Ctrl Pts',(-2.38093484427301,2.70389113692042,-5.19766933970232));
#3643=CARTESIAN_POINT('Ctrl Pts',(-2.49685798103308,2.62538982636015,-5.16923061289464));
#3644=CARTESIAN_POINT('Ctrl Pts',(-2.74586069489074,2.52352265647447,-5.09232658516294));
#3645=CARTESIAN_POINT('Ctrl Pts',(-2.87876542232539,2.5,-5.04350343879437));
#3646=CARTESIAN_POINT('Ctrl Pts',(-3.,2.5,-4.99141805001919));
#3647=CARTESIAN_POINT('Origin',(-2.,2.5,-5.26696164036745));
#3648=CARTESIAN_POINT('',(-1.99999999999938,5.,-4.62525598951919));
#3649=CARTESIAN_POINT('',(-2.,1.,-4.6252559895151));
#3650=CARTESIAN_POINT('',(-2.,5.,-5.26696164036745));
#3651=CARTESIAN_POINT('',(-2.,5.,-5.08946631111592));
#3652=CARTESIAN_POINT('',(-2.,2.5,-5.26696164036745));
#3653=CARTESIAN_POINT('Origin',(3.,3.5,-2.2619709818644));
#3654=CARTESIAN_POINT('',(1.99999999999938,3.5,-4.62525598951919));
#3655=CARTESIAN_POINT('',(3.,2.5,-4.28697416564991));
#3656=CARTESIAN_POINT('Ctrl Pts',(3.,2.5,-4.28697416564991));
#3657=CARTESIAN_POINT('Ctrl Pts',(2.88097691258918,2.5,-4.3510345481668));
#3658=CARTESIAN_POINT('Ctrl Pts',(2.74867347570965,2.52271903657429,-4.41134934066693));
#3659=CARTESIAN_POINT('Ctrl Pts',(2.49841176309161,2.62441308838195,-4.50637893372702));
#3660=CARTESIAN_POINT('Ctrl Pts',(2.38071875399876,2.7036418248003,-4.54151997040871));
#3661=CARTESIAN_POINT('Ctrl Pts',(2.20114105708313,2.88604613536948,-4.58764578584702));
#3662=CARTESIAN_POINT('Ctrl Pts',(2.12545186221211,2.99736384071363,-4.60300661561439));
#3663=CARTESIAN_POINT('Ctrl Pts',(2.02487969932526,3.24189529160846,-4.62159275290175));
#3664=CARTESIAN_POINT('Ctrl Pts',(2.,3.37507689864563,-4.6252559895151));
#3665=CARTESIAN_POINT('Ctrl Pts',(2.,3.5,-4.6252559895151));
#3666=CARTESIAN_POINT('',(3.,2.5,-2.2619709818644));
#3667=CARTESIAN_POINT('',(2.,3.5,-2.2619709818644));
#3668=CARTESIAN_POINT('Origin',(6.66133814775094E-15,2.5,9.99200722162641E-15));
#3669=CARTESIAN_POINT('',(4.665,2.5,-1.5));
#3670=CARTESIAN_POINT('Origin',(1.5,2.5,-1.5));
#3671=CARTESIAN_POINT('',(4.665,2.5,1.5));
#3672=CARTESIAN_POINT('',(4.665,2.5,-0.749999999999994));
#3673=CARTESIAN_POINT('Origin',(1.5,2.5,1.5));
#3674=CARTESIAN_POINT('Origin',(-1.,5.,-5.08946631111592));
#3675=CARTESIAN_POINT('Ctrl Pts',(-1.58442735912642,5.81144603141831,-5.29906199225951));
#3676=CARTESIAN_POINT('Ctrl Pts',(-1.62837395977828,5.77979439376514,-5.29808535764729));
#3677=CARTESIAN_POINT('Ctrl Pts',(-1.66910975883165,5.74497635053686,-5.29641400481496));
#3678=CARTESIAN_POINT('Ctrl Pts',(-1.79505329337994,5.61946208571958,-5.28957985959556));
#3679=CARTESIAN_POINT('Ctrl Pts',(-1.87227695584243,5.50693044942179,-5.28207195646267));
#3680=CARTESIAN_POINT('Ctrl Pts',(-1.97475451283461,5.26019063210104,-5.27057908082684));
#3681=CARTESIAN_POINT('Ctrl Pts',(-2.,5.125961977391,-5.26696164036745));
#3682=CARTESIAN_POINT('Ctrl Pts',(-2.,5.,-5.26696164036745));
#3683=CARTESIAN_POINT('',(-1.5,5.86602540378444,-4.665));
#3684=CARTESIAN_POINT('Ctrl Pts',(-1.5,5.86602540378444,-4.665));
#3685=CARTESIAN_POINT('Ctrl Pts',(-1.57645914462109,5.82188169605545,-4.665));
#3686=CARTESIAN_POINT('Ctrl Pts',(-1.64608573946831,5.76783194005946,-4.66218474924991));
#3687=CARTESIAN_POINT('Ctrl Pts',(-1.79468074088735,5.61996789818123,-4.65252279555312));
#3688=CARTESIAN_POINT('Ctrl Pts',(-1.87202121007832,5.50739910448094,-4.6434866397494));
#3689=CARTESIAN_POINT('Ctrl Pts',(-1.97468680704472,5.26050030266398,-4.62962945464419));
#3690=CARTESIAN_POINT('Ctrl Pts',(-2.,5.1261404161609,-4.6252559895151));
#3691=CARTESIAN_POINT('Ctrl Pts',(-2.,5.,-4.6252559895151));
#3692=CARTESIAN_POINT('',(-1.,6.,-4.665));
#3693=CARTESIAN_POINT('Origin',(-1.,5.,-4.665));
#3694=CARTESIAN_POINT('',(-1.,6.,-5.08946631111592));
#3695=CARTESIAN_POINT('Origin',(0.,6.,-4.91197098186439));
#3696=CARTESIAN_POINT('',(1.,6.,-4.665));
#3697=CARTESIAN_POINT('',(-0.750000000000002,6.,-4.665));
#3698=CARTESIAN_POINT('',(1.,6.,-4.7179564727966));
#3699=CARTESIAN_POINT('Origin',(-1.5,1.,-4.665));
#3700=CARTESIAN_POINT('',(-1.5,1.,-4.665));
#3701=CARTESIAN_POINT('',(-1.5,1.,-4.665));
#3702=CARTESIAN_POINT('',(1.5,1.,-4.665));
#3703=CARTESIAN_POINT('',(-0.749999999999998,1.,-4.665));
#3704=CARTESIAN_POINT('',(1.5,5.86602540378444,-4.665));
#3705=CARTESIAN_POINT('',(1.5,1.,-4.665));
#3706=CARTESIAN_POINT('Origin',(1.,5.,-4.665));
#3707=CARTESIAN_POINT('Origin',(-1.5,1.,-1.5));
#3708=CARTESIAN_POINT('',(-4.665,1.,-1.5));
#3709=CARTESIAN_POINT('',(-4.665,1.,-1.5));
#3710=CARTESIAN_POINT('Origin',(-1.5,1.,-1.5));
#3711=CARTESIAN_POINT('Origin',(1.,5.,-4.7179564727966));
#3712=CARTESIAN_POINT('',(1.99999999999938,5.,-4.62525598951919));
#3713=CARTESIAN_POINT('Ctrl Pts',(2.,5.,-4.6252559895151));
#3714=CARTESIAN_POINT('Ctrl Pts',(2.,5.1261404161609,-4.6252559895151));
#3715=CARTESIAN_POINT('Ctrl Pts',(1.97468680704472,5.26050030266398,-4.62962945464419));
#3716=CARTESIAN_POINT('Ctrl Pts',(1.87202121007832,5.50739910448094,-4.6434866397494));
#3717=CARTESIAN_POINT('Ctrl Pts',(1.79468074088735,5.61996789818123,-4.65252279555312));
#3718=CARTESIAN_POINT('Ctrl Pts',(1.64608573946831,5.76783194005946,-4.66218474924991));
#3719=CARTESIAN_POINT('Ctrl Pts',(1.57645914462108,5.82188169605545,-4.665));
#3720=CARTESIAN_POINT('Ctrl Pts',(1.5,5.86602540378444,-4.665));
#3721=CARTESIAN_POINT('',(2.,5.,-4.7179564727966));
#3722=CARTESIAN_POINT('Origin',(2.,2.5,-4.5239419637288));
#3723=CARTESIAN_POINT('',(2.,1.,-4.6252559895151));
#3724=CARTESIAN_POINT('Origin',(1.5,1.,1.5));
#3725=CARTESIAN_POINT('',(4.665,1.,1.5));
#3726=CARTESIAN_POINT('',(4.665,1.,1.5));
#3727=CARTESIAN_POINT('Origin',(1.5,1.,1.5));
#3728=CARTESIAN_POINT('Origin',(-1.,5.,4.7179564727966));
#3729=CARTESIAN_POINT('',(-1.99999999999938,5.,4.62525598951919));
#3730=CARTESIAN_POINT('Ctrl Pts',(-2.,5.,4.6252559895151));
#3731=CARTESIAN_POINT('Ctrl Pts',(-2.,5.1261404161609,4.6252559895151));
#3732=CARTESIAN_POINT('Ctrl Pts',(-1.97468680704472,5.26050030266398,4.62962945464419));
#3733=CARTESIAN_POINT('Ctrl Pts',(-1.87202121007832,5.50739910448094,4.6434866397494));
#3734=CARTESIAN_POINT('Ctrl Pts',(-1.79468074088735,5.61996789818123,4.65252279555312));
#3735=CARTESIAN_POINT('Ctrl Pts',(-1.64608573946831,5.76783194005946,4.66218474924991));
#3736=CARTESIAN_POINT('Ctrl Pts',(-1.57645914462109,5.82188169605545,4.665));
#3737=CARTESIAN_POINT('Ctrl Pts',(-1.5,5.86602540378444,4.665));
#3738=CARTESIAN_POINT('',(-2.,5.,4.7179564727966));
#3739=CARTESIAN_POINT('Origin',(-2.,2.5,4.5239419637288));
#3740=CARTESIAN_POINT('',(-2.,1.,4.6252559895151));
#3741=CARTESIAN_POINT('Origin',(-4.665,1.,1.5));
#3742=CARTESIAN_POINT('',(-4.665,1.,1.5));
#3743=CARTESIAN_POINT('',(-4.665,1.,0.750000000000005));
#3744=CARTESIAN_POINT('',(-4.665,1.,1.5));
#3745=CARTESIAN_POINT('Origin',(-1.50000000000001,1.,1.50000000000001));
#3746=CARTESIAN_POINT('Origin',(-1.50000000000001,1.,1.50000000000001));
#3747=CARTESIAN_POINT('Origin',(4.665,1.,-1.5));
#3748=CARTESIAN_POINT('',(4.665,1.,-1.5));
#3749=CARTESIAN_POINT('',(4.665,1.,-0.749999999999994));
#3750=CARTESIAN_POINT('',(4.665,1.,-1.5));
#3751=CARTESIAN_POINT('Origin',(1.5,1.,-1.5));
#3752=CARTESIAN_POINT('Origin',(1.5,1.,-1.5));
#3753=CARTESIAN_POINT('Origin',(-3.75,1.,-0.75));
#3754=CARTESIAN_POINT('',(-3.75,1.,-0.75));
#3755=CARTESIAN_POINT('',(-3.75,1.,0.75));
#3756=CARTESIAN_POINT('',(-3.75,1.,-0.75));
#3757=CARTESIAN_POINT('',(-3.75,0.2,0.75));
#3758=CARTESIAN_POINT('',(-3.75,1.,0.75));
#3759=CARTESIAN_POINT('',(-3.75,0.2,-0.75));
#3760=CARTESIAN_POINT('',(-3.75,0.2,-0.75));
#3761=CARTESIAN_POINT('',(-3.75,1.,-0.75));
#3762=CARTESIAN_POINT('Origin',(-0.75,1.,-0.75));
#3763=CARTESIAN_POINT('',(-0.75,1.,-3.75));
#3764=CARTESIAN_POINT('Origin',(-0.75,1.,-0.75));
#3765=CARTESIAN_POINT('',(-0.75,0.2,-3.74999999999999));
#3766=CARTESIAN_POINT('Origin',(-0.75,0.2,-0.75));
#3767=CARTESIAN_POINT('',(-0.75,1.,-3.75));
#3768=CARTESIAN_POINT('Origin',(0.749999999999999,1.,-3.75));
#3769=CARTESIAN_POINT('',(0.749999999999999,1.,-3.75));
#3770=CARTESIAN_POINT('',(0.749999999999999,1.,-3.75));
#3771=CARTESIAN_POINT('',(0.75,0.2,-3.75));
#3772=CARTESIAN_POINT('',(0.749999999999999,0.2,-3.75));
#3773=CARTESIAN_POINT('',(0.749999999999999,1.,-3.75));
#3774=CARTESIAN_POINT('Origin',(0.75,1.,-0.75));
#3775=CARTESIAN_POINT('',(3.75,1.,-0.75));
#3776=CARTESIAN_POINT('Origin',(0.75,1.,-0.75));
#3777=CARTESIAN_POINT('',(3.75,0.2,-0.75));
#3778=CARTESIAN_POINT('Origin',(0.75,0.2,-0.75));
#3779=CARTESIAN_POINT('',(3.75,1.,-0.75));
#3780=CARTESIAN_POINT('Origin',(3.75,1.,0.749999999999999));
#3781=CARTESIAN_POINT('',(3.75,1.,0.749999999999999));
#3782=CARTESIAN_POINT('',(3.75,1.,0.749999999999999));
#3783=CARTESIAN_POINT('',(3.75,0.2,0.749999999999999));
#3784=CARTESIAN_POINT('',(3.75,0.2,0.749999999999999));
#3785=CARTESIAN_POINT('',(3.75,1.,0.749999999999999));
#3786=CARTESIAN_POINT('Origin',(0.75,1.,0.75));
#3787=CARTESIAN_POINT('',(0.75,1.,3.75));
#3788=CARTESIAN_POINT('Origin',(0.75,1.,0.75));
#3789=CARTESIAN_POINT('',(0.75,0.2,3.75));
#3790=CARTESIAN_POINT('Origin',(0.75,0.2,0.75));
#3791=CARTESIAN_POINT('',(0.75,1.,3.75));
#3792=CARTESIAN_POINT('Origin',(-0.749999999999999,1.,3.75));
#3793=CARTESIAN_POINT('',(-0.749999999999999,1.,3.75));
#3794=CARTESIAN_POINT('',(-0.749999999999999,1.,3.75));
#3795=CARTESIAN_POINT('',(-0.75,0.2,3.75));
#3796=CARTESIAN_POINT('',(-0.749999999999999,0.2,3.75));
#3797=CARTESIAN_POINT('',(-0.749999999999999,1.,3.75));
#3798=CARTESIAN_POINT('Origin',(-0.75,1.,0.75));
#3799=CARTESIAN_POINT('Origin',(-0.75,1.,0.75));
#3800=CARTESIAN_POINT('Origin',(-0.75,0.2,0.75));
#3801=CARTESIAN_POINT('Origin',(-1.11022302462516E-15,0.2,-5.55111512312578E-16));
#3802=CARTESIAN_POINT('',(4.565,0.2,-1.5));
#3803=CARTESIAN_POINT('',(1.5,0.2,-4.565));
#3804=CARTESIAN_POINT('Origin',(1.5,0.2,-1.5));
#3805=CARTESIAN_POINT('',(4.565,0.2,1.5));
#3806=CARTESIAN_POINT('',(4.565,0.2,0.75));
#3807=CARTESIAN_POINT('',(1.5,0.2,4.565));
#3808=CARTESIAN_POINT('Origin',(1.5,0.2,1.5));
#3809=CARTESIAN_POINT('',(-1.5,0.2,4.565));
#3810=CARTESIAN_POINT('',(-0.750000000000002,0.2,4.565));
#3811=CARTESIAN_POINT('',(-4.565,0.2,1.5));
#3812=CARTESIAN_POINT('Origin',(-1.50000000000001,0.2,1.50000000000001));
#3813=CARTESIAN_POINT('',(-4.565,0.2,-1.5));
#3814=CARTESIAN_POINT('',(-4.565,0.2,-0.749999999999999));
#3815=CARTESIAN_POINT('',(-1.5,0.2,-4.565));
#3816=CARTESIAN_POINT('Origin',(-1.5,0.2,-1.5));
#3817=CARTESIAN_POINT('',(0.75,0.2,-4.565));
#3818=CARTESIAN_POINT('Origin',(-1.50000000000001,1.,1.50000000000001));
#3819=CARTESIAN_POINT('',(-1.5,0.,4.565));
#3820=CARTESIAN_POINT('',(-1.5,1.,4.565));
#3821=CARTESIAN_POINT('',(-4.565,0.,1.5));
#3822=CARTESIAN_POINT('Origin',(-1.50000000000001,0.,1.50000000000001));
#3823=CARTESIAN_POINT('',(-4.565,1.,1.5));
#3824=CARTESIAN_POINT('Origin',(-1.5,1.,4.565));
#3825=CARTESIAN_POINT('',(1.5,0.,4.565));
#3826=CARTESIAN_POINT('',(1.5,1.,4.565));
#3827=CARTESIAN_POINT('',(1.5,0.,4.565));
#3828=CARTESIAN_POINT('Origin',(1.5,1.,1.5));
#3829=CARTESIAN_POINT('',(4.565,0.,1.5));
#3830=CARTESIAN_POINT('',(4.565,1.,1.5));
#3831=CARTESIAN_POINT('Origin',(1.5,0.,1.5));
#3832=CARTESIAN_POINT('Origin',(4.565,1.,1.5));
#3833=CARTESIAN_POINT('',(4.565,0.,-1.5));
#3834=CARTESIAN_POINT('',(4.565,1.,-1.5));
#3835=CARTESIAN_POINT('',(4.565,0.,-1.5));
#3836=CARTESIAN_POINT('Origin',(-4.565,1.,-1.5));
#3837=CARTESIAN_POINT('',(-4.565,0.,-1.5));
#3838=CARTESIAN_POINT('',(-4.565,0.,1.5));
#3839=CARTESIAN_POINT('',(-4.565,1.,-1.5));
#3840=CARTESIAN_POINT('Origin',(-1.5,1.,-1.5));
#3841=CARTESIAN_POINT('',(-1.5,0.,-4.565));
#3842=CARTESIAN_POINT('Origin',(-1.5,0.,-1.5));
#3843=CARTESIAN_POINT('',(-1.5,1.,-4.565));
#3844=CARTESIAN_POINT('Origin',(1.5,1.,-4.565));
#3845=CARTESIAN_POINT('',(1.5,0.,-4.565));
#3846=CARTESIAN_POINT('',(-1.5,0.,-4.565));
#3847=CARTESIAN_POINT('',(1.5,1.,-4.565));
#3848=CARTESIAN_POINT('Origin',(1.5,1.,-1.5));
#3849=CARTESIAN_POINT('Origin',(1.5,0.,-1.5));
#3850=CARTESIAN_POINT('Origin',(-1.49999999999999,1.,-1.49999999999999));
#3851=CARTESIAN_POINT('Origin',(-1.49999999999999,0.,-1.49999999999999));
#3852=CARTESIAN_POINT('Origin',(6.66133814775094E-15,0.,9.99200722162641E-15));
#3853=CARTESIAN_POINT('Origin',(6.66133814775094E-15,1.,9.99200722162641E-15));
#3854=CARTESIAN_POINT('',(0.,0.,0.));
#3855=CARTESIAN_POINT('',(0.,0.,0.));
#3856=UNCERTAINTY_MEASURE_WITH_UNIT(LENGTH_MEASURE(0.01),#3864,
'DISTANCE_ACCURACY_VALUE',
'Maximum model space distance between geometric entities at asserted c
onnectivities');
#3857=UNCERTAINTY_MEASURE_WITH_UNIT(LENGTH_MEASURE(0.01),#3864,
'DISTANCE_ACCURACY_VALUE',
'Maximum model space distance between geometric entities at asserted c
onnectivities');
#3858=UNCERTAINTY_MEASURE_WITH_UNIT(LENGTH_MEASURE(0.01),#3864,
'DISTANCE_ACCURACY_VALUE',
'Maximum model space distance between geometric entities at asserted c
onnectivities');
#3859=UNCERTAINTY_MEASURE_WITH_UNIT(LENGTH_MEASURE(0.01),#3864,
'DISTANCE_ACCURACY_VALUE',
'Maximum model space distance between geometric entities at asserted c
onnectivities');
#3860=(
GEOMETRIC_REPRESENTATION_CONTEXT(3)
GLOBAL_UNCERTAINTY_ASSIGNED_CONTEXT((#3856))
GLOBAL_UNIT_ASSIGNED_CONTEXT((#3864,#3866,#3867))
REPRESENTATION_CONTEXT('','3D')
);
#3861=(
GEOMETRIC_REPRESENTATION_CONTEXT(3)
GLOBAL_UNCERTAINTY_ASSIGNED_CONTEXT((#3857))
GLOBAL_UNIT_ASSIGNED_CONTEXT((#3864,#3866,#3867))
REPRESENTATION_CONTEXT('','3D')
);
#3862=(
GEOMETRIC_REPRESENTATION_CONTEXT(3)
GLOBAL_UNCERTAINTY_ASSIGNED_CONTEXT((#3858))
GLOBAL_UNIT_ASSIGNED_CONTEXT((#3864,#3866,#3867))
REPRESENTATION_CONTEXT('','3D')
);
#3863=(
GEOMETRIC_REPRESENTATION_CONTEXT(3)
GLOBAL_UNCERTAINTY_ASSIGNED_CONTEXT((#3859))
GLOBAL_UNIT_ASSIGNED_CONTEXT((#3864,#3866,#3867))
REPRESENTATION_CONTEXT('','3D')
);
#3864=(
LENGTH_UNIT()
NAMED_UNIT(*)
SI_UNIT(.MILLI.,.METRE.)
);
#3865=(
LENGTH_UNIT()
NAMED_UNIT(*)
SI_UNIT($,.METRE.)
);
#3866=(
NAMED_UNIT(*)
PLANE_ANGLE_UNIT()
SI_UNIT($,.RADIAN.)
);
#3867=(
NAMED_UNIT(*)
SI_UNIT($,.STERADIAN.)
SOLID_ANGLE_UNIT()
);
#3868=SHAPE_DEFINITION_REPRESENTATION(#3871,#3876);
#3869=SHAPE_DEFINITION_REPRESENTATION(#3872,#3877);
#3870=SHAPE_DEFINITION_REPRESENTATION(#3873,#3878);
#3871=PRODUCT_DEFINITION_SHAPE('',$,#3880);
#3872=PRODUCT_DEFINITION_SHAPE('',$,#3881);
#3873=PRODUCT_DEFINITION_SHAPE('',$,#3882);
#3874=PRODUCT_DEFINITION_SHAPE($,$,#17);
#3875=PRODUCT_DEFINITION_SHAPE($,$,#18);
#3876=SHAPE_REPRESENTATION('',(#2183,#2396),#3860);
#3877=SHAPE_REPRESENTATION('',(#2184,#2395),#3861);
#3878=SHAPE_REPRESENTATION('',(#2185),#3862);
#3879=PRODUCT_DEFINITION_CONTEXT('part definition',#3890,'design');
#3880=PRODUCT_DEFINITION('0.2mm_wider_opening_Protolabs_version',
'0.2mm_wider_opening_Protolabs_version',#3883,#3879);
#3881=PRODUCT_DEFINITION('baseplate_0_2mm','baseplate_0_2mm',#3884,#3879);
#3882=PRODUCT_DEFINITION('dust_cap','dust_cap',#3885,#3879);
#3883=PRODUCT_DEFINITION_FORMATION('',$,#3892);
#3884=PRODUCT_DEFINITION_FORMATION('',$,#3893);
#3885=PRODUCT_DEFINITION_FORMATION('',$,#3894);
#3886=PRODUCT_RELATED_PRODUCT_CATEGORY(
'0.2mm_wider_opening_Protolabs_version',
'0.2mm_wider_opening_Protolabs_version',(#3892));
#3887=PRODUCT_RELATED_PRODUCT_CATEGORY('baseplate_0_2mm',
'baseplate_0_2mm',(#3893));
#3888=PRODUCT_RELATED_PRODUCT_CATEGORY('dust_cap','dust_cap',(#3894));
#3889=APPLICATION_PROTOCOL_DEFINITION('international standard',
'automotive_design',2009,#3890);
#3890=APPLICATION_CONTEXT(
'Core Data for Automotive Mechanical Design Process');
#3891=PRODUCT_CONTEXT('part definition',#3890,'mechanical');
#3892=PRODUCT('0.2mm_wider_opening_Protolabs_version',
'0.2mm_wider_opening_Protolabs_version',$,(#3891));
#3893=PRODUCT('baseplate_0_2mm','baseplate_0_2mm',$,(#3891));
#3894=PRODUCT('dust_cap','dust_cap',$,(#3891));
#3895=PRESENTATION_STYLE_ASSIGNMENT((#3898));
#3896=PRESENTATION_STYLE_ASSIGNMENT((#3899));
#3897=PRESENTATION_STYLE_ASSIGNMENT((#3900));
#3898=SURFACE_STYLE_USAGE(.BOTH.,#3901);
#3899=SURFACE_STYLE_USAGE(.BOTH.,#3902);
#3900=SURFACE_STYLE_USAGE(.BOTH.,#3903);
#3901=SURFACE_SIDE_STYLE('',(#3904));
#3902=SURFACE_SIDE_STYLE('',(#3905));
#3903=SURFACE_SIDE_STYLE('',(#3906));
#3904=SURFACE_STYLE_FILL_AREA(#3907);
#3905=SURFACE_STYLE_FILL_AREA(#3908);
#3906=SURFACE_STYLE_FILL_AREA(#3909);
#3907=FILL_AREA_STYLE('Acetal Resin (White)',(#3910));
#3908=FILL_AREA_STYLE('Aluminum - Polished',(#3911));
#3909=FILL_AREA_STYLE('Plastic - Matte (Black)',(#3912));
#3910=FILL_AREA_STYLE_COLOUR('Acetal Resin (White)',#3913);
#3911=FILL_AREA_STYLE_COLOUR('Aluminum - Polished',#3914);
#3912=FILL_AREA_STYLE_COLOUR('Plastic - Matte (Black)',#3915);
#3913=COLOUR_RGB('Acetal Resin (White)',0.431372549019608,0.427450980392157,
0.419607843137255);
#3914=COLOUR_RGB('Aluminum - Polished',0.96078431372549,0.96078431372549,
0.964705882352941);
#3915=COLOUR_RGB('Plastic - Matte (Black)',0.0980392156862745,0.0980392156862745,
0.0980392156862745);
ENDSEC;
END-ISO-10303-21;
