ISO-10303-21;
HEADER;
FILE_DESCRIPTION(('KiCad electronic assembly'),'2;1');
FILE_NAME('rect_24-5_16.step','2025-06-16T21:27:26',('Pcbnew'),('Kicad')
  ,'Open CASCADE STEP processor 7.8','KiCad to STEP converter','Unknown'
  );
FILE_SCHEMA(('AUTOMOTIVE_DESIGN { 1 0 10303 214 1 1 1 1 }'));
ENDSEC;
DATA;
#1 = APPLICATION_PROTOCOL_DEFINITION('international standard',
  'automotive_design',2000,#2);
#2 = APPLICATION_CONTEXT(
  'core data for automotive mechanical design processes');
#3 = SHAPE_DEFINITION_REPRESENTATION(#4,#10);
#4 = PRODUCT_DEFINITION_SHAPE('','',#5);
#5 = PRODUCT_DEFINITION('design','',#6,#9);
#6 = PRODUCT_DEFINITION_FORMATION('','',#7);
#7 = PRODUCT('rect_24-5_16 1','rect_24-5_16 1','',(#8));
#8 = PRODUCT_CONTEXT('',#2,'mechanical');
#9 = PRODUCT_DEFINITION_CONTEXT('part definition',#2,'design');
#10 = SHAPE_REPRESENTATION('',(#11,#15,#19,#23,#27,#31,#35,#39,#43),#47
  );
#11 = AXIS2_PLACEMENT_3D('',#12,#13,#14);
#12 = CARTESIAN_POINT('',(0.,0.,0.));
#13 = DIRECTION('',(0.,0.,1.));
#14 = DIRECTION('',(1.,0.,-0.));
#15 = AXIS2_PLACEMENT_3D('',#16,#17,#18);
#16 = CARTESIAN_POINT('',(155.95,-100.82075,0.795));
#17 = DIRECTION('',(0.,-0.,1.));
#18 = DIRECTION('',(1.110223024625E-16,1.,0.));
#19 = AXIS2_PLACEMENT_3D('',#20,#21,#22);
#20 = CARTESIAN_POINT('',(155.95,-98.94575,0.795));
#21 = DIRECTION('',(0.,-0.,1.));
#22 = DIRECTION('',(1.110223024625E-16,1.,0.));
#23 = AXIS2_PLACEMENT_3D('',#24,#25,#26);
#24 = CARTESIAN_POINT('',(155.95,-98.94575,-8.5E-02));
#25 = DIRECTION('',(1.224646799147E-16,-1.359631073447E-32,-1.));
#26 = DIRECTION('',(1.110223024625E-16,1.,0.));
#27 = AXIS2_PLACEMENT_3D('',#28,#29,#30);
#28 = CARTESIAN_POINT('',(155.95,-100.82075,-8.5E-02));
#29 = DIRECTION('',(1.224646799147E-16,-1.359631073447E-32,-1.));
#30 = DIRECTION('',(1.110223024625E-16,1.,0.));
#31 = AXIS2_PLACEMENT_3D('',#32,#33,#34);
#32 = CARTESIAN_POINT('',(0.,0.,0.));
#33 = DIRECTION('',(0.,0.,1.));
#34 = DIRECTION('',(1.,0.,-0.));
#35 = AXIS2_PLACEMENT_3D('',#36,#37,#38);
#36 = CARTESIAN_POINT('',(0.,0.,0.));
#37 = DIRECTION('',(0.,0.,1.));
#38 = DIRECTION('',(1.,0.,-0.));
#39 = AXIS2_PLACEMENT_3D('',#40,#41,#42);
#40 = CARTESIAN_POINT('',(0.,0.,0.));
#41 = DIRECTION('',(0.,0.,1.));
#42 = DIRECTION('',(1.,0.,-0.));
#43 = AXIS2_PLACEMENT_3D('',#44,#45,#46);
#44 = CARTESIAN_POINT('',(0.,0.,0.));
#45 = DIRECTION('',(0.,0.,1.));
#46 = DIRECTION('',(1.,0.,-0.));
#47 = ( GEOMETRIC_REPRESENTATION_CONTEXT(3) 
GLOBAL_UNCERTAINTY_ASSIGNED_CONTEXT((#51)) GLOBAL_UNIT_ASSIGNED_CONTEXT(
(#48,#49,#50)) REPRESENTATION_CONTEXT('Context #1',
  '3D Context with UNIT and UNCERTAINTY') );
#48 = ( LENGTH_UNIT() NAMED_UNIT(*) SI_UNIT(.MILLI.,.METRE.) );
#49 = ( NAMED_UNIT(*) PLANE_ANGLE_UNIT() SI_UNIT($,.RADIAN.) );
#50 = ( NAMED_UNIT(*) SI_UNIT($,.STERADIAN.) SOLID_ANGLE_UNIT() );
#51 = UNCERTAINTY_MEASURE_WITH_UNIT(LENGTH_MEASURE(1.E-07),#48,
  'distance_accuracy_value','confusion accuracy');
#52 = PRODUCT_RELATED_PRODUCT_CATEGORY('part',$,(#7));
#53 = SHAPE_DEFINITION_REPRESENTATION(#54,#60);
#54 = PRODUCT_DEFINITION_SHAPE('','',#55);
#55 = PRODUCT_DEFINITION('design','',#56,#59);
#56 = PRODUCT_DEFINITION_FORMATION('','',#57);
#57 = PRODUCT('C_0402_1005Metric','C_0402_1005Metric','',(#58));
#58 = PRODUCT_CONTEXT('',#2,'mechanical');
#59 = PRODUCT_DEFINITION_CONTEXT('part definition',#2,'design');
#60 = ADVANCED_BREP_SHAPE_REPRESENTATION('',(#11,#61),#915);
#61 = MANIFOLD_SOLID_BREP('',#62);
#62 = CLOSED_SHELL('',(#63,#139,#170,#195,#220,#244,#268,#293,#318,#335,
    #421,#453,#477,#502,#526,#551,#575,#600,#617,#703,#734,#759,#784,
    #808,#832,#857,#882,#899));
#63 = ADVANCED_FACE('',(#64),#134,.F.);
#64 = FACE_BOUND('',#65,.F.);
#65 = EDGE_LOOP('',(#66,#76,#85,#93,#102,#110,#119,#127));
#66 = ORIENTED_EDGE('',*,*,#67,.F.);
#67 = EDGE_CURVE('',#68,#70,#72,.T.);
#68 = VERTEX_POINT('',#69);
#69 = CARTESIAN_POINT('',(-0.5,-0.25,2.E-02));
#70 = VERTEX_POINT('',#71);
#71 = CARTESIAN_POINT('',(-0.5,-0.25,0.48));
#72 = LINE('',#73,#74);
#73 = CARTESIAN_POINT('',(-0.5,-0.25,0.));
#74 = VECTOR('',#75,1.);
#75 = DIRECTION('',(0.,0.,1.));
#76 = ORIENTED_EDGE('',*,*,#77,.T.);
#77 = EDGE_CURVE('',#68,#78,#80,.T.);
#78 = VERTEX_POINT('',#79);
#79 = CARTESIAN_POINT('',(-0.5,-0.23,0.));
#80 = CIRCLE('',#81,2.E-02);
#81 = AXIS2_PLACEMENT_3D('',#82,#83,#84);
#82 = CARTESIAN_POINT('',(-0.5,-0.23,2.E-02));
#83 = DIRECTION('',(1.,0.,-0.));
#84 = DIRECTION('',(0.,0.,1.));
#85 = ORIENTED_EDGE('',*,*,#86,.T.);
#86 = EDGE_CURVE('',#78,#87,#89,.T.);
#87 = VERTEX_POINT('',#88);
#88 = CARTESIAN_POINT('',(-0.5,0.23,0.));
#89 = LINE('',#90,#91);
#90 = CARTESIAN_POINT('',(-0.5,-0.25,0.));
#91 = VECTOR('',#92,1.);
#92 = DIRECTION('',(0.,1.,0.));
#93 = ORIENTED_EDGE('',*,*,#94,.F.);
#94 = EDGE_CURVE('',#95,#87,#97,.T.);
#95 = VERTEX_POINT('',#96);
#96 = CARTESIAN_POINT('',(-0.5,0.25,2.E-02));
#97 = CIRCLE('',#98,2.E-02);
#98 = AXIS2_PLACEMENT_3D('',#99,#100,#101);
#99 = CARTESIAN_POINT('',(-0.5,0.23,2.E-02));
#100 = DIRECTION('',(-1.,0.,0.));
#101 = DIRECTION('',(0.,0.,1.));
#102 = ORIENTED_EDGE('',*,*,#103,.T.);
#103 = EDGE_CURVE('',#95,#104,#106,.T.);
#104 = VERTEX_POINT('',#105);
#105 = CARTESIAN_POINT('',(-0.5,0.25,0.48));
#106 = LINE('',#107,#108);
#107 = CARTESIAN_POINT('',(-0.5,0.25,0.));
#108 = VECTOR('',#109,1.);
#109 = DIRECTION('',(0.,0.,1.));
#110 = ORIENTED_EDGE('',*,*,#111,.T.);
#111 = EDGE_CURVE('',#104,#112,#114,.T.);
#112 = VERTEX_POINT('',#113);
#113 = CARTESIAN_POINT('',(-0.5,0.23,0.5));
#114 = CIRCLE('',#115,2.E-02);
#115 = AXIS2_PLACEMENT_3D('',#116,#117,#118);
#116 = CARTESIAN_POINT('',(-0.5,0.23,0.48));
#117 = DIRECTION('',(1.,0.,-0.));
#118 = DIRECTION('',(0.,0.,1.));
#119 = ORIENTED_EDGE('',*,*,#120,.F.);
#120 = EDGE_CURVE('',#121,#112,#123,.T.);
#121 = VERTEX_POINT('',#122);
#122 = CARTESIAN_POINT('',(-0.5,-0.23,0.5));
#123 = LINE('',#124,#125);
#124 = CARTESIAN_POINT('',(-0.5,-0.25,0.5));
#125 = VECTOR('',#126,1.);
#126 = DIRECTION('',(0.,1.,0.));
#127 = ORIENTED_EDGE('',*,*,#128,.F.);
#128 = EDGE_CURVE('',#70,#121,#129,.T.);
#129 = CIRCLE('',#130,2.E-02);
#130 = AXIS2_PLACEMENT_3D('',#131,#132,#133);
#131 = CARTESIAN_POINT('',(-0.5,-0.23,0.48));
#132 = DIRECTION('',(-1.,0.,0.));
#133 = DIRECTION('',(0.,0.,1.));
#134 = PLANE('',#135);
#135 = AXIS2_PLACEMENT_3D('',#136,#137,#138);
#136 = CARTESIAN_POINT('',(-0.5,-0.25,0.));
#137 = DIRECTION('',(1.,0.,0.));
#138 = DIRECTION('',(0.,0.,1.));
#139 = ADVANCED_FACE('',(#140),#165,.F.);
#140 = FACE_BOUND('',#141,.F.);
#141 = EDGE_LOOP('',(#142,#152,#158,#159));
#142 = ORIENTED_EDGE('',*,*,#143,.F.);
#143 = EDGE_CURVE('',#144,#146,#148,.T.);
#144 = VERTEX_POINT('',#145);
#145 = CARTESIAN_POINT('',(-0.3,-0.25,2.E-02));
#146 = VERTEX_POINT('',#147);
#147 = CARTESIAN_POINT('',(-0.3,-0.25,0.48));
#148 = LINE('',#149,#150);
#149 = CARTESIAN_POINT('',(-0.3,-0.25,0.));
#150 = VECTOR('',#151,1.);
#151 = DIRECTION('',(0.,0.,1.));
#152 = ORIENTED_EDGE('',*,*,#153,.F.);
#153 = EDGE_CURVE('',#68,#144,#154,.T.);
#154 = LINE('',#155,#156);
#155 = CARTESIAN_POINT('',(-0.5,-0.25,2.E-02));
#156 = VECTOR('',#157,1.);
#157 = DIRECTION('',(1.,0.,0.));
#158 = ORIENTED_EDGE('',*,*,#67,.T.);
#159 = ORIENTED_EDGE('',*,*,#160,.T.);
#160 = EDGE_CURVE('',#70,#146,#161,.T.);
#161 = LINE('',#162,#163);
#162 = CARTESIAN_POINT('',(-0.5,-0.25,0.48));
#163 = VECTOR('',#164,1.);
#164 = DIRECTION('',(1.,0.,0.));
#165 = PLANE('',#166);
#166 = AXIS2_PLACEMENT_3D('',#167,#168,#169);
#167 = CARTESIAN_POINT('',(-0.5,-0.25,0.));
#168 = DIRECTION('',(0.,1.,0.));
#169 = DIRECTION('',(0.,-0.,1.));
#170 = ADVANCED_FACE('',(#171),#190,.T.);
#171 = FACE_BOUND('',#172,.T.);
#172 = EDGE_LOOP('',(#173,#174,#182,#189));
#173 = ORIENTED_EDGE('',*,*,#77,.T.);
#174 = ORIENTED_EDGE('',*,*,#175,.T.);
#175 = EDGE_CURVE('',#78,#176,#178,.T.);
#176 = VERTEX_POINT('',#177);
#177 = CARTESIAN_POINT('',(-0.3,-0.23,0.));
#178 = LINE('',#179,#180);
#179 = CARTESIAN_POINT('',(-0.5,-0.23,0.));
#180 = VECTOR('',#181,1.);
#181 = DIRECTION('',(1.,0.,0.));
#182 = ORIENTED_EDGE('',*,*,#183,.F.);
#183 = EDGE_CURVE('',#144,#176,#184,.T.);
#184 = CIRCLE('',#185,2.E-02);
#185 = AXIS2_PLACEMENT_3D('',#186,#187,#188);
#186 = CARTESIAN_POINT('',(-0.3,-0.23,2.E-02));
#187 = DIRECTION('',(1.,0.,-0.));
#188 = DIRECTION('',(0.,0.,1.));
#189 = ORIENTED_EDGE('',*,*,#153,.F.);
#190 = CYLINDRICAL_SURFACE('',#191,2.E-02);
#191 = AXIS2_PLACEMENT_3D('',#192,#193,#194);
#192 = CARTESIAN_POINT('',(-0.5,-0.23,2.E-02));
#193 = DIRECTION('',(1.,0.,0.));
#194 = DIRECTION('',(0.,-1.,0.));
#195 = ADVANCED_FACE('',(#196),#215,.T.);
#196 = FACE_BOUND('',#197,.T.);
#197 = EDGE_LOOP('',(#198,#199,#208,#214));
#198 = ORIENTED_EDGE('',*,*,#160,.T.);
#199 = ORIENTED_EDGE('',*,*,#200,.T.);
#200 = EDGE_CURVE('',#146,#201,#203,.T.);
#201 = VERTEX_POINT('',#202);
#202 = CARTESIAN_POINT('',(-0.3,-0.23,0.5));
#203 = CIRCLE('',#204,2.E-02);
#204 = AXIS2_PLACEMENT_3D('',#205,#206,#207);
#205 = CARTESIAN_POINT('',(-0.3,-0.23,0.48));
#206 = DIRECTION('',(-1.,0.,0.));
#207 = DIRECTION('',(0.,0.,1.));
#208 = ORIENTED_EDGE('',*,*,#209,.F.);
#209 = EDGE_CURVE('',#121,#201,#210,.T.);
#210 = LINE('',#211,#212);
#211 = CARTESIAN_POINT('',(-0.5,-0.23,0.5));
#212 = VECTOR('',#213,1.);
#213 = DIRECTION('',(1.,0.,0.));
#214 = ORIENTED_EDGE('',*,*,#128,.F.);
#215 = CYLINDRICAL_SURFACE('',#216,2.E-02);
#216 = AXIS2_PLACEMENT_3D('',#217,#218,#219);
#217 = CARTESIAN_POINT('',(-0.5,-0.23,0.48));
#218 = DIRECTION('',(1.,0.,0.));
#219 = DIRECTION('',(0.,-1.,0.));
#220 = ADVANCED_FACE('',(#221),#239,.F.);
#221 = FACE_BOUND('',#222,.F.);
#222 = EDGE_LOOP('',(#223,#224,#225,#233));
#223 = ORIENTED_EDGE('',*,*,#86,.F.);
#224 = ORIENTED_EDGE('',*,*,#175,.T.);
#225 = ORIENTED_EDGE('',*,*,#226,.T.);
#226 = EDGE_CURVE('',#176,#227,#229,.T.);
#227 = VERTEX_POINT('',#228);
#228 = CARTESIAN_POINT('',(-0.3,0.23,0.));
#229 = LINE('',#230,#231);
#230 = CARTESIAN_POINT('',(-0.3,-0.25,0.));
#231 = VECTOR('',#232,1.);
#232 = DIRECTION('',(0.,1.,0.));
#233 = ORIENTED_EDGE('',*,*,#234,.F.);
#234 = EDGE_CURVE('',#87,#227,#235,.T.);
#235 = LINE('',#236,#237);
#236 = CARTESIAN_POINT('',(-0.5,0.23,0.));
#237 = VECTOR('',#238,1.);
#238 = DIRECTION('',(1.,0.,0.));
#239 = PLANE('',#240);
#240 = AXIS2_PLACEMENT_3D('',#241,#242,#243);
#241 = CARTESIAN_POINT('',(-0.5,-0.25,0.));
#242 = DIRECTION('',(0.,0.,1.));
#243 = DIRECTION('',(1.,0.,-0.));
#244 = ADVANCED_FACE('',(#245),#263,.T.);
#245 = FACE_BOUND('',#246,.T.);
#246 = EDGE_LOOP('',(#247,#248,#249,#257));
#247 = ORIENTED_EDGE('',*,*,#120,.F.);
#248 = ORIENTED_EDGE('',*,*,#209,.T.);
#249 = ORIENTED_EDGE('',*,*,#250,.T.);
#250 = EDGE_CURVE('',#201,#251,#253,.T.);
#251 = VERTEX_POINT('',#252);
#252 = CARTESIAN_POINT('',(-0.3,0.23,0.5));
#253 = LINE('',#254,#255);
#254 = CARTESIAN_POINT('',(-0.3,-0.25,0.5));
#255 = VECTOR('',#256,1.);
#256 = DIRECTION('',(0.,1.,0.));
#257 = ORIENTED_EDGE('',*,*,#258,.F.);
#258 = EDGE_CURVE('',#112,#251,#259,.T.);
#259 = LINE('',#260,#261);
#260 = CARTESIAN_POINT('',(-0.5,0.23,0.5));
#261 = VECTOR('',#262,1.);
#262 = DIRECTION('',(1.,0.,0.));
#263 = PLANE('',#264);
#264 = AXIS2_PLACEMENT_3D('',#265,#266,#267);
#265 = CARTESIAN_POINT('',(-0.5,-0.25,0.5));
#266 = DIRECTION('',(0.,0.,1.));
#267 = DIRECTION('',(1.,0.,-0.));
#268 = ADVANCED_FACE('',(#269),#288,.T.);
#269 = FACE_BOUND('',#270,.T.);
#270 = EDGE_LOOP('',(#271,#279,#286,#287));
#271 = ORIENTED_EDGE('',*,*,#272,.T.);
#272 = EDGE_CURVE('',#95,#273,#275,.T.);
#273 = VERTEX_POINT('',#274);
#274 = CARTESIAN_POINT('',(-0.3,0.25,2.E-02));
#275 = LINE('',#276,#277);
#276 = CARTESIAN_POINT('',(-0.5,0.25,2.E-02));
#277 = VECTOR('',#278,1.);
#278 = DIRECTION('',(1.,0.,0.));
#279 = ORIENTED_EDGE('',*,*,#280,.T.);
#280 = EDGE_CURVE('',#273,#227,#281,.T.);
#281 = CIRCLE('',#282,2.E-02);
#282 = AXIS2_PLACEMENT_3D('',#283,#284,#285);
#283 = CARTESIAN_POINT('',(-0.3,0.23,2.E-02));
#284 = DIRECTION('',(-1.,0.,0.));
#285 = DIRECTION('',(0.,0.,1.));
#286 = ORIENTED_EDGE('',*,*,#234,.F.);
#287 = ORIENTED_EDGE('',*,*,#94,.F.);
#288 = CYLINDRICAL_SURFACE('',#289,2.E-02);
#289 = AXIS2_PLACEMENT_3D('',#290,#291,#292);
#290 = CARTESIAN_POINT('',(-0.5,0.23,2.E-02));
#291 = DIRECTION('',(1.,0.,0.));
#292 = DIRECTION('',(-0.,1.,0.));
#293 = ADVANCED_FACE('',(#294),#313,.T.);
#294 = FACE_BOUND('',#295,.T.);
#295 = EDGE_LOOP('',(#296,#297,#298,#307));
#296 = ORIENTED_EDGE('',*,*,#111,.T.);
#297 = ORIENTED_EDGE('',*,*,#258,.T.);
#298 = ORIENTED_EDGE('',*,*,#299,.F.);
#299 = EDGE_CURVE('',#300,#251,#302,.T.);
#300 = VERTEX_POINT('',#301);
#301 = CARTESIAN_POINT('',(-0.3,0.25,0.48));
#302 = CIRCLE('',#303,2.E-02);
#303 = AXIS2_PLACEMENT_3D('',#304,#305,#306);
#304 = CARTESIAN_POINT('',(-0.3,0.23,0.48));
#305 = DIRECTION('',(1.,0.,-0.));
#306 = DIRECTION('',(0.,0.,1.));
#307 = ORIENTED_EDGE('',*,*,#308,.F.);
#308 = EDGE_CURVE('',#104,#300,#309,.T.);
#309 = LINE('',#310,#311);
#310 = CARTESIAN_POINT('',(-0.5,0.25,0.48));
#311 = VECTOR('',#312,1.);
#312 = DIRECTION('',(1.,0.,0.));
#313 = CYLINDRICAL_SURFACE('',#314,2.E-02);
#314 = AXIS2_PLACEMENT_3D('',#315,#316,#317);
#315 = CARTESIAN_POINT('',(-0.5,0.23,0.48));
#316 = DIRECTION('',(1.,0.,0.));
#317 = DIRECTION('',(-0.,1.,0.));
#318 = ADVANCED_FACE('',(#319),#330,.T.);
#319 = FACE_BOUND('',#320,.T.);
#320 = EDGE_LOOP('',(#321,#327,#328,#329));
#321 = ORIENTED_EDGE('',*,*,#322,.F.);
#322 = EDGE_CURVE('',#273,#300,#323,.T.);
#323 = LINE('',#324,#325);
#324 = CARTESIAN_POINT('',(-0.3,0.25,0.));
#325 = VECTOR('',#326,1.);
#326 = DIRECTION('',(0.,0.,1.));
#327 = ORIENTED_EDGE('',*,*,#272,.F.);
#328 = ORIENTED_EDGE('',*,*,#103,.T.);
#329 = ORIENTED_EDGE('',*,*,#308,.T.);
#330 = PLANE('',#331);
#331 = AXIS2_PLACEMENT_3D('',#332,#333,#334);
#332 = CARTESIAN_POINT('',(-0.5,0.25,0.));
#333 = DIRECTION('',(0.,1.,0.));
#334 = DIRECTION('',(0.,-0.,1.));
#335 = ADVANCED_FACE('',(#336,#346),#416,.T.);
#336 = FACE_BOUND('',#337,.T.);
#337 = EDGE_LOOP('',(#338,#339,#340,#341,#342,#343,#344,#345));
#338 = ORIENTED_EDGE('',*,*,#143,.F.);
#339 = ORIENTED_EDGE('',*,*,#183,.T.);
#340 = ORIENTED_EDGE('',*,*,#226,.T.);
#341 = ORIENTED_EDGE('',*,*,#280,.F.);
#342 = ORIENTED_EDGE('',*,*,#322,.T.);
#343 = ORIENTED_EDGE('',*,*,#299,.T.);
#344 = ORIENTED_EDGE('',*,*,#250,.F.);
#345 = ORIENTED_EDGE('',*,*,#200,.F.);
#346 = FACE_BOUND('',#347,.T.);
#347 = EDGE_LOOP('',(#348,#359,#367,#376,#384,#393,#401,#410));
#348 = ORIENTED_EDGE('',*,*,#349,.F.);
#349 = EDGE_CURVE('',#350,#352,#354,.T.);
#350 = VERTEX_POINT('',#351);
#351 = CARTESIAN_POINT('',(-0.3,-0.23,4.E-02));
#352 = VERTEX_POINT('',#353);
#353 = CARTESIAN_POINT('',(-0.3,-0.21,2.E-02));
#354 = CIRCLE('',#355,2.E-02);
#355 = AXIS2_PLACEMENT_3D('',#356,#357,#358);
#356 = CARTESIAN_POINT('',(-0.3,-0.21,4.E-02));
#357 = DIRECTION('',(1.,0.,-0.));
#358 = DIRECTION('',(0.,0.,1.));
#359 = ORIENTED_EDGE('',*,*,#360,.T.);
#360 = EDGE_CURVE('',#350,#361,#363,.T.);
#361 = VERTEX_POINT('',#362);
#362 = CARTESIAN_POINT('',(-0.3,-0.23,0.46));
#363 = LINE('',#364,#365);
#364 = CARTESIAN_POINT('',(-0.3,-0.23,2.E-02));
#365 = VECTOR('',#366,1.);
#366 = DIRECTION('',(0.,0.,1.));
#367 = ORIENTED_EDGE('',*,*,#368,.T.);
#368 = EDGE_CURVE('',#361,#369,#371,.T.);
#369 = VERTEX_POINT('',#370);
#370 = CARTESIAN_POINT('',(-0.3,-0.21,0.48));
#371 = CIRCLE('',#372,2.E-02);
#372 = AXIS2_PLACEMENT_3D('',#373,#374,#375);
#373 = CARTESIAN_POINT('',(-0.3,-0.21,0.46));
#374 = DIRECTION('',(-1.,0.,0.));
#375 = DIRECTION('',(0.,0.,1.));
#376 = ORIENTED_EDGE('',*,*,#377,.T.);
#377 = EDGE_CURVE('',#369,#378,#380,.T.);
#378 = VERTEX_POINT('',#379);
#379 = CARTESIAN_POINT('',(-0.3,0.21,0.48));
#380 = LINE('',#381,#382);
#381 = CARTESIAN_POINT('',(-0.3,-0.23,0.48));
#382 = VECTOR('',#383,1.);
#383 = DIRECTION('',(0.,1.,0.));
#384 = ORIENTED_EDGE('',*,*,#385,.F.);
#385 = EDGE_CURVE('',#386,#378,#388,.T.);
#386 = VERTEX_POINT('',#387);
#387 = CARTESIAN_POINT('',(-0.3,0.23,0.46));
#388 = CIRCLE('',#389,2.E-02);
#389 = AXIS2_PLACEMENT_3D('',#390,#391,#392);
#390 = CARTESIAN_POINT('',(-0.3,0.21,0.46));
#391 = DIRECTION('',(1.,0.,-0.));
#392 = DIRECTION('',(0.,0.,1.));
#393 = ORIENTED_EDGE('',*,*,#394,.F.);
#394 = EDGE_CURVE('',#395,#386,#397,.T.);
#395 = VERTEX_POINT('',#396);
#396 = CARTESIAN_POINT('',(-0.3,0.23,4.E-02));
#397 = LINE('',#398,#399);
#398 = CARTESIAN_POINT('',(-0.3,0.23,2.E-02));
#399 = VECTOR('',#400,1.);
#400 = DIRECTION('',(0.,0.,1.));
#401 = ORIENTED_EDGE('',*,*,#402,.T.);
#402 = EDGE_CURVE('',#395,#403,#405,.T.);
#403 = VERTEX_POINT('',#404);
#404 = CARTESIAN_POINT('',(-0.3,0.21,2.E-02));
#405 = CIRCLE('',#406,2.E-02);
#406 = AXIS2_PLACEMENT_3D('',#407,#408,#409);
#407 = CARTESIAN_POINT('',(-0.3,0.21,4.E-02));
#408 = DIRECTION('',(-1.,0.,0.));
#409 = DIRECTION('',(0.,0.,1.));
#410 = ORIENTED_EDGE('',*,*,#411,.F.);
#411 = EDGE_CURVE('',#352,#403,#412,.T.);
#412 = LINE('',#413,#414);
#413 = CARTESIAN_POINT('',(-0.3,-0.23,2.E-02));
#414 = VECTOR('',#415,1.);
#415 = DIRECTION('',(0.,1.,0.));
#416 = PLANE('',#417);
#417 = AXIS2_PLACEMENT_3D('',#418,#419,#420);
#418 = CARTESIAN_POINT('',(-0.3,-0.25,0.));
#419 = DIRECTION('',(1.,0.,0.));
#420 = DIRECTION('',(0.,0.,1.));
#421 = ADVANCED_FACE('',(#422),#448,.T.);
#422 = FACE_BOUND('',#423,.T.);
#423 = EDGE_LOOP('',(#424,#425,#433,#442));
#424 = ORIENTED_EDGE('',*,*,#349,.T.);
#425 = ORIENTED_EDGE('',*,*,#426,.T.);
#426 = EDGE_CURVE('',#352,#427,#429,.T.);
#427 = VERTEX_POINT('',#428);
#428 = CARTESIAN_POINT('',(0.3,-0.21,2.E-02));
#429 = LINE('',#430,#431);
#430 = CARTESIAN_POINT('',(-0.3,-0.21,2.E-02));
#431 = VECTOR('',#432,1.);
#432 = DIRECTION('',(1.,0.,0.));
#433 = ORIENTED_EDGE('',*,*,#434,.F.);
#434 = EDGE_CURVE('',#435,#427,#437,.T.);
#435 = VERTEX_POINT('',#436);
#436 = CARTESIAN_POINT('',(0.3,-0.23,4.E-02));
#437 = CIRCLE('',#438,2.E-02);
#438 = AXIS2_PLACEMENT_3D('',#439,#440,#441);
#439 = CARTESIAN_POINT('',(0.3,-0.21,4.E-02));
#440 = DIRECTION('',(1.,0.,-0.));
#441 = DIRECTION('',(0.,0.,1.));
#442 = ORIENTED_EDGE('',*,*,#443,.F.);
#443 = EDGE_CURVE('',#350,#435,#444,.T.);
#444 = LINE('',#445,#446);
#445 = CARTESIAN_POINT('',(-0.3,-0.23,4.E-02));
#446 = VECTOR('',#447,1.);
#447 = DIRECTION('',(1.,0.,0.));
#448 = CYLINDRICAL_SURFACE('',#449,2.E-02);
#449 = AXIS2_PLACEMENT_3D('',#450,#451,#452);
#450 = CARTESIAN_POINT('',(-0.3,-0.21,4.E-02));
#451 = DIRECTION('',(1.,0.,0.));
#452 = DIRECTION('',(0.,-1.,0.));
#453 = ADVANCED_FACE('',(#454),#472,.F.);
#454 = FACE_BOUND('',#455,.F.);
#455 = EDGE_LOOP('',(#456,#457,#458,#466));
#456 = ORIENTED_EDGE('',*,*,#411,.F.);
#457 = ORIENTED_EDGE('',*,*,#426,.T.);
#458 = ORIENTED_EDGE('',*,*,#459,.T.);
#459 = EDGE_CURVE('',#427,#460,#462,.T.);
#460 = VERTEX_POINT('',#461);
#461 = CARTESIAN_POINT('',(0.3,0.21,2.E-02));
#462 = LINE('',#463,#464);
#463 = CARTESIAN_POINT('',(0.3,-0.23,2.E-02));
#464 = VECTOR('',#465,1.);
#465 = DIRECTION('',(0.,1.,0.));
#466 = ORIENTED_EDGE('',*,*,#467,.F.);
#467 = EDGE_CURVE('',#403,#460,#468,.T.);
#468 = LINE('',#469,#470);
#469 = CARTESIAN_POINT('',(-0.3,0.21,2.E-02));
#470 = VECTOR('',#471,1.);
#471 = DIRECTION('',(1.,0.,0.));
#472 = PLANE('',#473);
#473 = AXIS2_PLACEMENT_3D('',#474,#475,#476);
#474 = CARTESIAN_POINT('',(-0.3,-0.23,2.E-02));
#475 = DIRECTION('',(0.,0.,1.));
#476 = DIRECTION('',(1.,0.,-0.));
#477 = ADVANCED_FACE('',(#478),#497,.T.);
#478 = FACE_BOUND('',#479,.T.);
#479 = EDGE_LOOP('',(#480,#488,#495,#496));
#480 = ORIENTED_EDGE('',*,*,#481,.T.);
#481 = EDGE_CURVE('',#395,#482,#484,.T.);
#482 = VERTEX_POINT('',#483);
#483 = CARTESIAN_POINT('',(0.3,0.23,4.E-02));
#484 = LINE('',#485,#486);
#485 = CARTESIAN_POINT('',(-0.3,0.23,4.E-02));
#486 = VECTOR('',#487,1.);
#487 = DIRECTION('',(1.,0.,0.));
#488 = ORIENTED_EDGE('',*,*,#489,.T.);
#489 = EDGE_CURVE('',#482,#460,#490,.T.);
#490 = CIRCLE('',#491,2.E-02);
#491 = AXIS2_PLACEMENT_3D('',#492,#493,#494);
#492 = CARTESIAN_POINT('',(0.3,0.21,4.E-02));
#493 = DIRECTION('',(-1.,0.,0.));
#494 = DIRECTION('',(0.,0.,1.));
#495 = ORIENTED_EDGE('',*,*,#467,.F.);
#496 = ORIENTED_EDGE('',*,*,#402,.F.);
#497 = CYLINDRICAL_SURFACE('',#498,2.E-02);
#498 = AXIS2_PLACEMENT_3D('',#499,#500,#501);
#499 = CARTESIAN_POINT('',(-0.3,0.21,4.E-02));
#500 = DIRECTION('',(1.,0.,0.));
#501 = DIRECTION('',(-0.,1.,0.));
#502 = ADVANCED_FACE('',(#503),#521,.T.);
#503 = FACE_BOUND('',#504,.T.);
#504 = EDGE_LOOP('',(#505,#513,#514,#515));
#505 = ORIENTED_EDGE('',*,*,#506,.F.);
#506 = EDGE_CURVE('',#482,#507,#509,.T.);
#507 = VERTEX_POINT('',#508);
#508 = CARTESIAN_POINT('',(0.3,0.23,0.46));
#509 = LINE('',#510,#511);
#510 = CARTESIAN_POINT('',(0.3,0.23,2.E-02));
#511 = VECTOR('',#512,1.);
#512 = DIRECTION('',(0.,0.,1.));
#513 = ORIENTED_EDGE('',*,*,#481,.F.);
#514 = ORIENTED_EDGE('',*,*,#394,.T.);
#515 = ORIENTED_EDGE('',*,*,#516,.T.);
#516 = EDGE_CURVE('',#386,#507,#517,.T.);
#517 = LINE('',#518,#519);
#518 = CARTESIAN_POINT('',(-0.3,0.23,0.46));
#519 = VECTOR('',#520,1.);
#520 = DIRECTION('',(1.,0.,0.));
#521 = PLANE('',#522);
#522 = AXIS2_PLACEMENT_3D('',#523,#524,#525);
#523 = CARTESIAN_POINT('',(-0.3,0.23,2.E-02));
#524 = DIRECTION('',(0.,1.,0.));
#525 = DIRECTION('',(0.,-0.,1.));
#526 = ADVANCED_FACE('',(#527),#546,.T.);
#527 = FACE_BOUND('',#528,.T.);
#528 = EDGE_LOOP('',(#529,#530,#538,#545));
#529 = ORIENTED_EDGE('',*,*,#385,.T.);
#530 = ORIENTED_EDGE('',*,*,#531,.T.);
#531 = EDGE_CURVE('',#378,#532,#534,.T.);
#532 = VERTEX_POINT('',#533);
#533 = CARTESIAN_POINT('',(0.3,0.21,0.48));
#534 = LINE('',#535,#536);
#535 = CARTESIAN_POINT('',(-0.3,0.21,0.48));
#536 = VECTOR('',#537,1.);
#537 = DIRECTION('',(1.,0.,0.));
#538 = ORIENTED_EDGE('',*,*,#539,.F.);
#539 = EDGE_CURVE('',#507,#532,#540,.T.);
#540 = CIRCLE('',#541,2.E-02);
#541 = AXIS2_PLACEMENT_3D('',#542,#543,#544);
#542 = CARTESIAN_POINT('',(0.3,0.21,0.46));
#543 = DIRECTION('',(1.,0.,-0.));
#544 = DIRECTION('',(0.,0.,1.));
#545 = ORIENTED_EDGE('',*,*,#516,.F.);
#546 = CYLINDRICAL_SURFACE('',#547,2.E-02);
#547 = AXIS2_PLACEMENT_3D('',#548,#549,#550);
#548 = CARTESIAN_POINT('',(-0.3,0.21,0.46));
#549 = DIRECTION('',(1.,0.,0.));
#550 = DIRECTION('',(-0.,1.,0.));
#551 = ADVANCED_FACE('',(#552),#570,.T.);
#552 = FACE_BOUND('',#553,.T.);
#553 = EDGE_LOOP('',(#554,#555,#563,#569));
#554 = ORIENTED_EDGE('',*,*,#377,.F.);
#555 = ORIENTED_EDGE('',*,*,#556,.T.);
#556 = EDGE_CURVE('',#369,#557,#559,.T.);
#557 = VERTEX_POINT('',#558);
#558 = CARTESIAN_POINT('',(0.3,-0.21,0.48));
#559 = LINE('',#560,#561);
#560 = CARTESIAN_POINT('',(-0.3,-0.21,0.48));
#561 = VECTOR('',#562,1.);
#562 = DIRECTION('',(1.,0.,0.));
#563 = ORIENTED_EDGE('',*,*,#564,.T.);
#564 = EDGE_CURVE('',#557,#532,#565,.T.);
#565 = LINE('',#566,#567);
#566 = CARTESIAN_POINT('',(0.3,-0.23,0.48));
#567 = VECTOR('',#568,1.);
#568 = DIRECTION('',(0.,1.,0.));
#569 = ORIENTED_EDGE('',*,*,#531,.F.);
#570 = PLANE('',#571);
#571 = AXIS2_PLACEMENT_3D('',#572,#573,#574);
#572 = CARTESIAN_POINT('',(-0.3,-0.23,0.48));
#573 = DIRECTION('',(0.,0.,1.));
#574 = DIRECTION('',(1.,0.,-0.));
#575 = ADVANCED_FACE('',(#576),#595,.T.);
#576 = FACE_BOUND('',#577,.T.);
#577 = EDGE_LOOP('',(#578,#586,#593,#594));
#578 = ORIENTED_EDGE('',*,*,#579,.T.);
#579 = EDGE_CURVE('',#361,#580,#582,.T.);
#580 = VERTEX_POINT('',#581);
#581 = CARTESIAN_POINT('',(0.3,-0.23,0.46));
#582 = LINE('',#583,#584);
#583 = CARTESIAN_POINT('',(-0.3,-0.23,0.46));
#584 = VECTOR('',#585,1.);
#585 = DIRECTION('',(1.,0.,0.));
#586 = ORIENTED_EDGE('',*,*,#587,.T.);
#587 = EDGE_CURVE('',#580,#557,#588,.T.);
#588 = CIRCLE('',#589,2.E-02);
#589 = AXIS2_PLACEMENT_3D('',#590,#591,#592);
#590 = CARTESIAN_POINT('',(0.3,-0.21,0.46));
#591 = DIRECTION('',(-1.,0.,0.));
#592 = DIRECTION('',(0.,0.,1.));
#593 = ORIENTED_EDGE('',*,*,#556,.F.);
#594 = ORIENTED_EDGE('',*,*,#368,.F.);
#595 = CYLINDRICAL_SURFACE('',#596,2.E-02);
#596 = AXIS2_PLACEMENT_3D('',#597,#598,#599);
#597 = CARTESIAN_POINT('',(-0.3,-0.21,0.46));
#598 = DIRECTION('',(1.,0.,0.));
#599 = DIRECTION('',(0.,-1.,0.));
#600 = ADVANCED_FACE('',(#601),#612,.F.);
#601 = FACE_BOUND('',#602,.F.);
#602 = EDGE_LOOP('',(#603,#609,#610,#611));
#603 = ORIENTED_EDGE('',*,*,#604,.F.);
#604 = EDGE_CURVE('',#435,#580,#605,.T.);
#605 = LINE('',#606,#607);
#606 = CARTESIAN_POINT('',(0.3,-0.23,2.E-02));
#607 = VECTOR('',#608,1.);
#608 = DIRECTION('',(0.,0.,1.));
#609 = ORIENTED_EDGE('',*,*,#443,.F.);
#610 = ORIENTED_EDGE('',*,*,#360,.T.);
#611 = ORIENTED_EDGE('',*,*,#579,.T.);
#612 = PLANE('',#613);
#613 = AXIS2_PLACEMENT_3D('',#614,#615,#616);
#614 = CARTESIAN_POINT('',(-0.3,-0.23,2.E-02));
#615 = DIRECTION('',(0.,1.,0.));
#616 = DIRECTION('',(0.,-0.,1.));
#617 = ADVANCED_FACE('',(#618,#688),#698,.F.);
#618 = FACE_BOUND('',#619,.F.);
#619 = EDGE_LOOP('',(#620,#630,#639,#647,#656,#664,#673,#681));
#620 = ORIENTED_EDGE('',*,*,#621,.F.);
#621 = EDGE_CURVE('',#622,#624,#626,.T.);
#622 = VERTEX_POINT('',#623);
#623 = CARTESIAN_POINT('',(0.3,-0.25,2.E-02));
#624 = VERTEX_POINT('',#625);
#625 = CARTESIAN_POINT('',(0.3,-0.25,0.48));
#626 = LINE('',#627,#628);
#627 = CARTESIAN_POINT('',(0.3,-0.25,0.));
#628 = VECTOR('',#629,1.);
#629 = DIRECTION('',(0.,0.,1.));
#630 = ORIENTED_EDGE('',*,*,#631,.T.);
#631 = EDGE_CURVE('',#622,#632,#634,.T.);
#632 = VERTEX_POINT('',#633);
#633 = CARTESIAN_POINT('',(0.3,-0.23,0.));
#634 = CIRCLE('',#635,2.E-02);
#635 = AXIS2_PLACEMENT_3D('',#636,#637,#638);
#636 = CARTESIAN_POINT('',(0.3,-0.23,2.E-02));
#637 = DIRECTION('',(1.,0.,-0.));
#638 = DIRECTION('',(0.,0.,1.));
#639 = ORIENTED_EDGE('',*,*,#640,.T.);
#640 = EDGE_CURVE('',#632,#641,#643,.T.);
#641 = VERTEX_POINT('',#642);
#642 = CARTESIAN_POINT('',(0.3,0.23,0.));
#643 = LINE('',#644,#645);
#644 = CARTESIAN_POINT('',(0.3,-0.25,0.));
#645 = VECTOR('',#646,1.);
#646 = DIRECTION('',(0.,1.,0.));
#647 = ORIENTED_EDGE('',*,*,#648,.F.);
#648 = EDGE_CURVE('',#649,#641,#651,.T.);
#649 = VERTEX_POINT('',#650);
#650 = CARTESIAN_POINT('',(0.3,0.25,2.E-02));
#651 = CIRCLE('',#652,2.E-02);
#652 = AXIS2_PLACEMENT_3D('',#653,#654,#655);
#653 = CARTESIAN_POINT('',(0.3,0.23,2.E-02));
#654 = DIRECTION('',(-1.,0.,0.));
#655 = DIRECTION('',(0.,0.,1.));
#656 = ORIENTED_EDGE('',*,*,#657,.T.);
#657 = EDGE_CURVE('',#649,#658,#660,.T.);
#658 = VERTEX_POINT('',#659);
#659 = CARTESIAN_POINT('',(0.3,0.25,0.48));
#660 = LINE('',#661,#662);
#661 = CARTESIAN_POINT('',(0.3,0.25,0.));
#662 = VECTOR('',#663,1.);
#663 = DIRECTION('',(0.,0.,1.));
#664 = ORIENTED_EDGE('',*,*,#665,.T.);
#665 = EDGE_CURVE('',#658,#666,#668,.T.);
#666 = VERTEX_POINT('',#667);
#667 = CARTESIAN_POINT('',(0.3,0.23,0.5));
#668 = CIRCLE('',#669,2.E-02);
#669 = AXIS2_PLACEMENT_3D('',#670,#671,#672);
#670 = CARTESIAN_POINT('',(0.3,0.23,0.48));
#671 = DIRECTION('',(1.,0.,-0.));
#672 = DIRECTION('',(0.,0.,1.));
#673 = ORIENTED_EDGE('',*,*,#674,.F.);
#674 = EDGE_CURVE('',#675,#666,#677,.T.);
#675 = VERTEX_POINT('',#676);
#676 = CARTESIAN_POINT('',(0.3,-0.23,0.5));
#677 = LINE('',#678,#679);
#678 = CARTESIAN_POINT('',(0.3,-0.25,0.5));
#679 = VECTOR('',#680,1.);
#680 = DIRECTION('',(0.,1.,0.));
#681 = ORIENTED_EDGE('',*,*,#682,.F.);
#682 = EDGE_CURVE('',#624,#675,#683,.T.);
#683 = CIRCLE('',#684,2.E-02);
#684 = AXIS2_PLACEMENT_3D('',#685,#686,#687);
#685 = CARTESIAN_POINT('',(0.3,-0.23,0.48));
#686 = DIRECTION('',(-1.,0.,0.));
#687 = DIRECTION('',(0.,0.,1.));
#688 = FACE_BOUND('',#689,.F.);
#689 = EDGE_LOOP('',(#690,#691,#692,#693,#694,#695,#696,#697));
#690 = ORIENTED_EDGE('',*,*,#434,.F.);
#691 = ORIENTED_EDGE('',*,*,#604,.T.);
#692 = ORIENTED_EDGE('',*,*,#587,.T.);
#693 = ORIENTED_EDGE('',*,*,#564,.T.);
#694 = ORIENTED_EDGE('',*,*,#539,.F.);
#695 = ORIENTED_EDGE('',*,*,#506,.F.);
#696 = ORIENTED_EDGE('',*,*,#489,.T.);
#697 = ORIENTED_EDGE('',*,*,#459,.F.);
#698 = PLANE('',#699);
#699 = AXIS2_PLACEMENT_3D('',#700,#701,#702);
#700 = CARTESIAN_POINT('',(0.3,-0.25,0.));
#701 = DIRECTION('',(1.,0.,0.));
#702 = DIRECTION('',(0.,0.,1.));
#703 = ADVANCED_FACE('',(#704),#729,.F.);
#704 = FACE_BOUND('',#705,.F.);
#705 = EDGE_LOOP('',(#706,#716,#722,#723));
#706 = ORIENTED_EDGE('',*,*,#707,.F.);
#707 = EDGE_CURVE('',#708,#710,#712,.T.);
#708 = VERTEX_POINT('',#709);
#709 = CARTESIAN_POINT('',(0.5,-0.25,2.E-02));
#710 = VERTEX_POINT('',#711);
#711 = CARTESIAN_POINT('',(0.5,-0.25,0.48));
#712 = LINE('',#713,#714);
#713 = CARTESIAN_POINT('',(0.5,-0.25,0.));
#714 = VECTOR('',#715,1.);
#715 = DIRECTION('',(0.,0.,1.));
#716 = ORIENTED_EDGE('',*,*,#717,.F.);
#717 = EDGE_CURVE('',#622,#708,#718,.T.);
#718 = LINE('',#719,#720);
#719 = CARTESIAN_POINT('',(0.3,-0.25,2.E-02));
#720 = VECTOR('',#721,1.);
#721 = DIRECTION('',(1.,0.,0.));
#722 = ORIENTED_EDGE('',*,*,#621,.T.);
#723 = ORIENTED_EDGE('',*,*,#724,.T.);
#724 = EDGE_CURVE('',#624,#710,#725,.T.);
#725 = LINE('',#726,#727);
#726 = CARTESIAN_POINT('',(0.3,-0.25,0.48));
#727 = VECTOR('',#728,1.);
#728 = DIRECTION('',(1.,0.,0.));
#729 = PLANE('',#730);
#730 = AXIS2_PLACEMENT_3D('',#731,#732,#733);
#731 = CARTESIAN_POINT('',(0.3,-0.25,0.));
#732 = DIRECTION('',(0.,1.,0.));
#733 = DIRECTION('',(0.,-0.,1.));
#734 = ADVANCED_FACE('',(#735),#754,.T.);
#735 = FACE_BOUND('',#736,.T.);
#736 = EDGE_LOOP('',(#737,#738,#746,#753));
#737 = ORIENTED_EDGE('',*,*,#631,.T.);
#738 = ORIENTED_EDGE('',*,*,#739,.T.);
#739 = EDGE_CURVE('',#632,#740,#742,.T.);
#740 = VERTEX_POINT('',#741);
#741 = CARTESIAN_POINT('',(0.5,-0.23,0.));
#742 = LINE('',#743,#744);
#743 = CARTESIAN_POINT('',(0.3,-0.23,0.));
#744 = VECTOR('',#745,1.);
#745 = DIRECTION('',(1.,0.,0.));
#746 = ORIENTED_EDGE('',*,*,#747,.F.);
#747 = EDGE_CURVE('',#708,#740,#748,.T.);
#748 = CIRCLE('',#749,2.E-02);
#749 = AXIS2_PLACEMENT_3D('',#750,#751,#752);
#750 = CARTESIAN_POINT('',(0.5,-0.23,2.E-02));
#751 = DIRECTION('',(1.,0.,-0.));
#752 = DIRECTION('',(0.,0.,1.));
#753 = ORIENTED_EDGE('',*,*,#717,.F.);
#754 = CYLINDRICAL_SURFACE('',#755,2.E-02);
#755 = AXIS2_PLACEMENT_3D('',#756,#757,#758);
#756 = CARTESIAN_POINT('',(0.3,-0.23,2.E-02));
#757 = DIRECTION('',(1.,0.,0.));
#758 = DIRECTION('',(0.,-1.,0.));
#759 = ADVANCED_FACE('',(#760),#779,.T.);
#760 = FACE_BOUND('',#761,.T.);
#761 = EDGE_LOOP('',(#762,#763,#772,#778));
#762 = ORIENTED_EDGE('',*,*,#724,.T.);
#763 = ORIENTED_EDGE('',*,*,#764,.T.);
#764 = EDGE_CURVE('',#710,#765,#767,.T.);
#765 = VERTEX_POINT('',#766);
#766 = CARTESIAN_POINT('',(0.5,-0.23,0.5));
#767 = CIRCLE('',#768,2.E-02);
#768 = AXIS2_PLACEMENT_3D('',#769,#770,#771);
#769 = CARTESIAN_POINT('',(0.5,-0.23,0.48));
#770 = DIRECTION('',(-1.,0.,0.));
#771 = DIRECTION('',(0.,0.,1.));
#772 = ORIENTED_EDGE('',*,*,#773,.F.);
#773 = EDGE_CURVE('',#675,#765,#774,.T.);
#774 = LINE('',#775,#776);
#775 = CARTESIAN_POINT('',(0.3,-0.23,0.5));
#776 = VECTOR('',#777,1.);
#777 = DIRECTION('',(1.,0.,0.));
#778 = ORIENTED_EDGE('',*,*,#682,.F.);
#779 = CYLINDRICAL_SURFACE('',#780,2.E-02);
#780 = AXIS2_PLACEMENT_3D('',#781,#782,#783);
#781 = CARTESIAN_POINT('',(0.3,-0.23,0.48));
#782 = DIRECTION('',(1.,0.,0.));
#783 = DIRECTION('',(0.,-1.,0.));
#784 = ADVANCED_FACE('',(#785),#803,.F.);
#785 = FACE_BOUND('',#786,.F.);
#786 = EDGE_LOOP('',(#787,#788,#789,#797));
#787 = ORIENTED_EDGE('',*,*,#640,.F.);
#788 = ORIENTED_EDGE('',*,*,#739,.T.);
#789 = ORIENTED_EDGE('',*,*,#790,.T.);
#790 = EDGE_CURVE('',#740,#791,#793,.T.);
#791 = VERTEX_POINT('',#792);
#792 = CARTESIAN_POINT('',(0.5,0.23,0.));
#793 = LINE('',#794,#795);
#794 = CARTESIAN_POINT('',(0.5,-0.25,0.));
#795 = VECTOR('',#796,1.);
#796 = DIRECTION('',(0.,1.,0.));
#797 = ORIENTED_EDGE('',*,*,#798,.F.);
#798 = EDGE_CURVE('',#641,#791,#799,.T.);
#799 = LINE('',#800,#801);
#800 = CARTESIAN_POINT('',(0.3,0.23,0.));
#801 = VECTOR('',#802,1.);
#802 = DIRECTION('',(1.,0.,0.));
#803 = PLANE('',#804);
#804 = AXIS2_PLACEMENT_3D('',#805,#806,#807);
#805 = CARTESIAN_POINT('',(0.3,-0.25,0.));
#806 = DIRECTION('',(0.,0.,1.));
#807 = DIRECTION('',(1.,0.,-0.));
#808 = ADVANCED_FACE('',(#809),#827,.T.);
#809 = FACE_BOUND('',#810,.T.);
#810 = EDGE_LOOP('',(#811,#812,#813,#821));
#811 = ORIENTED_EDGE('',*,*,#674,.F.);
#812 = ORIENTED_EDGE('',*,*,#773,.T.);
#813 = ORIENTED_EDGE('',*,*,#814,.T.);
#814 = EDGE_CURVE('',#765,#815,#817,.T.);
#815 = VERTEX_POINT('',#816);
#816 = CARTESIAN_POINT('',(0.5,0.23,0.5));
#817 = LINE('',#818,#819);
#818 = CARTESIAN_POINT('',(0.5,-0.25,0.5));
#819 = VECTOR('',#820,1.);
#820 = DIRECTION('',(0.,1.,0.));
#821 = ORIENTED_EDGE('',*,*,#822,.F.);
#822 = EDGE_CURVE('',#666,#815,#823,.T.);
#823 = LINE('',#824,#825);
#824 = CARTESIAN_POINT('',(0.3,0.23,0.5));
#825 = VECTOR('',#826,1.);
#826 = DIRECTION('',(1.,0.,0.));
#827 = PLANE('',#828);
#828 = AXIS2_PLACEMENT_3D('',#829,#830,#831);
#829 = CARTESIAN_POINT('',(0.3,-0.25,0.5));
#830 = DIRECTION('',(0.,0.,1.));
#831 = DIRECTION('',(1.,0.,-0.));
#832 = ADVANCED_FACE('',(#833),#852,.T.);
#833 = FACE_BOUND('',#834,.T.);
#834 = EDGE_LOOP('',(#835,#843,#850,#851));
#835 = ORIENTED_EDGE('',*,*,#836,.T.);
#836 = EDGE_CURVE('',#649,#837,#839,.T.);
#837 = VERTEX_POINT('',#838);
#838 = CARTESIAN_POINT('',(0.5,0.25,2.E-02));
#839 = LINE('',#840,#841);
#840 = CARTESIAN_POINT('',(0.3,0.25,2.E-02));
#841 = VECTOR('',#842,1.);
#842 = DIRECTION('',(1.,0.,0.));
#843 = ORIENTED_EDGE('',*,*,#844,.T.);
#844 = EDGE_CURVE('',#837,#791,#845,.T.);
#845 = CIRCLE('',#846,2.E-02);
#846 = AXIS2_PLACEMENT_3D('',#847,#848,#849);
#847 = CARTESIAN_POINT('',(0.5,0.23,2.E-02));
#848 = DIRECTION('',(-1.,0.,0.));
#849 = DIRECTION('',(0.,0.,1.));
#850 = ORIENTED_EDGE('',*,*,#798,.F.);
#851 = ORIENTED_EDGE('',*,*,#648,.F.);
#852 = CYLINDRICAL_SURFACE('',#853,2.E-02);
#853 = AXIS2_PLACEMENT_3D('',#854,#855,#856);
#854 = CARTESIAN_POINT('',(0.3,0.23,2.E-02));
#855 = DIRECTION('',(1.,0.,0.));
#856 = DIRECTION('',(-0.,1.,0.));
#857 = ADVANCED_FACE('',(#858),#877,.T.);
#858 = FACE_BOUND('',#859,.T.);
#859 = EDGE_LOOP('',(#860,#861,#862,#871));
#860 = ORIENTED_EDGE('',*,*,#665,.T.);
#861 = ORIENTED_EDGE('',*,*,#822,.T.);
#862 = ORIENTED_EDGE('',*,*,#863,.F.);
#863 = EDGE_CURVE('',#864,#815,#866,.T.);
#864 = VERTEX_POINT('',#865);
#865 = CARTESIAN_POINT('',(0.5,0.25,0.48));
#866 = CIRCLE('',#867,2.E-02);
#867 = AXIS2_PLACEMENT_3D('',#868,#869,#870);
#868 = CARTESIAN_POINT('',(0.5,0.23,0.48));
#869 = DIRECTION('',(1.,0.,-0.));
#870 = DIRECTION('',(0.,0.,1.));
#871 = ORIENTED_EDGE('',*,*,#872,.F.);
#872 = EDGE_CURVE('',#658,#864,#873,.T.);
#873 = LINE('',#874,#875);
#874 = CARTESIAN_POINT('',(0.3,0.25,0.48));
#875 = VECTOR('',#876,1.);
#876 = DIRECTION('',(1.,0.,0.));
#877 = CYLINDRICAL_SURFACE('',#878,2.E-02);
#878 = AXIS2_PLACEMENT_3D('',#879,#880,#881);
#879 = CARTESIAN_POINT('',(0.3,0.23,0.48));
#880 = DIRECTION('',(1.,0.,0.));
#881 = DIRECTION('',(-0.,1.,0.));
#882 = ADVANCED_FACE('',(#883),#894,.T.);
#883 = FACE_BOUND('',#884,.T.);
#884 = EDGE_LOOP('',(#885,#891,#892,#893));
#885 = ORIENTED_EDGE('',*,*,#886,.F.);
#886 = EDGE_CURVE('',#837,#864,#887,.T.);
#887 = LINE('',#888,#889);
#888 = CARTESIAN_POINT('',(0.5,0.25,0.));
#889 = VECTOR('',#890,1.);
#890 = DIRECTION('',(0.,0.,1.));
#891 = ORIENTED_EDGE('',*,*,#836,.F.);
#892 = ORIENTED_EDGE('',*,*,#657,.T.);
#893 = ORIENTED_EDGE('',*,*,#872,.T.);
#894 = PLANE('',#895);
#895 = AXIS2_PLACEMENT_3D('',#896,#897,#898);
#896 = CARTESIAN_POINT('',(0.3,0.25,0.));
#897 = DIRECTION('',(0.,1.,0.));
#898 = DIRECTION('',(0.,-0.,1.));
#899 = ADVANCED_FACE('',(#900),#910,.T.);
#900 = FACE_BOUND('',#901,.T.);
#901 = EDGE_LOOP('',(#902,#903,#904,#905,#906,#907,#908,#909));
#902 = ORIENTED_EDGE('',*,*,#707,.F.);
#903 = ORIENTED_EDGE('',*,*,#747,.T.);
#904 = ORIENTED_EDGE('',*,*,#790,.T.);
#905 = ORIENTED_EDGE('',*,*,#844,.F.);
#906 = ORIENTED_EDGE('',*,*,#886,.T.);
#907 = ORIENTED_EDGE('',*,*,#863,.T.);
#908 = ORIENTED_EDGE('',*,*,#814,.F.);
#909 = ORIENTED_EDGE('',*,*,#764,.F.);
#910 = PLANE('',#911);
#911 = AXIS2_PLACEMENT_3D('',#912,#913,#914);
#912 = CARTESIAN_POINT('',(0.5,-0.25,0.));
#913 = DIRECTION('',(1.,0.,0.));
#914 = DIRECTION('',(0.,0.,1.));
#915 = ( GEOMETRIC_REPRESENTATION_CONTEXT(3) 
GLOBAL_UNCERTAINTY_ASSIGNED_CONTEXT((#919)) GLOBAL_UNIT_ASSIGNED_CONTEXT
((#916,#917,#918)) REPRESENTATION_CONTEXT('Context #1',
  '3D Context with UNIT and UNCERTAINTY') );
#916 = ( LENGTH_UNIT() NAMED_UNIT(*) SI_UNIT(.MILLI.,.METRE.) );
#917 = ( NAMED_UNIT(*) PLANE_ANGLE_UNIT() SI_UNIT($,.RADIAN.) );
#918 = ( NAMED_UNIT(*) SI_UNIT($,.STERADIAN.) SOLID_ANGLE_UNIT() );
#919 = UNCERTAINTY_MEASURE_WITH_UNIT(LENGTH_MEASURE(1.E-07),#916,
  'distance_accuracy_value','confusion accuracy');
#920 = CONTEXT_DEPENDENT_SHAPE_REPRESENTATION(#921,#923);
#921 = ( REPRESENTATION_RELATIONSHIP('','',#60,#10) 
REPRESENTATION_RELATIONSHIP_WITH_TRANSFORMATION(#922) 
SHAPE_REPRESENTATION_RELATIONSHIP() );
#922 = ITEM_DEFINED_TRANSFORMATION('','',#11,#15);
#923 = PRODUCT_DEFINITION_SHAPE('Placement','Placement of an item',#924
  );
#924 = NEXT_ASSEMBLY_USAGE_OCCURRENCE('1','C1','',#5,#55,$);
#925 = PRODUCT_RELATED_PRODUCT_CATEGORY('part',$,(#57));
#926 = CONTEXT_DEPENDENT_SHAPE_REPRESENTATION(#927,#929);
#927 = ( REPRESENTATION_RELATIONSHIP('','',#60,#10) 
REPRESENTATION_RELATIONSHIP_WITH_TRANSFORMATION(#928) 
SHAPE_REPRESENTATION_RELATIONSHIP() );
#928 = ITEM_DEFINED_TRANSFORMATION('','',#11,#19);
#929 = PRODUCT_DEFINITION_SHAPE('Placement','Placement of an item',#930
  );
#930 = NEXT_ASSEMBLY_USAGE_OCCURRENCE('2','C2','',#5,#55,$);
#931 = CONTEXT_DEPENDENT_SHAPE_REPRESENTATION(#932,#934);
#932 = ( REPRESENTATION_RELATIONSHIP('','',#60,#10) 
REPRESENTATION_RELATIONSHIP_WITH_TRANSFORMATION(#933) 
SHAPE_REPRESENTATION_RELATIONSHIP() );
#933 = ITEM_DEFINED_TRANSFORMATION('','',#11,#23);
#934 = PRODUCT_DEFINITION_SHAPE('Placement','Placement of an item',#935
  );
#935 = NEXT_ASSEMBLY_USAGE_OCCURRENCE('3','C4','',#5,#55,$);
#936 = CONTEXT_DEPENDENT_SHAPE_REPRESENTATION(#937,#939);
#937 = ( REPRESENTATION_RELATIONSHIP('','',#60,#10) 
REPRESENTATION_RELATIONSHIP_WITH_TRANSFORMATION(#938) 
SHAPE_REPRESENTATION_RELATIONSHIP() );
#938 = ITEM_DEFINED_TRANSFORMATION('','',#11,#27);
#939 = PRODUCT_DEFINITION_SHAPE('Placement','Placement of an item',#940
  );
#940 = NEXT_ASSEMBLY_USAGE_OCCURRENCE('4','C3','',#5,#55,$);
#941 = SHAPE_DEFINITION_REPRESENTATION(#942,#948);
#942 = PRODUCT_DEFINITION_SHAPE('','',#943);
#943 = PRODUCT_DEFINITION('design','',#944,#947);
#944 = PRODUCT_DEFINITION_FORMATION('','',#945);
#945 = PRODUCT('rect_24-5_16_pad','rect_24-5_16_pad','',(#946));
#946 = PRODUCT_CONTEXT('',#2,'mechanical');
#947 = PRODUCT_DEFINITION_CONTEXT('part definition',#2,'design');
#948 = SHAPE_REPRESENTATION('',(#11,#949,#1284,#1574,#1627,#1680,#1970,
    #2260,#2352,#2444,#2536,#2826,#3116,#3169,#3267,#3359,#3451,#3543,
    #3878),#4168);
#949 = MANIFOLD_SOLID_BREP('',#950);
#950 = CLOSED_SHELL('',(#951,#993,#1024,#1055,#1118,#1170,#1187,#1204,
    #1221,#1238,#1250,#1275));
#951 = ADVANCED_FACE('',(#952),#988,.T.);
#952 = FACE_BOUND('',#953,.T.);
#953 = EDGE_LOOP('',(#954,#964,#973,#981));
#954 = ORIENTED_EDGE('',*,*,#955,.T.);
#955 = EDGE_CURVE('',#956,#958,#960,.T.);
#956 = VERTEX_POINT('',#957);
#957 = CARTESIAN_POINT('',(155.64,-101.16075,0.71));
#958 = VERTEX_POINT('',#959);
#959 = CARTESIAN_POINT('',(155.64,-101.16075,0.75));
#960 = LINE('',#961,#962);
#961 = CARTESIAN_POINT('',(155.64,-101.16075,0.71));
#962 = VECTOR('',#963,1.);
#963 = DIRECTION('',(0.,0.,1.));
#964 = ORIENTED_EDGE('',*,*,#965,.T.);
#965 = EDGE_CURVE('',#958,#966,#968,.T.);
#966 = VERTEX_POINT('',#967);
#967 = CARTESIAN_POINT('',(155.78,-101.02075,0.75));
#968 = CIRCLE('',#969,0.139999827125);
#969 = AXIS2_PLACEMENT_3D('',#970,#971,#972);
#970 = CARTESIAN_POINT('',(155.77999982712,-101.1607498271,0.75));
#971 = DIRECTION('',(0.,0.,-1.));
#972 = DIRECTION('',(-0.999999999999,-1.234820146735E-06,-0.));
#973 = ORIENTED_EDGE('',*,*,#974,.F.);
#974 = EDGE_CURVE('',#975,#966,#977,.T.);
#975 = VERTEX_POINT('',#976);
#976 = CARTESIAN_POINT('',(155.78,-101.02075,0.71));
#977 = LINE('',#978,#979);
#978 = CARTESIAN_POINT('',(155.78,-101.02075,0.71));
#979 = VECTOR('',#980,1.);
#980 = DIRECTION('',(0.,0.,1.));
#981 = ORIENTED_EDGE('',*,*,#982,.F.);
#982 = EDGE_CURVE('',#956,#975,#983,.T.);
#983 = CIRCLE('',#984,0.139999827125);
#984 = AXIS2_PLACEMENT_3D('',#985,#986,#987);
#985 = CARTESIAN_POINT('',(155.77999982712,-101.1607498271,0.71));
#986 = DIRECTION('',(0.,0.,-1.));
#987 = DIRECTION('',(-0.999999999999,-1.234820146735E-06,-0.));
#988 = CYLINDRICAL_SURFACE('',#989,0.139999827125);
#989 = AXIS2_PLACEMENT_3D('',#990,#991,#992);
#990 = CARTESIAN_POINT('',(155.77999982712,-101.1607498271,0.71));
#991 = DIRECTION('',(0.,0.,-1.));
#992 = DIRECTION('',(-0.999999999999,-1.234820146735E-06,-0.));
#993 = ADVANCED_FACE('',(#994),#1019,.T.);
#994 = FACE_BOUND('',#995,.T.);
#995 = EDGE_LOOP('',(#996,#1006,#1012,#1013));
#996 = ORIENTED_EDGE('',*,*,#997,.T.);
#997 = EDGE_CURVE('',#998,#1000,#1002,.T.);
#998 = VERTEX_POINT('',#999);
#999 = CARTESIAN_POINT('',(155.64,-101.44075,0.71));
#1000 = VERTEX_POINT('',#1001);
#1001 = CARTESIAN_POINT('',(155.64,-101.44075,0.75));
#1002 = LINE('',#1003,#1004);
#1003 = CARTESIAN_POINT('',(155.64,-101.44075,0.71));
#1004 = VECTOR('',#1005,1.);
#1005 = DIRECTION('',(0.,0.,1.));
#1006 = ORIENTED_EDGE('',*,*,#1007,.T.);
#1007 = EDGE_CURVE('',#1000,#958,#1008,.T.);
#1008 = LINE('',#1009,#1010);
#1009 = CARTESIAN_POINT('',(155.64,-101.44075,0.75));
#1010 = VECTOR('',#1011,1.);
#1011 = DIRECTION('',(0.,1.,0.));
#1012 = ORIENTED_EDGE('',*,*,#955,.F.);
#1013 = ORIENTED_EDGE('',*,*,#1014,.F.);
#1014 = EDGE_CURVE('',#998,#956,#1015,.T.);
#1015 = LINE('',#1016,#1017);
#1016 = CARTESIAN_POINT('',(155.64,-101.44075,0.71));
#1017 = VECTOR('',#1018,1.);
#1018 = DIRECTION('',(0.,1.,0.));
#1019 = PLANE('',#1020);
#1020 = AXIS2_PLACEMENT_3D('',#1021,#1022,#1023);
#1021 = CARTESIAN_POINT('',(155.64,-101.44075,0.71));
#1022 = DIRECTION('',(-1.,0.,0.));
#1023 = DIRECTION('',(0.,1.,0.));
#1024 = ADVANCED_FACE('',(#1025),#1050,.T.);
#1025 = FACE_BOUND('',#1026,.T.);
#1026 = EDGE_LOOP('',(#1027,#1028,#1036,#1044));
#1027 = ORIENTED_EDGE('',*,*,#974,.T.);
#1028 = ORIENTED_EDGE('',*,*,#1029,.T.);
#1029 = EDGE_CURVE('',#966,#1030,#1032,.T.);
#1030 = VERTEX_POINT('',#1031);
#1031 = CARTESIAN_POINT('',(156.12,-101.02075,0.75));
#1032 = LINE('',#1033,#1034);
#1033 = CARTESIAN_POINT('',(155.78,-101.02075,0.75));
#1034 = VECTOR('',#1035,1.);
#1035 = DIRECTION('',(1.,0.,0.));
#1036 = ORIENTED_EDGE('',*,*,#1037,.F.);
#1037 = EDGE_CURVE('',#1038,#1030,#1040,.T.);
#1038 = VERTEX_POINT('',#1039);
#1039 = CARTESIAN_POINT('',(156.12,-101.02075,0.71));
#1040 = LINE('',#1041,#1042);
#1041 = CARTESIAN_POINT('',(156.12,-101.02075,0.71));
#1042 = VECTOR('',#1043,1.);
#1043 = DIRECTION('',(0.,0.,1.));
#1044 = ORIENTED_EDGE('',*,*,#1045,.F.);
#1045 = EDGE_CURVE('',#975,#1038,#1046,.T.);
#1046 = LINE('',#1047,#1048);
#1047 = CARTESIAN_POINT('',(155.78,-101.02075,0.71));
#1048 = VECTOR('',#1049,1.);
#1049 = DIRECTION('',(1.,0.,0.));
#1050 = PLANE('',#1051);
#1051 = AXIS2_PLACEMENT_3D('',#1052,#1053,#1054);
#1052 = CARTESIAN_POINT('',(155.78,-101.02075,0.71));
#1053 = DIRECTION('',(0.,1.,0.));
#1054 = DIRECTION('',(1.,0.,0.));
#1055 = ADVANCED_FACE('',(#1056,#1102),#1113,.F.);
#1056 = FACE_BOUND('',#1057,.F.);
#1057 = EDGE_LOOP('',(#1058,#1059,#1060,#1069,#1077,#1086,#1094,#1101));
#1058 = ORIENTED_EDGE('',*,*,#982,.F.);
#1059 = ORIENTED_EDGE('',*,*,#1014,.F.);
#1060 = ORIENTED_EDGE('',*,*,#1061,.F.);
#1061 = EDGE_CURVE('',#1062,#998,#1064,.T.);
#1062 = VERTEX_POINT('',#1063);
#1063 = CARTESIAN_POINT('',(155.78,-101.58075,0.71));
#1064 = CIRCLE('',#1065,0.139999827125);
#1065 = AXIS2_PLACEMENT_3D('',#1066,#1067,#1068);
#1066 = CARTESIAN_POINT('',(155.77999982712,-101.4407501728,0.71));
#1067 = DIRECTION('',(0.,0.,-1.));
#1068 = DIRECTION('',(1.234820248241E-06,-0.999999999999,0.));
#1069 = ORIENTED_EDGE('',*,*,#1070,.F.);
#1070 = EDGE_CURVE('',#1071,#1062,#1073,.T.);
#1071 = VERTEX_POINT('',#1072);
#1072 = CARTESIAN_POINT('',(156.12,-101.58075,0.71));
#1073 = LINE('',#1074,#1075);
#1074 = CARTESIAN_POINT('',(156.12,-101.58075,0.71));
#1075 = VECTOR('',#1076,1.);
#1076 = DIRECTION('',(-1.,0.,0.));
#1077 = ORIENTED_EDGE('',*,*,#1078,.F.);
#1078 = EDGE_CURVE('',#1079,#1071,#1081,.T.);
#1079 = VERTEX_POINT('',#1080);
#1080 = CARTESIAN_POINT('',(156.26,-101.44075,0.71));
#1081 = CIRCLE('',#1082,0.139999827125);
#1082 = AXIS2_PLACEMENT_3D('',#1083,#1084,#1085);
#1083 = CARTESIAN_POINT('',(156.12000017287,-101.4407501728,0.71));
#1084 = DIRECTION('',(0.,0.,-1.));
#1085 = DIRECTION('',(0.999999999999,1.23482055276E-06,0.));
#1086 = ORIENTED_EDGE('',*,*,#1087,.F.);
#1087 = EDGE_CURVE('',#1088,#1079,#1090,.T.);
#1088 = VERTEX_POINT('',#1089);
#1089 = CARTESIAN_POINT('',(156.26,-101.16075,0.71));
#1090 = LINE('',#1091,#1092);
#1091 = CARTESIAN_POINT('',(156.26,-101.16075,0.71));
#1092 = VECTOR('',#1093,1.);
#1093 = DIRECTION('',(0.,-1.,0.));
#1094 = ORIENTED_EDGE('',*,*,#1095,.F.);
#1095 = EDGE_CURVE('',#1038,#1088,#1096,.T.);
#1096 = CIRCLE('',#1097,0.139999827125);
#1097 = AXIS2_PLACEMENT_3D('',#1098,#1099,#1100);
#1098 = CARTESIAN_POINT('',(156.12000017287,-101.1607498271,0.71));
#1099 = DIRECTION('',(0.,0.,-1.));
#1100 = DIRECTION('',(-1.234820451254E-06,0.999999999999,0.));
#1101 = ORIENTED_EDGE('',*,*,#1045,.F.);
#1102 = FACE_BOUND('',#1103,.F.);
#1103 = EDGE_LOOP('',(#1104));
#1104 = ORIENTED_EDGE('',*,*,#1105,.T.);
#1105 = EDGE_CURVE('',#1106,#1106,#1108,.T.);
#1106 = VERTEX_POINT('',#1107);
#1107 = CARTESIAN_POINT('',(155.95,-101.37575,0.71));
#1108 = CIRCLE('',#1109,7.500000000002E-02);
#1109 = AXIS2_PLACEMENT_3D('',#1110,#1111,#1112);
#1110 = CARTESIAN_POINT('',(155.95,-101.30075,0.71));
#1111 = DIRECTION('',(-0.,0.,-1.));
#1112 = DIRECTION('',(-0.,-1.,0.));
#1113 = PLANE('',#1114);
#1114 = AXIS2_PLACEMENT_3D('',#1115,#1116,#1117);
#1115 = CARTESIAN_POINT('',(0.,0.,0.71));
#1116 = DIRECTION('',(0.,0.,1.));
#1117 = DIRECTION('',(1.,0.,-0.));
#1118 = ADVANCED_FACE('',(#1119),#1165,.T.);
#1119 = FACE_BOUND('',#1120,.F.);
#1120 = EDGE_LOOP('',(#1121,#1122,#1123,#1132,#1140,#1149,#1157,#1164));
#1121 = ORIENTED_EDGE('',*,*,#965,.T.);
#1122 = ORIENTED_EDGE('',*,*,#1029,.T.);
#1123 = ORIENTED_EDGE('',*,*,#1124,.T.);
#1124 = EDGE_CURVE('',#1030,#1125,#1127,.T.);
#1125 = VERTEX_POINT('',#1126);
#1126 = CARTESIAN_POINT('',(156.26,-101.16075,0.75));
#1127 = CIRCLE('',#1128,0.139999827125);
#1128 = AXIS2_PLACEMENT_3D('',#1129,#1130,#1131);
#1129 = CARTESIAN_POINT('',(156.12000017287,-101.1607498271,0.75));
#1130 = DIRECTION('',(0.,0.,-1.));
#1131 = DIRECTION('',(-1.234820451254E-06,0.999999999999,0.));
#1132 = ORIENTED_EDGE('',*,*,#1133,.T.);
#1133 = EDGE_CURVE('',#1125,#1134,#1136,.T.);
#1134 = VERTEX_POINT('',#1135);
#1135 = CARTESIAN_POINT('',(156.26,-101.44075,0.75));
#1136 = LINE('',#1137,#1138);
#1137 = CARTESIAN_POINT('',(156.26,-101.16075,0.75));
#1138 = VECTOR('',#1139,1.);
#1139 = DIRECTION('',(0.,-1.,0.));
#1140 = ORIENTED_EDGE('',*,*,#1141,.T.);
#1141 = EDGE_CURVE('',#1134,#1142,#1144,.T.);
#1142 = VERTEX_POINT('',#1143);
#1143 = CARTESIAN_POINT('',(156.12,-101.58075,0.75));
#1144 = CIRCLE('',#1145,0.139999827125);
#1145 = AXIS2_PLACEMENT_3D('',#1146,#1147,#1148);
#1146 = CARTESIAN_POINT('',(156.12000017287,-101.4407501728,0.75));
#1147 = DIRECTION('',(0.,0.,-1.));
#1148 = DIRECTION('',(0.999999999999,1.23482055276E-06,0.));
#1149 = ORIENTED_EDGE('',*,*,#1150,.T.);
#1150 = EDGE_CURVE('',#1142,#1151,#1153,.T.);
#1151 = VERTEX_POINT('',#1152);
#1152 = CARTESIAN_POINT('',(155.78,-101.58075,0.75));
#1153 = LINE('',#1154,#1155);
#1154 = CARTESIAN_POINT('',(156.12,-101.58075,0.75));
#1155 = VECTOR('',#1156,1.);
#1156 = DIRECTION('',(-1.,0.,0.));
#1157 = ORIENTED_EDGE('',*,*,#1158,.T.);
#1158 = EDGE_CURVE('',#1151,#1000,#1159,.T.);
#1159 = CIRCLE('',#1160,0.139999827125);
#1160 = AXIS2_PLACEMENT_3D('',#1161,#1162,#1163);
#1161 = CARTESIAN_POINT('',(155.77999982712,-101.4407501728,0.75));
#1162 = DIRECTION('',(0.,0.,-1.));
#1163 = DIRECTION('',(1.234820248241E-06,-0.999999999999,0.));
#1164 = ORIENTED_EDGE('',*,*,#1007,.T.);
#1165 = PLANE('',#1166);
#1166 = AXIS2_PLACEMENT_3D('',#1167,#1168,#1169);
#1167 = CARTESIAN_POINT('',(0.,0.,0.75));
#1168 = DIRECTION('',(0.,0.,1.));
#1169 = DIRECTION('',(1.,0.,-0.));
#1170 = ADVANCED_FACE('',(#1171),#1182,.T.);
#1171 = FACE_BOUND('',#1172,.T.);
#1172 = EDGE_LOOP('',(#1173,#1179,#1180,#1181));
#1173 = ORIENTED_EDGE('',*,*,#1174,.T.);
#1174 = EDGE_CURVE('',#1062,#1151,#1175,.T.);
#1175 = LINE('',#1176,#1177);
#1176 = CARTESIAN_POINT('',(155.78,-101.58075,0.71));
#1177 = VECTOR('',#1178,1.);
#1178 = DIRECTION('',(0.,0.,1.));
#1179 = ORIENTED_EDGE('',*,*,#1158,.T.);
#1180 = ORIENTED_EDGE('',*,*,#997,.F.);
#1181 = ORIENTED_EDGE('',*,*,#1061,.F.);
#1182 = CYLINDRICAL_SURFACE('',#1183,0.139999827125);
#1183 = AXIS2_PLACEMENT_3D('',#1184,#1185,#1186);
#1184 = CARTESIAN_POINT('',(155.77999982712,-101.4407501728,0.71));
#1185 = DIRECTION('',(0.,0.,-1.));
#1186 = DIRECTION('',(1.234820248241E-06,-0.999999999999,0.));
#1187 = ADVANCED_FACE('',(#1188),#1199,.T.);
#1188 = FACE_BOUND('',#1189,.T.);
#1189 = EDGE_LOOP('',(#1190,#1191,#1192,#1198));
#1190 = ORIENTED_EDGE('',*,*,#1037,.T.);
#1191 = ORIENTED_EDGE('',*,*,#1124,.T.);
#1192 = ORIENTED_EDGE('',*,*,#1193,.F.);
#1193 = EDGE_CURVE('',#1088,#1125,#1194,.T.);
#1194 = LINE('',#1195,#1196);
#1195 = CARTESIAN_POINT('',(156.26,-101.16075,0.71));
#1196 = VECTOR('',#1197,1.);
#1197 = DIRECTION('',(0.,0.,1.));
#1198 = ORIENTED_EDGE('',*,*,#1095,.F.);
#1199 = CYLINDRICAL_SURFACE('',#1200,0.139999827125);
#1200 = AXIS2_PLACEMENT_3D('',#1201,#1202,#1203);
#1201 = CARTESIAN_POINT('',(156.12000017287,-101.1607498271,0.71));
#1202 = DIRECTION('',(0.,0.,-1.));
#1203 = DIRECTION('',(-1.234820451254E-06,0.999999999999,0.));
#1204 = ADVANCED_FACE('',(#1205),#1216,.T.);
#1205 = FACE_BOUND('',#1206,.T.);
#1206 = EDGE_LOOP('',(#1207,#1213,#1214,#1215));
#1207 = ORIENTED_EDGE('',*,*,#1208,.T.);
#1208 = EDGE_CURVE('',#1071,#1142,#1209,.T.);
#1209 = LINE('',#1210,#1211);
#1210 = CARTESIAN_POINT('',(156.12,-101.58075,0.71));
#1211 = VECTOR('',#1212,1.);
#1212 = DIRECTION('',(0.,0.,1.));
#1213 = ORIENTED_EDGE('',*,*,#1150,.T.);
#1214 = ORIENTED_EDGE('',*,*,#1174,.F.);
#1215 = ORIENTED_EDGE('',*,*,#1070,.F.);
#1216 = PLANE('',#1217);
#1217 = AXIS2_PLACEMENT_3D('',#1218,#1219,#1220);
#1218 = CARTESIAN_POINT('',(156.12,-101.58075,0.71));
#1219 = DIRECTION('',(0.,-1.,0.));
#1220 = DIRECTION('',(-1.,0.,0.));
#1221 = ADVANCED_FACE('',(#1222),#1233,.T.);
#1222 = FACE_BOUND('',#1223,.T.);
#1223 = EDGE_LOOP('',(#1224,#1225,#1226,#1232));
#1224 = ORIENTED_EDGE('',*,*,#1193,.T.);
#1225 = ORIENTED_EDGE('',*,*,#1133,.T.);
#1226 = ORIENTED_EDGE('',*,*,#1227,.F.);
#1227 = EDGE_CURVE('',#1079,#1134,#1228,.T.);
#1228 = LINE('',#1229,#1230);
#1229 = CARTESIAN_POINT('',(156.26,-101.44075,0.71));
#1230 = VECTOR('',#1231,1.);
#1231 = DIRECTION('',(0.,0.,1.));
#1232 = ORIENTED_EDGE('',*,*,#1087,.F.);
#1233 = PLANE('',#1234);
#1234 = AXIS2_PLACEMENT_3D('',#1235,#1236,#1237);
#1235 = CARTESIAN_POINT('',(156.26,-101.16075,0.71));
#1236 = DIRECTION('',(1.,0.,-0.));
#1237 = DIRECTION('',(0.,-1.,0.));
#1238 = ADVANCED_FACE('',(#1239),#1245,.T.);
#1239 = FACE_BOUND('',#1240,.T.);
#1240 = EDGE_LOOP('',(#1241,#1242,#1243,#1244));
#1241 = ORIENTED_EDGE('',*,*,#1227,.T.);
#1242 = ORIENTED_EDGE('',*,*,#1141,.T.);
#1243 = ORIENTED_EDGE('',*,*,#1208,.F.);
#1244 = ORIENTED_EDGE('',*,*,#1078,.F.);
#1245 = CYLINDRICAL_SURFACE('',#1246,0.139999827125);
#1246 = AXIS2_PLACEMENT_3D('',#1247,#1248,#1249);
#1247 = CARTESIAN_POINT('',(156.12000017287,-101.4407501728,0.71));
#1248 = DIRECTION('',(0.,0.,-1.));
#1249 = DIRECTION('',(0.999999999999,1.23482055276E-06,0.));
#1250 = ADVANCED_FACE('',(#1251),#1270,.F.);
#1251 = FACE_BOUND('',#1252,.T.);
#1252 = EDGE_LOOP('',(#1253,#1254,#1262,#1269));
#1253 = ORIENTED_EDGE('',*,*,#1105,.T.);
#1254 = ORIENTED_EDGE('',*,*,#1255,.T.);
#1255 = EDGE_CURVE('',#1106,#1256,#1258,.T.);
#1256 = VERTEX_POINT('',#1257);
#1257 = CARTESIAN_POINT('',(155.95,-101.37575,0.746));
#1258 = LINE('',#1259,#1260);
#1259 = CARTESIAN_POINT('',(155.95,-101.37575,-3.6E-02));
#1260 = VECTOR('',#1261,1.);
#1261 = DIRECTION('',(0.,0.,1.));
#1262 = ORIENTED_EDGE('',*,*,#1263,.T.);
#1263 = EDGE_CURVE('',#1256,#1256,#1264,.T.);
#1264 = CIRCLE('',#1265,7.500000000002E-02);
#1265 = AXIS2_PLACEMENT_3D('',#1266,#1267,#1268);
#1266 = CARTESIAN_POINT('',(155.95,-101.30075,0.746));
#1267 = DIRECTION('',(0.,0.,1.));
#1268 = DIRECTION('',(-0.,-1.,0.));
#1269 = ORIENTED_EDGE('',*,*,#1255,.F.);
#1270 = CYLINDRICAL_SURFACE('',#1271,7.500000000002E-02);
#1271 = AXIS2_PLACEMENT_3D('',#1272,#1273,#1274);
#1272 = CARTESIAN_POINT('',(155.95,-101.30075,-3.6E-02));
#1273 = DIRECTION('',(-0.,-0.,-1.));
#1274 = DIRECTION('',(-0.,-1.,0.));
#1275 = ADVANCED_FACE('',(#1276),#1279,.F.);
#1276 = FACE_BOUND('',#1277,.F.);
#1277 = EDGE_LOOP('',(#1278));
#1278 = ORIENTED_EDGE('',*,*,#1263,.T.);
#1279 = PLANE('',#1280);
#1280 = AXIS2_PLACEMENT_3D('',#1281,#1282,#1283);
#1281 = CARTESIAN_POINT('',(155.95,-101.37575,0.746));
#1282 = DIRECTION('',(0.,0.,1.));
#1283 = DIRECTION('',(1.,0.,-0.));
#1284 = MANIFOLD_SOLID_BREP('',#1285);
#1285 = CLOSED_SHELL('',(#1286,#1328,#1359,#1392,#1423,#1456,#1487,#1520
    ,#1542,#1558));
#1286 = ADVANCED_FACE('',(#1287),#1323,.T.);
#1287 = FACE_BOUND('',#1288,.T.);
#1288 = EDGE_LOOP('',(#1289,#1299,#1308,#1316));
#1289 = ORIENTED_EDGE('',*,*,#1290,.T.);
#1290 = EDGE_CURVE('',#1291,#1293,#1295,.T.);
#1291 = VERTEX_POINT('',#1292);
#1292 = CARTESIAN_POINT('',(155.64,-100.20075,0.71));
#1293 = VERTEX_POINT('',#1294);
#1294 = CARTESIAN_POINT('',(155.64,-100.20075,0.75));
#1295 = LINE('',#1296,#1297);
#1296 = CARTESIAN_POINT('',(155.64,-100.20075,0.71));
#1297 = VECTOR('',#1298,1.);
#1298 = DIRECTION('',(0.,0.,1.));
#1299 = ORIENTED_EDGE('',*,*,#1300,.T.);
#1300 = EDGE_CURVE('',#1293,#1301,#1303,.T.);
#1301 = VERTEX_POINT('',#1302);
#1302 = CARTESIAN_POINT('',(155.78,-100.06075,0.75));
#1303 = CIRCLE('',#1304,0.139999827125);
#1304 = AXIS2_PLACEMENT_3D('',#1305,#1306,#1307);
#1305 = CARTESIAN_POINT('',(155.77999982712,-100.2007498271,0.75));
#1306 = DIRECTION('',(0.,0.,-1.));
#1307 = DIRECTION('',(-0.999999999999,-1.234820248241E-06,-0.));
#1308 = ORIENTED_EDGE('',*,*,#1309,.F.);
#1309 = EDGE_CURVE('',#1310,#1301,#1312,.T.);
#1310 = VERTEX_POINT('',#1311);
#1311 = CARTESIAN_POINT('',(155.78,-100.06075,0.71));
#1312 = LINE('',#1313,#1314);
#1313 = CARTESIAN_POINT('',(155.78,-100.06075,0.71));
#1314 = VECTOR('',#1315,1.);
#1315 = DIRECTION('',(0.,0.,1.));
#1316 = ORIENTED_EDGE('',*,*,#1317,.F.);
#1317 = EDGE_CURVE('',#1291,#1310,#1318,.T.);
#1318 = CIRCLE('',#1319,0.139999827125);
#1319 = AXIS2_PLACEMENT_3D('',#1320,#1321,#1322);
#1320 = CARTESIAN_POINT('',(155.77999982712,-100.2007498271,0.71));
#1321 = DIRECTION('',(0.,0.,-1.));
#1322 = DIRECTION('',(-0.999999999999,-1.234820248241E-06,-0.));
#1323 = CYLINDRICAL_SURFACE('',#1324,0.139999827125);
#1324 = AXIS2_PLACEMENT_3D('',#1325,#1326,#1327);
#1325 = CARTESIAN_POINT('',(155.77999982712,-100.2007498271,0.71));
#1326 = DIRECTION('',(0.,0.,-1.));
#1327 = DIRECTION('',(-0.999999999999,-1.234820248241E-06,-0.));
#1328 = ADVANCED_FACE('',(#1329),#1354,.T.);
#1329 = FACE_BOUND('',#1330,.T.);
#1330 = EDGE_LOOP('',(#1331,#1332,#1340,#1348));
#1331 = ORIENTED_EDGE('',*,*,#1309,.T.);
#1332 = ORIENTED_EDGE('',*,*,#1333,.T.);
#1333 = EDGE_CURVE('',#1301,#1334,#1336,.T.);
#1334 = VERTEX_POINT('',#1335);
#1335 = CARTESIAN_POINT('',(156.12,-100.06075,0.75));
#1336 = LINE('',#1337,#1338);
#1337 = CARTESIAN_POINT('',(155.78,-100.06075,0.75));
#1338 = VECTOR('',#1339,1.);
#1339 = DIRECTION('',(1.,0.,0.));
#1340 = ORIENTED_EDGE('',*,*,#1341,.F.);
#1341 = EDGE_CURVE('',#1342,#1334,#1344,.T.);
#1342 = VERTEX_POINT('',#1343);
#1343 = CARTESIAN_POINT('',(156.12,-100.06075,0.71));
#1344 = LINE('',#1345,#1346);
#1345 = CARTESIAN_POINT('',(156.12,-100.06075,0.71));
#1346 = VECTOR('',#1347,1.);
#1347 = DIRECTION('',(0.,0.,1.));
#1348 = ORIENTED_EDGE('',*,*,#1349,.F.);
#1349 = EDGE_CURVE('',#1310,#1342,#1350,.T.);
#1350 = LINE('',#1351,#1352);
#1351 = CARTESIAN_POINT('',(155.78,-100.06075,0.71));
#1352 = VECTOR('',#1353,1.);
#1353 = DIRECTION('',(1.,0.,0.));
#1354 = PLANE('',#1355);
#1355 = AXIS2_PLACEMENT_3D('',#1356,#1357,#1358);
#1356 = CARTESIAN_POINT('',(155.78,-100.06075,0.71));
#1357 = DIRECTION('',(0.,1.,0.));
#1358 = DIRECTION('',(1.,0.,0.));
#1359 = ADVANCED_FACE('',(#1360),#1387,.T.);
#1360 = FACE_BOUND('',#1361,.T.);
#1361 = EDGE_LOOP('',(#1362,#1363,#1372,#1380));
#1362 = ORIENTED_EDGE('',*,*,#1341,.T.);
#1363 = ORIENTED_EDGE('',*,*,#1364,.T.);
#1364 = EDGE_CURVE('',#1334,#1365,#1367,.T.);
#1365 = VERTEX_POINT('',#1366);
#1366 = CARTESIAN_POINT('',(156.26,-100.20075,0.75));
#1367 = CIRCLE('',#1368,0.139999827125);
#1368 = AXIS2_PLACEMENT_3D('',#1369,#1370,#1371);
#1369 = CARTESIAN_POINT('',(156.12000017287,-100.2007498271,0.75));
#1370 = DIRECTION('',(0.,0.,-1.));
#1371 = DIRECTION('',(-1.234820451254E-06,0.999999999999,0.));
#1372 = ORIENTED_EDGE('',*,*,#1373,.F.);
#1373 = EDGE_CURVE('',#1374,#1365,#1376,.T.);
#1374 = VERTEX_POINT('',#1375);
#1375 = CARTESIAN_POINT('',(156.26,-100.20075,0.71));
#1376 = LINE('',#1377,#1378);
#1377 = CARTESIAN_POINT('',(156.26,-100.20075,0.71));
#1378 = VECTOR('',#1379,1.);
#1379 = DIRECTION('',(0.,0.,1.));
#1380 = ORIENTED_EDGE('',*,*,#1381,.F.);
#1381 = EDGE_CURVE('',#1342,#1374,#1382,.T.);
#1382 = CIRCLE('',#1383,0.139999827125);
#1383 = AXIS2_PLACEMENT_3D('',#1384,#1385,#1386);
#1384 = CARTESIAN_POINT('',(156.12000017287,-100.2007498271,0.71));
#1385 = DIRECTION('',(0.,0.,-1.));
#1386 = DIRECTION('',(-1.234820451254E-06,0.999999999999,0.));
#1387 = CYLINDRICAL_SURFACE('',#1388,0.139999827125);
#1388 = AXIS2_PLACEMENT_3D('',#1389,#1390,#1391);
#1389 = CARTESIAN_POINT('',(156.12000017287,-100.2007498271,0.71));
#1390 = DIRECTION('',(0.,0.,-1.));
#1391 = DIRECTION('',(-1.234820451254E-06,0.999999999999,0.));
#1392 = ADVANCED_FACE('',(#1393),#1418,.T.);
#1393 = FACE_BOUND('',#1394,.T.);
#1394 = EDGE_LOOP('',(#1395,#1396,#1404,#1412));
#1395 = ORIENTED_EDGE('',*,*,#1373,.T.);
#1396 = ORIENTED_EDGE('',*,*,#1397,.T.);
#1397 = EDGE_CURVE('',#1365,#1398,#1400,.T.);
#1398 = VERTEX_POINT('',#1399);
#1399 = CARTESIAN_POINT('',(156.26,-100.48075,0.75));
#1400 = LINE('',#1401,#1402);
#1401 = CARTESIAN_POINT('',(156.26,-100.20075,0.75));
#1402 = VECTOR('',#1403,1.);
#1403 = DIRECTION('',(0.,-1.,0.));
#1404 = ORIENTED_EDGE('',*,*,#1405,.F.);
#1405 = EDGE_CURVE('',#1406,#1398,#1408,.T.);
#1406 = VERTEX_POINT('',#1407);
#1407 = CARTESIAN_POINT('',(156.26,-100.48075,0.71));
#1408 = LINE('',#1409,#1410);
#1409 = CARTESIAN_POINT('',(156.26,-100.48075,0.71));
#1410 = VECTOR('',#1411,1.);
#1411 = DIRECTION('',(0.,0.,1.));
#1412 = ORIENTED_EDGE('',*,*,#1413,.F.);
#1413 = EDGE_CURVE('',#1374,#1406,#1414,.T.);
#1414 = LINE('',#1415,#1416);
#1415 = CARTESIAN_POINT('',(156.26,-100.20075,0.71));
#1416 = VECTOR('',#1417,1.);
#1417 = DIRECTION('',(0.,-1.,0.));
#1418 = PLANE('',#1419);
#1419 = AXIS2_PLACEMENT_3D('',#1420,#1421,#1422);
#1420 = CARTESIAN_POINT('',(156.26,-100.20075,0.71));
#1421 = DIRECTION('',(1.,0.,-0.));
#1422 = DIRECTION('',(0.,-1.,0.));
#1423 = ADVANCED_FACE('',(#1424),#1451,.T.);
#1424 = FACE_BOUND('',#1425,.T.);
#1425 = EDGE_LOOP('',(#1426,#1427,#1436,#1444));
#1426 = ORIENTED_EDGE('',*,*,#1405,.T.);
#1427 = ORIENTED_EDGE('',*,*,#1428,.T.);
#1428 = EDGE_CURVE('',#1398,#1429,#1431,.T.);
#1429 = VERTEX_POINT('',#1430);
#1430 = CARTESIAN_POINT('',(156.12,-100.62075,0.75));
#1431 = CIRCLE('',#1432,0.139999827125);
#1432 = AXIS2_PLACEMENT_3D('',#1433,#1434,#1435);
#1433 = CARTESIAN_POINT('',(156.12000017287,-100.4807501728,0.75));
#1434 = DIRECTION('',(0.,0.,-1.));
#1435 = DIRECTION('',(0.999999999999,1.23482055276E-06,0.));
#1436 = ORIENTED_EDGE('',*,*,#1437,.F.);
#1437 = EDGE_CURVE('',#1438,#1429,#1440,.T.);
#1438 = VERTEX_POINT('',#1439);
#1439 = CARTESIAN_POINT('',(156.12,-100.62075,0.71));
#1440 = LINE('',#1441,#1442);
#1441 = CARTESIAN_POINT('',(156.12,-100.62075,0.71));
#1442 = VECTOR('',#1443,1.);
#1443 = DIRECTION('',(0.,0.,1.));
#1444 = ORIENTED_EDGE('',*,*,#1445,.F.);
#1445 = EDGE_CURVE('',#1406,#1438,#1446,.T.);
#1446 = CIRCLE('',#1447,0.139999827125);
#1447 = AXIS2_PLACEMENT_3D('',#1448,#1449,#1450);
#1448 = CARTESIAN_POINT('',(156.12000017287,-100.4807501728,0.71));
#1449 = DIRECTION('',(0.,0.,-1.));
#1450 = DIRECTION('',(0.999999999999,1.23482055276E-06,0.));
#1451 = CYLINDRICAL_SURFACE('',#1452,0.139999827125);
#1452 = AXIS2_PLACEMENT_3D('',#1453,#1454,#1455);
#1453 = CARTESIAN_POINT('',(156.12000017287,-100.4807501728,0.71));
#1454 = DIRECTION('',(0.,0.,-1.));
#1455 = DIRECTION('',(0.999999999999,1.23482055276E-06,0.));
#1456 = ADVANCED_FACE('',(#1457),#1482,.T.);
#1457 = FACE_BOUND('',#1458,.T.);
#1458 = EDGE_LOOP('',(#1459,#1460,#1468,#1476));
#1459 = ORIENTED_EDGE('',*,*,#1437,.T.);
#1460 = ORIENTED_EDGE('',*,*,#1461,.T.);
#1461 = EDGE_CURVE('',#1429,#1462,#1464,.T.);
#1462 = VERTEX_POINT('',#1463);
#1463 = CARTESIAN_POINT('',(155.78,-100.62075,0.75));
#1464 = LINE('',#1465,#1466);
#1465 = CARTESIAN_POINT('',(156.12,-100.62075,0.75));
#1466 = VECTOR('',#1467,1.);
#1467 = DIRECTION('',(-1.,0.,0.));
#1468 = ORIENTED_EDGE('',*,*,#1469,.F.);
#1469 = EDGE_CURVE('',#1470,#1462,#1472,.T.);
#1470 = VERTEX_POINT('',#1471);
#1471 = CARTESIAN_POINT('',(155.78,-100.62075,0.71));
#1472 = LINE('',#1473,#1474);
#1473 = CARTESIAN_POINT('',(155.78,-100.62075,0.71));
#1474 = VECTOR('',#1475,1.);
#1475 = DIRECTION('',(0.,0.,1.));
#1476 = ORIENTED_EDGE('',*,*,#1477,.F.);
#1477 = EDGE_CURVE('',#1438,#1470,#1478,.T.);
#1478 = LINE('',#1479,#1480);
#1479 = CARTESIAN_POINT('',(156.12,-100.62075,0.71));
#1480 = VECTOR('',#1481,1.);
#1481 = DIRECTION('',(-1.,0.,0.));
#1482 = PLANE('',#1483);
#1483 = AXIS2_PLACEMENT_3D('',#1484,#1485,#1486);
#1484 = CARTESIAN_POINT('',(156.12,-100.62075,0.71));
#1485 = DIRECTION('',(0.,-1.,0.));
#1486 = DIRECTION('',(-1.,0.,0.));
#1487 = ADVANCED_FACE('',(#1488),#1515,.T.);
#1488 = FACE_BOUND('',#1489,.T.);
#1489 = EDGE_LOOP('',(#1490,#1491,#1500,#1508));
#1490 = ORIENTED_EDGE('',*,*,#1469,.T.);
#1491 = ORIENTED_EDGE('',*,*,#1492,.T.);
#1492 = EDGE_CURVE('',#1462,#1493,#1495,.T.);
#1493 = VERTEX_POINT('',#1494);
#1494 = CARTESIAN_POINT('',(155.64,-100.48075,0.75));
#1495 = CIRCLE('',#1496,0.139999827125);
#1496 = AXIS2_PLACEMENT_3D('',#1497,#1498,#1499);
#1497 = CARTESIAN_POINT('',(155.77999982712,-100.4807501728,0.75));
#1498 = DIRECTION('',(0.,0.,-1.));
#1499 = DIRECTION('',(1.234820451253E-06,-0.999999999999,0.));
#1500 = ORIENTED_EDGE('',*,*,#1501,.F.);
#1501 = EDGE_CURVE('',#1502,#1493,#1504,.T.);
#1502 = VERTEX_POINT('',#1503);
#1503 = CARTESIAN_POINT('',(155.64,-100.48075,0.71));
#1504 = LINE('',#1505,#1506);
#1505 = CARTESIAN_POINT('',(155.64,-100.48075,0.71));
#1506 = VECTOR('',#1507,1.);
#1507 = DIRECTION('',(0.,0.,1.));
#1508 = ORIENTED_EDGE('',*,*,#1509,.F.);
#1509 = EDGE_CURVE('',#1470,#1502,#1510,.T.);
#1510 = CIRCLE('',#1511,0.139999827125);
#1511 = AXIS2_PLACEMENT_3D('',#1512,#1513,#1514);
#1512 = CARTESIAN_POINT('',(155.77999982712,-100.4807501728,0.71));
#1513 = DIRECTION('',(0.,0.,-1.));
#1514 = DIRECTION('',(1.234820451253E-06,-0.999999999999,0.));
#1515 = CYLINDRICAL_SURFACE('',#1516,0.139999827125);
#1516 = AXIS2_PLACEMENT_3D('',#1517,#1518,#1519);
#1517 = CARTESIAN_POINT('',(155.77999982712,-100.4807501728,0.71));
#1518 = DIRECTION('',(0.,0.,-1.));
#1519 = DIRECTION('',(1.234820451253E-06,-0.999999999999,0.));
#1520 = ADVANCED_FACE('',(#1521),#1537,.T.);
#1521 = FACE_BOUND('',#1522,.T.);
#1522 = EDGE_LOOP('',(#1523,#1524,#1530,#1531));
#1523 = ORIENTED_EDGE('',*,*,#1501,.T.);
#1524 = ORIENTED_EDGE('',*,*,#1525,.T.);
#1525 = EDGE_CURVE('',#1493,#1293,#1526,.T.);
#1526 = LINE('',#1527,#1528);
#1527 = CARTESIAN_POINT('',(155.64,-100.48075,0.75));
#1528 = VECTOR('',#1529,1.);
#1529 = DIRECTION('',(0.,1.,0.));
#1530 = ORIENTED_EDGE('',*,*,#1290,.F.);
#1531 = ORIENTED_EDGE('',*,*,#1532,.F.);
#1532 = EDGE_CURVE('',#1502,#1291,#1533,.T.);
#1533 = LINE('',#1534,#1535);
#1534 = CARTESIAN_POINT('',(155.64,-100.48075,0.71));
#1535 = VECTOR('',#1536,1.);
#1536 = DIRECTION('',(0.,1.,0.));
#1537 = PLANE('',#1538);
#1538 = AXIS2_PLACEMENT_3D('',#1539,#1540,#1541);
#1539 = CARTESIAN_POINT('',(155.64,-100.48075,0.71));
#1540 = DIRECTION('',(-1.,0.,0.));
#1541 = DIRECTION('',(0.,1.,0.));
#1542 = ADVANCED_FACE('',(#1543),#1553,.F.);
#1543 = FACE_BOUND('',#1544,.T.);
#1544 = EDGE_LOOP('',(#1545,#1546,#1547,#1548,#1549,#1550,#1551,#1552));
#1545 = ORIENTED_EDGE('',*,*,#1317,.T.);
#1546 = ORIENTED_EDGE('',*,*,#1349,.T.);
#1547 = ORIENTED_EDGE('',*,*,#1381,.T.);
#1548 = ORIENTED_EDGE('',*,*,#1413,.T.);
#1549 = ORIENTED_EDGE('',*,*,#1445,.T.);
#1550 = ORIENTED_EDGE('',*,*,#1477,.T.);
#1551 = ORIENTED_EDGE('',*,*,#1509,.T.);
#1552 = ORIENTED_EDGE('',*,*,#1532,.T.);
#1553 = PLANE('',#1554);
#1554 = AXIS2_PLACEMENT_3D('',#1555,#1556,#1557);
#1555 = CARTESIAN_POINT('',(0.,0.,0.71));
#1556 = DIRECTION('',(0.,0.,1.));
#1557 = DIRECTION('',(1.,0.,-0.));
#1558 = ADVANCED_FACE('',(#1559),#1569,.T.);
#1559 = FACE_BOUND('',#1560,.F.);
#1560 = EDGE_LOOP('',(#1561,#1562,#1563,#1564,#1565,#1566,#1567,#1568));
#1561 = ORIENTED_EDGE('',*,*,#1300,.T.);
#1562 = ORIENTED_EDGE('',*,*,#1333,.T.);
#1563 = ORIENTED_EDGE('',*,*,#1364,.T.);
#1564 = ORIENTED_EDGE('',*,*,#1397,.T.);
#1565 = ORIENTED_EDGE('',*,*,#1428,.T.);
#1566 = ORIENTED_EDGE('',*,*,#1461,.T.);
#1567 = ORIENTED_EDGE('',*,*,#1492,.T.);
#1568 = ORIENTED_EDGE('',*,*,#1525,.T.);
#1569 = PLANE('',#1570);
#1570 = AXIS2_PLACEMENT_3D('',#1571,#1572,#1573);
#1571 = CARTESIAN_POINT('',(0.,0.,0.75));
#1572 = DIRECTION('',(0.,0.,1.));
#1573 = DIRECTION('',(1.,0.,-0.));
#1574 = MANIFOLD_SOLID_BREP('',#1575);
#1575 = CLOSED_SHELL('',(#1576,#1609,#1618));
#1576 = ADVANCED_FACE('',(#1577),#1604,.T.);
#1577 = FACE_BOUND('',#1578,.F.);
#1578 = EDGE_LOOP('',(#1579,#1589,#1596,#1597));
#1579 = ORIENTED_EDGE('',*,*,#1580,.T.);
#1580 = EDGE_CURVE('',#1581,#1583,#1585,.T.);
#1581 = VERTEX_POINT('',#1582);
#1582 = CARTESIAN_POINT('',(156.849999,-97.9,0.71));
#1583 = VERTEX_POINT('',#1584);
#1584 = CARTESIAN_POINT('',(156.849999,-97.9,0.75));
#1585 = LINE('',#1586,#1587);
#1586 = CARTESIAN_POINT('',(156.849999,-97.9,0.71));
#1587 = VECTOR('',#1588,1.);
#1588 = DIRECTION('',(0.,0.,1.));
#1589 = ORIENTED_EDGE('',*,*,#1590,.T.);
#1590 = EDGE_CURVE('',#1583,#1583,#1591,.T.);
#1591 = CIRCLE('',#1592,0.249999);
#1592 = AXIS2_PLACEMENT_3D('',#1593,#1594,#1595);
#1593 = CARTESIAN_POINT('',(156.6,-97.9,0.75));
#1594 = DIRECTION('',(0.,0.,1.));
#1595 = DIRECTION('',(1.,0.,-0.));
#1596 = ORIENTED_EDGE('',*,*,#1580,.F.);
#1597 = ORIENTED_EDGE('',*,*,#1598,.F.);
#1598 = EDGE_CURVE('',#1581,#1581,#1599,.T.);
#1599 = CIRCLE('',#1600,0.249999);
#1600 = AXIS2_PLACEMENT_3D('',#1601,#1602,#1603);
#1601 = CARTESIAN_POINT('',(156.6,-97.9,0.71));
#1602 = DIRECTION('',(0.,0.,1.));
#1603 = DIRECTION('',(1.,0.,-0.));
#1604 = CYLINDRICAL_SURFACE('',#1605,0.249999);
#1605 = AXIS2_PLACEMENT_3D('',#1606,#1607,#1608);
#1606 = CARTESIAN_POINT('',(156.6,-97.9,0.71));
#1607 = DIRECTION('',(-0.,-0.,-1.));
#1608 = DIRECTION('',(1.,0.,-0.));
#1609 = ADVANCED_FACE('',(#1610),#1613,.F.);
#1610 = FACE_BOUND('',#1611,.F.);
#1611 = EDGE_LOOP('',(#1612));
#1612 = ORIENTED_EDGE('',*,*,#1598,.T.);
#1613 = PLANE('',#1614);
#1614 = AXIS2_PLACEMENT_3D('',#1615,#1616,#1617);
#1615 = CARTESIAN_POINT('',(0.,0.,0.71));
#1616 = DIRECTION('',(0.,0.,1.));
#1617 = DIRECTION('',(1.,0.,-0.));
#1618 = ADVANCED_FACE('',(#1619),#1622,.T.);
#1619 = FACE_BOUND('',#1620,.T.);
#1620 = EDGE_LOOP('',(#1621));
#1621 = ORIENTED_EDGE('',*,*,#1590,.T.);
#1622 = PLANE('',#1623);
#1623 = AXIS2_PLACEMENT_3D('',#1624,#1625,#1626);
#1624 = CARTESIAN_POINT('',(0.,0.,0.75));
#1625 = DIRECTION('',(0.,0.,1.));
#1626 = DIRECTION('',(1.,0.,-0.));
#1627 = MANIFOLD_SOLID_BREP('',#1628);
#1628 = CLOSED_SHELL('',(#1629,#1662,#1671));
#1629 = ADVANCED_FACE('',(#1630),#1657,.T.);
#1630 = FACE_BOUND('',#1631,.F.);
#1631 = EDGE_LOOP('',(#1632,#1642,#1649,#1650));
#1632 = ORIENTED_EDGE('',*,*,#1633,.T.);
#1633 = EDGE_CURVE('',#1634,#1636,#1638,.T.);
#1634 = VERTEX_POINT('',#1635);
#1635 = CARTESIAN_POINT('',(157.849999,-97.9,0.71));
#1636 = VERTEX_POINT('',#1637);
#1637 = CARTESIAN_POINT('',(157.849999,-97.9,0.75));
#1638 = LINE('',#1639,#1640);
#1639 = CARTESIAN_POINT('',(157.849999,-97.9,0.71));
#1640 = VECTOR('',#1641,1.);
#1641 = DIRECTION('',(0.,0.,1.));
#1642 = ORIENTED_EDGE('',*,*,#1643,.T.);
#1643 = EDGE_CURVE('',#1636,#1636,#1644,.T.);
#1644 = CIRCLE('',#1645,0.249999);
#1645 = AXIS2_PLACEMENT_3D('',#1646,#1647,#1648);
#1646 = CARTESIAN_POINT('',(157.6,-97.9,0.75));
#1647 = DIRECTION('',(0.,0.,1.));
#1648 = DIRECTION('',(1.,0.,-0.));
#1649 = ORIENTED_EDGE('',*,*,#1633,.F.);
#1650 = ORIENTED_EDGE('',*,*,#1651,.F.);
#1651 = EDGE_CURVE('',#1634,#1634,#1652,.T.);
#1652 = CIRCLE('',#1653,0.249999);
#1653 = AXIS2_PLACEMENT_3D('',#1654,#1655,#1656);
#1654 = CARTESIAN_POINT('',(157.6,-97.9,0.71));
#1655 = DIRECTION('',(0.,0.,1.));
#1656 = DIRECTION('',(1.,0.,-0.));
#1657 = CYLINDRICAL_SURFACE('',#1658,0.249999);
#1658 = AXIS2_PLACEMENT_3D('',#1659,#1660,#1661);
#1659 = CARTESIAN_POINT('',(157.6,-97.9,0.71));
#1660 = DIRECTION('',(-0.,-0.,-1.));
#1661 = DIRECTION('',(1.,0.,-0.));
#1662 = ADVANCED_FACE('',(#1663),#1666,.F.);
#1663 = FACE_BOUND('',#1664,.F.);
#1664 = EDGE_LOOP('',(#1665));
#1665 = ORIENTED_EDGE('',*,*,#1651,.T.);
#1666 = PLANE('',#1667);
#1667 = AXIS2_PLACEMENT_3D('',#1668,#1669,#1670);
#1668 = CARTESIAN_POINT('',(0.,0.,0.71));
#1669 = DIRECTION('',(0.,0.,1.));
#1670 = DIRECTION('',(1.,0.,-0.));
#1671 = ADVANCED_FACE('',(#1672),#1675,.T.);
#1672 = FACE_BOUND('',#1673,.T.);
#1673 = EDGE_LOOP('',(#1674));
#1674 = ORIENTED_EDGE('',*,*,#1643,.T.);
#1675 = PLANE('',#1676);
#1676 = AXIS2_PLACEMENT_3D('',#1677,#1678,#1679);
#1677 = CARTESIAN_POINT('',(0.,0.,0.75));
#1678 = DIRECTION('',(0.,0.,1.));
#1679 = DIRECTION('',(1.,0.,-0.));
#1680 = MANIFOLD_SOLID_BREP('',#1681);
#1681 = CLOSED_SHELL('',(#1682,#1724,#1755,#1788,#1819,#1852,#1883,#1916
    ,#1938,#1954));
#1682 = ADVANCED_FACE('',(#1683),#1719,.T.);
#1683 = FACE_BOUND('',#1684,.T.);
#1684 = EDGE_LOOP('',(#1685,#1695,#1704,#1712));
#1685 = ORIENTED_EDGE('',*,*,#1686,.T.);
#1686 = EDGE_CURVE('',#1687,#1689,#1691,.T.);
#1687 = VERTEX_POINT('',#1688);
#1688 = CARTESIAN_POINT('',(155.64,-99.28575,0.71));
#1689 = VERTEX_POINT('',#1690);
#1690 = CARTESIAN_POINT('',(155.64,-99.28575,0.75));
#1691 = LINE('',#1692,#1693);
#1692 = CARTESIAN_POINT('',(155.64,-99.28575,0.71));
#1693 = VECTOR('',#1694,1.);
#1694 = DIRECTION('',(0.,0.,1.));
#1695 = ORIENTED_EDGE('',*,*,#1696,.T.);
#1696 = EDGE_CURVE('',#1689,#1697,#1699,.T.);
#1697 = VERTEX_POINT('',#1698);
#1698 = CARTESIAN_POINT('',(155.78,-99.14575,0.75));
#1699 = CIRCLE('',#1700,0.139999827125);
#1700 = AXIS2_PLACEMENT_3D('',#1701,#1702,#1703);
#1701 = CARTESIAN_POINT('',(155.77999982712,-99.28574982712,0.75));
#1702 = DIRECTION('',(0.,0.,-1.));
#1703 = DIRECTION('',(-0.999999999999,-1.234820146735E-06,-0.));
#1704 = ORIENTED_EDGE('',*,*,#1705,.F.);
#1705 = EDGE_CURVE('',#1706,#1697,#1708,.T.);
#1706 = VERTEX_POINT('',#1707);
#1707 = CARTESIAN_POINT('',(155.78,-99.14575,0.71));
#1708 = LINE('',#1709,#1710);
#1709 = CARTESIAN_POINT('',(155.78,-99.14575,0.71));
#1710 = VECTOR('',#1711,1.);
#1711 = DIRECTION('',(0.,0.,1.));
#1712 = ORIENTED_EDGE('',*,*,#1713,.F.);
#1713 = EDGE_CURVE('',#1687,#1706,#1714,.T.);
#1714 = CIRCLE('',#1715,0.139999827125);
#1715 = AXIS2_PLACEMENT_3D('',#1716,#1717,#1718);
#1716 = CARTESIAN_POINT('',(155.77999982712,-99.28574982712,0.71));
#1717 = DIRECTION('',(0.,0.,-1.));
#1718 = DIRECTION('',(-0.999999999999,-1.234820146735E-06,-0.));
#1719 = CYLINDRICAL_SURFACE('',#1720,0.139999827125);
#1720 = AXIS2_PLACEMENT_3D('',#1721,#1722,#1723);
#1721 = CARTESIAN_POINT('',(155.77999982712,-99.28574982712,0.71));
#1722 = DIRECTION('',(0.,0.,-1.));
#1723 = DIRECTION('',(-0.999999999999,-1.234820146735E-06,-0.));
#1724 = ADVANCED_FACE('',(#1725),#1750,.T.);
#1725 = FACE_BOUND('',#1726,.T.);
#1726 = EDGE_LOOP('',(#1727,#1728,#1736,#1744));
#1727 = ORIENTED_EDGE('',*,*,#1705,.T.);
#1728 = ORIENTED_EDGE('',*,*,#1729,.T.);
#1729 = EDGE_CURVE('',#1697,#1730,#1732,.T.);
#1730 = VERTEX_POINT('',#1731);
#1731 = CARTESIAN_POINT('',(156.12,-99.14575,0.75));
#1732 = LINE('',#1733,#1734);
#1733 = CARTESIAN_POINT('',(155.78,-99.14575,0.75));
#1734 = VECTOR('',#1735,1.);
#1735 = DIRECTION('',(1.,0.,0.));
#1736 = ORIENTED_EDGE('',*,*,#1737,.F.);
#1737 = EDGE_CURVE('',#1738,#1730,#1740,.T.);
#1738 = VERTEX_POINT('',#1739);
#1739 = CARTESIAN_POINT('',(156.12,-99.14575,0.71));
#1740 = LINE('',#1741,#1742);
#1741 = CARTESIAN_POINT('',(156.12,-99.14575,0.71));
#1742 = VECTOR('',#1743,1.);
#1743 = DIRECTION('',(0.,0.,1.));
#1744 = ORIENTED_EDGE('',*,*,#1745,.F.);
#1745 = EDGE_CURVE('',#1706,#1738,#1746,.T.);
#1746 = LINE('',#1747,#1748);
#1747 = CARTESIAN_POINT('',(155.78,-99.14575,0.71));
#1748 = VECTOR('',#1749,1.);
#1749 = DIRECTION('',(1.,0.,0.));
#1750 = PLANE('',#1751);
#1751 = AXIS2_PLACEMENT_3D('',#1752,#1753,#1754);
#1752 = CARTESIAN_POINT('',(155.78,-99.14575,0.71));
#1753 = DIRECTION('',(0.,1.,0.));
#1754 = DIRECTION('',(1.,0.,0.));
#1755 = ADVANCED_FACE('',(#1756),#1783,.T.);
#1756 = FACE_BOUND('',#1757,.T.);
#1757 = EDGE_LOOP('',(#1758,#1759,#1768,#1776));
#1758 = ORIENTED_EDGE('',*,*,#1737,.T.);
#1759 = ORIENTED_EDGE('',*,*,#1760,.T.);
#1760 = EDGE_CURVE('',#1730,#1761,#1763,.T.);
#1761 = VERTEX_POINT('',#1762);
#1762 = CARTESIAN_POINT('',(156.26,-99.28575,0.75));
#1763 = CIRCLE('',#1764,0.139999827125);
#1764 = AXIS2_PLACEMENT_3D('',#1765,#1766,#1767);
#1765 = CARTESIAN_POINT('',(156.12000017287,-99.28574982712,0.75));
#1766 = DIRECTION('',(0.,0.,-1.));
#1767 = DIRECTION('',(-1.234820451254E-06,0.999999999999,0.));
#1768 = ORIENTED_EDGE('',*,*,#1769,.F.);
#1769 = EDGE_CURVE('',#1770,#1761,#1772,.T.);
#1770 = VERTEX_POINT('',#1771);
#1771 = CARTESIAN_POINT('',(156.26,-99.28575,0.71));
#1772 = LINE('',#1773,#1774);
#1773 = CARTESIAN_POINT('',(156.26,-99.28575,0.71));
#1774 = VECTOR('',#1775,1.);
#1775 = DIRECTION('',(0.,0.,1.));
#1776 = ORIENTED_EDGE('',*,*,#1777,.F.);
#1777 = EDGE_CURVE('',#1738,#1770,#1778,.T.);
#1778 = CIRCLE('',#1779,0.139999827125);
#1779 = AXIS2_PLACEMENT_3D('',#1780,#1781,#1782);
#1780 = CARTESIAN_POINT('',(156.12000017287,-99.28574982712,0.71));
#1781 = DIRECTION('',(0.,0.,-1.));
#1782 = DIRECTION('',(-1.234820451254E-06,0.999999999999,0.));
#1783 = CYLINDRICAL_SURFACE('',#1784,0.139999827125);
#1784 = AXIS2_PLACEMENT_3D('',#1785,#1786,#1787);
#1785 = CARTESIAN_POINT('',(156.12000017287,-99.28574982712,0.71));
#1786 = DIRECTION('',(0.,0.,-1.));
#1787 = DIRECTION('',(-1.234820451254E-06,0.999999999999,0.));
#1788 = ADVANCED_FACE('',(#1789),#1814,.T.);
#1789 = FACE_BOUND('',#1790,.T.);
#1790 = EDGE_LOOP('',(#1791,#1792,#1800,#1808));
#1791 = ORIENTED_EDGE('',*,*,#1769,.T.);
#1792 = ORIENTED_EDGE('',*,*,#1793,.T.);
#1793 = EDGE_CURVE('',#1761,#1794,#1796,.T.);
#1794 = VERTEX_POINT('',#1795);
#1795 = CARTESIAN_POINT('',(156.26,-99.56575,0.75));
#1796 = LINE('',#1797,#1798);
#1797 = CARTESIAN_POINT('',(156.26,-99.28575,0.75));
#1798 = VECTOR('',#1799,1.);
#1799 = DIRECTION('',(0.,-1.,0.));
#1800 = ORIENTED_EDGE('',*,*,#1801,.F.);
#1801 = EDGE_CURVE('',#1802,#1794,#1804,.T.);
#1802 = VERTEX_POINT('',#1803);
#1803 = CARTESIAN_POINT('',(156.26,-99.56575,0.71));
#1804 = LINE('',#1805,#1806);
#1805 = CARTESIAN_POINT('',(156.26,-99.56575,0.71));
#1806 = VECTOR('',#1807,1.);
#1807 = DIRECTION('',(0.,0.,1.));
#1808 = ORIENTED_EDGE('',*,*,#1809,.F.);
#1809 = EDGE_CURVE('',#1770,#1802,#1810,.T.);
#1810 = LINE('',#1811,#1812);
#1811 = CARTESIAN_POINT('',(156.26,-99.28575,0.71));
#1812 = VECTOR('',#1813,1.);
#1813 = DIRECTION('',(0.,-1.,0.));
#1814 = PLANE('',#1815);
#1815 = AXIS2_PLACEMENT_3D('',#1816,#1817,#1818);
#1816 = CARTESIAN_POINT('',(156.26,-99.28575,0.71));
#1817 = DIRECTION('',(1.,0.,-0.));
#1818 = DIRECTION('',(0.,-1.,0.));
#1819 = ADVANCED_FACE('',(#1820),#1847,.T.);
#1820 = FACE_BOUND('',#1821,.T.);
#1821 = EDGE_LOOP('',(#1822,#1823,#1832,#1840));
#1822 = ORIENTED_EDGE('',*,*,#1801,.T.);
#1823 = ORIENTED_EDGE('',*,*,#1824,.T.);
#1824 = EDGE_CURVE('',#1794,#1825,#1827,.T.);
#1825 = VERTEX_POINT('',#1826);
#1826 = CARTESIAN_POINT('',(156.12,-99.70575,0.75));
#1827 = CIRCLE('',#1828,0.139999827125);
#1828 = AXIS2_PLACEMENT_3D('',#1829,#1830,#1831);
#1829 = CARTESIAN_POINT('',(156.12000017287,-99.56575017287,0.75));
#1830 = DIRECTION('',(0.,0.,-1.));
#1831 = DIRECTION('',(0.999999999999,1.23482055276E-06,0.));
#1832 = ORIENTED_EDGE('',*,*,#1833,.F.);
#1833 = EDGE_CURVE('',#1834,#1825,#1836,.T.);
#1834 = VERTEX_POINT('',#1835);
#1835 = CARTESIAN_POINT('',(156.12,-99.70575,0.71));
#1836 = LINE('',#1837,#1838);
#1837 = CARTESIAN_POINT('',(156.12,-99.70575,0.71));
#1838 = VECTOR('',#1839,1.);
#1839 = DIRECTION('',(0.,0.,1.));
#1840 = ORIENTED_EDGE('',*,*,#1841,.F.);
#1841 = EDGE_CURVE('',#1802,#1834,#1842,.T.);
#1842 = CIRCLE('',#1843,0.139999827125);
#1843 = AXIS2_PLACEMENT_3D('',#1844,#1845,#1846);
#1844 = CARTESIAN_POINT('',(156.12000017287,-99.56575017287,0.71));
#1845 = DIRECTION('',(0.,0.,-1.));
#1846 = DIRECTION('',(0.999999999999,1.23482055276E-06,0.));
#1847 = CYLINDRICAL_SURFACE('',#1848,0.139999827125);
#1848 = AXIS2_PLACEMENT_3D('',#1849,#1850,#1851);
#1849 = CARTESIAN_POINT('',(156.12000017287,-99.56575017287,0.71));
#1850 = DIRECTION('',(0.,0.,-1.));
#1851 = DIRECTION('',(0.999999999999,1.23482055276E-06,0.));
#1852 = ADVANCED_FACE('',(#1853),#1878,.T.);
#1853 = FACE_BOUND('',#1854,.T.);
#1854 = EDGE_LOOP('',(#1855,#1856,#1864,#1872));
#1855 = ORIENTED_EDGE('',*,*,#1833,.T.);
#1856 = ORIENTED_EDGE('',*,*,#1857,.T.);
#1857 = EDGE_CURVE('',#1825,#1858,#1860,.T.);
#1858 = VERTEX_POINT('',#1859);
#1859 = CARTESIAN_POINT('',(155.78,-99.70575,0.75));
#1860 = LINE('',#1861,#1862);
#1861 = CARTESIAN_POINT('',(156.12,-99.70575,0.75));
#1862 = VECTOR('',#1863,1.);
#1863 = DIRECTION('',(-1.,0.,0.));
#1864 = ORIENTED_EDGE('',*,*,#1865,.F.);
#1865 = EDGE_CURVE('',#1866,#1858,#1868,.T.);
#1866 = VERTEX_POINT('',#1867);
#1867 = CARTESIAN_POINT('',(155.78,-99.70575,0.71));
#1868 = LINE('',#1869,#1870);
#1869 = CARTESIAN_POINT('',(155.78,-99.70575,0.71));
#1870 = VECTOR('',#1871,1.);
#1871 = DIRECTION('',(0.,0.,1.));
#1872 = ORIENTED_EDGE('',*,*,#1873,.F.);
#1873 = EDGE_CURVE('',#1834,#1866,#1874,.T.);
#1874 = LINE('',#1875,#1876);
#1875 = CARTESIAN_POINT('',(156.12,-99.70575,0.71));
#1876 = VECTOR('',#1877,1.);
#1877 = DIRECTION('',(-1.,0.,0.));
#1878 = PLANE('',#1879);
#1879 = AXIS2_PLACEMENT_3D('',#1880,#1881,#1882);
#1880 = CARTESIAN_POINT('',(156.12,-99.70575,0.71));
#1881 = DIRECTION('',(0.,-1.,0.));
#1882 = DIRECTION('',(-1.,0.,0.));
#1883 = ADVANCED_FACE('',(#1884),#1911,.T.);
#1884 = FACE_BOUND('',#1885,.T.);
#1885 = EDGE_LOOP('',(#1886,#1887,#1896,#1904));
#1886 = ORIENTED_EDGE('',*,*,#1865,.T.);
#1887 = ORIENTED_EDGE('',*,*,#1888,.T.);
#1888 = EDGE_CURVE('',#1858,#1889,#1891,.T.);
#1889 = VERTEX_POINT('',#1890);
#1890 = CARTESIAN_POINT('',(155.64,-99.56575,0.75));
#1891 = CIRCLE('',#1892,0.139999827125);
#1892 = AXIS2_PLACEMENT_3D('',#1893,#1894,#1895);
#1893 = CARTESIAN_POINT('',(155.77999982712,-99.56575017287,0.75));
#1894 = DIRECTION('',(0.,0.,-1.));
#1895 = DIRECTION('',(1.234820248241E-06,-0.999999999999,0.));
#1896 = ORIENTED_EDGE('',*,*,#1897,.F.);
#1897 = EDGE_CURVE('',#1898,#1889,#1900,.T.);
#1898 = VERTEX_POINT('',#1899);
#1899 = CARTESIAN_POINT('',(155.64,-99.56575,0.71));
#1900 = LINE('',#1901,#1902);
#1901 = CARTESIAN_POINT('',(155.64,-99.56575,0.71));
#1902 = VECTOR('',#1903,1.);
#1903 = DIRECTION('',(0.,0.,1.));
#1904 = ORIENTED_EDGE('',*,*,#1905,.F.);
#1905 = EDGE_CURVE('',#1866,#1898,#1906,.T.);
#1906 = CIRCLE('',#1907,0.139999827125);
#1907 = AXIS2_PLACEMENT_3D('',#1908,#1909,#1910);
#1908 = CARTESIAN_POINT('',(155.77999982712,-99.56575017287,0.71));
#1909 = DIRECTION('',(0.,0.,-1.));
#1910 = DIRECTION('',(1.234820248241E-06,-0.999999999999,0.));
#1911 = CYLINDRICAL_SURFACE('',#1912,0.139999827125);
#1912 = AXIS2_PLACEMENT_3D('',#1913,#1914,#1915);
#1913 = CARTESIAN_POINT('',(155.77999982712,-99.56575017287,0.71));
#1914 = DIRECTION('',(0.,0.,-1.));
#1915 = DIRECTION('',(1.234820248241E-06,-0.999999999999,0.));
#1916 = ADVANCED_FACE('',(#1917),#1933,.T.);
#1917 = FACE_BOUND('',#1918,.T.);
#1918 = EDGE_LOOP('',(#1919,#1920,#1926,#1927));
#1919 = ORIENTED_EDGE('',*,*,#1897,.T.);
#1920 = ORIENTED_EDGE('',*,*,#1921,.T.);
#1921 = EDGE_CURVE('',#1889,#1689,#1922,.T.);
#1922 = LINE('',#1923,#1924);
#1923 = CARTESIAN_POINT('',(155.64,-99.56575,0.75));
#1924 = VECTOR('',#1925,1.);
#1925 = DIRECTION('',(0.,1.,0.));
#1926 = ORIENTED_EDGE('',*,*,#1686,.F.);
#1927 = ORIENTED_EDGE('',*,*,#1928,.F.);
#1928 = EDGE_CURVE('',#1898,#1687,#1929,.T.);
#1929 = LINE('',#1930,#1931);
#1930 = CARTESIAN_POINT('',(155.64,-99.56575,0.71));
#1931 = VECTOR('',#1932,1.);
#1932 = DIRECTION('',(0.,1.,0.));
#1933 = PLANE('',#1934);
#1934 = AXIS2_PLACEMENT_3D('',#1935,#1936,#1937);
#1935 = CARTESIAN_POINT('',(155.64,-99.56575,0.71));
#1936 = DIRECTION('',(-1.,0.,0.));
#1937 = DIRECTION('',(0.,1.,0.));
#1938 = ADVANCED_FACE('',(#1939),#1949,.F.);
#1939 = FACE_BOUND('',#1940,.T.);
#1940 = EDGE_LOOP('',(#1941,#1942,#1943,#1944,#1945,#1946,#1947,#1948));
#1941 = ORIENTED_EDGE('',*,*,#1713,.T.);
#1942 = ORIENTED_EDGE('',*,*,#1745,.T.);
#1943 = ORIENTED_EDGE('',*,*,#1777,.T.);
#1944 = ORIENTED_EDGE('',*,*,#1809,.T.);
#1945 = ORIENTED_EDGE('',*,*,#1841,.T.);
#1946 = ORIENTED_EDGE('',*,*,#1873,.T.);
#1947 = ORIENTED_EDGE('',*,*,#1905,.T.);
#1948 = ORIENTED_EDGE('',*,*,#1928,.T.);
#1949 = PLANE('',#1950);
#1950 = AXIS2_PLACEMENT_3D('',#1951,#1952,#1953);
#1951 = CARTESIAN_POINT('',(0.,0.,0.71));
#1952 = DIRECTION('',(0.,0.,1.));
#1953 = DIRECTION('',(1.,0.,-0.));
#1954 = ADVANCED_FACE('',(#1955),#1965,.T.);
#1955 = FACE_BOUND('',#1956,.F.);
#1956 = EDGE_LOOP('',(#1957,#1958,#1959,#1960,#1961,#1962,#1963,#1964));
#1957 = ORIENTED_EDGE('',*,*,#1696,.T.);
#1958 = ORIENTED_EDGE('',*,*,#1729,.T.);
#1959 = ORIENTED_EDGE('',*,*,#1760,.T.);
#1960 = ORIENTED_EDGE('',*,*,#1793,.T.);
#1961 = ORIENTED_EDGE('',*,*,#1824,.T.);
#1962 = ORIENTED_EDGE('',*,*,#1857,.T.);
#1963 = ORIENTED_EDGE('',*,*,#1888,.T.);
#1964 = ORIENTED_EDGE('',*,*,#1921,.T.);
#1965 = PLANE('',#1966);
#1966 = AXIS2_PLACEMENT_3D('',#1967,#1968,#1969);
#1967 = CARTESIAN_POINT('',(0.,0.,0.75));
#1968 = DIRECTION('',(0.,0.,1.));
#1969 = DIRECTION('',(1.,0.,-0.));
#1970 = MANIFOLD_SOLID_BREP('',#1971);
#1971 = CLOSED_SHELL('',(#1972,#2014,#2045,#2078,#2109,#2142,#2173,#2206
    ,#2228,#2244));
#1972 = ADVANCED_FACE('',(#1973),#2009,.T.);
#1973 = FACE_BOUND('',#1974,.T.);
#1974 = EDGE_LOOP('',(#1975,#1985,#1994,#2002));
#1975 = ORIENTED_EDGE('',*,*,#1976,.T.);
#1976 = EDGE_CURVE('',#1977,#1979,#1981,.T.);
#1977 = VERTEX_POINT('',#1978);
#1978 = CARTESIAN_POINT('',(155.64,-98.32575,0.71));
#1979 = VERTEX_POINT('',#1980);
#1980 = CARTESIAN_POINT('',(155.64,-98.32575,0.75));
#1981 = LINE('',#1982,#1983);
#1982 = CARTESIAN_POINT('',(155.64,-98.32575,0.71));
#1983 = VECTOR('',#1984,1.);
#1984 = DIRECTION('',(0.,0.,1.));
#1985 = ORIENTED_EDGE('',*,*,#1986,.T.);
#1986 = EDGE_CURVE('',#1979,#1987,#1989,.T.);
#1987 = VERTEX_POINT('',#1988);
#1988 = CARTESIAN_POINT('',(155.78,-98.18575,0.75));
#1989 = CIRCLE('',#1990,0.139999827125);
#1990 = AXIS2_PLACEMENT_3D('',#1991,#1992,#1993);
#1991 = CARTESIAN_POINT('',(155.77999982712,-98.32574982712,0.75));
#1992 = DIRECTION('',(0.,0.,-1.));
#1993 = DIRECTION('',(-0.999999999999,-1.234820248241E-06,-0.));
#1994 = ORIENTED_EDGE('',*,*,#1995,.F.);
#1995 = EDGE_CURVE('',#1996,#1987,#1998,.T.);
#1996 = VERTEX_POINT('',#1997);
#1997 = CARTESIAN_POINT('',(155.78,-98.18575,0.71));
#1998 = LINE('',#1999,#2000);
#1999 = CARTESIAN_POINT('',(155.78,-98.18575,0.71));
#2000 = VECTOR('',#2001,1.);
#2001 = DIRECTION('',(0.,0.,1.));
#2002 = ORIENTED_EDGE('',*,*,#2003,.F.);
#2003 = EDGE_CURVE('',#1977,#1996,#2004,.T.);
#2004 = CIRCLE('',#2005,0.139999827125);
#2005 = AXIS2_PLACEMENT_3D('',#2006,#2007,#2008);
#2006 = CARTESIAN_POINT('',(155.77999982712,-98.32574982712,0.71));
#2007 = DIRECTION('',(0.,0.,-1.));
#2008 = DIRECTION('',(-0.999999999999,-1.234820248241E-06,-0.));
#2009 = CYLINDRICAL_SURFACE('',#2010,0.139999827125);
#2010 = AXIS2_PLACEMENT_3D('',#2011,#2012,#2013);
#2011 = CARTESIAN_POINT('',(155.77999982712,-98.32574982712,0.71));
#2012 = DIRECTION('',(0.,0.,-1.));
#2013 = DIRECTION('',(-0.999999999999,-1.234820248241E-06,-0.));
#2014 = ADVANCED_FACE('',(#2015),#2040,.T.);
#2015 = FACE_BOUND('',#2016,.T.);
#2016 = EDGE_LOOP('',(#2017,#2018,#2026,#2034));
#2017 = ORIENTED_EDGE('',*,*,#1995,.T.);
#2018 = ORIENTED_EDGE('',*,*,#2019,.T.);
#2019 = EDGE_CURVE('',#1987,#2020,#2022,.T.);
#2020 = VERTEX_POINT('',#2021);
#2021 = CARTESIAN_POINT('',(156.12,-98.18575,0.75));
#2022 = LINE('',#2023,#2024);
#2023 = CARTESIAN_POINT('',(155.78,-98.18575,0.75));
#2024 = VECTOR('',#2025,1.);
#2025 = DIRECTION('',(1.,0.,0.));
#2026 = ORIENTED_EDGE('',*,*,#2027,.F.);
#2027 = EDGE_CURVE('',#2028,#2020,#2030,.T.);
#2028 = VERTEX_POINT('',#2029);
#2029 = CARTESIAN_POINT('',(156.12,-98.18575,0.71));
#2030 = LINE('',#2031,#2032);
#2031 = CARTESIAN_POINT('',(156.12,-98.18575,0.71));
#2032 = VECTOR('',#2033,1.);
#2033 = DIRECTION('',(0.,0.,1.));
#2034 = ORIENTED_EDGE('',*,*,#2035,.F.);
#2035 = EDGE_CURVE('',#1996,#2028,#2036,.T.);
#2036 = LINE('',#2037,#2038);
#2037 = CARTESIAN_POINT('',(155.78,-98.18575,0.71));
#2038 = VECTOR('',#2039,1.);
#2039 = DIRECTION('',(1.,0.,0.));
#2040 = PLANE('',#2041);
#2041 = AXIS2_PLACEMENT_3D('',#2042,#2043,#2044);
#2042 = CARTESIAN_POINT('',(155.78,-98.18575,0.71));
#2043 = DIRECTION('',(0.,1.,0.));
#2044 = DIRECTION('',(1.,0.,0.));
#2045 = ADVANCED_FACE('',(#2046),#2073,.T.);
#2046 = FACE_BOUND('',#2047,.T.);
#2047 = EDGE_LOOP('',(#2048,#2049,#2058,#2066));
#2048 = ORIENTED_EDGE('',*,*,#2027,.T.);
#2049 = ORIENTED_EDGE('',*,*,#2050,.T.);
#2050 = EDGE_CURVE('',#2020,#2051,#2053,.T.);
#2051 = VERTEX_POINT('',#2052);
#2052 = CARTESIAN_POINT('',(156.26,-98.32575,0.75));
#2053 = CIRCLE('',#2054,0.139999827125);
#2054 = AXIS2_PLACEMENT_3D('',#2055,#2056,#2057);
#2055 = CARTESIAN_POINT('',(156.12000017287,-98.32574982712,0.75));
#2056 = DIRECTION('',(0.,0.,-1.));
#2057 = DIRECTION('',(-1.234820451254E-06,0.999999999999,0.));
#2058 = ORIENTED_EDGE('',*,*,#2059,.F.);
#2059 = EDGE_CURVE('',#2060,#2051,#2062,.T.);
#2060 = VERTEX_POINT('',#2061);
#2061 = CARTESIAN_POINT('',(156.26,-98.32575,0.71));
#2062 = LINE('',#2063,#2064);
#2063 = CARTESIAN_POINT('',(156.26,-98.32575,0.71));
#2064 = VECTOR('',#2065,1.);
#2065 = DIRECTION('',(0.,0.,1.));
#2066 = ORIENTED_EDGE('',*,*,#2067,.F.);
#2067 = EDGE_CURVE('',#2028,#2060,#2068,.T.);
#2068 = CIRCLE('',#2069,0.139999827125);
#2069 = AXIS2_PLACEMENT_3D('',#2070,#2071,#2072);
#2070 = CARTESIAN_POINT('',(156.12000017287,-98.32574982712,0.71));
#2071 = DIRECTION('',(0.,0.,-1.));
#2072 = DIRECTION('',(-1.234820451254E-06,0.999999999999,0.));
#2073 = CYLINDRICAL_SURFACE('',#2074,0.139999827125);
#2074 = AXIS2_PLACEMENT_3D('',#2075,#2076,#2077);
#2075 = CARTESIAN_POINT('',(156.12000017287,-98.32574982712,0.71));
#2076 = DIRECTION('',(0.,0.,-1.));
#2077 = DIRECTION('',(-1.234820451254E-06,0.999999999999,0.));
#2078 = ADVANCED_FACE('',(#2079),#2104,.T.);
#2079 = FACE_BOUND('',#2080,.T.);
#2080 = EDGE_LOOP('',(#2081,#2082,#2090,#2098));
#2081 = ORIENTED_EDGE('',*,*,#2059,.T.);
#2082 = ORIENTED_EDGE('',*,*,#2083,.T.);
#2083 = EDGE_CURVE('',#2051,#2084,#2086,.T.);
#2084 = VERTEX_POINT('',#2085);
#2085 = CARTESIAN_POINT('',(156.26,-98.60575,0.75));
#2086 = LINE('',#2087,#2088);
#2087 = CARTESIAN_POINT('',(156.26,-98.32575,0.75));
#2088 = VECTOR('',#2089,1.);
#2089 = DIRECTION('',(0.,-1.,0.));
#2090 = ORIENTED_EDGE('',*,*,#2091,.F.);
#2091 = EDGE_CURVE('',#2092,#2084,#2094,.T.);
#2092 = VERTEX_POINT('',#2093);
#2093 = CARTESIAN_POINT('',(156.26,-98.60575,0.71));
#2094 = LINE('',#2095,#2096);
#2095 = CARTESIAN_POINT('',(156.26,-98.60575,0.71));
#2096 = VECTOR('',#2097,1.);
#2097 = DIRECTION('',(0.,0.,1.));
#2098 = ORIENTED_EDGE('',*,*,#2099,.F.);
#2099 = EDGE_CURVE('',#2060,#2092,#2100,.T.);
#2100 = LINE('',#2101,#2102);
#2101 = CARTESIAN_POINT('',(156.26,-98.32575,0.71));
#2102 = VECTOR('',#2103,1.);
#2103 = DIRECTION('',(0.,-1.,0.));
#2104 = PLANE('',#2105);
#2105 = AXIS2_PLACEMENT_3D('',#2106,#2107,#2108);
#2106 = CARTESIAN_POINT('',(156.26,-98.32575,0.71));
#2107 = DIRECTION('',(1.,0.,-0.));
#2108 = DIRECTION('',(0.,-1.,0.));
#2109 = ADVANCED_FACE('',(#2110),#2137,.T.);
#2110 = FACE_BOUND('',#2111,.T.);
#2111 = EDGE_LOOP('',(#2112,#2113,#2122,#2130));
#2112 = ORIENTED_EDGE('',*,*,#2091,.T.);
#2113 = ORIENTED_EDGE('',*,*,#2114,.T.);
#2114 = EDGE_CURVE('',#2084,#2115,#2117,.T.);
#2115 = VERTEX_POINT('',#2116);
#2116 = CARTESIAN_POINT('',(156.12,-98.74575,0.75));
#2117 = CIRCLE('',#2118,0.139999827125);
#2118 = AXIS2_PLACEMENT_3D('',#2119,#2120,#2121);
#2119 = CARTESIAN_POINT('',(156.12000017287,-98.60575017287,0.75));
#2120 = DIRECTION('',(0.,0.,-1.));
#2121 = DIRECTION('',(0.999999999999,1.23482055276E-06,0.));
#2122 = ORIENTED_EDGE('',*,*,#2123,.F.);
#2123 = EDGE_CURVE('',#2124,#2115,#2126,.T.);
#2124 = VERTEX_POINT('',#2125);
#2125 = CARTESIAN_POINT('',(156.12,-98.74575,0.71));
#2126 = LINE('',#2127,#2128);
#2127 = CARTESIAN_POINT('',(156.12,-98.74575,0.71));
#2128 = VECTOR('',#2129,1.);
#2129 = DIRECTION('',(0.,0.,1.));
#2130 = ORIENTED_EDGE('',*,*,#2131,.F.);
#2131 = EDGE_CURVE('',#2092,#2124,#2132,.T.);
#2132 = CIRCLE('',#2133,0.139999827125);
#2133 = AXIS2_PLACEMENT_3D('',#2134,#2135,#2136);
#2134 = CARTESIAN_POINT('',(156.12000017287,-98.60575017287,0.71));
#2135 = DIRECTION('',(0.,0.,-1.));
#2136 = DIRECTION('',(0.999999999999,1.23482055276E-06,0.));
#2137 = CYLINDRICAL_SURFACE('',#2138,0.139999827125);
#2138 = AXIS2_PLACEMENT_3D('',#2139,#2140,#2141);
#2139 = CARTESIAN_POINT('',(156.12000017287,-98.60575017287,0.71));
#2140 = DIRECTION('',(0.,0.,-1.));
#2141 = DIRECTION('',(0.999999999999,1.23482055276E-06,0.));
#2142 = ADVANCED_FACE('',(#2143),#2168,.T.);
#2143 = FACE_BOUND('',#2144,.T.);
#2144 = EDGE_LOOP('',(#2145,#2146,#2154,#2162));
#2145 = ORIENTED_EDGE('',*,*,#2123,.T.);
#2146 = ORIENTED_EDGE('',*,*,#2147,.T.);
#2147 = EDGE_CURVE('',#2115,#2148,#2150,.T.);
#2148 = VERTEX_POINT('',#2149);
#2149 = CARTESIAN_POINT('',(155.78,-98.74575,0.75));
#2150 = LINE('',#2151,#2152);
#2151 = CARTESIAN_POINT('',(156.12,-98.74575,0.75));
#2152 = VECTOR('',#2153,1.);
#2153 = DIRECTION('',(-1.,0.,0.));
#2154 = ORIENTED_EDGE('',*,*,#2155,.F.);
#2155 = EDGE_CURVE('',#2156,#2148,#2158,.T.);
#2156 = VERTEX_POINT('',#2157);
#2157 = CARTESIAN_POINT('',(155.78,-98.74575,0.71));
#2158 = LINE('',#2159,#2160);
#2159 = CARTESIAN_POINT('',(155.78,-98.74575,0.71));
#2160 = VECTOR('',#2161,1.);
#2161 = DIRECTION('',(0.,0.,1.));
#2162 = ORIENTED_EDGE('',*,*,#2163,.F.);
#2163 = EDGE_CURVE('',#2124,#2156,#2164,.T.);
#2164 = LINE('',#2165,#2166);
#2165 = CARTESIAN_POINT('',(156.12,-98.74575,0.71));
#2166 = VECTOR('',#2167,1.);
#2167 = DIRECTION('',(-1.,0.,0.));
#2168 = PLANE('',#2169);
#2169 = AXIS2_PLACEMENT_3D('',#2170,#2171,#2172);
#2170 = CARTESIAN_POINT('',(156.12,-98.74575,0.71));
#2171 = DIRECTION('',(0.,-1.,0.));
#2172 = DIRECTION('',(-1.,0.,0.));
#2173 = ADVANCED_FACE('',(#2174),#2201,.T.);
#2174 = FACE_BOUND('',#2175,.T.);
#2175 = EDGE_LOOP('',(#2176,#2177,#2186,#2194));
#2176 = ORIENTED_EDGE('',*,*,#2155,.T.);
#2177 = ORIENTED_EDGE('',*,*,#2178,.T.);
#2178 = EDGE_CURVE('',#2148,#2179,#2181,.T.);
#2179 = VERTEX_POINT('',#2180);
#2180 = CARTESIAN_POINT('',(155.64,-98.60575,0.75));
#2181 = CIRCLE('',#2182,0.139999827125);
#2182 = AXIS2_PLACEMENT_3D('',#2183,#2184,#2185);
#2183 = CARTESIAN_POINT('',(155.77999982712,-98.60575017287,0.75));
#2184 = DIRECTION('',(0.,0.,-1.));
#2185 = DIRECTION('',(1.234820451253E-06,-0.999999999999,0.));
#2186 = ORIENTED_EDGE('',*,*,#2187,.F.);
#2187 = EDGE_CURVE('',#2188,#2179,#2190,.T.);
#2188 = VERTEX_POINT('',#2189);
#2189 = CARTESIAN_POINT('',(155.64,-98.60575,0.71));
#2190 = LINE('',#2191,#2192);
#2191 = CARTESIAN_POINT('',(155.64,-98.60575,0.71));
#2192 = VECTOR('',#2193,1.);
#2193 = DIRECTION('',(0.,0.,1.));
#2194 = ORIENTED_EDGE('',*,*,#2195,.F.);
#2195 = EDGE_CURVE('',#2156,#2188,#2196,.T.);
#2196 = CIRCLE('',#2197,0.139999827125);
#2197 = AXIS2_PLACEMENT_3D('',#2198,#2199,#2200);
#2198 = CARTESIAN_POINT('',(155.77999982712,-98.60575017287,0.71));
#2199 = DIRECTION('',(0.,0.,-1.));
#2200 = DIRECTION('',(1.234820451253E-06,-0.999999999999,0.));
#2201 = CYLINDRICAL_SURFACE('',#2202,0.139999827125);
#2202 = AXIS2_PLACEMENT_3D('',#2203,#2204,#2205);
#2203 = CARTESIAN_POINT('',(155.77999982712,-98.60575017287,0.71));
#2204 = DIRECTION('',(0.,0.,-1.));
#2205 = DIRECTION('',(1.234820451253E-06,-0.999999999999,0.));
#2206 = ADVANCED_FACE('',(#2207),#2223,.T.);
#2207 = FACE_BOUND('',#2208,.T.);
#2208 = EDGE_LOOP('',(#2209,#2210,#2216,#2217));
#2209 = ORIENTED_EDGE('',*,*,#2187,.T.);
#2210 = ORIENTED_EDGE('',*,*,#2211,.T.);
#2211 = EDGE_CURVE('',#2179,#1979,#2212,.T.);
#2212 = LINE('',#2213,#2214);
#2213 = CARTESIAN_POINT('',(155.64,-98.60575,0.75));
#2214 = VECTOR('',#2215,1.);
#2215 = DIRECTION('',(0.,1.,0.));
#2216 = ORIENTED_EDGE('',*,*,#1976,.F.);
#2217 = ORIENTED_EDGE('',*,*,#2218,.F.);
#2218 = EDGE_CURVE('',#2188,#1977,#2219,.T.);
#2219 = LINE('',#2220,#2221);
#2220 = CARTESIAN_POINT('',(155.64,-98.60575,0.71));
#2221 = VECTOR('',#2222,1.);
#2222 = DIRECTION('',(0.,1.,0.));
#2223 = PLANE('',#2224);
#2224 = AXIS2_PLACEMENT_3D('',#2225,#2226,#2227);
#2225 = CARTESIAN_POINT('',(155.64,-98.60575,0.71));
#2226 = DIRECTION('',(-1.,0.,0.));
#2227 = DIRECTION('',(0.,1.,0.));
#2228 = ADVANCED_FACE('',(#2229),#2239,.F.);
#2229 = FACE_BOUND('',#2230,.T.);
#2230 = EDGE_LOOP('',(#2231,#2232,#2233,#2234,#2235,#2236,#2237,#2238));
#2231 = ORIENTED_EDGE('',*,*,#2003,.T.);
#2232 = ORIENTED_EDGE('',*,*,#2035,.T.);
#2233 = ORIENTED_EDGE('',*,*,#2067,.T.);
#2234 = ORIENTED_EDGE('',*,*,#2099,.T.);
#2235 = ORIENTED_EDGE('',*,*,#2131,.T.);
#2236 = ORIENTED_EDGE('',*,*,#2163,.T.);
#2237 = ORIENTED_EDGE('',*,*,#2195,.T.);
#2238 = ORIENTED_EDGE('',*,*,#2218,.T.);
#2239 = PLANE('',#2240);
#2240 = AXIS2_PLACEMENT_3D('',#2241,#2242,#2243);
#2241 = CARTESIAN_POINT('',(0.,0.,0.71));
#2242 = DIRECTION('',(0.,0.,1.));
#2243 = DIRECTION('',(1.,0.,-0.));
#2244 = ADVANCED_FACE('',(#2245),#2255,.T.);
#2245 = FACE_BOUND('',#2246,.F.);
#2246 = EDGE_LOOP('',(#2247,#2248,#2249,#2250,#2251,#2252,#2253,#2254));
#2247 = ORIENTED_EDGE('',*,*,#1986,.T.);
#2248 = ORIENTED_EDGE('',*,*,#2019,.T.);
#2249 = ORIENTED_EDGE('',*,*,#2050,.T.);
#2250 = ORIENTED_EDGE('',*,*,#2083,.T.);
#2251 = ORIENTED_EDGE('',*,*,#2114,.T.);
#2252 = ORIENTED_EDGE('',*,*,#2147,.T.);
#2253 = ORIENTED_EDGE('',*,*,#2178,.T.);
#2254 = ORIENTED_EDGE('',*,*,#2211,.T.);
#2255 = PLANE('',#2256);
#2256 = AXIS2_PLACEMENT_3D('',#2257,#2258,#2259);
#2257 = CARTESIAN_POINT('',(0.,0.,0.75));
#2258 = DIRECTION('',(0.,0.,1.));
#2259 = DIRECTION('',(1.,0.,-0.));
#2260 = MANIFOLD_SOLID_BREP('',#2261);
#2261 = CLOSED_SHELL('',(#2262,#2295,#2315,#2335));
#2262 = ADVANCED_FACE('',(#2263),#2290,.T.);
#2263 = FACE_BOUND('',#2264,.F.);
#2264 = EDGE_LOOP('',(#2265,#2275,#2282,#2283));
#2265 = ORIENTED_EDGE('',*,*,#2266,.T.);
#2266 = EDGE_CURVE('',#2267,#2269,#2271,.T.);
#2267 = VERTEX_POINT('',#2268);
#2268 = CARTESIAN_POINT('',(156.75,-97.,0.71));
#2269 = VERTEX_POINT('',#2270);
#2270 = CARTESIAN_POINT('',(156.75,-97.,0.75));
#2271 = LINE('',#2272,#2273);
#2272 = CARTESIAN_POINT('',(156.75,-97.,0.71));
#2273 = VECTOR('',#2274,1.);
#2274 = DIRECTION('',(0.,0.,1.));
#2275 = ORIENTED_EDGE('',*,*,#2276,.T.);
#2276 = EDGE_CURVE('',#2269,#2269,#2277,.T.);
#2277 = CIRCLE('',#2278,0.5);
#2278 = AXIS2_PLACEMENT_3D('',#2279,#2280,#2281);
#2279 = CARTESIAN_POINT('',(156.25,-97.,0.75));
#2280 = DIRECTION('',(0.,0.,1.));
#2281 = DIRECTION('',(1.,0.,-0.));
#2282 = ORIENTED_EDGE('',*,*,#2266,.F.);
#2283 = ORIENTED_EDGE('',*,*,#2284,.F.);
#2284 = EDGE_CURVE('',#2267,#2267,#2285,.T.);
#2285 = CIRCLE('',#2286,0.5);
#2286 = AXIS2_PLACEMENT_3D('',#2287,#2288,#2289);
#2287 = CARTESIAN_POINT('',(156.25,-97.,0.71));
#2288 = DIRECTION('',(0.,0.,1.));
#2289 = DIRECTION('',(1.,0.,-0.));
#2290 = CYLINDRICAL_SURFACE('',#2291,0.5);
#2291 = AXIS2_PLACEMENT_3D('',#2292,#2293,#2294);
#2292 = CARTESIAN_POINT('',(156.25,-97.,0.71));
#2293 = DIRECTION('',(-0.,-0.,-1.));
#2294 = DIRECTION('',(1.,0.,-0.));
#2295 = ADVANCED_FACE('',(#2296,#2299),#2310,.F.);
#2296 = FACE_BOUND('',#2297,.F.);
#2297 = EDGE_LOOP('',(#2298));
#2298 = ORIENTED_EDGE('',*,*,#2284,.T.);
#2299 = FACE_BOUND('',#2300,.F.);
#2300 = EDGE_LOOP('',(#2301));
#2301 = ORIENTED_EDGE('',*,*,#2302,.T.);
#2302 = EDGE_CURVE('',#2303,#2303,#2305,.T.);
#2303 = VERTEX_POINT('',#2304);
#2304 = CARTESIAN_POINT('',(156.25,-97.225,0.71));
#2305 = CIRCLE('',#2306,0.225);
#2306 = AXIS2_PLACEMENT_3D('',#2307,#2308,#2309);
#2307 = CARTESIAN_POINT('',(156.25,-97.,0.71));
#2308 = DIRECTION('',(-0.,0.,-1.));
#2309 = DIRECTION('',(-0.,-1.,0.));
#2310 = PLANE('',#2311);
#2311 = AXIS2_PLACEMENT_3D('',#2312,#2313,#2314);
#2312 = CARTESIAN_POINT('',(0.,0.,0.71));
#2313 = DIRECTION('',(0.,0.,1.));
#2314 = DIRECTION('',(1.,0.,-0.));
#2315 = ADVANCED_FACE('',(#2316,#2319),#2330,.T.);
#2316 = FACE_BOUND('',#2317,.T.);
#2317 = EDGE_LOOP('',(#2318));
#2318 = ORIENTED_EDGE('',*,*,#2276,.T.);
#2319 = FACE_BOUND('',#2320,.T.);
#2320 = EDGE_LOOP('',(#2321));
#2321 = ORIENTED_EDGE('',*,*,#2322,.T.);
#2322 = EDGE_CURVE('',#2323,#2323,#2325,.T.);
#2323 = VERTEX_POINT('',#2324);
#2324 = CARTESIAN_POINT('',(156.25,-97.225,0.75));
#2325 = CIRCLE('',#2326,0.225);
#2326 = AXIS2_PLACEMENT_3D('',#2327,#2328,#2329);
#2327 = CARTESIAN_POINT('',(156.25,-97.,0.75));
#2328 = DIRECTION('',(-0.,0.,-1.));
#2329 = DIRECTION('',(-0.,-1.,0.));
#2330 = PLANE('',#2331);
#2331 = AXIS2_PLACEMENT_3D('',#2332,#2333,#2334);
#2332 = CARTESIAN_POINT('',(0.,0.,0.75));
#2333 = DIRECTION('',(0.,0.,1.));
#2334 = DIRECTION('',(1.,0.,-0.));
#2335 = ADVANCED_FACE('',(#2336),#2347,.F.);
#2336 = FACE_BOUND('',#2337,.T.);
#2337 = EDGE_LOOP('',(#2338,#2339,#2345,#2346));
#2338 = ORIENTED_EDGE('',*,*,#2302,.T.);
#2339 = ORIENTED_EDGE('',*,*,#2340,.T.);
#2340 = EDGE_CURVE('',#2303,#2323,#2341,.T.);
#2341 = LINE('',#2342,#2343);
#2342 = CARTESIAN_POINT('',(156.25,-97.225,-4.6E-02));
#2343 = VECTOR('',#2344,1.);
#2344 = DIRECTION('',(0.,0.,1.));
#2345 = ORIENTED_EDGE('',*,*,#2322,.F.);
#2346 = ORIENTED_EDGE('',*,*,#2340,.F.);
#2347 = CYLINDRICAL_SURFACE('',#2348,0.225);
#2348 = AXIS2_PLACEMENT_3D('',#2349,#2350,#2351);
#2349 = CARTESIAN_POINT('',(156.25,-97.,-4.6E-02));
#2350 = DIRECTION('',(-0.,-0.,-1.));
#2351 = DIRECTION('',(-0.,-1.,0.));
#2352 = MANIFOLD_SOLID_BREP('',#2353);
#2353 = CLOSED_SHELL('',(#2354,#2387,#2407,#2427));
#2354 = ADVANCED_FACE('',(#2355),#2382,.T.);
#2355 = FACE_BOUND('',#2356,.T.);
#2356 = EDGE_LOOP('',(#2357,#2367,#2374,#2375));
#2357 = ORIENTED_EDGE('',*,*,#2358,.T.);
#2358 = EDGE_CURVE('',#2359,#2361,#2363,.T.);
#2359 = VERTEX_POINT('',#2360);
#2360 = CARTESIAN_POINT('',(156.75,-97.,0.));
#2361 = VERTEX_POINT('',#2362);
#2362 = CARTESIAN_POINT('',(156.75,-97.,-4.E-02));
#2363 = LINE('',#2364,#2365);
#2364 = CARTESIAN_POINT('',(156.75,-97.,0.));
#2365 = VECTOR('',#2366,1.);
#2366 = DIRECTION('',(0.,0.,-1.));
#2367 = ORIENTED_EDGE('',*,*,#2368,.T.);
#2368 = EDGE_CURVE('',#2361,#2361,#2369,.T.);
#2369 = CIRCLE('',#2370,0.5);
#2370 = AXIS2_PLACEMENT_3D('',#2371,#2372,#2373);
#2371 = CARTESIAN_POINT('',(156.25,-97.,-4.E-02));
#2372 = DIRECTION('',(0.,0.,1.));
#2373 = DIRECTION('',(1.,0.,-0.));
#2374 = ORIENTED_EDGE('',*,*,#2358,.F.);
#2375 = ORIENTED_EDGE('',*,*,#2376,.F.);
#2376 = EDGE_CURVE('',#2359,#2359,#2377,.T.);
#2377 = CIRCLE('',#2378,0.5);
#2378 = AXIS2_PLACEMENT_3D('',#2379,#2380,#2381);
#2379 = CARTESIAN_POINT('',(156.25,-97.,0.));
#2380 = DIRECTION('',(0.,0.,1.));
#2381 = DIRECTION('',(1.,0.,-0.));
#2382 = CYLINDRICAL_SURFACE('',#2383,0.5);
#2383 = AXIS2_PLACEMENT_3D('',#2384,#2385,#2386);
#2384 = CARTESIAN_POINT('',(156.25,-97.,0.));
#2385 = DIRECTION('',(0.,0.,1.));
#2386 = DIRECTION('',(1.,0.,-0.));
#2387 = ADVANCED_FACE('',(#2388,#2391),#2402,.F.);
#2388 = FACE_BOUND('',#2389,.F.);
#2389 = EDGE_LOOP('',(#2390));
#2390 = ORIENTED_EDGE('',*,*,#2376,.F.);
#2391 = FACE_BOUND('',#2392,.F.);
#2392 = EDGE_LOOP('',(#2393));
#2393 = ORIENTED_EDGE('',*,*,#2394,.F.);
#2394 = EDGE_CURVE('',#2395,#2395,#2397,.T.);
#2395 = VERTEX_POINT('',#2396);
#2396 = CARTESIAN_POINT('',(156.25,-97.225,0.));
#2397 = CIRCLE('',#2398,0.225);
#2398 = AXIS2_PLACEMENT_3D('',#2399,#2400,#2401);
#2399 = CARTESIAN_POINT('',(156.25,-97.,0.));
#2400 = DIRECTION('',(-0.,0.,-1.));
#2401 = DIRECTION('',(-0.,-1.,0.));
#2402 = PLANE('',#2403);
#2403 = AXIS2_PLACEMENT_3D('',#2404,#2405,#2406);
#2404 = CARTESIAN_POINT('',(0.,0.,0.));
#2405 = DIRECTION('',(-0.,-0.,-1.));
#2406 = DIRECTION('',(-1.,0.,0.));
#2407 = ADVANCED_FACE('',(#2408,#2411),#2422,.T.);
#2408 = FACE_BOUND('',#2409,.T.);
#2409 = EDGE_LOOP('',(#2410));
#2410 = ORIENTED_EDGE('',*,*,#2368,.F.);
#2411 = FACE_BOUND('',#2412,.T.);
#2412 = EDGE_LOOP('',(#2413));
#2413 = ORIENTED_EDGE('',*,*,#2414,.F.);
#2414 = EDGE_CURVE('',#2415,#2415,#2417,.T.);
#2415 = VERTEX_POINT('',#2416);
#2416 = CARTESIAN_POINT('',(156.25,-97.225,-4.E-02));
#2417 = CIRCLE('',#2418,0.225);
#2418 = AXIS2_PLACEMENT_3D('',#2419,#2420,#2421);
#2419 = CARTESIAN_POINT('',(156.25,-97.,-4.E-02));
#2420 = DIRECTION('',(-0.,0.,-1.));
#2421 = DIRECTION('',(-0.,-1.,0.));
#2422 = PLANE('',#2423);
#2423 = AXIS2_PLACEMENT_3D('',#2424,#2425,#2426);
#2424 = CARTESIAN_POINT('',(0.,0.,-4.E-02));
#2425 = DIRECTION('',(-0.,-0.,-1.));
#2426 = DIRECTION('',(-1.,0.,0.));
#2427 = ADVANCED_FACE('',(#2428),#2439,.F.);
#2428 = FACE_BOUND('',#2429,.T.);
#2429 = EDGE_LOOP('',(#2430,#2431,#2437,#2438));
#2430 = ORIENTED_EDGE('',*,*,#2414,.T.);
#2431 = ORIENTED_EDGE('',*,*,#2432,.T.);
#2432 = EDGE_CURVE('',#2415,#2395,#2433,.T.);
#2433 = LINE('',#2434,#2435);
#2434 = CARTESIAN_POINT('',(156.25,-97.225,-4.6E-02));
#2435 = VECTOR('',#2436,1.);
#2436 = DIRECTION('',(0.,0.,1.));
#2437 = ORIENTED_EDGE('',*,*,#2394,.F.);
#2438 = ORIENTED_EDGE('',*,*,#2432,.F.);
#2439 = CYLINDRICAL_SURFACE('',#2440,0.225);
#2440 = AXIS2_PLACEMENT_3D('',#2441,#2442,#2443);
#2441 = CARTESIAN_POINT('',(156.25,-97.,-4.6E-02));
#2442 = DIRECTION('',(-0.,-0.,-1.));
#2443 = DIRECTION('',(-0.,-1.,0.));
#2444 = MANIFOLD_SOLID_BREP('',#2445);
#2445 = CLOSED_SHELL('',(#2446,#2479,#2499,#2519));
#2446 = ADVANCED_FACE('',(#2447),#2474,.T.);
#2447 = FACE_BOUND('',#2448,.F.);
#2448 = EDGE_LOOP('',(#2449,#2459,#2466,#2467));
#2449 = ORIENTED_EDGE('',*,*,#2450,.T.);
#2450 = EDGE_CURVE('',#2451,#2453,#2455,.T.);
#2451 = VERTEX_POINT('',#2452);
#2452 = CARTESIAN_POINT('',(156.25,-97.25,-3.5E-02));
#2453 = VERTEX_POINT('',#2454);
#2454 = CARTESIAN_POINT('',(156.25,-97.25,0.745));
#2455 = LINE('',#2456,#2457);
#2456 = CARTESIAN_POINT('',(156.25,-97.25,-3.5E-02));
#2457 = VECTOR('',#2458,1.);
#2458 = DIRECTION('',(0.,0.,1.));
#2459 = ORIENTED_EDGE('',*,*,#2460,.T.);
#2460 = EDGE_CURVE('',#2453,#2453,#2461,.T.);
#2461 = CIRCLE('',#2462,0.25);
#2462 = AXIS2_PLACEMENT_3D('',#2463,#2464,#2465);
#2463 = CARTESIAN_POINT('',(156.25,-97.,0.745));
#2464 = DIRECTION('',(0.,0.,1.));
#2465 = DIRECTION('',(-0.,-1.,0.));
#2466 = ORIENTED_EDGE('',*,*,#2450,.F.);
#2467 = ORIENTED_EDGE('',*,*,#2468,.F.);
#2468 = EDGE_CURVE('',#2451,#2451,#2469,.T.);
#2469 = CIRCLE('',#2470,0.25);
#2470 = AXIS2_PLACEMENT_3D('',#2471,#2472,#2473);
#2471 = CARTESIAN_POINT('',(156.25,-97.,-3.5E-02));
#2472 = DIRECTION('',(0.,0.,1.));
#2473 = DIRECTION('',(-0.,-1.,0.));
#2474 = CYLINDRICAL_SURFACE('',#2475,0.25);
#2475 = AXIS2_PLACEMENT_3D('',#2476,#2477,#2478);
#2476 = CARTESIAN_POINT('',(156.25,-97.,-3.5E-02));
#2477 = DIRECTION('',(-0.,-0.,-1.));
#2478 = DIRECTION('',(-0.,-1.,0.));
#2479 = ADVANCED_FACE('',(#2480,#2483),#2494,.F.);
#2480 = FACE_BOUND('',#2481,.F.);
#2481 = EDGE_LOOP('',(#2482));
#2482 = ORIENTED_EDGE('',*,*,#2468,.T.);
#2483 = FACE_BOUND('',#2484,.F.);
#2484 = EDGE_LOOP('',(#2485));
#2485 = ORIENTED_EDGE('',*,*,#2486,.T.);
#2486 = EDGE_CURVE('',#2487,#2487,#2489,.T.);
#2487 = VERTEX_POINT('',#2488);
#2488 = CARTESIAN_POINT('',(156.25,-97.225,-3.5E-02));
#2489 = CIRCLE('',#2490,0.225);
#2490 = AXIS2_PLACEMENT_3D('',#2491,#2492,#2493);
#2491 = CARTESIAN_POINT('',(156.25,-97.,-3.5E-02));
#2492 = DIRECTION('',(-0.,0.,-1.));
#2493 = DIRECTION('',(-0.,-1.,0.));
#2494 = PLANE('',#2495);
#2495 = AXIS2_PLACEMENT_3D('',#2496,#2497,#2498);
#2496 = CARTESIAN_POINT('',(156.25,-97.25,-3.5E-02));
#2497 = DIRECTION('',(0.,0.,1.));
#2498 = DIRECTION('',(1.,0.,-0.));
#2499 = ADVANCED_FACE('',(#2500,#2503),#2514,.T.);
#2500 = FACE_BOUND('',#2501,.T.);
#2501 = EDGE_LOOP('',(#2502));
#2502 = ORIENTED_EDGE('',*,*,#2460,.T.);
#2503 = FACE_BOUND('',#2504,.T.);
#2504 = EDGE_LOOP('',(#2505));
#2505 = ORIENTED_EDGE('',*,*,#2506,.T.);
#2506 = EDGE_CURVE('',#2507,#2507,#2509,.T.);
#2507 = VERTEX_POINT('',#2508);
#2508 = CARTESIAN_POINT('',(156.25,-97.225,0.745));
#2509 = CIRCLE('',#2510,0.225);
#2510 = AXIS2_PLACEMENT_3D('',#2511,#2512,#2513);
#2511 = CARTESIAN_POINT('',(156.25,-97.,0.745));
#2512 = DIRECTION('',(-0.,0.,-1.));
#2513 = DIRECTION('',(-0.,-1.,0.));
#2514 = PLANE('',#2515);
#2515 = AXIS2_PLACEMENT_3D('',#2516,#2517,#2518);
#2516 = CARTESIAN_POINT('',(156.25,-97.25,0.745));
#2517 = DIRECTION('',(0.,0.,1.));
#2518 = DIRECTION('',(1.,0.,-0.));
#2519 = ADVANCED_FACE('',(#2520),#2531,.F.);
#2520 = FACE_BOUND('',#2521,.T.);
#2521 = EDGE_LOOP('',(#2522,#2523,#2529,#2530));
#2522 = ORIENTED_EDGE('',*,*,#2486,.T.);
#2523 = ORIENTED_EDGE('',*,*,#2524,.T.);
#2524 = EDGE_CURVE('',#2487,#2507,#2525,.T.);
#2525 = LINE('',#2526,#2527);
#2526 = CARTESIAN_POINT('',(156.25,-97.225,-4.6E-02));
#2527 = VECTOR('',#2528,1.);
#2528 = DIRECTION('',(0.,0.,1.));
#2529 = ORIENTED_EDGE('',*,*,#2506,.F.);
#2530 = ORIENTED_EDGE('',*,*,#2524,.F.);
#2531 = CYLINDRICAL_SURFACE('',#2532,0.225);
#2532 = AXIS2_PLACEMENT_3D('',#2533,#2534,#2535);
#2533 = CARTESIAN_POINT('',(156.25,-97.,-4.6E-02));
#2534 = DIRECTION('',(-0.,-0.,-1.));
#2535 = DIRECTION('',(-0.,-1.,0.));
#2536 = MANIFOLD_SOLID_BREP('',#2537);
#2537 = CLOSED_SHELL('',(#2538,#2580,#2611,#2644,#2675,#2708,#2739,#2772
    ,#2794,#2810));
#2538 = ADVANCED_FACE('',(#2539),#2575,.T.);
#2539 = FACE_BOUND('',#2540,.F.);
#2540 = EDGE_LOOP('',(#2541,#2551,#2560,#2568));
#2541 = ORIENTED_EDGE('',*,*,#2542,.T.);
#2542 = EDGE_CURVE('',#2543,#2545,#2547,.T.);
#2543 = VERTEX_POINT('',#2544);
#2544 = CARTESIAN_POINT('',(155.64,-99.28575,0.));
#2545 = VERTEX_POINT('',#2546);
#2546 = CARTESIAN_POINT('',(155.64,-99.28575,-4.E-02));
#2547 = LINE('',#2548,#2549);
#2548 = CARTESIAN_POINT('',(155.64,-99.28575,0.));
#2549 = VECTOR('',#2550,1.);
#2550 = DIRECTION('',(0.,0.,-1.));
#2551 = ORIENTED_EDGE('',*,*,#2552,.T.);
#2552 = EDGE_CURVE('',#2545,#2553,#2555,.T.);
#2553 = VERTEX_POINT('',#2554);
#2554 = CARTESIAN_POINT('',(155.78,-99.14575,-4.E-02));
#2555 = CIRCLE('',#2556,0.139999827125);
#2556 = AXIS2_PLACEMENT_3D('',#2557,#2558,#2559);
#2557 = CARTESIAN_POINT('',(155.77999982712,-99.28574982712,-4.E-02));
#2558 = DIRECTION('',(0.,0.,-1.));
#2559 = DIRECTION('',(-0.999999999999,-1.234820146735E-06,-0.));
#2560 = ORIENTED_EDGE('',*,*,#2561,.F.);
#2561 = EDGE_CURVE('',#2562,#2553,#2564,.T.);
#2562 = VERTEX_POINT('',#2563);
#2563 = CARTESIAN_POINT('',(155.78,-99.14575,0.));
#2564 = LINE('',#2565,#2566);
#2565 = CARTESIAN_POINT('',(155.78,-99.14575,0.));
#2566 = VECTOR('',#2567,1.);
#2567 = DIRECTION('',(0.,0.,-1.));
#2568 = ORIENTED_EDGE('',*,*,#2569,.F.);
#2569 = EDGE_CURVE('',#2543,#2562,#2570,.T.);
#2570 = CIRCLE('',#2571,0.139999827125);
#2571 = AXIS2_PLACEMENT_3D('',#2572,#2573,#2574);
#2572 = CARTESIAN_POINT('',(155.77999982712,-99.28574982712,0.));
#2573 = DIRECTION('',(0.,0.,-1.));
#2574 = DIRECTION('',(-0.999999999999,-1.234820146735E-06,-0.));
#2575 = CYLINDRICAL_SURFACE('',#2576,0.139999827125);
#2576 = AXIS2_PLACEMENT_3D('',#2577,#2578,#2579);
#2577 = CARTESIAN_POINT('',(155.77999982712,-99.28574982712,0.));
#2578 = DIRECTION('',(-0.,-0.,1.));
#2579 = DIRECTION('',(-0.999999999999,-1.234820146735E-06,-0.));
#2580 = ADVANCED_FACE('',(#2581),#2606,.F.);
#2581 = FACE_BOUND('',#2582,.F.);
#2582 = EDGE_LOOP('',(#2583,#2584,#2592,#2600));
#2583 = ORIENTED_EDGE('',*,*,#2561,.T.);
#2584 = ORIENTED_EDGE('',*,*,#2585,.T.);
#2585 = EDGE_CURVE('',#2553,#2586,#2588,.T.);
#2586 = VERTEX_POINT('',#2587);
#2587 = CARTESIAN_POINT('',(156.12,-99.14575,-4.E-02));
#2588 = LINE('',#2589,#2590);
#2589 = CARTESIAN_POINT('',(155.78,-99.14575,-4.E-02));
#2590 = VECTOR('',#2591,1.);
#2591 = DIRECTION('',(1.,0.,0.));
#2592 = ORIENTED_EDGE('',*,*,#2593,.F.);
#2593 = EDGE_CURVE('',#2594,#2586,#2596,.T.);
#2594 = VERTEX_POINT('',#2595);
#2595 = CARTESIAN_POINT('',(156.12,-99.14575,0.));
#2596 = LINE('',#2597,#2598);
#2597 = CARTESIAN_POINT('',(156.12,-99.14575,0.));
#2598 = VECTOR('',#2599,1.);
#2599 = DIRECTION('',(0.,0.,-1.));
#2600 = ORIENTED_EDGE('',*,*,#2601,.F.);
#2601 = EDGE_CURVE('',#2562,#2594,#2602,.T.);
#2602 = LINE('',#2603,#2604);
#2603 = CARTESIAN_POINT('',(155.78,-99.14575,0.));
#2604 = VECTOR('',#2605,1.);
#2605 = DIRECTION('',(1.,0.,0.));
#2606 = PLANE('',#2607);
#2607 = AXIS2_PLACEMENT_3D('',#2608,#2609,#2610);
#2608 = CARTESIAN_POINT('',(155.78,-99.14575,0.));
#2609 = DIRECTION('',(0.,-1.,0.));
#2610 = DIRECTION('',(1.,0.,0.));
#2611 = ADVANCED_FACE('',(#2612),#2639,.T.);
#2612 = FACE_BOUND('',#2613,.F.);
#2613 = EDGE_LOOP('',(#2614,#2615,#2624,#2632));
#2614 = ORIENTED_EDGE('',*,*,#2593,.T.);
#2615 = ORIENTED_EDGE('',*,*,#2616,.T.);
#2616 = EDGE_CURVE('',#2586,#2617,#2619,.T.);
#2617 = VERTEX_POINT('',#2618);
#2618 = CARTESIAN_POINT('',(156.26,-99.28575,-4.E-02));
#2619 = CIRCLE('',#2620,0.139999827125);
#2620 = AXIS2_PLACEMENT_3D('',#2621,#2622,#2623);
#2621 = CARTESIAN_POINT('',(156.12000017287,-99.28574982712,-4.E-02));
#2622 = DIRECTION('',(0.,0.,-1.));
#2623 = DIRECTION('',(-1.234820451254E-06,0.999999999999,0.));
#2624 = ORIENTED_EDGE('',*,*,#2625,.F.);
#2625 = EDGE_CURVE('',#2626,#2617,#2628,.T.);
#2626 = VERTEX_POINT('',#2627);
#2627 = CARTESIAN_POINT('',(156.26,-99.28575,0.));
#2628 = LINE('',#2629,#2630);
#2629 = CARTESIAN_POINT('',(156.26,-99.28575,0.));
#2630 = VECTOR('',#2631,1.);
#2631 = DIRECTION('',(0.,0.,-1.));
#2632 = ORIENTED_EDGE('',*,*,#2633,.F.);
#2633 = EDGE_CURVE('',#2594,#2626,#2634,.T.);
#2634 = CIRCLE('',#2635,0.139999827125);
#2635 = AXIS2_PLACEMENT_3D('',#2636,#2637,#2638);
#2636 = CARTESIAN_POINT('',(156.12000017287,-99.28574982712,0.));
#2637 = DIRECTION('',(0.,0.,-1.));
#2638 = DIRECTION('',(-1.234820451254E-06,0.999999999999,0.));
#2639 = CYLINDRICAL_SURFACE('',#2640,0.139999827125);
#2640 = AXIS2_PLACEMENT_3D('',#2641,#2642,#2643);
#2641 = CARTESIAN_POINT('',(156.12000017287,-99.28574982712,0.));
#2642 = DIRECTION('',(-0.,-0.,1.));
#2643 = DIRECTION('',(-1.234820451254E-06,0.999999999999,0.));
#2644 = ADVANCED_FACE('',(#2645),#2670,.F.);
#2645 = FACE_BOUND('',#2646,.F.);
#2646 = EDGE_LOOP('',(#2647,#2648,#2656,#2664));
#2647 = ORIENTED_EDGE('',*,*,#2625,.T.);
#2648 = ORIENTED_EDGE('',*,*,#2649,.T.);
#2649 = EDGE_CURVE('',#2617,#2650,#2652,.T.);
#2650 = VERTEX_POINT('',#2651);
#2651 = CARTESIAN_POINT('',(156.26,-99.56575,-4.E-02));
#2652 = LINE('',#2653,#2654);
#2653 = CARTESIAN_POINT('',(156.26,-99.28575,-4.E-02));
#2654 = VECTOR('',#2655,1.);
#2655 = DIRECTION('',(0.,-1.,0.));
#2656 = ORIENTED_EDGE('',*,*,#2657,.F.);
#2657 = EDGE_CURVE('',#2658,#2650,#2660,.T.);
#2658 = VERTEX_POINT('',#2659);
#2659 = CARTESIAN_POINT('',(156.26,-99.56575,0.));
#2660 = LINE('',#2661,#2662);
#2661 = CARTESIAN_POINT('',(156.26,-99.56575,0.));
#2662 = VECTOR('',#2663,1.);
#2663 = DIRECTION('',(0.,0.,-1.));
#2664 = ORIENTED_EDGE('',*,*,#2665,.F.);
#2665 = EDGE_CURVE('',#2626,#2658,#2666,.T.);
#2666 = LINE('',#2667,#2668);
#2667 = CARTESIAN_POINT('',(156.26,-99.28575,0.));
#2668 = VECTOR('',#2669,1.);
#2669 = DIRECTION('',(0.,-1.,0.));
#2670 = PLANE('',#2671);
#2671 = AXIS2_PLACEMENT_3D('',#2672,#2673,#2674);
#2672 = CARTESIAN_POINT('',(156.26,-99.28575,0.));
#2673 = DIRECTION('',(-1.,-0.,-0.));
#2674 = DIRECTION('',(0.,-1.,0.));
#2675 = ADVANCED_FACE('',(#2676),#2703,.T.);
#2676 = FACE_BOUND('',#2677,.F.);
#2677 = EDGE_LOOP('',(#2678,#2679,#2688,#2696));
#2678 = ORIENTED_EDGE('',*,*,#2657,.T.);
#2679 = ORIENTED_EDGE('',*,*,#2680,.T.);
#2680 = EDGE_CURVE('',#2650,#2681,#2683,.T.);
#2681 = VERTEX_POINT('',#2682);
#2682 = CARTESIAN_POINT('',(156.12,-99.70575,-4.E-02));
#2683 = CIRCLE('',#2684,0.139999827125);
#2684 = AXIS2_PLACEMENT_3D('',#2685,#2686,#2687);
#2685 = CARTESIAN_POINT('',(156.12000017287,-99.56575017287,-4.E-02));
#2686 = DIRECTION('',(0.,0.,-1.));
#2687 = DIRECTION('',(0.999999999999,1.23482055276E-06,0.));
#2688 = ORIENTED_EDGE('',*,*,#2689,.F.);
#2689 = EDGE_CURVE('',#2690,#2681,#2692,.T.);
#2690 = VERTEX_POINT('',#2691);
#2691 = CARTESIAN_POINT('',(156.12,-99.70575,0.));
#2692 = LINE('',#2693,#2694);
#2693 = CARTESIAN_POINT('',(156.12,-99.70575,0.));
#2694 = VECTOR('',#2695,1.);
#2695 = DIRECTION('',(0.,0.,-1.));
#2696 = ORIENTED_EDGE('',*,*,#2697,.F.);
#2697 = EDGE_CURVE('',#2658,#2690,#2698,.T.);
#2698 = CIRCLE('',#2699,0.139999827125);
#2699 = AXIS2_PLACEMENT_3D('',#2700,#2701,#2702);
#2700 = CARTESIAN_POINT('',(156.12000017287,-99.56575017287,0.));
#2701 = DIRECTION('',(0.,0.,-1.));
#2702 = DIRECTION('',(0.999999999999,1.23482055276E-06,0.));
#2703 = CYLINDRICAL_SURFACE('',#2704,0.139999827125);
#2704 = AXIS2_PLACEMENT_3D('',#2705,#2706,#2707);
#2705 = CARTESIAN_POINT('',(156.12000017287,-99.56575017287,0.));
#2706 = DIRECTION('',(-0.,-0.,1.));
#2707 = DIRECTION('',(0.999999999999,1.23482055276E-06,0.));
#2708 = ADVANCED_FACE('',(#2709),#2734,.F.);
#2709 = FACE_BOUND('',#2710,.F.);
#2710 = EDGE_LOOP('',(#2711,#2712,#2720,#2728));
#2711 = ORIENTED_EDGE('',*,*,#2689,.T.);
#2712 = ORIENTED_EDGE('',*,*,#2713,.T.);
#2713 = EDGE_CURVE('',#2681,#2714,#2716,.T.);
#2714 = VERTEX_POINT('',#2715);
#2715 = CARTESIAN_POINT('',(155.78,-99.70575,-4.E-02));
#2716 = LINE('',#2717,#2718);
#2717 = CARTESIAN_POINT('',(156.12,-99.70575,-4.E-02));
#2718 = VECTOR('',#2719,1.);
#2719 = DIRECTION('',(-1.,0.,0.));
#2720 = ORIENTED_EDGE('',*,*,#2721,.F.);
#2721 = EDGE_CURVE('',#2722,#2714,#2724,.T.);
#2722 = VERTEX_POINT('',#2723);
#2723 = CARTESIAN_POINT('',(155.78,-99.70575,0.));
#2724 = LINE('',#2725,#2726);
#2725 = CARTESIAN_POINT('',(155.78,-99.70575,0.));
#2726 = VECTOR('',#2727,1.);
#2727 = DIRECTION('',(0.,0.,-1.));
#2728 = ORIENTED_EDGE('',*,*,#2729,.F.);
#2729 = EDGE_CURVE('',#2690,#2722,#2730,.T.);
#2730 = LINE('',#2731,#2732);
#2731 = CARTESIAN_POINT('',(156.12,-99.70575,0.));
#2732 = VECTOR('',#2733,1.);
#2733 = DIRECTION('',(-1.,0.,0.));
#2734 = PLANE('',#2735);
#2735 = AXIS2_PLACEMENT_3D('',#2736,#2737,#2738);
#2736 = CARTESIAN_POINT('',(156.12,-99.70575,0.));
#2737 = DIRECTION('',(0.,1.,0.));
#2738 = DIRECTION('',(-1.,0.,0.));
#2739 = ADVANCED_FACE('',(#2740),#2767,.T.);
#2740 = FACE_BOUND('',#2741,.F.);
#2741 = EDGE_LOOP('',(#2742,#2743,#2752,#2760));
#2742 = ORIENTED_EDGE('',*,*,#2721,.T.);
#2743 = ORIENTED_EDGE('',*,*,#2744,.T.);
#2744 = EDGE_CURVE('',#2714,#2745,#2747,.T.);
#2745 = VERTEX_POINT('',#2746);
#2746 = CARTESIAN_POINT('',(155.64,-99.56575,-4.E-02));
#2747 = CIRCLE('',#2748,0.139999827125);
#2748 = AXIS2_PLACEMENT_3D('',#2749,#2750,#2751);
#2749 = CARTESIAN_POINT('',(155.77999982712,-99.56575017287,-4.E-02));
#2750 = DIRECTION('',(0.,0.,-1.));
#2751 = DIRECTION('',(1.234820248241E-06,-0.999999999999,0.));
#2752 = ORIENTED_EDGE('',*,*,#2753,.F.);
#2753 = EDGE_CURVE('',#2754,#2745,#2756,.T.);
#2754 = VERTEX_POINT('',#2755);
#2755 = CARTESIAN_POINT('',(155.64,-99.56575,0.));
#2756 = LINE('',#2757,#2758);
#2757 = CARTESIAN_POINT('',(155.64,-99.56575,0.));
#2758 = VECTOR('',#2759,1.);
#2759 = DIRECTION('',(0.,0.,-1.));
#2760 = ORIENTED_EDGE('',*,*,#2761,.F.);
#2761 = EDGE_CURVE('',#2722,#2754,#2762,.T.);
#2762 = CIRCLE('',#2763,0.139999827125);
#2763 = AXIS2_PLACEMENT_3D('',#2764,#2765,#2766);
#2764 = CARTESIAN_POINT('',(155.77999982712,-99.56575017287,0.));
#2765 = DIRECTION('',(0.,0.,-1.));
#2766 = DIRECTION('',(1.234820248241E-06,-0.999999999999,0.));
#2767 = CYLINDRICAL_SURFACE('',#2768,0.139999827125);
#2768 = AXIS2_PLACEMENT_3D('',#2769,#2770,#2771);
#2769 = CARTESIAN_POINT('',(155.77999982712,-99.56575017287,0.));
#2770 = DIRECTION('',(-0.,-0.,1.));
#2771 = DIRECTION('',(1.234820248241E-06,-0.999999999999,0.));
#2772 = ADVANCED_FACE('',(#2773),#2789,.F.);
#2773 = FACE_BOUND('',#2774,.F.);
#2774 = EDGE_LOOP('',(#2775,#2776,#2782,#2783));
#2775 = ORIENTED_EDGE('',*,*,#2753,.T.);
#2776 = ORIENTED_EDGE('',*,*,#2777,.T.);
#2777 = EDGE_CURVE('',#2745,#2545,#2778,.T.);
#2778 = LINE('',#2779,#2780);
#2779 = CARTESIAN_POINT('',(155.64,-99.56575,-4.E-02));
#2780 = VECTOR('',#2781,1.);
#2781 = DIRECTION('',(0.,1.,0.));
#2782 = ORIENTED_EDGE('',*,*,#2542,.F.);
#2783 = ORIENTED_EDGE('',*,*,#2784,.F.);
#2784 = EDGE_CURVE('',#2754,#2543,#2785,.T.);
#2785 = LINE('',#2786,#2787);
#2786 = CARTESIAN_POINT('',(155.64,-99.56575,0.));
#2787 = VECTOR('',#2788,1.);
#2788 = DIRECTION('',(0.,1.,0.));
#2789 = PLANE('',#2790);
#2790 = AXIS2_PLACEMENT_3D('',#2791,#2792,#2793);
#2791 = CARTESIAN_POINT('',(155.64,-99.56575,0.));
#2792 = DIRECTION('',(1.,-0.,0.));
#2793 = DIRECTION('',(0.,1.,0.));
#2794 = ADVANCED_FACE('',(#2795),#2805,.F.);
#2795 = FACE_BOUND('',#2796,.F.);
#2796 = EDGE_LOOP('',(#2797,#2798,#2799,#2800,#2801,#2802,#2803,#2804));
#2797 = ORIENTED_EDGE('',*,*,#2569,.T.);
#2798 = ORIENTED_EDGE('',*,*,#2601,.T.);
#2799 = ORIENTED_EDGE('',*,*,#2633,.T.);
#2800 = ORIENTED_EDGE('',*,*,#2665,.T.);
#2801 = ORIENTED_EDGE('',*,*,#2697,.T.);
#2802 = ORIENTED_EDGE('',*,*,#2729,.T.);
#2803 = ORIENTED_EDGE('',*,*,#2761,.T.);
#2804 = ORIENTED_EDGE('',*,*,#2784,.T.);
#2805 = PLANE('',#2806);
#2806 = AXIS2_PLACEMENT_3D('',#2807,#2808,#2809);
#2807 = CARTESIAN_POINT('',(0.,0.,0.));
#2808 = DIRECTION('',(-0.,-0.,-1.));
#2809 = DIRECTION('',(-1.,0.,0.));
#2810 = ADVANCED_FACE('',(#2811),#2821,.T.);
#2811 = FACE_BOUND('',#2812,.T.);
#2812 = EDGE_LOOP('',(#2813,#2814,#2815,#2816,#2817,#2818,#2819,#2820));
#2813 = ORIENTED_EDGE('',*,*,#2552,.T.);
#2814 = ORIENTED_EDGE('',*,*,#2585,.T.);
#2815 = ORIENTED_EDGE('',*,*,#2616,.T.);
#2816 = ORIENTED_EDGE('',*,*,#2649,.T.);
#2817 = ORIENTED_EDGE('',*,*,#2680,.T.);
#2818 = ORIENTED_EDGE('',*,*,#2713,.T.);
#2819 = ORIENTED_EDGE('',*,*,#2744,.T.);
#2820 = ORIENTED_EDGE('',*,*,#2777,.T.);
#2821 = PLANE('',#2822);
#2822 = AXIS2_PLACEMENT_3D('',#2823,#2824,#2825);
#2823 = CARTESIAN_POINT('',(0.,0.,-4.E-02));
#2824 = DIRECTION('',(-0.,-0.,-1.));
#2825 = DIRECTION('',(-1.,0.,0.));
#2826 = MANIFOLD_SOLID_BREP('',#2827);
#2827 = CLOSED_SHELL('',(#2828,#2870,#2901,#2934,#2965,#2998,#3029,#3062
    ,#3084,#3100));
#2828 = ADVANCED_FACE('',(#2829),#2865,.T.);
#2829 = FACE_BOUND('',#2830,.F.);
#2830 = EDGE_LOOP('',(#2831,#2841,#2850,#2858));
#2831 = ORIENTED_EDGE('',*,*,#2832,.T.);
#2832 = EDGE_CURVE('',#2833,#2835,#2837,.T.);
#2833 = VERTEX_POINT('',#2834);
#2834 = CARTESIAN_POINT('',(155.64,-98.32575,0.));
#2835 = VERTEX_POINT('',#2836);
#2836 = CARTESIAN_POINT('',(155.64,-98.32575,-4.E-02));
#2837 = LINE('',#2838,#2839);
#2838 = CARTESIAN_POINT('',(155.64,-98.32575,0.));
#2839 = VECTOR('',#2840,1.);
#2840 = DIRECTION('',(0.,0.,-1.));
#2841 = ORIENTED_EDGE('',*,*,#2842,.T.);
#2842 = EDGE_CURVE('',#2835,#2843,#2845,.T.);
#2843 = VERTEX_POINT('',#2844);
#2844 = CARTESIAN_POINT('',(155.78,-98.18575,-4.E-02));
#2845 = CIRCLE('',#2846,0.139999827125);
#2846 = AXIS2_PLACEMENT_3D('',#2847,#2848,#2849);
#2847 = CARTESIAN_POINT('',(155.77999982712,-98.32574982712,-4.E-02));
#2848 = DIRECTION('',(0.,0.,-1.));
#2849 = DIRECTION('',(-0.999999999999,-1.234820248241E-06,-0.));
#2850 = ORIENTED_EDGE('',*,*,#2851,.F.);
#2851 = EDGE_CURVE('',#2852,#2843,#2854,.T.);
#2852 = VERTEX_POINT('',#2853);
#2853 = CARTESIAN_POINT('',(155.78,-98.18575,0.));
#2854 = LINE('',#2855,#2856);
#2855 = CARTESIAN_POINT('',(155.78,-98.18575,0.));
#2856 = VECTOR('',#2857,1.);
#2857 = DIRECTION('',(0.,0.,-1.));
#2858 = ORIENTED_EDGE('',*,*,#2859,.F.);
#2859 = EDGE_CURVE('',#2833,#2852,#2860,.T.);
#2860 = CIRCLE('',#2861,0.139999827125);
#2861 = AXIS2_PLACEMENT_3D('',#2862,#2863,#2864);
#2862 = CARTESIAN_POINT('',(155.77999982712,-98.32574982712,0.));
#2863 = DIRECTION('',(0.,0.,-1.));
#2864 = DIRECTION('',(-0.999999999999,-1.234820248241E-06,-0.));
#2865 = CYLINDRICAL_SURFACE('',#2866,0.139999827125);
#2866 = AXIS2_PLACEMENT_3D('',#2867,#2868,#2869);
#2867 = CARTESIAN_POINT('',(155.77999982712,-98.32574982712,0.));
#2868 = DIRECTION('',(-0.,-0.,1.));
#2869 = DIRECTION('',(-0.999999999999,-1.234820248241E-06,-0.));
#2870 = ADVANCED_FACE('',(#2871),#2896,.F.);
#2871 = FACE_BOUND('',#2872,.F.);
#2872 = EDGE_LOOP('',(#2873,#2874,#2882,#2890));
#2873 = ORIENTED_EDGE('',*,*,#2851,.T.);
#2874 = ORIENTED_EDGE('',*,*,#2875,.T.);
#2875 = EDGE_CURVE('',#2843,#2876,#2878,.T.);
#2876 = VERTEX_POINT('',#2877);
#2877 = CARTESIAN_POINT('',(156.12,-98.18575,-4.E-02));
#2878 = LINE('',#2879,#2880);
#2879 = CARTESIAN_POINT('',(155.78,-98.18575,-4.E-02));
#2880 = VECTOR('',#2881,1.);
#2881 = DIRECTION('',(1.,0.,0.));
#2882 = ORIENTED_EDGE('',*,*,#2883,.F.);
#2883 = EDGE_CURVE('',#2884,#2876,#2886,.T.);
#2884 = VERTEX_POINT('',#2885);
#2885 = CARTESIAN_POINT('',(156.12,-98.18575,0.));
#2886 = LINE('',#2887,#2888);
#2887 = CARTESIAN_POINT('',(156.12,-98.18575,0.));
#2888 = VECTOR('',#2889,1.);
#2889 = DIRECTION('',(0.,0.,-1.));
#2890 = ORIENTED_EDGE('',*,*,#2891,.F.);
#2891 = EDGE_CURVE('',#2852,#2884,#2892,.T.);
#2892 = LINE('',#2893,#2894);
#2893 = CARTESIAN_POINT('',(155.78,-98.18575,0.));
#2894 = VECTOR('',#2895,1.);
#2895 = DIRECTION('',(1.,0.,0.));
#2896 = PLANE('',#2897);
#2897 = AXIS2_PLACEMENT_3D('',#2898,#2899,#2900);
#2898 = CARTESIAN_POINT('',(155.78,-98.18575,0.));
#2899 = DIRECTION('',(0.,-1.,0.));
#2900 = DIRECTION('',(1.,0.,0.));
#2901 = ADVANCED_FACE('',(#2902),#2929,.T.);
#2902 = FACE_BOUND('',#2903,.F.);
#2903 = EDGE_LOOP('',(#2904,#2905,#2914,#2922));
#2904 = ORIENTED_EDGE('',*,*,#2883,.T.);
#2905 = ORIENTED_EDGE('',*,*,#2906,.T.);
#2906 = EDGE_CURVE('',#2876,#2907,#2909,.T.);
#2907 = VERTEX_POINT('',#2908);
#2908 = CARTESIAN_POINT('',(156.26,-98.32575,-4.E-02));
#2909 = CIRCLE('',#2910,0.139999827125);
#2910 = AXIS2_PLACEMENT_3D('',#2911,#2912,#2913);
#2911 = CARTESIAN_POINT('',(156.12000017287,-98.32574982712,-4.E-02));
#2912 = DIRECTION('',(0.,0.,-1.));
#2913 = DIRECTION('',(-1.234820451254E-06,0.999999999999,0.));
#2914 = ORIENTED_EDGE('',*,*,#2915,.F.);
#2915 = EDGE_CURVE('',#2916,#2907,#2918,.T.);
#2916 = VERTEX_POINT('',#2917);
#2917 = CARTESIAN_POINT('',(156.26,-98.32575,0.));
#2918 = LINE('',#2919,#2920);
#2919 = CARTESIAN_POINT('',(156.26,-98.32575,0.));
#2920 = VECTOR('',#2921,1.);
#2921 = DIRECTION('',(0.,0.,-1.));
#2922 = ORIENTED_EDGE('',*,*,#2923,.F.);
#2923 = EDGE_CURVE('',#2884,#2916,#2924,.T.);
#2924 = CIRCLE('',#2925,0.139999827125);
#2925 = AXIS2_PLACEMENT_3D('',#2926,#2927,#2928);
#2926 = CARTESIAN_POINT('',(156.12000017287,-98.32574982712,0.));
#2927 = DIRECTION('',(0.,0.,-1.));
#2928 = DIRECTION('',(-1.234820451254E-06,0.999999999999,0.));
#2929 = CYLINDRICAL_SURFACE('',#2930,0.139999827125);
#2930 = AXIS2_PLACEMENT_3D('',#2931,#2932,#2933);
#2931 = CARTESIAN_POINT('',(156.12000017287,-98.32574982712,0.));
#2932 = DIRECTION('',(-0.,-0.,1.));
#2933 = DIRECTION('',(-1.234820451254E-06,0.999999999999,0.));
#2934 = ADVANCED_FACE('',(#2935),#2960,.F.);
#2935 = FACE_BOUND('',#2936,.F.);
#2936 = EDGE_LOOP('',(#2937,#2938,#2946,#2954));
#2937 = ORIENTED_EDGE('',*,*,#2915,.T.);
#2938 = ORIENTED_EDGE('',*,*,#2939,.T.);
#2939 = EDGE_CURVE('',#2907,#2940,#2942,.T.);
#2940 = VERTEX_POINT('',#2941);
#2941 = CARTESIAN_POINT('',(156.26,-98.60575,-4.E-02));
#2942 = LINE('',#2943,#2944);
#2943 = CARTESIAN_POINT('',(156.26,-98.32575,-4.E-02));
#2944 = VECTOR('',#2945,1.);
#2945 = DIRECTION('',(0.,-1.,0.));
#2946 = ORIENTED_EDGE('',*,*,#2947,.F.);
#2947 = EDGE_CURVE('',#2948,#2940,#2950,.T.);
#2948 = VERTEX_POINT('',#2949);
#2949 = CARTESIAN_POINT('',(156.26,-98.60575,0.));
#2950 = LINE('',#2951,#2952);
#2951 = CARTESIAN_POINT('',(156.26,-98.60575,0.));
#2952 = VECTOR('',#2953,1.);
#2953 = DIRECTION('',(0.,0.,-1.));
#2954 = ORIENTED_EDGE('',*,*,#2955,.F.);
#2955 = EDGE_CURVE('',#2916,#2948,#2956,.T.);
#2956 = LINE('',#2957,#2958);
#2957 = CARTESIAN_POINT('',(156.26,-98.32575,0.));
#2958 = VECTOR('',#2959,1.);
#2959 = DIRECTION('',(0.,-1.,0.));
#2960 = PLANE('',#2961);
#2961 = AXIS2_PLACEMENT_3D('',#2962,#2963,#2964);
#2962 = CARTESIAN_POINT('',(156.26,-98.32575,0.));
#2963 = DIRECTION('',(-1.,-0.,-0.));
#2964 = DIRECTION('',(0.,-1.,0.));
#2965 = ADVANCED_FACE('',(#2966),#2993,.T.);
#2966 = FACE_BOUND('',#2967,.F.);
#2967 = EDGE_LOOP('',(#2968,#2969,#2978,#2986));
#2968 = ORIENTED_EDGE('',*,*,#2947,.T.);
#2969 = ORIENTED_EDGE('',*,*,#2970,.T.);
#2970 = EDGE_CURVE('',#2940,#2971,#2973,.T.);
#2971 = VERTEX_POINT('',#2972);
#2972 = CARTESIAN_POINT('',(156.12,-98.74575,-4.E-02));
#2973 = CIRCLE('',#2974,0.139999827125);
#2974 = AXIS2_PLACEMENT_3D('',#2975,#2976,#2977);
#2975 = CARTESIAN_POINT('',(156.12000017287,-98.60575017287,-4.E-02));
#2976 = DIRECTION('',(0.,0.,-1.));
#2977 = DIRECTION('',(0.999999999999,1.23482055276E-06,0.));
#2978 = ORIENTED_EDGE('',*,*,#2979,.F.);
#2979 = EDGE_CURVE('',#2980,#2971,#2982,.T.);
#2980 = VERTEX_POINT('',#2981);
#2981 = CARTESIAN_POINT('',(156.12,-98.74575,0.));
#2982 = LINE('',#2983,#2984);
#2983 = CARTESIAN_POINT('',(156.12,-98.74575,0.));
#2984 = VECTOR('',#2985,1.);
#2985 = DIRECTION('',(0.,0.,-1.));
#2986 = ORIENTED_EDGE('',*,*,#2987,.F.);
#2987 = EDGE_CURVE('',#2948,#2980,#2988,.T.);
#2988 = CIRCLE('',#2989,0.139999827125);
#2989 = AXIS2_PLACEMENT_3D('',#2990,#2991,#2992);
#2990 = CARTESIAN_POINT('',(156.12000017287,-98.60575017287,0.));
#2991 = DIRECTION('',(0.,0.,-1.));
#2992 = DIRECTION('',(0.999999999999,1.23482055276E-06,0.));
#2993 = CYLINDRICAL_SURFACE('',#2994,0.139999827125);
#2994 = AXIS2_PLACEMENT_3D('',#2995,#2996,#2997);
#2995 = CARTESIAN_POINT('',(156.12000017287,-98.60575017287,0.));
#2996 = DIRECTION('',(-0.,-0.,1.));
#2997 = DIRECTION('',(0.999999999999,1.23482055276E-06,0.));
#2998 = ADVANCED_FACE('',(#2999),#3024,.F.);
#2999 = FACE_BOUND('',#3000,.F.);
#3000 = EDGE_LOOP('',(#3001,#3002,#3010,#3018));
#3001 = ORIENTED_EDGE('',*,*,#2979,.T.);
#3002 = ORIENTED_EDGE('',*,*,#3003,.T.);
#3003 = EDGE_CURVE('',#2971,#3004,#3006,.T.);
#3004 = VERTEX_POINT('',#3005);
#3005 = CARTESIAN_POINT('',(155.78,-98.74575,-4.E-02));
#3006 = LINE('',#3007,#3008);
#3007 = CARTESIAN_POINT('',(156.12,-98.74575,-4.E-02));
#3008 = VECTOR('',#3009,1.);
#3009 = DIRECTION('',(-1.,0.,0.));
#3010 = ORIENTED_EDGE('',*,*,#3011,.F.);
#3011 = EDGE_CURVE('',#3012,#3004,#3014,.T.);
#3012 = VERTEX_POINT('',#3013);
#3013 = CARTESIAN_POINT('',(155.78,-98.74575,0.));
#3014 = LINE('',#3015,#3016);
#3015 = CARTESIAN_POINT('',(155.78,-98.74575,0.));
#3016 = VECTOR('',#3017,1.);
#3017 = DIRECTION('',(0.,0.,-1.));
#3018 = ORIENTED_EDGE('',*,*,#3019,.F.);
#3019 = EDGE_CURVE('',#2980,#3012,#3020,.T.);
#3020 = LINE('',#3021,#3022);
#3021 = CARTESIAN_POINT('',(156.12,-98.74575,0.));
#3022 = VECTOR('',#3023,1.);
#3023 = DIRECTION('',(-1.,0.,0.));
#3024 = PLANE('',#3025);
#3025 = AXIS2_PLACEMENT_3D('',#3026,#3027,#3028);
#3026 = CARTESIAN_POINT('',(156.12,-98.74575,0.));
#3027 = DIRECTION('',(0.,1.,0.));
#3028 = DIRECTION('',(-1.,0.,0.));
#3029 = ADVANCED_FACE('',(#3030),#3057,.T.);
#3030 = FACE_BOUND('',#3031,.F.);
#3031 = EDGE_LOOP('',(#3032,#3033,#3042,#3050));
#3032 = ORIENTED_EDGE('',*,*,#3011,.T.);
#3033 = ORIENTED_EDGE('',*,*,#3034,.T.);
#3034 = EDGE_CURVE('',#3004,#3035,#3037,.T.);
#3035 = VERTEX_POINT('',#3036);
#3036 = CARTESIAN_POINT('',(155.64,-98.60575,-4.E-02));
#3037 = CIRCLE('',#3038,0.139999827125);
#3038 = AXIS2_PLACEMENT_3D('',#3039,#3040,#3041);
#3039 = CARTESIAN_POINT('',(155.77999982712,-98.60575017287,-4.E-02));
#3040 = DIRECTION('',(0.,0.,-1.));
#3041 = DIRECTION('',(1.234820451253E-06,-0.999999999999,0.));
#3042 = ORIENTED_EDGE('',*,*,#3043,.F.);
#3043 = EDGE_CURVE('',#3044,#3035,#3046,.T.);
#3044 = VERTEX_POINT('',#3045);
#3045 = CARTESIAN_POINT('',(155.64,-98.60575,0.));
#3046 = LINE('',#3047,#3048);
#3047 = CARTESIAN_POINT('',(155.64,-98.60575,0.));
#3048 = VECTOR('',#3049,1.);
#3049 = DIRECTION('',(0.,0.,-1.));
#3050 = ORIENTED_EDGE('',*,*,#3051,.F.);
#3051 = EDGE_CURVE('',#3012,#3044,#3052,.T.);
#3052 = CIRCLE('',#3053,0.139999827125);
#3053 = AXIS2_PLACEMENT_3D('',#3054,#3055,#3056);
#3054 = CARTESIAN_POINT('',(155.77999982712,-98.60575017287,0.));
#3055 = DIRECTION('',(0.,0.,-1.));
#3056 = DIRECTION('',(1.234820451253E-06,-0.999999999999,0.));
#3057 = CYLINDRICAL_SURFACE('',#3058,0.139999827125);
#3058 = AXIS2_PLACEMENT_3D('',#3059,#3060,#3061);
#3059 = CARTESIAN_POINT('',(155.77999982712,-98.60575017287,0.));
#3060 = DIRECTION('',(-0.,-0.,1.));
#3061 = DIRECTION('',(1.234820451253E-06,-0.999999999999,0.));
#3062 = ADVANCED_FACE('',(#3063),#3079,.F.);
#3063 = FACE_BOUND('',#3064,.F.);
#3064 = EDGE_LOOP('',(#3065,#3066,#3072,#3073));
#3065 = ORIENTED_EDGE('',*,*,#3043,.T.);
#3066 = ORIENTED_EDGE('',*,*,#3067,.T.);
#3067 = EDGE_CURVE('',#3035,#2835,#3068,.T.);
#3068 = LINE('',#3069,#3070);
#3069 = CARTESIAN_POINT('',(155.64,-98.60575,-4.E-02));
#3070 = VECTOR('',#3071,1.);
#3071 = DIRECTION('',(0.,1.,0.));
#3072 = ORIENTED_EDGE('',*,*,#2832,.F.);
#3073 = ORIENTED_EDGE('',*,*,#3074,.F.);
#3074 = EDGE_CURVE('',#3044,#2833,#3075,.T.);
#3075 = LINE('',#3076,#3077);
#3076 = CARTESIAN_POINT('',(155.64,-98.60575,0.));
#3077 = VECTOR('',#3078,1.);
#3078 = DIRECTION('',(0.,1.,0.));
#3079 = PLANE('',#3080);
#3080 = AXIS2_PLACEMENT_3D('',#3081,#3082,#3083);
#3081 = CARTESIAN_POINT('',(155.64,-98.60575,0.));
#3082 = DIRECTION('',(1.,-0.,0.));
#3083 = DIRECTION('',(0.,1.,0.));
#3084 = ADVANCED_FACE('',(#3085),#3095,.F.);
#3085 = FACE_BOUND('',#3086,.F.);
#3086 = EDGE_LOOP('',(#3087,#3088,#3089,#3090,#3091,#3092,#3093,#3094));
#3087 = ORIENTED_EDGE('',*,*,#2859,.T.);
#3088 = ORIENTED_EDGE('',*,*,#2891,.T.);
#3089 = ORIENTED_EDGE('',*,*,#2923,.T.);
#3090 = ORIENTED_EDGE('',*,*,#2955,.T.);
#3091 = ORIENTED_EDGE('',*,*,#2987,.T.);
#3092 = ORIENTED_EDGE('',*,*,#3019,.T.);
#3093 = ORIENTED_EDGE('',*,*,#3051,.T.);
#3094 = ORIENTED_EDGE('',*,*,#3074,.T.);
#3095 = PLANE('',#3096);
#3096 = AXIS2_PLACEMENT_3D('',#3097,#3098,#3099);
#3097 = CARTESIAN_POINT('',(0.,0.,0.));
#3098 = DIRECTION('',(-0.,-0.,-1.));
#3099 = DIRECTION('',(-1.,0.,0.));
#3100 = ADVANCED_FACE('',(#3101),#3111,.T.);
#3101 = FACE_BOUND('',#3102,.T.);
#3102 = EDGE_LOOP('',(#3103,#3104,#3105,#3106,#3107,#3108,#3109,#3110));
#3103 = ORIENTED_EDGE('',*,*,#2842,.T.);
#3104 = ORIENTED_EDGE('',*,*,#2875,.T.);
#3105 = ORIENTED_EDGE('',*,*,#2906,.T.);
#3106 = ORIENTED_EDGE('',*,*,#2939,.T.);
#3107 = ORIENTED_EDGE('',*,*,#2970,.T.);
#3108 = ORIENTED_EDGE('',*,*,#3003,.T.);
#3109 = ORIENTED_EDGE('',*,*,#3034,.T.);
#3110 = ORIENTED_EDGE('',*,*,#3067,.T.);
#3111 = PLANE('',#3112);
#3112 = AXIS2_PLACEMENT_3D('',#3113,#3114,#3115);
#3113 = CARTESIAN_POINT('',(0.,0.,-4.E-02));
#3114 = DIRECTION('',(-0.,-0.,-1.));
#3115 = DIRECTION('',(-1.,0.,0.));
#3116 = MANIFOLD_SOLID_BREP('',#3117);
#3117 = CLOSED_SHELL('',(#3118,#3151,#3160));
#3118 = ADVANCED_FACE('',(#3119),#3146,.T.);
#3119 = FACE_BOUND('',#3120,.T.);
#3120 = EDGE_LOOP('',(#3121,#3131,#3138,#3139));
#3121 = ORIENTED_EDGE('',*,*,#3122,.T.);
#3122 = EDGE_CURVE('',#3123,#3125,#3127,.T.);
#3123 = VERTEX_POINT('',#3124);
#3124 = CARTESIAN_POINT('',(157.849999,-101.95,0.));
#3125 = VERTEX_POINT('',#3126);
#3126 = CARTESIAN_POINT('',(157.849999,-101.95,-4.E-02));
#3127 = LINE('',#3128,#3129);
#3128 = CARTESIAN_POINT('',(157.849999,-101.95,0.));
#3129 = VECTOR('',#3130,1.);
#3130 = DIRECTION('',(0.,0.,-1.));
#3131 = ORIENTED_EDGE('',*,*,#3132,.T.);
#3132 = EDGE_CURVE('',#3125,#3125,#3133,.T.);
#3133 = CIRCLE('',#3134,0.249999);
#3134 = AXIS2_PLACEMENT_3D('',#3135,#3136,#3137);
#3135 = CARTESIAN_POINT('',(157.6,-101.95,-4.E-02));
#3136 = DIRECTION('',(0.,0.,1.));
#3137 = DIRECTION('',(1.,0.,-0.));
#3138 = ORIENTED_EDGE('',*,*,#3122,.F.);
#3139 = ORIENTED_EDGE('',*,*,#3140,.F.);
#3140 = EDGE_CURVE('',#3123,#3123,#3141,.T.);
#3141 = CIRCLE('',#3142,0.249999);
#3142 = AXIS2_PLACEMENT_3D('',#3143,#3144,#3145);
#3143 = CARTESIAN_POINT('',(157.6,-101.95,0.));
#3144 = DIRECTION('',(0.,0.,1.));
#3145 = DIRECTION('',(1.,0.,-0.));
#3146 = CYLINDRICAL_SURFACE('',#3147,0.249999);
#3147 = AXIS2_PLACEMENT_3D('',#3148,#3149,#3150);
#3148 = CARTESIAN_POINT('',(157.6,-101.95,0.));
#3149 = DIRECTION('',(0.,0.,1.));
#3150 = DIRECTION('',(1.,0.,-0.));
#3151 = ADVANCED_FACE('',(#3152),#3155,.F.);
#3152 = FACE_BOUND('',#3153,.T.);
#3153 = EDGE_LOOP('',(#3154));
#3154 = ORIENTED_EDGE('',*,*,#3140,.T.);
#3155 = PLANE('',#3156);
#3156 = AXIS2_PLACEMENT_3D('',#3157,#3158,#3159);
#3157 = CARTESIAN_POINT('',(0.,0.,0.));
#3158 = DIRECTION('',(-0.,-0.,-1.));
#3159 = DIRECTION('',(-1.,0.,0.));
#3160 = ADVANCED_FACE('',(#3161),#3164,.T.);
#3161 = FACE_BOUND('',#3162,.F.);
#3162 = EDGE_LOOP('',(#3163));
#3163 = ORIENTED_EDGE('',*,*,#3132,.T.);
#3164 = PLANE('',#3165);
#3165 = AXIS2_PLACEMENT_3D('',#3166,#3167,#3168);
#3166 = CARTESIAN_POINT('',(0.,0.,-4.E-02));
#3167 = DIRECTION('',(-0.,-0.,-1.));
#3168 = DIRECTION('',(-1.,0.,0.));
#3169 = MANIFOLD_SOLID_BREP('',#3170);
#3170 = CLOSED_SHELL('',(#3171,#3204,#3224,#3233,#3258));
#3171 = ADVANCED_FACE('',(#3172),#3199,.T.);
#3172 = FACE_BOUND('',#3173,.T.);
#3173 = EDGE_LOOP('',(#3174,#3184,#3191,#3192));
#3174 = ORIENTED_EDGE('',*,*,#3175,.T.);
#3175 = EDGE_CURVE('',#3176,#3178,#3180,.T.);
#3176 = VERTEX_POINT('',#3177);
#3177 = CARTESIAN_POINT('',(156.849999,-101.95,0.));
#3178 = VERTEX_POINT('',#3179);
#3179 = CARTESIAN_POINT('',(156.849999,-101.95,-4.E-02));
#3180 = LINE('',#3181,#3182);
#3181 = CARTESIAN_POINT('',(156.849999,-101.95,0.));
#3182 = VECTOR('',#3183,1.);
#3183 = DIRECTION('',(0.,0.,-1.));
#3184 = ORIENTED_EDGE('',*,*,#3185,.T.);
#3185 = EDGE_CURVE('',#3178,#3178,#3186,.T.);
#3186 = CIRCLE('',#3187,0.249999);
#3187 = AXIS2_PLACEMENT_3D('',#3188,#3189,#3190);
#3188 = CARTESIAN_POINT('',(156.6,-101.95,-4.E-02));
#3189 = DIRECTION('',(0.,0.,1.));
#3190 = DIRECTION('',(1.,0.,-0.));
#3191 = ORIENTED_EDGE('',*,*,#3175,.F.);
#3192 = ORIENTED_EDGE('',*,*,#3193,.F.);
#3193 = EDGE_CURVE('',#3176,#3176,#3194,.T.);
#3194 = CIRCLE('',#3195,0.249999);
#3195 = AXIS2_PLACEMENT_3D('',#3196,#3197,#3198);
#3196 = CARTESIAN_POINT('',(156.6,-101.95,0.));
#3197 = DIRECTION('',(0.,0.,1.));
#3198 = DIRECTION('',(1.,0.,-0.));
#3199 = CYLINDRICAL_SURFACE('',#3200,0.249999);
#3200 = AXIS2_PLACEMENT_3D('',#3201,#3202,#3203);
#3201 = CARTESIAN_POINT('',(156.6,-101.95,0.));
#3202 = DIRECTION('',(0.,0.,1.));
#3203 = DIRECTION('',(1.,0.,-0.));
#3204 = ADVANCED_FACE('',(#3205,#3208),#3219,.F.);
#3205 = FACE_BOUND('',#3206,.F.);
#3206 = EDGE_LOOP('',(#3207));
#3207 = ORIENTED_EDGE('',*,*,#3193,.F.);
#3208 = FACE_BOUND('',#3209,.F.);
#3209 = EDGE_LOOP('',(#3210));
#3210 = ORIENTED_EDGE('',*,*,#3211,.F.);
#3211 = EDGE_CURVE('',#3212,#3212,#3214,.T.);
#3212 = VERTEX_POINT('',#3213);
#3213 = CARTESIAN_POINT('',(156.6,-102.025,0.));
#3214 = CIRCLE('',#3215,7.499999999999E-02);
#3215 = AXIS2_PLACEMENT_3D('',#3216,#3217,#3218);
#3216 = CARTESIAN_POINT('',(156.6,-101.95,0.));
#3217 = DIRECTION('',(-0.,0.,-1.));
#3218 = DIRECTION('',(-3.789561257388E-13,-1.,0.));
#3219 = PLANE('',#3220);
#3220 = AXIS2_PLACEMENT_3D('',#3221,#3222,#3223);
#3221 = CARTESIAN_POINT('',(0.,0.,0.));
#3222 = DIRECTION('',(-0.,-0.,-1.));
#3223 = DIRECTION('',(-1.,0.,0.));
#3224 = ADVANCED_FACE('',(#3225),#3228,.T.);
#3225 = FACE_BOUND('',#3226,.F.);
#3226 = EDGE_LOOP('',(#3227));
#3227 = ORIENTED_EDGE('',*,*,#3185,.T.);
#3228 = PLANE('',#3229);
#3229 = AXIS2_PLACEMENT_3D('',#3230,#3231,#3232);
#3230 = CARTESIAN_POINT('',(0.,0.,-4.E-02));
#3231 = DIRECTION('',(-0.,-0.,-1.));
#3232 = DIRECTION('',(-1.,0.,0.));
#3233 = ADVANCED_FACE('',(#3234),#3253,.F.);
#3234 = FACE_BOUND('',#3235,.T.);
#3235 = EDGE_LOOP('',(#3236,#3245,#3251,#3252));
#3236 = ORIENTED_EDGE('',*,*,#3237,.F.);
#3237 = EDGE_CURVE('',#3238,#3238,#3240,.T.);
#3238 = VERTEX_POINT('',#3239);
#3239 = CARTESIAN_POINT('',(156.6,-102.025,-3.6E-02));
#3240 = CIRCLE('',#3241,7.499999999999E-02);
#3241 = AXIS2_PLACEMENT_3D('',#3242,#3243,#3244);
#3242 = CARTESIAN_POINT('',(156.6,-101.95,-3.6E-02));
#3243 = DIRECTION('',(0.,0.,1.));
#3244 = DIRECTION('',(-3.789561257388E-13,-1.,0.));
#3245 = ORIENTED_EDGE('',*,*,#3246,.T.);
#3246 = EDGE_CURVE('',#3238,#3212,#3247,.T.);
#3247 = LINE('',#3248,#3249);
#3248 = CARTESIAN_POINT('',(156.6,-102.025,-3.6E-02));
#3249 = VECTOR('',#3250,1.);
#3250 = DIRECTION('',(0.,0.,1.));
#3251 = ORIENTED_EDGE('',*,*,#3211,.F.);
#3252 = ORIENTED_EDGE('',*,*,#3246,.F.);
#3253 = CYLINDRICAL_SURFACE('',#3254,7.499999999999E-02);
#3254 = AXIS2_PLACEMENT_3D('',#3255,#3256,#3257);
#3255 = CARTESIAN_POINT('',(156.6,-101.95,-3.6E-02));
#3256 = DIRECTION('',(-0.,-0.,-1.));
#3257 = DIRECTION('',(-3.789561257388E-13,-1.,0.));
#3258 = ADVANCED_FACE('',(#3259),#3262,.T.);
#3259 = FACE_BOUND('',#3260,.T.);
#3260 = EDGE_LOOP('',(#3261));
#3261 = ORIENTED_EDGE('',*,*,#3237,.T.);
#3262 = PLANE('',#3263);
#3263 = AXIS2_PLACEMENT_3D('',#3264,#3265,#3266);
#3264 = CARTESIAN_POINT('',(156.6,-102.025,-3.6E-02));
#3265 = DIRECTION('',(0.,0.,1.));
#3266 = DIRECTION('',(1.,0.,-0.));
#3267 = MANIFOLD_SOLID_BREP('',#3268);
#3268 = CLOSED_SHELL('',(#3269,#3302,#3322,#3342));
#3269 = ADVANCED_FACE('',(#3270),#3297,.T.);
#3270 = FACE_BOUND('',#3271,.F.);
#3271 = EDGE_LOOP('',(#3272,#3282,#3289,#3290));
#3272 = ORIENTED_EDGE('',*,*,#3273,.T.);
#3273 = EDGE_CURVE('',#3274,#3276,#3278,.T.);
#3274 = VERTEX_POINT('',#3275);
#3275 = CARTESIAN_POINT('',(156.7,-102.9,0.71));
#3276 = VERTEX_POINT('',#3277);
#3277 = CARTESIAN_POINT('',(156.7,-102.9,0.75));
#3278 = LINE('',#3279,#3280);
#3279 = CARTESIAN_POINT('',(156.7,-102.9,0.71));
#3280 = VECTOR('',#3281,1.);
#3281 = DIRECTION('',(0.,0.,1.));
#3282 = ORIENTED_EDGE('',*,*,#3283,.T.);
#3283 = EDGE_CURVE('',#3276,#3276,#3284,.T.);
#3284 = CIRCLE('',#3285,0.5);
#3285 = AXIS2_PLACEMENT_3D('',#3286,#3287,#3288);
#3286 = CARTESIAN_POINT('',(156.2,-102.9,0.75));
#3287 = DIRECTION('',(0.,0.,1.));
#3288 = DIRECTION('',(1.,0.,-0.));
#3289 = ORIENTED_EDGE('',*,*,#3273,.F.);
#3290 = ORIENTED_EDGE('',*,*,#3291,.F.);
#3291 = EDGE_CURVE('',#3274,#3274,#3292,.T.);
#3292 = CIRCLE('',#3293,0.5);
#3293 = AXIS2_PLACEMENT_3D('',#3294,#3295,#3296);
#3294 = CARTESIAN_POINT('',(156.2,-102.9,0.71));
#3295 = DIRECTION('',(0.,0.,1.));
#3296 = DIRECTION('',(1.,0.,-0.));
#3297 = CYLINDRICAL_SURFACE('',#3298,0.5);
#3298 = AXIS2_PLACEMENT_3D('',#3299,#3300,#3301);
#3299 = CARTESIAN_POINT('',(156.2,-102.9,0.71));
#3300 = DIRECTION('',(-0.,-0.,-1.));
#3301 = DIRECTION('',(1.,0.,-0.));
#3302 = ADVANCED_FACE('',(#3303,#3306),#3317,.F.);
#3303 = FACE_BOUND('',#3304,.F.);
#3304 = EDGE_LOOP('',(#3305));
#3305 = ORIENTED_EDGE('',*,*,#3291,.T.);
#3306 = FACE_BOUND('',#3307,.F.);
#3307 = EDGE_LOOP('',(#3308));
#3308 = ORIENTED_EDGE('',*,*,#3309,.T.);
#3309 = EDGE_CURVE('',#3310,#3310,#3312,.T.);
#3310 = VERTEX_POINT('',#3311);
#3311 = CARTESIAN_POINT('',(156.2,-103.125,0.71));
#3312 = CIRCLE('',#3313,0.225);
#3313 = AXIS2_PLACEMENT_3D('',#3314,#3315,#3316);
#3314 = CARTESIAN_POINT('',(156.2,-102.9,0.71));
#3315 = DIRECTION('',(-0.,0.,-1.));
#3316 = DIRECTION('',(-0.,-1.,0.));
#3317 = PLANE('',#3318);
#3318 = AXIS2_PLACEMENT_3D('',#3319,#3320,#3321);
#3319 = CARTESIAN_POINT('',(0.,0.,0.71));
#3320 = DIRECTION('',(0.,0.,1.));
#3321 = DIRECTION('',(1.,0.,-0.));
#3322 = ADVANCED_FACE('',(#3323,#3326),#3337,.T.);
#3323 = FACE_BOUND('',#3324,.T.);
#3324 = EDGE_LOOP('',(#3325));
#3325 = ORIENTED_EDGE('',*,*,#3283,.T.);
#3326 = FACE_BOUND('',#3327,.T.);
#3327 = EDGE_LOOP('',(#3328));
#3328 = ORIENTED_EDGE('',*,*,#3329,.T.);
#3329 = EDGE_CURVE('',#3330,#3330,#3332,.T.);
#3330 = VERTEX_POINT('',#3331);
#3331 = CARTESIAN_POINT('',(156.2,-103.125,0.75));
#3332 = CIRCLE('',#3333,0.225);
#3333 = AXIS2_PLACEMENT_3D('',#3334,#3335,#3336);
#3334 = CARTESIAN_POINT('',(156.2,-102.9,0.75));
#3335 = DIRECTION('',(-0.,0.,-1.));
#3336 = DIRECTION('',(-0.,-1.,0.));
#3337 = PLANE('',#3338);
#3338 = AXIS2_PLACEMENT_3D('',#3339,#3340,#3341);
#3339 = CARTESIAN_POINT('',(0.,0.,0.75));
#3340 = DIRECTION('',(0.,0.,1.));
#3341 = DIRECTION('',(1.,0.,-0.));
#3342 = ADVANCED_FACE('',(#3343),#3354,.F.);
#3343 = FACE_BOUND('',#3344,.T.);
#3344 = EDGE_LOOP('',(#3345,#3346,#3352,#3353));
#3345 = ORIENTED_EDGE('',*,*,#3309,.T.);
#3346 = ORIENTED_EDGE('',*,*,#3347,.T.);
#3347 = EDGE_CURVE('',#3310,#3330,#3348,.T.);
#3348 = LINE('',#3349,#3350);
#3349 = CARTESIAN_POINT('',(156.2,-103.125,-4.6E-02));
#3350 = VECTOR('',#3351,1.);
#3351 = DIRECTION('',(0.,0.,1.));
#3352 = ORIENTED_EDGE('',*,*,#3329,.F.);
#3353 = ORIENTED_EDGE('',*,*,#3347,.F.);
#3354 = CYLINDRICAL_SURFACE('',#3355,0.225);
#3355 = AXIS2_PLACEMENT_3D('',#3356,#3357,#3358);
#3356 = CARTESIAN_POINT('',(156.2,-102.9,-4.6E-02));
#3357 = DIRECTION('',(-0.,-0.,-1.));
#3358 = DIRECTION('',(-0.,-1.,0.));
#3359 = MANIFOLD_SOLID_BREP('',#3360);
#3360 = CLOSED_SHELL('',(#3361,#3394,#3414,#3434));
#3361 = ADVANCED_FACE('',(#3362),#3389,.T.);
#3362 = FACE_BOUND('',#3363,.T.);
#3363 = EDGE_LOOP('',(#3364,#3374,#3381,#3382));
#3364 = ORIENTED_EDGE('',*,*,#3365,.T.);
#3365 = EDGE_CURVE('',#3366,#3368,#3370,.T.);
#3366 = VERTEX_POINT('',#3367);
#3367 = CARTESIAN_POINT('',(156.7,-102.9,0.));
#3368 = VERTEX_POINT('',#3369);
#3369 = CARTESIAN_POINT('',(156.7,-102.9,-4.E-02));
#3370 = LINE('',#3371,#3372);
#3371 = CARTESIAN_POINT('',(156.7,-102.9,0.));
#3372 = VECTOR('',#3373,1.);
#3373 = DIRECTION('',(0.,0.,-1.));
#3374 = ORIENTED_EDGE('',*,*,#3375,.T.);
#3375 = EDGE_CURVE('',#3368,#3368,#3376,.T.);
#3376 = CIRCLE('',#3377,0.5);
#3377 = AXIS2_PLACEMENT_3D('',#3378,#3379,#3380);
#3378 = CARTESIAN_POINT('',(156.2,-102.9,-4.E-02));
#3379 = DIRECTION('',(0.,0.,1.));
#3380 = DIRECTION('',(1.,0.,-0.));
#3381 = ORIENTED_EDGE('',*,*,#3365,.F.);
#3382 = ORIENTED_EDGE('',*,*,#3383,.F.);
#3383 = EDGE_CURVE('',#3366,#3366,#3384,.T.);
#3384 = CIRCLE('',#3385,0.5);
#3385 = AXIS2_PLACEMENT_3D('',#3386,#3387,#3388);
#3386 = CARTESIAN_POINT('',(156.2,-102.9,0.));
#3387 = DIRECTION('',(0.,0.,1.));
#3388 = DIRECTION('',(1.,0.,-0.));
#3389 = CYLINDRICAL_SURFACE('',#3390,0.5);
#3390 = AXIS2_PLACEMENT_3D('',#3391,#3392,#3393);
#3391 = CARTESIAN_POINT('',(156.2,-102.9,0.));
#3392 = DIRECTION('',(0.,0.,1.));
#3393 = DIRECTION('',(1.,0.,-0.));
#3394 = ADVANCED_FACE('',(#3395,#3398),#3409,.F.);
#3395 = FACE_BOUND('',#3396,.F.);
#3396 = EDGE_LOOP('',(#3397));
#3397 = ORIENTED_EDGE('',*,*,#3383,.F.);
#3398 = FACE_BOUND('',#3399,.F.);
#3399 = EDGE_LOOP('',(#3400));
#3400 = ORIENTED_EDGE('',*,*,#3401,.F.);
#3401 = EDGE_CURVE('',#3402,#3402,#3404,.T.);
#3402 = VERTEX_POINT('',#3403);
#3403 = CARTESIAN_POINT('',(156.2,-103.125,0.));
#3404 = CIRCLE('',#3405,0.225);
#3405 = AXIS2_PLACEMENT_3D('',#3406,#3407,#3408);
#3406 = CARTESIAN_POINT('',(156.2,-102.9,0.));
#3407 = DIRECTION('',(-0.,0.,-1.));
#3408 = DIRECTION('',(-0.,-1.,0.));
#3409 = PLANE('',#3410);
#3410 = AXIS2_PLACEMENT_3D('',#3411,#3412,#3413);
#3411 = CARTESIAN_POINT('',(0.,0.,0.));
#3412 = DIRECTION('',(-0.,-0.,-1.));
#3413 = DIRECTION('',(-1.,0.,0.));
#3414 = ADVANCED_FACE('',(#3415,#3418),#3429,.T.);
#3415 = FACE_BOUND('',#3416,.T.);
#3416 = EDGE_LOOP('',(#3417));
#3417 = ORIENTED_EDGE('',*,*,#3375,.F.);
#3418 = FACE_BOUND('',#3419,.T.);
#3419 = EDGE_LOOP('',(#3420));
#3420 = ORIENTED_EDGE('',*,*,#3421,.F.);
#3421 = EDGE_CURVE('',#3422,#3422,#3424,.T.);
#3422 = VERTEX_POINT('',#3423);
#3423 = CARTESIAN_POINT('',(156.2,-103.125,-4.E-02));
#3424 = CIRCLE('',#3425,0.225);
#3425 = AXIS2_PLACEMENT_3D('',#3426,#3427,#3428);
#3426 = CARTESIAN_POINT('',(156.2,-102.9,-4.E-02));
#3427 = DIRECTION('',(-0.,0.,-1.));
#3428 = DIRECTION('',(-0.,-1.,0.));
#3429 = PLANE('',#3430);
#3430 = AXIS2_PLACEMENT_3D('',#3431,#3432,#3433);
#3431 = CARTESIAN_POINT('',(0.,0.,-4.E-02));
#3432 = DIRECTION('',(-0.,-0.,-1.));
#3433 = DIRECTION('',(-1.,0.,0.));
#3434 = ADVANCED_FACE('',(#3435),#3446,.F.);
#3435 = FACE_BOUND('',#3436,.T.);
#3436 = EDGE_LOOP('',(#3437,#3438,#3444,#3445));
#3437 = ORIENTED_EDGE('',*,*,#3421,.T.);
#3438 = ORIENTED_EDGE('',*,*,#3439,.T.);
#3439 = EDGE_CURVE('',#3422,#3402,#3440,.T.);
#3440 = LINE('',#3441,#3442);
#3441 = CARTESIAN_POINT('',(156.2,-103.125,-4.6E-02));
#3442 = VECTOR('',#3443,1.);
#3443 = DIRECTION('',(0.,0.,1.));
#3444 = ORIENTED_EDGE('',*,*,#3401,.F.);
#3445 = ORIENTED_EDGE('',*,*,#3439,.F.);
#3446 = CYLINDRICAL_SURFACE('',#3447,0.225);
#3447 = AXIS2_PLACEMENT_3D('',#3448,#3449,#3450);
#3448 = CARTESIAN_POINT('',(156.2,-102.9,-4.6E-02));
#3449 = DIRECTION('',(-0.,-0.,-1.));
#3450 = DIRECTION('',(-0.,-1.,0.));
#3451 = MANIFOLD_SOLID_BREP('',#3452);
#3452 = CLOSED_SHELL('',(#3453,#3486,#3506,#3526));
#3453 = ADVANCED_FACE('',(#3454),#3481,.T.);
#3454 = FACE_BOUND('',#3455,.F.);
#3455 = EDGE_LOOP('',(#3456,#3466,#3473,#3474));
#3456 = ORIENTED_EDGE('',*,*,#3457,.T.);
#3457 = EDGE_CURVE('',#3458,#3460,#3462,.T.);
#3458 = VERTEX_POINT('',#3459);
#3459 = CARTESIAN_POINT('',(156.2,-103.15,-3.5E-02));
#3460 = VERTEX_POINT('',#3461);
#3461 = CARTESIAN_POINT('',(156.2,-103.15,0.745));
#3462 = LINE('',#3463,#3464);
#3463 = CARTESIAN_POINT('',(156.2,-103.15,-3.5E-02));
#3464 = VECTOR('',#3465,1.);
#3465 = DIRECTION('',(0.,0.,1.));
#3466 = ORIENTED_EDGE('',*,*,#3467,.T.);
#3467 = EDGE_CURVE('',#3460,#3460,#3468,.T.);
#3468 = CIRCLE('',#3469,0.25);
#3469 = AXIS2_PLACEMENT_3D('',#3470,#3471,#3472);
#3470 = CARTESIAN_POINT('',(156.2,-102.9,0.745));
#3471 = DIRECTION('',(0.,0.,1.));
#3472 = DIRECTION('',(-0.,-1.,0.));
#3473 = ORIENTED_EDGE('',*,*,#3457,.F.);
#3474 = ORIENTED_EDGE('',*,*,#3475,.F.);
#3475 = EDGE_CURVE('',#3458,#3458,#3476,.T.);
#3476 = CIRCLE('',#3477,0.25);
#3477 = AXIS2_PLACEMENT_3D('',#3478,#3479,#3480);
#3478 = CARTESIAN_POINT('',(156.2,-102.9,-3.5E-02));
#3479 = DIRECTION('',(0.,0.,1.));
#3480 = DIRECTION('',(-0.,-1.,0.));
#3481 = CYLINDRICAL_SURFACE('',#3482,0.25);
#3482 = AXIS2_PLACEMENT_3D('',#3483,#3484,#3485);
#3483 = CARTESIAN_POINT('',(156.2,-102.9,-3.5E-02));
#3484 = DIRECTION('',(-0.,-0.,-1.));
#3485 = DIRECTION('',(-0.,-1.,0.));
#3486 = ADVANCED_FACE('',(#3487,#3490),#3501,.F.);
#3487 = FACE_BOUND('',#3488,.F.);
#3488 = EDGE_LOOP('',(#3489));
#3489 = ORIENTED_EDGE('',*,*,#3475,.T.);
#3490 = FACE_BOUND('',#3491,.F.);
#3491 = EDGE_LOOP('',(#3492));
#3492 = ORIENTED_EDGE('',*,*,#3493,.T.);
#3493 = EDGE_CURVE('',#3494,#3494,#3496,.T.);
#3494 = VERTEX_POINT('',#3495);
#3495 = CARTESIAN_POINT('',(156.2,-103.125,-3.5E-02));
#3496 = CIRCLE('',#3497,0.225);
#3497 = AXIS2_PLACEMENT_3D('',#3498,#3499,#3500);
#3498 = CARTESIAN_POINT('',(156.2,-102.9,-3.5E-02));
#3499 = DIRECTION('',(-0.,0.,-1.));
#3500 = DIRECTION('',(-0.,-1.,0.));
#3501 = PLANE('',#3502);
#3502 = AXIS2_PLACEMENT_3D('',#3503,#3504,#3505);
#3503 = CARTESIAN_POINT('',(156.2,-103.15,-3.5E-02));
#3504 = DIRECTION('',(0.,0.,1.));
#3505 = DIRECTION('',(1.,0.,-0.));
#3506 = ADVANCED_FACE('',(#3507,#3510),#3521,.T.);
#3507 = FACE_BOUND('',#3508,.T.);
#3508 = EDGE_LOOP('',(#3509));
#3509 = ORIENTED_EDGE('',*,*,#3467,.T.);
#3510 = FACE_BOUND('',#3511,.T.);
#3511 = EDGE_LOOP('',(#3512));
#3512 = ORIENTED_EDGE('',*,*,#3513,.T.);
#3513 = EDGE_CURVE('',#3514,#3514,#3516,.T.);
#3514 = VERTEX_POINT('',#3515);
#3515 = CARTESIAN_POINT('',(156.2,-103.125,0.745));
#3516 = CIRCLE('',#3517,0.225);
#3517 = AXIS2_PLACEMENT_3D('',#3518,#3519,#3520);
#3518 = CARTESIAN_POINT('',(156.2,-102.9,0.745));
#3519 = DIRECTION('',(-0.,0.,-1.));
#3520 = DIRECTION('',(-0.,-1.,0.));
#3521 = PLANE('',#3522);
#3522 = AXIS2_PLACEMENT_3D('',#3523,#3524,#3525);
#3523 = CARTESIAN_POINT('',(156.2,-103.15,0.745));
#3524 = DIRECTION('',(0.,0.,1.));
#3525 = DIRECTION('',(1.,0.,-0.));
#3526 = ADVANCED_FACE('',(#3527),#3538,.F.);
#3527 = FACE_BOUND('',#3528,.T.);
#3528 = EDGE_LOOP('',(#3529,#3530,#3536,#3537));
#3529 = ORIENTED_EDGE('',*,*,#3493,.T.);
#3530 = ORIENTED_EDGE('',*,*,#3531,.T.);
#3531 = EDGE_CURVE('',#3494,#3514,#3532,.T.);
#3532 = LINE('',#3533,#3534);
#3533 = CARTESIAN_POINT('',(156.2,-103.125,-4.6E-02));
#3534 = VECTOR('',#3535,1.);
#3535 = DIRECTION('',(0.,0.,1.));
#3536 = ORIENTED_EDGE('',*,*,#3513,.F.);
#3537 = ORIENTED_EDGE('',*,*,#3531,.F.);
#3538 = CYLINDRICAL_SURFACE('',#3539,0.225);
#3539 = AXIS2_PLACEMENT_3D('',#3540,#3541,#3542);
#3540 = CARTESIAN_POINT('',(156.2,-102.9,-4.6E-02));
#3541 = DIRECTION('',(-0.,-0.,-1.));
#3542 = DIRECTION('',(-0.,-1.,0.));
#3543 = MANIFOLD_SOLID_BREP('',#3544);
#3544 = CLOSED_SHELL('',(#3545,#3587,#3618,#3649,#3712,#3764,#3781,#3798
    ,#3815,#3832,#3844,#3869));
#3545 = ADVANCED_FACE('',(#3546),#3582,.T.);
#3546 = FACE_BOUND('',#3547,.F.);
#3547 = EDGE_LOOP('',(#3548,#3558,#3567,#3575));
#3548 = ORIENTED_EDGE('',*,*,#3549,.T.);
#3549 = EDGE_CURVE('',#3550,#3552,#3554,.T.);
#3550 = VERTEX_POINT('',#3551);
#3551 = CARTESIAN_POINT('',(155.64,-101.16075,0.));
#3552 = VERTEX_POINT('',#3553);
#3553 = CARTESIAN_POINT('',(155.64,-101.16075,-4.E-02));
#3554 = LINE('',#3555,#3556);
#3555 = CARTESIAN_POINT('',(155.64,-101.16075,0.));
#3556 = VECTOR('',#3557,1.);
#3557 = DIRECTION('',(0.,0.,-1.));
#3558 = ORIENTED_EDGE('',*,*,#3559,.T.);
#3559 = EDGE_CURVE('',#3552,#3560,#3562,.T.);
#3560 = VERTEX_POINT('',#3561);
#3561 = CARTESIAN_POINT('',(155.78,-101.02075,-4.E-02));
#3562 = CIRCLE('',#3563,0.139999827125);
#3563 = AXIS2_PLACEMENT_3D('',#3564,#3565,#3566);
#3564 = CARTESIAN_POINT('',(155.77999982712,-101.1607498271,-4.E-02));
#3565 = DIRECTION('',(0.,0.,-1.));
#3566 = DIRECTION('',(-0.999999999999,-1.234820146735E-06,-0.));
#3567 = ORIENTED_EDGE('',*,*,#3568,.F.);
#3568 = EDGE_CURVE('',#3569,#3560,#3571,.T.);
#3569 = VERTEX_POINT('',#3570);
#3570 = CARTESIAN_POINT('',(155.78,-101.02075,0.));
#3571 = LINE('',#3572,#3573);
#3572 = CARTESIAN_POINT('',(155.78,-101.02075,0.));
#3573 = VECTOR('',#3574,1.);
#3574 = DIRECTION('',(0.,0.,-1.));
#3575 = ORIENTED_EDGE('',*,*,#3576,.F.);
#3576 = EDGE_CURVE('',#3550,#3569,#3577,.T.);
#3577 = CIRCLE('',#3578,0.139999827125);
#3578 = AXIS2_PLACEMENT_3D('',#3579,#3580,#3581);
#3579 = CARTESIAN_POINT('',(155.77999982712,-101.1607498271,0.));
#3580 = DIRECTION('',(0.,0.,-1.));
#3581 = DIRECTION('',(-0.999999999999,-1.234820146735E-06,-0.));
#3582 = CYLINDRICAL_SURFACE('',#3583,0.139999827125);
#3583 = AXIS2_PLACEMENT_3D('',#3584,#3585,#3586);
#3584 = CARTESIAN_POINT('',(155.77999982712,-101.1607498271,0.));
#3585 = DIRECTION('',(-0.,-0.,1.));
#3586 = DIRECTION('',(-0.999999999999,-1.234820146735E-06,-0.));
#3587 = ADVANCED_FACE('',(#3588),#3613,.F.);
#3588 = FACE_BOUND('',#3589,.F.);
#3589 = EDGE_LOOP('',(#3590,#3600,#3606,#3607));
#3590 = ORIENTED_EDGE('',*,*,#3591,.T.);
#3591 = EDGE_CURVE('',#3592,#3594,#3596,.T.);
#3592 = VERTEX_POINT('',#3593);
#3593 = CARTESIAN_POINT('',(155.64,-101.44075,0.));
#3594 = VERTEX_POINT('',#3595);
#3595 = CARTESIAN_POINT('',(155.64,-101.44075,-4.E-02));
#3596 = LINE('',#3597,#3598);
#3597 = CARTESIAN_POINT('',(155.64,-101.44075,0.));
#3598 = VECTOR('',#3599,1.);
#3599 = DIRECTION('',(0.,0.,-1.));
#3600 = ORIENTED_EDGE('',*,*,#3601,.T.);
#3601 = EDGE_CURVE('',#3594,#3552,#3602,.T.);
#3602 = LINE('',#3603,#3604);
#3603 = CARTESIAN_POINT('',(155.64,-101.44075,-4.E-02));
#3604 = VECTOR('',#3605,1.);
#3605 = DIRECTION('',(0.,1.,0.));
#3606 = ORIENTED_EDGE('',*,*,#3549,.F.);
#3607 = ORIENTED_EDGE('',*,*,#3608,.F.);
#3608 = EDGE_CURVE('',#3592,#3550,#3609,.T.);
#3609 = LINE('',#3610,#3611);
#3610 = CARTESIAN_POINT('',(155.64,-101.44075,0.));
#3611 = VECTOR('',#3612,1.);
#3612 = DIRECTION('',(0.,1.,0.));
#3613 = PLANE('',#3614);
#3614 = AXIS2_PLACEMENT_3D('',#3615,#3616,#3617);
#3615 = CARTESIAN_POINT('',(155.64,-101.44075,0.));
#3616 = DIRECTION('',(1.,-0.,0.));
#3617 = DIRECTION('',(0.,1.,0.));
#3618 = ADVANCED_FACE('',(#3619),#3644,.F.);
#3619 = FACE_BOUND('',#3620,.F.);
#3620 = EDGE_LOOP('',(#3621,#3622,#3630,#3638));
#3621 = ORIENTED_EDGE('',*,*,#3568,.T.);
#3622 = ORIENTED_EDGE('',*,*,#3623,.T.);
#3623 = EDGE_CURVE('',#3560,#3624,#3626,.T.);
#3624 = VERTEX_POINT('',#3625);
#3625 = CARTESIAN_POINT('',(156.12,-101.02075,-4.E-02));
#3626 = LINE('',#3627,#3628);
#3627 = CARTESIAN_POINT('',(155.78,-101.02075,-4.E-02));
#3628 = VECTOR('',#3629,1.);
#3629 = DIRECTION('',(1.,0.,0.));
#3630 = ORIENTED_EDGE('',*,*,#3631,.F.);
#3631 = EDGE_CURVE('',#3632,#3624,#3634,.T.);
#3632 = VERTEX_POINT('',#3633);
#3633 = CARTESIAN_POINT('',(156.12,-101.02075,0.));
#3634 = LINE('',#3635,#3636);
#3635 = CARTESIAN_POINT('',(156.12,-101.02075,0.));
#3636 = VECTOR('',#3637,1.);
#3637 = DIRECTION('',(0.,0.,-1.));
#3638 = ORIENTED_EDGE('',*,*,#3639,.F.);
#3639 = EDGE_CURVE('',#3569,#3632,#3640,.T.);
#3640 = LINE('',#3641,#3642);
#3641 = CARTESIAN_POINT('',(155.78,-101.02075,0.));
#3642 = VECTOR('',#3643,1.);
#3643 = DIRECTION('',(1.,0.,0.));
#3644 = PLANE('',#3645);
#3645 = AXIS2_PLACEMENT_3D('',#3646,#3647,#3648);
#3646 = CARTESIAN_POINT('',(155.78,-101.02075,0.));
#3647 = DIRECTION('',(0.,-1.,0.));
#3648 = DIRECTION('',(1.,0.,0.));
#3649 = ADVANCED_FACE('',(#3650,#3696),#3707,.F.);
#3650 = FACE_BOUND('',#3651,.F.);
#3651 = EDGE_LOOP('',(#3652,#3653,#3654,#3663,#3671,#3680,#3688,#3695));
#3652 = ORIENTED_EDGE('',*,*,#3576,.T.);
#3653 = ORIENTED_EDGE('',*,*,#3639,.T.);
#3654 = ORIENTED_EDGE('',*,*,#3655,.T.);
#3655 = EDGE_CURVE('',#3632,#3656,#3658,.T.);
#3656 = VERTEX_POINT('',#3657);
#3657 = CARTESIAN_POINT('',(156.26,-101.16075,0.));
#3658 = CIRCLE('',#3659,0.139999827125);
#3659 = AXIS2_PLACEMENT_3D('',#3660,#3661,#3662);
#3660 = CARTESIAN_POINT('',(156.12000017287,-101.1607498271,0.));
#3661 = DIRECTION('',(0.,0.,-1.));
#3662 = DIRECTION('',(-1.234820451254E-06,0.999999999999,0.));
#3663 = ORIENTED_EDGE('',*,*,#3664,.T.);
#3664 = EDGE_CURVE('',#3656,#3665,#3667,.T.);
#3665 = VERTEX_POINT('',#3666);
#3666 = CARTESIAN_POINT('',(156.26,-101.44075,0.));
#3667 = LINE('',#3668,#3669);
#3668 = CARTESIAN_POINT('',(156.26,-101.16075,0.));
#3669 = VECTOR('',#3670,1.);
#3670 = DIRECTION('',(0.,-1.,0.));
#3671 = ORIENTED_EDGE('',*,*,#3672,.T.);
#3672 = EDGE_CURVE('',#3665,#3673,#3675,.T.);
#3673 = VERTEX_POINT('',#3674);
#3674 = CARTESIAN_POINT('',(156.12,-101.58075,0.));
#3675 = CIRCLE('',#3676,0.139999827125);
#3676 = AXIS2_PLACEMENT_3D('',#3677,#3678,#3679);
#3677 = CARTESIAN_POINT('',(156.12000017287,-101.4407501728,0.));
#3678 = DIRECTION('',(0.,0.,-1.));
#3679 = DIRECTION('',(0.999999999999,1.23482055276E-06,0.));
#3680 = ORIENTED_EDGE('',*,*,#3681,.T.);
#3681 = EDGE_CURVE('',#3673,#3682,#3684,.T.);
#3682 = VERTEX_POINT('',#3683);
#3683 = CARTESIAN_POINT('',(155.78,-101.58075,0.));
#3684 = LINE('',#3685,#3686);
#3685 = CARTESIAN_POINT('',(156.12,-101.58075,0.));
#3686 = VECTOR('',#3687,1.);
#3687 = DIRECTION('',(-1.,0.,0.));
#3688 = ORIENTED_EDGE('',*,*,#3689,.T.);
#3689 = EDGE_CURVE('',#3682,#3592,#3690,.T.);
#3690 = CIRCLE('',#3691,0.139999827125);
#3691 = AXIS2_PLACEMENT_3D('',#3692,#3693,#3694);
#3692 = CARTESIAN_POINT('',(155.77999982712,-101.4407501728,0.));
#3693 = DIRECTION('',(0.,0.,-1.));
#3694 = DIRECTION('',(1.234820248241E-06,-0.999999999999,0.));
#3695 = ORIENTED_EDGE('',*,*,#3608,.T.);
#3696 = FACE_BOUND('',#3697,.F.);
#3697 = EDGE_LOOP('',(#3698));
#3698 = ORIENTED_EDGE('',*,*,#3699,.F.);
#3699 = EDGE_CURVE('',#3700,#3700,#3702,.T.);
#3700 = VERTEX_POINT('',#3701);
#3701 = CARTESIAN_POINT('',(155.95,-101.37575,0.));
#3702 = CIRCLE('',#3703,7.500000000002E-02);
#3703 = AXIS2_PLACEMENT_3D('',#3704,#3705,#3706);
#3704 = CARTESIAN_POINT('',(155.95,-101.30075,0.));
#3705 = DIRECTION('',(-0.,0.,-1.));
#3706 = DIRECTION('',(-0.,-1.,0.));
#3707 = PLANE('',#3708);
#3708 = AXIS2_PLACEMENT_3D('',#3709,#3710,#3711);
#3709 = CARTESIAN_POINT('',(0.,0.,0.));
#3710 = DIRECTION('',(-0.,-0.,-1.));
#3711 = DIRECTION('',(-1.,0.,0.));
#3712 = ADVANCED_FACE('',(#3713),#3759,.T.);
#3713 = FACE_BOUND('',#3714,.T.);
#3714 = EDGE_LOOP('',(#3715,#3716,#3717,#3726,#3734,#3743,#3751,#3758));
#3715 = ORIENTED_EDGE('',*,*,#3559,.T.);
#3716 = ORIENTED_EDGE('',*,*,#3623,.T.);
#3717 = ORIENTED_EDGE('',*,*,#3718,.T.);
#3718 = EDGE_CURVE('',#3624,#3719,#3721,.T.);
#3719 = VERTEX_POINT('',#3720);
#3720 = CARTESIAN_POINT('',(156.26,-101.16075,-4.E-02));
#3721 = CIRCLE('',#3722,0.139999827125);
#3722 = AXIS2_PLACEMENT_3D('',#3723,#3724,#3725);
#3723 = CARTESIAN_POINT('',(156.12000017287,-101.1607498271,-4.E-02));
#3724 = DIRECTION('',(0.,0.,-1.));
#3725 = DIRECTION('',(-1.234820451254E-06,0.999999999999,0.));
#3726 = ORIENTED_EDGE('',*,*,#3727,.T.);
#3727 = EDGE_CURVE('',#3719,#3728,#3730,.T.);
#3728 = VERTEX_POINT('',#3729);
#3729 = CARTESIAN_POINT('',(156.26,-101.44075,-4.E-02));
#3730 = LINE('',#3731,#3732);
#3731 = CARTESIAN_POINT('',(156.26,-101.16075,-4.E-02));
#3732 = VECTOR('',#3733,1.);
#3733 = DIRECTION('',(0.,-1.,0.));
#3734 = ORIENTED_EDGE('',*,*,#3735,.T.);
#3735 = EDGE_CURVE('',#3728,#3736,#3738,.T.);
#3736 = VERTEX_POINT('',#3737);
#3737 = CARTESIAN_POINT('',(156.12,-101.58075,-4.E-02));
#3738 = CIRCLE('',#3739,0.139999827125);
#3739 = AXIS2_PLACEMENT_3D('',#3740,#3741,#3742);
#3740 = CARTESIAN_POINT('',(156.12000017287,-101.4407501728,-4.E-02));
#3741 = DIRECTION('',(0.,0.,-1.));
#3742 = DIRECTION('',(0.999999999999,1.23482055276E-06,0.));
#3743 = ORIENTED_EDGE('',*,*,#3744,.T.);
#3744 = EDGE_CURVE('',#3736,#3745,#3747,.T.);
#3745 = VERTEX_POINT('',#3746);
#3746 = CARTESIAN_POINT('',(155.78,-101.58075,-4.E-02));
#3747 = LINE('',#3748,#3749);
#3748 = CARTESIAN_POINT('',(156.12,-101.58075,-4.E-02));
#3749 = VECTOR('',#3750,1.);
#3750 = DIRECTION('',(-1.,0.,0.));
#3751 = ORIENTED_EDGE('',*,*,#3752,.T.);
#3752 = EDGE_CURVE('',#3745,#3594,#3753,.T.);
#3753 = CIRCLE('',#3754,0.139999827125);
#3754 = AXIS2_PLACEMENT_3D('',#3755,#3756,#3757);
#3755 = CARTESIAN_POINT('',(155.77999982712,-101.4407501728,-4.E-02));
#3756 = DIRECTION('',(0.,0.,-1.));
#3757 = DIRECTION('',(1.234820248241E-06,-0.999999999999,0.));
#3758 = ORIENTED_EDGE('',*,*,#3601,.T.);
#3759 = PLANE('',#3760);
#3760 = AXIS2_PLACEMENT_3D('',#3761,#3762,#3763);
#3761 = CARTESIAN_POINT('',(0.,0.,-4.E-02));
#3762 = DIRECTION('',(-0.,-0.,-1.));
#3763 = DIRECTION('',(-1.,0.,0.));
#3764 = ADVANCED_FACE('',(#3765),#3776,.T.);
#3765 = FACE_BOUND('',#3766,.F.);
#3766 = EDGE_LOOP('',(#3767,#3773,#3774,#3775));
#3767 = ORIENTED_EDGE('',*,*,#3768,.T.);
#3768 = EDGE_CURVE('',#3682,#3745,#3769,.T.);
#3769 = LINE('',#3770,#3771);
#3770 = CARTESIAN_POINT('',(155.78,-101.58075,0.));
#3771 = VECTOR('',#3772,1.);
#3772 = DIRECTION('',(0.,0.,-1.));
#3773 = ORIENTED_EDGE('',*,*,#3752,.T.);
#3774 = ORIENTED_EDGE('',*,*,#3591,.F.);
#3775 = ORIENTED_EDGE('',*,*,#3689,.F.);
#3776 = CYLINDRICAL_SURFACE('',#3777,0.139999827125);
#3777 = AXIS2_PLACEMENT_3D('',#3778,#3779,#3780);
#3778 = CARTESIAN_POINT('',(155.77999982712,-101.4407501728,0.));
#3779 = DIRECTION('',(-0.,-0.,1.));
#3780 = DIRECTION('',(1.234820248241E-06,-0.999999999999,0.));
#3781 = ADVANCED_FACE('',(#3782),#3793,.T.);
#3782 = FACE_BOUND('',#3783,.F.);
#3783 = EDGE_LOOP('',(#3784,#3785,#3786,#3792));
#3784 = ORIENTED_EDGE('',*,*,#3631,.T.);
#3785 = ORIENTED_EDGE('',*,*,#3718,.T.);
#3786 = ORIENTED_EDGE('',*,*,#3787,.F.);
#3787 = EDGE_CURVE('',#3656,#3719,#3788,.T.);
#3788 = LINE('',#3789,#3790);
#3789 = CARTESIAN_POINT('',(156.26,-101.16075,0.));
#3790 = VECTOR('',#3791,1.);
#3791 = DIRECTION('',(0.,0.,-1.));
#3792 = ORIENTED_EDGE('',*,*,#3655,.F.);
#3793 = CYLINDRICAL_SURFACE('',#3794,0.139999827125);
#3794 = AXIS2_PLACEMENT_3D('',#3795,#3796,#3797);
#3795 = CARTESIAN_POINT('',(156.12000017287,-101.1607498271,0.));
#3796 = DIRECTION('',(-0.,-0.,1.));
#3797 = DIRECTION('',(-1.234820451254E-06,0.999999999999,0.));
#3798 = ADVANCED_FACE('',(#3799),#3810,.F.);
#3799 = FACE_BOUND('',#3800,.F.);
#3800 = EDGE_LOOP('',(#3801,#3807,#3808,#3809));
#3801 = ORIENTED_EDGE('',*,*,#3802,.T.);
#3802 = EDGE_CURVE('',#3673,#3736,#3803,.T.);
#3803 = LINE('',#3804,#3805);
#3804 = CARTESIAN_POINT('',(156.12,-101.58075,0.));
#3805 = VECTOR('',#3806,1.);
#3806 = DIRECTION('',(0.,0.,-1.));
#3807 = ORIENTED_EDGE('',*,*,#3744,.T.);
#3808 = ORIENTED_EDGE('',*,*,#3768,.F.);
#3809 = ORIENTED_EDGE('',*,*,#3681,.F.);
#3810 = PLANE('',#3811);
#3811 = AXIS2_PLACEMENT_3D('',#3812,#3813,#3814);
#3812 = CARTESIAN_POINT('',(156.12,-101.58075,0.));
#3813 = DIRECTION('',(0.,1.,0.));
#3814 = DIRECTION('',(-1.,0.,0.));
#3815 = ADVANCED_FACE('',(#3816),#3827,.F.);
#3816 = FACE_BOUND('',#3817,.F.);
#3817 = EDGE_LOOP('',(#3818,#3819,#3820,#3826));
#3818 = ORIENTED_EDGE('',*,*,#3787,.T.);
#3819 = ORIENTED_EDGE('',*,*,#3727,.T.);
#3820 = ORIENTED_EDGE('',*,*,#3821,.F.);
#3821 = EDGE_CURVE('',#3665,#3728,#3822,.T.);
#3822 = LINE('',#3823,#3824);
#3823 = CARTESIAN_POINT('',(156.26,-101.44075,0.));
#3824 = VECTOR('',#3825,1.);
#3825 = DIRECTION('',(0.,0.,-1.));
#3826 = ORIENTED_EDGE('',*,*,#3664,.F.);
#3827 = PLANE('',#3828);
#3828 = AXIS2_PLACEMENT_3D('',#3829,#3830,#3831);
#3829 = CARTESIAN_POINT('',(156.26,-101.16075,0.));
#3830 = DIRECTION('',(-1.,-0.,-0.));
#3831 = DIRECTION('',(0.,-1.,0.));
#3832 = ADVANCED_FACE('',(#3833),#3839,.T.);
#3833 = FACE_BOUND('',#3834,.F.);
#3834 = EDGE_LOOP('',(#3835,#3836,#3837,#3838));
#3835 = ORIENTED_EDGE('',*,*,#3821,.T.);
#3836 = ORIENTED_EDGE('',*,*,#3735,.T.);
#3837 = ORIENTED_EDGE('',*,*,#3802,.F.);
#3838 = ORIENTED_EDGE('',*,*,#3672,.F.);
#3839 = CYLINDRICAL_SURFACE('',#3840,0.139999827125);
#3840 = AXIS2_PLACEMENT_3D('',#3841,#3842,#3843);
#3841 = CARTESIAN_POINT('',(156.12000017287,-101.4407501728,0.));
#3842 = DIRECTION('',(-0.,-0.,1.));
#3843 = DIRECTION('',(0.999999999999,1.23482055276E-06,0.));
#3844 = ADVANCED_FACE('',(#3845),#3864,.F.);
#3845 = FACE_BOUND('',#3846,.T.);
#3846 = EDGE_LOOP('',(#3847,#3856,#3862,#3863));
#3847 = ORIENTED_EDGE('',*,*,#3848,.F.);
#3848 = EDGE_CURVE('',#3849,#3849,#3851,.T.);
#3849 = VERTEX_POINT('',#3850);
#3850 = CARTESIAN_POINT('',(155.95,-101.37575,-3.6E-02));
#3851 = CIRCLE('',#3852,7.500000000002E-02);
#3852 = AXIS2_PLACEMENT_3D('',#3853,#3854,#3855);
#3853 = CARTESIAN_POINT('',(155.95,-101.30075,-3.6E-02));
#3854 = DIRECTION('',(0.,0.,1.));
#3855 = DIRECTION('',(-0.,-1.,0.));
#3856 = ORIENTED_EDGE('',*,*,#3857,.T.);
#3857 = EDGE_CURVE('',#3849,#3700,#3858,.T.);
#3858 = LINE('',#3859,#3860);
#3859 = CARTESIAN_POINT('',(155.95,-101.37575,-3.6E-02));
#3860 = VECTOR('',#3861,1.);
#3861 = DIRECTION('',(0.,0.,1.));
#3862 = ORIENTED_EDGE('',*,*,#3699,.F.);
#3863 = ORIENTED_EDGE('',*,*,#3857,.F.);
#3864 = CYLINDRICAL_SURFACE('',#3865,7.500000000002E-02);
#3865 = AXIS2_PLACEMENT_3D('',#3866,#3867,#3868);
#3866 = CARTESIAN_POINT('',(155.95,-101.30075,-3.6E-02));
#3867 = DIRECTION('',(-0.,-0.,-1.));
#3868 = DIRECTION('',(-0.,-1.,0.));
#3869 = ADVANCED_FACE('',(#3870),#3873,.T.);
#3870 = FACE_BOUND('',#3871,.T.);
#3871 = EDGE_LOOP('',(#3872));
#3872 = ORIENTED_EDGE('',*,*,#3848,.T.);
#3873 = PLANE('',#3874);
#3874 = AXIS2_PLACEMENT_3D('',#3875,#3876,#3877);
#3875 = CARTESIAN_POINT('',(155.95,-101.37575,-3.6E-02));
#3876 = DIRECTION('',(0.,0.,1.));
#3877 = DIRECTION('',(1.,0.,-0.));
#3878 = MANIFOLD_SOLID_BREP('',#3879);
#3879 = CLOSED_SHELL('',(#3880,#3922,#3953,#3986,#4017,#4050,#4081,#4114
    ,#4136,#4152));
#3880 = ADVANCED_FACE('',(#3881),#3917,.T.);
#3881 = FACE_BOUND('',#3882,.F.);
#3882 = EDGE_LOOP('',(#3883,#3893,#3902,#3910));
#3883 = ORIENTED_EDGE('',*,*,#3884,.T.);
#3884 = EDGE_CURVE('',#3885,#3887,#3889,.T.);
#3885 = VERTEX_POINT('',#3886);
#3886 = CARTESIAN_POINT('',(155.64,-100.20075,0.));
#3887 = VERTEX_POINT('',#3888);
#3888 = CARTESIAN_POINT('',(155.64,-100.20075,-4.E-02));
#3889 = LINE('',#3890,#3891);
#3890 = CARTESIAN_POINT('',(155.64,-100.20075,0.));
#3891 = VECTOR('',#3892,1.);
#3892 = DIRECTION('',(0.,0.,-1.));
#3893 = ORIENTED_EDGE('',*,*,#3894,.T.);
#3894 = EDGE_CURVE('',#3887,#3895,#3897,.T.);
#3895 = VERTEX_POINT('',#3896);
#3896 = CARTESIAN_POINT('',(155.78,-100.06075,-4.E-02));
#3897 = CIRCLE('',#3898,0.139999827125);
#3898 = AXIS2_PLACEMENT_3D('',#3899,#3900,#3901);
#3899 = CARTESIAN_POINT('',(155.77999982712,-100.2007498271,-4.E-02));
#3900 = DIRECTION('',(0.,0.,-1.));
#3901 = DIRECTION('',(-0.999999999999,-1.234820248241E-06,-0.));
#3902 = ORIENTED_EDGE('',*,*,#3903,.F.);
#3903 = EDGE_CURVE('',#3904,#3895,#3906,.T.);
#3904 = VERTEX_POINT('',#3905);
#3905 = CARTESIAN_POINT('',(155.78,-100.06075,0.));
#3906 = LINE('',#3907,#3908);
#3907 = CARTESIAN_POINT('',(155.78,-100.06075,0.));
#3908 = VECTOR('',#3909,1.);
#3909 = DIRECTION('',(0.,0.,-1.));
#3910 = ORIENTED_EDGE('',*,*,#3911,.F.);
#3911 = EDGE_CURVE('',#3885,#3904,#3912,.T.);
#3912 = CIRCLE('',#3913,0.139999827125);
#3913 = AXIS2_PLACEMENT_3D('',#3914,#3915,#3916);
#3914 = CARTESIAN_POINT('',(155.77999982712,-100.2007498271,0.));
#3915 = DIRECTION('',(0.,0.,-1.));
#3916 = DIRECTION('',(-0.999999999999,-1.234820248241E-06,-0.));
#3917 = CYLINDRICAL_SURFACE('',#3918,0.139999827125);
#3918 = AXIS2_PLACEMENT_3D('',#3919,#3920,#3921);
#3919 = CARTESIAN_POINT('',(155.77999982712,-100.2007498271,0.));
#3920 = DIRECTION('',(-0.,-0.,1.));
#3921 = DIRECTION('',(-0.999999999999,-1.234820248241E-06,-0.));
#3922 = ADVANCED_FACE('',(#3923),#3948,.F.);
#3923 = FACE_BOUND('',#3924,.F.);
#3924 = EDGE_LOOP('',(#3925,#3926,#3934,#3942));
#3925 = ORIENTED_EDGE('',*,*,#3903,.T.);
#3926 = ORIENTED_EDGE('',*,*,#3927,.T.);
#3927 = EDGE_CURVE('',#3895,#3928,#3930,.T.);
#3928 = VERTEX_POINT('',#3929);
#3929 = CARTESIAN_POINT('',(156.12,-100.06075,-4.E-02));
#3930 = LINE('',#3931,#3932);
#3931 = CARTESIAN_POINT('',(155.78,-100.06075,-4.E-02));
#3932 = VECTOR('',#3933,1.);
#3933 = DIRECTION('',(1.,0.,0.));
#3934 = ORIENTED_EDGE('',*,*,#3935,.F.);
#3935 = EDGE_CURVE('',#3936,#3928,#3938,.T.);
#3936 = VERTEX_POINT('',#3937);
#3937 = CARTESIAN_POINT('',(156.12,-100.06075,0.));
#3938 = LINE('',#3939,#3940);
#3939 = CARTESIAN_POINT('',(156.12,-100.06075,0.));
#3940 = VECTOR('',#3941,1.);
#3941 = DIRECTION('',(0.,0.,-1.));
#3942 = ORIENTED_EDGE('',*,*,#3943,.F.);
#3943 = EDGE_CURVE('',#3904,#3936,#3944,.T.);
#3944 = LINE('',#3945,#3946);
#3945 = CARTESIAN_POINT('',(155.78,-100.06075,0.));
#3946 = VECTOR('',#3947,1.);
#3947 = DIRECTION('',(1.,0.,0.));
#3948 = PLANE('',#3949);
#3949 = AXIS2_PLACEMENT_3D('',#3950,#3951,#3952);
#3950 = CARTESIAN_POINT('',(155.78,-100.06075,0.));
#3951 = DIRECTION('',(0.,-1.,0.));
#3952 = DIRECTION('',(1.,0.,0.));
#3953 = ADVANCED_FACE('',(#3954),#3981,.T.);
#3954 = FACE_BOUND('',#3955,.F.);
#3955 = EDGE_LOOP('',(#3956,#3957,#3966,#3974));
#3956 = ORIENTED_EDGE('',*,*,#3935,.T.);
#3957 = ORIENTED_EDGE('',*,*,#3958,.T.);
#3958 = EDGE_CURVE('',#3928,#3959,#3961,.T.);
#3959 = VERTEX_POINT('',#3960);
#3960 = CARTESIAN_POINT('',(156.26,-100.20075,-4.E-02));
#3961 = CIRCLE('',#3962,0.139999827125);
#3962 = AXIS2_PLACEMENT_3D('',#3963,#3964,#3965);
#3963 = CARTESIAN_POINT('',(156.12000017287,-100.2007498271,-4.E-02));
#3964 = DIRECTION('',(0.,0.,-1.));
#3965 = DIRECTION('',(-1.234820451254E-06,0.999999999999,0.));
#3966 = ORIENTED_EDGE('',*,*,#3967,.F.);
#3967 = EDGE_CURVE('',#3968,#3959,#3970,.T.);
#3968 = VERTEX_POINT('',#3969);
#3969 = CARTESIAN_POINT('',(156.26,-100.20075,0.));
#3970 = LINE('',#3971,#3972);
#3971 = CARTESIAN_POINT('',(156.26,-100.20075,0.));
#3972 = VECTOR('',#3973,1.);
#3973 = DIRECTION('',(0.,0.,-1.));
#3974 = ORIENTED_EDGE('',*,*,#3975,.F.);
#3975 = EDGE_CURVE('',#3936,#3968,#3976,.T.);
#3976 = CIRCLE('',#3977,0.139999827125);
#3977 = AXIS2_PLACEMENT_3D('',#3978,#3979,#3980);
#3978 = CARTESIAN_POINT('',(156.12000017287,-100.2007498271,0.));
#3979 = DIRECTION('',(0.,0.,-1.));
#3980 = DIRECTION('',(-1.234820451254E-06,0.999999999999,0.));
#3981 = CYLINDRICAL_SURFACE('',#3982,0.139999827125);
#3982 = AXIS2_PLACEMENT_3D('',#3983,#3984,#3985);
#3983 = CARTESIAN_POINT('',(156.12000017287,-100.2007498271,0.));
#3984 = DIRECTION('',(-0.,-0.,1.));
#3985 = DIRECTION('',(-1.234820451254E-06,0.999999999999,0.));
#3986 = ADVANCED_FACE('',(#3987),#4012,.F.);
#3987 = FACE_BOUND('',#3988,.F.);
#3988 = EDGE_LOOP('',(#3989,#3990,#3998,#4006));
#3989 = ORIENTED_EDGE('',*,*,#3967,.T.);
#3990 = ORIENTED_EDGE('',*,*,#3991,.T.);
#3991 = EDGE_CURVE('',#3959,#3992,#3994,.T.);
#3992 = VERTEX_POINT('',#3993);
#3993 = CARTESIAN_POINT('',(156.26,-100.48075,-4.E-02));
#3994 = LINE('',#3995,#3996);
#3995 = CARTESIAN_POINT('',(156.26,-100.20075,-4.E-02));
#3996 = VECTOR('',#3997,1.);
#3997 = DIRECTION('',(0.,-1.,0.));
#3998 = ORIENTED_EDGE('',*,*,#3999,.F.);
#3999 = EDGE_CURVE('',#4000,#3992,#4002,.T.);
#4000 = VERTEX_POINT('',#4001);
#4001 = CARTESIAN_POINT('',(156.26,-100.48075,0.));
#4002 = LINE('',#4003,#4004);
#4003 = CARTESIAN_POINT('',(156.26,-100.48075,0.));
#4004 = VECTOR('',#4005,1.);
#4005 = DIRECTION('',(0.,0.,-1.));
#4006 = ORIENTED_EDGE('',*,*,#4007,.F.);
#4007 = EDGE_CURVE('',#3968,#4000,#4008,.T.);
#4008 = LINE('',#4009,#4010);
#4009 = CARTESIAN_POINT('',(156.26,-100.20075,0.));
#4010 = VECTOR('',#4011,1.);
#4011 = DIRECTION('',(0.,-1.,0.));
#4012 = PLANE('',#4013);
#4013 = AXIS2_PLACEMENT_3D('',#4014,#4015,#4016);
#4014 = CARTESIAN_POINT('',(156.26,-100.20075,0.));
#4015 = DIRECTION('',(-1.,-0.,-0.));
#4016 = DIRECTION('',(0.,-1.,0.));
#4017 = ADVANCED_FACE('',(#4018),#4045,.T.);
#4018 = FACE_BOUND('',#4019,.F.);
#4019 = EDGE_LOOP('',(#4020,#4021,#4030,#4038));
#4020 = ORIENTED_EDGE('',*,*,#3999,.T.);
#4021 = ORIENTED_EDGE('',*,*,#4022,.T.);
#4022 = EDGE_CURVE('',#3992,#4023,#4025,.T.);
#4023 = VERTEX_POINT('',#4024);
#4024 = CARTESIAN_POINT('',(156.12,-100.62075,-4.E-02));
#4025 = CIRCLE('',#4026,0.139999827125);
#4026 = AXIS2_PLACEMENT_3D('',#4027,#4028,#4029);
#4027 = CARTESIAN_POINT('',(156.12000017287,-100.4807501728,-4.E-02));
#4028 = DIRECTION('',(0.,0.,-1.));
#4029 = DIRECTION('',(0.999999999999,1.23482055276E-06,0.));
#4030 = ORIENTED_EDGE('',*,*,#4031,.F.);
#4031 = EDGE_CURVE('',#4032,#4023,#4034,.T.);
#4032 = VERTEX_POINT('',#4033);
#4033 = CARTESIAN_POINT('',(156.12,-100.62075,0.));
#4034 = LINE('',#4035,#4036);
#4035 = CARTESIAN_POINT('',(156.12,-100.62075,0.));
#4036 = VECTOR('',#4037,1.);
#4037 = DIRECTION('',(0.,0.,-1.));
#4038 = ORIENTED_EDGE('',*,*,#4039,.F.);
#4039 = EDGE_CURVE('',#4000,#4032,#4040,.T.);
#4040 = CIRCLE('',#4041,0.139999827125);
#4041 = AXIS2_PLACEMENT_3D('',#4042,#4043,#4044);
#4042 = CARTESIAN_POINT('',(156.12000017287,-100.4807501728,0.));
#4043 = DIRECTION('',(0.,0.,-1.));
#4044 = DIRECTION('',(0.999999999999,1.23482055276E-06,0.));
#4045 = CYLINDRICAL_SURFACE('',#4046,0.139999827125);
#4046 = AXIS2_PLACEMENT_3D('',#4047,#4048,#4049);
#4047 = CARTESIAN_POINT('',(156.12000017287,-100.4807501728,0.));
#4048 = DIRECTION('',(-0.,-0.,1.));
#4049 = DIRECTION('',(0.999999999999,1.23482055276E-06,0.));
#4050 = ADVANCED_FACE('',(#4051),#4076,.F.);
#4051 = FACE_BOUND('',#4052,.F.);
#4052 = EDGE_LOOP('',(#4053,#4054,#4062,#4070));
#4053 = ORIENTED_EDGE('',*,*,#4031,.T.);
#4054 = ORIENTED_EDGE('',*,*,#4055,.T.);
#4055 = EDGE_CURVE('',#4023,#4056,#4058,.T.);
#4056 = VERTEX_POINT('',#4057);
#4057 = CARTESIAN_POINT('',(155.78,-100.62075,-4.E-02));
#4058 = LINE('',#4059,#4060);
#4059 = CARTESIAN_POINT('',(156.12,-100.62075,-4.E-02));
#4060 = VECTOR('',#4061,1.);
#4061 = DIRECTION('',(-1.,0.,0.));
#4062 = ORIENTED_EDGE('',*,*,#4063,.F.);
#4063 = EDGE_CURVE('',#4064,#4056,#4066,.T.);
#4064 = VERTEX_POINT('',#4065);
#4065 = CARTESIAN_POINT('',(155.78,-100.62075,0.));
#4066 = LINE('',#4067,#4068);
#4067 = CARTESIAN_POINT('',(155.78,-100.62075,0.));
#4068 = VECTOR('',#4069,1.);
#4069 = DIRECTION('',(0.,0.,-1.));
#4070 = ORIENTED_EDGE('',*,*,#4071,.F.);
#4071 = EDGE_CURVE('',#4032,#4064,#4072,.T.);
#4072 = LINE('',#4073,#4074);
#4073 = CARTESIAN_POINT('',(156.12,-100.62075,0.));
#4074 = VECTOR('',#4075,1.);
#4075 = DIRECTION('',(-1.,0.,0.));
#4076 = PLANE('',#4077);
#4077 = AXIS2_PLACEMENT_3D('',#4078,#4079,#4080);
#4078 = CARTESIAN_POINT('',(156.12,-100.62075,0.));
#4079 = DIRECTION('',(0.,1.,0.));
#4080 = DIRECTION('',(-1.,0.,0.));
#4081 = ADVANCED_FACE('',(#4082),#4109,.T.);
#4082 = FACE_BOUND('',#4083,.F.);
#4083 = EDGE_LOOP('',(#4084,#4085,#4094,#4102));
#4084 = ORIENTED_EDGE('',*,*,#4063,.T.);
#4085 = ORIENTED_EDGE('',*,*,#4086,.T.);
#4086 = EDGE_CURVE('',#4056,#4087,#4089,.T.);
#4087 = VERTEX_POINT('',#4088);
#4088 = CARTESIAN_POINT('',(155.64,-100.48075,-4.E-02));
#4089 = CIRCLE('',#4090,0.139999827125);
#4090 = AXIS2_PLACEMENT_3D('',#4091,#4092,#4093);
#4091 = CARTESIAN_POINT('',(155.77999982712,-100.4807501728,-4.E-02));
#4092 = DIRECTION('',(0.,0.,-1.));
#4093 = DIRECTION('',(1.234820451253E-06,-0.999999999999,0.));
#4094 = ORIENTED_EDGE('',*,*,#4095,.F.);
#4095 = EDGE_CURVE('',#4096,#4087,#4098,.T.);
#4096 = VERTEX_POINT('',#4097);
#4097 = CARTESIAN_POINT('',(155.64,-100.48075,0.));
#4098 = LINE('',#4099,#4100);
#4099 = CARTESIAN_POINT('',(155.64,-100.48075,0.));
#4100 = VECTOR('',#4101,1.);
#4101 = DIRECTION('',(0.,0.,-1.));
#4102 = ORIENTED_EDGE('',*,*,#4103,.F.);
#4103 = EDGE_CURVE('',#4064,#4096,#4104,.T.);
#4104 = CIRCLE('',#4105,0.139999827125);
#4105 = AXIS2_PLACEMENT_3D('',#4106,#4107,#4108);
#4106 = CARTESIAN_POINT('',(155.77999982712,-100.4807501728,0.));
#4107 = DIRECTION('',(0.,0.,-1.));
#4108 = DIRECTION('',(1.234820451253E-06,-0.999999999999,0.));
#4109 = CYLINDRICAL_SURFACE('',#4110,0.139999827125);
#4110 = AXIS2_PLACEMENT_3D('',#4111,#4112,#4113);
#4111 = CARTESIAN_POINT('',(155.77999982712,-100.4807501728,0.));
#4112 = DIRECTION('',(-0.,-0.,1.));
#4113 = DIRECTION('',(1.234820451253E-06,-0.999999999999,0.));
#4114 = ADVANCED_FACE('',(#4115),#4131,.F.);
#4115 = FACE_BOUND('',#4116,.F.);
#4116 = EDGE_LOOP('',(#4117,#4118,#4124,#4125));
#4117 = ORIENTED_EDGE('',*,*,#4095,.T.);
#4118 = ORIENTED_EDGE('',*,*,#4119,.T.);
#4119 = EDGE_CURVE('',#4087,#3887,#4120,.T.);
#4120 = LINE('',#4121,#4122);
#4121 = CARTESIAN_POINT('',(155.64,-100.48075,-4.E-02));
#4122 = VECTOR('',#4123,1.);
#4123 = DIRECTION('',(0.,1.,0.));
#4124 = ORIENTED_EDGE('',*,*,#3884,.F.);
#4125 = ORIENTED_EDGE('',*,*,#4126,.F.);
#4126 = EDGE_CURVE('',#4096,#3885,#4127,.T.);
#4127 = LINE('',#4128,#4129);
#4128 = CARTESIAN_POINT('',(155.64,-100.48075,0.));
#4129 = VECTOR('',#4130,1.);
#4130 = DIRECTION('',(0.,1.,0.));
#4131 = PLANE('',#4132);
#4132 = AXIS2_PLACEMENT_3D('',#4133,#4134,#4135);
#4133 = CARTESIAN_POINT('',(155.64,-100.48075,0.));
#4134 = DIRECTION('',(1.,-0.,0.));
#4135 = DIRECTION('',(0.,1.,0.));
#4136 = ADVANCED_FACE('',(#4137),#4147,.F.);
#4137 = FACE_BOUND('',#4138,.F.);
#4138 = EDGE_LOOP('',(#4139,#4140,#4141,#4142,#4143,#4144,#4145,#4146));
#4139 = ORIENTED_EDGE('',*,*,#3911,.T.);
#4140 = ORIENTED_EDGE('',*,*,#3943,.T.);
#4141 = ORIENTED_EDGE('',*,*,#3975,.T.);
#4142 = ORIENTED_EDGE('',*,*,#4007,.T.);
#4143 = ORIENTED_EDGE('',*,*,#4039,.T.);
#4144 = ORIENTED_EDGE('',*,*,#4071,.T.);
#4145 = ORIENTED_EDGE('',*,*,#4103,.T.);
#4146 = ORIENTED_EDGE('',*,*,#4126,.T.);
#4147 = PLANE('',#4148);
#4148 = AXIS2_PLACEMENT_3D('',#4149,#4150,#4151);
#4149 = CARTESIAN_POINT('',(0.,0.,0.));
#4150 = DIRECTION('',(-0.,-0.,-1.));
#4151 = DIRECTION('',(-1.,0.,0.));
#4152 = ADVANCED_FACE('',(#4153),#4163,.T.);
#4153 = FACE_BOUND('',#4154,.T.);
#4154 = EDGE_LOOP('',(#4155,#4156,#4157,#4158,#4159,#4160,#4161,#4162));
#4155 = ORIENTED_EDGE('',*,*,#3894,.T.);
#4156 = ORIENTED_EDGE('',*,*,#3927,.T.);
#4157 = ORIENTED_EDGE('',*,*,#3958,.T.);
#4158 = ORIENTED_EDGE('',*,*,#3991,.T.);
#4159 = ORIENTED_EDGE('',*,*,#4022,.T.);
#4160 = ORIENTED_EDGE('',*,*,#4055,.T.);
#4161 = ORIENTED_EDGE('',*,*,#4086,.T.);
#4162 = ORIENTED_EDGE('',*,*,#4119,.T.);
#4163 = PLANE('',#4164);
#4164 = AXIS2_PLACEMENT_3D('',#4165,#4166,#4167);
#4165 = CARTESIAN_POINT('',(0.,0.,-4.E-02));
#4166 = DIRECTION('',(-0.,-0.,-1.));
#4167 = DIRECTION('',(-1.,0.,0.));
#4168 = ( GEOMETRIC_REPRESENTATION_CONTEXT(3) 
GLOBAL_UNCERTAINTY_ASSIGNED_CONTEXT((#4172)) 
GLOBAL_UNIT_ASSIGNED_CONTEXT((#4169,#4170,#4171)) REPRESENTATION_CONTEXT
('Context #1','3D Context with UNIT and UNCERTAINTY') );
#4169 = ( LENGTH_UNIT() NAMED_UNIT(*) SI_UNIT(.MILLI.,.METRE.) );
#4170 = ( NAMED_UNIT(*) PLANE_ANGLE_UNIT() SI_UNIT($,.RADIAN.) );
#4171 = ( NAMED_UNIT(*) SI_UNIT($,.STERADIAN.) SOLID_ANGLE_UNIT() );
#4172 = UNCERTAINTY_MEASURE_WITH_UNIT(LENGTH_MEASURE(1.E-07),#4169,
  'distance_accuracy_value','confusion accuracy');
#4173 = CONTEXT_DEPENDENT_SHAPE_REPRESENTATION(#4174,#4176);
#4174 = ( REPRESENTATION_RELATIONSHIP('','',#948,#10) 
REPRESENTATION_RELATIONSHIP_WITH_TRANSFORMATION(#4175) 
SHAPE_REPRESENTATION_RELATIONSHIP() );
#4175 = ITEM_DEFINED_TRANSFORMATION('','',#11,#31);
#4176 = PRODUCT_DEFINITION_SHAPE('Placement','Placement of an item',
  #4177);
#4177 = NEXT_ASSEMBLY_USAGE_OCCURRENCE('5','=>[0:1:1:3]','',#5,#943,$);
#4178 = PRODUCT_RELATED_PRODUCT_CATEGORY('part',$,(#945));
#4179 = SHAPE_DEFINITION_REPRESENTATION(#4180,#4186);
#4180 = PRODUCT_DEFINITION_SHAPE('','',#4181);
#4181 = PRODUCT_DEFINITION('design','',#4182,#4185);
#4182 = PRODUCT_DEFINITION_FORMATION('','',#4183);
#4183 = PRODUCT('rect_24-5_16_silkscreen','rect_24-5_16_silkscreen','',(
    #4184));
#4184 = PRODUCT_CONTEXT('',#2,'mechanical');
#4185 = PRODUCT_DEFINITION_CONTEXT('part definition',#2,'design');
#4186 = SHAPE_REPRESENTATION('',(#11,#4187,#4239,#4291,#4437,#4489,#4541
    ,#4571,#4623,#4675,#4940,#4992,#5044),#5074);
#4187 = SHELL_BASED_SURFACE_MODEL('',(#4188));
#4188 = OPEN_SHELL('',(#4189));
#4189 = ADVANCED_FACE('',(#4190),#4234,.T.);
#4190 = FACE_BOUND('',#4191,.F.);
#4191 = EDGE_LOOP('',(#4192,#4203,#4211,#4220,#4228));
#4192 = ORIENTED_EDGE('',*,*,#4193,.T.);
#4193 = EDGE_CURVE('',#4194,#4196,#4198,.T.);
#4194 = VERTEX_POINT('',#4195);
#4195 = CARTESIAN_POINT('',(155.534567,-100.689953,0.785));
#4196 = VERTEX_POINT('',#4197);
#4197 = CARTESIAN_POINT('',(155.65,-100.712914,0.785));
#4198 = CIRCLE('',#4199,6.000007318647E-02);
#4199 = AXIS2_PLACEMENT_3D('',#4200,#4201,#4202);
#4200 = CARTESIAN_POINT('',(155.58999992681,-100.7129138233,0.785));
#4201 = DIRECTION('',(0.,0.,-1.));
#4202 = DIRECTION('',(-0.923880986637,0.382679921777,0.));
#4203 = ORIENTED_EDGE('',*,*,#4204,.T.);
#4204 = EDGE_CURVE('',#4196,#4205,#4207,.T.);
#4205 = VERTEX_POINT('',#4206);
#4206 = CARTESIAN_POINT('',(155.65,-100.928586,0.785));
#4207 = LINE('',#4208,#4209);
#4208 = CARTESIAN_POINT('',(155.65,-100.712914,0.785));
#4209 = VECTOR('',#4210,1.);
#4210 = DIRECTION('',(0.,-1.,0.));
#4211 = ORIENTED_EDGE('',*,*,#4212,.T.);
#4212 = EDGE_CURVE('',#4205,#4213,#4215,.T.);
#4213 = VERTEX_POINT('',#4214);
#4214 = CARTESIAN_POINT('',(155.53,-100.928586,0.785));
#4215 = CIRCLE('',#4216,6.000000000043E-02);
#4216 = AXIS2_PLACEMENT_3D('',#4217,#4218,#4219);
#4217 = CARTESIAN_POINT('',(155.59,-100.9285862255,0.785));
#4218 = DIRECTION('',(0.,0.,-1.));
#4219 = DIRECTION('',(0.999999999993,3.759794253684E-06,0.));
#4220 = ORIENTED_EDGE('',*,*,#4221,.T.);
#4221 = EDGE_CURVE('',#4213,#4222,#4224,.T.);
#4222 = VERTEX_POINT('',#4223);
#4223 = CARTESIAN_POINT('',(155.53,-100.712914,0.785));
#4224 = LINE('',#4225,#4226);
#4225 = CARTESIAN_POINT('',(155.53,-100.928586,0.785));
#4226 = VECTOR('',#4227,1.);
#4227 = DIRECTION('',(0.,1.,0.));
#4228 = ORIENTED_EDGE('',*,*,#4229,.T.);
#4229 = EDGE_CURVE('',#4222,#4194,#4230,.T.);
#4230 = LINE('',#4231,#4232);
#4231 = CARTESIAN_POINT('',(155.53,-100.712914,0.785));
#4232 = VECTOR('',#4233,1.);
#4233 = DIRECTION('',(0.195081000118,0.980787134598,0.));
#4234 = PLANE('',#4235);
#4235 = AXIS2_PLACEMENT_3D('',#4236,#4237,#4238);
#4236 = CARTESIAN_POINT('',(0.,0.,0.785));
#4237 = DIRECTION('',(0.,0.,1.));
#4238 = DIRECTION('',(1.,0.,-0.));
#4239 = SHELL_BASED_SURFACE_MODEL('',(#4240));
#4240 = OPEN_SHELL('',(#4241));
#4241 = ADVANCED_FACE('',(#4242),#4286,.T.);
#4242 = FACE_BOUND('',#4243,.F.);
#4243 = EDGE_LOOP('',(#4244,#4255,#4263,#4272,#4280));
#4244 = ORIENTED_EDGE('',*,*,#4245,.T.);
#4245 = EDGE_CURVE('',#4246,#4248,#4250,.T.);
#4246 = VERTEX_POINT('',#4247);
#4247 = CARTESIAN_POINT('',(156.254567,-100.689953,0.785));
#4248 = VERTEX_POINT('',#4249);
#4249 = CARTESIAN_POINT('',(156.37,-100.712914,0.785));
#4250 = CIRCLE('',#4251,6.000007318647E-02);
#4251 = AXIS2_PLACEMENT_3D('',#4252,#4253,#4254);
#4252 = CARTESIAN_POINT('',(156.30999992681,-100.7129138233,0.785));
#4253 = DIRECTION('',(0.,0.,-1.));
#4254 = DIRECTION('',(-0.923880986637,0.382679921777,0.));
#4255 = ORIENTED_EDGE('',*,*,#4256,.T.);
#4256 = EDGE_CURVE('',#4248,#4257,#4259,.T.);
#4257 = VERTEX_POINT('',#4258);
#4258 = CARTESIAN_POINT('',(156.37,-100.928586,0.785));
#4259 = LINE('',#4260,#4261);
#4260 = CARTESIAN_POINT('',(156.37,-100.712914,0.785));
#4261 = VECTOR('',#4262,1.);
#4262 = DIRECTION('',(0.,-1.,0.));
#4263 = ORIENTED_EDGE('',*,*,#4264,.T.);
#4264 = EDGE_CURVE('',#4257,#4265,#4267,.T.);
#4265 = VERTEX_POINT('',#4266);
#4266 = CARTESIAN_POINT('',(156.25,-100.928586,0.785));
#4267 = CIRCLE('',#4268,6.000000000043E-02);
#4268 = AXIS2_PLACEMENT_3D('',#4269,#4270,#4271);
#4269 = CARTESIAN_POINT('',(156.31,-100.9285862255,0.785));
#4270 = DIRECTION('',(0.,0.,-1.));
#4271 = DIRECTION('',(0.999999999993,3.759794253684E-06,0.));
#4272 = ORIENTED_EDGE('',*,*,#4273,.T.);
#4273 = EDGE_CURVE('',#4265,#4274,#4276,.T.);
#4274 = VERTEX_POINT('',#4275);
#4275 = CARTESIAN_POINT('',(156.25,-100.712914,0.785));
#4276 = LINE('',#4277,#4278);
#4277 = CARTESIAN_POINT('',(156.25,-100.928586,0.785));
#4278 = VECTOR('',#4279,1.);
#4279 = DIRECTION('',(0.,1.,0.));
#4280 = ORIENTED_EDGE('',*,*,#4281,.T.);
#4281 = EDGE_CURVE('',#4274,#4246,#4282,.T.);
#4282 = LINE('',#4283,#4284);
#4283 = CARTESIAN_POINT('',(156.25,-100.712914,0.785));
#4284 = VECTOR('',#4285,1.);
#4285 = DIRECTION('',(0.195081000118,0.980787134598,0.));
#4286 = PLANE('',#4287);
#4287 = AXIS2_PLACEMENT_3D('',#4288,#4289,#4290);
#4288 = CARTESIAN_POINT('',(0.,0.,0.785));
#4289 = DIRECTION('',(0.,0.,1.));
#4290 = DIRECTION('',(1.,0.,-0.));
#4291 = SHELL_BASED_SURFACE_MODEL('',(#4292));
#4292 = OPEN_SHELL('',(#4293));
#4293 = ADVANCED_FACE('',(#4294,#4380),#4432,.T.);
#4294 = FACE_BOUND('',#4295,.F.);
#4295 = EDGE_LOOP('',(#4296,#4307,#4315,#4324,#4332,#4341,#4349,#4358,
    #4366,#4374));
#4296 = ORIENTED_EDGE('',*,*,#4297,.T.);
#4297 = EDGE_CURVE('',#4298,#4300,#4302,.T.);
#4298 = VERTEX_POINT('',#4299);
#4299 = CARTESIAN_POINT('',(156.875143,-99.631183,0.785));
#4300 = VERTEX_POINT('',#4301);
#4301 = CARTESIAN_POINT('',(156.990576,-99.654144,0.785));
#4302 = CIRCLE('',#4303,6.000007318647E-02);
#4303 = AXIS2_PLACEMENT_3D('',#4304,#4305,#4306);
#4304 = CARTESIAN_POINT('',(156.93057592681,-99.65414382331,0.785));
#4305 = DIRECTION('',(0.,0.,-1.));
#4306 = DIRECTION('',(-0.923880986637,0.382679921777,0.));
#4307 = ORIENTED_EDGE('',*,*,#4308,.T.);
#4308 = EDGE_CURVE('',#4300,#4309,#4311,.T.);
#4309 = VERTEX_POINT('',#4310);
#4310 = CARTESIAN_POINT('',(156.990576,-100.454144,0.785));
#4311 = LINE('',#4312,#4313);
#4312 = CARTESIAN_POINT('',(156.990576,-99.654144,0.785));
#4313 = VECTOR('',#4314,1.);
#4314 = DIRECTION('',(0.,-1.,0.));
#4315 = ORIENTED_EDGE('',*,*,#4316,.T.);
#4316 = EDGE_CURVE('',#4309,#4317,#4319,.T.);
#4317 = VERTEX_POINT('',#4318);
#4318 = CARTESIAN_POINT('',(156.930576,-100.514144,0.785));
#4319 = CIRCLE('',#4320,5.999932016265E-02);
#4320 = AXIS2_PLACEMENT_3D('',#4321,#4322,#4323);
#4321 = CARTESIAN_POINT('',(156.93057667984,-100.4541446798,0.785));
#4322 = DIRECTION('',(0.,0.,-1.));
#4323 = DIRECTION('',(0.999999999936,1.133081517401E-05,0.));
#4324 = ORIENTED_EDGE('',*,*,#4325,.T.);
#4325 = EDGE_CURVE('',#4317,#4326,#4328,.T.);
#4326 = VERTEX_POINT('',#4327);
#4327 = CARTESIAN_POINT('',(156.612285,-100.511453,0.785));
#4328 = LINE('',#4329,#4330);
#4329 = CARTESIAN_POINT('',(156.930576,-100.514144,0.785));
#4330 = VECTOR('',#4331,1.);
#4331 = DIRECTION('',(-0.999964262399,8.454225316183E-03,0.));
#4332 = ORIENTED_EDGE('',*,*,#4333,.T.);
#4333 = EDGE_CURVE('',#4326,#4334,#4336,.T.);
#4334 = VERTEX_POINT('',#4335);
#4335 = CARTESIAN_POINT('',(156.416123,-100.315287,0.785));
#4336 = CIRCLE('',#4337,0.276058202187);
#4337 = AXIS2_PLACEMENT_3D('',#4338,#4339,#4340);
#4338 = CARTESIAN_POINT('',(156.68297771712,-100.2445997243,0.785));
#4339 = DIRECTION('',(0.,0.,-1.));
#4340 = DIRECTION('',(-0.256079031758,-0.966655848528,-0.));
#4341 = ORIENTED_EDGE('',*,*,#4342,.T.);
#4342 = EDGE_CURVE('',#4334,#4343,#4345,.T.);
#4343 = VERTEX_POINT('',#4344);
#4344 = CARTESIAN_POINT('',(156.416123,-100.173953,0.785));
#4345 = LINE('',#4346,#4347);
#4346 = CARTESIAN_POINT('',(156.416123,-100.315287,0.785));
#4347 = VECTOR('',#4348,1.);
#4348 = DIRECTION('',(0.,1.,0.));
#4349 = ORIENTED_EDGE('',*,*,#4350,.T.);
#4350 = EDGE_CURVE('',#4343,#4351,#4353,.T.);
#4351 = VERTEX_POINT('',#4352);
#4352 = CARTESIAN_POINT('',(156.612285,-99.977787,0.785));
#4353 = CIRCLE('',#4354,0.276059850333);
#4354 = AXIS2_PLACEMENT_3D('',#4355,#4356,#4357);
#4355 = CARTESIAN_POINT('',(156.68297906506,-100.2446416235,0.785));
#4356 = DIRECTION('',(0.,0.,-1.));
#4357 = DIRECTION('',(-0.966660181628,0.256062674466,0.));
#4358 = ORIENTED_EDGE('',*,*,#4359,.T.);
#4359 = EDGE_CURVE('',#4351,#4360,#4362,.T.);
#4360 = VERTEX_POINT('',#4361);
#4361 = CARTESIAN_POINT('',(156.870576,-99.975097,0.785));
#4362 = LINE('',#4363,#4364);
#4363 = CARTESIAN_POINT('',(156.612285,-99.977787,0.785));
#4364 = VECTOR('',#4365,1.);
#4365 = DIRECTION('',(0.999945772362,1.041404511831E-02,0.));
#4366 = ORIENTED_EDGE('',*,*,#4367,.T.);
#4367 = EDGE_CURVE('',#4360,#4368,#4370,.T.);
#4368 = VERTEX_POINT('',#4369);
#4369 = CARTESIAN_POINT('',(156.870576,-99.654144,0.785));
#4370 = LINE('',#4371,#4372);
#4371 = CARTESIAN_POINT('',(156.870576,-99.975097,0.785));
#4372 = VECTOR('',#4373,1.);
#4373 = DIRECTION('',(0.,1.,0.));
#4374 = ORIENTED_EDGE('',*,*,#4375,.T.);
#4375 = EDGE_CURVE('',#4368,#4298,#4376,.T.);
#4376 = LINE('',#4377,#4378);
#4377 = CARTESIAN_POINT('',(156.870576,-99.654144,0.785));
#4378 = VECTOR('',#4379,1.);
#4379 = DIRECTION('',(0.195081000118,0.980787134598,0.));
#4380 = FACE_BOUND('',#4381,.F.);
#4381 = EDGE_LOOP('',(#4382,#4392,#4400,#4409,#4417,#4426));
#4382 = ORIENTED_EDGE('',*,*,#4383,.T.);
#4383 = EDGE_CURVE('',#4384,#4386,#4388,.T.);
#4384 = VERTEX_POINT('',#4385);
#4385 = CARTESIAN_POINT('',(156.870576,-100.394144,0.785));
#4386 = VERTEX_POINT('',#4387);
#4387 = CARTESIAN_POINT('',(156.870576,-100.095097,0.785));
#4388 = LINE('',#4389,#4390);
#4389 = CARTESIAN_POINT('',(156.870576,-100.394144,0.785));
#4390 = VECTOR('',#4391,1.);
#4391 = DIRECTION('',(0.,1.,0.));
#4392 = ORIENTED_EDGE('',*,*,#4393,.T.);
#4393 = EDGE_CURVE('',#4386,#4394,#4396,.T.);
#4394 = VERTEX_POINT('',#4395);
#4395 = CARTESIAN_POINT('',(156.639979,-100.095097,0.785));
#4396 = LINE('',#4397,#4398);
#4397 = CARTESIAN_POINT('',(156.870576,-100.095097,0.785));
#4398 = VECTOR('',#4399,1.);
#4399 = DIRECTION('',(-1.,0.,0.));
#4400 = ORIENTED_EDGE('',*,*,#4401,.T.);
#4401 = EDGE_CURVE('',#4394,#4402,#4404,.T.);
#4402 = VERTEX_POINT('',#4403);
#4403 = CARTESIAN_POINT('',(156.533433,-100.201641,0.785));
#4404 = CIRCLE('',#4405,0.149489741602);
#4405 = AXIS2_PLACEMENT_3D('',#4406,#4407,#4408);
#4406 = CARTESIAN_POINT('',(156.67800482635,-100.2396695401,0.785));
#4407 = DIRECTION('',(0.,0.,1.));
#4408 = DIRECTION('',(-0.254370807981,0.96710676352,0.));
#4409 = ORIENTED_EDGE('',*,*,#4410,.T.);
#4410 = EDGE_CURVE('',#4402,#4411,#4413,.T.);
#4411 = VERTEX_POINT('',#4412);
#4412 = CARTESIAN_POINT('',(156.533433,-100.287599,0.785));
#4413 = LINE('',#4414,#4415);
#4414 = CARTESIAN_POINT('',(156.533433,-100.201641,0.785));
#4415 = VECTOR('',#4416,1.);
#4416 = DIRECTION('',(0.,-1.,0.));
#4417 = ORIENTED_EDGE('',*,*,#4418,.T.);
#4418 = EDGE_CURVE('',#4411,#4419,#4421,.T.);
#4419 = VERTEX_POINT('',#4420);
#4420 = CARTESIAN_POINT('',(156.639979,-100.394144,0.785));
#4421 = CIRCLE('',#4422,0.149488263274);
#4422 = AXIS2_PLACEMENT_3D('',#4423,#4424,#4425);
#4423 = CARTESIAN_POINT('',(156.67800389867,-100.2495727444,0.785));
#4424 = DIRECTION('',(0.,0.,1.));
#4425 = DIRECTION('',(-0.967105346664,-0.254376194746,0.));
#4426 = ORIENTED_EDGE('',*,*,#4427,.T.);
#4427 = EDGE_CURVE('',#4419,#4384,#4428,.T.);
#4428 = LINE('',#4429,#4430);
#4429 = CARTESIAN_POINT('',(156.639979,-100.394144,0.785));
#4430 = VECTOR('',#4431,1.);
#4431 = DIRECTION('',(1.,0.,0.));
#4432 = PLANE('',#4433);
#4433 = AXIS2_PLACEMENT_3D('',#4434,#4435,#4436);
#4434 = CARTESIAN_POINT('',(0.,0.,0.785));
#4435 = DIRECTION('',(0.,0.,1.));
#4436 = DIRECTION('',(1.,0.,-0.));
#4437 = SHELL_BASED_SURFACE_MODEL('',(#4438));
#4438 = OPEN_SHELL('',(#4439));
#4439 = ADVANCED_FACE('',(#4440),#4484,.T.);
#4440 = FACE_BOUND('',#4441,.F.);
#4441 = EDGE_LOOP('',(#4442,#4453,#4461,#4470,#4478));
#4442 = ORIENTED_EDGE('',*,*,#4443,.T.);
#4443 = EDGE_CURVE('',#4444,#4446,#4448,.T.);
#4444 = VERTEX_POINT('',#4445);
#4445 = CARTESIAN_POINT('',(155.534567,-98.814953,0.785));
#4446 = VERTEX_POINT('',#4447);
#4447 = CARTESIAN_POINT('',(155.65,-98.837914,0.785));
#4448 = CIRCLE('',#4449,6.000007318647E-02);
#4449 = AXIS2_PLACEMENT_3D('',#4450,#4451,#4452);
#4450 = CARTESIAN_POINT('',(155.58999992681,-98.83791382331,0.785));
#4451 = DIRECTION('',(0.,0.,-1.));
#4452 = DIRECTION('',(-0.923880986637,0.382679921777,0.));
#4453 = ORIENTED_EDGE('',*,*,#4454,.T.);
#4454 = EDGE_CURVE('',#4446,#4455,#4457,.T.);
#4455 = VERTEX_POINT('',#4456);
#4456 = CARTESIAN_POINT('',(155.65,-99.053586,0.785));
#4457 = LINE('',#4458,#4459);
#4458 = CARTESIAN_POINT('',(155.65,-98.837914,0.785));
#4459 = VECTOR('',#4460,1.);
#4460 = DIRECTION('',(0.,-1.,0.));
#4461 = ORIENTED_EDGE('',*,*,#4462,.T.);
#4462 = EDGE_CURVE('',#4455,#4463,#4465,.T.);
#4463 = VERTEX_POINT('',#4464);
#4464 = CARTESIAN_POINT('',(155.53,-99.053586,0.785));
#4465 = CIRCLE('',#4466,6.000000000043E-02);
#4466 = AXIS2_PLACEMENT_3D('',#4467,#4468,#4469);
#4467 = CARTESIAN_POINT('',(155.59,-99.05358622558,0.785));
#4468 = DIRECTION('',(0.,0.,-1.));
#4469 = DIRECTION('',(0.999999999993,3.759794253684E-06,0.));
#4470 = ORIENTED_EDGE('',*,*,#4471,.T.);
#4471 = EDGE_CURVE('',#4463,#4472,#4474,.T.);
#4472 = VERTEX_POINT('',#4473);
#4473 = CARTESIAN_POINT('',(155.53,-98.837914,0.785));
#4474 = LINE('',#4475,#4476);
#4475 = CARTESIAN_POINT('',(155.53,-99.053586,0.785));
#4476 = VECTOR('',#4477,1.);
#4477 = DIRECTION('',(0.,1.,0.));
#4478 = ORIENTED_EDGE('',*,*,#4479,.T.);
#4479 = EDGE_CURVE('',#4472,#4444,#4480,.T.);
#4480 = LINE('',#4481,#4482);
#4481 = CARTESIAN_POINT('',(155.53,-98.837914,0.785));
#4482 = VECTOR('',#4483,1.);
#4483 = DIRECTION('',(0.195081000118,0.980787134598,0.));
#4484 = PLANE('',#4485);
#4485 = AXIS2_PLACEMENT_3D('',#4486,#4487,#4488);
#4486 = CARTESIAN_POINT('',(0.,0.,0.785));
#4487 = DIRECTION('',(0.,0.,1.));
#4488 = DIRECTION('',(1.,0.,-0.));
#4489 = SHELL_BASED_SURFACE_MODEL('',(#4490));
#4490 = OPEN_SHELL('',(#4491));
#4491 = ADVANCED_FACE('',(#4492),#4536,.T.);
#4492 = FACE_BOUND('',#4493,.F.);
#4493 = EDGE_LOOP('',(#4494,#4505,#4513,#4522,#4530));
#4494 = ORIENTED_EDGE('',*,*,#4495,.T.);
#4495 = EDGE_CURVE('',#4496,#4498,#4500,.T.);
#4496 = VERTEX_POINT('',#4497);
#4497 = CARTESIAN_POINT('',(156.254567,-98.814953,0.785));
#4498 = VERTEX_POINT('',#4499);
#4499 = CARTESIAN_POINT('',(156.37,-98.837914,0.785));
#4500 = CIRCLE('',#4501,6.000007318647E-02);
#4501 = AXIS2_PLACEMENT_3D('',#4502,#4503,#4504);
#4502 = CARTESIAN_POINT('',(156.30999992681,-98.83791382331,0.785));
#4503 = DIRECTION('',(0.,0.,-1.));
#4504 = DIRECTION('',(-0.923880986637,0.382679921777,0.));
#4505 = ORIENTED_EDGE('',*,*,#4506,.T.);
#4506 = EDGE_CURVE('',#4498,#4507,#4509,.T.);
#4507 = VERTEX_POINT('',#4508);
#4508 = CARTESIAN_POINT('',(156.37,-99.053586,0.785));
#4509 = LINE('',#4510,#4511);
#4510 = CARTESIAN_POINT('',(156.37,-98.837914,0.785));
#4511 = VECTOR('',#4512,1.);
#4512 = DIRECTION('',(0.,-1.,0.));
#4513 = ORIENTED_EDGE('',*,*,#4514,.T.);
#4514 = EDGE_CURVE('',#4507,#4515,#4517,.T.);
#4515 = VERTEX_POINT('',#4516);
#4516 = CARTESIAN_POINT('',(156.25,-99.053586,0.785));
#4517 = CIRCLE('',#4518,6.000000000043E-02);
#4518 = AXIS2_PLACEMENT_3D('',#4519,#4520,#4521);
#4519 = CARTESIAN_POINT('',(156.31,-99.05358622558,0.785));
#4520 = DIRECTION('',(0.,0.,-1.));
#4521 = DIRECTION('',(0.999999999993,3.759794253684E-06,0.));
#4522 = ORIENTED_EDGE('',*,*,#4523,.T.);
#4523 = EDGE_CURVE('',#4515,#4524,#4526,.T.);
#4524 = VERTEX_POINT('',#4525);
#4525 = CARTESIAN_POINT('',(156.25,-98.837914,0.785));
#4526 = LINE('',#4527,#4528);
#4527 = CARTESIAN_POINT('',(156.25,-99.053586,0.785));
#4528 = VECTOR('',#4529,1.);
#4529 = DIRECTION('',(0.,1.,0.));
#4530 = ORIENTED_EDGE('',*,*,#4531,.T.);
#4531 = EDGE_CURVE('',#4524,#4496,#4532,.T.);
#4532 = LINE('',#4533,#4534);
#4533 = CARTESIAN_POINT('',(156.25,-98.837914,0.785));
#4534 = VECTOR('',#4535,1.);
#4535 = DIRECTION('',(0.195081000118,0.980787134598,0.));
#4536 = PLANE('',#4537);
#4537 = AXIS2_PLACEMENT_3D('',#4538,#4539,#4540);
#4538 = CARTESIAN_POINT('',(0.,0.,0.785));
#4539 = DIRECTION('',(0.,0.,1.));
#4540 = DIRECTION('',(1.,0.,-0.));
#4541 = SHELL_BASED_SURFACE_MODEL('',(#4542));
#4542 = OPEN_SHELL('',(#4543));
#4543 = ADVANCED_FACE('',(#4544,#4555),#4566,.T.);
#4544 = FACE_BOUND('',#4545,.F.);
#4545 = EDGE_LOOP('',(#4546));
#4546 = ORIENTED_EDGE('',*,*,#4547,.T.);
#4547 = EDGE_CURVE('',#4548,#4548,#4550,.T.);
#4548 = VERTEX_POINT('',#4549);
#4549 = CARTESIAN_POINT('',(156.96,-102.9,-7.5E-02));
#4550 = CIRCLE('',#4551,0.76);
#4551 = AXIS2_PLACEMENT_3D('',#4552,#4553,#4554);
#4552 = CARTESIAN_POINT('',(156.2,-102.9,-7.5E-02));
#4553 = DIRECTION('',(0.,0.,1.));
#4554 = DIRECTION('',(1.,0.,-0.));
#4555 = FACE_BOUND('',#4556,.T.);
#4556 = EDGE_LOOP('',(#4557));
#4557 = ORIENTED_EDGE('',*,*,#4558,.T.);
#4558 = EDGE_CURVE('',#4559,#4559,#4561,.T.);
#4559 = VERTEX_POINT('',#4560);
#4560 = CARTESIAN_POINT('',(156.843096,-102.9,-7.5E-02));
#4561 = CIRCLE('',#4562,0.643096);
#4562 = AXIS2_PLACEMENT_3D('',#4563,#4564,#4565);
#4563 = CARTESIAN_POINT('',(156.2,-102.9,-7.5E-02));
#4564 = DIRECTION('',(0.,0.,1.));
#4565 = DIRECTION('',(1.,0.,-0.));
#4566 = PLANE('',#4567);
#4567 = AXIS2_PLACEMENT_3D('',#4568,#4569,#4570);
#4568 = CARTESIAN_POINT('',(0.,0.,-7.5E-02));
#4569 = DIRECTION('',(-0.,-0.,-1.));
#4570 = DIRECTION('',(-1.,0.,0.));
#4571 = SHELL_BASED_SURFACE_MODEL('',(#4572));
#4572 = OPEN_SHELL('',(#4573));
#4573 = ADVANCED_FACE('',(#4574),#4618,.T.);
#4574 = FACE_BOUND('',#4575,.T.);
#4575 = EDGE_LOOP('',(#4576,#4587,#4595,#4604,#4612));
#4576 = ORIENTED_EDGE('',*,*,#4577,.T.);
#4577 = EDGE_CURVE('',#4578,#4580,#4582,.T.);
#4578 = VERTEX_POINT('',#4579);
#4579 = CARTESIAN_POINT('',(155.534567,-100.689953,-7.5E-02));
#4580 = VERTEX_POINT('',#4581);
#4581 = CARTESIAN_POINT('',(155.65,-100.712914,-7.5E-02));
#4582 = CIRCLE('',#4583,6.000007318647E-02);
#4583 = AXIS2_PLACEMENT_3D('',#4584,#4585,#4586);
#4584 = CARTESIAN_POINT('',(155.58999992681,-100.7129138233,-7.5E-02));
#4585 = DIRECTION('',(0.,0.,-1.));
#4586 = DIRECTION('',(-0.923880986637,0.382679921777,0.));
#4587 = ORIENTED_EDGE('',*,*,#4588,.T.);
#4588 = EDGE_CURVE('',#4580,#4589,#4591,.T.);
#4589 = VERTEX_POINT('',#4590);
#4590 = CARTESIAN_POINT('',(155.65,-100.928586,-7.5E-02));
#4591 = LINE('',#4592,#4593);
#4592 = CARTESIAN_POINT('',(155.65,-100.712914,-7.5E-02));
#4593 = VECTOR('',#4594,1.);
#4594 = DIRECTION('',(0.,-1.,0.));
#4595 = ORIENTED_EDGE('',*,*,#4596,.T.);
#4596 = EDGE_CURVE('',#4589,#4597,#4599,.T.);
#4597 = VERTEX_POINT('',#4598);
#4598 = CARTESIAN_POINT('',(155.53,-100.928586,-7.5E-02));
#4599 = CIRCLE('',#4600,6.000000000043E-02);
#4600 = AXIS2_PLACEMENT_3D('',#4601,#4602,#4603);
#4601 = CARTESIAN_POINT('',(155.59,-100.9285862255,-7.5E-02));
#4602 = DIRECTION('',(0.,0.,-1.));
#4603 = DIRECTION('',(0.999999999993,3.759794253684E-06,0.));
#4604 = ORIENTED_EDGE('',*,*,#4605,.T.);
#4605 = EDGE_CURVE('',#4597,#4606,#4608,.T.);
#4606 = VERTEX_POINT('',#4607);
#4607 = CARTESIAN_POINT('',(155.53,-100.712914,-7.5E-02));
#4608 = LINE('',#4609,#4610);
#4609 = CARTESIAN_POINT('',(155.53,-100.928586,-7.5E-02));
#4610 = VECTOR('',#4611,1.);
#4611 = DIRECTION('',(0.,1.,0.));
#4612 = ORIENTED_EDGE('',*,*,#4613,.T.);
#4613 = EDGE_CURVE('',#4606,#4578,#4614,.T.);
#4614 = LINE('',#4615,#4616);
#4615 = CARTESIAN_POINT('',(155.53,-100.712914,-7.5E-02));
#4616 = VECTOR('',#4617,1.);
#4617 = DIRECTION('',(0.195081000118,0.980787134598,0.));
#4618 = PLANE('',#4619);
#4619 = AXIS2_PLACEMENT_3D('',#4620,#4621,#4622);
#4620 = CARTESIAN_POINT('',(0.,0.,-7.5E-02));
#4621 = DIRECTION('',(-0.,-0.,-1.));
#4622 = DIRECTION('',(-1.,0.,0.));
#4623 = SHELL_BASED_SURFACE_MODEL('',(#4624));
#4624 = OPEN_SHELL('',(#4625));
#4625 = ADVANCED_FACE('',(#4626),#4670,.T.);
#4626 = FACE_BOUND('',#4627,.T.);
#4627 = EDGE_LOOP('',(#4628,#4639,#4647,#4656,#4664));
#4628 = ORIENTED_EDGE('',*,*,#4629,.T.);
#4629 = EDGE_CURVE('',#4630,#4632,#4634,.T.);
#4630 = VERTEX_POINT('',#4631);
#4631 = CARTESIAN_POINT('',(156.254567,-100.689953,-7.5E-02));
#4632 = VERTEX_POINT('',#4633);
#4633 = CARTESIAN_POINT('',(156.37,-100.712914,-7.5E-02));
#4634 = CIRCLE('',#4635,6.000007318647E-02);
#4635 = AXIS2_PLACEMENT_3D('',#4636,#4637,#4638);
#4636 = CARTESIAN_POINT('',(156.30999992681,-100.7129138233,-7.5E-02));
#4637 = DIRECTION('',(0.,0.,-1.));
#4638 = DIRECTION('',(-0.923880986637,0.382679921777,0.));
#4639 = ORIENTED_EDGE('',*,*,#4640,.T.);
#4640 = EDGE_CURVE('',#4632,#4641,#4643,.T.);
#4641 = VERTEX_POINT('',#4642);
#4642 = CARTESIAN_POINT('',(156.37,-100.928586,-7.5E-02));
#4643 = LINE('',#4644,#4645);
#4644 = CARTESIAN_POINT('',(156.37,-100.712914,-7.5E-02));
#4645 = VECTOR('',#4646,1.);
#4646 = DIRECTION('',(0.,-1.,0.));
#4647 = ORIENTED_EDGE('',*,*,#4648,.T.);
#4648 = EDGE_CURVE('',#4641,#4649,#4651,.T.);
#4649 = VERTEX_POINT('',#4650);
#4650 = CARTESIAN_POINT('',(156.25,-100.928586,-7.5E-02));
#4651 = CIRCLE('',#4652,6.000000000043E-02);
#4652 = AXIS2_PLACEMENT_3D('',#4653,#4654,#4655);
#4653 = CARTESIAN_POINT('',(156.31,-100.9285862255,-7.5E-02));
#4654 = DIRECTION('',(0.,0.,-1.));
#4655 = DIRECTION('',(0.999999999993,3.759794253684E-06,0.));
#4656 = ORIENTED_EDGE('',*,*,#4657,.T.);
#4657 = EDGE_CURVE('',#4649,#4658,#4660,.T.);
#4658 = VERTEX_POINT('',#4659);
#4659 = CARTESIAN_POINT('',(156.25,-100.712914,-7.5E-02));
#4660 = LINE('',#4661,#4662);
#4661 = CARTESIAN_POINT('',(156.25,-100.928586,-7.5E-02));
#4662 = VECTOR('',#4663,1.);
#4663 = DIRECTION('',(0.,1.,0.));
#4664 = ORIENTED_EDGE('',*,*,#4665,.T.);
#4665 = EDGE_CURVE('',#4658,#4630,#4666,.T.);
#4666 = LINE('',#4667,#4668);
#4667 = CARTESIAN_POINT('',(156.25,-100.712914,-7.5E-02));
#4668 = VECTOR('',#4669,1.);
#4669 = DIRECTION('',(0.195081000118,0.980787134598,0.));
#4670 = PLANE('',#4671);
#4671 = AXIS2_PLACEMENT_3D('',#4672,#4673,#4674);
#4672 = CARTESIAN_POINT('',(0.,0.,-7.5E-02));
#4673 = DIRECTION('',(-0.,-0.,-1.));
#4674 = DIRECTION('',(-1.,0.,0.));
#4675 = SHELL_BASED_SURFACE_MODEL('',(#4676));
#4676 = OPEN_SHELL('',(#4677));
#4677 = ADVANCED_FACE('',(#4678),#4935,.T.);
#4678 = FACE_BOUND('',#4679,.T.);
#4679 = EDGE_LOOP('',(#4680,#4691,#4699,#4707,#4715,#4723,#4731,#4740,
    #4748,#4756,#4764,#4772,#4780,#4789,#4797,#4805,#4813,#4821,#4830,
    #4838,#4846,#4855,#4863,#4872,#4880,#4888,#4896,#4905,#4913,#4921,
    #4929));
#4680 = ORIENTED_EDGE('',*,*,#4681,.T.);
#4681 = EDGE_CURVE('',#4682,#4684,#4686,.T.);
#4682 = VERTEX_POINT('',#4683);
#4683 = CARTESIAN_POINT('',(156.560301,-99.749161,-7.5E-02));
#4684 = VERTEX_POINT('',#4685);
#4685 = CARTESIAN_POINT('',(156.522353,-99.635319,-7.5E-02));
#4686 = CIRCLE('',#4687,6.00001076428E-02);
#4687 = AXIS2_PLACEMENT_3D('',#4688,#4689,#4690);
#4688 = CARTESIAN_POINT('',(156.5413273649,-99.69223987836,-7.5E-02));
#4689 = DIRECTION('',(0.,0.,-1.));
#4690 = DIRECTION('',(0.316226684215,-0.948683658651,0.));
#4691 = ORIENTED_EDGE('',*,*,#4692,.T.);
#4692 = EDGE_CURVE('',#4684,#4693,#4695,.T.);
#4693 = VERTEX_POINT('',#4694);
#4694 = CARTESIAN_POINT('',(156.655613,-99.594144,-7.5E-02));
#4695 = LINE('',#4696,#4697);
#4696 = CARTESIAN_POINT('',(156.522353,-99.635319,-7.5E-02));
#4697 = VECTOR('',#4698,1.);
#4698 = DIRECTION('',(0.955431875364,0.295211672431,0.));
#4699 = ORIENTED_EDGE('',*,*,#4700,.T.);
#4700 = EDGE_CURVE('',#4693,#4701,#4703,.T.);
#4701 = VERTEX_POINT('',#4702);
#4702 = CARTESIAN_POINT('',(156.849036,-99.59473,-7.5E-02));
#4703 = LINE('',#4704,#4705);
#4704 = CARTESIAN_POINT('',(156.655613,-99.594144,-7.5E-02));
#4705 = VECTOR('',#4706,1.);
#4706 = DIRECTION('',(0.999995410705,-3.029615457682E-03,0.));
#4707 = ORIENTED_EDGE('',*,*,#4708,.T.);
#4708 = EDGE_CURVE('',#4701,#4709,#4711,.T.);
#4709 = VERTEX_POINT('',#4710);
#4710 = CARTESIAN_POINT('',(156.872922,-99.600479,-7.5E-02));
#4711 = LINE('',#4712,#4713);
#4712 = CARTESIAN_POINT('',(156.849036,-99.59473,-7.5E-02));
#4713 = VECTOR('',#4714,1.);
#4714 = DIRECTION('',(0.972235985292,-0.234002540378,0.));
#4715 = ORIENTED_EDGE('',*,*,#4716,.T.);
#4716 = EDGE_CURVE('',#4709,#4717,#4719,.T.);
#4717 = VERTEX_POINT('',#4718);
#4718 = CARTESIAN_POINT('',(156.964706,-99.649814,-7.5E-02));
#4719 = LINE('',#4720,#4721);
#4720 = CARTESIAN_POINT('',(156.872922,-99.600479,-7.5E-02));
#4721 = VECTOR('',#4722,1.);
#4722 = DIRECTION('',(0.880819994775,-0.473451303519,0.));
#4723 = ORIENTED_EDGE('',*,*,#4724,.T.);
#4724 = EDGE_CURVE('',#4717,#4725,#4727,.T.);
#4725 = VERTEX_POINT('',#4726);
#4726 = CARTESIAN_POINT('',(157.014041,-99.703502,-7.5E-02));
#4727 = LINE('',#4728,#4729);
#4728 = CARTESIAN_POINT('',(156.964706,-99.649814,-7.5E-02));
#4729 = VECTOR('',#4730,1.);
#4730 = DIRECTION('',(0.676625892256,-0.736326966727,0.));
#4731 = ORIENTED_EDGE('',*,*,#4732,.T.);
#4732 = EDGE_CURVE('',#4725,#4733,#4735,.T.);
#4733 = VERTEX_POINT('',#4734);
#4734 = CARTESIAN_POINT('',(157.008145,-99.993334,-7.5E-02));
#4735 = CIRCLE('',#4736,0.233464682463);
#4736 = AXIS2_PLACEMENT_3D('',#4737,#4738,#4739);
#4737 = CARTESIAN_POINT('',(156.82811058527,-99.8446956218,-7.5E-02));
#4738 = DIRECTION('',(0.,0.,-1.));
#4739 = DIRECTION('',(0.796396323257,0.604775079102,0.));
#4740 = ORIENTED_EDGE('',*,*,#4741,.T.);
#4741 = EDGE_CURVE('',#4733,#4742,#4744,.T.);
#4742 = VERTEX_POINT('',#4743);
#4743 = CARTESIAN_POINT('',(156.949113,-100.050667,-7.5E-02));
#4744 = LINE('',#4745,#4746);
#4745 = CARTESIAN_POINT('',(157.008145,-99.993334,-7.5E-02));
#4746 = VECTOR('',#4747,1.);
#4747 = DIRECTION('',(-0.717354513672,-0.696708333317,0.));
#4748 = ORIENTED_EDGE('',*,*,#4749,.T.);
#4749 = EDGE_CURVE('',#4742,#4750,#4752,.T.);
#4750 = VERTEX_POINT('',#4751);
#4751 = CARTESIAN_POINT('',(156.860641,-100.093305,-7.5E-02));
#4752 = LINE('',#4753,#4754);
#4753 = CARTESIAN_POINT('',(156.949113,-100.050667,-7.5E-02));
#4754 = VECTOR('',#4755,1.);
#4755 = DIRECTION('',(-0.900840937598,-0.43414928901,0.));
#4756 = ORIENTED_EDGE('',*,*,#4757,.T.);
#4757 = EDGE_CURVE('',#4750,#4758,#4760,.T.);
#4758 = VERTEX_POINT('',#4759);
#4759 = CARTESIAN_POINT('',(156.71465,-100.129803,-7.5E-02));
#4760 = LINE('',#4761,#4762);
#4761 = CARTESIAN_POINT('',(156.860641,-100.093305,-7.5E-02));
#4762 = VECTOR('',#4763,1.);
#4763 = DIRECTION('',(-0.970142109249,-0.242537188617,0.));
#4764 = ORIENTED_EDGE('',*,*,#4765,.T.);
#4765 = EDGE_CURVE('',#4758,#4766,#4768,.T.);
#4766 = VERTEX_POINT('',#4767);
#4767 = CARTESIAN_POINT('',(156.653058,-100.160599,-7.5E-02));
#4768 = LINE('',#4769,#4770);
#4769 = CARTESIAN_POINT('',(156.71465,-100.129803,-7.5E-02));
#4770 = VECTOR('',#4771,1.);
#4771 = DIRECTION('',(-0.894427191,-0.4472135955,0.));
#4772 = ORIENTED_EDGE('',*,*,#4773,.T.);
#4773 = EDGE_CURVE('',#4766,#4774,#4776,.T.);
#4774 = VERTEX_POINT('',#4775);
#4775 = CARTESIAN_POINT('',(156.628733,-100.184923,-7.5E-02));
#4776 = LINE('',#4777,#4778);
#4777 = CARTESIAN_POINT('',(156.653058,-100.160599,-7.5E-02));
#4778 = VECTOR('',#4779,1.);
#4779 = DIRECTION('',(-0.707121315905,-0.70709224617,0.));
#4780 = ORIENTED_EDGE('',*,*,#4781,.T.);
#4781 = EDGE_CURVE('',#4774,#4782,#4784,.T.);
#4782 = VERTEX_POINT('',#4783);
#4783 = CARTESIAN_POINT('',(156.628733,-100.342412,-7.5E-02));
#4784 = CIRCLE('',#4785,0.118815926324);
#4785 = AXIS2_PLACEMENT_3D('',#4786,#4787,#4788);
#4786 = CARTESIAN_POINT('',(156.71770787323,-100.2636675,-7.5E-02));
#4787 = DIRECTION('',(0.,0.,1.));
#4788 = DIRECTION('',(-0.748846354123,0.662743644192,0.));
#4789 = ORIENTED_EDGE('',*,*,#4790,.T.);
#4790 = EDGE_CURVE('',#4782,#4791,#4793,.T.);
#4791 = VERTEX_POINT('',#4792);
#4792 = CARTESIAN_POINT('',(156.653058,-100.366736,-7.5E-02));
#4793 = LINE('',#4794,#4795);
#4794 = CARTESIAN_POINT('',(156.628733,-100.342412,-7.5E-02));
#4795 = VECTOR('',#4796,1.);
#4796 = DIRECTION('',(0.707121315904,-0.70709224617,0.));
#4797 = ORIENTED_EDGE('',*,*,#4798,.T.);
#4798 = EDGE_CURVE('',#4791,#4799,#4801,.T.);
#4799 = VERTEX_POINT('',#4800);
#4800 = CARTESIAN_POINT('',(156.707873,-100.394144,-7.5E-02));
#4801 = LINE('',#4802,#4803);
#4802 = CARTESIAN_POINT('',(156.653058,-100.366736,-7.5E-02));
#4803 = VECTOR('',#4804,1.);
#4804 = DIRECTION('',(0.894423927549,-0.447220122343,0.));
#4805 = ORIENTED_EDGE('',*,*,#4806,.T.);
#4806 = EDGE_CURVE('',#4799,#4807,#4809,.T.);
#4807 = VERTEX_POINT('',#4808);
#4808 = CARTESIAN_POINT('',(156.874448,-100.394144,-7.5E-02));
#4809 = LINE('',#4810,#4811);
#4810 = CARTESIAN_POINT('',(156.707873,-100.394144,-7.5E-02));
#4811 = VECTOR('',#4812,1.);
#4812 = DIRECTION('',(1.,0.,0.));
#4813 = ORIENTED_EDGE('',*,*,#4814,.T.);
#4814 = EDGE_CURVE('',#4807,#4815,#4817,.T.);
#4815 = VERTEX_POINT('',#4816);
#4816 = CARTESIAN_POINT('',(156.979496,-100.359128,-7.5E-02));
#4817 = LINE('',#4818,#4819);
#4818 = CARTESIAN_POINT('',(156.874448,-100.394144,-7.5E-02));
#4819 = VECTOR('',#4820,1.);
#4820 = DIRECTION('',(0.948683298051,0.316227766017,0.));
#4821 = ORIENTED_EDGE('',*,*,#4822,.T.);
#4822 = EDGE_CURVE('',#4815,#4823,#4825,.T.);
#4823 = VERTEX_POINT('',#4824);
#4824 = CARTESIAN_POINT('',(157.017444,-100.47297,-7.5E-02));
#4825 = CIRCLE('',#4826,6.000010764281E-02);
#4826 = AXIS2_PLACEMENT_3D('',#4827,#4828,#4829);
#4827 = CARTESIAN_POINT('',(156.99846963509,-100.4160491216,-7.5E-02));
#4828 = DIRECTION('',(0.,0.,-1.));
#4829 = DIRECTION('',(-0.316226684214,0.948683658651,-0.));
#4830 = ORIENTED_EDGE('',*,*,#4831,.T.);
#4831 = EDGE_CURVE('',#4823,#4832,#4834,.T.);
#4832 = VERTEX_POINT('',#4833);
#4833 = CARTESIAN_POINT('',(156.884185,-100.514144,-7.5E-02));
#4834 = LINE('',#4835,#4836);
#4835 = CARTESIAN_POINT('',(157.017444,-100.47297,-7.5E-02));
#4836 = VECTOR('',#4837,1.);
#4837 = DIRECTION('',(-0.95543327277,-0.295207149784,0.));
#4838 = ORIENTED_EDGE('',*,*,#4839,.T.);
#4839 = EDGE_CURVE('',#4832,#4840,#4842,.T.);
#4840 = VERTEX_POINT('',#4841);
#4841 = CARTESIAN_POINT('',(156.680179,-100.511453,-7.5E-02));
#4842 = LINE('',#4843,#4844);
#4843 = CARTESIAN_POINT('',(156.884185,-100.514144,-7.5E-02));
#4844 = VECTOR('',#4845,1.);
#4845 = DIRECTION('',(-0.999913012901,1.318964107779E-02,0.));
#4846 = ORIENTED_EDGE('',*,*,#4847,.T.);
#4847 = EDGE_CURVE('',#4840,#4848,#4850,.T.);
#4848 = VERTEX_POINT('',#4849);
#4849 = CARTESIAN_POINT('',(156.484017,-100.315287,-7.5E-02));
#4850 = CIRCLE('',#4851,0.276058202187);
#4851 = AXIS2_PLACEMENT_3D('',#4852,#4853,#4854);
#4852 = CARTESIAN_POINT('',(156.75087171712,-100.2445997243,-7.5E-02));
#4853 = DIRECTION('',(0.,0.,-1.));
#4854 = DIRECTION('',(-0.256079031758,-0.966655848528,-0.));
#4855 = ORIENTED_EDGE('',*,*,#4856,.T.);
#4856 = EDGE_CURVE('',#4848,#4857,#4859,.T.);
#4857 = VERTEX_POINT('',#4858);
#4858 = CARTESIAN_POINT('',(156.484017,-100.212048,-7.5E-02));
#4859 = LINE('',#4860,#4861);
#4860 = CARTESIAN_POINT('',(156.484017,-100.315287,-7.5E-02));
#4861 = VECTOR('',#4862,1.);
#4862 = DIRECTION('',(0.,1.,0.));
#4863 = ORIENTED_EDGE('',*,*,#4864,.T.);
#4864 = EDGE_CURVE('',#4857,#4865,#4867,.T.);
#4865 = VERTEX_POINT('',#4866);
#4866 = CARTESIAN_POINT('',(156.679156,-100.014983,-7.5E-02));
#4867 = CIRCLE('',#4868,0.279534915379);
#4868 = AXIS2_PLACEMENT_3D('',#4869,#4870,#4871);
#4869 = CARTESIAN_POINT('',(156.75405372405,-100.2842971285,-7.5E-02));
#4870 = DIRECTION('',(0.,0.,-1.));
#4871 = DIRECTION('',(-0.966021449184,0.258461911539,0.));
#4872 = ORIENTED_EDGE('',*,*,#4873,.T.);
#4873 = EDGE_CURVE('',#4865,#4874,#4876,.T.);
#4874 = VERTEX_POINT('',#4875);
#4875 = CARTESIAN_POINT('',(156.82515,-99.978484,-7.5E-02));
#4876 = LINE('',#4877,#4878);
#4877 = CARTESIAN_POINT('',(156.679156,-100.014983,-7.5E-02));
#4878 = VECTOR('',#4879,1.);
#4879 = DIRECTION('',(0.970141718366,0.242538752131,0.));
#4880 = ORIENTED_EDGE('',*,*,#4881,.T.);
#4881 = EDGE_CURVE('',#4874,#4882,#4884,.T.);
#4882 = VERTEX_POINT('',#4883);
#4883 = CARTESIAN_POINT('',(156.886738,-99.94769,-7.5E-02));
#4884 = LINE('',#4885,#4886);
#4885 = CARTESIAN_POINT('',(156.82515,-99.978484,-7.5E-02));
#4886 = VECTOR('',#4887,1.);
#4887 = DIRECTION('',(0.894427191,0.4472135955,0.));
#4888 = ORIENTED_EDGE('',*,*,#4889,.T.);
#4889 = EDGE_CURVE('',#4882,#4890,#4892,.T.);
#4890 = VERTEX_POINT('',#4891);
#4891 = CARTESIAN_POINT('',(156.911062,-99.923365,-7.5E-02));
#4892 = LINE('',#4893,#4894);
#4893 = CARTESIAN_POINT('',(156.886738,-99.94769,-7.5E-02));
#4894 = VECTOR('',#4895,1.);
#4895 = DIRECTION('',(0.707092246169,0.707121315905,0.));
#4896 = ORIENTED_EDGE('',*,*,#4897,.T.);
#4897 = EDGE_CURVE('',#4890,#4898,#4900,.T.);
#4898 = VERTEX_POINT('',#4899);
#4899 = CARTESIAN_POINT('',(156.911062,-99.765875,-7.5E-02));
#4900 = CIRCLE('',#4901,0.118811300844);
#4901 = AXIS2_PLACEMENT_3D('',#4902,#4903,#4904);
#4902 = CARTESIAN_POINT('',(156.8220937462,-99.84462,-7.5E-02));
#4903 = DIRECTION('',(0.,-0.,1.));
#4904 = DIRECTION('',(0.748819793761,-0.662773654026,-0.));
#4905 = ORIENTED_EDGE('',*,*,#4906,.T.);
#4906 = EDGE_CURVE('',#4898,#4907,#4909,.T.);
#4907 = VERTEX_POINT('',#4908);
#4908 = CARTESIAN_POINT('',(156.886738,-99.74155,-7.5E-02));
#4909 = LINE('',#4910,#4911);
#4910 = CARTESIAN_POINT('',(156.911062,-99.765875,-7.5E-02));
#4911 = VECTOR('',#4912,1.);
#4912 = DIRECTION('',(-0.707092246169,0.707121315905,0.));
#4913 = ORIENTED_EDGE('',*,*,#4914,.T.);
#4914 = EDGE_CURVE('',#4907,#4915,#4917,.T.);
#4915 = VERTEX_POINT('',#4916);
#4916 = CARTESIAN_POINT('',(156.831926,-99.714144,-7.5E-02));
#4917 = LINE('',#4918,#4919);
#4918 = CARTESIAN_POINT('',(156.886738,-99.74155,-7.5E-02));
#4919 = VECTOR('',#4920,1.);
#4920 = DIRECTION('',(-0.894427191,0.4472135955,0.));
#4921 = ORIENTED_EDGE('',*,*,#4922,.T.);
#4922 = EDGE_CURVE('',#4915,#4923,#4925,.T.);
#4923 = VERTEX_POINT('',#4924);
#4924 = CARTESIAN_POINT('',(156.66535,-99.714144,-7.5E-02));
#4925 = LINE('',#4926,#4927);
#4926 = CARTESIAN_POINT('',(156.831926,-99.714144,-7.5E-02));
#4927 = VECTOR('',#4928,1.);
#4928 = DIRECTION('',(-1.,0.,0.));
#4929 = ORIENTED_EDGE('',*,*,#4930,.T.);
#4930 = EDGE_CURVE('',#4923,#4682,#4931,.T.);
#4931 = LINE('',#4932,#4933);
#4932 = CARTESIAN_POINT('',(156.66535,-99.714144,-7.5E-02));
#4933 = VECTOR('',#4934,1.);
#4934 = DIRECTION('',(-0.948681491866,-0.31623318452,0.));
#4935 = PLANE('',#4936);
#4936 = AXIS2_PLACEMENT_3D('',#4937,#4938,#4939);
#4937 = CARTESIAN_POINT('',(0.,0.,-7.5E-02));
#4938 = DIRECTION('',(-0.,-0.,-1.));
#4939 = DIRECTION('',(-1.,0.,0.));
#4940 = SHELL_BASED_SURFACE_MODEL('',(#4941));
#4941 = OPEN_SHELL('',(#4942));
#4942 = ADVANCED_FACE('',(#4943),#4987,.T.);
#4943 = FACE_BOUND('',#4944,.T.);
#4944 = EDGE_LOOP('',(#4945,#4956,#4964,#4973,#4981));
#4945 = ORIENTED_EDGE('',*,*,#4946,.T.);
#4946 = EDGE_CURVE('',#4947,#4949,#4951,.T.);
#4947 = VERTEX_POINT('',#4948);
#4948 = CARTESIAN_POINT('',(155.534567,-98.814953,-7.5E-02));
#4949 = VERTEX_POINT('',#4950);
#4950 = CARTESIAN_POINT('',(155.65,-98.837914,-7.5E-02));
#4951 = CIRCLE('',#4952,6.000007318647E-02);
#4952 = AXIS2_PLACEMENT_3D('',#4953,#4954,#4955);
#4953 = CARTESIAN_POINT('',(155.58999992681,-98.83791382331,-7.5E-02));
#4954 = DIRECTION('',(0.,0.,-1.));
#4955 = DIRECTION('',(-0.923880986637,0.382679921777,0.));
#4956 = ORIENTED_EDGE('',*,*,#4957,.T.);
#4957 = EDGE_CURVE('',#4949,#4958,#4960,.T.);
#4958 = VERTEX_POINT('',#4959);
#4959 = CARTESIAN_POINT('',(155.65,-99.053586,-7.5E-02));
#4960 = LINE('',#4961,#4962);
#4961 = CARTESIAN_POINT('',(155.65,-98.837914,-7.5E-02));
#4962 = VECTOR('',#4963,1.);
#4963 = DIRECTION('',(0.,-1.,0.));
#4964 = ORIENTED_EDGE('',*,*,#4965,.T.);
#4965 = EDGE_CURVE('',#4958,#4966,#4968,.T.);
#4966 = VERTEX_POINT('',#4967);
#4967 = CARTESIAN_POINT('',(155.53,-99.053586,-7.5E-02));
#4968 = CIRCLE('',#4969,6.000000000043E-02);
#4969 = AXIS2_PLACEMENT_3D('',#4970,#4971,#4972);
#4970 = CARTESIAN_POINT('',(155.59,-99.05358622558,-7.5E-02));
#4971 = DIRECTION('',(0.,0.,-1.));
#4972 = DIRECTION('',(0.999999999993,3.759794253684E-06,0.));
#4973 = ORIENTED_EDGE('',*,*,#4974,.T.);
#4974 = EDGE_CURVE('',#4966,#4975,#4977,.T.);
#4975 = VERTEX_POINT('',#4976);
#4976 = CARTESIAN_POINT('',(155.53,-98.837914,-7.5E-02));
#4977 = LINE('',#4978,#4979);
#4978 = CARTESIAN_POINT('',(155.53,-99.053586,-7.5E-02));
#4979 = VECTOR('',#4980,1.);
#4980 = DIRECTION('',(0.,1.,0.));
#4981 = ORIENTED_EDGE('',*,*,#4982,.T.);
#4982 = EDGE_CURVE('',#4975,#4947,#4983,.T.);
#4983 = LINE('',#4984,#4985);
#4984 = CARTESIAN_POINT('',(155.53,-98.837914,-7.5E-02));
#4985 = VECTOR('',#4986,1.);
#4986 = DIRECTION('',(0.195081000118,0.980787134598,0.));
#4987 = PLANE('',#4988);
#4988 = AXIS2_PLACEMENT_3D('',#4989,#4990,#4991);
#4989 = CARTESIAN_POINT('',(0.,0.,-7.5E-02));
#4990 = DIRECTION('',(-0.,-0.,-1.));
#4991 = DIRECTION('',(-1.,0.,0.));
#4992 = SHELL_BASED_SURFACE_MODEL('',(#4993));
#4993 = OPEN_SHELL('',(#4994));
#4994 = ADVANCED_FACE('',(#4995),#5039,.T.);
#4995 = FACE_BOUND('',#4996,.T.);
#4996 = EDGE_LOOP('',(#4997,#5008,#5016,#5025,#5033));
#4997 = ORIENTED_EDGE('',*,*,#4998,.T.);
#4998 = EDGE_CURVE('',#4999,#5001,#5003,.T.);
#4999 = VERTEX_POINT('',#5000);
#5000 = CARTESIAN_POINT('',(156.254567,-98.814953,-7.5E-02));
#5001 = VERTEX_POINT('',#5002);
#5002 = CARTESIAN_POINT('',(156.37,-98.837914,-7.5E-02));
#5003 = CIRCLE('',#5004,6.000007318647E-02);
#5004 = AXIS2_PLACEMENT_3D('',#5005,#5006,#5007);
#5005 = CARTESIAN_POINT('',(156.30999992681,-98.83791382331,-7.5E-02));
#5006 = DIRECTION('',(0.,0.,-1.));
#5007 = DIRECTION('',(-0.923880986637,0.382679921777,0.));
#5008 = ORIENTED_EDGE('',*,*,#5009,.T.);
#5009 = EDGE_CURVE('',#5001,#5010,#5012,.T.);
#5010 = VERTEX_POINT('',#5011);
#5011 = CARTESIAN_POINT('',(156.37,-99.053586,-7.5E-02));
#5012 = LINE('',#5013,#5014);
#5013 = CARTESIAN_POINT('',(156.37,-98.837914,-7.5E-02));
#5014 = VECTOR('',#5015,1.);
#5015 = DIRECTION('',(0.,-1.,0.));
#5016 = ORIENTED_EDGE('',*,*,#5017,.T.);
#5017 = EDGE_CURVE('',#5010,#5018,#5020,.T.);
#5018 = VERTEX_POINT('',#5019);
#5019 = CARTESIAN_POINT('',(156.25,-99.053586,-7.5E-02));
#5020 = CIRCLE('',#5021,6.000000000043E-02);
#5021 = AXIS2_PLACEMENT_3D('',#5022,#5023,#5024);
#5022 = CARTESIAN_POINT('',(156.31,-99.05358622558,-7.5E-02));
#5023 = DIRECTION('',(0.,0.,-1.));
#5024 = DIRECTION('',(0.999999999993,3.759794253684E-06,0.));
#5025 = ORIENTED_EDGE('',*,*,#5026,.T.);
#5026 = EDGE_CURVE('',#5018,#5027,#5029,.T.);
#5027 = VERTEX_POINT('',#5028);
#5028 = CARTESIAN_POINT('',(156.25,-98.837914,-7.5E-02));
#5029 = LINE('',#5030,#5031);
#5030 = CARTESIAN_POINT('',(156.25,-99.053586,-7.5E-02));
#5031 = VECTOR('',#5032,1.);
#5032 = DIRECTION('',(0.,1.,0.));
#5033 = ORIENTED_EDGE('',*,*,#5034,.T.);
#5034 = EDGE_CURVE('',#5027,#4999,#5035,.T.);
#5035 = LINE('',#5036,#5037);
#5036 = CARTESIAN_POINT('',(156.25,-98.837914,-7.5E-02));
#5037 = VECTOR('',#5038,1.);
#5038 = DIRECTION('',(0.195081000118,0.980787134598,0.));
#5039 = PLANE('',#5040);
#5040 = AXIS2_PLACEMENT_3D('',#5041,#5042,#5043);
#5041 = CARTESIAN_POINT('',(0.,0.,-7.5E-02));
#5042 = DIRECTION('',(-0.,-0.,-1.));
#5043 = DIRECTION('',(-1.,0.,0.));
#5044 = SHELL_BASED_SURFACE_MODEL('',(#5045));
#5045 = OPEN_SHELL('',(#5046));
#5046 = ADVANCED_FACE('',(#5047,#5058),#5069,.T.);
#5047 = FACE_BOUND('',#5048,.F.);
#5048 = EDGE_LOOP('',(#5049));
#5049 = ORIENTED_EDGE('',*,*,#5050,.T.);
#5050 = EDGE_CURVE('',#5051,#5051,#5053,.T.);
#5051 = VERTEX_POINT('',#5052);
#5052 = CARTESIAN_POINT('',(157.01,-97.,-7.5E-02));
#5053 = CIRCLE('',#5054,0.76);
#5054 = AXIS2_PLACEMENT_3D('',#5055,#5056,#5057);
#5055 = CARTESIAN_POINT('',(156.25,-97.,-7.5E-02));
#5056 = DIRECTION('',(0.,0.,1.));
#5057 = DIRECTION('',(1.,0.,-0.));
#5058 = FACE_BOUND('',#5059,.T.);
#5059 = EDGE_LOOP('',(#5060));
#5060 = ORIENTED_EDGE('',*,*,#5061,.T.);
#5061 = EDGE_CURVE('',#5062,#5062,#5064,.T.);
#5062 = VERTEX_POINT('',#5063);
#5063 = CARTESIAN_POINT('',(156.893096,-97.,-7.5E-02));
#5064 = CIRCLE('',#5065,0.643096);
#5065 = AXIS2_PLACEMENT_3D('',#5066,#5067,#5068);
#5066 = CARTESIAN_POINT('',(156.25,-97.,-7.5E-02));
#5067 = DIRECTION('',(0.,0.,1.));
#5068 = DIRECTION('',(1.,0.,-0.));
#5069 = PLANE('',#5070);
#5070 = AXIS2_PLACEMENT_3D('',#5071,#5072,#5073);
#5071 = CARTESIAN_POINT('',(0.,0.,-7.5E-02));
#5072 = DIRECTION('',(-0.,-0.,-1.));
#5073 = DIRECTION('',(-1.,0.,0.));
#5074 = ( GEOMETRIC_REPRESENTATION_CONTEXT(3) 
GLOBAL_UNCERTAINTY_ASSIGNED_CONTEXT((#5078)) 
GLOBAL_UNIT_ASSIGNED_CONTEXT((#5075,#5076,#5077)) REPRESENTATION_CONTEXT
('Context #1','3D Context with UNIT and UNCERTAINTY') );
#5075 = ( LENGTH_UNIT() NAMED_UNIT(*) SI_UNIT(.MILLI.,.METRE.) );
#5076 = ( NAMED_UNIT(*) PLANE_ANGLE_UNIT() SI_UNIT($,.RADIAN.) );
#5077 = ( NAMED_UNIT(*) SI_UNIT($,.STERADIAN.) SOLID_ANGLE_UNIT() );
#5078 = UNCERTAINTY_MEASURE_WITH_UNIT(LENGTH_MEASURE(1.E-07),#5075,
  'distance_accuracy_value','confusion accuracy');
#5079 = CONTEXT_DEPENDENT_SHAPE_REPRESENTATION(#5080,#5082);
#5080 = ( REPRESENTATION_RELATIONSHIP('','',#4186,#10) 
REPRESENTATION_RELATIONSHIP_WITH_TRANSFORMATION(#5081) 
SHAPE_REPRESENTATION_RELATIONSHIP() );
#5081 = ITEM_DEFINED_TRANSFORMATION('','',#11,#35);
#5082 = PRODUCT_DEFINITION_SHAPE('Placement','Placement of an item',
  #5083);
#5083 = NEXT_ASSEMBLY_USAGE_OCCURRENCE('6','=>[0:1:1:4]','',#5,#4181,$);
#5084 = PRODUCT_RELATED_PRODUCT_CATEGORY('part',$,(#4183));
#5085 = SHAPE_DEFINITION_REPRESENTATION(#5086,#5092);
#5086 = PRODUCT_DEFINITION_SHAPE('','',#5087);
#5087 = PRODUCT_DEFINITION('design','',#5088,#5091);
#5088 = PRODUCT_DEFINITION_FORMATION('','',#5089);
#5089 = PRODUCT('rect_24-5_16_soldermask','rect_24-5_16_soldermask','',(
    #5090));
#5090 = PRODUCT_CONTEXT('',#2,'mechanical');
#5091 = PRODUCT_DEFINITION_CONTEXT('part definition',#2,'design');
#5092 = SHAPE_REPRESENTATION('',(#11,#5093,#5803),#6513);
#5093 = SHELL_BASED_SURFACE_MODEL('',(#5094));
#5094 = OPEN_SHELL('',(#5095));
#5095 = ADVANCED_FACE('',(#5096,#5230,#5496,#5507,#5577,#5647,#5717,
    #5787),#5798,.T.);
#5096 = FACE_BOUND('',#5097,.F.);
#5097 = EDGE_LOOP('',(#5098,#5109,#5117,#5125,#5133,#5142,#5150,#5158,
    #5166,#5175,#5183,#5191,#5199,#5208,#5216,#5224));
#5098 = ORIENTED_EDGE('',*,*,#5099,.T.);
#5099 = EDGE_CURVE('',#5100,#5102,#5104,.T.);
#5100 = VERTEX_POINT('',#5101);
#5101 = CARTESIAN_POINT('',(142.002569,-89.992864,0.76));
#5102 = VERTEX_POINT('',#5103);
#5103 = CARTESIAN_POINT('',(144.242864,-87.752569,0.76));
#5104 = CIRCLE('',#5105,2.402573864661);
#5105 = AXIS2_PLACEMENT_3D('',#5106,#5107,#5108);
#5106 = CARTESIAN_POINT('',(144.39999883598,-90.14999883598,0.76));
#5107 = DIRECTION('',(0.,0.,-1.));
#5108 = DIRECTION('',(-0.997858950873,6.540270761121E-02,0.));
#5109 = ORIENTED_EDGE('',*,*,#5110,.T.);
#5110 = EDGE_CURVE('',#5102,#5111,#5113,.T.);
#5111 = VERTEX_POINT('',#5112);
#5112 = CARTESIAN_POINT('',(144.4,-87.75,0.76));
#5113 = LINE('',#5114,#5115);
#5114 = CARTESIAN_POINT('',(144.242864,-87.752569,0.76));
#5115 = VECTOR('',#5116,1.);
#5116 = DIRECTION('',(0.999866383597,1.634671074391E-02,0.));
#5117 = ORIENTED_EDGE('',*,*,#5118,.T.);
#5118 = EDGE_CURVE('',#5111,#5119,#5121,.T.);
#5119 = VERTEX_POINT('',#5120);
#5120 = CARTESIAN_POINT('',(155.6,-87.75,0.76));
#5121 = LINE('',#5122,#5123);
#5122 = CARTESIAN_POINT('',(144.4,-87.75,0.76));
#5123 = VECTOR('',#5124,1.);
#5124 = DIRECTION('',(1.,0.,0.));
#5125 = ORIENTED_EDGE('',*,*,#5126,.T.);
#5126 = EDGE_CURVE('',#5119,#5127,#5129,.T.);
#5127 = VERTEX_POINT('',#5128);
#5128 = CARTESIAN_POINT('',(155.757136,-87.752569,0.76));
#5129 = LINE('',#5130,#5131);
#5130 = CARTESIAN_POINT('',(155.6,-87.75,0.76));
#5131 = VECTOR('',#5132,1.);
#5132 = DIRECTION('',(0.999866383597,-1.634671074391E-02,0.));
#5133 = ORIENTED_EDGE('',*,*,#5134,.T.);
#5134 = EDGE_CURVE('',#5127,#5135,#5137,.T.);
#5135 = VERTEX_POINT('',#5136);
#5136 = CARTESIAN_POINT('',(157.997431,-89.992864,0.76));
#5137 = CIRCLE('',#5138,2.402573864661);
#5138 = AXIS2_PLACEMENT_3D('',#5139,#5140,#5141);
#5139 = CARTESIAN_POINT('',(155.60000116401,-90.14999883598,0.76));
#5140 = DIRECTION('',(0.,0.,-1.));
#5141 = DIRECTION('',(6.540270761123E-02,0.997858950873,0.));
#5142 = ORIENTED_EDGE('',*,*,#5143,.T.);
#5143 = EDGE_CURVE('',#5135,#5144,#5146,.T.);
#5144 = VERTEX_POINT('',#5145);
#5145 = CARTESIAN_POINT('',(158.,-90.15,0.76));
#5146 = LINE('',#5147,#5148);
#5147 = CARTESIAN_POINT('',(157.997431,-89.992864,0.76));
#5148 = VECTOR('',#5149,1.);
#5149 = DIRECTION('',(1.634671074391E-02,-0.999866383597,0.));
#5150 = ORIENTED_EDGE('',*,*,#5151,.T.);
#5151 = EDGE_CURVE('',#5144,#5152,#5154,.T.);
#5152 = VERTEX_POINT('',#5153);
#5153 = CARTESIAN_POINT('',(158.,-109.85,0.76));
#5154 = LINE('',#5155,#5156);
#5155 = CARTESIAN_POINT('',(158.,-90.15,0.76));
#5156 = VECTOR('',#5157,1.);
#5157 = DIRECTION('',(0.,-1.,0.));
#5158 = ORIENTED_EDGE('',*,*,#5159,.T.);
#5159 = EDGE_CURVE('',#5152,#5160,#5162,.T.);
#5160 = VERTEX_POINT('',#5161);
#5161 = CARTESIAN_POINT('',(157.997431,-110.007136,0.76));
#5162 = LINE('',#5163,#5164);
#5163 = CARTESIAN_POINT('',(158.,-109.85,0.76));
#5164 = VECTOR('',#5165,1.);
#5165 = DIRECTION('',(-1.634671074391E-02,-0.999866383597,0.));
#5166 = ORIENTED_EDGE('',*,*,#5167,.T.);
#5167 = EDGE_CURVE('',#5160,#5168,#5170,.T.);
#5168 = VERTEX_POINT('',#5169);
#5169 = CARTESIAN_POINT('',(155.757136,-112.247431,0.76));
#5170 = CIRCLE('',#5171,2.402573864661);
#5171 = AXIS2_PLACEMENT_3D('',#5172,#5173,#5174);
#5172 = CARTESIAN_POINT('',(155.60000116401,-109.850001164,0.76));
#5173 = DIRECTION('',(0.,0.,-1.));
#5174 = DIRECTION('',(0.997858950873,-6.540270761121E-02,0.));
#5175 = ORIENTED_EDGE('',*,*,#5176,.T.);
#5176 = EDGE_CURVE('',#5168,#5177,#5179,.T.);
#5177 = VERTEX_POINT('',#5178);
#5178 = CARTESIAN_POINT('',(155.6,-112.25,0.76));
#5179 = LINE('',#5180,#5181);
#5180 = CARTESIAN_POINT('',(155.757136,-112.247431,0.76));
#5181 = VECTOR('',#5182,1.);
#5182 = DIRECTION('',(-0.999866383597,-1.634671074391E-02,0.));
#5183 = ORIENTED_EDGE('',*,*,#5184,.T.);
#5184 = EDGE_CURVE('',#5177,#5185,#5187,.T.);
#5185 = VERTEX_POINT('',#5186);
#5186 = CARTESIAN_POINT('',(144.4,-112.25,0.76));
#5187 = LINE('',#5188,#5189);
#5188 = CARTESIAN_POINT('',(155.6,-112.25,0.76));
#5189 = VECTOR('',#5190,1.);
#5190 = DIRECTION('',(-1.,0.,0.));
#5191 = ORIENTED_EDGE('',*,*,#5192,.T.);
#5192 = EDGE_CURVE('',#5185,#5193,#5195,.T.);
#5193 = VERTEX_POINT('',#5194);
#5194 = CARTESIAN_POINT('',(144.242864,-112.247431,0.76));
#5195 = LINE('',#5196,#5197);
#5196 = CARTESIAN_POINT('',(144.4,-112.25,0.76));
#5197 = VECTOR('',#5198,1.);
#5198 = DIRECTION('',(-0.999866383597,1.634671074391E-02,0.));
#5199 = ORIENTED_EDGE('',*,*,#5200,.T.);
#5200 = EDGE_CURVE('',#5193,#5201,#5203,.T.);
#5201 = VERTEX_POINT('',#5202);
#5202 = CARTESIAN_POINT('',(142.002569,-110.007136,0.76));
#5203 = CIRCLE('',#5204,2.402573864661);
#5204 = AXIS2_PLACEMENT_3D('',#5205,#5206,#5207);
#5205 = CARTESIAN_POINT('',(144.39999883598,-109.850001164,0.76));
#5206 = DIRECTION('',(0.,0.,-1.));
#5207 = DIRECTION('',(-6.540270761123E-02,-0.997858950873,-0.));
#5208 = ORIENTED_EDGE('',*,*,#5209,.T.);
#5209 = EDGE_CURVE('',#5201,#5210,#5212,.T.);
#5210 = VERTEX_POINT('',#5211);
#5211 = CARTESIAN_POINT('',(142.,-109.85,0.76));
#5212 = LINE('',#5213,#5214);
#5213 = CARTESIAN_POINT('',(142.002569,-110.007136,0.76));
#5214 = VECTOR('',#5215,1.);
#5215 = DIRECTION('',(-1.634671074391E-02,0.999866383597,0.));
#5216 = ORIENTED_EDGE('',*,*,#5217,.T.);
#5217 = EDGE_CURVE('',#5210,#5218,#5220,.T.);
#5218 = VERTEX_POINT('',#5219);
#5219 = CARTESIAN_POINT('',(142.,-90.15,0.76));
#5220 = LINE('',#5221,#5222);
#5221 = CARTESIAN_POINT('',(142.,-109.85,0.76));
#5222 = VECTOR('',#5223,1.);
#5223 = DIRECTION('',(0.,1.,0.));
#5224 = ORIENTED_EDGE('',*,*,#5225,.T.);
#5225 = EDGE_CURVE('',#5218,#5100,#5226,.T.);
#5226 = LINE('',#5227,#5228);
#5227 = CARTESIAN_POINT('',(142.,-90.15,0.76));
#5228 = VECTOR('',#5229,1.);
#5229 = DIRECTION('',(1.634671074391E-02,0.999866383597,0.));
#5230 = FACE_BOUND('',#5231,.F.);
#5231 = EDGE_LOOP('',(#5232,#5243,#5251,#5259,#5267,#5276,#5284,#5292,
    #5300,#5309,#5317,#5325,#5333,#5342,#5350,#5358,#5366,#5375,#5383,
    #5391,#5399,#5408,#5416,#5424,#5432,#5441,#5449,#5457,#5465,#5474,
    #5482,#5490));
#5232 = ORIENTED_EDGE('',*,*,#5233,.T.);
#5233 = EDGE_CURVE('',#5234,#5236,#5238,.T.);
#5234 = VERTEX_POINT('',#5235);
#5235 = CARTESIAN_POINT('',(157.197534,-90.024271,0.76));
#5236 = VERTEX_POINT('',#5237);
#5237 = CARTESIAN_POINT('',(155.725729,-88.552466,0.76));
#5238 = CIRCLE('',#5239,1.602472334936);
#5239 = AXIS2_PLACEMENT_3D('',#5240,#5241,#5242);
#5240 = CARTESIAN_POINT('',(155.60000147347,-90.14999852652,0.76));
#5241 = DIRECTION('',(0.,0.,1.));
#5242 = DIRECTION('',(0.996917383032,7.845846931982E-02,-0.));
#5243 = ORIENTED_EDGE('',*,*,#5244,.T.);
#5244 = EDGE_CURVE('',#5236,#5245,#5247,.T.);
#5245 = VERTEX_POINT('',#5246);
#5246 = CARTESIAN_POINT('',(155.6,-88.55,0.76));
#5247 = LINE('',#5248,#5249);
#5248 = CARTESIAN_POINT('',(155.725729,-88.552466,0.76));
#5249 = VECTOR('',#5250,1.);
#5250 = DIRECTION('',(-0.999807708563,1.960984187669E-02,0.));
#5251 = ORIENTED_EDGE('',*,*,#5252,.T.);
#5252 = EDGE_CURVE('',#5245,#5253,#5255,.T.);
#5253 = VERTEX_POINT('',#5254);
#5254 = CARTESIAN_POINT('',(144.4,-88.55,0.76));
#5255 = LINE('',#5256,#5257);
#5256 = CARTESIAN_POINT('',(155.6,-88.55,0.76));
#5257 = VECTOR('',#5258,1.);
#5258 = DIRECTION('',(-1.,0.,0.));
#5259 = ORIENTED_EDGE('',*,*,#5260,.T.);
#5260 = EDGE_CURVE('',#5253,#5261,#5263,.T.);
#5261 = VERTEX_POINT('',#5262);
#5262 = CARTESIAN_POINT('',(144.274271,-88.552466,0.76));
#5263 = LINE('',#5264,#5265);
#5264 = CARTESIAN_POINT('',(144.4,-88.55,0.76));
#5265 = VECTOR('',#5266,1.);
#5266 = DIRECTION('',(-0.999807708563,-1.960984187669E-02,0.));
#5267 = ORIENTED_EDGE('',*,*,#5268,.T.);
#5268 = EDGE_CURVE('',#5261,#5269,#5271,.T.);
#5269 = VERTEX_POINT('',#5270);
#5270 = CARTESIAN_POINT('',(142.802466,-90.024271,0.76));
#5271 = CIRCLE('',#5272,1.602472334936);
#5272 = AXIS2_PLACEMENT_3D('',#5273,#5274,#5275);
#5273 = CARTESIAN_POINT('',(144.39999852652,-90.14999852652,0.76));
#5274 = DIRECTION('',(0.,0.,1.));
#5275 = DIRECTION('',(-7.845846931986E-02,0.996917383032,0.));
#5276 = ORIENTED_EDGE('',*,*,#5277,.T.);
#5277 = EDGE_CURVE('',#5269,#5278,#5280,.T.);
#5278 = VERTEX_POINT('',#5279);
#5279 = CARTESIAN_POINT('',(142.8,-90.15,0.76));
#5280 = LINE('',#5281,#5282);
#5281 = CARTESIAN_POINT('',(142.802466,-90.024271,0.76));
#5282 = VECTOR('',#5283,1.);
#5283 = DIRECTION('',(-1.960984187669E-02,-0.999807708563,0.));
#5284 = ORIENTED_EDGE('',*,*,#5285,.T.);
#5285 = EDGE_CURVE('',#5278,#5286,#5288,.T.);
#5286 = VERTEX_POINT('',#5287);
#5287 = CARTESIAN_POINT('',(142.8,-109.85,0.76));
#5288 = LINE('',#5289,#5290);
#5289 = CARTESIAN_POINT('',(142.8,-90.15,0.76));
#5290 = VECTOR('',#5291,1.);
#5291 = DIRECTION('',(0.,-1.,0.));
#5292 = ORIENTED_EDGE('',*,*,#5293,.T.);
#5293 = EDGE_CURVE('',#5286,#5294,#5296,.T.);
#5294 = VERTEX_POINT('',#5295);
#5295 = CARTESIAN_POINT('',(142.802466,-109.975729,0.76));
#5296 = LINE('',#5297,#5298);
#5297 = CARTESIAN_POINT('',(142.8,-109.85,0.76));
#5298 = VECTOR('',#5299,1.);
#5299 = DIRECTION('',(1.960984187669E-02,-0.999807708563,0.));
#5300 = ORIENTED_EDGE('',*,*,#5301,.T.);
#5301 = EDGE_CURVE('',#5294,#5302,#5304,.T.);
#5302 = VERTEX_POINT('',#5303);
#5303 = CARTESIAN_POINT('',(144.274271,-111.447534,0.76));
#5304 = CIRCLE('',#5305,1.602472334936);
#5305 = AXIS2_PLACEMENT_3D('',#5306,#5307,#5308);
#5306 = CARTESIAN_POINT('',(144.39999852652,-109.8500014734,0.76));
#5307 = DIRECTION('',(0.,0.,1.));
#5308 = DIRECTION('',(-0.996917383032,-7.845846931982E-02,0.));
#5309 = ORIENTED_EDGE('',*,*,#5310,.T.);
#5310 = EDGE_CURVE('',#5302,#5311,#5313,.T.);
#5311 = VERTEX_POINT('',#5312);
#5312 = CARTESIAN_POINT('',(144.4,-111.45,0.76));
#5313 = LINE('',#5314,#5315);
#5314 = CARTESIAN_POINT('',(144.274271,-111.447534,0.76));
#5315 = VECTOR('',#5316,1.);
#5316 = DIRECTION('',(0.999807708563,-1.960984187669E-02,0.));
#5317 = ORIENTED_EDGE('',*,*,#5318,.T.);
#5318 = EDGE_CURVE('',#5311,#5319,#5321,.T.);
#5319 = VERTEX_POINT('',#5320);
#5320 = CARTESIAN_POINT('',(155.6,-111.45,0.76));
#5321 = LINE('',#5322,#5323);
#5322 = CARTESIAN_POINT('',(144.4,-111.45,0.76));
#5323 = VECTOR('',#5324,1.);
#5324 = DIRECTION('',(1.,0.,0.));
#5325 = ORIENTED_EDGE('',*,*,#5326,.T.);
#5326 = EDGE_CURVE('',#5319,#5327,#5329,.T.);
#5327 = VERTEX_POINT('',#5328);
#5328 = CARTESIAN_POINT('',(155.725729,-111.447534,0.76));
#5329 = LINE('',#5330,#5331);
#5330 = CARTESIAN_POINT('',(155.6,-111.45,0.76));
#5331 = VECTOR('',#5332,1.);
#5332 = DIRECTION('',(0.999807708563,1.960984187669E-02,0.));
#5333 = ORIENTED_EDGE('',*,*,#5334,.T.);
#5334 = EDGE_CURVE('',#5327,#5335,#5337,.T.);
#5335 = VERTEX_POINT('',#5336);
#5336 = CARTESIAN_POINT('',(157.197534,-109.975729,0.76));
#5337 = CIRCLE('',#5338,1.602472334936);
#5338 = AXIS2_PLACEMENT_3D('',#5339,#5340,#5341);
#5339 = CARTESIAN_POINT('',(155.60000147347,-109.8500014734,0.76));
#5340 = DIRECTION('',(0.,0.,1.));
#5341 = DIRECTION('',(7.845846931986E-02,-0.996917383032,0.));
#5342 = ORIENTED_EDGE('',*,*,#5343,.T.);
#5343 = EDGE_CURVE('',#5335,#5344,#5346,.T.);
#5344 = VERTEX_POINT('',#5345);
#5345 = CARTESIAN_POINT('',(157.2,-109.85,0.76));
#5346 = LINE('',#5347,#5348);
#5347 = CARTESIAN_POINT('',(157.197534,-109.975729,0.76));
#5348 = VECTOR('',#5349,1.);
#5349 = DIRECTION('',(1.960984187669E-02,0.999807708563,0.));
#5350 = ORIENTED_EDGE('',*,*,#5351,.T.);
#5351 = EDGE_CURVE('',#5344,#5352,#5354,.T.);
#5352 = VERTEX_POINT('',#5353);
#5353 = CARTESIAN_POINT('',(157.2,-104.498528,0.76));
#5354 = LINE('',#5355,#5356);
#5355 = CARTESIAN_POINT('',(157.2,-109.85,0.76));
#5356 = VECTOR('',#5357,1.);
#5357 = DIRECTION('',(0.,1.,0.));
#5358 = ORIENTED_EDGE('',*,*,#5359,.T.);
#5359 = EDGE_CURVE('',#5352,#5360,#5362,.T.);
#5360 = VERTEX_POINT('',#5361);
#5361 = CARTESIAN_POINT('',(157.197783,-104.435523,0.76));
#5362 = LINE('',#5363,#5364);
#5363 = CARTESIAN_POINT('',(157.2,-104.498528,0.76));
#5364 = VECTOR('',#5365,1.);
#5365 = DIRECTION('',(-3.516591950475E-02,0.999381487774,0.));
#5366 = ORIENTED_EDGE('',*,*,#5367,.T.);
#5367 = EDGE_CURVE('',#5360,#5368,#5370,.T.);
#5368 = VERTEX_POINT('',#5369);
#5369 = CARTESIAN_POINT('',(156.863005,-104.100721,0.76));
#5370 = CIRCLE('',#5371,0.402740624751);
#5371 = AXIS2_PLACEMENT_3D('',#5372,#5373,#5374);
#5372 = CARTESIAN_POINT('',(156.79999711546,-104.4985023687,0.76));
#5373 = DIRECTION('',(0.,0.,1.));
#5374 = DIRECTION('',(0.987697441214,0.156376995172,-0.));
#5375 = ORIENTED_EDGE('',*,*,#5376,.T.);
#5376 = EDGE_CURVE('',#5368,#5377,#5379,.T.);
#5377 = VERTEX_POINT('',#5378);
#5378 = CARTESIAN_POINT('',(156.8,-104.098528,0.76));
#5379 = LINE('',#5380,#5381);
#5380 = CARTESIAN_POINT('',(156.863005,-104.100721,0.76));
#5381 = VECTOR('',#5382,1.);
#5382 = DIRECTION('',(-0.999394794536,3.478569612584E-02,0.));
#5383 = ORIENTED_EDGE('',*,*,#5384,.T.);
#5384 = EDGE_CURVE('',#5377,#5385,#5387,.T.);
#5385 = VERTEX_POINT('',#5386);
#5386 = CARTESIAN_POINT('',(156.2,-104.1,0.76));
#5387 = LINE('',#5388,#5389);
#5388 = CARTESIAN_POINT('',(156.8,-104.098528,0.76));
#5389 = VECTOR('',#5390,1.);
#5390 = DIRECTION('',(-0.999996990591,-2.453325950238E-03,0.));
#5391 = ORIENTED_EDGE('',*,*,#5392,.T.);
#5392 = EDGE_CURVE('',#5385,#5393,#5395,.T.);
#5393 = VERTEX_POINT('',#5394);
#5394 = CARTESIAN_POINT('',(156.095213,-104.097717,0.76));
#5395 = LINE('',#5396,#5397);
#5396 = CARTESIAN_POINT('',(156.2,-104.1,0.76));
#5397 = VECTOR('',#5398,1.);
#5398 = DIRECTION('',(-0.999762746605,2.178188468504E-02,0.));
#5399 = ORIENTED_EDGE('',*,*,#5400,.T.);
#5400 = EDGE_CURVE('',#5393,#5401,#5403,.T.);
#5401 = VERTEX_POINT('',#5402);
#5402 = CARTESIAN_POINT('',(155.002283,-103.004787,0.76));
#5403 = CIRCLE('',#5404,1.202291682448);
#5404 = AXIS2_PLACEMENT_3D('',#5405,#5406,#5407);
#5405 = CARTESIAN_POINT('',(156.19999960162,-102.9000003983,0.76));
#5406 = DIRECTION('',(0.,0.,-1.));
#5407 = DIRECTION('',(-8.715572365072E-02,-0.996194699763,-0.));
#5408 = ORIENTED_EDGE('',*,*,#5409,.T.);
#5409 = EDGE_CURVE('',#5401,#5410,#5412,.T.);
#5410 = VERTEX_POINT('',#5411);
#5411 = CARTESIAN_POINT('',(155.,-102.9,0.76));
#5412 = LINE('',#5413,#5414);
#5413 = CARTESIAN_POINT('',(155.002283,-103.004787,0.76));
#5414 = VECTOR('',#5415,1.);
#5415 = DIRECTION('',(-2.178188468518E-02,0.999762746605,0.));
#5416 = ORIENTED_EDGE('',*,*,#5417,.T.);
#5417 = EDGE_CURVE('',#5410,#5418,#5420,.T.);
#5418 = VERTEX_POINT('',#5419);
#5419 = CARTESIAN_POINT('',(155.,-96.948528,0.76));
#5420 = LINE('',#5421,#5422);
#5421 = CARTESIAN_POINT('',(155.,-102.9,0.76));
#5422 = VECTOR('',#5423,1.);
#5423 = DIRECTION('',(0.,1.,0.));
#5424 = ORIENTED_EDGE('',*,*,#5425,.T.);
#5425 = EDGE_CURVE('',#5418,#5426,#5428,.T.);
#5426 = VERTEX_POINT('',#5427);
#5427 = CARTESIAN_POINT('',(155.002071,-96.84375,0.76));
#5428 = LINE('',#5429,#5430);
#5429 = CARTESIAN_POINT('',(155.,-96.948528,0.76));
#5430 = VECTOR('',#5431,1.);
#5431 = DIRECTION('',(1.976173977808E-02,0.999804717753,0.));
#5432 = ORIENTED_EDGE('',*,*,#5433,.T.);
#5433 = EDGE_CURVE('',#5426,#5434,#5436,.T.);
#5434 = VERTEX_POINT('',#5435);
#5435 = CARTESIAN_POINT('',(156.09522,-95.751944,0.76));
#5436 = CIRCLE('',#5437,1.199922687395);
#5437 = AXIS2_PLACEMENT_3D('',#5438,#5439,#5440);
#5438 = CARTESIAN_POINT('',(156.19749999012,-96.94749962787,0.76));
#5439 = DIRECTION('',(0.,0.,-1.));
#5440 = DIRECTION('',(-0.996255010999,8.646359383438E-02,0.));
#5441 = ORIENTED_EDGE('',*,*,#5442,.T.);
#5442 = EDGE_CURVE('',#5434,#5443,#5445,.T.);
#5443 = VERTEX_POINT('',#5444);
#5444 = CARTESIAN_POINT('',(156.2,-95.75,0.76));
#5445 = LINE('',#5446,#5447);
#5446 = CARTESIAN_POINT('',(156.09522,-95.751944,0.76));
#5447 = VECTOR('',#5448,1.);
#5448 = DIRECTION('',(0.999827934566,1.85499666424E-02,0.));
#5449 = ORIENTED_EDGE('',*,*,#5450,.T.);
#5450 = EDGE_CURVE('',#5443,#5451,#5453,.T.);
#5451 = VERTEX_POINT('',#5452);
#5452 = CARTESIAN_POINT('',(156.8,-95.75,0.76));
#5453 = LINE('',#5454,#5455);
#5454 = CARTESIAN_POINT('',(156.2,-95.75,0.76));
#5455 = VECTOR('',#5456,1.);
#5456 = DIRECTION('',(1.,0.,0.));
#5457 = ORIENTED_EDGE('',*,*,#5458,.T.);
#5458 = EDGE_CURVE('',#5451,#5459,#5461,.T.);
#5459 = VERTEX_POINT('',#5460);
#5460 = CARTESIAN_POINT('',(156.862964,-95.747538,0.76));
#5461 = LINE('',#5462,#5463);
#5462 = CARTESIAN_POINT('',(156.8,-95.75,0.76));
#5463 = VECTOR('',#5464,1.);
#5464 = DIRECTION('',(0.99923640369,3.907185099231E-02,0.));
#5465 = ORIENTED_EDGE('',*,*,#5466,.T.);
#5466 = EDGE_CURVE('',#5459,#5467,#5469,.T.);
#5467 = VERTEX_POINT('',#5468);
#5468 = CARTESIAN_POINT('',(157.197538,-95.412964,0.76));
#5469 = CIRCLE('',#5470,0.402492209863);
#5470 = AXIS2_PLACEMENT_3D('',#5471,#5472,#5473);
#5471 = CARTESIAN_POINT('',(156.80000102903,-95.35000102903,0.76));
#5472 = DIRECTION('',(0.,0.,1.));
#5473 = DIRECTION('',(0.156432769196,-0.987688609189,0.));
#5474 = ORIENTED_EDGE('',*,*,#5475,.T.);
#5475 = EDGE_CURVE('',#5467,#5476,#5478,.T.);
#5476 = VERTEX_POINT('',#5477);
#5477 = CARTESIAN_POINT('',(157.2,-95.35,0.76));
#5478 = LINE('',#5479,#5480);
#5479 = CARTESIAN_POINT('',(157.197538,-95.412964,0.76));
#5480 = VECTOR('',#5481,1.);
#5481 = DIRECTION('',(3.907185099208E-02,0.99923640369,0.));
#5482 = ORIENTED_EDGE('',*,*,#5483,.T.);
#5483 = EDGE_CURVE('',#5476,#5484,#5486,.T.);
#5484 = VERTEX_POINT('',#5485);
#5485 = CARTESIAN_POINT('',(157.2,-90.15,0.76));
#5486 = LINE('',#5487,#5488);
#5487 = CARTESIAN_POINT('',(157.2,-95.35,0.76));
#5488 = VECTOR('',#5489,1.);
#5489 = DIRECTION('',(0.,1.,0.));
#5490 = ORIENTED_EDGE('',*,*,#5491,.T.);
#5491 = EDGE_CURVE('',#5484,#5234,#5492,.T.);
#5492 = LINE('',#5493,#5494);
#5493 = CARTESIAN_POINT('',(157.2,-90.15,0.76));
#5494 = VECTOR('',#5495,1.);
#5495 = DIRECTION('',(-1.960984187669E-02,0.999807708563,0.));
#5496 = FACE_BOUND('',#5497,.F.);
#5497 = EDGE_LOOP('',(#5498));
#5498 = ORIENTED_EDGE('',*,*,#5499,.T.);
#5499 = EDGE_CURVE('',#5500,#5500,#5502,.T.);
#5500 = VERTEX_POINT('',#5501);
#5501 = CARTESIAN_POINT('',(156.7,-102.9,0.76));
#5502 = CIRCLE('',#5503,0.5);
#5503 = AXIS2_PLACEMENT_3D('',#5504,#5505,#5506);
#5504 = CARTESIAN_POINT('',(156.2,-102.9,0.76));
#5505 = DIRECTION('',(0.,0.,1.));
#5506 = DIRECTION('',(1.,0.,-0.));
#5507 = FACE_BOUND('',#5508,.F.);
#5508 = EDGE_LOOP('',(#5509,#5520,#5528,#5537,#5545,#5554,#5562,#5571));
#5509 = ORIENTED_EDGE('',*,*,#5510,.T.);
#5510 = EDGE_CURVE('',#5511,#5513,#5515,.T.);
#5511 = VERTEX_POINT('',#5512);
#5512 = CARTESIAN_POINT('',(156.26,-101.16075,0.76));
#5513 = VERTEX_POINT('',#5514);
#5514 = CARTESIAN_POINT('',(156.12,-101.02075,0.76));
#5515 = CIRCLE('',#5516,0.139999827125);
#5516 = AXIS2_PLACEMENT_3D('',#5517,#5518,#5519);
#5517 = CARTESIAN_POINT('',(156.12000017287,-101.1607498271,0.76));
#5518 = DIRECTION('',(0.,0.,1.));
#5519 = DIRECTION('',(0.999999999999,-1.234820349748E-06,0.));
#5520 = ORIENTED_EDGE('',*,*,#5521,.T.);
#5521 = EDGE_CURVE('',#5513,#5522,#5524,.T.);
#5522 = VERTEX_POINT('',#5523);
#5523 = CARTESIAN_POINT('',(155.78,-101.02075,0.76));
#5524 = LINE('',#5525,#5526);
#5525 = CARTESIAN_POINT('',(156.12,-101.02075,0.76));
#5526 = VECTOR('',#5527,1.);
#5527 = DIRECTION('',(-1.,0.,0.));
#5528 = ORIENTED_EDGE('',*,*,#5529,.T.);
#5529 = EDGE_CURVE('',#5522,#5530,#5532,.T.);
#5530 = VERTEX_POINT('',#5531);
#5531 = CARTESIAN_POINT('',(155.64,-101.16075,0.76));
#5532 = CIRCLE('',#5533,0.139999827125);
#5533 = AXIS2_PLACEMENT_3D('',#5534,#5535,#5536);
#5534 = CARTESIAN_POINT('',(155.77999982712,-101.1607498271,0.76));
#5535 = DIRECTION('',(0.,0.,1.));
#5536 = DIRECTION('',(1.234820248241E-06,0.999999999999,-0.));
#5537 = ORIENTED_EDGE('',*,*,#5538,.T.);
#5538 = EDGE_CURVE('',#5530,#5539,#5541,.T.);
#5539 = VERTEX_POINT('',#5540);
#5540 = CARTESIAN_POINT('',(155.64,-101.44075,0.76));
#5541 = LINE('',#5542,#5543);
#5542 = CARTESIAN_POINT('',(155.64,-101.16075,0.76));
#5543 = VECTOR('',#5544,1.);
#5544 = DIRECTION('',(0.,-1.,0.));
#5545 = ORIENTED_EDGE('',*,*,#5546,.T.);
#5546 = EDGE_CURVE('',#5539,#5547,#5549,.T.);
#5547 = VERTEX_POINT('',#5548);
#5548 = CARTESIAN_POINT('',(155.78,-101.58075,0.76));
#5549 = CIRCLE('',#5550,0.139999827125);
#5550 = AXIS2_PLACEMENT_3D('',#5551,#5552,#5553);
#5551 = CARTESIAN_POINT('',(155.77999982712,-101.4407501728,0.76));
#5552 = DIRECTION('',(0.,0.,1.));
#5553 = DIRECTION('',(-0.999999999999,1.234820248241E-06,0.));
#5554 = ORIENTED_EDGE('',*,*,#5555,.T.);
#5555 = EDGE_CURVE('',#5547,#5556,#5558,.T.);
#5556 = VERTEX_POINT('',#5557);
#5557 = CARTESIAN_POINT('',(156.12,-101.58075,0.76));
#5558 = LINE('',#5559,#5560);
#5559 = CARTESIAN_POINT('',(155.78,-101.58075,0.76));
#5560 = VECTOR('',#5561,1.);
#5561 = DIRECTION('',(1.,0.,0.));
#5562 = ORIENTED_EDGE('',*,*,#5563,.T.);
#5563 = EDGE_CURVE('',#5556,#5564,#5566,.T.);
#5564 = VERTEX_POINT('',#5565);
#5565 = CARTESIAN_POINT('',(156.26,-101.44075,0.76));
#5566 = CIRCLE('',#5567,0.139999827125);
#5567 = AXIS2_PLACEMENT_3D('',#5568,#5569,#5570);
#5568 = CARTESIAN_POINT('',(156.12000017287,-101.4407501728,0.76));
#5569 = DIRECTION('',(0.,0.,1.));
#5570 = DIRECTION('',(-1.234820451254E-06,-0.999999999999,0.));
#5571 = ORIENTED_EDGE('',*,*,#5572,.T.);
#5572 = EDGE_CURVE('',#5564,#5511,#5573,.T.);
#5573 = LINE('',#5574,#5575);
#5574 = CARTESIAN_POINT('',(156.26,-101.44075,0.76));
#5575 = VECTOR('',#5576,1.);
#5576 = DIRECTION('',(0.,1.,0.));
#5577 = FACE_BOUND('',#5578,.F.);
#5578 = EDGE_LOOP('',(#5579,#5590,#5598,#5607,#5615,#5624,#5632,#5641));
#5579 = ORIENTED_EDGE('',*,*,#5580,.T.);
#5580 = EDGE_CURVE('',#5581,#5583,#5585,.T.);
#5581 = VERTEX_POINT('',#5582);
#5582 = CARTESIAN_POINT('',(156.26,-100.20075,0.76));
#5583 = VERTEX_POINT('',#5584);
#5584 = CARTESIAN_POINT('',(156.12,-100.06075,0.76));
#5585 = CIRCLE('',#5586,0.139999827125);
#5586 = AXIS2_PLACEMENT_3D('',#5587,#5588,#5589);
#5587 = CARTESIAN_POINT('',(156.12000017287,-100.2007498271,0.76));
#5588 = DIRECTION('',(0.,0.,1.));
#5589 = DIRECTION('',(0.999999999999,-1.23482055276E-06,0.));
#5590 = ORIENTED_EDGE('',*,*,#5591,.T.);
#5591 = EDGE_CURVE('',#5583,#5592,#5594,.T.);
#5592 = VERTEX_POINT('',#5593);
#5593 = CARTESIAN_POINT('',(155.78,-100.06075,0.76));
#5594 = LINE('',#5595,#5596);
#5595 = CARTESIAN_POINT('',(156.12,-100.06075,0.76));
#5596 = VECTOR('',#5597,1.);
#5597 = DIRECTION('',(-1.,0.,0.));
#5598 = ORIENTED_EDGE('',*,*,#5599,.T.);
#5599 = EDGE_CURVE('',#5592,#5600,#5602,.T.);
#5600 = VERTEX_POINT('',#5601);
#5601 = CARTESIAN_POINT('',(155.64,-100.20075,0.76));
#5602 = CIRCLE('',#5603,0.139999827125);
#5603 = AXIS2_PLACEMENT_3D('',#5604,#5605,#5606);
#5604 = CARTESIAN_POINT('',(155.77999982712,-100.2007498271,0.76));
#5605 = DIRECTION('',(0.,0.,1.));
#5606 = DIRECTION('',(1.234820451253E-06,0.999999999999,-0.));
#5607 = ORIENTED_EDGE('',*,*,#5608,.T.);
#5608 = EDGE_CURVE('',#5600,#5609,#5611,.T.);
#5609 = VERTEX_POINT('',#5610);
#5610 = CARTESIAN_POINT('',(155.64,-100.48075,0.76));
#5611 = LINE('',#5612,#5613);
#5612 = CARTESIAN_POINT('',(155.64,-100.20075,0.76));
#5613 = VECTOR('',#5614,1.);
#5614 = DIRECTION('',(0.,-1.,0.));
#5615 = ORIENTED_EDGE('',*,*,#5616,.T.);
#5616 = EDGE_CURVE('',#5609,#5617,#5619,.T.);
#5617 = VERTEX_POINT('',#5618);
#5618 = CARTESIAN_POINT('',(155.78,-100.62075,0.76));
#5619 = CIRCLE('',#5620,0.139999827125);
#5620 = AXIS2_PLACEMENT_3D('',#5621,#5622,#5623);
#5621 = CARTESIAN_POINT('',(155.77999982712,-100.4807501728,0.76));
#5622 = DIRECTION('',(0.,0.,1.));
#5623 = DIRECTION('',(-0.999999999999,1.234820248241E-06,0.));
#5624 = ORIENTED_EDGE('',*,*,#5625,.T.);
#5625 = EDGE_CURVE('',#5617,#5626,#5628,.T.);
#5626 = VERTEX_POINT('',#5627);
#5627 = CARTESIAN_POINT('',(156.12,-100.62075,0.76));
#5628 = LINE('',#5629,#5630);
#5629 = CARTESIAN_POINT('',(155.78,-100.62075,0.76));
#5630 = VECTOR('',#5631,1.);
#5631 = DIRECTION('',(1.,0.,0.));
#5632 = ORIENTED_EDGE('',*,*,#5633,.T.);
#5633 = EDGE_CURVE('',#5626,#5634,#5636,.T.);
#5634 = VERTEX_POINT('',#5635);
#5635 = CARTESIAN_POINT('',(156.26,-100.48075,0.76));
#5636 = CIRCLE('',#5637,0.139999827125);
#5637 = AXIS2_PLACEMENT_3D('',#5638,#5639,#5640);
#5638 = CARTESIAN_POINT('',(156.12000017287,-100.4807501728,0.76));
#5639 = DIRECTION('',(0.,0.,1.));
#5640 = DIRECTION('',(-1.234820451254E-06,-0.999999999999,0.));
#5641 = ORIENTED_EDGE('',*,*,#5642,.T.);
#5642 = EDGE_CURVE('',#5634,#5581,#5643,.T.);
#5643 = LINE('',#5644,#5645);
#5644 = CARTESIAN_POINT('',(156.26,-100.48075,0.76));
#5645 = VECTOR('',#5646,1.);
#5646 = DIRECTION('',(0.,1.,0.));
#5647 = FACE_BOUND('',#5648,.F.);
#5648 = EDGE_LOOP('',(#5649,#5660,#5668,#5677,#5685,#5694,#5702,#5711));
#5649 = ORIENTED_EDGE('',*,*,#5650,.T.);
#5650 = EDGE_CURVE('',#5651,#5653,#5655,.T.);
#5651 = VERTEX_POINT('',#5652);
#5652 = CARTESIAN_POINT('',(156.26,-99.28575,0.76));
#5653 = VERTEX_POINT('',#5654);
#5654 = CARTESIAN_POINT('',(156.12,-99.14575,0.76));
#5655 = CIRCLE('',#5656,0.139999827125);
#5656 = AXIS2_PLACEMENT_3D('',#5657,#5658,#5659);
#5657 = CARTESIAN_POINT('',(156.12000017287,-99.28574982712,0.76));
#5658 = DIRECTION('',(0.,0.,1.));
#5659 = DIRECTION('',(0.999999999999,-1.234820349748E-06,0.));
#5660 = ORIENTED_EDGE('',*,*,#5661,.T.);
#5661 = EDGE_CURVE('',#5653,#5662,#5664,.T.);
#5662 = VERTEX_POINT('',#5663);
#5663 = CARTESIAN_POINT('',(155.78,-99.14575,0.76));
#5664 = LINE('',#5665,#5666);
#5665 = CARTESIAN_POINT('',(156.12,-99.14575,0.76));
#5666 = VECTOR('',#5667,1.);
#5667 = DIRECTION('',(-1.,0.,0.));
#5668 = ORIENTED_EDGE('',*,*,#5669,.T.);
#5669 = EDGE_CURVE('',#5662,#5670,#5672,.T.);
#5670 = VERTEX_POINT('',#5671);
#5671 = CARTESIAN_POINT('',(155.64,-99.28575,0.76));
#5672 = CIRCLE('',#5673,0.139999827125);
#5673 = AXIS2_PLACEMENT_3D('',#5674,#5675,#5676);
#5674 = CARTESIAN_POINT('',(155.77999982712,-99.28574982712,0.76));
#5675 = DIRECTION('',(0.,0.,1.));
#5676 = DIRECTION('',(1.234820248241E-06,0.999999999999,-0.));
#5677 = ORIENTED_EDGE('',*,*,#5678,.T.);
#5678 = EDGE_CURVE('',#5670,#5679,#5681,.T.);
#5679 = VERTEX_POINT('',#5680);
#5680 = CARTESIAN_POINT('',(155.64,-99.56575,0.76));
#5681 = LINE('',#5682,#5683);
#5682 = CARTESIAN_POINT('',(155.64,-99.28575,0.76));
#5683 = VECTOR('',#5684,1.);
#5684 = DIRECTION('',(0.,-1.,0.));
#5685 = ORIENTED_EDGE('',*,*,#5686,.T.);
#5686 = EDGE_CURVE('',#5679,#5687,#5689,.T.);
#5687 = VERTEX_POINT('',#5688);
#5688 = CARTESIAN_POINT('',(155.78,-99.70575,0.76));
#5689 = CIRCLE('',#5690,0.139999827125);
#5690 = AXIS2_PLACEMENT_3D('',#5691,#5692,#5693);
#5691 = CARTESIAN_POINT('',(155.77999982712,-99.56575017287,0.76));
#5692 = DIRECTION('',(0.,0.,1.));
#5693 = DIRECTION('',(-0.999999999999,1.234820248241E-06,0.));
#5694 = ORIENTED_EDGE('',*,*,#5695,.T.);
#5695 = EDGE_CURVE('',#5687,#5696,#5698,.T.);
#5696 = VERTEX_POINT('',#5697);
#5697 = CARTESIAN_POINT('',(156.12,-99.70575,0.76));
#5698 = LINE('',#5699,#5700);
#5699 = CARTESIAN_POINT('',(155.78,-99.70575,0.76));
#5700 = VECTOR('',#5701,1.);
#5701 = DIRECTION('',(1.,0.,0.));
#5702 = ORIENTED_EDGE('',*,*,#5703,.T.);
#5703 = EDGE_CURVE('',#5696,#5704,#5706,.T.);
#5704 = VERTEX_POINT('',#5705);
#5705 = CARTESIAN_POINT('',(156.26,-99.56575,0.76));
#5706 = CIRCLE('',#5707,0.139999827125);
#5707 = AXIS2_PLACEMENT_3D('',#5708,#5709,#5710);
#5708 = CARTESIAN_POINT('',(156.12000017287,-99.56575017287,0.76));
#5709 = DIRECTION('',(0.,0.,1.));
#5710 = DIRECTION('',(-1.234820451254E-06,-0.999999999999,0.));
#5711 = ORIENTED_EDGE('',*,*,#5712,.T.);
#5712 = EDGE_CURVE('',#5704,#5651,#5713,.T.);
#5713 = LINE('',#5714,#5715);
#5714 = CARTESIAN_POINT('',(156.26,-99.56575,0.76));
#5715 = VECTOR('',#5716,1.);
#5716 = DIRECTION('',(0.,1.,0.));
#5717 = FACE_BOUND('',#5718,.F.);
#5718 = EDGE_LOOP('',(#5719,#5730,#5738,#5747,#5755,#5764,#5772,#5781));
#5719 = ORIENTED_EDGE('',*,*,#5720,.T.);
#5720 = EDGE_CURVE('',#5721,#5723,#5725,.T.);
#5721 = VERTEX_POINT('',#5722);
#5722 = CARTESIAN_POINT('',(156.26,-98.32575,0.76));
#5723 = VERTEX_POINT('',#5724);
#5724 = CARTESIAN_POINT('',(156.12,-98.18575,0.76));
#5725 = CIRCLE('',#5726,0.139999827125);
#5726 = AXIS2_PLACEMENT_3D('',#5727,#5728,#5729);
#5727 = CARTESIAN_POINT('',(156.12000017287,-98.32574982712,0.76));
#5728 = DIRECTION('',(0.,0.,1.));
#5729 = DIRECTION('',(0.999999999999,-1.23482055276E-06,0.));
#5730 = ORIENTED_EDGE('',*,*,#5731,.T.);
#5731 = EDGE_CURVE('',#5723,#5732,#5734,.T.);
#5732 = VERTEX_POINT('',#5733);
#5733 = CARTESIAN_POINT('',(155.78,-98.18575,0.76));
#5734 = LINE('',#5735,#5736);
#5735 = CARTESIAN_POINT('',(156.12,-98.18575,0.76));
#5736 = VECTOR('',#5737,1.);
#5737 = DIRECTION('',(-1.,0.,0.));
#5738 = ORIENTED_EDGE('',*,*,#5739,.T.);
#5739 = EDGE_CURVE('',#5732,#5740,#5742,.T.);
#5740 = VERTEX_POINT('',#5741);
#5741 = CARTESIAN_POINT('',(155.64,-98.32575,0.76));
#5742 = CIRCLE('',#5743,0.139999827125);
#5743 = AXIS2_PLACEMENT_3D('',#5744,#5745,#5746);
#5744 = CARTESIAN_POINT('',(155.77999982712,-98.32574982712,0.76));
#5745 = DIRECTION('',(0.,0.,1.));
#5746 = DIRECTION('',(1.234820451253E-06,0.999999999999,-0.));
#5747 = ORIENTED_EDGE('',*,*,#5748,.T.);
#5748 = EDGE_CURVE('',#5740,#5749,#5751,.T.);
#5749 = VERTEX_POINT('',#5750);
#5750 = CARTESIAN_POINT('',(155.64,-98.60575,0.76));
#5751 = LINE('',#5752,#5753);
#5752 = CARTESIAN_POINT('',(155.64,-98.32575,0.76));
#5753 = VECTOR('',#5754,1.);
#5754 = DIRECTION('',(0.,-1.,0.));
#5755 = ORIENTED_EDGE('',*,*,#5756,.T.);
#5756 = EDGE_CURVE('',#5749,#5757,#5759,.T.);
#5757 = VERTEX_POINT('',#5758);
#5758 = CARTESIAN_POINT('',(155.78,-98.74575,0.76));
#5759 = CIRCLE('',#5760,0.139999827125);
#5760 = AXIS2_PLACEMENT_3D('',#5761,#5762,#5763);
#5761 = CARTESIAN_POINT('',(155.77999982712,-98.60575017287,0.76));
#5762 = DIRECTION('',(0.,0.,1.));
#5763 = DIRECTION('',(-0.999999999999,1.234820248241E-06,0.));
#5764 = ORIENTED_EDGE('',*,*,#5765,.T.);
#5765 = EDGE_CURVE('',#5757,#5766,#5768,.T.);
#5766 = VERTEX_POINT('',#5767);
#5767 = CARTESIAN_POINT('',(156.12,-98.74575,0.76));
#5768 = LINE('',#5769,#5770);
#5769 = CARTESIAN_POINT('',(155.78,-98.74575,0.76));
#5770 = VECTOR('',#5771,1.);
#5771 = DIRECTION('',(1.,0.,0.));
#5772 = ORIENTED_EDGE('',*,*,#5773,.T.);
#5773 = EDGE_CURVE('',#5766,#5774,#5776,.T.);
#5774 = VERTEX_POINT('',#5775);
#5775 = CARTESIAN_POINT('',(156.26,-98.60575,0.76));
#5776 = CIRCLE('',#5777,0.139999827125);
#5777 = AXIS2_PLACEMENT_3D('',#5778,#5779,#5780);
#5778 = CARTESIAN_POINT('',(156.12000017287,-98.60575017287,0.76));
#5779 = DIRECTION('',(0.,0.,1.));
#5780 = DIRECTION('',(-1.234820451254E-06,-0.999999999999,0.));
#5781 = ORIENTED_EDGE('',*,*,#5782,.T.);
#5782 = EDGE_CURVE('',#5774,#5721,#5783,.T.);
#5783 = LINE('',#5784,#5785);
#5784 = CARTESIAN_POINT('',(156.26,-98.60575,0.76));
#5785 = VECTOR('',#5786,1.);
#5786 = DIRECTION('',(0.,1.,0.));
#5787 = FACE_BOUND('',#5788,.F.);
#5788 = EDGE_LOOP('',(#5789));
#5789 = ORIENTED_EDGE('',*,*,#5790,.T.);
#5790 = EDGE_CURVE('',#5791,#5791,#5793,.T.);
#5791 = VERTEX_POINT('',#5792);
#5792 = CARTESIAN_POINT('',(156.75,-97.,0.76));
#5793 = CIRCLE('',#5794,0.5);
#5794 = AXIS2_PLACEMENT_3D('',#5795,#5796,#5797);
#5795 = CARTESIAN_POINT('',(156.25,-97.,0.76));
#5796 = DIRECTION('',(0.,0.,1.));
#5797 = DIRECTION('',(1.,0.,-0.));
#5798 = PLANE('',#5799);
#5799 = AXIS2_PLACEMENT_3D('',#5800,#5801,#5802);
#5800 = CARTESIAN_POINT('',(0.,0.,0.76));
#5801 = DIRECTION('',(0.,0.,1.));
#5802 = DIRECTION('',(1.,0.,-0.));
#5803 = SHELL_BASED_SURFACE_MODEL('',(#5804));
#5804 = OPEN_SHELL('',(#5805));
#5805 = ADVANCED_FACE('',(#5806,#5940,#6206,#6217,#6287,#6357,#6427,
    #6497),#6508,.T.);
#5806 = FACE_BOUND('',#5807,.T.);
#5807 = EDGE_LOOP('',(#5808,#5819,#5827,#5835,#5843,#5852,#5860,#5868,
    #5876,#5885,#5893,#5901,#5909,#5918,#5926,#5934));
#5808 = ORIENTED_EDGE('',*,*,#5809,.T.);
#5809 = EDGE_CURVE('',#5810,#5812,#5814,.T.);
#5810 = VERTEX_POINT('',#5811);
#5811 = CARTESIAN_POINT('',(142.002569,-89.992864,-5.E-02));
#5812 = VERTEX_POINT('',#5813);
#5813 = CARTESIAN_POINT('',(144.242864,-87.752569,-5.E-02));
#5814 = CIRCLE('',#5815,2.402573864661);
#5815 = AXIS2_PLACEMENT_3D('',#5816,#5817,#5818);
#5816 = CARTESIAN_POINT('',(144.39999883598,-90.14999883598,-5.E-02));
#5817 = DIRECTION('',(0.,0.,-1.));
#5818 = DIRECTION('',(-0.997858950873,6.540270761121E-02,0.));
#5819 = ORIENTED_EDGE('',*,*,#5820,.T.);
#5820 = EDGE_CURVE('',#5812,#5821,#5823,.T.);
#5821 = VERTEX_POINT('',#5822);
#5822 = CARTESIAN_POINT('',(144.4,-87.75,-5.E-02));
#5823 = LINE('',#5824,#5825);
#5824 = CARTESIAN_POINT('',(144.242864,-87.752569,-5.E-02));
#5825 = VECTOR('',#5826,1.);
#5826 = DIRECTION('',(0.999866383597,1.634671074391E-02,0.));
#5827 = ORIENTED_EDGE('',*,*,#5828,.T.);
#5828 = EDGE_CURVE('',#5821,#5829,#5831,.T.);
#5829 = VERTEX_POINT('',#5830);
#5830 = CARTESIAN_POINT('',(155.6,-87.75,-5.E-02));
#5831 = LINE('',#5832,#5833);
#5832 = CARTESIAN_POINT('',(144.4,-87.75,-5.E-02));
#5833 = VECTOR('',#5834,1.);
#5834 = DIRECTION('',(1.,0.,0.));
#5835 = ORIENTED_EDGE('',*,*,#5836,.T.);
#5836 = EDGE_CURVE('',#5829,#5837,#5839,.T.);
#5837 = VERTEX_POINT('',#5838);
#5838 = CARTESIAN_POINT('',(155.757136,-87.752569,-5.E-02));
#5839 = LINE('',#5840,#5841);
#5840 = CARTESIAN_POINT('',(155.6,-87.75,-5.E-02));
#5841 = VECTOR('',#5842,1.);
#5842 = DIRECTION('',(0.999866383597,-1.634671074391E-02,0.));
#5843 = ORIENTED_EDGE('',*,*,#5844,.T.);
#5844 = EDGE_CURVE('',#5837,#5845,#5847,.T.);
#5845 = VERTEX_POINT('',#5846);
#5846 = CARTESIAN_POINT('',(157.997431,-89.992864,-5.E-02));
#5847 = CIRCLE('',#5848,2.402573864661);
#5848 = AXIS2_PLACEMENT_3D('',#5849,#5850,#5851);
#5849 = CARTESIAN_POINT('',(155.60000116401,-90.14999883598,-5.E-02));
#5850 = DIRECTION('',(0.,0.,-1.));
#5851 = DIRECTION('',(6.540270761123E-02,0.997858950873,0.));
#5852 = ORIENTED_EDGE('',*,*,#5853,.T.);
#5853 = EDGE_CURVE('',#5845,#5854,#5856,.T.);
#5854 = VERTEX_POINT('',#5855);
#5855 = CARTESIAN_POINT('',(158.,-90.15,-5.E-02));
#5856 = LINE('',#5857,#5858);
#5857 = CARTESIAN_POINT('',(157.997431,-89.992864,-5.E-02));
#5858 = VECTOR('',#5859,1.);
#5859 = DIRECTION('',(1.634671074391E-02,-0.999866383597,0.));
#5860 = ORIENTED_EDGE('',*,*,#5861,.T.);
#5861 = EDGE_CURVE('',#5854,#5862,#5864,.T.);
#5862 = VERTEX_POINT('',#5863);
#5863 = CARTESIAN_POINT('',(158.,-109.85,-5.E-02));
#5864 = LINE('',#5865,#5866);
#5865 = CARTESIAN_POINT('',(158.,-90.15,-5.E-02));
#5866 = VECTOR('',#5867,1.);
#5867 = DIRECTION('',(0.,-1.,0.));
#5868 = ORIENTED_EDGE('',*,*,#5869,.T.);
#5869 = EDGE_CURVE('',#5862,#5870,#5872,.T.);
#5870 = VERTEX_POINT('',#5871);
#5871 = CARTESIAN_POINT('',(157.997431,-110.007136,-5.E-02));
#5872 = LINE('',#5873,#5874);
#5873 = CARTESIAN_POINT('',(158.,-109.85,-5.E-02));
#5874 = VECTOR('',#5875,1.);
#5875 = DIRECTION('',(-1.634671074391E-02,-0.999866383597,0.));
#5876 = ORIENTED_EDGE('',*,*,#5877,.T.);
#5877 = EDGE_CURVE('',#5870,#5878,#5880,.T.);
#5878 = VERTEX_POINT('',#5879);
#5879 = CARTESIAN_POINT('',(155.757136,-112.247431,-5.E-02));
#5880 = CIRCLE('',#5881,2.402573864661);
#5881 = AXIS2_PLACEMENT_3D('',#5882,#5883,#5884);
#5882 = CARTESIAN_POINT('',(155.60000116401,-109.850001164,-5.E-02));
#5883 = DIRECTION('',(0.,0.,-1.));
#5884 = DIRECTION('',(0.997858950873,-6.540270761121E-02,0.));
#5885 = ORIENTED_EDGE('',*,*,#5886,.T.);
#5886 = EDGE_CURVE('',#5878,#5887,#5889,.T.);
#5887 = VERTEX_POINT('',#5888);
#5888 = CARTESIAN_POINT('',(155.6,-112.25,-5.E-02));
#5889 = LINE('',#5890,#5891);
#5890 = CARTESIAN_POINT('',(155.757136,-112.247431,-5.E-02));
#5891 = VECTOR('',#5892,1.);
#5892 = DIRECTION('',(-0.999866383597,-1.634671074391E-02,0.));
#5893 = ORIENTED_EDGE('',*,*,#5894,.T.);
#5894 = EDGE_CURVE('',#5887,#5895,#5897,.T.);
#5895 = VERTEX_POINT('',#5896);
#5896 = CARTESIAN_POINT('',(144.4,-112.25,-5.E-02));
#5897 = LINE('',#5898,#5899);
#5898 = CARTESIAN_POINT('',(155.6,-112.25,-5.E-02));
#5899 = VECTOR('',#5900,1.);
#5900 = DIRECTION('',(-1.,0.,0.));
#5901 = ORIENTED_EDGE('',*,*,#5902,.T.);
#5902 = EDGE_CURVE('',#5895,#5903,#5905,.T.);
#5903 = VERTEX_POINT('',#5904);
#5904 = CARTESIAN_POINT('',(144.242864,-112.247431,-5.E-02));
#5905 = LINE('',#5906,#5907);
#5906 = CARTESIAN_POINT('',(144.4,-112.25,-5.E-02));
#5907 = VECTOR('',#5908,1.);
#5908 = DIRECTION('',(-0.999866383597,1.634671074391E-02,0.));
#5909 = ORIENTED_EDGE('',*,*,#5910,.T.);
#5910 = EDGE_CURVE('',#5903,#5911,#5913,.T.);
#5911 = VERTEX_POINT('',#5912);
#5912 = CARTESIAN_POINT('',(142.002569,-110.007136,-5.E-02));
#5913 = CIRCLE('',#5914,2.402573864661);
#5914 = AXIS2_PLACEMENT_3D('',#5915,#5916,#5917);
#5915 = CARTESIAN_POINT('',(144.39999883598,-109.850001164,-5.E-02));
#5916 = DIRECTION('',(0.,0.,-1.));
#5917 = DIRECTION('',(-6.540270761123E-02,-0.997858950873,-0.));
#5918 = ORIENTED_EDGE('',*,*,#5919,.T.);
#5919 = EDGE_CURVE('',#5911,#5920,#5922,.T.);
#5920 = VERTEX_POINT('',#5921);
#5921 = CARTESIAN_POINT('',(142.,-109.85,-5.E-02));
#5922 = LINE('',#5923,#5924);
#5923 = CARTESIAN_POINT('',(142.002569,-110.007136,-5.E-02));
#5924 = VECTOR('',#5925,1.);
#5925 = DIRECTION('',(-1.634671074391E-02,0.999866383597,0.));
#5926 = ORIENTED_EDGE('',*,*,#5927,.T.);
#5927 = EDGE_CURVE('',#5920,#5928,#5930,.T.);
#5928 = VERTEX_POINT('',#5929);
#5929 = CARTESIAN_POINT('',(142.,-90.15,-5.E-02));
#5930 = LINE('',#5931,#5932);
#5931 = CARTESIAN_POINT('',(142.,-109.85,-5.E-02));
#5932 = VECTOR('',#5933,1.);
#5933 = DIRECTION('',(0.,1.,0.));
#5934 = ORIENTED_EDGE('',*,*,#5935,.T.);
#5935 = EDGE_CURVE('',#5928,#5810,#5936,.T.);
#5936 = LINE('',#5937,#5938);
#5937 = CARTESIAN_POINT('',(142.,-90.15,-5.E-02));
#5938 = VECTOR('',#5939,1.);
#5939 = DIRECTION('',(1.634671074391E-02,0.999866383597,0.));
#5940 = FACE_BOUND('',#5941,.T.);
#5941 = EDGE_LOOP('',(#5942,#5953,#5961,#5969,#5977,#5986,#5994,#6002,
    #6010,#6019,#6027,#6035,#6043,#6052,#6060,#6068,#6076,#6085,#6093,
    #6101,#6109,#6118,#6126,#6134,#6142,#6151,#6159,#6167,#6175,#6184,
    #6192,#6200));
#5942 = ORIENTED_EDGE('',*,*,#5943,.T.);
#5943 = EDGE_CURVE('',#5944,#5946,#5948,.T.);
#5944 = VERTEX_POINT('',#5945);
#5945 = CARTESIAN_POINT('',(157.197534,-90.024271,-5.E-02));
#5946 = VERTEX_POINT('',#5947);
#5947 = CARTESIAN_POINT('',(155.725729,-88.552466,-5.E-02));
#5948 = CIRCLE('',#5949,1.602472334936);
#5949 = AXIS2_PLACEMENT_3D('',#5950,#5951,#5952);
#5950 = CARTESIAN_POINT('',(155.60000147347,-90.14999852652,-5.E-02));
#5951 = DIRECTION('',(0.,0.,1.));
#5952 = DIRECTION('',(0.996917383032,7.845846931982E-02,-0.));
#5953 = ORIENTED_EDGE('',*,*,#5954,.T.);
#5954 = EDGE_CURVE('',#5946,#5955,#5957,.T.);
#5955 = VERTEX_POINT('',#5956);
#5956 = CARTESIAN_POINT('',(155.6,-88.55,-5.E-02));
#5957 = LINE('',#5958,#5959);
#5958 = CARTESIAN_POINT('',(155.725729,-88.552466,-5.E-02));
#5959 = VECTOR('',#5960,1.);
#5960 = DIRECTION('',(-0.999807708563,1.960984187669E-02,0.));
#5961 = ORIENTED_EDGE('',*,*,#5962,.T.);
#5962 = EDGE_CURVE('',#5955,#5963,#5965,.T.);
#5963 = VERTEX_POINT('',#5964);
#5964 = CARTESIAN_POINT('',(144.4,-88.55,-5.E-02));
#5965 = LINE('',#5966,#5967);
#5966 = CARTESIAN_POINT('',(155.6,-88.55,-5.E-02));
#5967 = VECTOR('',#5968,1.);
#5968 = DIRECTION('',(-1.,0.,0.));
#5969 = ORIENTED_EDGE('',*,*,#5970,.T.);
#5970 = EDGE_CURVE('',#5963,#5971,#5973,.T.);
#5971 = VERTEX_POINT('',#5972);
#5972 = CARTESIAN_POINT('',(144.274271,-88.552466,-5.E-02));
#5973 = LINE('',#5974,#5975);
#5974 = CARTESIAN_POINT('',(144.4,-88.55,-5.E-02));
#5975 = VECTOR('',#5976,1.);
#5976 = DIRECTION('',(-0.999807708563,-1.960984187669E-02,0.));
#5977 = ORIENTED_EDGE('',*,*,#5978,.T.);
#5978 = EDGE_CURVE('',#5971,#5979,#5981,.T.);
#5979 = VERTEX_POINT('',#5980);
#5980 = CARTESIAN_POINT('',(142.802466,-90.024271,-5.E-02));
#5981 = CIRCLE('',#5982,1.602472334936);
#5982 = AXIS2_PLACEMENT_3D('',#5983,#5984,#5985);
#5983 = CARTESIAN_POINT('',(144.39999852652,-90.14999852652,-5.E-02));
#5984 = DIRECTION('',(0.,0.,1.));
#5985 = DIRECTION('',(-7.845846931986E-02,0.996917383032,0.));
#5986 = ORIENTED_EDGE('',*,*,#5987,.T.);
#5987 = EDGE_CURVE('',#5979,#5988,#5990,.T.);
#5988 = VERTEX_POINT('',#5989);
#5989 = CARTESIAN_POINT('',(142.8,-90.15,-5.E-02));
#5990 = LINE('',#5991,#5992);
#5991 = CARTESIAN_POINT('',(142.802466,-90.024271,-5.E-02));
#5992 = VECTOR('',#5993,1.);
#5993 = DIRECTION('',(-1.960984187669E-02,-0.999807708563,0.));
#5994 = ORIENTED_EDGE('',*,*,#5995,.T.);
#5995 = EDGE_CURVE('',#5988,#5996,#5998,.T.);
#5996 = VERTEX_POINT('',#5997);
#5997 = CARTESIAN_POINT('',(142.8,-109.85,-5.E-02));
#5998 = LINE('',#5999,#6000);
#5999 = CARTESIAN_POINT('',(142.8,-90.15,-5.E-02));
#6000 = VECTOR('',#6001,1.);
#6001 = DIRECTION('',(0.,-1.,0.));
#6002 = ORIENTED_EDGE('',*,*,#6003,.T.);
#6003 = EDGE_CURVE('',#5996,#6004,#6006,.T.);
#6004 = VERTEX_POINT('',#6005);
#6005 = CARTESIAN_POINT('',(142.802466,-109.975729,-5.E-02));
#6006 = LINE('',#6007,#6008);
#6007 = CARTESIAN_POINT('',(142.8,-109.85,-5.E-02));
#6008 = VECTOR('',#6009,1.);
#6009 = DIRECTION('',(1.960984187669E-02,-0.999807708563,0.));
#6010 = ORIENTED_EDGE('',*,*,#6011,.T.);
#6011 = EDGE_CURVE('',#6004,#6012,#6014,.T.);
#6012 = VERTEX_POINT('',#6013);
#6013 = CARTESIAN_POINT('',(144.274271,-111.447534,-5.E-02));
#6014 = CIRCLE('',#6015,1.602472334936);
#6015 = AXIS2_PLACEMENT_3D('',#6016,#6017,#6018);
#6016 = CARTESIAN_POINT('',(144.39999852652,-109.8500014734,-5.E-02));
#6017 = DIRECTION('',(0.,0.,1.));
#6018 = DIRECTION('',(-0.996917383032,-7.845846931982E-02,0.));
#6019 = ORIENTED_EDGE('',*,*,#6020,.T.);
#6020 = EDGE_CURVE('',#6012,#6021,#6023,.T.);
#6021 = VERTEX_POINT('',#6022);
#6022 = CARTESIAN_POINT('',(144.4,-111.45,-5.E-02));
#6023 = LINE('',#6024,#6025);
#6024 = CARTESIAN_POINT('',(144.274271,-111.447534,-5.E-02));
#6025 = VECTOR('',#6026,1.);
#6026 = DIRECTION('',(0.999807708563,-1.960984187669E-02,0.));
#6027 = ORIENTED_EDGE('',*,*,#6028,.T.);
#6028 = EDGE_CURVE('',#6021,#6029,#6031,.T.);
#6029 = VERTEX_POINT('',#6030);
#6030 = CARTESIAN_POINT('',(155.6,-111.45,-5.E-02));
#6031 = LINE('',#6032,#6033);
#6032 = CARTESIAN_POINT('',(144.4,-111.45,-5.E-02));
#6033 = VECTOR('',#6034,1.);
#6034 = DIRECTION('',(1.,0.,0.));
#6035 = ORIENTED_EDGE('',*,*,#6036,.T.);
#6036 = EDGE_CURVE('',#6029,#6037,#6039,.T.);
#6037 = VERTEX_POINT('',#6038);
#6038 = CARTESIAN_POINT('',(155.725729,-111.447534,-5.E-02));
#6039 = LINE('',#6040,#6041);
#6040 = CARTESIAN_POINT('',(155.6,-111.45,-5.E-02));
#6041 = VECTOR('',#6042,1.);
#6042 = DIRECTION('',(0.999807708563,1.960984187669E-02,0.));
#6043 = ORIENTED_EDGE('',*,*,#6044,.T.);
#6044 = EDGE_CURVE('',#6037,#6045,#6047,.T.);
#6045 = VERTEX_POINT('',#6046);
#6046 = CARTESIAN_POINT('',(157.197534,-109.975729,-5.E-02));
#6047 = CIRCLE('',#6048,1.602472334936);
#6048 = AXIS2_PLACEMENT_3D('',#6049,#6050,#6051);
#6049 = CARTESIAN_POINT('',(155.60000147347,-109.8500014734,-5.E-02));
#6050 = DIRECTION('',(0.,0.,1.));
#6051 = DIRECTION('',(7.845846931986E-02,-0.996917383032,0.));
#6052 = ORIENTED_EDGE('',*,*,#6053,.T.);
#6053 = EDGE_CURVE('',#6045,#6054,#6056,.T.);
#6054 = VERTEX_POINT('',#6055);
#6055 = CARTESIAN_POINT('',(157.2,-109.85,-5.E-02));
#6056 = LINE('',#6057,#6058);
#6057 = CARTESIAN_POINT('',(157.197534,-109.975729,-5.E-02));
#6058 = VECTOR('',#6059,1.);
#6059 = DIRECTION('',(1.960984187669E-02,0.999807708563,0.));
#6060 = ORIENTED_EDGE('',*,*,#6061,.T.);
#6061 = EDGE_CURVE('',#6054,#6062,#6064,.T.);
#6062 = VERTEX_POINT('',#6063);
#6063 = CARTESIAN_POINT('',(157.2,-104.498528,-5.E-02));
#6064 = LINE('',#6065,#6066);
#6065 = CARTESIAN_POINT('',(157.2,-109.85,-5.E-02));
#6066 = VECTOR('',#6067,1.);
#6067 = DIRECTION('',(0.,1.,0.));
#6068 = ORIENTED_EDGE('',*,*,#6069,.T.);
#6069 = EDGE_CURVE('',#6062,#6070,#6072,.T.);
#6070 = VERTEX_POINT('',#6071);
#6071 = CARTESIAN_POINT('',(157.197783,-104.435523,-5.E-02));
#6072 = LINE('',#6073,#6074);
#6073 = CARTESIAN_POINT('',(157.2,-104.498528,-5.E-02));
#6074 = VECTOR('',#6075,1.);
#6075 = DIRECTION('',(-3.516591950475E-02,0.999381487774,0.));
#6076 = ORIENTED_EDGE('',*,*,#6077,.T.);
#6077 = EDGE_CURVE('',#6070,#6078,#6080,.T.);
#6078 = VERTEX_POINT('',#6079);
#6079 = CARTESIAN_POINT('',(156.863005,-104.100721,-5.E-02));
#6080 = CIRCLE('',#6081,0.402740624751);
#6081 = AXIS2_PLACEMENT_3D('',#6082,#6083,#6084);
#6082 = CARTESIAN_POINT('',(156.79999711546,-104.4985023687,-5.E-02));
#6083 = DIRECTION('',(0.,0.,1.));
#6084 = DIRECTION('',(0.987697441214,0.156376995172,-0.));
#6085 = ORIENTED_EDGE('',*,*,#6086,.T.);
#6086 = EDGE_CURVE('',#6078,#6087,#6089,.T.);
#6087 = VERTEX_POINT('',#6088);
#6088 = CARTESIAN_POINT('',(156.8,-104.098528,-5.E-02));
#6089 = LINE('',#6090,#6091);
#6090 = CARTESIAN_POINT('',(156.863005,-104.100721,-5.E-02));
#6091 = VECTOR('',#6092,1.);
#6092 = DIRECTION('',(-0.999394794536,3.478569612584E-02,0.));
#6093 = ORIENTED_EDGE('',*,*,#6094,.T.);
#6094 = EDGE_CURVE('',#6087,#6095,#6097,.T.);
#6095 = VERTEX_POINT('',#6096);
#6096 = CARTESIAN_POINT('',(156.2,-104.1,-5.E-02));
#6097 = LINE('',#6098,#6099);
#6098 = CARTESIAN_POINT('',(156.8,-104.098528,-5.E-02));
#6099 = VECTOR('',#6100,1.);
#6100 = DIRECTION('',(-0.999996990591,-2.453325950238E-03,0.));
#6101 = ORIENTED_EDGE('',*,*,#6102,.T.);
#6102 = EDGE_CURVE('',#6095,#6103,#6105,.T.);
#6103 = VERTEX_POINT('',#6104);
#6104 = CARTESIAN_POINT('',(156.095213,-104.097717,-5.E-02));
#6105 = LINE('',#6106,#6107);
#6106 = CARTESIAN_POINT('',(156.2,-104.1,-5.E-02));
#6107 = VECTOR('',#6108,1.);
#6108 = DIRECTION('',(-0.999762746605,2.178188468504E-02,0.));
#6109 = ORIENTED_EDGE('',*,*,#6110,.T.);
#6110 = EDGE_CURVE('',#6103,#6111,#6113,.T.);
#6111 = VERTEX_POINT('',#6112);
#6112 = CARTESIAN_POINT('',(155.002283,-103.004787,-5.E-02));
#6113 = CIRCLE('',#6114,1.202291682448);
#6114 = AXIS2_PLACEMENT_3D('',#6115,#6116,#6117);
#6115 = CARTESIAN_POINT('',(156.19999960162,-102.9000003983,-5.E-02));
#6116 = DIRECTION('',(0.,0.,-1.));
#6117 = DIRECTION('',(-8.715572365072E-02,-0.996194699763,-0.));
#6118 = ORIENTED_EDGE('',*,*,#6119,.T.);
#6119 = EDGE_CURVE('',#6111,#6120,#6122,.T.);
#6120 = VERTEX_POINT('',#6121);
#6121 = CARTESIAN_POINT('',(155.,-102.9,-5.E-02));
#6122 = LINE('',#6123,#6124);
#6123 = CARTESIAN_POINT('',(155.002283,-103.004787,-5.E-02));
#6124 = VECTOR('',#6125,1.);
#6125 = DIRECTION('',(-2.178188468518E-02,0.999762746605,0.));
#6126 = ORIENTED_EDGE('',*,*,#6127,.T.);
#6127 = EDGE_CURVE('',#6120,#6128,#6130,.T.);
#6128 = VERTEX_POINT('',#6129);
#6129 = CARTESIAN_POINT('',(155.,-96.948528,-5.E-02));
#6130 = LINE('',#6131,#6132);
#6131 = CARTESIAN_POINT('',(155.,-102.9,-5.E-02));
#6132 = VECTOR('',#6133,1.);
#6133 = DIRECTION('',(0.,1.,0.));
#6134 = ORIENTED_EDGE('',*,*,#6135,.T.);
#6135 = EDGE_CURVE('',#6128,#6136,#6138,.T.);
#6136 = VERTEX_POINT('',#6137);
#6137 = CARTESIAN_POINT('',(155.002071,-96.84375,-5.E-02));
#6138 = LINE('',#6139,#6140);
#6139 = CARTESIAN_POINT('',(155.,-96.948528,-5.E-02));
#6140 = VECTOR('',#6141,1.);
#6141 = DIRECTION('',(1.976173977808E-02,0.999804717753,0.));
#6142 = ORIENTED_EDGE('',*,*,#6143,.T.);
#6143 = EDGE_CURVE('',#6136,#6144,#6146,.T.);
#6144 = VERTEX_POINT('',#6145);
#6145 = CARTESIAN_POINT('',(156.09522,-95.751944,-5.E-02));
#6146 = CIRCLE('',#6147,1.199922687395);
#6147 = AXIS2_PLACEMENT_3D('',#6148,#6149,#6150);
#6148 = CARTESIAN_POINT('',(156.19749999012,-96.94749962787,-5.E-02));
#6149 = DIRECTION('',(0.,0.,-1.));
#6150 = DIRECTION('',(-0.996255010999,8.646359383438E-02,0.));
#6151 = ORIENTED_EDGE('',*,*,#6152,.T.);
#6152 = EDGE_CURVE('',#6144,#6153,#6155,.T.);
#6153 = VERTEX_POINT('',#6154);
#6154 = CARTESIAN_POINT('',(156.2,-95.75,-5.E-02));
#6155 = LINE('',#6156,#6157);
#6156 = CARTESIAN_POINT('',(156.09522,-95.751944,-5.E-02));
#6157 = VECTOR('',#6158,1.);
#6158 = DIRECTION('',(0.999827934566,1.85499666424E-02,0.));
#6159 = ORIENTED_EDGE('',*,*,#6160,.T.);
#6160 = EDGE_CURVE('',#6153,#6161,#6163,.T.);
#6161 = VERTEX_POINT('',#6162);
#6162 = CARTESIAN_POINT('',(156.8,-95.75,-5.E-02));
#6163 = LINE('',#6164,#6165);
#6164 = CARTESIAN_POINT('',(156.2,-95.75,-5.E-02));
#6165 = VECTOR('',#6166,1.);
#6166 = DIRECTION('',(1.,0.,0.));
#6167 = ORIENTED_EDGE('',*,*,#6168,.T.);
#6168 = EDGE_CURVE('',#6161,#6169,#6171,.T.);
#6169 = VERTEX_POINT('',#6170);
#6170 = CARTESIAN_POINT('',(156.862964,-95.747538,-5.E-02));
#6171 = LINE('',#6172,#6173);
#6172 = CARTESIAN_POINT('',(156.8,-95.75,-5.E-02));
#6173 = VECTOR('',#6174,1.);
#6174 = DIRECTION('',(0.99923640369,3.907185099231E-02,0.));
#6175 = ORIENTED_EDGE('',*,*,#6176,.T.);
#6176 = EDGE_CURVE('',#6169,#6177,#6179,.T.);
#6177 = VERTEX_POINT('',#6178);
#6178 = CARTESIAN_POINT('',(157.197538,-95.412964,-5.E-02));
#6179 = CIRCLE('',#6180,0.402492209863);
#6180 = AXIS2_PLACEMENT_3D('',#6181,#6182,#6183);
#6181 = CARTESIAN_POINT('',(156.80000102903,-95.35000102903,-5.E-02));
#6182 = DIRECTION('',(0.,0.,1.));
#6183 = DIRECTION('',(0.156432769196,-0.987688609189,0.));
#6184 = ORIENTED_EDGE('',*,*,#6185,.T.);
#6185 = EDGE_CURVE('',#6177,#6186,#6188,.T.);
#6186 = VERTEX_POINT('',#6187);
#6187 = CARTESIAN_POINT('',(157.2,-95.35,-5.E-02));
#6188 = LINE('',#6189,#6190);
#6189 = CARTESIAN_POINT('',(157.197538,-95.412964,-5.E-02));
#6190 = VECTOR('',#6191,1.);
#6191 = DIRECTION('',(3.907185099208E-02,0.99923640369,0.));
#6192 = ORIENTED_EDGE('',*,*,#6193,.T.);
#6193 = EDGE_CURVE('',#6186,#6194,#6196,.T.);
#6194 = VERTEX_POINT('',#6195);
#6195 = CARTESIAN_POINT('',(157.2,-90.15,-5.E-02));
#6196 = LINE('',#6197,#6198);
#6197 = CARTESIAN_POINT('',(157.2,-95.35,-5.E-02));
#6198 = VECTOR('',#6199,1.);
#6199 = DIRECTION('',(0.,1.,0.));
#6200 = ORIENTED_EDGE('',*,*,#6201,.T.);
#6201 = EDGE_CURVE('',#6194,#5944,#6202,.T.);
#6202 = LINE('',#6203,#6204);
#6203 = CARTESIAN_POINT('',(157.2,-90.15,-5.E-02));
#6204 = VECTOR('',#6205,1.);
#6205 = DIRECTION('',(-1.960984187669E-02,0.999807708563,0.));
#6206 = FACE_BOUND('',#6207,.T.);
#6207 = EDGE_LOOP('',(#6208));
#6208 = ORIENTED_EDGE('',*,*,#6209,.T.);
#6209 = EDGE_CURVE('',#6210,#6210,#6212,.T.);
#6210 = VERTEX_POINT('',#6211);
#6211 = CARTESIAN_POINT('',(156.7,-102.9,-5.E-02));
#6212 = CIRCLE('',#6213,0.5);
#6213 = AXIS2_PLACEMENT_3D('',#6214,#6215,#6216);
#6214 = CARTESIAN_POINT('',(156.2,-102.9,-5.E-02));
#6215 = DIRECTION('',(0.,0.,1.));
#6216 = DIRECTION('',(1.,0.,-0.));
#6217 = FACE_BOUND('',#6218,.T.);
#6218 = EDGE_LOOP('',(#6219,#6230,#6238,#6247,#6255,#6264,#6272,#6281));
#6219 = ORIENTED_EDGE('',*,*,#6220,.T.);
#6220 = EDGE_CURVE('',#6221,#6223,#6225,.T.);
#6221 = VERTEX_POINT('',#6222);
#6222 = CARTESIAN_POINT('',(156.26,-101.16075,-5.E-02));
#6223 = VERTEX_POINT('',#6224);
#6224 = CARTESIAN_POINT('',(156.12,-101.02075,-5.E-02));
#6225 = CIRCLE('',#6226,0.139999827125);
#6226 = AXIS2_PLACEMENT_3D('',#6227,#6228,#6229);
#6227 = CARTESIAN_POINT('',(156.12000017287,-101.1607498271,-5.E-02));
#6228 = DIRECTION('',(0.,0.,1.));
#6229 = DIRECTION('',(0.999999999999,-1.234820349748E-06,0.));
#6230 = ORIENTED_EDGE('',*,*,#6231,.T.);
#6231 = EDGE_CURVE('',#6223,#6232,#6234,.T.);
#6232 = VERTEX_POINT('',#6233);
#6233 = CARTESIAN_POINT('',(155.78,-101.02075,-5.E-02));
#6234 = LINE('',#6235,#6236);
#6235 = CARTESIAN_POINT('',(156.12,-101.02075,-5.E-02));
#6236 = VECTOR('',#6237,1.);
#6237 = DIRECTION('',(-1.,0.,0.));
#6238 = ORIENTED_EDGE('',*,*,#6239,.T.);
#6239 = EDGE_CURVE('',#6232,#6240,#6242,.T.);
#6240 = VERTEX_POINT('',#6241);
#6241 = CARTESIAN_POINT('',(155.64,-101.16075,-5.E-02));
#6242 = CIRCLE('',#6243,0.139999827125);
#6243 = AXIS2_PLACEMENT_3D('',#6244,#6245,#6246);
#6244 = CARTESIAN_POINT('',(155.77999982712,-101.1607498271,-5.E-02));
#6245 = DIRECTION('',(0.,0.,1.));
#6246 = DIRECTION('',(1.234820248241E-06,0.999999999999,-0.));
#6247 = ORIENTED_EDGE('',*,*,#6248,.T.);
#6248 = EDGE_CURVE('',#6240,#6249,#6251,.T.);
#6249 = VERTEX_POINT('',#6250);
#6250 = CARTESIAN_POINT('',(155.64,-101.44075,-5.E-02));
#6251 = LINE('',#6252,#6253);
#6252 = CARTESIAN_POINT('',(155.64,-101.16075,-5.E-02));
#6253 = VECTOR('',#6254,1.);
#6254 = DIRECTION('',(0.,-1.,0.));
#6255 = ORIENTED_EDGE('',*,*,#6256,.T.);
#6256 = EDGE_CURVE('',#6249,#6257,#6259,.T.);
#6257 = VERTEX_POINT('',#6258);
#6258 = CARTESIAN_POINT('',(155.78,-101.58075,-5.E-02));
#6259 = CIRCLE('',#6260,0.139999827125);
#6260 = AXIS2_PLACEMENT_3D('',#6261,#6262,#6263);
#6261 = CARTESIAN_POINT('',(155.77999982712,-101.4407501728,-5.E-02));
#6262 = DIRECTION('',(0.,0.,1.));
#6263 = DIRECTION('',(-0.999999999999,1.234820248241E-06,0.));
#6264 = ORIENTED_EDGE('',*,*,#6265,.T.);
#6265 = EDGE_CURVE('',#6257,#6266,#6268,.T.);
#6266 = VERTEX_POINT('',#6267);
#6267 = CARTESIAN_POINT('',(156.12,-101.58075,-5.E-02));
#6268 = LINE('',#6269,#6270);
#6269 = CARTESIAN_POINT('',(155.78,-101.58075,-5.E-02));
#6270 = VECTOR('',#6271,1.);
#6271 = DIRECTION('',(1.,0.,0.));
#6272 = ORIENTED_EDGE('',*,*,#6273,.T.);
#6273 = EDGE_CURVE('',#6266,#6274,#6276,.T.);
#6274 = VERTEX_POINT('',#6275);
#6275 = CARTESIAN_POINT('',(156.26,-101.44075,-5.E-02));
#6276 = CIRCLE('',#6277,0.139999827125);
#6277 = AXIS2_PLACEMENT_3D('',#6278,#6279,#6280);
#6278 = CARTESIAN_POINT('',(156.12000017287,-101.4407501728,-5.E-02));
#6279 = DIRECTION('',(0.,0.,1.));
#6280 = DIRECTION('',(-1.234820451254E-06,-0.999999999999,0.));
#6281 = ORIENTED_EDGE('',*,*,#6282,.T.);
#6282 = EDGE_CURVE('',#6274,#6221,#6283,.T.);
#6283 = LINE('',#6284,#6285);
#6284 = CARTESIAN_POINT('',(156.26,-101.44075,-5.E-02));
#6285 = VECTOR('',#6286,1.);
#6286 = DIRECTION('',(0.,1.,0.));
#6287 = FACE_BOUND('',#6288,.T.);
#6288 = EDGE_LOOP('',(#6289,#6300,#6308,#6317,#6325,#6334,#6342,#6351));
#6289 = ORIENTED_EDGE('',*,*,#6290,.T.);
#6290 = EDGE_CURVE('',#6291,#6293,#6295,.T.);
#6291 = VERTEX_POINT('',#6292);
#6292 = CARTESIAN_POINT('',(156.26,-100.20075,-5.E-02));
#6293 = VERTEX_POINT('',#6294);
#6294 = CARTESIAN_POINT('',(156.12,-100.06075,-5.E-02));
#6295 = CIRCLE('',#6296,0.139999827125);
#6296 = AXIS2_PLACEMENT_3D('',#6297,#6298,#6299);
#6297 = CARTESIAN_POINT('',(156.12000017287,-100.2007498271,-5.E-02));
#6298 = DIRECTION('',(0.,0.,1.));
#6299 = DIRECTION('',(0.999999999999,-1.23482055276E-06,0.));
#6300 = ORIENTED_EDGE('',*,*,#6301,.T.);
#6301 = EDGE_CURVE('',#6293,#6302,#6304,.T.);
#6302 = VERTEX_POINT('',#6303);
#6303 = CARTESIAN_POINT('',(155.78,-100.06075,-5.E-02));
#6304 = LINE('',#6305,#6306);
#6305 = CARTESIAN_POINT('',(156.12,-100.06075,-5.E-02));
#6306 = VECTOR('',#6307,1.);
#6307 = DIRECTION('',(-1.,0.,0.));
#6308 = ORIENTED_EDGE('',*,*,#6309,.T.);
#6309 = EDGE_CURVE('',#6302,#6310,#6312,.T.);
#6310 = VERTEX_POINT('',#6311);
#6311 = CARTESIAN_POINT('',(155.64,-100.20075,-5.E-02));
#6312 = CIRCLE('',#6313,0.139999827125);
#6313 = AXIS2_PLACEMENT_3D('',#6314,#6315,#6316);
#6314 = CARTESIAN_POINT('',(155.77999982712,-100.2007498271,-5.E-02));
#6315 = DIRECTION('',(0.,0.,1.));
#6316 = DIRECTION('',(1.234820451253E-06,0.999999999999,-0.));
#6317 = ORIENTED_EDGE('',*,*,#6318,.T.);
#6318 = EDGE_CURVE('',#6310,#6319,#6321,.T.);
#6319 = VERTEX_POINT('',#6320);
#6320 = CARTESIAN_POINT('',(155.64,-100.48075,-5.E-02));
#6321 = LINE('',#6322,#6323);
#6322 = CARTESIAN_POINT('',(155.64,-100.20075,-5.E-02));
#6323 = VECTOR('',#6324,1.);
#6324 = DIRECTION('',(0.,-1.,0.));
#6325 = ORIENTED_EDGE('',*,*,#6326,.T.);
#6326 = EDGE_CURVE('',#6319,#6327,#6329,.T.);
#6327 = VERTEX_POINT('',#6328);
#6328 = CARTESIAN_POINT('',(155.78,-100.62075,-5.E-02));
#6329 = CIRCLE('',#6330,0.139999827125);
#6330 = AXIS2_PLACEMENT_3D('',#6331,#6332,#6333);
#6331 = CARTESIAN_POINT('',(155.77999982712,-100.4807501728,-5.E-02));
#6332 = DIRECTION('',(0.,0.,1.));
#6333 = DIRECTION('',(-0.999999999999,1.234820248241E-06,0.));
#6334 = ORIENTED_EDGE('',*,*,#6335,.T.);
#6335 = EDGE_CURVE('',#6327,#6336,#6338,.T.);
#6336 = VERTEX_POINT('',#6337);
#6337 = CARTESIAN_POINT('',(156.12,-100.62075,-5.E-02));
#6338 = LINE('',#6339,#6340);
#6339 = CARTESIAN_POINT('',(155.78,-100.62075,-5.E-02));
#6340 = VECTOR('',#6341,1.);
#6341 = DIRECTION('',(1.,0.,0.));
#6342 = ORIENTED_EDGE('',*,*,#6343,.T.);
#6343 = EDGE_CURVE('',#6336,#6344,#6346,.T.);
#6344 = VERTEX_POINT('',#6345);
#6345 = CARTESIAN_POINT('',(156.26,-100.48075,-5.E-02));
#6346 = CIRCLE('',#6347,0.139999827125);
#6347 = AXIS2_PLACEMENT_3D('',#6348,#6349,#6350);
#6348 = CARTESIAN_POINT('',(156.12000017287,-100.4807501728,-5.E-02));
#6349 = DIRECTION('',(0.,0.,1.));
#6350 = DIRECTION('',(-1.234820451254E-06,-0.999999999999,0.));
#6351 = ORIENTED_EDGE('',*,*,#6352,.T.);
#6352 = EDGE_CURVE('',#6344,#6291,#6353,.T.);
#6353 = LINE('',#6354,#6355);
#6354 = CARTESIAN_POINT('',(156.26,-100.48075,-5.E-02));
#6355 = VECTOR('',#6356,1.);
#6356 = DIRECTION('',(0.,1.,0.));
#6357 = FACE_BOUND('',#6358,.T.);
#6358 = EDGE_LOOP('',(#6359,#6370,#6378,#6387,#6395,#6404,#6412,#6421));
#6359 = ORIENTED_EDGE('',*,*,#6360,.T.);
#6360 = EDGE_CURVE('',#6361,#6363,#6365,.T.);
#6361 = VERTEX_POINT('',#6362);
#6362 = CARTESIAN_POINT('',(156.26,-99.28575,-5.E-02));
#6363 = VERTEX_POINT('',#6364);
#6364 = CARTESIAN_POINT('',(156.12,-99.14575,-5.E-02));
#6365 = CIRCLE('',#6366,0.139999827125);
#6366 = AXIS2_PLACEMENT_3D('',#6367,#6368,#6369);
#6367 = CARTESIAN_POINT('',(156.12000017287,-99.28574982712,-5.E-02));
#6368 = DIRECTION('',(0.,0.,1.));
#6369 = DIRECTION('',(0.999999999999,-1.234820349748E-06,0.));
#6370 = ORIENTED_EDGE('',*,*,#6371,.T.);
#6371 = EDGE_CURVE('',#6363,#6372,#6374,.T.);
#6372 = VERTEX_POINT('',#6373);
#6373 = CARTESIAN_POINT('',(155.78,-99.14575,-5.E-02));
#6374 = LINE('',#6375,#6376);
#6375 = CARTESIAN_POINT('',(156.12,-99.14575,-5.E-02));
#6376 = VECTOR('',#6377,1.);
#6377 = DIRECTION('',(-1.,0.,0.));
#6378 = ORIENTED_EDGE('',*,*,#6379,.T.);
#6379 = EDGE_CURVE('',#6372,#6380,#6382,.T.);
#6380 = VERTEX_POINT('',#6381);
#6381 = CARTESIAN_POINT('',(155.64,-99.28575,-5.E-02));
#6382 = CIRCLE('',#6383,0.139999827125);
#6383 = AXIS2_PLACEMENT_3D('',#6384,#6385,#6386);
#6384 = CARTESIAN_POINT('',(155.77999982712,-99.28574982712,-5.E-02));
#6385 = DIRECTION('',(0.,0.,1.));
#6386 = DIRECTION('',(1.234820248241E-06,0.999999999999,-0.));
#6387 = ORIENTED_EDGE('',*,*,#6388,.T.);
#6388 = EDGE_CURVE('',#6380,#6389,#6391,.T.);
#6389 = VERTEX_POINT('',#6390);
#6390 = CARTESIAN_POINT('',(155.64,-99.56575,-5.E-02));
#6391 = LINE('',#6392,#6393);
#6392 = CARTESIAN_POINT('',(155.64,-99.28575,-5.E-02));
#6393 = VECTOR('',#6394,1.);
#6394 = DIRECTION('',(0.,-1.,0.));
#6395 = ORIENTED_EDGE('',*,*,#6396,.T.);
#6396 = EDGE_CURVE('',#6389,#6397,#6399,.T.);
#6397 = VERTEX_POINT('',#6398);
#6398 = CARTESIAN_POINT('',(155.78,-99.70575,-5.E-02));
#6399 = CIRCLE('',#6400,0.139999827125);
#6400 = AXIS2_PLACEMENT_3D('',#6401,#6402,#6403);
#6401 = CARTESIAN_POINT('',(155.77999982712,-99.56575017287,-5.E-02));
#6402 = DIRECTION('',(0.,0.,1.));
#6403 = DIRECTION('',(-0.999999999999,1.234820248241E-06,0.));
#6404 = ORIENTED_EDGE('',*,*,#6405,.T.);
#6405 = EDGE_CURVE('',#6397,#6406,#6408,.T.);
#6406 = VERTEX_POINT('',#6407);
#6407 = CARTESIAN_POINT('',(156.12,-99.70575,-5.E-02));
#6408 = LINE('',#6409,#6410);
#6409 = CARTESIAN_POINT('',(155.78,-99.70575,-5.E-02));
#6410 = VECTOR('',#6411,1.);
#6411 = DIRECTION('',(1.,0.,0.));
#6412 = ORIENTED_EDGE('',*,*,#6413,.T.);
#6413 = EDGE_CURVE('',#6406,#6414,#6416,.T.);
#6414 = VERTEX_POINT('',#6415);
#6415 = CARTESIAN_POINT('',(156.26,-99.56575,-5.E-02));
#6416 = CIRCLE('',#6417,0.139999827125);
#6417 = AXIS2_PLACEMENT_3D('',#6418,#6419,#6420);
#6418 = CARTESIAN_POINT('',(156.12000017287,-99.56575017287,-5.E-02));
#6419 = DIRECTION('',(0.,0.,1.));
#6420 = DIRECTION('',(-1.234820451254E-06,-0.999999999999,0.));
#6421 = ORIENTED_EDGE('',*,*,#6422,.T.);
#6422 = EDGE_CURVE('',#6414,#6361,#6423,.T.);
#6423 = LINE('',#6424,#6425);
#6424 = CARTESIAN_POINT('',(156.26,-99.56575,-5.E-02));
#6425 = VECTOR('',#6426,1.);
#6426 = DIRECTION('',(0.,1.,0.));
#6427 = FACE_BOUND('',#6428,.T.);
#6428 = EDGE_LOOP('',(#6429,#6440,#6448,#6457,#6465,#6474,#6482,#6491));
#6429 = ORIENTED_EDGE('',*,*,#6430,.T.);
#6430 = EDGE_CURVE('',#6431,#6433,#6435,.T.);
#6431 = VERTEX_POINT('',#6432);
#6432 = CARTESIAN_POINT('',(156.26,-98.32575,-5.E-02));
#6433 = VERTEX_POINT('',#6434);
#6434 = CARTESIAN_POINT('',(156.12,-98.18575,-5.E-02));
#6435 = CIRCLE('',#6436,0.139999827125);
#6436 = AXIS2_PLACEMENT_3D('',#6437,#6438,#6439);
#6437 = CARTESIAN_POINT('',(156.12000017287,-98.32574982712,-5.E-02));
#6438 = DIRECTION('',(0.,0.,1.));
#6439 = DIRECTION('',(0.999999999999,-1.23482055276E-06,0.));
#6440 = ORIENTED_EDGE('',*,*,#6441,.T.);
#6441 = EDGE_CURVE('',#6433,#6442,#6444,.T.);
#6442 = VERTEX_POINT('',#6443);
#6443 = CARTESIAN_POINT('',(155.78,-98.18575,-5.E-02));
#6444 = LINE('',#6445,#6446);
#6445 = CARTESIAN_POINT('',(156.12,-98.18575,-5.E-02));
#6446 = VECTOR('',#6447,1.);
#6447 = DIRECTION('',(-1.,0.,0.));
#6448 = ORIENTED_EDGE('',*,*,#6449,.T.);
#6449 = EDGE_CURVE('',#6442,#6450,#6452,.T.);
#6450 = VERTEX_POINT('',#6451);
#6451 = CARTESIAN_POINT('',(155.64,-98.32575,-5.E-02));
#6452 = CIRCLE('',#6453,0.139999827125);
#6453 = AXIS2_PLACEMENT_3D('',#6454,#6455,#6456);
#6454 = CARTESIAN_POINT('',(155.77999982712,-98.32574982712,-5.E-02));
#6455 = DIRECTION('',(0.,0.,1.));
#6456 = DIRECTION('',(1.234820451253E-06,0.999999999999,-0.));
#6457 = ORIENTED_EDGE('',*,*,#6458,.T.);
#6458 = EDGE_CURVE('',#6450,#6459,#6461,.T.);
#6459 = VERTEX_POINT('',#6460);
#6460 = CARTESIAN_POINT('',(155.64,-98.60575,-5.E-02));
#6461 = LINE('',#6462,#6463);
#6462 = CARTESIAN_POINT('',(155.64,-98.32575,-5.E-02));
#6463 = VECTOR('',#6464,1.);
#6464 = DIRECTION('',(0.,-1.,0.));
#6465 = ORIENTED_EDGE('',*,*,#6466,.T.);
#6466 = EDGE_CURVE('',#6459,#6467,#6469,.T.);
#6467 = VERTEX_POINT('',#6468);
#6468 = CARTESIAN_POINT('',(155.78,-98.74575,-5.E-02));
#6469 = CIRCLE('',#6470,0.139999827125);
#6470 = AXIS2_PLACEMENT_3D('',#6471,#6472,#6473);
#6471 = CARTESIAN_POINT('',(155.77999982712,-98.60575017287,-5.E-02));
#6472 = DIRECTION('',(0.,0.,1.));
#6473 = DIRECTION('',(-0.999999999999,1.234820248241E-06,0.));
#6474 = ORIENTED_EDGE('',*,*,#6475,.T.);
#6475 = EDGE_CURVE('',#6467,#6476,#6478,.T.);
#6476 = VERTEX_POINT('',#6477);
#6477 = CARTESIAN_POINT('',(156.12,-98.74575,-5.E-02));
#6478 = LINE('',#6479,#6480);
#6479 = CARTESIAN_POINT('',(155.78,-98.74575,-5.E-02));
#6480 = VECTOR('',#6481,1.);
#6481 = DIRECTION('',(1.,0.,0.));
#6482 = ORIENTED_EDGE('',*,*,#6483,.T.);
#6483 = EDGE_CURVE('',#6476,#6484,#6486,.T.);
#6484 = VERTEX_POINT('',#6485);
#6485 = CARTESIAN_POINT('',(156.26,-98.60575,-5.E-02));
#6486 = CIRCLE('',#6487,0.139999827125);
#6487 = AXIS2_PLACEMENT_3D('',#6488,#6489,#6490);
#6488 = CARTESIAN_POINT('',(156.12000017287,-98.60575017287,-5.E-02));
#6489 = DIRECTION('',(0.,0.,1.));
#6490 = DIRECTION('',(-1.234820451254E-06,-0.999999999999,0.));
#6491 = ORIENTED_EDGE('',*,*,#6492,.T.);
#6492 = EDGE_CURVE('',#6484,#6431,#6493,.T.);
#6493 = LINE('',#6494,#6495);
#6494 = CARTESIAN_POINT('',(156.26,-98.60575,-5.E-02));
#6495 = VECTOR('',#6496,1.);
#6496 = DIRECTION('',(0.,1.,0.));
#6497 = FACE_BOUND('',#6498,.T.);
#6498 = EDGE_LOOP('',(#6499));
#6499 = ORIENTED_EDGE('',*,*,#6500,.T.);
#6500 = EDGE_CURVE('',#6501,#6501,#6503,.T.);
#6501 = VERTEX_POINT('',#6502);
#6502 = CARTESIAN_POINT('',(156.75,-97.,-5.E-02));
#6503 = CIRCLE('',#6504,0.5);
#6504 = AXIS2_PLACEMENT_3D('',#6505,#6506,#6507);
#6505 = CARTESIAN_POINT('',(156.25,-97.,-5.E-02));
#6506 = DIRECTION('',(0.,0.,1.));
#6507 = DIRECTION('',(1.,0.,-0.));
#6508 = PLANE('',#6509);
#6509 = AXIS2_PLACEMENT_3D('',#6510,#6511,#6512);
#6510 = CARTESIAN_POINT('',(0.,0.,-5.E-02));
#6511 = DIRECTION('',(-0.,-0.,-1.));
#6512 = DIRECTION('',(-1.,0.,0.));
#6513 = ( GEOMETRIC_REPRESENTATION_CONTEXT(3) 
GLOBAL_UNCERTAINTY_ASSIGNED_CONTEXT((#6517)) 
GLOBAL_UNIT_ASSIGNED_CONTEXT((#6514,#6515,#6516)) REPRESENTATION_CONTEXT
('Context #1','3D Context with UNIT and UNCERTAINTY') );
#6514 = ( LENGTH_UNIT() NAMED_UNIT(*) SI_UNIT(.MILLI.,.METRE.) );
#6515 = ( NAMED_UNIT(*) PLANE_ANGLE_UNIT() SI_UNIT($,.RADIAN.) );
#6516 = ( NAMED_UNIT(*) SI_UNIT($,.STERADIAN.) SOLID_ANGLE_UNIT() );
#6517 = UNCERTAINTY_MEASURE_WITH_UNIT(LENGTH_MEASURE(1.E-07),#6514,
  'distance_accuracy_value','confusion accuracy');
#6518 = CONTEXT_DEPENDENT_SHAPE_REPRESENTATION(#6519,#6521);
#6519 = ( REPRESENTATION_RELATIONSHIP('','',#5092,#10) 
REPRESENTATION_RELATIONSHIP_WITH_TRANSFORMATION(#6520) 
SHAPE_REPRESENTATION_RELATIONSHIP() );
#6520 = ITEM_DEFINED_TRANSFORMATION('','',#11,#39);
#6521 = PRODUCT_DEFINITION_SHAPE('Placement','Placement of an item',
  #6522);
#6522 = NEXT_ASSEMBLY_USAGE_OCCURRENCE('7','=>[0:1:1:5]','',#5,#5087,$);
#6523 = PRODUCT_RELATED_PRODUCT_CATEGORY('part',$,(#5089));
#6524 = SHAPE_DEFINITION_REPRESENTATION(#6525,#6531);
#6525 = PRODUCT_DEFINITION_SHAPE('','',#6526);
#6526 = PRODUCT_DEFINITION('design','',#6527,#6530);
#6527 = PRODUCT_DEFINITION_FORMATION('','',#6528);
#6528 = PRODUCT('rect_24-5_16_PCB','rect_24-5_16_PCB','',(#6529));
#6529 = PRODUCT_CONTEXT('',#2,'mechanical');
#6530 = PRODUCT_DEFINITION_CONTEXT('part definition',#2,'design');
#6531 = ADVANCED_BREP_SHAPE_REPRESENTATION('',(#11,#6532),#7721);
#6532 = MANIFOLD_SOLID_BREP('',#6533);
#6533 = CLOSED_SHELL('',(#6534,#6576,#6607,#6638,#6927,#7216,#7233,#7250
    ,#7267,#7284,#7296,#7313,#7330,#7347,#7364,#7381,#7398,#7420,#7437,
    #7454,#7471,#7488,#7505,#7522,#7539,#7556,#7573,#7590,#7607,#7624,
    #7641,#7658,#7670,#7687,#7704));
#6534 = ADVANCED_FACE('',(#6535),#6571,.T.);
#6535 = FACE_BOUND('',#6536,.T.);
#6536 = EDGE_LOOP('',(#6537,#6547,#6556,#6564));
#6537 = ORIENTED_EDGE('',*,*,#6538,.T.);
#6538 = EDGE_CURVE('',#6539,#6541,#6543,.T.);
#6539 = VERTEX_POINT('',#6540);
#6540 = CARTESIAN_POINT('',(155.6,-87.75,0.));
#6541 = VERTEX_POINT('',#6542);
#6542 = CARTESIAN_POINT('',(155.6,-87.75,0.71));
#6543 = LINE('',#6544,#6545);
#6544 = CARTESIAN_POINT('',(155.6,-87.75,0.));
#6545 = VECTOR('',#6546,1.);
#6546 = DIRECTION('',(0.,0.,1.));
#6547 = ORIENTED_EDGE('',*,*,#6548,.T.);
#6548 = EDGE_CURVE('',#6541,#6549,#6551,.T.);
#6549 = VERTEX_POINT('',#6550);
#6550 = CARTESIAN_POINT('',(158.,-90.15,0.71));
#6551 = CIRCLE('',#6552,2.400000938389);
#6552 = AXIS2_PLACEMENT_3D('',#6553,#6554,#6555);
#6553 = CARTESIAN_POINT('',(155.59999906161,-90.15000093838,0.71));
#6554 = DIRECTION('',(0.,0.,-1.));
#6555 = DIRECTION('',(3.909953616065E-07,1.,0.));
#6556 = ORIENTED_EDGE('',*,*,#6557,.F.);
#6557 = EDGE_CURVE('',#6558,#6549,#6560,.T.);
#6558 = VERTEX_POINT('',#6559);
#6559 = CARTESIAN_POINT('',(158.,-90.15,0.));
#6560 = LINE('',#6561,#6562);
#6561 = CARTESIAN_POINT('',(158.,-90.15,0.));
#6562 = VECTOR('',#6563,1.);
#6563 = DIRECTION('',(0.,0.,1.));
#6564 = ORIENTED_EDGE('',*,*,#6565,.F.);
#6565 = EDGE_CURVE('',#6539,#6558,#6566,.T.);
#6566 = CIRCLE('',#6567,2.400000938389);
#6567 = AXIS2_PLACEMENT_3D('',#6568,#6569,#6570);
#6568 = CARTESIAN_POINT('',(155.59999906161,-90.15000093838,0.));
#6569 = DIRECTION('',(0.,0.,-1.));
#6570 = DIRECTION('',(3.909953616065E-07,1.,0.));
#6571 = CYLINDRICAL_SURFACE('',#6572,2.400000938389);
#6572 = AXIS2_PLACEMENT_3D('',#6573,#6574,#6575);
#6573 = CARTESIAN_POINT('',(155.59999906161,-90.15000093838,0.));
#6574 = DIRECTION('',(0.,0.,-1.));
#6575 = DIRECTION('',(3.909953616065E-07,1.,0.));
#6576 = ADVANCED_FACE('',(#6577),#6602,.T.);
#6577 = FACE_BOUND('',#6578,.T.);
#6578 = EDGE_LOOP('',(#6579,#6589,#6595,#6596));
#6579 = ORIENTED_EDGE('',*,*,#6580,.T.);
#6580 = EDGE_CURVE('',#6581,#6583,#6585,.T.);
#6581 = VERTEX_POINT('',#6582);
#6582 = CARTESIAN_POINT('',(144.4,-87.75,0.));
#6583 = VERTEX_POINT('',#6584);
#6584 = CARTESIAN_POINT('',(144.4,-87.75,0.71));
#6585 = LINE('',#6586,#6587);
#6586 = CARTESIAN_POINT('',(144.4,-87.75,0.));
#6587 = VECTOR('',#6588,1.);
#6588 = DIRECTION('',(0.,0.,1.));
#6589 = ORIENTED_EDGE('',*,*,#6590,.T.);
#6590 = EDGE_CURVE('',#6583,#6541,#6591,.T.);
#6591 = LINE('',#6592,#6593);
#6592 = CARTESIAN_POINT('',(144.4,-87.75,0.71));
#6593 = VECTOR('',#6594,1.);
#6594 = DIRECTION('',(1.,0.,0.));
#6595 = ORIENTED_EDGE('',*,*,#6538,.F.);
#6596 = ORIENTED_EDGE('',*,*,#6597,.F.);
#6597 = EDGE_CURVE('',#6581,#6539,#6598,.T.);
#6598 = LINE('',#6599,#6600);
#6599 = CARTESIAN_POINT('',(144.4,-87.75,0.));
#6600 = VECTOR('',#6601,1.);
#6601 = DIRECTION('',(1.,0.,0.));
#6602 = PLANE('',#6603);
#6603 = AXIS2_PLACEMENT_3D('',#6604,#6605,#6606);
#6604 = CARTESIAN_POINT('',(144.4,-87.75,0.));
#6605 = DIRECTION('',(0.,1.,0.));
#6606 = DIRECTION('',(1.,0.,0.));
#6607 = ADVANCED_FACE('',(#6608),#6633,.T.);
#6608 = FACE_BOUND('',#6609,.T.);
#6609 = EDGE_LOOP('',(#6610,#6611,#6619,#6627));
#6610 = ORIENTED_EDGE('',*,*,#6557,.T.);
#6611 = ORIENTED_EDGE('',*,*,#6612,.T.);
#6612 = EDGE_CURVE('',#6549,#6613,#6615,.T.);
#6613 = VERTEX_POINT('',#6614);
#6614 = CARTESIAN_POINT('',(158.,-109.85,0.71));
#6615 = LINE('',#6616,#6617);
#6616 = CARTESIAN_POINT('',(158.,-90.15,0.71));
#6617 = VECTOR('',#6618,1.);
#6618 = DIRECTION('',(0.,-1.,0.));
#6619 = ORIENTED_EDGE('',*,*,#6620,.F.);
#6620 = EDGE_CURVE('',#6621,#6613,#6623,.T.);
#6621 = VERTEX_POINT('',#6622);
#6622 = CARTESIAN_POINT('',(158.,-109.85,0.));
#6623 = LINE('',#6624,#6625);
#6624 = CARTESIAN_POINT('',(158.,-109.85,0.));
#6625 = VECTOR('',#6626,1.);
#6626 = DIRECTION('',(0.,0.,1.));
#6627 = ORIENTED_EDGE('',*,*,#6628,.F.);
#6628 = EDGE_CURVE('',#6558,#6621,#6629,.T.);
#6629 = LINE('',#6630,#6631);
#6630 = CARTESIAN_POINT('',(158.,-90.15,0.));
#6631 = VECTOR('',#6632,1.);
#6632 = DIRECTION('',(0.,-1.,0.));
#6633 = PLANE('',#6634);
#6634 = AXIS2_PLACEMENT_3D('',#6635,#6636,#6637);
#6635 = CARTESIAN_POINT('',(158.,-90.15,0.));
#6636 = DIRECTION('',(1.,0.,-0.));
#6637 = DIRECTION('',(0.,-1.,0.));
#6638 = ADVANCED_FACE('',(#6639,#6685,#6696,#6707,#6718,#6729,#6740,
    #6751,#6889,#6900,#6911),#6922,.F.);
#6639 = FACE_BOUND('',#6640,.F.);
#6640 = EDGE_LOOP('',(#6641,#6642,#6643,#6652,#6660,#6669,#6677,#6684));
#6641 = ORIENTED_EDGE('',*,*,#6565,.F.);
#6642 = ORIENTED_EDGE('',*,*,#6597,.F.);
#6643 = ORIENTED_EDGE('',*,*,#6644,.F.);
#6644 = EDGE_CURVE('',#6645,#6581,#6647,.T.);
#6645 = VERTEX_POINT('',#6646);
#6646 = CARTESIAN_POINT('',(142.,-90.15,0.));
#6647 = CIRCLE('',#6648,2.400000938389);
#6648 = AXIS2_PLACEMENT_3D('',#6649,#6650,#6651);
#6649 = CARTESIAN_POINT('',(144.40000093838,-90.15000093838,0.));
#6650 = DIRECTION('',(0.,0.,-1.));
#6651 = DIRECTION('',(-1.,3.909953616065E-07,0.));
#6652 = ORIENTED_EDGE('',*,*,#6653,.F.);
#6653 = EDGE_CURVE('',#6654,#6645,#6656,.T.);
#6654 = VERTEX_POINT('',#6655);
#6655 = CARTESIAN_POINT('',(142.,-109.85,0.));
#6656 = LINE('',#6657,#6658);
#6657 = CARTESIAN_POINT('',(142.,-109.85,0.));
#6658 = VECTOR('',#6659,1.);
#6659 = DIRECTION('',(0.,1.,0.));
#6660 = ORIENTED_EDGE('',*,*,#6661,.F.);
#6661 = EDGE_CURVE('',#6662,#6654,#6664,.T.);
#6662 = VERTEX_POINT('',#6663);
#6663 = CARTESIAN_POINT('',(144.4,-112.25,0.));
#6664 = CIRCLE('',#6665,2.400000938389);
#6665 = AXIS2_PLACEMENT_3D('',#6666,#6667,#6668);
#6666 = CARTESIAN_POINT('',(144.40000093838,-109.8499990616,0.));
#6667 = DIRECTION('',(0.,0.,-1.));
#6668 = DIRECTION('',(-3.909953616065E-07,-1.,-0.));
#6669 = ORIENTED_EDGE('',*,*,#6670,.F.);
#6670 = EDGE_CURVE('',#6671,#6662,#6673,.T.);
#6671 = VERTEX_POINT('',#6672);
#6672 = CARTESIAN_POINT('',(155.6,-112.25,0.));
#6673 = LINE('',#6674,#6675);
#6674 = CARTESIAN_POINT('',(155.6,-112.25,0.));
#6675 = VECTOR('',#6676,1.);
#6676 = DIRECTION('',(-1.,0.,0.));
#6677 = ORIENTED_EDGE('',*,*,#6678,.F.);
#6678 = EDGE_CURVE('',#6621,#6671,#6679,.T.);
#6679 = CIRCLE('',#6680,2.400000938389);
#6680 = AXIS2_PLACEMENT_3D('',#6681,#6682,#6683);
#6681 = CARTESIAN_POINT('',(155.59999906161,-109.8499990616,0.));
#6682 = DIRECTION('',(0.,0.,-1.));
#6683 = DIRECTION('',(1.,-3.909953616065E-07,0.));
#6684 = ORIENTED_EDGE('',*,*,#6628,.F.);
#6685 = FACE_BOUND('',#6686,.F.);
#6686 = EDGE_LOOP('',(#6687));
#6687 = ORIENTED_EDGE('',*,*,#6688,.T.);
#6688 = EDGE_CURVE('',#6689,#6689,#6691,.T.);
#6689 = VERTEX_POINT('',#6690);
#6690 = CARTESIAN_POINT('',(156.2,-103.15,0.));
#6691 = CIRCLE('',#6692,0.25);
#6692 = AXIS2_PLACEMENT_3D('',#6693,#6694,#6695);
#6693 = CARTESIAN_POINT('',(156.2,-102.9,0.));
#6694 = DIRECTION('',(-0.,0.,-1.));
#6695 = DIRECTION('',(-0.,-1.,0.));
#6696 = FACE_BOUND('',#6697,.F.);
#6697 = EDGE_LOOP('',(#6698));
#6698 = ORIENTED_EDGE('',*,*,#6699,.T.);
#6699 = EDGE_CURVE('',#6700,#6700,#6702,.T.);
#6700 = VERTEX_POINT('',#6701);
#6701 = CARTESIAN_POINT('',(156.6,-102.05,0.));
#6702 = CIRCLE('',#6703,9.999999999999E-02);
#6703 = AXIS2_PLACEMENT_3D('',#6704,#6705,#6706);
#6704 = CARTESIAN_POINT('',(156.6,-101.95,0.));
#6705 = DIRECTION('',(-0.,0.,-1.));
#6706 = DIRECTION('',(-0.,-1.,0.));
#6707 = FACE_BOUND('',#6708,.F.);
#6708 = EDGE_LOOP('',(#6709));
#6709 = ORIENTED_EDGE('',*,*,#6710,.T.);
#6710 = EDGE_CURVE('',#6711,#6711,#6713,.T.);
#6711 = VERTEX_POINT('',#6712);
#6712 = CARTESIAN_POINT('',(155.95,-101.40075,0.));
#6713 = CIRCLE('',#6714,0.1);
#6714 = AXIS2_PLACEMENT_3D('',#6715,#6716,#6717);
#6715 = CARTESIAN_POINT('',(155.95,-101.30075,0.));
#6716 = DIRECTION('',(-0.,0.,-1.));
#6717 = DIRECTION('',(-0.,-1.,0.));
#6718 = FACE_BOUND('',#6719,.F.);
#6719 = EDGE_LOOP('',(#6720));
#6720 = ORIENTED_EDGE('',*,*,#6721,.T.);
#6721 = EDGE_CURVE('',#6722,#6722,#6724,.T.);
#6722 = VERTEX_POINT('',#6723);
#6723 = CARTESIAN_POINT('',(156.85,-101.4,0.));
#6724 = CIRCLE('',#6725,9.999999999999E-02);
#6725 = AXIS2_PLACEMENT_3D('',#6726,#6727,#6728);
#6726 = CARTESIAN_POINT('',(156.85,-101.3,0.));
#6727 = DIRECTION('',(-0.,0.,-1.));
#6728 = DIRECTION('',(-0.,-1.,0.));
#6729 = FACE_BOUND('',#6730,.F.);
#6730 = EDGE_LOOP('',(#6731));
#6731 = ORIENTED_EDGE('',*,*,#6732,.T.);
#6732 = EDGE_CURVE('',#6733,#6733,#6735,.T.);
#6733 = VERTEX_POINT('',#6734);
#6734 = CARTESIAN_POINT('',(156.85,-100.75,0.));
#6735 = CIRCLE('',#6736,9.999999999999E-02);
#6736 = AXIS2_PLACEMENT_3D('',#6737,#6738,#6739);
#6737 = CARTESIAN_POINT('',(156.85,-100.65,0.));
#6738 = DIRECTION('',(-0.,0.,-1.));
#6739 = DIRECTION('',(-0.,-1.,0.));
#6740 = FACE_BOUND('',#6741,.F.);
#6741 = EDGE_LOOP('',(#6742));
#6742 = ORIENTED_EDGE('',*,*,#6743,.T.);
#6743 = EDGE_CURVE('',#6744,#6744,#6746,.T.);
#6744 = VERTEX_POINT('',#6745);
#6745 = CARTESIAN_POINT('',(156.85,-100.1,0.));
#6746 = CIRCLE('',#6747,9.999999999999E-02);
#6747 = AXIS2_PLACEMENT_3D('',#6748,#6749,#6750);
#6748 = CARTESIAN_POINT('',(156.85,-100.,0.));
#6749 = DIRECTION('',(-0.,0.,-1.));
#6750 = DIRECTION('',(-0.,-1.,0.));
#6751 = FACE_BOUND('',#6752,.F.);
#6752 = EDGE_LOOP('',(#6753,#6764,#6772,#6781,#6789,#6798,#6806,#6815,
    #6823,#6832,#6840,#6849,#6857,#6866,#6874,#6883));
#6753 = ORIENTED_EDGE('',*,*,#6754,.F.);
#6754 = EDGE_CURVE('',#6755,#6757,#6759,.T.);
#6755 = VERTEX_POINT('',#6756);
#6756 = CARTESIAN_POINT('',(144.4,-88.55,0.));
#6757 = VERTEX_POINT('',#6758);
#6758 = CARTESIAN_POINT('',(142.8,-90.15,0.));
#6759 = CIRCLE('',#6760,1.599999487522);
#6760 = AXIS2_PLACEMENT_3D('',#6761,#6762,#6763);
#6761 = CARTESIAN_POINT('',(144.39999948752,-90.14999948752,0.));
#6762 = DIRECTION('',(0.,0.,1.));
#6763 = DIRECTION('',(3.202991254516E-07,1.,-0.));
#6764 = ORIENTED_EDGE('',*,*,#6765,.F.);
#6765 = EDGE_CURVE('',#6766,#6755,#6768,.T.);
#6766 = VERTEX_POINT('',#6767);
#6767 = CARTESIAN_POINT('',(155.6,-88.55,0.));
#6768 = LINE('',#6769,#6770);
#6769 = CARTESIAN_POINT('',(155.6,-88.55,0.));
#6770 = VECTOR('',#6771,1.);
#6771 = DIRECTION('',(-1.,0.,0.));
#6772 = ORIENTED_EDGE('',*,*,#6773,.F.);
#6773 = EDGE_CURVE('',#6774,#6766,#6776,.T.);
#6774 = VERTEX_POINT('',#6775);
#6775 = CARTESIAN_POINT('',(157.2,-90.15,0.));
#6776 = CIRCLE('',#6777,1.599999487522);
#6777 = AXIS2_PLACEMENT_3D('',#6778,#6779,#6780);
#6778 = CARTESIAN_POINT('',(155.60000051247,-90.14999948752,0.));
#6779 = DIRECTION('',(0.,0.,1.));
#6780 = DIRECTION('',(1.,-3.202991432152E-07,0.));
#6781 = ORIENTED_EDGE('',*,*,#6782,.F.);
#6782 = EDGE_CURVE('',#6783,#6774,#6785,.T.);
#6783 = VERTEX_POINT('',#6784);
#6784 = CARTESIAN_POINT('',(157.2,-95.35,0.));
#6785 = LINE('',#6786,#6787);
#6786 = CARTESIAN_POINT('',(157.2,-95.35,0.));
#6787 = VECTOR('',#6788,1.);
#6788 = DIRECTION('',(0.,1.,0.));
#6789 = ORIENTED_EDGE('',*,*,#6790,.F.);
#6790 = EDGE_CURVE('',#6791,#6783,#6793,.T.);
#6791 = VERTEX_POINT('',#6792);
#6792 = CARTESIAN_POINT('',(156.8,-95.75,0.));
#6793 = CIRCLE('',#6794,0.399999018331);
#6794 = AXIS2_PLACEMENT_3D('',#6795,#6796,#6797);
#6795 = CARTESIAN_POINT('',(156.80000098167,-95.35000098167,0.));
#6796 = DIRECTION('',(0.,0.,1.));
#6797 = DIRECTION('',(-2.454181339286E-06,-0.999999999997,0.));
#6798 = ORIENTED_EDGE('',*,*,#6799,.F.);
#6799 = EDGE_CURVE('',#6800,#6791,#6802,.T.);
#6800 = VERTEX_POINT('',#6801);
#6801 = CARTESIAN_POINT('',(156.2,-95.75,0.));
#6802 = LINE('',#6803,#6804);
#6803 = CARTESIAN_POINT('',(156.2,-95.75,0.));
#6804 = VECTOR('',#6805,1.);
#6805 = DIRECTION('',(1.,0.,0.));
#6806 = ORIENTED_EDGE('',*,*,#6807,.F.);
#6807 = EDGE_CURVE('',#6808,#6800,#6810,.T.);
#6808 = VERTEX_POINT('',#6809);
#6809 = CARTESIAN_POINT('',(155.,-96.948528,0.));
#6810 = CIRCLE('',#6811,1.197491774281);
#6811 = AXIS2_PLACEMENT_3D('',#6812,#6813,#6814);
#6812 = CARTESIAN_POINT('',(156.19749132366,-96.94748914651,0.));
#6813 = DIRECTION('',(0.,0.,-1.));
#6814 = DIRECTION('',(-0.999999623701,-8.675245296829E-04,-0.));
#6815 = ORIENTED_EDGE('',*,*,#6816,.F.);
#6816 = EDGE_CURVE('',#6817,#6808,#6819,.T.);
#6817 = VERTEX_POINT('',#6818);
#6818 = CARTESIAN_POINT('',(155.,-102.9,0.));
#6819 = LINE('',#6820,#6821);
#6820 = CARTESIAN_POINT('',(155.,-102.9,0.));
#6821 = VECTOR('',#6822,1.);
#6822 = DIRECTION('',(0.,1.,0.));
#6823 = ORIENTED_EDGE('',*,*,#6824,.F.);
#6824 = EDGE_CURVE('',#6825,#6817,#6827,.T.);
#6825 = VERTEX_POINT('',#6826);
#6826 = CARTESIAN_POINT('',(156.2,-104.1,0.));
#6827 = CIRCLE('',#6828,1.200000469195);
#6828 = AXIS2_PLACEMENT_3D('',#6829,#6830,#6831);
#6829 = CARTESIAN_POINT('',(156.20000046919,-102.8999995308,0.));
#6830 = DIRECTION('',(0.,0.,-1.));
#6831 = DIRECTION('',(-3.909953852912E-07,-1.,-0.));
#6832 = ORIENTED_EDGE('',*,*,#6833,.F.);
#6833 = EDGE_CURVE('',#6834,#6825,#6836,.T.);
#6834 = VERTEX_POINT('',#6835);
#6835 = CARTESIAN_POINT('',(156.8,-104.098528,0.));
#6836 = LINE('',#6837,#6838);
#6837 = CARTESIAN_POINT('',(156.8,-104.098528,0.));
#6838 = VECTOR('',#6839,1.);
#6839 = DIRECTION('',(-0.999996990591,-2.453325950238E-03,0.));
#6840 = ORIENTED_EDGE('',*,*,#6841,.F.);
#6841 = EDGE_CURVE('',#6842,#6834,#6844,.T.);
#6842 = VERTEX_POINT('',#6843);
#6843 = CARTESIAN_POINT('',(157.2,-104.498528,0.));
#6844 = CIRCLE('',#6845,0.399999018331);
#6845 = AXIS2_PLACEMENT_3D('',#6846,#6847,#6848);
#6846 = CARTESIAN_POINT('',(156.80000098167,-104.4985270183,0.));
#6847 = DIRECTION('',(0.,0.,1.));
#6848 = DIRECTION('',(0.999999999997,-2.454181445868E-06,0.));
#6849 = ORIENTED_EDGE('',*,*,#6850,.F.);
#6850 = EDGE_CURVE('',#6851,#6842,#6853,.T.);
#6851 = VERTEX_POINT('',#6852);
#6852 = CARTESIAN_POINT('',(157.2,-109.85,0.));
#6853 = LINE('',#6854,#6855);
#6854 = CARTESIAN_POINT('',(157.2,-109.85,0.));
#6855 = VECTOR('',#6856,1.);
#6856 = DIRECTION('',(0.,1.,0.));
#6857 = ORIENTED_EDGE('',*,*,#6858,.F.);
#6858 = EDGE_CURVE('',#6859,#6851,#6861,.T.);
#6859 = VERTEX_POINT('',#6860);
#6860 = CARTESIAN_POINT('',(155.6,-111.45,0.));
#6861 = CIRCLE('',#6862,1.599999487522);
#6862 = AXIS2_PLACEMENT_3D('',#6863,#6864,#6865);
#6863 = CARTESIAN_POINT('',(155.60000051247,-109.8500005124,0.));
#6864 = DIRECTION('',(0.,0.,1.));
#6865 = DIRECTION('',(-3.202991254516E-07,-1.,0.));
#6866 = ORIENTED_EDGE('',*,*,#6867,.F.);
#6867 = EDGE_CURVE('',#6868,#6859,#6870,.T.);
#6868 = VERTEX_POINT('',#6869);
#6869 = CARTESIAN_POINT('',(144.4,-111.45,0.));
#6870 = LINE('',#6871,#6872);
#6871 = CARTESIAN_POINT('',(144.4,-111.45,0.));
#6872 = VECTOR('',#6873,1.);
#6873 = DIRECTION('',(1.,0.,0.));
#6874 = ORIENTED_EDGE('',*,*,#6875,.F.);
#6875 = EDGE_CURVE('',#6876,#6868,#6878,.T.);
#6876 = VERTEX_POINT('',#6877);
#6877 = CARTESIAN_POINT('',(142.8,-109.85,0.));
#6878 = CIRCLE('',#6879,1.599999487522);
#6879 = AXIS2_PLACEMENT_3D('',#6880,#6881,#6882);
#6880 = CARTESIAN_POINT('',(144.39999948752,-109.8500005124,0.));
#6881 = DIRECTION('',(0.,0.,1.));
#6882 = DIRECTION('',(-1.,3.202991432152E-07,0.));
#6883 = ORIENTED_EDGE('',*,*,#6884,.F.);
#6884 = EDGE_CURVE('',#6757,#6876,#6885,.T.);
#6885 = LINE('',#6886,#6887);
#6886 = CARTESIAN_POINT('',(142.8,-90.15,0.));
#6887 = VECTOR('',#6888,1.);
#6888 = DIRECTION('',(0.,-1.,0.));
#6889 = FACE_BOUND('',#6890,.F.);
#6890 = EDGE_LOOP('',(#6891));
#6891 = ORIENTED_EDGE('',*,*,#6892,.T.);
#6892 = EDGE_CURVE('',#6893,#6893,#6895,.T.);
#6893 = VERTEX_POINT('',#6894);
#6894 = CARTESIAN_POINT('',(156.85,-99.45,0.));
#6895 = CIRCLE('',#6896,9.999999999999E-02);
#6896 = AXIS2_PLACEMENT_3D('',#6897,#6898,#6899);
#6897 = CARTESIAN_POINT('',(156.85,-99.35,0.));
#6898 = DIRECTION('',(-0.,0.,-1.));
#6899 = DIRECTION('',(-0.,-1.,0.));
#6900 = FACE_BOUND('',#6901,.F.);
#6901 = EDGE_LOOP('',(#6902));
#6902 = ORIENTED_EDGE('',*,*,#6903,.T.);
#6903 = EDGE_CURVE('',#6904,#6904,#6906,.T.);
#6904 = VERTEX_POINT('',#6905);
#6905 = CARTESIAN_POINT('',(156.85,-98.8,0.));
#6906 = CIRCLE('',#6907,9.999999999999E-02);
#6907 = AXIS2_PLACEMENT_3D('',#6908,#6909,#6910);
#6908 = CARTESIAN_POINT('',(156.85,-98.7,0.));
#6909 = DIRECTION('',(-0.,0.,-1.));
#6910 = DIRECTION('',(-0.,-1.,0.));
#6911 = FACE_BOUND('',#6912,.F.);
#6912 = EDGE_LOOP('',(#6913));
#6913 = ORIENTED_EDGE('',*,*,#6914,.T.);
#6914 = EDGE_CURVE('',#6915,#6915,#6917,.T.);
#6915 = VERTEX_POINT('',#6916);
#6916 = CARTESIAN_POINT('',(156.25,-97.25,0.));
#6917 = CIRCLE('',#6918,0.25);
#6918 = AXIS2_PLACEMENT_3D('',#6919,#6920,#6921);
#6919 = CARTESIAN_POINT('',(156.25,-97.,0.));
#6920 = DIRECTION('',(-0.,0.,-1.));
#6921 = DIRECTION('',(-0.,-1.,0.));
#6922 = PLANE('',#6923);
#6923 = AXIS2_PLACEMENT_3D('',#6924,#6925,#6926);
#6924 = CARTESIAN_POINT('',(0.,0.,0.));
#6925 = DIRECTION('',(0.,0.,1.));
#6926 = DIRECTION('',(1.,0.,-0.));
#6927 = ADVANCED_FACE('',(#6928,#6974,#6985,#6996,#7007,#7018,#7029,
    #7040,#7178,#7189,#7200),#7211,.T.);
#6928 = FACE_BOUND('',#6929,.T.);
#6929 = EDGE_LOOP('',(#6930,#6931,#6932,#6941,#6949,#6958,#6966,#6973));
#6930 = ORIENTED_EDGE('',*,*,#6548,.F.);
#6931 = ORIENTED_EDGE('',*,*,#6590,.F.);
#6932 = ORIENTED_EDGE('',*,*,#6933,.F.);
#6933 = EDGE_CURVE('',#6934,#6583,#6936,.T.);
#6934 = VERTEX_POINT('',#6935);
#6935 = CARTESIAN_POINT('',(142.,-90.15,0.71));
#6936 = CIRCLE('',#6937,2.400000938389);
#6937 = AXIS2_PLACEMENT_3D('',#6938,#6939,#6940);
#6938 = CARTESIAN_POINT('',(144.40000093838,-90.15000093838,0.71));
#6939 = DIRECTION('',(0.,0.,-1.));
#6940 = DIRECTION('',(-1.,3.909953616065E-07,0.));
#6941 = ORIENTED_EDGE('',*,*,#6942,.F.);
#6942 = EDGE_CURVE('',#6943,#6934,#6945,.T.);
#6943 = VERTEX_POINT('',#6944);
#6944 = CARTESIAN_POINT('',(142.,-109.85,0.71));
#6945 = LINE('',#6946,#6947);
#6946 = CARTESIAN_POINT('',(142.,-109.85,0.71));
#6947 = VECTOR('',#6948,1.);
#6948 = DIRECTION('',(0.,1.,0.));
#6949 = ORIENTED_EDGE('',*,*,#6950,.F.);
#6950 = EDGE_CURVE('',#6951,#6943,#6953,.T.);
#6951 = VERTEX_POINT('',#6952);
#6952 = CARTESIAN_POINT('',(144.4,-112.25,0.71));
#6953 = CIRCLE('',#6954,2.400000938389);
#6954 = AXIS2_PLACEMENT_3D('',#6955,#6956,#6957);
#6955 = CARTESIAN_POINT('',(144.40000093838,-109.8499990616,0.71));
#6956 = DIRECTION('',(0.,0.,-1.));
#6957 = DIRECTION('',(-3.909953616065E-07,-1.,-0.));
#6958 = ORIENTED_EDGE('',*,*,#6959,.F.);
#6959 = EDGE_CURVE('',#6960,#6951,#6962,.T.);
#6960 = VERTEX_POINT('',#6961);
#6961 = CARTESIAN_POINT('',(155.6,-112.25,0.71));
#6962 = LINE('',#6963,#6964);
#6963 = CARTESIAN_POINT('',(155.6,-112.25,0.71));
#6964 = VECTOR('',#6965,1.);
#6965 = DIRECTION('',(-1.,0.,0.));
#6966 = ORIENTED_EDGE('',*,*,#6967,.F.);
#6967 = EDGE_CURVE('',#6613,#6960,#6968,.T.);
#6968 = CIRCLE('',#6969,2.400000938389);
#6969 = AXIS2_PLACEMENT_3D('',#6970,#6971,#6972);
#6970 = CARTESIAN_POINT('',(155.59999906161,-109.8499990616,0.71));
#6971 = DIRECTION('',(0.,0.,-1.));
#6972 = DIRECTION('',(1.,-3.909953616065E-07,0.));
#6973 = ORIENTED_EDGE('',*,*,#6612,.F.);
#6974 = FACE_BOUND('',#6975,.T.);
#6975 = EDGE_LOOP('',(#6976));
#6976 = ORIENTED_EDGE('',*,*,#6977,.T.);
#6977 = EDGE_CURVE('',#6978,#6978,#6980,.T.);
#6978 = VERTEX_POINT('',#6979);
#6979 = CARTESIAN_POINT('',(156.2,-103.15,0.71));
#6980 = CIRCLE('',#6981,0.25);
#6981 = AXIS2_PLACEMENT_3D('',#6982,#6983,#6984);
#6982 = CARTESIAN_POINT('',(156.2,-102.9,0.71));
#6983 = DIRECTION('',(-0.,0.,-1.));
#6984 = DIRECTION('',(-0.,-1.,0.));
#6985 = FACE_BOUND('',#6986,.T.);
#6986 = EDGE_LOOP('',(#6987));
#6987 = ORIENTED_EDGE('',*,*,#6988,.T.);
#6988 = EDGE_CURVE('',#6989,#6989,#6991,.T.);
#6989 = VERTEX_POINT('',#6990);
#6990 = CARTESIAN_POINT('',(156.6,-102.05,0.71));
#6991 = CIRCLE('',#6992,9.999999999999E-02);
#6992 = AXIS2_PLACEMENT_3D('',#6993,#6994,#6995);
#6993 = CARTESIAN_POINT('',(156.6,-101.95,0.71));
#6994 = DIRECTION('',(-0.,0.,-1.));
#6995 = DIRECTION('',(-0.,-1.,0.));
#6996 = FACE_BOUND('',#6997,.T.);
#6997 = EDGE_LOOP('',(#6998));
#6998 = ORIENTED_EDGE('',*,*,#6999,.T.);
#6999 = EDGE_CURVE('',#7000,#7000,#7002,.T.);
#7000 = VERTEX_POINT('',#7001);
#7001 = CARTESIAN_POINT('',(155.95,-101.40075,0.71));
#7002 = CIRCLE('',#7003,0.1);
#7003 = AXIS2_PLACEMENT_3D('',#7004,#7005,#7006);
#7004 = CARTESIAN_POINT('',(155.95,-101.30075,0.71));
#7005 = DIRECTION('',(-0.,0.,-1.));
#7006 = DIRECTION('',(-0.,-1.,0.));
#7007 = FACE_BOUND('',#7008,.T.);
#7008 = EDGE_LOOP('',(#7009));
#7009 = ORIENTED_EDGE('',*,*,#7010,.T.);
#7010 = EDGE_CURVE('',#7011,#7011,#7013,.T.);
#7011 = VERTEX_POINT('',#7012);
#7012 = CARTESIAN_POINT('',(156.85,-101.4,0.71));
#7013 = CIRCLE('',#7014,9.999999999999E-02);
#7014 = AXIS2_PLACEMENT_3D('',#7015,#7016,#7017);
#7015 = CARTESIAN_POINT('',(156.85,-101.3,0.71));
#7016 = DIRECTION('',(-0.,0.,-1.));
#7017 = DIRECTION('',(-0.,-1.,0.));
#7018 = FACE_BOUND('',#7019,.T.);
#7019 = EDGE_LOOP('',(#7020));
#7020 = ORIENTED_EDGE('',*,*,#7021,.T.);
#7021 = EDGE_CURVE('',#7022,#7022,#7024,.T.);
#7022 = VERTEX_POINT('',#7023);
#7023 = CARTESIAN_POINT('',(156.85,-100.75,0.71));
#7024 = CIRCLE('',#7025,9.999999999999E-02);
#7025 = AXIS2_PLACEMENT_3D('',#7026,#7027,#7028);
#7026 = CARTESIAN_POINT('',(156.85,-100.65,0.71));
#7027 = DIRECTION('',(-0.,0.,-1.));
#7028 = DIRECTION('',(-0.,-1.,0.));
#7029 = FACE_BOUND('',#7030,.T.);
#7030 = EDGE_LOOP('',(#7031));
#7031 = ORIENTED_EDGE('',*,*,#7032,.T.);
#7032 = EDGE_CURVE('',#7033,#7033,#7035,.T.);
#7033 = VERTEX_POINT('',#7034);
#7034 = CARTESIAN_POINT('',(156.85,-100.1,0.71));
#7035 = CIRCLE('',#7036,9.999999999999E-02);
#7036 = AXIS2_PLACEMENT_3D('',#7037,#7038,#7039);
#7037 = CARTESIAN_POINT('',(156.85,-100.,0.71));
#7038 = DIRECTION('',(-0.,0.,-1.));
#7039 = DIRECTION('',(-0.,-1.,0.));
#7040 = FACE_BOUND('',#7041,.T.);
#7041 = EDGE_LOOP('',(#7042,#7053,#7061,#7070,#7078,#7087,#7095,#7104,
    #7112,#7121,#7129,#7138,#7146,#7155,#7163,#7172));
#7042 = ORIENTED_EDGE('',*,*,#7043,.F.);
#7043 = EDGE_CURVE('',#7044,#7046,#7048,.T.);
#7044 = VERTEX_POINT('',#7045);
#7045 = CARTESIAN_POINT('',(144.4,-88.55,0.71));
#7046 = VERTEX_POINT('',#7047);
#7047 = CARTESIAN_POINT('',(142.8,-90.15,0.71));
#7048 = CIRCLE('',#7049,1.599999487522);
#7049 = AXIS2_PLACEMENT_3D('',#7050,#7051,#7052);
#7050 = CARTESIAN_POINT('',(144.39999948752,-90.14999948752,0.71));
#7051 = DIRECTION('',(0.,0.,1.));
#7052 = DIRECTION('',(3.202991254516E-07,1.,-0.));
#7053 = ORIENTED_EDGE('',*,*,#7054,.F.);
#7054 = EDGE_CURVE('',#7055,#7044,#7057,.T.);
#7055 = VERTEX_POINT('',#7056);
#7056 = CARTESIAN_POINT('',(155.6,-88.55,0.71));
#7057 = LINE('',#7058,#7059);
#7058 = CARTESIAN_POINT('',(155.6,-88.55,0.71));
#7059 = VECTOR('',#7060,1.);
#7060 = DIRECTION('',(-1.,0.,0.));
#7061 = ORIENTED_EDGE('',*,*,#7062,.F.);
#7062 = EDGE_CURVE('',#7063,#7055,#7065,.T.);
#7063 = VERTEX_POINT('',#7064);
#7064 = CARTESIAN_POINT('',(157.2,-90.15,0.71));
#7065 = CIRCLE('',#7066,1.599999487522);
#7066 = AXIS2_PLACEMENT_3D('',#7067,#7068,#7069);
#7067 = CARTESIAN_POINT('',(155.60000051247,-90.14999948752,0.71));
#7068 = DIRECTION('',(0.,0.,1.));
#7069 = DIRECTION('',(1.,-3.202991432152E-07,0.));
#7070 = ORIENTED_EDGE('',*,*,#7071,.F.);
#7071 = EDGE_CURVE('',#7072,#7063,#7074,.T.);
#7072 = VERTEX_POINT('',#7073);
#7073 = CARTESIAN_POINT('',(157.2,-95.35,0.71));
#7074 = LINE('',#7075,#7076);
#7075 = CARTESIAN_POINT('',(157.2,-95.35,0.71));
#7076 = VECTOR('',#7077,1.);
#7077 = DIRECTION('',(0.,1.,0.));
#7078 = ORIENTED_EDGE('',*,*,#7079,.F.);
#7079 = EDGE_CURVE('',#7080,#7072,#7082,.T.);
#7080 = VERTEX_POINT('',#7081);
#7081 = CARTESIAN_POINT('',(156.8,-95.75,0.71));
#7082 = CIRCLE('',#7083,0.399999018331);
#7083 = AXIS2_PLACEMENT_3D('',#7084,#7085,#7086);
#7084 = CARTESIAN_POINT('',(156.80000098167,-95.35000098167,0.71));
#7085 = DIRECTION('',(0.,0.,1.));
#7086 = DIRECTION('',(-2.454181339286E-06,-0.999999999997,0.));
#7087 = ORIENTED_EDGE('',*,*,#7088,.F.);
#7088 = EDGE_CURVE('',#7089,#7080,#7091,.T.);
#7089 = VERTEX_POINT('',#7090);
#7090 = CARTESIAN_POINT('',(156.2,-95.75,0.71));
#7091 = LINE('',#7092,#7093);
#7092 = CARTESIAN_POINT('',(156.2,-95.75,0.71));
#7093 = VECTOR('',#7094,1.);
#7094 = DIRECTION('',(1.,0.,0.));
#7095 = ORIENTED_EDGE('',*,*,#7096,.F.);
#7096 = EDGE_CURVE('',#7097,#7089,#7099,.T.);
#7097 = VERTEX_POINT('',#7098);
#7098 = CARTESIAN_POINT('',(155.,-96.948528,0.71));
#7099 = CIRCLE('',#7100,1.197491774281);
#7100 = AXIS2_PLACEMENT_3D('',#7101,#7102,#7103);
#7101 = CARTESIAN_POINT('',(156.19749132366,-96.94748914651,0.71));
#7102 = DIRECTION('',(0.,0.,-1.));
#7103 = DIRECTION('',(-0.999999623701,-8.675245296829E-04,-0.));
#7104 = ORIENTED_EDGE('',*,*,#7105,.F.);
#7105 = EDGE_CURVE('',#7106,#7097,#7108,.T.);
#7106 = VERTEX_POINT('',#7107);
#7107 = CARTESIAN_POINT('',(155.,-102.9,0.71));
#7108 = LINE('',#7109,#7110);
#7109 = CARTESIAN_POINT('',(155.,-102.9,0.71));
#7110 = VECTOR('',#7111,1.);
#7111 = DIRECTION('',(0.,1.,0.));
#7112 = ORIENTED_EDGE('',*,*,#7113,.F.);
#7113 = EDGE_CURVE('',#7114,#7106,#7116,.T.);
#7114 = VERTEX_POINT('',#7115);
#7115 = CARTESIAN_POINT('',(156.2,-104.1,0.71));
#7116 = CIRCLE('',#7117,1.200000469195);
#7117 = AXIS2_PLACEMENT_3D('',#7118,#7119,#7120);
#7118 = CARTESIAN_POINT('',(156.20000046919,-102.8999995308,0.71));
#7119 = DIRECTION('',(0.,0.,-1.));
#7120 = DIRECTION('',(-3.909953852912E-07,-1.,-0.));
#7121 = ORIENTED_EDGE('',*,*,#7122,.F.);
#7122 = EDGE_CURVE('',#7123,#7114,#7125,.T.);
#7123 = VERTEX_POINT('',#7124);
#7124 = CARTESIAN_POINT('',(156.8,-104.098528,0.71));
#7125 = LINE('',#7126,#7127);
#7126 = CARTESIAN_POINT('',(156.8,-104.098528,0.71));
#7127 = VECTOR('',#7128,1.);
#7128 = DIRECTION('',(-0.999996990591,-2.453325950238E-03,0.));
#7129 = ORIENTED_EDGE('',*,*,#7130,.F.);
#7130 = EDGE_CURVE('',#7131,#7123,#7133,.T.);
#7131 = VERTEX_POINT('',#7132);
#7132 = CARTESIAN_POINT('',(157.2,-104.498528,0.71));
#7133 = CIRCLE('',#7134,0.399999018331);
#7134 = AXIS2_PLACEMENT_3D('',#7135,#7136,#7137);
#7135 = CARTESIAN_POINT('',(156.80000098167,-104.4985270183,0.71));
#7136 = DIRECTION('',(0.,0.,1.));
#7137 = DIRECTION('',(0.999999999997,-2.454181445868E-06,0.));
#7138 = ORIENTED_EDGE('',*,*,#7139,.F.);
#7139 = EDGE_CURVE('',#7140,#7131,#7142,.T.);
#7140 = VERTEX_POINT('',#7141);
#7141 = CARTESIAN_POINT('',(157.2,-109.85,0.71));
#7142 = LINE('',#7143,#7144);
#7143 = CARTESIAN_POINT('',(157.2,-109.85,0.71));
#7144 = VECTOR('',#7145,1.);
#7145 = DIRECTION('',(0.,1.,0.));
#7146 = ORIENTED_EDGE('',*,*,#7147,.F.);
#7147 = EDGE_CURVE('',#7148,#7140,#7150,.T.);
#7148 = VERTEX_POINT('',#7149);
#7149 = CARTESIAN_POINT('',(155.6,-111.45,0.71));
#7150 = CIRCLE('',#7151,1.599999487522);
#7151 = AXIS2_PLACEMENT_3D('',#7152,#7153,#7154);
#7152 = CARTESIAN_POINT('',(155.60000051247,-109.8500005124,0.71));
#7153 = DIRECTION('',(0.,0.,1.));
#7154 = DIRECTION('',(-3.202991254516E-07,-1.,0.));
#7155 = ORIENTED_EDGE('',*,*,#7156,.F.);
#7156 = EDGE_CURVE('',#7157,#7148,#7159,.T.);
#7157 = VERTEX_POINT('',#7158);
#7158 = CARTESIAN_POINT('',(144.4,-111.45,0.71));
#7159 = LINE('',#7160,#7161);
#7160 = CARTESIAN_POINT('',(144.4,-111.45,0.71));
#7161 = VECTOR('',#7162,1.);
#7162 = DIRECTION('',(1.,0.,0.));
#7163 = ORIENTED_EDGE('',*,*,#7164,.F.);
#7164 = EDGE_CURVE('',#7165,#7157,#7167,.T.);
#7165 = VERTEX_POINT('',#7166);
#7166 = CARTESIAN_POINT('',(142.8,-109.85,0.71));
#7167 = CIRCLE('',#7168,1.599999487522);
#7168 = AXIS2_PLACEMENT_3D('',#7169,#7170,#7171);
#7169 = CARTESIAN_POINT('',(144.39999948752,-109.8500005124,0.71));
#7170 = DIRECTION('',(0.,0.,1.));
#7171 = DIRECTION('',(-1.,3.202991432152E-07,0.));
#7172 = ORIENTED_EDGE('',*,*,#7173,.F.);
#7173 = EDGE_CURVE('',#7046,#7165,#7174,.T.);
#7174 = LINE('',#7175,#7176);
#7175 = CARTESIAN_POINT('',(142.8,-90.15,0.71));
#7176 = VECTOR('',#7177,1.);
#7177 = DIRECTION('',(0.,-1.,0.));
#7178 = FACE_BOUND('',#7179,.T.);
#7179 = EDGE_LOOP('',(#7180));
#7180 = ORIENTED_EDGE('',*,*,#7181,.T.);
#7181 = EDGE_CURVE('',#7182,#7182,#7184,.T.);
#7182 = VERTEX_POINT('',#7183);
#7183 = CARTESIAN_POINT('',(156.85,-99.45,0.71));
#7184 = CIRCLE('',#7185,9.999999999999E-02);
#7185 = AXIS2_PLACEMENT_3D('',#7186,#7187,#7188);
#7186 = CARTESIAN_POINT('',(156.85,-99.35,0.71));
#7187 = DIRECTION('',(-0.,0.,-1.));
#7188 = DIRECTION('',(-0.,-1.,0.));
#7189 = FACE_BOUND('',#7190,.T.);
#7190 = EDGE_LOOP('',(#7191));
#7191 = ORIENTED_EDGE('',*,*,#7192,.T.);
#7192 = EDGE_CURVE('',#7193,#7193,#7195,.T.);
#7193 = VERTEX_POINT('',#7194);
#7194 = CARTESIAN_POINT('',(156.85,-98.8,0.71));
#7195 = CIRCLE('',#7196,9.999999999999E-02);
#7196 = AXIS2_PLACEMENT_3D('',#7197,#7198,#7199);
#7197 = CARTESIAN_POINT('',(156.85,-98.7,0.71));
#7198 = DIRECTION('',(-0.,0.,-1.));
#7199 = DIRECTION('',(-0.,-1.,0.));
#7200 = FACE_BOUND('',#7201,.T.);
#7201 = EDGE_LOOP('',(#7202));
#7202 = ORIENTED_EDGE('',*,*,#7203,.T.);
#7203 = EDGE_CURVE('',#7204,#7204,#7206,.T.);
#7204 = VERTEX_POINT('',#7205);
#7205 = CARTESIAN_POINT('',(156.25,-97.25,0.71));
#7206 = CIRCLE('',#7207,0.25);
#7207 = AXIS2_PLACEMENT_3D('',#7208,#7209,#7210);
#7208 = CARTESIAN_POINT('',(156.25,-97.,0.71));
#7209 = DIRECTION('',(-0.,0.,-1.));
#7210 = DIRECTION('',(-0.,-1.,0.));
#7211 = PLANE('',#7212);
#7212 = AXIS2_PLACEMENT_3D('',#7213,#7214,#7215);
#7213 = CARTESIAN_POINT('',(0.,0.,0.71));
#7214 = DIRECTION('',(0.,0.,1.));
#7215 = DIRECTION('',(1.,0.,-0.));
#7216 = ADVANCED_FACE('',(#7217),#7228,.T.);
#7217 = FACE_BOUND('',#7218,.T.);
#7218 = EDGE_LOOP('',(#7219,#7225,#7226,#7227));
#7219 = ORIENTED_EDGE('',*,*,#7220,.T.);
#7220 = EDGE_CURVE('',#6645,#6934,#7221,.T.);
#7221 = LINE('',#7222,#7223);
#7222 = CARTESIAN_POINT('',(142.,-90.15,0.));
#7223 = VECTOR('',#7224,1.);
#7224 = DIRECTION('',(0.,0.,1.));
#7225 = ORIENTED_EDGE('',*,*,#6933,.T.);
#7226 = ORIENTED_EDGE('',*,*,#6580,.F.);
#7227 = ORIENTED_EDGE('',*,*,#6644,.F.);
#7228 = CYLINDRICAL_SURFACE('',#7229,2.400000938389);
#7229 = AXIS2_PLACEMENT_3D('',#7230,#7231,#7232);
#7230 = CARTESIAN_POINT('',(144.40000093838,-90.15000093838,0.));
#7231 = DIRECTION('',(0.,0.,-1.));
#7232 = DIRECTION('',(-1.,3.909953616065E-07,0.));
#7233 = ADVANCED_FACE('',(#7234),#7245,.T.);
#7234 = FACE_BOUND('',#7235,.T.);
#7235 = EDGE_LOOP('',(#7236,#7237,#7238,#7244));
#7236 = ORIENTED_EDGE('',*,*,#6620,.T.);
#7237 = ORIENTED_EDGE('',*,*,#6967,.T.);
#7238 = ORIENTED_EDGE('',*,*,#7239,.F.);
#7239 = EDGE_CURVE('',#6671,#6960,#7240,.T.);
#7240 = LINE('',#7241,#7242);
#7241 = CARTESIAN_POINT('',(155.6,-112.25,0.));
#7242 = VECTOR('',#7243,1.);
#7243 = DIRECTION('',(0.,0.,1.));
#7244 = ORIENTED_EDGE('',*,*,#6678,.F.);
#7245 = CYLINDRICAL_SURFACE('',#7246,2.400000938389);
#7246 = AXIS2_PLACEMENT_3D('',#7247,#7248,#7249);
#7247 = CARTESIAN_POINT('',(155.59999906161,-109.8499990616,0.));
#7248 = DIRECTION('',(0.,0.,-1.));
#7249 = DIRECTION('',(1.,-3.909953616065E-07,0.));
#7250 = ADVANCED_FACE('',(#7251),#7262,.T.);
#7251 = FACE_BOUND('',#7252,.T.);
#7252 = EDGE_LOOP('',(#7253,#7259,#7260,#7261));
#7253 = ORIENTED_EDGE('',*,*,#7254,.T.);
#7254 = EDGE_CURVE('',#6654,#6943,#7255,.T.);
#7255 = LINE('',#7256,#7257);
#7256 = CARTESIAN_POINT('',(142.,-109.85,0.));
#7257 = VECTOR('',#7258,1.);
#7258 = DIRECTION('',(0.,0.,1.));
#7259 = ORIENTED_EDGE('',*,*,#6942,.T.);
#7260 = ORIENTED_EDGE('',*,*,#7220,.F.);
#7261 = ORIENTED_EDGE('',*,*,#6653,.F.);
#7262 = PLANE('',#7263);
#7263 = AXIS2_PLACEMENT_3D('',#7264,#7265,#7266);
#7264 = CARTESIAN_POINT('',(142.,-109.85,0.));
#7265 = DIRECTION('',(-1.,0.,0.));
#7266 = DIRECTION('',(0.,1.,0.));
#7267 = ADVANCED_FACE('',(#7268),#7279,.T.);
#7268 = FACE_BOUND('',#7269,.T.);
#7269 = EDGE_LOOP('',(#7270,#7271,#7272,#7278));
#7270 = ORIENTED_EDGE('',*,*,#7239,.T.);
#7271 = ORIENTED_EDGE('',*,*,#6959,.T.);
#7272 = ORIENTED_EDGE('',*,*,#7273,.F.);
#7273 = EDGE_CURVE('',#6662,#6951,#7274,.T.);
#7274 = LINE('',#7275,#7276);
#7275 = CARTESIAN_POINT('',(144.4,-112.25,0.));
#7276 = VECTOR('',#7277,1.);
#7277 = DIRECTION('',(0.,0.,1.));
#7278 = ORIENTED_EDGE('',*,*,#6670,.F.);
#7279 = PLANE('',#7280);
#7280 = AXIS2_PLACEMENT_3D('',#7281,#7282,#7283);
#7281 = CARTESIAN_POINT('',(155.6,-112.25,0.));
#7282 = DIRECTION('',(0.,-1.,0.));
#7283 = DIRECTION('',(-1.,0.,0.));
#7284 = ADVANCED_FACE('',(#7285),#7291,.T.);
#7285 = FACE_BOUND('',#7286,.T.);
#7286 = EDGE_LOOP('',(#7287,#7288,#7289,#7290));
#7287 = ORIENTED_EDGE('',*,*,#7273,.T.);
#7288 = ORIENTED_EDGE('',*,*,#6950,.T.);
#7289 = ORIENTED_EDGE('',*,*,#7254,.F.);
#7290 = ORIENTED_EDGE('',*,*,#6661,.F.);
#7291 = CYLINDRICAL_SURFACE('',#7292,2.400000938389);
#7292 = AXIS2_PLACEMENT_3D('',#7293,#7294,#7295);
#7293 = CARTESIAN_POINT('',(144.40000093838,-109.8499990616,0.));
#7294 = DIRECTION('',(0.,0.,-1.));
#7295 = DIRECTION('',(-3.909953616065E-07,-1.,-0.));
#7296 = ADVANCED_FACE('',(#7297),#7308,.F.);
#7297 = FACE_BOUND('',#7298,.T.);
#7298 = EDGE_LOOP('',(#7299,#7300,#7306,#7307));
#7299 = ORIENTED_EDGE('',*,*,#6688,.T.);
#7300 = ORIENTED_EDGE('',*,*,#7301,.T.);
#7301 = EDGE_CURVE('',#6689,#6978,#7302,.T.);
#7302 = LINE('',#7303,#7304);
#7303 = CARTESIAN_POINT('',(156.2,-103.15,-4.6E-02));
#7304 = VECTOR('',#7305,1.);
#7305 = DIRECTION('',(0.,0.,1.));
#7306 = ORIENTED_EDGE('',*,*,#6977,.F.);
#7307 = ORIENTED_EDGE('',*,*,#7301,.F.);
#7308 = CYLINDRICAL_SURFACE('',#7309,0.25);
#7309 = AXIS2_PLACEMENT_3D('',#7310,#7311,#7312);
#7310 = CARTESIAN_POINT('',(156.2,-102.9,-4.6E-02));
#7311 = DIRECTION('',(-0.,-0.,-1.));
#7312 = DIRECTION('',(-0.,-1.,0.));
#7313 = ADVANCED_FACE('',(#7314),#7325,.F.);
#7314 = FACE_BOUND('',#7315,.T.);
#7315 = EDGE_LOOP('',(#7316,#7317,#7323,#7324));
#7316 = ORIENTED_EDGE('',*,*,#6699,.T.);
#7317 = ORIENTED_EDGE('',*,*,#7318,.T.);
#7318 = EDGE_CURVE('',#6700,#6989,#7319,.T.);
#7319 = LINE('',#7320,#7321);
#7320 = CARTESIAN_POINT('',(156.6,-102.05,-3.6E-02));
#7321 = VECTOR('',#7322,1.);
#7322 = DIRECTION('',(0.,0.,1.));
#7323 = ORIENTED_EDGE('',*,*,#6988,.F.);
#7324 = ORIENTED_EDGE('',*,*,#7318,.F.);
#7325 = CYLINDRICAL_SURFACE('',#7326,9.999999999999E-02);
#7326 = AXIS2_PLACEMENT_3D('',#7327,#7328,#7329);
#7327 = CARTESIAN_POINT('',(156.6,-101.95,-3.6E-02));
#7328 = DIRECTION('',(-0.,-0.,-1.));
#7329 = DIRECTION('',(-0.,-1.,0.));
#7330 = ADVANCED_FACE('',(#7331),#7342,.F.);
#7331 = FACE_BOUND('',#7332,.T.);
#7332 = EDGE_LOOP('',(#7333,#7334,#7340,#7341));
#7333 = ORIENTED_EDGE('',*,*,#6710,.T.);
#7334 = ORIENTED_EDGE('',*,*,#7335,.T.);
#7335 = EDGE_CURVE('',#6711,#7000,#7336,.T.);
#7336 = LINE('',#7337,#7338);
#7337 = CARTESIAN_POINT('',(155.95,-101.40075,-3.6E-02));
#7338 = VECTOR('',#7339,1.);
#7339 = DIRECTION('',(0.,0.,1.));
#7340 = ORIENTED_EDGE('',*,*,#6999,.F.);
#7341 = ORIENTED_EDGE('',*,*,#7335,.F.);
#7342 = CYLINDRICAL_SURFACE('',#7343,0.1);
#7343 = AXIS2_PLACEMENT_3D('',#7344,#7345,#7346);
#7344 = CARTESIAN_POINT('',(155.95,-101.30075,-3.6E-02));
#7345 = DIRECTION('',(-0.,-0.,-1.));
#7346 = DIRECTION('',(-0.,-1.,0.));
#7347 = ADVANCED_FACE('',(#7348),#7359,.F.);
#7348 = FACE_BOUND('',#7349,.T.);
#7349 = EDGE_LOOP('',(#7350,#7351,#7357,#7358));
#7350 = ORIENTED_EDGE('',*,*,#6721,.T.);
#7351 = ORIENTED_EDGE('',*,*,#7352,.T.);
#7352 = EDGE_CURVE('',#6722,#7011,#7353,.T.);
#7353 = LINE('',#7354,#7355);
#7354 = CARTESIAN_POINT('',(156.85,-101.4,-3.6E-02));
#7355 = VECTOR('',#7356,1.);
#7356 = DIRECTION('',(0.,0.,1.));
#7357 = ORIENTED_EDGE('',*,*,#7010,.F.);
#7358 = ORIENTED_EDGE('',*,*,#7352,.F.);
#7359 = CYLINDRICAL_SURFACE('',#7360,9.999999999999E-02);
#7360 = AXIS2_PLACEMENT_3D('',#7361,#7362,#7363);
#7361 = CARTESIAN_POINT('',(156.85,-101.3,-3.6E-02));
#7362 = DIRECTION('',(-0.,-0.,-1.));
#7363 = DIRECTION('',(-0.,-1.,0.));
#7364 = ADVANCED_FACE('',(#7365),#7376,.F.);
#7365 = FACE_BOUND('',#7366,.T.);
#7366 = EDGE_LOOP('',(#7367,#7368,#7374,#7375));
#7367 = ORIENTED_EDGE('',*,*,#6732,.T.);
#7368 = ORIENTED_EDGE('',*,*,#7369,.T.);
#7369 = EDGE_CURVE('',#6733,#7022,#7370,.T.);
#7370 = LINE('',#7371,#7372);
#7371 = CARTESIAN_POINT('',(156.85,-100.75,-3.6E-02));
#7372 = VECTOR('',#7373,1.);
#7373 = DIRECTION('',(0.,0.,1.));
#7374 = ORIENTED_EDGE('',*,*,#7021,.F.);
#7375 = ORIENTED_EDGE('',*,*,#7369,.F.);
#7376 = CYLINDRICAL_SURFACE('',#7377,9.999999999999E-02);
#7377 = AXIS2_PLACEMENT_3D('',#7378,#7379,#7380);
#7378 = CARTESIAN_POINT('',(156.85,-100.65,-3.6E-02));
#7379 = DIRECTION('',(-0.,-0.,-1.));
#7380 = DIRECTION('',(-0.,-1.,0.));
#7381 = ADVANCED_FACE('',(#7382),#7393,.F.);
#7382 = FACE_BOUND('',#7383,.T.);
#7383 = EDGE_LOOP('',(#7384,#7385,#7391,#7392));
#7384 = ORIENTED_EDGE('',*,*,#6743,.T.);
#7385 = ORIENTED_EDGE('',*,*,#7386,.T.);
#7386 = EDGE_CURVE('',#6744,#7033,#7387,.T.);
#7387 = LINE('',#7388,#7389);
#7388 = CARTESIAN_POINT('',(156.85,-100.1,-3.6E-02));
#7389 = VECTOR('',#7390,1.);
#7390 = DIRECTION('',(0.,0.,1.));
#7391 = ORIENTED_EDGE('',*,*,#7032,.F.);
#7392 = ORIENTED_EDGE('',*,*,#7386,.F.);
#7393 = CYLINDRICAL_SURFACE('',#7394,9.999999999999E-02);
#7394 = AXIS2_PLACEMENT_3D('',#7395,#7396,#7397);
#7395 = CARTESIAN_POINT('',(156.85,-100.,-3.6E-02));
#7396 = DIRECTION('',(-0.,-0.,-1.));
#7397 = DIRECTION('',(-0.,-1.,0.));
#7398 = ADVANCED_FACE('',(#7399),#7415,.F.);
#7399 = FACE_BOUND('',#7400,.T.);
#7400 = EDGE_LOOP('',(#7401,#7407,#7408,#7414));
#7401 = ORIENTED_EDGE('',*,*,#7402,.T.);
#7402 = EDGE_CURVE('',#6755,#7044,#7403,.T.);
#7403 = LINE('',#7404,#7405);
#7404 = CARTESIAN_POINT('',(144.4,-88.55,0.));
#7405 = VECTOR('',#7406,1.);
#7406 = DIRECTION('',(0.,0.,1.));
#7407 = ORIENTED_EDGE('',*,*,#7043,.T.);
#7408 = ORIENTED_EDGE('',*,*,#7409,.F.);
#7409 = EDGE_CURVE('',#6757,#7046,#7410,.T.);
#7410 = LINE('',#7411,#7412);
#7411 = CARTESIAN_POINT('',(142.8,-90.15,0.));
#7412 = VECTOR('',#7413,1.);
#7413 = DIRECTION('',(0.,0.,1.));
#7414 = ORIENTED_EDGE('',*,*,#6754,.F.);
#7415 = CYLINDRICAL_SURFACE('',#7416,1.599999487522);
#7416 = AXIS2_PLACEMENT_3D('',#7417,#7418,#7419);
#7417 = CARTESIAN_POINT('',(144.39999948752,-90.14999948752,0.));
#7418 = DIRECTION('',(-0.,-0.,-1.));
#7419 = DIRECTION('',(3.202991254516E-07,1.,-0.));
#7420 = ADVANCED_FACE('',(#7421),#7432,.T.);
#7421 = FACE_BOUND('',#7422,.T.);
#7422 = EDGE_LOOP('',(#7423,#7429,#7430,#7431));
#7423 = ORIENTED_EDGE('',*,*,#7424,.T.);
#7424 = EDGE_CURVE('',#6766,#7055,#7425,.T.);
#7425 = LINE('',#7426,#7427);
#7426 = CARTESIAN_POINT('',(155.6,-88.55,0.));
#7427 = VECTOR('',#7428,1.);
#7428 = DIRECTION('',(0.,0.,1.));
#7429 = ORIENTED_EDGE('',*,*,#7054,.T.);
#7430 = ORIENTED_EDGE('',*,*,#7402,.F.);
#7431 = ORIENTED_EDGE('',*,*,#6765,.F.);
#7432 = PLANE('',#7433);
#7433 = AXIS2_PLACEMENT_3D('',#7434,#7435,#7436);
#7434 = CARTESIAN_POINT('',(155.6,-88.55,0.));
#7435 = DIRECTION('',(0.,-1.,0.));
#7436 = DIRECTION('',(-1.,0.,0.));
#7437 = ADVANCED_FACE('',(#7438),#7449,.T.);
#7438 = FACE_BOUND('',#7439,.T.);
#7439 = EDGE_LOOP('',(#7440,#7441,#7442,#7448));
#7440 = ORIENTED_EDGE('',*,*,#7409,.T.);
#7441 = ORIENTED_EDGE('',*,*,#7173,.T.);
#7442 = ORIENTED_EDGE('',*,*,#7443,.F.);
#7443 = EDGE_CURVE('',#6876,#7165,#7444,.T.);
#7444 = LINE('',#7445,#7446);
#7445 = CARTESIAN_POINT('',(142.8,-109.85,0.));
#7446 = VECTOR('',#7447,1.);
#7447 = DIRECTION('',(0.,0.,1.));
#7448 = ORIENTED_EDGE('',*,*,#6884,.F.);
#7449 = PLANE('',#7450);
#7450 = AXIS2_PLACEMENT_3D('',#7451,#7452,#7453);
#7451 = CARTESIAN_POINT('',(142.8,-90.15,0.));
#7452 = DIRECTION('',(1.,0.,-0.));
#7453 = DIRECTION('',(0.,-1.,0.));
#7454 = ADVANCED_FACE('',(#7455),#7466,.F.);
#7455 = FACE_BOUND('',#7456,.T.);
#7456 = EDGE_LOOP('',(#7457,#7463,#7464,#7465));
#7457 = ORIENTED_EDGE('',*,*,#7458,.T.);
#7458 = EDGE_CURVE('',#6774,#7063,#7459,.T.);
#7459 = LINE('',#7460,#7461);
#7460 = CARTESIAN_POINT('',(157.2,-90.15,0.));
#7461 = VECTOR('',#7462,1.);
#7462 = DIRECTION('',(0.,0.,1.));
#7463 = ORIENTED_EDGE('',*,*,#7062,.T.);
#7464 = ORIENTED_EDGE('',*,*,#7424,.F.);
#7465 = ORIENTED_EDGE('',*,*,#6773,.F.);
#7466 = CYLINDRICAL_SURFACE('',#7467,1.599999487522);
#7467 = AXIS2_PLACEMENT_3D('',#7468,#7469,#7470);
#7468 = CARTESIAN_POINT('',(155.60000051247,-90.14999948752,0.));
#7469 = DIRECTION('',(-0.,-0.,-1.));
#7470 = DIRECTION('',(1.,-3.202991432152E-07,0.));
#7471 = ADVANCED_FACE('',(#7472),#7483,.F.);
#7472 = FACE_BOUND('',#7473,.T.);
#7473 = EDGE_LOOP('',(#7474,#7475,#7476,#7482));
#7474 = ORIENTED_EDGE('',*,*,#7443,.T.);
#7475 = ORIENTED_EDGE('',*,*,#7164,.T.);
#7476 = ORIENTED_EDGE('',*,*,#7477,.F.);
#7477 = EDGE_CURVE('',#6868,#7157,#7478,.T.);
#7478 = LINE('',#7479,#7480);
#7479 = CARTESIAN_POINT('',(144.4,-111.45,0.));
#7480 = VECTOR('',#7481,1.);
#7481 = DIRECTION('',(0.,0.,1.));
#7482 = ORIENTED_EDGE('',*,*,#6875,.F.);
#7483 = CYLINDRICAL_SURFACE('',#7484,1.599999487522);
#7484 = AXIS2_PLACEMENT_3D('',#7485,#7486,#7487);
#7485 = CARTESIAN_POINT('',(144.39999948752,-109.8500005124,0.));
#7486 = DIRECTION('',(-0.,-0.,-1.));
#7487 = DIRECTION('',(-1.,3.202991432152E-07,0.));
#7488 = ADVANCED_FACE('',(#7489),#7500,.T.);
#7489 = FACE_BOUND('',#7490,.T.);
#7490 = EDGE_LOOP('',(#7491,#7497,#7498,#7499));
#7491 = ORIENTED_EDGE('',*,*,#7492,.T.);
#7492 = EDGE_CURVE('',#6783,#7072,#7493,.T.);
#7493 = LINE('',#7494,#7495);
#7494 = CARTESIAN_POINT('',(157.2,-95.35,0.));
#7495 = VECTOR('',#7496,1.);
#7496 = DIRECTION('',(0.,0.,1.));
#7497 = ORIENTED_EDGE('',*,*,#7071,.T.);
#7498 = ORIENTED_EDGE('',*,*,#7458,.F.);
#7499 = ORIENTED_EDGE('',*,*,#6782,.F.);
#7500 = PLANE('',#7501);
#7501 = AXIS2_PLACEMENT_3D('',#7502,#7503,#7504);
#7502 = CARTESIAN_POINT('',(157.2,-95.35,0.));
#7503 = DIRECTION('',(-1.,0.,0.));
#7504 = DIRECTION('',(0.,1.,0.));
#7505 = ADVANCED_FACE('',(#7506),#7517,.T.);
#7506 = FACE_BOUND('',#7507,.T.);
#7507 = EDGE_LOOP('',(#7508,#7509,#7510,#7516));
#7508 = ORIENTED_EDGE('',*,*,#7477,.T.);
#7509 = ORIENTED_EDGE('',*,*,#7156,.T.);
#7510 = ORIENTED_EDGE('',*,*,#7511,.F.);
#7511 = EDGE_CURVE('',#6859,#7148,#7512,.T.);
#7512 = LINE('',#7513,#7514);
#7513 = CARTESIAN_POINT('',(155.6,-111.45,0.));
#7514 = VECTOR('',#7515,1.);
#7515 = DIRECTION('',(0.,0.,1.));
#7516 = ORIENTED_EDGE('',*,*,#6867,.F.);
#7517 = PLANE('',#7518);
#7518 = AXIS2_PLACEMENT_3D('',#7519,#7520,#7521);
#7519 = CARTESIAN_POINT('',(144.4,-111.45,0.));
#7520 = DIRECTION('',(0.,1.,0.));
#7521 = DIRECTION('',(1.,0.,0.));
#7522 = ADVANCED_FACE('',(#7523),#7534,.F.);
#7523 = FACE_BOUND('',#7524,.T.);
#7524 = EDGE_LOOP('',(#7525,#7531,#7532,#7533));
#7525 = ORIENTED_EDGE('',*,*,#7526,.T.);
#7526 = EDGE_CURVE('',#6791,#7080,#7527,.T.);
#7527 = LINE('',#7528,#7529);
#7528 = CARTESIAN_POINT('',(156.8,-95.75,0.));
#7529 = VECTOR('',#7530,1.);
#7530 = DIRECTION('',(0.,0.,1.));
#7531 = ORIENTED_EDGE('',*,*,#7079,.T.);
#7532 = ORIENTED_EDGE('',*,*,#7492,.F.);
#7533 = ORIENTED_EDGE('',*,*,#6790,.F.);
#7534 = CYLINDRICAL_SURFACE('',#7535,0.399999018331);
#7535 = AXIS2_PLACEMENT_3D('',#7536,#7537,#7538);
#7536 = CARTESIAN_POINT('',(156.80000098167,-95.35000098167,0.));
#7537 = DIRECTION('',(-0.,-0.,-1.));
#7538 = DIRECTION('',(-2.454181339286E-06,-0.999999999997,0.));
#7539 = ADVANCED_FACE('',(#7540),#7551,.F.);
#7540 = FACE_BOUND('',#7541,.T.);
#7541 = EDGE_LOOP('',(#7542,#7543,#7544,#7550));
#7542 = ORIENTED_EDGE('',*,*,#7511,.T.);
#7543 = ORIENTED_EDGE('',*,*,#7147,.T.);
#7544 = ORIENTED_EDGE('',*,*,#7545,.F.);
#7545 = EDGE_CURVE('',#6851,#7140,#7546,.T.);
#7546 = LINE('',#7547,#7548);
#7547 = CARTESIAN_POINT('',(157.2,-109.85,0.));
#7548 = VECTOR('',#7549,1.);
#7549 = DIRECTION('',(0.,0.,1.));
#7550 = ORIENTED_EDGE('',*,*,#6858,.F.);
#7551 = CYLINDRICAL_SURFACE('',#7552,1.599999487522);
#7552 = AXIS2_PLACEMENT_3D('',#7553,#7554,#7555);
#7553 = CARTESIAN_POINT('',(155.60000051247,-109.8500005124,0.));
#7554 = DIRECTION('',(-0.,-0.,-1.));
#7555 = DIRECTION('',(-3.202991254516E-07,-1.,0.));
#7556 = ADVANCED_FACE('',(#7557),#7568,.T.);
#7557 = FACE_BOUND('',#7558,.T.);
#7558 = EDGE_LOOP('',(#7559,#7565,#7566,#7567));
#7559 = ORIENTED_EDGE('',*,*,#7560,.T.);
#7560 = EDGE_CURVE('',#6800,#7089,#7561,.T.);
#7561 = LINE('',#7562,#7563);
#7562 = CARTESIAN_POINT('',(156.2,-95.75,0.));
#7563 = VECTOR('',#7564,1.);
#7564 = DIRECTION('',(0.,0.,1.));
#7565 = ORIENTED_EDGE('',*,*,#7088,.T.);
#7566 = ORIENTED_EDGE('',*,*,#7526,.F.);
#7567 = ORIENTED_EDGE('',*,*,#6799,.F.);
#7568 = PLANE('',#7569);
#7569 = AXIS2_PLACEMENT_3D('',#7570,#7571,#7572);
#7570 = CARTESIAN_POINT('',(156.2,-95.75,0.));
#7571 = DIRECTION('',(0.,1.,0.));
#7572 = DIRECTION('',(1.,0.,0.));
#7573 = ADVANCED_FACE('',(#7574),#7585,.T.);
#7574 = FACE_BOUND('',#7575,.T.);
#7575 = EDGE_LOOP('',(#7576,#7577,#7578,#7584));
#7576 = ORIENTED_EDGE('',*,*,#7545,.T.);
#7577 = ORIENTED_EDGE('',*,*,#7139,.T.);
#7578 = ORIENTED_EDGE('',*,*,#7579,.F.);
#7579 = EDGE_CURVE('',#6842,#7131,#7580,.T.);
#7580 = LINE('',#7581,#7582);
#7581 = CARTESIAN_POINT('',(157.2,-104.498528,0.));
#7582 = VECTOR('',#7583,1.);
#7583 = DIRECTION('',(0.,0.,1.));
#7584 = ORIENTED_EDGE('',*,*,#6850,.F.);
#7585 = PLANE('',#7586);
#7586 = AXIS2_PLACEMENT_3D('',#7587,#7588,#7589);
#7587 = CARTESIAN_POINT('',(157.2,-109.85,0.));
#7588 = DIRECTION('',(-1.,0.,0.));
#7589 = DIRECTION('',(0.,1.,0.));
#7590 = ADVANCED_FACE('',(#7591),#7602,.T.);
#7591 = FACE_BOUND('',#7592,.T.);
#7592 = EDGE_LOOP('',(#7593,#7599,#7600,#7601));
#7593 = ORIENTED_EDGE('',*,*,#7594,.T.);
#7594 = EDGE_CURVE('',#6808,#7097,#7595,.T.);
#7595 = LINE('',#7596,#7597);
#7596 = CARTESIAN_POINT('',(155.,-96.948528,0.));
#7597 = VECTOR('',#7598,1.);
#7598 = DIRECTION('',(0.,0.,1.));
#7599 = ORIENTED_EDGE('',*,*,#7096,.T.);
#7600 = ORIENTED_EDGE('',*,*,#7560,.F.);
#7601 = ORIENTED_EDGE('',*,*,#6807,.F.);
#7602 = CYLINDRICAL_SURFACE('',#7603,1.197491774281);
#7603 = AXIS2_PLACEMENT_3D('',#7604,#7605,#7606);
#7604 = CARTESIAN_POINT('',(156.19749132366,-96.94748914651,0.));
#7605 = DIRECTION('',(0.,0.,-1.));
#7606 = DIRECTION('',(-0.999999623701,-8.675245296829E-04,-0.));
#7607 = ADVANCED_FACE('',(#7608),#7619,.F.);
#7608 = FACE_BOUND('',#7609,.T.);
#7609 = EDGE_LOOP('',(#7610,#7611,#7612,#7618));
#7610 = ORIENTED_EDGE('',*,*,#7579,.T.);
#7611 = ORIENTED_EDGE('',*,*,#7130,.T.);
#7612 = ORIENTED_EDGE('',*,*,#7613,.F.);
#7613 = EDGE_CURVE('',#6834,#7123,#7614,.T.);
#7614 = LINE('',#7615,#7616);
#7615 = CARTESIAN_POINT('',(156.8,-104.098528,0.));
#7616 = VECTOR('',#7617,1.);
#7617 = DIRECTION('',(0.,0.,1.));
#7618 = ORIENTED_EDGE('',*,*,#6841,.F.);
#7619 = CYLINDRICAL_SURFACE('',#7620,0.399999018331);
#7620 = AXIS2_PLACEMENT_3D('',#7621,#7622,#7623);
#7621 = CARTESIAN_POINT('',(156.80000098167,-104.4985270183,0.));
#7622 = DIRECTION('',(-0.,-0.,-1.));
#7623 = DIRECTION('',(0.999999999997,-2.454181445868E-06,0.));
#7624 = ADVANCED_FACE('',(#7625),#7636,.T.);
#7625 = FACE_BOUND('',#7626,.T.);
#7626 = EDGE_LOOP('',(#7627,#7633,#7634,#7635));
#7627 = ORIENTED_EDGE('',*,*,#7628,.T.);
#7628 = EDGE_CURVE('',#6817,#7106,#7629,.T.);
#7629 = LINE('',#7630,#7631);
#7630 = CARTESIAN_POINT('',(155.,-102.9,0.));
#7631 = VECTOR('',#7632,1.);
#7632 = DIRECTION('',(0.,0.,1.));
#7633 = ORIENTED_EDGE('',*,*,#7105,.T.);
#7634 = ORIENTED_EDGE('',*,*,#7594,.F.);
#7635 = ORIENTED_EDGE('',*,*,#6816,.F.);
#7636 = PLANE('',#7637);
#7637 = AXIS2_PLACEMENT_3D('',#7638,#7639,#7640);
#7638 = CARTESIAN_POINT('',(155.,-102.9,0.));
#7639 = DIRECTION('',(-1.,0.,0.));
#7640 = DIRECTION('',(0.,1.,0.));
#7641 = ADVANCED_FACE('',(#7642),#7653,.T.);
#7642 = FACE_BOUND('',#7643,.T.);
#7643 = EDGE_LOOP('',(#7644,#7645,#7646,#7652));
#7644 = ORIENTED_EDGE('',*,*,#7613,.T.);
#7645 = ORIENTED_EDGE('',*,*,#7122,.T.);
#7646 = ORIENTED_EDGE('',*,*,#7647,.F.);
#7647 = EDGE_CURVE('',#6825,#7114,#7648,.T.);
#7648 = LINE('',#7649,#7650);
#7649 = CARTESIAN_POINT('',(156.2,-104.1,0.));
#7650 = VECTOR('',#7651,1.);
#7651 = DIRECTION('',(0.,0.,1.));
#7652 = ORIENTED_EDGE('',*,*,#6833,.F.);
#7653 = PLANE('',#7654);
#7654 = AXIS2_PLACEMENT_3D('',#7655,#7656,#7657);
#7655 = CARTESIAN_POINT('',(156.8,-104.098528,0.));
#7656 = DIRECTION('',(2.453325950238E-03,-0.999996990591,0.));
#7657 = DIRECTION('',(-0.999996990591,-2.453325950238E-03,0.));
#7658 = ADVANCED_FACE('',(#7659),#7665,.T.);
#7659 = FACE_BOUND('',#7660,.T.);
#7660 = EDGE_LOOP('',(#7661,#7662,#7663,#7664));
#7661 = ORIENTED_EDGE('',*,*,#7647,.T.);
#7662 = ORIENTED_EDGE('',*,*,#7113,.T.);
#7663 = ORIENTED_EDGE('',*,*,#7628,.F.);
#7664 = ORIENTED_EDGE('',*,*,#6824,.F.);
#7665 = CYLINDRICAL_SURFACE('',#7666,1.200000469195);
#7666 = AXIS2_PLACEMENT_3D('',#7667,#7668,#7669);
#7667 = CARTESIAN_POINT('',(156.20000046919,-102.8999995308,0.));
#7668 = DIRECTION('',(0.,0.,-1.));
#7669 = DIRECTION('',(-3.909953852912E-07,-1.,-0.));
#7670 = ADVANCED_FACE('',(#7671),#7682,.F.);
#7671 = FACE_BOUND('',#7672,.T.);
#7672 = EDGE_LOOP('',(#7673,#7674,#7680,#7681));
#7673 = ORIENTED_EDGE('',*,*,#6892,.T.);
#7674 = ORIENTED_EDGE('',*,*,#7675,.T.);
#7675 = EDGE_CURVE('',#6893,#7182,#7676,.T.);
#7676 = LINE('',#7677,#7678);
#7677 = CARTESIAN_POINT('',(156.85,-99.45,-3.6E-02));
#7678 = VECTOR('',#7679,1.);
#7679 = DIRECTION('',(0.,0.,1.));
#7680 = ORIENTED_EDGE('',*,*,#7181,.F.);
#7681 = ORIENTED_EDGE('',*,*,#7675,.F.);
#7682 = CYLINDRICAL_SURFACE('',#7683,9.999999999999E-02);
#7683 = AXIS2_PLACEMENT_3D('',#7684,#7685,#7686);
#7684 = CARTESIAN_POINT('',(156.85,-99.35,-3.6E-02));
#7685 = DIRECTION('',(-0.,-0.,-1.));
#7686 = DIRECTION('',(-0.,-1.,0.));
#7687 = ADVANCED_FACE('',(#7688),#7699,.F.);
#7688 = FACE_BOUND('',#7689,.T.);
#7689 = EDGE_LOOP('',(#7690,#7691,#7697,#7698));
#7690 = ORIENTED_EDGE('',*,*,#6903,.T.);
#7691 = ORIENTED_EDGE('',*,*,#7692,.T.);
#7692 = EDGE_CURVE('',#6904,#7193,#7693,.T.);
#7693 = LINE('',#7694,#7695);
#7694 = CARTESIAN_POINT('',(156.85,-98.8,-3.6E-02));
#7695 = VECTOR('',#7696,1.);
#7696 = DIRECTION('',(0.,0.,1.));
#7697 = ORIENTED_EDGE('',*,*,#7192,.F.);
#7698 = ORIENTED_EDGE('',*,*,#7692,.F.);
#7699 = CYLINDRICAL_SURFACE('',#7700,9.999999999999E-02);
#7700 = AXIS2_PLACEMENT_3D('',#7701,#7702,#7703);
#7701 = CARTESIAN_POINT('',(156.85,-98.7,-3.6E-02));
#7702 = DIRECTION('',(-0.,-0.,-1.));
#7703 = DIRECTION('',(-0.,-1.,0.));
#7704 = ADVANCED_FACE('',(#7705),#7716,.F.);
#7705 = FACE_BOUND('',#7706,.T.);
#7706 = EDGE_LOOP('',(#7707,#7708,#7714,#7715));
#7707 = ORIENTED_EDGE('',*,*,#6914,.T.);
#7708 = ORIENTED_EDGE('',*,*,#7709,.T.);
#7709 = EDGE_CURVE('',#6915,#7204,#7710,.T.);
#7710 = LINE('',#7711,#7712);
#7711 = CARTESIAN_POINT('',(156.25,-97.25,-4.6E-02));
#7712 = VECTOR('',#7713,1.);
#7713 = DIRECTION('',(0.,0.,1.));
#7714 = ORIENTED_EDGE('',*,*,#7203,.F.);
#7715 = ORIENTED_EDGE('',*,*,#7709,.F.);
#7716 = CYLINDRICAL_SURFACE('',#7717,0.25);
#7717 = AXIS2_PLACEMENT_3D('',#7718,#7719,#7720);
#7718 = CARTESIAN_POINT('',(156.25,-97.,-4.6E-02));
#7719 = DIRECTION('',(-0.,-0.,-1.));
#7720 = DIRECTION('',(-0.,-1.,0.));
#7721 = ( GEOMETRIC_REPRESENTATION_CONTEXT(3) 
GLOBAL_UNCERTAINTY_ASSIGNED_CONTEXT((#7725)) 
GLOBAL_UNIT_ASSIGNED_CONTEXT((#7722,#7723,#7724)) REPRESENTATION_CONTEXT
('Context #1','3D Context with UNIT and UNCERTAINTY') );
#7722 = ( LENGTH_UNIT() NAMED_UNIT(*) SI_UNIT(.MILLI.,.METRE.) );
#7723 = ( NAMED_UNIT(*) PLANE_ANGLE_UNIT() SI_UNIT($,.RADIAN.) );
#7724 = ( NAMED_UNIT(*) SI_UNIT($,.STERADIAN.) SOLID_ANGLE_UNIT() );
#7725 = UNCERTAINTY_MEASURE_WITH_UNIT(LENGTH_MEASURE(1.E-07),#7722,
  'distance_accuracy_value','confusion accuracy');
#7726 = CONTEXT_DEPENDENT_SHAPE_REPRESENTATION(#7727,#7729);
#7727 = ( REPRESENTATION_RELATIONSHIP('','',#6531,#10) 
REPRESENTATION_RELATIONSHIP_WITH_TRANSFORMATION(#7728) 
SHAPE_REPRESENTATION_RELATIONSHIP() );
#7728 = ITEM_DEFINED_TRANSFORMATION('','',#11,#43);
#7729 = PRODUCT_DEFINITION_SHAPE('Placement','Placement of an item',
  #7730);
#7730 = NEXT_ASSEMBLY_USAGE_OCCURRENCE('8','=>[0:1:1:6]','',#5,#6526,$);
#7731 = PRODUCT_RELATED_PRODUCT_CATEGORY('part',$,(#6528));
#7732 = MECHANICAL_DESIGN_GEOMETRIC_PRESENTATION_REPRESENTATION('',(
    #7733,#7741,#7748,#7755,#7762,#7769,#7776,#7783,#7790,#7797,#7804,
    #7812,#7819,#7826,#7833,#7840,#7847,#7854,#7861,#7868,#7875,#7882,
    #7889,#7896,#7903,#7910,#7917,#7924),#915);
#7733 = STYLED_ITEM('color',(#7734),#63);
#7734 = PRESENTATION_STYLE_ASSIGNMENT((#7735));
#7735 = SURFACE_STYLE_USAGE(.BOTH.,#7736);
#7736 = SURFACE_SIDE_STYLE('',(#7737));
#7737 = SURFACE_STYLE_FILL_AREA(#7738);
#7738 = FILL_AREA_STYLE('',(#7739));
#7739 = FILL_AREA_STYLE_COLOUR('',#7740);
#7740 = COLOUR_RGB('',0.823999987314,0.819999987296,0.781000009244);
#7741 = STYLED_ITEM('color',(#7742),#139);
#7742 = PRESENTATION_STYLE_ASSIGNMENT((#7743));
#7743 = SURFACE_STYLE_USAGE(.BOTH.,#7744);
#7744 = SURFACE_SIDE_STYLE('',(#7745));
#7745 = SURFACE_STYLE_FILL_AREA(#7746);
#7746 = FILL_AREA_STYLE('',(#7747));
#7747 = FILL_AREA_STYLE_COLOUR('',#7740);
#7748 = STYLED_ITEM('color',(#7749),#170);
#7749 = PRESENTATION_STYLE_ASSIGNMENT((#7750));
#7750 = SURFACE_STYLE_USAGE(.BOTH.,#7751);
#7751 = SURFACE_SIDE_STYLE('',(#7752));
#7752 = SURFACE_STYLE_FILL_AREA(#7753);
#7753 = FILL_AREA_STYLE('',(#7754));
#7754 = FILL_AREA_STYLE_COLOUR('',#7740);
#7755 = STYLED_ITEM('color',(#7756),#195);
#7756 = PRESENTATION_STYLE_ASSIGNMENT((#7757));
#7757 = SURFACE_STYLE_USAGE(.BOTH.,#7758);
#7758 = SURFACE_SIDE_STYLE('',(#7759));
#7759 = SURFACE_STYLE_FILL_AREA(#7760);
#7760 = FILL_AREA_STYLE('',(#7761));
#7761 = FILL_AREA_STYLE_COLOUR('',#7740);
#7762 = STYLED_ITEM('color',(#7763),#220);
#7763 = PRESENTATION_STYLE_ASSIGNMENT((#7764));
#7764 = SURFACE_STYLE_USAGE(.BOTH.,#7765);
#7765 = SURFACE_SIDE_STYLE('',(#7766));
#7766 = SURFACE_STYLE_FILL_AREA(#7767);
#7767 = FILL_AREA_STYLE('',(#7768));
#7768 = FILL_AREA_STYLE_COLOUR('',#7740);
#7769 = STYLED_ITEM('color',(#7770),#244);
#7770 = PRESENTATION_STYLE_ASSIGNMENT((#7771));
#7771 = SURFACE_STYLE_USAGE(.BOTH.,#7772);
#7772 = SURFACE_SIDE_STYLE('',(#7773));
#7773 = SURFACE_STYLE_FILL_AREA(#7774);
#7774 = FILL_AREA_STYLE('',(#7775));
#7775 = FILL_AREA_STYLE_COLOUR('',#7740);
#7776 = STYLED_ITEM('color',(#7777),#268);
#7777 = PRESENTATION_STYLE_ASSIGNMENT((#7778));
#7778 = SURFACE_STYLE_USAGE(.BOTH.,#7779);
#7779 = SURFACE_SIDE_STYLE('',(#7780));
#7780 = SURFACE_STYLE_FILL_AREA(#7781);
#7781 = FILL_AREA_STYLE('',(#7782));
#7782 = FILL_AREA_STYLE_COLOUR('',#7740);
#7783 = STYLED_ITEM('color',(#7784),#293);
#7784 = PRESENTATION_STYLE_ASSIGNMENT((#7785));
#7785 = SURFACE_STYLE_USAGE(.BOTH.,#7786);
#7786 = SURFACE_SIDE_STYLE('',(#7787));
#7787 = SURFACE_STYLE_FILL_AREA(#7788);
#7788 = FILL_AREA_STYLE('',(#7789));
#7789 = FILL_AREA_STYLE_COLOUR('',#7740);
#7790 = STYLED_ITEM('color',(#7791),#318);
#7791 = PRESENTATION_STYLE_ASSIGNMENT((#7792));
#7792 = SURFACE_STYLE_USAGE(.BOTH.,#7793);
#7793 = SURFACE_SIDE_STYLE('',(#7794));
#7794 = SURFACE_STYLE_FILL_AREA(#7795);
#7795 = FILL_AREA_STYLE('',(#7796));
#7796 = FILL_AREA_STYLE_COLOUR('',#7740);
#7797 = STYLED_ITEM('color',(#7798),#335);
#7798 = PRESENTATION_STYLE_ASSIGNMENT((#7799));
#7799 = SURFACE_STYLE_USAGE(.BOTH.,#7800);
#7800 = SURFACE_SIDE_STYLE('',(#7801));
#7801 = SURFACE_STYLE_FILL_AREA(#7802);
#7802 = FILL_AREA_STYLE('',(#7803));
#7803 = FILL_AREA_STYLE_COLOUR('',#7740);
#7804 = STYLED_ITEM('color',(#7805),#421);
#7805 = PRESENTATION_STYLE_ASSIGNMENT((#7806));
#7806 = SURFACE_STYLE_USAGE(.BOTH.,#7807);
#7807 = SURFACE_SIDE_STYLE('',(#7808));
#7808 = SURFACE_STYLE_FILL_AREA(#7809);
#7809 = FILL_AREA_STYLE('',(#7810));
#7810 = FILL_AREA_STYLE_COLOUR('',#7811);
#7811 = COLOUR_RGB('',0.379000005575,0.270000008848,0.214999999939);
#7812 = STYLED_ITEM('color',(#7813),#453);
#7813 = PRESENTATION_STYLE_ASSIGNMENT((#7814));
#7814 = SURFACE_STYLE_USAGE(.BOTH.,#7815);
#7815 = SURFACE_SIDE_STYLE('',(#7816));
#7816 = SURFACE_STYLE_FILL_AREA(#7817);
#7817 = FILL_AREA_STYLE('',(#7818));
#7818 = FILL_AREA_STYLE_COLOUR('',#7811);
#7819 = STYLED_ITEM('color',(#7820),#477);
#7820 = PRESENTATION_STYLE_ASSIGNMENT((#7821));
#7821 = SURFACE_STYLE_USAGE(.BOTH.,#7822);
#7822 = SURFACE_SIDE_STYLE('',(#7823));
#7823 = SURFACE_STYLE_FILL_AREA(#7824);
#7824 = FILL_AREA_STYLE('',(#7825));
#7825 = FILL_AREA_STYLE_COLOUR('',#7811);
#7826 = STYLED_ITEM('color',(#7827),#502);
#7827 = PRESENTATION_STYLE_ASSIGNMENT((#7828));
#7828 = SURFACE_STYLE_USAGE(.BOTH.,#7829);
#7829 = SURFACE_SIDE_STYLE('',(#7830));
#7830 = SURFACE_STYLE_FILL_AREA(#7831);
#7831 = FILL_AREA_STYLE('',(#7832));
#7832 = FILL_AREA_STYLE_COLOUR('',#7811);
#7833 = STYLED_ITEM('color',(#7834),#526);
#7834 = PRESENTATION_STYLE_ASSIGNMENT((#7835));
#7835 = SURFACE_STYLE_USAGE(.BOTH.,#7836);
#7836 = SURFACE_SIDE_STYLE('',(#7837));
#7837 = SURFACE_STYLE_FILL_AREA(#7838);
#7838 = FILL_AREA_STYLE('',(#7839));
#7839 = FILL_AREA_STYLE_COLOUR('',#7811);
#7840 = STYLED_ITEM('color',(#7841),#551);
#7841 = PRESENTATION_STYLE_ASSIGNMENT((#7842));
#7842 = SURFACE_STYLE_USAGE(.BOTH.,#7843);
#7843 = SURFACE_SIDE_STYLE('',(#7844));
#7844 = SURFACE_STYLE_FILL_AREA(#7845);
#7845 = FILL_AREA_STYLE('',(#7846));
#7846 = FILL_AREA_STYLE_COLOUR('',#7811);
#7847 = STYLED_ITEM('color',(#7848),#575);
#7848 = PRESENTATION_STYLE_ASSIGNMENT((#7849));
#7849 = SURFACE_STYLE_USAGE(.BOTH.,#7850);
#7850 = SURFACE_SIDE_STYLE('',(#7851));
#7851 = SURFACE_STYLE_FILL_AREA(#7852);
#7852 = FILL_AREA_STYLE('',(#7853));
#7853 = FILL_AREA_STYLE_COLOUR('',#7811);
#7854 = STYLED_ITEM('color',(#7855),#600);
#7855 = PRESENTATION_STYLE_ASSIGNMENT((#7856));
#7856 = SURFACE_STYLE_USAGE(.BOTH.,#7857);
#7857 = SURFACE_SIDE_STYLE('',(#7858));
#7858 = SURFACE_STYLE_FILL_AREA(#7859);
#7859 = FILL_AREA_STYLE('',(#7860));
#7860 = FILL_AREA_STYLE_COLOUR('',#7811);
#7861 = STYLED_ITEM('color',(#7862),#617);
#7862 = PRESENTATION_STYLE_ASSIGNMENT((#7863));
#7863 = SURFACE_STYLE_USAGE(.BOTH.,#7864);
#7864 = SURFACE_SIDE_STYLE('',(#7865));
#7865 = SURFACE_STYLE_FILL_AREA(#7866);
#7866 = FILL_AREA_STYLE('',(#7867));
#7867 = FILL_AREA_STYLE_COLOUR('',#7740);
#7868 = STYLED_ITEM('color',(#7869),#703);
#7869 = PRESENTATION_STYLE_ASSIGNMENT((#7870));
#7870 = SURFACE_STYLE_USAGE(.BOTH.,#7871);
#7871 = SURFACE_SIDE_STYLE('',(#7872));
#7872 = SURFACE_STYLE_FILL_AREA(#7873);
#7873 = FILL_AREA_STYLE('',(#7874));
#7874 = FILL_AREA_STYLE_COLOUR('',#7740);
#7875 = STYLED_ITEM('color',(#7876),#734);
#7876 = PRESENTATION_STYLE_ASSIGNMENT((#7877));
#7877 = SURFACE_STYLE_USAGE(.BOTH.,#7878);
#7878 = SURFACE_SIDE_STYLE('',(#7879));
#7879 = SURFACE_STYLE_FILL_AREA(#7880);
#7880 = FILL_AREA_STYLE('',(#7881));
#7881 = FILL_AREA_STYLE_COLOUR('',#7740);
#7882 = STYLED_ITEM('color',(#7883),#759);
#7883 = PRESENTATION_STYLE_ASSIGNMENT((#7884));
#7884 = SURFACE_STYLE_USAGE(.BOTH.,#7885);
#7885 = SURFACE_SIDE_STYLE('',(#7886));
#7886 = SURFACE_STYLE_FILL_AREA(#7887);
#7887 = FILL_AREA_STYLE('',(#7888));
#7888 = FILL_AREA_STYLE_COLOUR('',#7740);
#7889 = STYLED_ITEM('color',(#7890),#784);
#7890 = PRESENTATION_STYLE_ASSIGNMENT((#7891));
#7891 = SURFACE_STYLE_USAGE(.BOTH.,#7892);
#7892 = SURFACE_SIDE_STYLE('',(#7893));
#7893 = SURFACE_STYLE_FILL_AREA(#7894);
#7894 = FILL_AREA_STYLE('',(#7895));
#7895 = FILL_AREA_STYLE_COLOUR('',#7740);
#7896 = STYLED_ITEM('color',(#7897),#808);
#7897 = PRESENTATION_STYLE_ASSIGNMENT((#7898));
#7898 = SURFACE_STYLE_USAGE(.BOTH.,#7899);
#7899 = SURFACE_SIDE_STYLE('',(#7900));
#7900 = SURFACE_STYLE_FILL_AREA(#7901);
#7901 = FILL_AREA_STYLE('',(#7902));
#7902 = FILL_AREA_STYLE_COLOUR('',#7740);
#7903 = STYLED_ITEM('color',(#7904),#832);
#7904 = PRESENTATION_STYLE_ASSIGNMENT((#7905));
#7905 = SURFACE_STYLE_USAGE(.BOTH.,#7906);
#7906 = SURFACE_SIDE_STYLE('',(#7907));
#7907 = SURFACE_STYLE_FILL_AREA(#7908);
#7908 = FILL_AREA_STYLE('',(#7909));
#7909 = FILL_AREA_STYLE_COLOUR('',#7740);
#7910 = STYLED_ITEM('color',(#7911),#857);
#7911 = PRESENTATION_STYLE_ASSIGNMENT((#7912));
#7912 = SURFACE_STYLE_USAGE(.BOTH.,#7913);
#7913 = SURFACE_SIDE_STYLE('',(#7914));
#7914 = SURFACE_STYLE_FILL_AREA(#7915);
#7915 = FILL_AREA_STYLE('',(#7916));
#7916 = FILL_AREA_STYLE_COLOUR('',#7740);
#7917 = STYLED_ITEM('color',(#7918),#882);
#7918 = PRESENTATION_STYLE_ASSIGNMENT((#7919));
#7919 = SURFACE_STYLE_USAGE(.BOTH.,#7920);
#7920 = SURFACE_SIDE_STYLE('',(#7921));
#7921 = SURFACE_STYLE_FILL_AREA(#7922);
#7922 = FILL_AREA_STYLE('',(#7923));
#7923 = FILL_AREA_STYLE_COLOUR('',#7740);
#7924 = STYLED_ITEM('color',(#7925),#899);
#7925 = PRESENTATION_STYLE_ASSIGNMENT((#7926));
#7926 = SURFACE_STYLE_USAGE(.BOTH.,#7927);
#7927 = SURFACE_SIDE_STYLE('',(#7928));
#7928 = SURFACE_STYLE_FILL_AREA(#7929);
#7929 = FILL_AREA_STYLE('',(#7930));
#7930 = FILL_AREA_STYLE_COLOUR('',#7740);
#7931 = MECHANICAL_DESIGN_GEOMETRIC_PRESENTATION_REPRESENTATION('',(
    #7932),#7721);
#7932 = STYLED_ITEM('color',(#7933),#6532);
#7933 = PRESENTATION_STYLE_ASSIGNMENT((#7934));
#7934 = SURFACE_STYLE_USAGE(.BOTH.,#7935);
#7935 = SURFACE_SIDE_STYLE('',(#7936));
#7936 = SURFACE_STYLE_FILL_AREA(#7937);
#7937 = FILL_AREA_STYLE('',(#7938));
#7938 = FILL_AREA_STYLE_COLOUR('',#7939);
#7939 = COLOUR_RGB('',0.583831500637,0.583831500637,0.583831500637);
#7940 = MECHANICAL_DESIGN_GEOMETRIC_PRESENTATION_REPRESENTATION('',(
    #7941,#7951,#7960,#7969,#7978,#7987,#7996,#8005,#8014,#8023,#8032,
    #8041),#5074);
#7941 = STYLED_ITEM('color',(#7942),#4189);
#7942 = PRESENTATION_STYLE_ASSIGNMENT((#7943));
#7943 = SURFACE_STYLE_USAGE(.BOTH.,#7944);
#7944 = SURFACE_SIDE_STYLE('',(#7945,#7949));
#7945 = SURFACE_STYLE_FILL_AREA(#7946);
#7946 = FILL_AREA_STYLE('',(#7947));
#7947 = FILL_AREA_STYLE_COLOUR('',#7948);
#7948 = DRAUGHTING_PRE_DEFINED_COLOUR('white');
#7949 = SURFACE_STYLE_RENDERING_WITH_PROPERTIES(.NORMAL_SHADING.,#7948,(
    #7950));
#7950 = SURFACE_STYLE_TRANSPARENT(0.100000023842);
#7951 = STYLED_ITEM('color',(#7952),#4241);
#7952 = PRESENTATION_STYLE_ASSIGNMENT((#7953));
#7953 = SURFACE_STYLE_USAGE(.BOTH.,#7954);
#7954 = SURFACE_SIDE_STYLE('',(#7955,#7958));
#7955 = SURFACE_STYLE_FILL_AREA(#7956);
#7956 = FILL_AREA_STYLE('',(#7957));
#7957 = FILL_AREA_STYLE_COLOUR('',#7948);
#7958 = SURFACE_STYLE_RENDERING_WITH_PROPERTIES(.NORMAL_SHADING.,#7948,(
    #7959));
#7959 = SURFACE_STYLE_TRANSPARENT(0.100000023842);
#7960 = STYLED_ITEM('color',(#7961),#4293);
#7961 = PRESENTATION_STYLE_ASSIGNMENT((#7962));
#7962 = SURFACE_STYLE_USAGE(.BOTH.,#7963);
#7963 = SURFACE_SIDE_STYLE('',(#7964,#7967));
#7964 = SURFACE_STYLE_FILL_AREA(#7965);
#7965 = FILL_AREA_STYLE('',(#7966));
#7966 = FILL_AREA_STYLE_COLOUR('',#7948);
#7967 = SURFACE_STYLE_RENDERING_WITH_PROPERTIES(.NORMAL_SHADING.,#7948,(
    #7968));
#7968 = SURFACE_STYLE_TRANSPARENT(0.100000023842);
#7969 = STYLED_ITEM('color',(#7970),#4439);
#7970 = PRESENTATION_STYLE_ASSIGNMENT((#7971));
#7971 = SURFACE_STYLE_USAGE(.BOTH.,#7972);
#7972 = SURFACE_SIDE_STYLE('',(#7973,#7976));
#7973 = SURFACE_STYLE_FILL_AREA(#7974);
#7974 = FILL_AREA_STYLE('',(#7975));
#7975 = FILL_AREA_STYLE_COLOUR('',#7948);
#7976 = SURFACE_STYLE_RENDERING_WITH_PROPERTIES(.NORMAL_SHADING.,#7948,(
    #7977));
#7977 = SURFACE_STYLE_TRANSPARENT(0.100000023842);
#7978 = STYLED_ITEM('color',(#7979),#4491);
#7979 = PRESENTATION_STYLE_ASSIGNMENT((#7980));
#7980 = SURFACE_STYLE_USAGE(.BOTH.,#7981);
#7981 = SURFACE_SIDE_STYLE('',(#7982,#7985));
#7982 = SURFACE_STYLE_FILL_AREA(#7983);
#7983 = FILL_AREA_STYLE('',(#7984));
#7984 = FILL_AREA_STYLE_COLOUR('',#7948);
#7985 = SURFACE_STYLE_RENDERING_WITH_PROPERTIES(.NORMAL_SHADING.,#7948,(
    #7986));
#7986 = SURFACE_STYLE_TRANSPARENT(0.100000023842);
#7987 = STYLED_ITEM('color',(#7988),#4543);
#7988 = PRESENTATION_STYLE_ASSIGNMENT((#7989));
#7989 = SURFACE_STYLE_USAGE(.BOTH.,#7990);
#7990 = SURFACE_SIDE_STYLE('',(#7991,#7994));
#7991 = SURFACE_STYLE_FILL_AREA(#7992);
#7992 = FILL_AREA_STYLE('',(#7993));
#7993 = FILL_AREA_STYLE_COLOUR('',#7948);
#7994 = SURFACE_STYLE_RENDERING_WITH_PROPERTIES(.NORMAL_SHADING.,#7948,(
    #7995));
#7995 = SURFACE_STYLE_TRANSPARENT(0.100000023842);
#7996 = STYLED_ITEM('color',(#7997),#4573);
#7997 = PRESENTATION_STYLE_ASSIGNMENT((#7998));
#7998 = SURFACE_STYLE_USAGE(.BOTH.,#7999);
#7999 = SURFACE_SIDE_STYLE('',(#8000,#8003));
#8000 = SURFACE_STYLE_FILL_AREA(#8001);
#8001 = FILL_AREA_STYLE('',(#8002));
#8002 = FILL_AREA_STYLE_COLOUR('',#7948);
#8003 = SURFACE_STYLE_RENDERING_WITH_PROPERTIES(.NORMAL_SHADING.,#7948,(
    #8004));
#8004 = SURFACE_STYLE_TRANSPARENT(0.100000023842);
#8005 = STYLED_ITEM('color',(#8006),#4625);
#8006 = PRESENTATION_STYLE_ASSIGNMENT((#8007));
#8007 = SURFACE_STYLE_USAGE(.BOTH.,#8008);
#8008 = SURFACE_SIDE_STYLE('',(#8009,#8012));
#8009 = SURFACE_STYLE_FILL_AREA(#8010);
#8010 = FILL_AREA_STYLE('',(#8011));
#8011 = FILL_AREA_STYLE_COLOUR('',#7948);
#8012 = SURFACE_STYLE_RENDERING_WITH_PROPERTIES(.NORMAL_SHADING.,#7948,(
    #8013));
#8013 = SURFACE_STYLE_TRANSPARENT(0.100000023842);
#8014 = STYLED_ITEM('color',(#8015),#4677);
#8015 = PRESENTATION_STYLE_ASSIGNMENT((#8016));
#8016 = SURFACE_STYLE_USAGE(.BOTH.,#8017);
#8017 = SURFACE_SIDE_STYLE('',(#8018,#8021));
#8018 = SURFACE_STYLE_FILL_AREA(#8019);
#8019 = FILL_AREA_STYLE('',(#8020));
#8020 = FILL_AREA_STYLE_COLOUR('',#7948);
#8021 = SURFACE_STYLE_RENDERING_WITH_PROPERTIES(.NORMAL_SHADING.,#7948,(
    #8022));
#8022 = SURFACE_STYLE_TRANSPARENT(0.100000023842);
#8023 = STYLED_ITEM('color',(#8024),#4942);
#8024 = PRESENTATION_STYLE_ASSIGNMENT((#8025));
#8025 = SURFACE_STYLE_USAGE(.BOTH.,#8026);
#8026 = SURFACE_SIDE_STYLE('',(#8027,#8030));
#8027 = SURFACE_STYLE_FILL_AREA(#8028);
#8028 = FILL_AREA_STYLE('',(#8029));
#8029 = FILL_AREA_STYLE_COLOUR('',#7948);
#8030 = SURFACE_STYLE_RENDERING_WITH_PROPERTIES(.NORMAL_SHADING.,#7948,(
    #8031));
#8031 = SURFACE_STYLE_TRANSPARENT(0.100000023842);
#8032 = STYLED_ITEM('color',(#8033),#4994);
#8033 = PRESENTATION_STYLE_ASSIGNMENT((#8034));
#8034 = SURFACE_STYLE_USAGE(.BOTH.,#8035);
#8035 = SURFACE_SIDE_STYLE('',(#8036,#8039));
#8036 = SURFACE_STYLE_FILL_AREA(#8037);
#8037 = FILL_AREA_STYLE('',(#8038));
#8038 = FILL_AREA_STYLE_COLOUR('',#7948);
#8039 = SURFACE_STYLE_RENDERING_WITH_PROPERTIES(.NORMAL_SHADING.,#7948,(
    #8040));
#8040 = SURFACE_STYLE_TRANSPARENT(0.100000023842);
#8041 = STYLED_ITEM('color',(#8042),#5046);
#8042 = PRESENTATION_STYLE_ASSIGNMENT((#8043));
#8043 = SURFACE_STYLE_USAGE(.BOTH.,#8044);
#8044 = SURFACE_SIDE_STYLE('',(#8045,#8048));
#8045 = SURFACE_STYLE_FILL_AREA(#8046);
#8046 = FILL_AREA_STYLE('',(#8047));
#8047 = FILL_AREA_STYLE_COLOUR('',#7948);
#8048 = SURFACE_STYLE_RENDERING_WITH_PROPERTIES(.NORMAL_SHADING.,#7948,(
    #8049));
#8049 = SURFACE_STYLE_TRANSPARENT(0.100000023842);
#8050 = MECHANICAL_DESIGN_GEOMETRIC_PRESENTATION_REPRESENTATION('',(
    #8051,#8059,#8066,#8073,#8080,#8087,#8094,#8101,#8108,#8115,#8122,
    #8129,#8136,#8143,#8150,#8157,#8164,#8171),#4168);
#8051 = STYLED_ITEM('color',(#8052),#949);
#8052 = PRESENTATION_STYLE_ASSIGNMENT((#8053));
#8053 = SURFACE_STYLE_USAGE(.BOTH.,#8054);
#8054 = SURFACE_SIDE_STYLE('',(#8055));
#8055 = SURFACE_STYLE_FILL_AREA(#8056);
#8056 = FILL_AREA_STYLE('',(#8057));
#8057 = FILL_AREA_STYLE_COLOUR('',#8058);
#8058 = COLOUR_RGB('',0.735356983052,0.735356983052,0.735356983052);
#8059 = STYLED_ITEM('color',(#8060),#1284);
#8060 = PRESENTATION_STYLE_ASSIGNMENT((#8061));
#8061 = SURFACE_STYLE_USAGE(.BOTH.,#8062);
#8062 = SURFACE_SIDE_STYLE('',(#8063));
#8063 = SURFACE_STYLE_FILL_AREA(#8064);
#8064 = FILL_AREA_STYLE('',(#8065));
#8065 = FILL_AREA_STYLE_COLOUR('',#8058);
#8066 = STYLED_ITEM('color',(#8067),#1574);
#8067 = PRESENTATION_STYLE_ASSIGNMENT((#8068));
#8068 = SURFACE_STYLE_USAGE(.BOTH.,#8069);
#8069 = SURFACE_SIDE_STYLE('',(#8070));
#8070 = SURFACE_STYLE_FILL_AREA(#8071);
#8071 = FILL_AREA_STYLE('',(#8072));
#8072 = FILL_AREA_STYLE_COLOUR('',#8058);
#8073 = STYLED_ITEM('color',(#8074),#1627);
#8074 = PRESENTATION_STYLE_ASSIGNMENT((#8075));
#8075 = SURFACE_STYLE_USAGE(.BOTH.,#8076);
#8076 = SURFACE_SIDE_STYLE('',(#8077));
#8077 = SURFACE_STYLE_FILL_AREA(#8078);
#8078 = FILL_AREA_STYLE('',(#8079));
#8079 = FILL_AREA_STYLE_COLOUR('',#8058);
#8080 = STYLED_ITEM('color',(#8081),#1680);
#8081 = PRESENTATION_STYLE_ASSIGNMENT((#8082));
#8082 = SURFACE_STYLE_USAGE(.BOTH.,#8083);
#8083 = SURFACE_SIDE_STYLE('',(#8084));
#8084 = SURFACE_STYLE_FILL_AREA(#8085);
#8085 = FILL_AREA_STYLE('',(#8086));
#8086 = FILL_AREA_STYLE_COLOUR('',#8058);
#8087 = STYLED_ITEM('color',(#8088),#1970);
#8088 = PRESENTATION_STYLE_ASSIGNMENT((#8089));
#8089 = SURFACE_STYLE_USAGE(.BOTH.,#8090);
#8090 = SURFACE_SIDE_STYLE('',(#8091));
#8091 = SURFACE_STYLE_FILL_AREA(#8092);
#8092 = FILL_AREA_STYLE('',(#8093));
#8093 = FILL_AREA_STYLE_COLOUR('',#8058);
#8094 = STYLED_ITEM('color',(#8095),#2260);
#8095 = PRESENTATION_STYLE_ASSIGNMENT((#8096));
#8096 = SURFACE_STYLE_USAGE(.BOTH.,#8097);
#8097 = SURFACE_SIDE_STYLE('',(#8098));
#8098 = SURFACE_STYLE_FILL_AREA(#8099);
#8099 = FILL_AREA_STYLE('',(#8100));
#8100 = FILL_AREA_STYLE_COLOUR('',#8058);
#8101 = STYLED_ITEM('color',(#8102),#2352);
#8102 = PRESENTATION_STYLE_ASSIGNMENT((#8103));
#8103 = SURFACE_STYLE_USAGE(.BOTH.,#8104);
#8104 = SURFACE_SIDE_STYLE('',(#8105));
#8105 = SURFACE_STYLE_FILL_AREA(#8106);
#8106 = FILL_AREA_STYLE('',(#8107));
#8107 = FILL_AREA_STYLE_COLOUR('',#8058);
#8108 = STYLED_ITEM('color',(#8109),#2444);
#8109 = PRESENTATION_STYLE_ASSIGNMENT((#8110));
#8110 = SURFACE_STYLE_USAGE(.BOTH.,#8111);
#8111 = SURFACE_SIDE_STYLE('',(#8112));
#8112 = SURFACE_STYLE_FILL_AREA(#8113);
#8113 = FILL_AREA_STYLE('',(#8114));
#8114 = FILL_AREA_STYLE_COLOUR('',#8058);
#8115 = STYLED_ITEM('color',(#8116),#2536);
#8116 = PRESENTATION_STYLE_ASSIGNMENT((#8117));
#8117 = SURFACE_STYLE_USAGE(.BOTH.,#8118);
#8118 = SURFACE_SIDE_STYLE('',(#8119));
#8119 = SURFACE_STYLE_FILL_AREA(#8120);
#8120 = FILL_AREA_STYLE('',(#8121));
#8121 = FILL_AREA_STYLE_COLOUR('',#8058);
#8122 = STYLED_ITEM('color',(#8123),#2826);
#8123 = PRESENTATION_STYLE_ASSIGNMENT((#8124));
#8124 = SURFACE_STYLE_USAGE(.BOTH.,#8125);
#8125 = SURFACE_SIDE_STYLE('',(#8126));
#8126 = SURFACE_STYLE_FILL_AREA(#8127);
#8127 = FILL_AREA_STYLE('',(#8128));
#8128 = FILL_AREA_STYLE_COLOUR('',#8058);
#8129 = STYLED_ITEM('color',(#8130),#3116);
#8130 = PRESENTATION_STYLE_ASSIGNMENT((#8131));
#8131 = SURFACE_STYLE_USAGE(.BOTH.,#8132);
#8132 = SURFACE_SIDE_STYLE('',(#8133));
#8133 = SURFACE_STYLE_FILL_AREA(#8134);
#8134 = FILL_AREA_STYLE('',(#8135));
#8135 = FILL_AREA_STYLE_COLOUR('',#8058);
#8136 = STYLED_ITEM('color',(#8137),#3169);
#8137 = PRESENTATION_STYLE_ASSIGNMENT((#8138));
#8138 = SURFACE_STYLE_USAGE(.BOTH.,#8139);
#8139 = SURFACE_SIDE_STYLE('',(#8140));
#8140 = SURFACE_STYLE_FILL_AREA(#8141);
#8141 = FILL_AREA_STYLE('',(#8142));
#8142 = FILL_AREA_STYLE_COLOUR('',#8058);
#8143 = STYLED_ITEM('color',(#8144),#3267);
#8144 = PRESENTATION_STYLE_ASSIGNMENT((#8145));
#8145 = SURFACE_STYLE_USAGE(.BOTH.,#8146);
#8146 = SURFACE_SIDE_STYLE('',(#8147));
#8147 = SURFACE_STYLE_FILL_AREA(#8148);
#8148 = FILL_AREA_STYLE('',(#8149));
#8149 = FILL_AREA_STYLE_COLOUR('',#8058);
#8150 = STYLED_ITEM('color',(#8151),#3359);
#8151 = PRESENTATION_STYLE_ASSIGNMENT((#8152));
#8152 = SURFACE_STYLE_USAGE(.BOTH.,#8153);
#8153 = SURFACE_SIDE_STYLE('',(#8154));
#8154 = SURFACE_STYLE_FILL_AREA(#8155);
#8155 = FILL_AREA_STYLE('',(#8156));
#8156 = FILL_AREA_STYLE_COLOUR('',#8058);
#8157 = STYLED_ITEM('color',(#8158),#3451);
#8158 = PRESENTATION_STYLE_ASSIGNMENT((#8159));
#8159 = SURFACE_STYLE_USAGE(.BOTH.,#8160);
#8160 = SURFACE_SIDE_STYLE('',(#8161));
#8161 = SURFACE_STYLE_FILL_AREA(#8162);
#8162 = FILL_AREA_STYLE('',(#8163));
#8163 = FILL_AREA_STYLE_COLOUR('',#8058);
#8164 = STYLED_ITEM('color',(#8165),#3543);
#8165 = PRESENTATION_STYLE_ASSIGNMENT((#8166));
#8166 = SURFACE_STYLE_USAGE(.BOTH.,#8167);
#8167 = SURFACE_SIDE_STYLE('',(#8168));
#8168 = SURFACE_STYLE_FILL_AREA(#8169);
#8169 = FILL_AREA_STYLE('',(#8170));
#8170 = FILL_AREA_STYLE_COLOUR('',#8058);
#8171 = STYLED_ITEM('color',(#8172),#3878);
#8172 = PRESENTATION_STYLE_ASSIGNMENT((#8173));
#8173 = SURFACE_STYLE_USAGE(.BOTH.,#8174);
#8174 = SURFACE_SIDE_STYLE('',(#8175));
#8175 = SURFACE_STYLE_FILL_AREA(#8176);
#8176 = FILL_AREA_STYLE('',(#8177));
#8177 = FILL_AREA_STYLE_COLOUR('',#8058);
#8178 = MECHANICAL_DESIGN_GEOMETRIC_PRESENTATION_REPRESENTATION('',(
    #8179,#8189),#6513);
#8179 = STYLED_ITEM('color',(#8180),#5095);
#8180 = PRESENTATION_STYLE_ASSIGNMENT((#8181));
#8181 = SURFACE_STYLE_USAGE(.BOTH.,#8182);
#8182 = SURFACE_SIDE_STYLE('',(#8183,#8187));
#8183 = SURFACE_STYLE_FILL_AREA(#8184);
#8184 = FILL_AREA_STYLE('',(#8185));
#8185 = FILL_AREA_STYLE_COLOUR('',#8186);
#8186 = COLOUR_RGB('',0.313304153717,0.484529207832,0.410020903123);
#8187 = SURFACE_STYLE_RENDERING_WITH_PROPERTIES(.NORMAL_SHADING.,#8186,(
    #8188));
#8188 = SURFACE_STYLE_TRANSPARENT(0.170000016689);
#8189 = STYLED_ITEM('color',(#8190),#5805);
#8190 = PRESENTATION_STYLE_ASSIGNMENT((#8191));
#8191 = SURFACE_STYLE_USAGE(.BOTH.,#8192);
#8192 = SURFACE_SIDE_STYLE('',(#8193,#8196));
#8193 = SURFACE_STYLE_FILL_AREA(#8194);
#8194 = FILL_AREA_STYLE('',(#8195));
#8195 = FILL_AREA_STYLE_COLOUR('',#8186);
#8196 = SURFACE_STYLE_RENDERING_WITH_PROPERTIES(.NORMAL_SHADING.,#8186,(
    #8197));
#8197 = SURFACE_STYLE_TRANSPARENT(0.170000016689);
ENDSEC;
END-ISO-10303-21;
