ISO-10303-21;
HEADER;
/* Generated by software containing ST-Developer
 * from STEP Tools, Inc. (www.steptools.com) 
 */

FILE_DESCRIPTION(
/* description */ (''),
/* implementation_level */ '2;1');

FILE_NAME(
/* name */ 'box.step',
/* time_stamp */ '2025-04-29T17:28:22+09:00',
/* author */ (''),
/* organization */ (''),
/* preprocessor_version */ 'ST-DEVELOPER v20.1',
/* originating_system */ 'Autodesk Translation Framework v14.4.0.0',
/* authorisation */ '');

FILE_SCHEMA (('AUTOMOTIVE_DESIGN { 1 0 10303 214 3 1 1 }'));
ENDSEC;

DATA;
#10=MECHANICAL_DESIGN_GEOMETRIC_PRESENTATION_REPRESENTATION('',(#13),#2455);
#11=SHAPE_REPRESENTATION_RELATIONSHIP('SRR','None',#2462,#12);
#12=ADVANCED_BREP_SHAPE_REPRESENTATION('',(#14),#2454);
#13=STYLED_ITEM('',(#2472),#14);
#14=MANIFOLD_SOLID_BREP('Body1',#1391);
#15=FACE_BOUND('',#206,.T.);
#16=FACE_BOUND('',#207,.T.);
#17=FACE_BOUND('',#208,.T.);
#18=FACE_BOUND('',#209,.T.);
#19=FACE_BOUND('',#210,.T.);
#20=FACE_BOUND('',#212,.T.);
#21=FACE_BOUND('',#213,.T.);
#22=FACE_BOUND('',#214,.T.);
#23=FACE_BOUND('',#227,.T.);
#24=FACE_BOUND('',#230,.T.);
#25=FACE_BOUND('',#233,.T.);
#26=FACE_BOUND('',#236,.T.);
#27=FACE_BOUND('',#239,.T.);
#28=FACE_BOUND('',#241,.T.);
#29=FACE_BOUND('',#242,.T.);
#30=FACE_BOUND('',#243,.T.);
#31=FACE_BOUND('',#244,.T.);
#32=FACE_BOUND('',#245,.T.);
#33=FACE_BOUND('',#264,.T.);
#34=FACE_BOUND('',#265,.T.);
#35=FACE_BOUND('',#266,.T.);
#36=FACE_BOUND('',#267,.T.);
#37=FACE_BOUND('',#270,.T.);
#38=FACE_BOUND('',#271,.T.);
#39=FACE_BOUND('',#272,.T.);
#40=PLANE('',#1433);
#41=PLANE('',#1470);
#42=PLANE('',#1488);
#43=PLANE('',#1489);
#44=PLANE('',#1497);
#45=PLANE('',#1500);
#46=PLANE('',#1503);
#47=PLANE('',#1506);
#48=PLANE('',#1509);
#49=PLANE('',#1512);
#50=PLANE('',#1516);
#51=PLANE('',#1520);
#52=PLANE('',#1524);
#53=PLANE('',#1528);
#54=PLANE('',#1532);
#55=PLANE('',#1533);
#56=PLANE('',#1537);
#57=PLANE('',#1539);
#58=PLANE('',#1540);
#59=PLANE('',#1569);
#60=PLANE('',#1574);
#61=PLANE('',#1575);
#62=PLANE('',#1578);
#63=PLANE('',#1581);
#64=PLANE('',#1584);
#65=PLANE('',#1587);
#66=PLANE('',#1588);
#67=PLANE('',#1589);
#68=TOROIDAL_SURFACE('',#1420,8.,3.);
#69=TOROIDAL_SURFACE('',#1439,8.,3.);
#70=TOROIDAL_SURFACE('',#1457,8.,3.);
#71=TOROIDAL_SURFACE('',#1476,8.,3.);
#72=SPHERICAL_SURFACE('',#1417,3.);
#73=SPHERICAL_SURFACE('',#1429,3.);
#74=SPHERICAL_SURFACE('',#1437,3.);
#75=SPHERICAL_SURFACE('',#1445,3.);
#76=SPHERICAL_SURFACE('',#1455,3.);
#77=SPHERICAL_SURFACE('',#1466,3.);
#78=SPHERICAL_SURFACE('',#1474,3.);
#79=SPHERICAL_SURFACE('',#1485,3.);
#80=SPHERICAL_SURFACE('',#1541,1.);
#81=SPHERICAL_SURFACE('',#1545,1.);
#82=SPHERICAL_SURFACE('',#1549,1.);
#83=SPHERICAL_SURFACE('',#1554,0.999999999999996);
#84=FACE_OUTER_BOUND('',#171,.T.);
#85=FACE_OUTER_BOUND('',#172,.T.);
#86=FACE_OUTER_BOUND('',#173,.T.);
#87=FACE_OUTER_BOUND('',#174,.T.);
#88=FACE_OUTER_BOUND('',#175,.T.);
#89=FACE_OUTER_BOUND('',#176,.T.);
#90=FACE_OUTER_BOUND('',#177,.T.);
#91=FACE_OUTER_BOUND('',#178,.T.);
#92=FACE_OUTER_BOUND('',#179,.T.);
#93=FACE_OUTER_BOUND('',#180,.T.);
#94=FACE_OUTER_BOUND('',#181,.T.);
#95=FACE_OUTER_BOUND('',#182,.T.);
#96=FACE_OUTER_BOUND('',#183,.T.);
#97=FACE_OUTER_BOUND('',#184,.T.);
#98=FACE_OUTER_BOUND('',#185,.T.);
#99=FACE_OUTER_BOUND('',#186,.T.);
#100=FACE_OUTER_BOUND('',#187,.T.);
#101=FACE_OUTER_BOUND('',#188,.T.);
#102=FACE_OUTER_BOUND('',#189,.T.);
#103=FACE_OUTER_BOUND('',#190,.T.);
#104=FACE_OUTER_BOUND('',#191,.T.);
#105=FACE_OUTER_BOUND('',#192,.T.);
#106=FACE_OUTER_BOUND('',#193,.T.);
#107=FACE_OUTER_BOUND('',#194,.T.);
#108=FACE_OUTER_BOUND('',#195,.T.);
#109=FACE_OUTER_BOUND('',#196,.T.);
#110=FACE_OUTER_BOUND('',#197,.T.);
#111=FACE_OUTER_BOUND('',#198,.T.);
#112=FACE_OUTER_BOUND('',#199,.T.);
#113=FACE_OUTER_BOUND('',#200,.T.);
#114=FACE_OUTER_BOUND('',#201,.T.);
#115=FACE_OUTER_BOUND('',#202,.T.);
#116=FACE_OUTER_BOUND('',#203,.T.);
#117=FACE_OUTER_BOUND('',#204,.T.);
#118=FACE_OUTER_BOUND('',#205,.T.);
#119=FACE_OUTER_BOUND('',#211,.T.);
#120=FACE_OUTER_BOUND('',#215,.T.);
#121=FACE_OUTER_BOUND('',#216,.T.);
#122=FACE_OUTER_BOUND('',#217,.T.);
#123=FACE_OUTER_BOUND('',#218,.T.);
#124=FACE_OUTER_BOUND('',#219,.T.);
#125=FACE_OUTER_BOUND('',#220,.T.);
#126=FACE_OUTER_BOUND('',#221,.T.);
#127=FACE_OUTER_BOUND('',#222,.T.);
#128=FACE_OUTER_BOUND('',#223,.T.);
#129=FACE_OUTER_BOUND('',#224,.T.);
#130=FACE_OUTER_BOUND('',#225,.T.);
#131=FACE_OUTER_BOUND('',#226,.T.);
#132=FACE_OUTER_BOUND('',#228,.T.);
#133=FACE_OUTER_BOUND('',#229,.T.);
#134=FACE_OUTER_BOUND('',#231,.T.);
#135=FACE_OUTER_BOUND('',#232,.T.);
#136=FACE_OUTER_BOUND('',#234,.T.);
#137=FACE_OUTER_BOUND('',#235,.T.);
#138=FACE_OUTER_BOUND('',#237,.T.);
#139=FACE_OUTER_BOUND('',#238,.T.);
#140=FACE_OUTER_BOUND('',#240,.T.);
#141=FACE_OUTER_BOUND('',#246,.T.);
#142=FACE_OUTER_BOUND('',#247,.T.);
#143=FACE_OUTER_BOUND('',#248,.T.);
#144=FACE_OUTER_BOUND('',#249,.T.);
#145=FACE_OUTER_BOUND('',#250,.T.);
#146=FACE_OUTER_BOUND('',#251,.T.);
#147=FACE_OUTER_BOUND('',#252,.T.);
#148=FACE_OUTER_BOUND('',#253,.T.);
#149=FACE_OUTER_BOUND('',#254,.T.);
#150=FACE_OUTER_BOUND('',#255,.T.);
#151=FACE_OUTER_BOUND('',#256,.T.);
#152=FACE_OUTER_BOUND('',#257,.T.);
#153=FACE_OUTER_BOUND('',#258,.T.);
#154=FACE_OUTER_BOUND('',#259,.T.);
#155=FACE_OUTER_BOUND('',#260,.T.);
#156=FACE_OUTER_BOUND('',#261,.T.);
#157=FACE_OUTER_BOUND('',#262,.T.);
#158=FACE_OUTER_BOUND('',#263,.T.);
#159=FACE_OUTER_BOUND('',#268,.T.);
#160=FACE_OUTER_BOUND('',#269,.T.);
#161=FACE_OUTER_BOUND('',#273,.T.);
#162=FACE_OUTER_BOUND('',#274,.T.);
#163=FACE_OUTER_BOUND('',#275,.T.);
#164=FACE_OUTER_BOUND('',#276,.T.);
#165=FACE_OUTER_BOUND('',#277,.T.);
#166=FACE_OUTER_BOUND('',#278,.T.);
#167=FACE_OUTER_BOUND('',#279,.T.);
#168=FACE_OUTER_BOUND('',#280,.T.);
#169=FACE_OUTER_BOUND('',#281,.T.);
#170=FACE_OUTER_BOUND('',#282,.T.);
#171=EDGE_LOOP('',(#877,#878,#879,#880));
#172=EDGE_LOOP('',(#881,#882,#883,#884));
#173=EDGE_LOOP('',(#885,#886,#887,#888));
#174=EDGE_LOOP('',(#889,#890,#891,#892));
#175=EDGE_LOOP('',(#893,#894,#895));
#176=EDGE_LOOP('',(#896,#897,#898,#899));
#177=EDGE_LOOP('',(#900,#901,#902,#903));
#178=EDGE_LOOP('',(#904,#905,#906,#907));
#179=EDGE_LOOP('',(#908,#909,#910));
#180=EDGE_LOOP('',(#911,#912,#913,#914));
#181=EDGE_LOOP('',(#915,#916,#917,#918));
#182=EDGE_LOOP('',(#919,#920,#921,#922));
#183=EDGE_LOOP('',(#923,#924,#925));
#184=EDGE_LOOP('',(#926,#927,#928,#929));
#185=EDGE_LOOP('',(#930,#931,#932,#933));
#186=EDGE_LOOP('',(#934,#935,#936));
#187=EDGE_LOOP('',(#937,#938,#939,#940));
#188=EDGE_LOOP('',(#941,#942,#943,#944));
#189=EDGE_LOOP('',(#945,#946,#947,#948));
#190=EDGE_LOOP('',(#949,#950,#951));
#191=EDGE_LOOP('',(#952,#953,#954,#955));
#192=EDGE_LOOP('',(#956,#957,#958,#959));
#193=EDGE_LOOP('',(#960,#961,#962,#963));
#194=EDGE_LOOP('',(#964,#965,#966));
#195=EDGE_LOOP('',(#967,#968,#969,#970));
#196=EDGE_LOOP('',(#971,#972,#973,#974));
#197=EDGE_LOOP('',(#975,#976,#977,#978));
#198=EDGE_LOOP('',(#979,#980,#981));
#199=EDGE_LOOP('',(#982,#983,#984,#985));
#200=EDGE_LOOP('',(#986,#987,#988,#989));
#201=EDGE_LOOP('',(#990,#991,#992,#993));
#202=EDGE_LOOP('',(#994,#995,#996));
#203=EDGE_LOOP('',(#997,#998,#999,#1000));
#204=EDGE_LOOP('',(#1001,#1002,#1003,#1004));
#205=EDGE_LOOP('',(#1005,#1006,#1007,#1008,#1009,#1010,#1011,#1012,#1013,
#1014));
#206=EDGE_LOOP('',(#1015,#1016));
#207=EDGE_LOOP('',(#1017,#1018));
#208=EDGE_LOOP('',(#1019,#1020));
#209=EDGE_LOOP('',(#1021,#1022));
#210=EDGE_LOOP('',(#1023,#1024));
#211=EDGE_LOOP('',(#1025,#1026,#1027,#1028,#1029,#1030,#1031,#1032));
#212=EDGE_LOOP('',(#1033));
#213=EDGE_LOOP('',(#1034));
#214=EDGE_LOOP('',(#1035));
#215=EDGE_LOOP('',(#1036,#1037,#1038,#1039));
#216=EDGE_LOOP('',(#1040,#1041,#1042,#1043));
#217=EDGE_LOOP('',(#1044,#1045,#1046,#1047));
#218=EDGE_LOOP('',(#1048,#1049,#1050,#1051));
#219=EDGE_LOOP('',(#1052,#1053,#1054,#1055));
#220=EDGE_LOOP('',(#1056,#1057,#1058,#1059));
#221=EDGE_LOOP('',(#1060,#1061,#1062,#1063));
#222=EDGE_LOOP('',(#1064,#1065,#1066,#1067));
#223=EDGE_LOOP('',(#1068,#1069,#1070,#1071));
#224=EDGE_LOOP('',(#1072,#1073,#1074,#1075));
#225=EDGE_LOOP('',(#1076,#1077,#1078,#1079));
#226=EDGE_LOOP('',(#1080));
#227=EDGE_LOOP('',(#1081,#1082));
#228=EDGE_LOOP('',(#1083,#1084,#1085,#1086));
#229=EDGE_LOOP('',(#1087));
#230=EDGE_LOOP('',(#1088,#1089));
#231=EDGE_LOOP('',(#1090,#1091,#1092,#1093));
#232=EDGE_LOOP('',(#1094));
#233=EDGE_LOOP('',(#1095,#1096));
#234=EDGE_LOOP('',(#1097,#1098,#1099,#1100));
#235=EDGE_LOOP('',(#1101));
#236=EDGE_LOOP('',(#1102,#1103));
#237=EDGE_LOOP('',(#1104,#1105,#1106,#1107));
#238=EDGE_LOOP('',(#1108));
#239=EDGE_LOOP('',(#1109,#1110));
#240=EDGE_LOOP('',(#1111,#1112,#1113,#1114,#1115,#1116,#1117,#1118,#1119,
#1120));
#241=EDGE_LOOP('',(#1121));
#242=EDGE_LOOP('',(#1122));
#243=EDGE_LOOP('',(#1123));
#244=EDGE_LOOP('',(#1124));
#245=EDGE_LOOP('',(#1125));
#246=EDGE_LOOP('',(#1126,#1127,#1128,#1129));
#247=EDGE_LOOP('',(#1130,#1131,#1132,#1133));
#248=EDGE_LOOP('',(#1134,#1135,#1136,#1137));
#249=EDGE_LOOP('',(#1138,#1139,#1140,#1141));
#250=EDGE_LOOP('',(#1142,#1143,#1144,#1145));
#251=EDGE_LOOP('',(#1146,#1147,#1148));
#252=EDGE_LOOP('',(#1149,#1150,#1151));
#253=EDGE_LOOP('',(#1152,#1153,#1154));
#254=EDGE_LOOP('',(#1155,#1156,#1157,#1158));
#255=EDGE_LOOP('',(#1159,#1160,#1161));
#256=EDGE_LOOP('',(#1162,#1163,#1164,#1165));
#257=EDGE_LOOP('',(#1166,#1167,#1168,#1169));
#258=EDGE_LOOP('',(#1170,#1171,#1172,#1173));
#259=EDGE_LOOP('',(#1174,#1175,#1176,#1177));
#260=EDGE_LOOP('',(#1178,#1179,#1180,#1181));
#261=EDGE_LOOP('',(#1182,#1183,#1184,#1185));
#262=EDGE_LOOP('',(#1186,#1187,#1188,#1189));
#263=EDGE_LOOP('',(#1190,#1191,#1192,#1193,#1194,#1195,#1196,#1197,#1198,
#1199,#1200,#1201,#1202,#1203,#1204,#1205,#1206,#1207,#1208,#1209,#1210,
#1211,#1212,#1213,#1214,#1215,#1216,#1217));
#264=EDGE_LOOP('',(#1218));
#265=EDGE_LOOP('',(#1219));
#266=EDGE_LOOP('',(#1220));
#267=EDGE_LOOP('',(#1221));
#268=EDGE_LOOP('',(#1222,#1223,#1224,#1225));
#269=EDGE_LOOP('',(#1226,#1227,#1228,#1229));
#270=EDGE_LOOP('',(#1230));
#271=EDGE_LOOP('',(#1231));
#272=EDGE_LOOP('',(#1232));
#273=EDGE_LOOP('',(#1233,#1234,#1235,#1236));
#274=EDGE_LOOP('',(#1237));
#275=EDGE_LOOP('',(#1238,#1239,#1240,#1241));
#276=EDGE_LOOP('',(#1242));
#277=EDGE_LOOP('',(#1243,#1244,#1245,#1246));
#278=EDGE_LOOP('',(#1247));
#279=EDGE_LOOP('',(#1248,#1249,#1250,#1251));
#280=EDGE_LOOP('',(#1252));
#281=EDGE_LOOP('',(#1253,#1254,#1255,#1256));
#282=EDGE_LOOP('',(#1257,#1258,#1259,#1260));
#283=LINE('',#2061,#377);
#284=LINE('',#2067,#378);
#285=LINE('',#2073,#379);
#286=LINE('',#2080,#380);
#287=LINE('',#2083,#381);
#288=LINE('',#2097,#382);
#289=LINE('',#2103,#383);
#290=LINE('',#2108,#384);
#291=LINE('',#2111,#385);
#292=LINE('',#2114,#386);
#293=LINE('',#2115,#387);
#294=LINE('',#2120,#388);
#295=LINE('',#2133,#389);
#296=LINE('',#2141,#390);
#297=LINE('',#2144,#391);
#298=LINE('',#2147,#392);
#299=LINE('',#2153,#393);
#300=LINE('',#2155,#394);
#301=LINE('',#2167,#395);
#302=LINE('',#2173,#396);
#303=LINE('',#2178,#397);
#304=LINE('',#2181,#398);
#305=LINE('',#2184,#399);
#306=LINE('',#2185,#400);
#307=LINE('',#2190,#401);
#308=LINE('',#2203,#402);
#309=LINE('',#2209,#403);
#310=LINE('',#2213,#404);
#311=LINE('',#2214,#405);
#312=LINE('',#2216,#406);
#313=LINE('',#2219,#407);
#314=LINE('',#2221,#408);
#315=LINE('',#2225,#409);
#316=LINE('',#2229,#410);
#317=LINE('',#2230,#411);
#318=LINE('',#2233,#412);
#319=LINE('',#2238,#413);
#320=LINE('',#2242,#414);
#321=LINE('',#2246,#415);
#322=LINE('',#2249,#416);
#323=LINE('',#2256,#417);
#324=LINE('',#2257,#418);
#325=LINE('',#2259,#419);
#326=LINE('',#2264,#420);
#327=LINE('',#2265,#421);
#328=LINE('',#2267,#422);
#329=LINE('',#2272,#423);
#330=LINE('',#2273,#424);
#331=LINE('',#2275,#425);
#332=LINE('',#2280,#426);
#333=LINE('',#2281,#427);
#334=LINE('',#2283,#428);
#335=LINE('',#2288,#429);
#336=LINE('',#2289,#430);
#337=LINE('',#2291,#431);
#338=LINE('',#2296,#432);
#339=LINE('',#2303,#433);
#340=LINE('',#2310,#434);
#341=LINE('',#2317,#435);
#342=LINE('',#2324,#436);
#343=LINE('',#2330,#437);
#344=LINE('',#2334,#438);
#345=LINE('',#2338,#439);
#346=LINE('',#2340,#440);
#347=LINE('',#2342,#441);
#348=LINE('',#2344,#442);
#349=LINE('',#2346,#443);
#350=LINE('',#2347,#444);
#351=LINE('',#2349,#445);
#352=LINE('',#2350,#446);
#353=LINE('',#2352,#447);
#354=LINE('',#2354,#448);
#355=LINE('',#2356,#449);
#356=LINE('',#2358,#450);
#357=LINE('',#2380,#451);
#358=LINE('',#2381,#452);
#359=LINE('',#2389,#453);
#360=LINE('',#2393,#454);
#361=LINE('',#2395,#455);
#362=LINE('',#2396,#456);
#363=LINE('',#2401,#457);
#364=LINE('',#2402,#458);
#365=LINE('',#2404,#459);
#366=LINE('',#2405,#460);
#367=LINE('',#2409,#461);
#368=LINE('',#2414,#462);
#369=LINE('',#2415,#463);
#370=LINE('',#2417,#464);
#371=LINE('',#2418,#465);
#372=LINE('',#2419,#466);
#373=LINE('',#2432,#467);
#374=LINE('',#2437,#468);
#375=LINE('',#2442,#469);
#376=LINE('',#2447,#470);
#377=VECTOR('',#1596,6.);
#378=VECTOR('',#1603,6.);
#379=VECTOR('',#1610,9.);
#380=VECTOR('',#1617,10.);
#381=VECTOR('',#1620,10.);
#382=VECTOR('',#1639,10.);
#383=VECTOR('',#1646,10.);
#384=VECTOR('',#1653,10.);
#385=VECTOR('',#1656,10.);
#386=VECTOR('',#1659,10.);
#387=VECTOR('',#1660,10.);
#388=VECTOR('',#1665,10.);
#389=VECTOR('',#1684,10.);
#390=VECTOR('',#1695,10.);
#391=VECTOR('',#1698,10.);
#392=VECTOR('',#1701,10.);
#393=VECTOR('',#1706,10.);
#394=VECTOR('',#1709,10.);
#395=VECTOR('',#1726,10.);
#396=VECTOR('',#1733,10.);
#397=VECTOR('',#1740,10.);
#398=VECTOR('',#1743,10.);
#399=VECTOR('',#1746,10.);
#400=VECTOR('',#1747,10.);
#401=VECTOR('',#1752,10.);
#402=VECTOR('',#1771,10.);
#403=VECTOR('',#1778,10.);
#404=VECTOR('',#1785,10.);
#405=VECTOR('',#1786,10.);
#406=VECTOR('',#1789,10.);
#407=VECTOR('',#1792,10.);
#408=VECTOR('',#1793,10.);
#409=VECTOR('',#1796,10.);
#410=VECTOR('',#1799,10.);
#411=VECTOR('',#1800,10.);
#412=VECTOR('',#1801,10.);
#413=VECTOR('',#1806,10.);
#414=VECTOR('',#1809,10.);
#415=VECTOR('',#1812,10.);
#416=VECTOR('',#1813,10.);
#417=VECTOR('',#1822,10.);
#418=VECTOR('',#1823,10.);
#419=VECTOR('',#1826,10.);
#420=VECTOR('',#1831,10.);
#421=VECTOR('',#1832,10.);
#422=VECTOR('',#1835,10.);
#423=VECTOR('',#1840,10.);
#424=VECTOR('',#1841,10.);
#425=VECTOR('',#1844,10.);
#426=VECTOR('',#1849,10.);
#427=VECTOR('',#1850,10.);
#428=VECTOR('',#1853,10.);
#429=VECTOR('',#1858,10.);
#430=VECTOR('',#1859,10.);
#431=VECTOR('',#1862,10.);
#432=VECTOR('',#1867,5.25);
#433=VECTOR('',#1876,5.25);
#434=VECTOR('',#1885,5.25);
#435=VECTOR('',#1894,5.25);
#436=VECTOR('',#1903,5.25);
#437=VECTOR('',#1910,10.);
#438=VECTOR('',#1913,10.);
#439=VECTOR('',#1916,10.);
#440=VECTOR('',#1917,10.);
#441=VECTOR('',#1918,10.);
#442=VECTOR('',#1919,10.);
#443=VECTOR('',#1920,10.);
#444=VECTOR('',#1921,10.);
#445=VECTOR('',#1924,10.);
#446=VECTOR('',#1925,10.);
#447=VECTOR('',#1928,10.);
#448=VECTOR('',#1931,10.);
#449=VECTOR('',#1934,10.);
#450=VECTOR('',#1937,10.);
#451=VECTOR('',#1964,10.);
#452=VECTOR('',#1965,10.);
#453=VECTOR('',#1976,10.);
#454=VECTOR('',#1981,10.);
#455=VECTOR('',#1984,10.);
#456=VECTOR('',#1985,10.);
#457=VECTOR('',#1990,10.);
#458=VECTOR('',#1991,10.);
#459=VECTOR('',#1994,10.);
#460=VECTOR('',#1995,10.);
#461=VECTOR('',#2000,10.);
#462=VECTOR('',#2005,10.);
#463=VECTOR('',#2006,10.);
#464=VECTOR('',#2009,10.);
#465=VECTOR('',#2010,10.);
#466=VECTOR('',#2011,10.);
#467=VECTOR('',#2026,1.5);
#468=VECTOR('',#2033,1.5);
#469=VECTOR('',#2040,1.5);
#470=VECTOR('',#2047,1.5);
#471=CIRCLE('',#1406,6.);
#472=CIRCLE('',#1407,6.);
#473=CIRCLE('',#1409,6.);
#474=CIRCLE('',#1410,6.);
#475=CIRCLE('',#1412,9.);
#476=CIRCLE('',#1413,9.);
#477=CIRCLE('',#1415,3.);
#478=CIRCLE('',#1416,3.);
#479=CIRCLE('',#1418,3.);
#480=CIRCLE('',#1419,3.);
#481=CIRCLE('',#1421,5.);
#482=CIRCLE('',#1422,3.);
#483=CIRCLE('',#1423,8.);
#484=CIRCLE('',#1425,5.);
#485=CIRCLE('',#1427,3.00000000000001);
#486=CIRCLE('',#1428,3.);
#487=CIRCLE('',#1430,3.);
#488=CIRCLE('',#1432,3.);
#489=CIRCLE('',#1435,3.);
#490=CIRCLE('',#1436,3.);
#491=CIRCLE('',#1438,3.);
#492=CIRCLE('',#1440,5.);
#493=CIRCLE('',#1441,3.);
#494=CIRCLE('',#1442,8.);
#495=CIRCLE('',#1444,5.);
#496=CIRCLE('',#1446,3.);
#497=CIRCLE('',#1447,3.);
#498=CIRCLE('',#1449,3.);
#499=CIRCLE('',#1451,3.);
#500=CIRCLE('',#1453,3.);
#501=CIRCLE('',#1454,3.);
#502=CIRCLE('',#1456,3.);
#503=CIRCLE('',#1458,5.);
#504=CIRCLE('',#1459,3.);
#505=CIRCLE('',#1460,8.);
#506=CIRCLE('',#1462,5.);
#507=CIRCLE('',#1464,3.);
#508=CIRCLE('',#1465,3.);
#509=CIRCLE('',#1467,3.);
#510=CIRCLE('',#1469,3.);
#511=CIRCLE('',#1472,3.);
#512=CIRCLE('',#1473,3.);
#513=CIRCLE('',#1475,3.);
#514=CIRCLE('',#1477,5.);
#515=CIRCLE('',#1478,3.);
#516=CIRCLE('',#1479,8.);
#517=CIRCLE('',#1481,5.);
#518=CIRCLE('',#1483,3.);
#519=CIRCLE('',#1484,3.);
#520=CIRCLE('',#1486,3.);
#521=CIRCLE('',#1490,2.00000000000001);
#522=CIRCLE('',#1491,2.);
#523=CIRCLE('',#1492,3.25);
#524=CIRCLE('',#1493,3.25);
#525=CIRCLE('',#1494,3.25);
#526=CIRCLE('',#1495,3.25);
#527=CIRCLE('',#1496,3.25);
#528=CIRCLE('',#1499,3.25);
#529=CIRCLE('',#1502,3.25);
#530=CIRCLE('',#1505,3.25);
#531=CIRCLE('',#1508,3.25);
#532=CIRCLE('',#1511,3.25);
#533=CIRCLE('',#1514,5.25);
#534=CIRCLE('',#1515,5.25);
#535=CIRCLE('',#1518,5.25);
#536=CIRCLE('',#1519,5.25);
#537=CIRCLE('',#1522,5.25);
#538=CIRCLE('',#1523,5.25);
#539=CIRCLE('',#1526,5.25);
#540=CIRCLE('',#1527,5.25);
#541=CIRCLE('',#1530,5.25);
#542=CIRCLE('',#1531,5.25);
#543=CIRCLE('',#1534,2.);
#544=CIRCLE('',#1535,2.00000000000001);
#545=CIRCLE('',#1542,0.999999999999996);
#546=CIRCLE('',#1543,1.);
#547=CIRCLE('',#1544,0.999999999999996);
#548=CIRCLE('',#1546,0.999999999999996);
#549=CIRCLE('',#1547,1.);
#550=CIRCLE('',#1548,0.999999999999996);
#551=CIRCLE('',#1550,0.999999999999996);
#552=CIRCLE('',#1551,1.);
#553=CIRCLE('',#1552,0.999999999999996);
#554=CIRCLE('',#1555,1.);
#555=CIRCLE('',#1556,0.999999999999996);
#556=CIRCLE('',#1557,0.999999999999996);
#557=CIRCLE('',#1560,1.);
#558=CIRCLE('',#1563,1.);
#559=CIRCLE('',#1566,1.);
#560=CIRCLE('',#1568,1.);
#561=CIRCLE('',#1570,1.5);
#562=CIRCLE('',#1571,1.5);
#563=CIRCLE('',#1572,1.5);
#564=CIRCLE('',#1573,1.5);
#565=CIRCLE('',#1577,1.5);
#566=CIRCLE('',#1580,1.5);
#567=CIRCLE('',#1583,1.5);
#568=CIRCLE('',#1586,1.5);
#569=VERTEX_POINT('',#2058);
#570=VERTEX_POINT('',#2060);
#571=VERTEX_POINT('',#2064);
#572=VERTEX_POINT('',#2066);
#573=VERTEX_POINT('',#2070);
#574=VERTEX_POINT('',#2072);
#575=VERTEX_POINT('',#2076);
#576=VERTEX_POINT('',#2077);
#577=VERTEX_POINT('',#2079);
#578=VERTEX_POINT('',#2081);
#579=VERTEX_POINT('',#2085);
#580=VERTEX_POINT('',#2089);
#581=VERTEX_POINT('',#2091);
#582=VERTEX_POINT('',#2095);
#583=VERTEX_POINT('',#2099);
#584=VERTEX_POINT('',#2101);
#585=VERTEX_POINT('',#2107);
#586=VERTEX_POINT('',#2109);
#587=VERTEX_POINT('',#2113);
#588=VERTEX_POINT('',#2117);
#589=VERTEX_POINT('',#2119);
#590=VERTEX_POINT('',#2125);
#591=VERTEX_POINT('',#2127);
#592=VERTEX_POINT('',#2131);
#593=VERTEX_POINT('',#2135);
#594=VERTEX_POINT('',#2139);
#595=VERTEX_POINT('',#2143);
#596=VERTEX_POINT('',#2145);
#597=VERTEX_POINT('',#2149);
#598=VERTEX_POINT('',#2150);
#599=VERTEX_POINT('',#2152);
#600=VERTEX_POINT('',#2159);
#601=VERTEX_POINT('',#2161);
#602=VERTEX_POINT('',#2165);
#603=VERTEX_POINT('',#2169);
#604=VERTEX_POINT('',#2171);
#605=VERTEX_POINT('',#2177);
#606=VERTEX_POINT('',#2179);
#607=VERTEX_POINT('',#2183);
#608=VERTEX_POINT('',#2187);
#609=VERTEX_POINT('',#2189);
#610=VERTEX_POINT('',#2195);
#611=VERTEX_POINT('',#2197);
#612=VERTEX_POINT('',#2201);
#613=VERTEX_POINT('',#2205);
#614=VERTEX_POINT('',#2207);
#615=VERTEX_POINT('',#2218);
#616=VERTEX_POINT('',#2220);
#617=VERTEX_POINT('',#2222);
#618=VERTEX_POINT('',#2224);
#619=VERTEX_POINT('',#2226);
#620=VERTEX_POINT('',#2228);
#621=VERTEX_POINT('',#2231);
#622=VERTEX_POINT('',#2232);
#623=VERTEX_POINT('',#2235);
#624=VERTEX_POINT('',#2236);
#625=VERTEX_POINT('',#2239);
#626=VERTEX_POINT('',#2240);
#627=VERTEX_POINT('',#2243);
#628=VERTEX_POINT('',#2244);
#629=VERTEX_POINT('',#2247);
#630=VERTEX_POINT('',#2248);
#631=VERTEX_POINT('',#2253);
#632=VERTEX_POINT('',#2254);
#633=VERTEX_POINT('',#2261);
#634=VERTEX_POINT('',#2262);
#635=VERTEX_POINT('',#2269);
#636=VERTEX_POINT('',#2270);
#637=VERTEX_POINT('',#2277);
#638=VERTEX_POINT('',#2278);
#639=VERTEX_POINT('',#2285);
#640=VERTEX_POINT('',#2286);
#641=VERTEX_POINT('',#2293);
#642=VERTEX_POINT('',#2295);
#643=VERTEX_POINT('',#2300);
#644=VERTEX_POINT('',#2302);
#645=VERTEX_POINT('',#2307);
#646=VERTEX_POINT('',#2309);
#647=VERTEX_POINT('',#2314);
#648=VERTEX_POINT('',#2316);
#649=VERTEX_POINT('',#2321);
#650=VERTEX_POINT('',#2323);
#651=VERTEX_POINT('',#2328);
#652=VERTEX_POINT('',#2329);
#653=VERTEX_POINT('',#2331);
#654=VERTEX_POINT('',#2333);
#655=VERTEX_POINT('',#2335);
#656=VERTEX_POINT('',#2337);
#657=VERTEX_POINT('',#2339);
#658=VERTEX_POINT('',#2341);
#659=VERTEX_POINT('',#2343);
#660=VERTEX_POINT('',#2345);
#661=VERTEX_POINT('',#2360);
#662=VERTEX_POINT('',#2361);
#663=VERTEX_POINT('',#2363);
#664=VERTEX_POINT('',#2367);
#665=VERTEX_POINT('',#2369);
#666=VERTEX_POINT('',#2373);
#667=VERTEX_POINT('',#2374);
#668=VERTEX_POINT('',#2376);
#669=VERTEX_POINT('',#2383);
#670=VERTEX_POINT('',#2384);
#671=VERTEX_POINT('',#2391);
#672=VERTEX_POINT('',#2398);
#673=VERTEX_POINT('',#2399);
#674=VERTEX_POINT('',#2407);
#675=VERTEX_POINT('',#2411);
#676=VERTEX_POINT('',#2412);
#677=VERTEX_POINT('',#2420);
#678=VERTEX_POINT('',#2422);
#679=VERTEX_POINT('',#2424);
#680=VERTEX_POINT('',#2426);
#681=VERTEX_POINT('',#2431);
#682=VERTEX_POINT('',#2436);
#683=VERTEX_POINT('',#2441);
#684=VERTEX_POINT('',#2446);
#685=EDGE_CURVE('',#569,#569,#471,.T.);
#686=EDGE_CURVE('',#569,#570,#283,.T.);
#687=EDGE_CURVE('',#570,#570,#472,.T.);
#688=EDGE_CURVE('',#571,#571,#473,.T.);
#689=EDGE_CURVE('',#571,#572,#284,.T.);
#690=EDGE_CURVE('',#572,#572,#474,.T.);
#691=EDGE_CURVE('',#573,#573,#475,.T.);
#692=EDGE_CURVE('',#573,#574,#285,.T.);
#693=EDGE_CURVE('',#574,#574,#476,.T.);
#694=EDGE_CURVE('',#575,#576,#477,.T.);
#695=EDGE_CURVE('',#576,#577,#286,.T.);
#696=EDGE_CURVE('',#577,#578,#478,.T.);
#697=EDGE_CURVE('',#578,#575,#287,.T.);
#698=EDGE_CURVE('',#577,#579,#479,.T.);
#699=EDGE_CURVE('',#579,#578,#480,.T.);
#700=EDGE_CURVE('',#577,#580,#481,.T.);
#701=EDGE_CURVE('',#581,#580,#482,.T.);
#702=EDGE_CURVE('',#581,#579,#483,.T.);
#703=EDGE_CURVE('',#582,#576,#484,.T.);
#704=EDGE_CURVE('',#580,#582,#288,.T.);
#705=EDGE_CURVE('',#583,#580,#485,.T.);
#706=EDGE_CURVE('',#582,#584,#486,.T.);
#707=EDGE_CURVE('',#584,#583,#289,.T.);
#708=EDGE_CURVE('',#583,#581,#487,.T.);
#709=EDGE_CURVE('',#583,#585,#290,.T.);
#710=EDGE_CURVE('',#586,#585,#488,.T.);
#711=EDGE_CURVE('',#586,#581,#291,.T.);
#712=EDGE_CURVE('',#587,#584,#292,.T.);
#713=EDGE_CURVE('',#585,#587,#293,.T.);
#714=EDGE_CURVE('',#587,#588,#489,.T.);
#715=EDGE_CURVE('',#588,#589,#294,.T.);
#716=EDGE_CURVE('',#589,#585,#490,.T.);
#717=EDGE_CURVE('',#589,#586,#491,.T.);
#718=EDGE_CURVE('',#589,#590,#492,.T.);
#719=EDGE_CURVE('',#591,#590,#493,.T.);
#720=EDGE_CURVE('',#591,#586,#494,.T.);
#721=EDGE_CURVE('',#592,#588,#495,.T.);
#722=EDGE_CURVE('',#590,#592,#295,.T.);
#723=EDGE_CURVE('',#590,#593,#496,.T.);
#724=EDGE_CURVE('',#593,#591,#497,.T.);
#725=EDGE_CURVE('',#592,#594,#498,.T.);
#726=EDGE_CURVE('',#594,#593,#296,.T.);
#727=EDGE_CURVE('',#593,#595,#297,.T.);
#728=EDGE_CURVE('',#596,#595,#499,.T.);
#729=EDGE_CURVE('',#596,#591,#298,.T.);
#730=EDGE_CURVE('',#597,#598,#500,.T.);
#731=EDGE_CURVE('',#598,#599,#299,.T.);
#732=EDGE_CURVE('',#599,#595,#501,.T.);
#733=EDGE_CURVE('',#595,#597,#300,.T.);
#734=EDGE_CURVE('',#599,#596,#502,.T.);
#735=EDGE_CURVE('',#599,#600,#503,.T.);
#736=EDGE_CURVE('',#601,#600,#504,.T.);
#737=EDGE_CURVE('',#601,#596,#505,.T.);
#738=EDGE_CURVE('',#602,#598,#506,.T.);
#739=EDGE_CURVE('',#600,#602,#301,.T.);
#740=EDGE_CURVE('',#603,#600,#507,.T.);
#741=EDGE_CURVE('',#602,#604,#508,.T.);
#742=EDGE_CURVE('',#604,#603,#302,.T.);
#743=EDGE_CURVE('',#603,#601,#509,.T.);
#744=EDGE_CURVE('',#603,#605,#303,.T.);
#745=EDGE_CURVE('',#606,#605,#510,.T.);
#746=EDGE_CURVE('',#606,#601,#304,.T.);
#747=EDGE_CURVE('',#607,#604,#305,.T.);
#748=EDGE_CURVE('',#605,#607,#306,.T.);
#749=EDGE_CURVE('',#607,#608,#511,.T.);
#750=EDGE_CURVE('',#608,#609,#307,.T.);
#751=EDGE_CURVE('',#609,#605,#512,.T.);
#752=EDGE_CURVE('',#609,#606,#513,.T.);
#753=EDGE_CURVE('',#609,#610,#514,.T.);
#754=EDGE_CURVE('',#611,#610,#515,.T.);
#755=EDGE_CURVE('',#611,#606,#516,.T.);
#756=EDGE_CURVE('',#612,#608,#517,.T.);
#757=EDGE_CURVE('',#610,#612,#308,.T.);
#758=EDGE_CURVE('',#613,#610,#518,.T.);
#759=EDGE_CURVE('',#612,#614,#519,.T.);
#760=EDGE_CURVE('',#614,#613,#309,.T.);
#761=EDGE_CURVE('',#613,#611,#520,.T.);
#762=EDGE_CURVE('',#579,#611,#310,.T.);
#763=EDGE_CURVE('',#613,#578,#311,.T.);
#764=EDGE_CURVE('',#575,#614,#312,.T.);
#765=EDGE_CURVE('',#615,#594,#313,.T.);
#766=EDGE_CURVE('',#615,#616,#314,.T.);
#767=EDGE_CURVE('',#616,#617,#521,.T.);
#768=EDGE_CURVE('',#617,#618,#315,.T.);
#769=EDGE_CURVE('',#618,#619,#522,.T.);
#770=EDGE_CURVE('',#619,#620,#316,.T.);
#771=EDGE_CURVE('',#597,#620,#317,.T.);
#772=EDGE_CURVE('',#621,#622,#318,.T.);
#773=EDGE_CURVE('',#622,#621,#523,.T.);
#774=EDGE_CURVE('',#623,#624,#524,.T.);
#775=EDGE_CURVE('',#624,#623,#319,.T.);
#776=EDGE_CURVE('',#625,#626,#525,.T.);
#777=EDGE_CURVE('',#626,#625,#320,.T.);
#778=EDGE_CURVE('',#627,#628,#526,.T.);
#779=EDGE_CURVE('',#628,#627,#321,.T.);
#780=EDGE_CURVE('',#629,#630,#322,.T.);
#781=EDGE_CURVE('',#630,#629,#527,.T.);
#782=EDGE_CURVE('',#631,#632,#528,.T.);
#783=EDGE_CURVE('',#632,#629,#323,.T.);
#784=EDGE_CURVE('',#631,#630,#324,.T.);
#785=EDGE_CURVE('',#632,#631,#325,.T.);
#786=EDGE_CURVE('',#633,#634,#529,.T.);
#787=EDGE_CURVE('',#634,#628,#326,.T.);
#788=EDGE_CURVE('',#633,#627,#327,.T.);
#789=EDGE_CURVE('',#634,#633,#328,.T.);
#790=EDGE_CURVE('',#635,#636,#530,.T.);
#791=EDGE_CURVE('',#636,#626,#329,.T.);
#792=EDGE_CURVE('',#635,#625,#330,.T.);
#793=EDGE_CURVE('',#636,#635,#331,.T.);
#794=EDGE_CURVE('',#637,#638,#531,.T.);
#795=EDGE_CURVE('',#638,#624,#332,.T.);
#796=EDGE_CURVE('',#637,#623,#333,.T.);
#797=EDGE_CURVE('',#638,#637,#334,.T.);
#798=EDGE_CURVE('',#639,#640,#532,.T.);
#799=EDGE_CURVE('',#640,#621,#335,.T.);
#800=EDGE_CURVE('',#639,#622,#336,.T.);
#801=EDGE_CURVE('',#640,#639,#337,.T.);
#802=EDGE_CURVE('',#641,#641,#533,.T.);
#803=EDGE_CURVE('',#641,#642,#338,.T.);
#804=EDGE_CURVE('',#642,#642,#534,.T.);
#805=EDGE_CURVE('',#643,#643,#535,.T.);
#806=EDGE_CURVE('',#643,#644,#339,.T.);
#807=EDGE_CURVE('',#644,#644,#536,.T.);
#808=EDGE_CURVE('',#645,#645,#537,.T.);
#809=EDGE_CURVE('',#645,#646,#340,.T.);
#810=EDGE_CURVE('',#646,#646,#538,.T.);
#811=EDGE_CURVE('',#647,#647,#539,.T.);
#812=EDGE_CURVE('',#647,#648,#341,.T.);
#813=EDGE_CURVE('',#648,#648,#540,.T.);
#814=EDGE_CURVE('',#649,#649,#541,.T.);
#815=EDGE_CURVE('',#649,#650,#342,.T.);
#816=EDGE_CURVE('',#650,#650,#542,.T.);
#817=EDGE_CURVE('',#651,#652,#343,.T.);
#818=EDGE_CURVE('',#652,#653,#543,.T.);
#819=EDGE_CURVE('',#653,#654,#344,.T.);
#820=EDGE_CURVE('',#654,#655,#544,.T.);
#821=EDGE_CURVE('',#655,#656,#345,.T.);
#822=EDGE_CURVE('',#657,#656,#346,.T.);
#823=EDGE_CURVE('',#658,#657,#347,.T.);
#824=EDGE_CURVE('',#659,#658,#348,.T.);
#825=EDGE_CURVE('',#660,#659,#349,.T.);
#826=EDGE_CURVE('',#651,#660,#350,.T.);
#827=EDGE_CURVE('',#654,#617,#351,.T.);
#828=EDGE_CURVE('',#655,#616,#352,.T.);
#829=EDGE_CURVE('',#653,#618,#353,.T.);
#830=EDGE_CURVE('',#652,#619,#354,.T.);
#831=EDGE_CURVE('',#620,#651,#355,.T.);
#832=EDGE_CURVE('',#656,#615,#356,.T.);
#833=EDGE_CURVE('',#661,#662,#545,.F.);
#834=EDGE_CURVE('',#663,#661,#546,.F.);
#835=EDGE_CURVE('',#662,#663,#547,.F.);
#836=EDGE_CURVE('',#659,#664,#548,.F.);
#837=EDGE_CURVE('',#665,#659,#549,.F.);
#838=EDGE_CURVE('',#664,#665,#550,.F.);
#839=EDGE_CURVE('',#666,#667,#551,.F.);
#840=EDGE_CURVE('',#668,#666,#552,.F.);
#841=EDGE_CURVE('',#667,#668,#553,.F.);
#842=EDGE_CURVE('',#666,#662,#357,.T.);
#843=EDGE_CURVE('',#663,#668,#358,.T.);
#844=EDGE_CURVE('',#669,#670,#554,.F.);
#845=EDGE_CURVE('',#658,#669,#555,.F.);
#846=EDGE_CURVE('',#670,#658,#556,.F.);
#847=EDGE_CURVE('',#669,#665,#359,.T.);
#848=EDGE_CURVE('',#657,#671,#557,.T.);
#849=EDGE_CURVE('',#671,#670,#360,.T.);
#850=EDGE_CURVE('',#670,#667,#361,.T.);
#851=EDGE_CURVE('',#668,#669,#362,.T.);
#852=EDGE_CURVE('',#672,#673,#558,.T.);
#853=EDGE_CURVE('',#673,#666,#363,.T.);
#854=EDGE_CURVE('',#667,#672,#364,.T.);
#855=EDGE_CURVE('',#661,#664,#365,.T.);
#856=EDGE_CURVE('',#665,#663,#366,.T.);
#857=EDGE_CURVE('',#674,#660,#559,.T.);
#858=EDGE_CURVE('',#664,#674,#367,.T.);
#859=EDGE_CURVE('',#675,#676,#560,.T.);
#860=EDGE_CURVE('',#676,#661,#368,.T.);
#861=EDGE_CURVE('',#662,#675,#369,.T.);
#862=EDGE_CURVE('',#674,#676,#370,.T.);
#863=EDGE_CURVE('',#675,#673,#371,.T.);
#864=EDGE_CURVE('',#672,#671,#372,.T.);
#865=EDGE_CURVE('',#677,#677,#561,.T.);
#866=EDGE_CURVE('',#678,#678,#562,.T.);
#867=EDGE_CURVE('',#679,#679,#563,.T.);
#868=EDGE_CURVE('',#680,#680,#564,.T.);
#869=EDGE_CURVE('',#680,#681,#373,.T.);
#870=EDGE_CURVE('',#681,#681,#565,.T.);
#871=EDGE_CURVE('',#679,#682,#374,.T.);
#872=EDGE_CURVE('',#682,#682,#566,.T.);
#873=EDGE_CURVE('',#678,#683,#375,.T.);
#874=EDGE_CURVE('',#683,#683,#567,.T.);
#875=EDGE_CURVE('',#677,#684,#376,.T.);
#876=EDGE_CURVE('',#684,#684,#568,.T.);
#877=ORIENTED_EDGE('',*,*,#685,.F.);
#878=ORIENTED_EDGE('',*,*,#686,.T.);
#879=ORIENTED_EDGE('',*,*,#687,.F.);
#880=ORIENTED_EDGE('',*,*,#686,.F.);
#881=ORIENTED_EDGE('',*,*,#688,.F.);
#882=ORIENTED_EDGE('',*,*,#689,.T.);
#883=ORIENTED_EDGE('',*,*,#690,.F.);
#884=ORIENTED_EDGE('',*,*,#689,.F.);
#885=ORIENTED_EDGE('',*,*,#691,.F.);
#886=ORIENTED_EDGE('',*,*,#692,.T.);
#887=ORIENTED_EDGE('',*,*,#693,.F.);
#888=ORIENTED_EDGE('',*,*,#692,.F.);
#889=ORIENTED_EDGE('',*,*,#694,.T.);
#890=ORIENTED_EDGE('',*,*,#695,.T.);
#891=ORIENTED_EDGE('',*,*,#696,.T.);
#892=ORIENTED_EDGE('',*,*,#697,.T.);
#893=ORIENTED_EDGE('',*,*,#696,.F.);
#894=ORIENTED_EDGE('',*,*,#698,.T.);
#895=ORIENTED_EDGE('',*,*,#699,.T.);
#896=ORIENTED_EDGE('',*,*,#698,.F.);
#897=ORIENTED_EDGE('',*,*,#700,.T.);
#898=ORIENTED_EDGE('',*,*,#701,.F.);
#899=ORIENTED_EDGE('',*,*,#702,.T.);
#900=ORIENTED_EDGE('',*,*,#695,.F.);
#901=ORIENTED_EDGE('',*,*,#703,.F.);
#902=ORIENTED_EDGE('',*,*,#704,.F.);
#903=ORIENTED_EDGE('',*,*,#700,.F.);
#904=ORIENTED_EDGE('',*,*,#705,.T.);
#905=ORIENTED_EDGE('',*,*,#704,.T.);
#906=ORIENTED_EDGE('',*,*,#706,.T.);
#907=ORIENTED_EDGE('',*,*,#707,.T.);
#908=ORIENTED_EDGE('',*,*,#705,.F.);
#909=ORIENTED_EDGE('',*,*,#708,.T.);
#910=ORIENTED_EDGE('',*,*,#701,.T.);
#911=ORIENTED_EDGE('',*,*,#708,.F.);
#912=ORIENTED_EDGE('',*,*,#709,.T.);
#913=ORIENTED_EDGE('',*,*,#710,.F.);
#914=ORIENTED_EDGE('',*,*,#711,.T.);
#915=ORIENTED_EDGE('',*,*,#707,.F.);
#916=ORIENTED_EDGE('',*,*,#712,.F.);
#917=ORIENTED_EDGE('',*,*,#713,.F.);
#918=ORIENTED_EDGE('',*,*,#709,.F.);
#919=ORIENTED_EDGE('',*,*,#714,.T.);
#920=ORIENTED_EDGE('',*,*,#715,.T.);
#921=ORIENTED_EDGE('',*,*,#716,.T.);
#922=ORIENTED_EDGE('',*,*,#713,.T.);
#923=ORIENTED_EDGE('',*,*,#716,.F.);
#924=ORIENTED_EDGE('',*,*,#717,.T.);
#925=ORIENTED_EDGE('',*,*,#710,.T.);
#926=ORIENTED_EDGE('',*,*,#717,.F.);
#927=ORIENTED_EDGE('',*,*,#718,.T.);
#928=ORIENTED_EDGE('',*,*,#719,.F.);
#929=ORIENTED_EDGE('',*,*,#720,.T.);
#930=ORIENTED_EDGE('',*,*,#715,.F.);
#931=ORIENTED_EDGE('',*,*,#721,.F.);
#932=ORIENTED_EDGE('',*,*,#722,.F.);
#933=ORIENTED_EDGE('',*,*,#718,.F.);
#934=ORIENTED_EDGE('',*,*,#723,.T.);
#935=ORIENTED_EDGE('',*,*,#724,.T.);
#936=ORIENTED_EDGE('',*,*,#719,.T.);
#937=ORIENTED_EDGE('',*,*,#723,.F.);
#938=ORIENTED_EDGE('',*,*,#722,.T.);
#939=ORIENTED_EDGE('',*,*,#725,.T.);
#940=ORIENTED_EDGE('',*,*,#726,.T.);
#941=ORIENTED_EDGE('',*,*,#724,.F.);
#942=ORIENTED_EDGE('',*,*,#727,.T.);
#943=ORIENTED_EDGE('',*,*,#728,.F.);
#944=ORIENTED_EDGE('',*,*,#729,.T.);
#945=ORIENTED_EDGE('',*,*,#730,.T.);
#946=ORIENTED_EDGE('',*,*,#731,.T.);
#947=ORIENTED_EDGE('',*,*,#732,.T.);
#948=ORIENTED_EDGE('',*,*,#733,.T.);
#949=ORIENTED_EDGE('',*,*,#732,.F.);
#950=ORIENTED_EDGE('',*,*,#734,.T.);
#951=ORIENTED_EDGE('',*,*,#728,.T.);
#952=ORIENTED_EDGE('',*,*,#734,.F.);
#953=ORIENTED_EDGE('',*,*,#735,.T.);
#954=ORIENTED_EDGE('',*,*,#736,.F.);
#955=ORIENTED_EDGE('',*,*,#737,.T.);
#956=ORIENTED_EDGE('',*,*,#731,.F.);
#957=ORIENTED_EDGE('',*,*,#738,.F.);
#958=ORIENTED_EDGE('',*,*,#739,.F.);
#959=ORIENTED_EDGE('',*,*,#735,.F.);
#960=ORIENTED_EDGE('',*,*,#740,.T.);
#961=ORIENTED_EDGE('',*,*,#739,.T.);
#962=ORIENTED_EDGE('',*,*,#741,.T.);
#963=ORIENTED_EDGE('',*,*,#742,.T.);
#964=ORIENTED_EDGE('',*,*,#740,.F.);
#965=ORIENTED_EDGE('',*,*,#743,.T.);
#966=ORIENTED_EDGE('',*,*,#736,.T.);
#967=ORIENTED_EDGE('',*,*,#743,.F.);
#968=ORIENTED_EDGE('',*,*,#744,.T.);
#969=ORIENTED_EDGE('',*,*,#745,.F.);
#970=ORIENTED_EDGE('',*,*,#746,.T.);
#971=ORIENTED_EDGE('',*,*,#742,.F.);
#972=ORIENTED_EDGE('',*,*,#747,.F.);
#973=ORIENTED_EDGE('',*,*,#748,.F.);
#974=ORIENTED_EDGE('',*,*,#744,.F.);
#975=ORIENTED_EDGE('',*,*,#749,.T.);
#976=ORIENTED_EDGE('',*,*,#750,.T.);
#977=ORIENTED_EDGE('',*,*,#751,.T.);
#978=ORIENTED_EDGE('',*,*,#748,.T.);
#979=ORIENTED_EDGE('',*,*,#751,.F.);
#980=ORIENTED_EDGE('',*,*,#752,.T.);
#981=ORIENTED_EDGE('',*,*,#745,.T.);
#982=ORIENTED_EDGE('',*,*,#752,.F.);
#983=ORIENTED_EDGE('',*,*,#753,.T.);
#984=ORIENTED_EDGE('',*,*,#754,.F.);
#985=ORIENTED_EDGE('',*,*,#755,.T.);
#986=ORIENTED_EDGE('',*,*,#750,.F.);
#987=ORIENTED_EDGE('',*,*,#756,.F.);
#988=ORIENTED_EDGE('',*,*,#757,.F.);
#989=ORIENTED_EDGE('',*,*,#753,.F.);
#990=ORIENTED_EDGE('',*,*,#758,.T.);
#991=ORIENTED_EDGE('',*,*,#757,.T.);
#992=ORIENTED_EDGE('',*,*,#759,.T.);
#993=ORIENTED_EDGE('',*,*,#760,.T.);
#994=ORIENTED_EDGE('',*,*,#758,.F.);
#995=ORIENTED_EDGE('',*,*,#761,.T.);
#996=ORIENTED_EDGE('',*,*,#754,.T.);
#997=ORIENTED_EDGE('',*,*,#699,.F.);
#998=ORIENTED_EDGE('',*,*,#762,.T.);
#999=ORIENTED_EDGE('',*,*,#761,.F.);
#1000=ORIENTED_EDGE('',*,*,#763,.T.);
#1001=ORIENTED_EDGE('',*,*,#697,.F.);
#1002=ORIENTED_EDGE('',*,*,#763,.F.);
#1003=ORIENTED_EDGE('',*,*,#760,.F.);
#1004=ORIENTED_EDGE('',*,*,#764,.F.);
#1005=ORIENTED_EDGE('',*,*,#726,.F.);
#1006=ORIENTED_EDGE('',*,*,#765,.F.);
#1007=ORIENTED_EDGE('',*,*,#766,.T.);
#1008=ORIENTED_EDGE('',*,*,#767,.T.);
#1009=ORIENTED_EDGE('',*,*,#768,.T.);
#1010=ORIENTED_EDGE('',*,*,#769,.T.);
#1011=ORIENTED_EDGE('',*,*,#770,.T.);
#1012=ORIENTED_EDGE('',*,*,#771,.F.);
#1013=ORIENTED_EDGE('',*,*,#733,.F.);
#1014=ORIENTED_EDGE('',*,*,#727,.F.);
#1015=ORIENTED_EDGE('',*,*,#772,.T.);
#1016=ORIENTED_EDGE('',*,*,#773,.T.);
#1017=ORIENTED_EDGE('',*,*,#774,.T.);
#1018=ORIENTED_EDGE('',*,*,#775,.T.);
#1019=ORIENTED_EDGE('',*,*,#776,.T.);
#1020=ORIENTED_EDGE('',*,*,#777,.T.);
#1021=ORIENTED_EDGE('',*,*,#778,.T.);
#1022=ORIENTED_EDGE('',*,*,#779,.T.);
#1023=ORIENTED_EDGE('',*,*,#780,.T.);
#1024=ORIENTED_EDGE('',*,*,#781,.T.);
#1025=ORIENTED_EDGE('',*,*,#729,.F.);
#1026=ORIENTED_EDGE('',*,*,#737,.F.);
#1027=ORIENTED_EDGE('',*,*,#746,.F.);
#1028=ORIENTED_EDGE('',*,*,#755,.F.);
#1029=ORIENTED_EDGE('',*,*,#762,.F.);
#1030=ORIENTED_EDGE('',*,*,#702,.F.);
#1031=ORIENTED_EDGE('',*,*,#711,.F.);
#1032=ORIENTED_EDGE('',*,*,#720,.F.);
#1033=ORIENTED_EDGE('',*,*,#685,.T.);
#1034=ORIENTED_EDGE('',*,*,#688,.T.);
#1035=ORIENTED_EDGE('',*,*,#691,.T.);
#1036=ORIENTED_EDGE('',*,*,#782,.T.);
#1037=ORIENTED_EDGE('',*,*,#783,.T.);
#1038=ORIENTED_EDGE('',*,*,#781,.F.);
#1039=ORIENTED_EDGE('',*,*,#784,.F.);
#1040=ORIENTED_EDGE('',*,*,#785,.T.);
#1041=ORIENTED_EDGE('',*,*,#784,.T.);
#1042=ORIENTED_EDGE('',*,*,#780,.F.);
#1043=ORIENTED_EDGE('',*,*,#783,.F.);
#1044=ORIENTED_EDGE('',*,*,#786,.T.);
#1045=ORIENTED_EDGE('',*,*,#787,.T.);
#1046=ORIENTED_EDGE('',*,*,#778,.F.);
#1047=ORIENTED_EDGE('',*,*,#788,.F.);
#1048=ORIENTED_EDGE('',*,*,#789,.T.);
#1049=ORIENTED_EDGE('',*,*,#788,.T.);
#1050=ORIENTED_EDGE('',*,*,#779,.F.);
#1051=ORIENTED_EDGE('',*,*,#787,.F.);
#1052=ORIENTED_EDGE('',*,*,#790,.T.);
#1053=ORIENTED_EDGE('',*,*,#791,.T.);
#1054=ORIENTED_EDGE('',*,*,#776,.F.);
#1055=ORIENTED_EDGE('',*,*,#792,.F.);
#1056=ORIENTED_EDGE('',*,*,#793,.T.);
#1057=ORIENTED_EDGE('',*,*,#792,.T.);
#1058=ORIENTED_EDGE('',*,*,#777,.F.);
#1059=ORIENTED_EDGE('',*,*,#791,.F.);
#1060=ORIENTED_EDGE('',*,*,#794,.T.);
#1061=ORIENTED_EDGE('',*,*,#795,.T.);
#1062=ORIENTED_EDGE('',*,*,#774,.F.);
#1063=ORIENTED_EDGE('',*,*,#796,.F.);
#1064=ORIENTED_EDGE('',*,*,#797,.T.);
#1065=ORIENTED_EDGE('',*,*,#796,.T.);
#1066=ORIENTED_EDGE('',*,*,#775,.F.);
#1067=ORIENTED_EDGE('',*,*,#795,.F.);
#1068=ORIENTED_EDGE('',*,*,#798,.T.);
#1069=ORIENTED_EDGE('',*,*,#799,.T.);
#1070=ORIENTED_EDGE('',*,*,#773,.F.);
#1071=ORIENTED_EDGE('',*,*,#800,.F.);
#1072=ORIENTED_EDGE('',*,*,#801,.T.);
#1073=ORIENTED_EDGE('',*,*,#800,.T.);
#1074=ORIENTED_EDGE('',*,*,#772,.F.);
#1075=ORIENTED_EDGE('',*,*,#799,.F.);
#1076=ORIENTED_EDGE('',*,*,#802,.F.);
#1077=ORIENTED_EDGE('',*,*,#803,.T.);
#1078=ORIENTED_EDGE('',*,*,#804,.T.);
#1079=ORIENTED_EDGE('',*,*,#803,.F.);
#1080=ORIENTED_EDGE('',*,*,#804,.F.);
#1081=ORIENTED_EDGE('',*,*,#794,.F.);
#1082=ORIENTED_EDGE('',*,*,#797,.F.);
#1083=ORIENTED_EDGE('',*,*,#805,.F.);
#1084=ORIENTED_EDGE('',*,*,#806,.T.);
#1085=ORIENTED_EDGE('',*,*,#807,.T.);
#1086=ORIENTED_EDGE('',*,*,#806,.F.);
#1087=ORIENTED_EDGE('',*,*,#807,.F.);
#1088=ORIENTED_EDGE('',*,*,#786,.F.);
#1089=ORIENTED_EDGE('',*,*,#789,.F.);
#1090=ORIENTED_EDGE('',*,*,#808,.F.);
#1091=ORIENTED_EDGE('',*,*,#809,.T.);
#1092=ORIENTED_EDGE('',*,*,#810,.T.);
#1093=ORIENTED_EDGE('',*,*,#809,.F.);
#1094=ORIENTED_EDGE('',*,*,#810,.F.);
#1095=ORIENTED_EDGE('',*,*,#798,.F.);
#1096=ORIENTED_EDGE('',*,*,#801,.F.);
#1097=ORIENTED_EDGE('',*,*,#811,.F.);
#1098=ORIENTED_EDGE('',*,*,#812,.T.);
#1099=ORIENTED_EDGE('',*,*,#813,.T.);
#1100=ORIENTED_EDGE('',*,*,#812,.F.);
#1101=ORIENTED_EDGE('',*,*,#813,.F.);
#1102=ORIENTED_EDGE('',*,*,#790,.F.);
#1103=ORIENTED_EDGE('',*,*,#793,.F.);
#1104=ORIENTED_EDGE('',*,*,#814,.F.);
#1105=ORIENTED_EDGE('',*,*,#815,.T.);
#1106=ORIENTED_EDGE('',*,*,#816,.T.);
#1107=ORIENTED_EDGE('',*,*,#815,.F.);
#1108=ORIENTED_EDGE('',*,*,#816,.F.);
#1109=ORIENTED_EDGE('',*,*,#782,.F.);
#1110=ORIENTED_EDGE('',*,*,#785,.F.);
#1111=ORIENTED_EDGE('',*,*,#817,.T.);
#1112=ORIENTED_EDGE('',*,*,#818,.T.);
#1113=ORIENTED_EDGE('',*,*,#819,.T.);
#1114=ORIENTED_EDGE('',*,*,#820,.T.);
#1115=ORIENTED_EDGE('',*,*,#821,.T.);
#1116=ORIENTED_EDGE('',*,*,#822,.F.);
#1117=ORIENTED_EDGE('',*,*,#823,.F.);
#1118=ORIENTED_EDGE('',*,*,#824,.F.);
#1119=ORIENTED_EDGE('',*,*,#825,.F.);
#1120=ORIENTED_EDGE('',*,*,#826,.F.);
#1121=ORIENTED_EDGE('',*,*,#814,.T.);
#1122=ORIENTED_EDGE('',*,*,#811,.T.);
#1123=ORIENTED_EDGE('',*,*,#808,.T.);
#1124=ORIENTED_EDGE('',*,*,#805,.T.);
#1125=ORIENTED_EDGE('',*,*,#802,.T.);
#1126=ORIENTED_EDGE('',*,*,#820,.F.);
#1127=ORIENTED_EDGE('',*,*,#827,.T.);
#1128=ORIENTED_EDGE('',*,*,#767,.F.);
#1129=ORIENTED_EDGE('',*,*,#828,.F.);
#1130=ORIENTED_EDGE('',*,*,#819,.F.);
#1131=ORIENTED_EDGE('',*,*,#829,.T.);
#1132=ORIENTED_EDGE('',*,*,#768,.F.);
#1133=ORIENTED_EDGE('',*,*,#827,.F.);
#1134=ORIENTED_EDGE('',*,*,#818,.F.);
#1135=ORIENTED_EDGE('',*,*,#830,.T.);
#1136=ORIENTED_EDGE('',*,*,#769,.F.);
#1137=ORIENTED_EDGE('',*,*,#829,.F.);
#1138=ORIENTED_EDGE('',*,*,#817,.F.);
#1139=ORIENTED_EDGE('',*,*,#831,.F.);
#1140=ORIENTED_EDGE('',*,*,#770,.F.);
#1141=ORIENTED_EDGE('',*,*,#830,.F.);
#1142=ORIENTED_EDGE('',*,*,#821,.F.);
#1143=ORIENTED_EDGE('',*,*,#828,.T.);
#1144=ORIENTED_EDGE('',*,*,#766,.F.);
#1145=ORIENTED_EDGE('',*,*,#832,.F.);
#1146=ORIENTED_EDGE('',*,*,#833,.F.);
#1147=ORIENTED_EDGE('',*,*,#834,.F.);
#1148=ORIENTED_EDGE('',*,*,#835,.F.);
#1149=ORIENTED_EDGE('',*,*,#836,.F.);
#1150=ORIENTED_EDGE('',*,*,#837,.F.);
#1151=ORIENTED_EDGE('',*,*,#838,.F.);
#1152=ORIENTED_EDGE('',*,*,#839,.F.);
#1153=ORIENTED_EDGE('',*,*,#840,.F.);
#1154=ORIENTED_EDGE('',*,*,#841,.F.);
#1155=ORIENTED_EDGE('',*,*,#840,.T.);
#1156=ORIENTED_EDGE('',*,*,#842,.T.);
#1157=ORIENTED_EDGE('',*,*,#835,.T.);
#1158=ORIENTED_EDGE('',*,*,#843,.T.);
#1159=ORIENTED_EDGE('',*,*,#844,.F.);
#1160=ORIENTED_EDGE('',*,*,#845,.F.);
#1161=ORIENTED_EDGE('',*,*,#846,.F.);
#1162=ORIENTED_EDGE('',*,*,#837,.T.);
#1163=ORIENTED_EDGE('',*,*,#824,.T.);
#1164=ORIENTED_EDGE('',*,*,#845,.T.);
#1165=ORIENTED_EDGE('',*,*,#847,.T.);
#1166=ORIENTED_EDGE('',*,*,#848,.T.);
#1167=ORIENTED_EDGE('',*,*,#849,.T.);
#1168=ORIENTED_EDGE('',*,*,#846,.T.);
#1169=ORIENTED_EDGE('',*,*,#823,.T.);
#1170=ORIENTED_EDGE('',*,*,#844,.T.);
#1171=ORIENTED_EDGE('',*,*,#850,.T.);
#1172=ORIENTED_EDGE('',*,*,#841,.T.);
#1173=ORIENTED_EDGE('',*,*,#851,.T.);
#1174=ORIENTED_EDGE('',*,*,#852,.T.);
#1175=ORIENTED_EDGE('',*,*,#853,.T.);
#1176=ORIENTED_EDGE('',*,*,#839,.T.);
#1177=ORIENTED_EDGE('',*,*,#854,.T.);
#1178=ORIENTED_EDGE('',*,*,#834,.T.);
#1179=ORIENTED_EDGE('',*,*,#855,.T.);
#1180=ORIENTED_EDGE('',*,*,#838,.T.);
#1181=ORIENTED_EDGE('',*,*,#856,.T.);
#1182=ORIENTED_EDGE('',*,*,#857,.T.);
#1183=ORIENTED_EDGE('',*,*,#825,.T.);
#1184=ORIENTED_EDGE('',*,*,#836,.T.);
#1185=ORIENTED_EDGE('',*,*,#858,.T.);
#1186=ORIENTED_EDGE('',*,*,#859,.T.);
#1187=ORIENTED_EDGE('',*,*,#860,.T.);
#1188=ORIENTED_EDGE('',*,*,#833,.T.);
#1189=ORIENTED_EDGE('',*,*,#861,.T.);
#1190=ORIENTED_EDGE('',*,*,#831,.T.);
#1191=ORIENTED_EDGE('',*,*,#826,.T.);
#1192=ORIENTED_EDGE('',*,*,#857,.F.);
#1193=ORIENTED_EDGE('',*,*,#862,.T.);
#1194=ORIENTED_EDGE('',*,*,#859,.F.);
#1195=ORIENTED_EDGE('',*,*,#863,.T.);
#1196=ORIENTED_EDGE('',*,*,#852,.F.);
#1197=ORIENTED_EDGE('',*,*,#864,.T.);
#1198=ORIENTED_EDGE('',*,*,#848,.F.);
#1199=ORIENTED_EDGE('',*,*,#822,.T.);
#1200=ORIENTED_EDGE('',*,*,#832,.T.);
#1201=ORIENTED_EDGE('',*,*,#765,.T.);
#1202=ORIENTED_EDGE('',*,*,#725,.F.);
#1203=ORIENTED_EDGE('',*,*,#721,.T.);
#1204=ORIENTED_EDGE('',*,*,#714,.F.);
#1205=ORIENTED_EDGE('',*,*,#712,.T.);
#1206=ORIENTED_EDGE('',*,*,#706,.F.);
#1207=ORIENTED_EDGE('',*,*,#703,.T.);
#1208=ORIENTED_EDGE('',*,*,#694,.F.);
#1209=ORIENTED_EDGE('',*,*,#764,.T.);
#1210=ORIENTED_EDGE('',*,*,#759,.F.);
#1211=ORIENTED_EDGE('',*,*,#756,.T.);
#1212=ORIENTED_EDGE('',*,*,#749,.F.);
#1213=ORIENTED_EDGE('',*,*,#747,.T.);
#1214=ORIENTED_EDGE('',*,*,#741,.F.);
#1215=ORIENTED_EDGE('',*,*,#738,.T.);
#1216=ORIENTED_EDGE('',*,*,#730,.F.);
#1217=ORIENTED_EDGE('',*,*,#771,.T.);
#1218=ORIENTED_EDGE('',*,*,#865,.T.);
#1219=ORIENTED_EDGE('',*,*,#866,.T.);
#1220=ORIENTED_EDGE('',*,*,#867,.T.);
#1221=ORIENTED_EDGE('',*,*,#868,.T.);
#1222=ORIENTED_EDGE('',*,*,#858,.F.);
#1223=ORIENTED_EDGE('',*,*,#855,.F.);
#1224=ORIENTED_EDGE('',*,*,#860,.F.);
#1225=ORIENTED_EDGE('',*,*,#862,.F.);
#1226=ORIENTED_EDGE('',*,*,#847,.F.);
#1227=ORIENTED_EDGE('',*,*,#851,.F.);
#1228=ORIENTED_EDGE('',*,*,#843,.F.);
#1229=ORIENTED_EDGE('',*,*,#856,.F.);
#1230=ORIENTED_EDGE('',*,*,#687,.T.);
#1231=ORIENTED_EDGE('',*,*,#690,.T.);
#1232=ORIENTED_EDGE('',*,*,#693,.T.);
#1233=ORIENTED_EDGE('',*,*,#868,.F.);
#1234=ORIENTED_EDGE('',*,*,#869,.T.);
#1235=ORIENTED_EDGE('',*,*,#870,.T.);
#1236=ORIENTED_EDGE('',*,*,#869,.F.);
#1237=ORIENTED_EDGE('',*,*,#870,.F.);
#1238=ORIENTED_EDGE('',*,*,#867,.F.);
#1239=ORIENTED_EDGE('',*,*,#871,.T.);
#1240=ORIENTED_EDGE('',*,*,#872,.T.);
#1241=ORIENTED_EDGE('',*,*,#871,.F.);
#1242=ORIENTED_EDGE('',*,*,#872,.F.);
#1243=ORIENTED_EDGE('',*,*,#866,.F.);
#1244=ORIENTED_EDGE('',*,*,#873,.T.);
#1245=ORIENTED_EDGE('',*,*,#874,.T.);
#1246=ORIENTED_EDGE('',*,*,#873,.F.);
#1247=ORIENTED_EDGE('',*,*,#874,.F.);
#1248=ORIENTED_EDGE('',*,*,#865,.F.);
#1249=ORIENTED_EDGE('',*,*,#875,.T.);
#1250=ORIENTED_EDGE('',*,*,#876,.T.);
#1251=ORIENTED_EDGE('',*,*,#875,.F.);
#1252=ORIENTED_EDGE('',*,*,#876,.F.);
#1253=ORIENTED_EDGE('',*,*,#849,.F.);
#1254=ORIENTED_EDGE('',*,*,#864,.F.);
#1255=ORIENTED_EDGE('',*,*,#854,.F.);
#1256=ORIENTED_EDGE('',*,*,#850,.F.);
#1257=ORIENTED_EDGE('',*,*,#853,.F.);
#1258=ORIENTED_EDGE('',*,*,#863,.F.);
#1259=ORIENTED_EDGE('',*,*,#861,.F.);
#1260=ORIENTED_EDGE('',*,*,#842,.F.);
#1261=CYLINDRICAL_SURFACE('',#1405,6.);
#1262=CYLINDRICAL_SURFACE('',#1408,6.);
#1263=CYLINDRICAL_SURFACE('',#1411,9.);
#1264=CYLINDRICAL_SURFACE('',#1414,3.);
#1265=CYLINDRICAL_SURFACE('',#1424,5.);
#1266=CYLINDRICAL_SURFACE('',#1426,3.);
#1267=CYLINDRICAL_SURFACE('',#1431,3.);
#1268=CYLINDRICAL_SURFACE('',#1434,3.);
#1269=CYLINDRICAL_SURFACE('',#1443,5.);
#1270=CYLINDRICAL_SURFACE('',#1448,3.);
#1271=CYLINDRICAL_SURFACE('',#1450,3.);
#1272=CYLINDRICAL_SURFACE('',#1452,3.);
#1273=CYLINDRICAL_SURFACE('',#1461,5.);
#1274=CYLINDRICAL_SURFACE('',#1463,3.);
#1275=CYLINDRICAL_SURFACE('',#1468,3.);
#1276=CYLINDRICAL_SURFACE('',#1471,3.);
#1277=CYLINDRICAL_SURFACE('',#1480,5.);
#1278=CYLINDRICAL_SURFACE('',#1482,3.);
#1279=CYLINDRICAL_SURFACE('',#1487,3.);
#1280=CYLINDRICAL_SURFACE('',#1498,3.25);
#1281=CYLINDRICAL_SURFACE('',#1501,3.25);
#1282=CYLINDRICAL_SURFACE('',#1504,3.25);
#1283=CYLINDRICAL_SURFACE('',#1507,3.25);
#1284=CYLINDRICAL_SURFACE('',#1510,3.25);
#1285=CYLINDRICAL_SURFACE('',#1513,5.25);
#1286=CYLINDRICAL_SURFACE('',#1517,5.25);
#1287=CYLINDRICAL_SURFACE('',#1521,5.25);
#1288=CYLINDRICAL_SURFACE('',#1525,5.25);
#1289=CYLINDRICAL_SURFACE('',#1529,5.25);
#1290=CYLINDRICAL_SURFACE('',#1536,2.00000000000001);
#1291=CYLINDRICAL_SURFACE('',#1538,2.);
#1292=CYLINDRICAL_SURFACE('',#1553,1.);
#1293=CYLINDRICAL_SURFACE('',#1558,1.);
#1294=CYLINDRICAL_SURFACE('',#1559,1.);
#1295=CYLINDRICAL_SURFACE('',#1561,1.);
#1296=CYLINDRICAL_SURFACE('',#1562,1.);
#1297=CYLINDRICAL_SURFACE('',#1564,1.);
#1298=CYLINDRICAL_SURFACE('',#1565,1.);
#1299=CYLINDRICAL_SURFACE('',#1567,1.);
#1300=CYLINDRICAL_SURFACE('',#1576,1.5);
#1301=CYLINDRICAL_SURFACE('',#1579,1.5);
#1302=CYLINDRICAL_SURFACE('',#1582,1.5);
#1303=CYLINDRICAL_SURFACE('',#1585,1.5);
#1304=ADVANCED_FACE('',(#84),#1261,.F.);
#1305=ADVANCED_FACE('',(#85),#1262,.F.);
#1306=ADVANCED_FACE('',(#86),#1263,.F.);
#1307=ADVANCED_FACE('',(#87),#1264,.F.);
#1308=ADVANCED_FACE('',(#88),#72,.F.);
#1309=ADVANCED_FACE('',(#89),#68,.F.);
#1310=ADVANCED_FACE('',(#90),#1265,.T.);
#1311=ADVANCED_FACE('',(#91),#1266,.F.);
#1312=ADVANCED_FACE('',(#92),#73,.F.);
#1313=ADVANCED_FACE('',(#93),#1267,.F.);
#1314=ADVANCED_FACE('',(#94),#40,.F.);
#1315=ADVANCED_FACE('',(#95),#1268,.F.);
#1316=ADVANCED_FACE('',(#96),#74,.F.);
#1317=ADVANCED_FACE('',(#97),#69,.F.);
#1318=ADVANCED_FACE('',(#98),#1269,.T.);
#1319=ADVANCED_FACE('',(#99),#75,.F.);
#1320=ADVANCED_FACE('',(#100),#1270,.F.);
#1321=ADVANCED_FACE('',(#101),#1271,.F.);
#1322=ADVANCED_FACE('',(#102),#1272,.F.);
#1323=ADVANCED_FACE('',(#103),#76,.F.);
#1324=ADVANCED_FACE('',(#104),#70,.F.);
#1325=ADVANCED_FACE('',(#105),#1273,.T.);
#1326=ADVANCED_FACE('',(#106),#1274,.F.);
#1327=ADVANCED_FACE('',(#107),#77,.F.);
#1328=ADVANCED_FACE('',(#108),#1275,.F.);
#1329=ADVANCED_FACE('',(#109),#41,.F.);
#1330=ADVANCED_FACE('',(#110),#1276,.F.);
#1331=ADVANCED_FACE('',(#111),#78,.F.);
#1332=ADVANCED_FACE('',(#112),#71,.F.);
#1333=ADVANCED_FACE('',(#113),#1277,.T.);
#1334=ADVANCED_FACE('',(#114),#1278,.F.);
#1335=ADVANCED_FACE('',(#115),#79,.F.);
#1336=ADVANCED_FACE('',(#116),#1279,.F.);
#1337=ADVANCED_FACE('',(#117),#42,.F.);
#1338=ADVANCED_FACE('',(#118,#15,#16,#17,#18,#19),#43,.F.);
#1339=ADVANCED_FACE('',(#119,#20,#21,#22),#44,.F.);
#1340=ADVANCED_FACE('',(#120),#1280,.F.);
#1341=ADVANCED_FACE('',(#121),#45,.F.);
#1342=ADVANCED_FACE('',(#122),#1281,.F.);
#1343=ADVANCED_FACE('',(#123),#46,.F.);
#1344=ADVANCED_FACE('',(#124),#1282,.F.);
#1345=ADVANCED_FACE('',(#125),#47,.F.);
#1346=ADVANCED_FACE('',(#126),#1283,.F.);
#1347=ADVANCED_FACE('',(#127),#48,.F.);
#1348=ADVANCED_FACE('',(#128),#1284,.F.);
#1349=ADVANCED_FACE('',(#129),#49,.F.);
#1350=ADVANCED_FACE('',(#130),#1285,.F.);
#1351=ADVANCED_FACE('',(#131,#23),#50,.T.);
#1352=ADVANCED_FACE('',(#132),#1286,.F.);
#1353=ADVANCED_FACE('',(#133,#24),#51,.T.);
#1354=ADVANCED_FACE('',(#134),#1287,.F.);
#1355=ADVANCED_FACE('',(#135,#25),#52,.T.);
#1356=ADVANCED_FACE('',(#136),#1288,.F.);
#1357=ADVANCED_FACE('',(#137,#26),#53,.T.);
#1358=ADVANCED_FACE('',(#138),#1289,.F.);
#1359=ADVANCED_FACE('',(#139,#27),#54,.T.);
#1360=ADVANCED_FACE('',(#140,#28,#29,#30,#31,#32),#55,.T.);
#1361=ADVANCED_FACE('',(#141),#1290,.F.);
#1362=ADVANCED_FACE('',(#142),#56,.F.);
#1363=ADVANCED_FACE('',(#143),#1291,.F.);
#1364=ADVANCED_FACE('',(#144),#57,.F.);
#1365=ADVANCED_FACE('',(#145),#58,.F.);
#1366=ADVANCED_FACE('',(#146),#80,.T.);
#1367=ADVANCED_FACE('',(#147),#81,.T.);
#1368=ADVANCED_FACE('',(#148),#82,.T.);
#1369=ADVANCED_FACE('',(#149),#1292,.T.);
#1370=ADVANCED_FACE('',(#150),#83,.T.);
#1371=ADVANCED_FACE('',(#151),#1293,.T.);
#1372=ADVANCED_FACE('',(#152),#1294,.T.);
#1373=ADVANCED_FACE('',(#153),#1295,.T.);
#1374=ADVANCED_FACE('',(#154),#1296,.T.);
#1375=ADVANCED_FACE('',(#155),#1297,.T.);
#1376=ADVANCED_FACE('',(#156),#1298,.T.);
#1377=ADVANCED_FACE('',(#157),#1299,.T.);
#1378=ADVANCED_FACE('',(#158,#33,#34,#35,#36),#59,.T.);
#1379=ADVANCED_FACE('',(#159),#60,.T.);
#1380=ADVANCED_FACE('',(#160,#37,#38,#39),#61,.F.);
#1381=ADVANCED_FACE('',(#161),#1300,.F.);
#1382=ADVANCED_FACE('',(#162),#62,.T.);
#1383=ADVANCED_FACE('',(#163),#1301,.F.);
#1384=ADVANCED_FACE('',(#164),#63,.T.);
#1385=ADVANCED_FACE('',(#165),#1302,.F.);
#1386=ADVANCED_FACE('',(#166),#64,.T.);
#1387=ADVANCED_FACE('',(#167),#1303,.F.);
#1388=ADVANCED_FACE('',(#168),#65,.T.);
#1389=ADVANCED_FACE('',(#169),#66,.T.);
#1390=ADVANCED_FACE('',(#170),#67,.T.);
#1391=CLOSED_SHELL('',(#1304,#1305,#1306,#1307,#1308,#1309,#1310,#1311,
#1312,#1313,#1314,#1315,#1316,#1317,#1318,#1319,#1320,#1321,#1322,#1323,
#1324,#1325,#1326,#1327,#1328,#1329,#1330,#1331,#1332,#1333,#1334,#1335,
#1336,#1337,#1338,#1339,#1340,#1341,#1342,#1343,#1344,#1345,#1346,#1347,
#1348,#1349,#1350,#1351,#1352,#1353,#1354,#1355,#1356,#1357,#1358,#1359,
#1360,#1361,#1362,#1363,#1364,#1365,#1366,#1367,#1368,#1369,#1370,#1371,
#1372,#1373,#1374,#1375,#1376,#1377,#1378,#1379,#1380,#1381,#1382,#1383,
#1384,#1385,#1386,#1387,#1388,#1389,#1390));
#1392=DERIVED_UNIT_ELEMENT(#1394,1.);
#1393=DERIVED_UNIT_ELEMENT(#2457,-3.);
#1394=(
MASS_UNIT()
NAMED_UNIT(*)
SI_UNIT(.KILO.,.GRAM.)
);
#1395=DERIVED_UNIT((#1392,#1393));
#1396=MEASURE_REPRESENTATION_ITEM('density measure',
POSITIVE_RATIO_MEASURE(7850.),#1395);
#1397=PROPERTY_DEFINITION_REPRESENTATION(#1402,#1399);
#1398=PROPERTY_DEFINITION_REPRESENTATION(#1403,#1400);
#1399=REPRESENTATION('material name',(#1401),#2454);
#1400=REPRESENTATION('density',(#1396),#2454);
#1401=DESCRIPTIVE_REPRESENTATION_ITEM('Steel','Steel');
#1402=PROPERTY_DEFINITION('material property','material name',#2464);
#1403=PROPERTY_DEFINITION('material property','density of part',#2464);
#1404=AXIS2_PLACEMENT_3D('',#2056,#1590,#1591);
#1405=AXIS2_PLACEMENT_3D('',#2057,#1592,#1593);
#1406=AXIS2_PLACEMENT_3D('',#2059,#1594,#1595);
#1407=AXIS2_PLACEMENT_3D('',#2062,#1597,#1598);
#1408=AXIS2_PLACEMENT_3D('',#2063,#1599,#1600);
#1409=AXIS2_PLACEMENT_3D('',#2065,#1601,#1602);
#1410=AXIS2_PLACEMENT_3D('',#2068,#1604,#1605);
#1411=AXIS2_PLACEMENT_3D('',#2069,#1606,#1607);
#1412=AXIS2_PLACEMENT_3D('',#2071,#1608,#1609);
#1413=AXIS2_PLACEMENT_3D('',#2074,#1611,#1612);
#1414=AXIS2_PLACEMENT_3D('',#2075,#1613,#1614);
#1415=AXIS2_PLACEMENT_3D('',#2078,#1615,#1616);
#1416=AXIS2_PLACEMENT_3D('',#2082,#1618,#1619);
#1417=AXIS2_PLACEMENT_3D('',#2084,#1621,#1622);
#1418=AXIS2_PLACEMENT_3D('',#2086,#1623,#1624);
#1419=AXIS2_PLACEMENT_3D('',#2087,#1625,#1626);
#1420=AXIS2_PLACEMENT_3D('',#2088,#1627,#1628);
#1421=AXIS2_PLACEMENT_3D('',#2090,#1629,#1630);
#1422=AXIS2_PLACEMENT_3D('',#2092,#1631,#1632);
#1423=AXIS2_PLACEMENT_3D('',#2093,#1633,#1634);
#1424=AXIS2_PLACEMENT_3D('',#2094,#1635,#1636);
#1425=AXIS2_PLACEMENT_3D('',#2096,#1637,#1638);
#1426=AXIS2_PLACEMENT_3D('',#2098,#1640,#1641);
#1427=AXIS2_PLACEMENT_3D('',#2100,#1642,#1643);
#1428=AXIS2_PLACEMENT_3D('',#2102,#1644,#1645);
#1429=AXIS2_PLACEMENT_3D('',#2104,#1647,#1648);
#1430=AXIS2_PLACEMENT_3D('',#2105,#1649,#1650);
#1431=AXIS2_PLACEMENT_3D('',#2106,#1651,#1652);
#1432=AXIS2_PLACEMENT_3D('',#2110,#1654,#1655);
#1433=AXIS2_PLACEMENT_3D('',#2112,#1657,#1658);
#1434=AXIS2_PLACEMENT_3D('',#2116,#1661,#1662);
#1435=AXIS2_PLACEMENT_3D('',#2118,#1663,#1664);
#1436=AXIS2_PLACEMENT_3D('',#2121,#1666,#1667);
#1437=AXIS2_PLACEMENT_3D('',#2122,#1668,#1669);
#1438=AXIS2_PLACEMENT_3D('',#2123,#1670,#1671);
#1439=AXIS2_PLACEMENT_3D('',#2124,#1672,#1673);
#1440=AXIS2_PLACEMENT_3D('',#2126,#1674,#1675);
#1441=AXIS2_PLACEMENT_3D('',#2128,#1676,#1677);
#1442=AXIS2_PLACEMENT_3D('',#2129,#1678,#1679);
#1443=AXIS2_PLACEMENT_3D('',#2130,#1680,#1681);
#1444=AXIS2_PLACEMENT_3D('',#2132,#1682,#1683);
#1445=AXIS2_PLACEMENT_3D('',#2134,#1685,#1686);
#1446=AXIS2_PLACEMENT_3D('',#2136,#1687,#1688);
#1447=AXIS2_PLACEMENT_3D('',#2137,#1689,#1690);
#1448=AXIS2_PLACEMENT_3D('',#2138,#1691,#1692);
#1449=AXIS2_PLACEMENT_3D('',#2140,#1693,#1694);
#1450=AXIS2_PLACEMENT_3D('',#2142,#1696,#1697);
#1451=AXIS2_PLACEMENT_3D('',#2146,#1699,#1700);
#1452=AXIS2_PLACEMENT_3D('',#2148,#1702,#1703);
#1453=AXIS2_PLACEMENT_3D('',#2151,#1704,#1705);
#1454=AXIS2_PLACEMENT_3D('',#2154,#1707,#1708);
#1455=AXIS2_PLACEMENT_3D('',#2156,#1710,#1711);
#1456=AXIS2_PLACEMENT_3D('',#2157,#1712,#1713);
#1457=AXIS2_PLACEMENT_3D('',#2158,#1714,#1715);
#1458=AXIS2_PLACEMENT_3D('',#2160,#1716,#1717);
#1459=AXIS2_PLACEMENT_3D('',#2162,#1718,#1719);
#1460=AXIS2_PLACEMENT_3D('',#2163,#1720,#1721);
#1461=AXIS2_PLACEMENT_3D('',#2164,#1722,#1723);
#1462=AXIS2_PLACEMENT_3D('',#2166,#1724,#1725);
#1463=AXIS2_PLACEMENT_3D('',#2168,#1727,#1728);
#1464=AXIS2_PLACEMENT_3D('',#2170,#1729,#1730);
#1465=AXIS2_PLACEMENT_3D('',#2172,#1731,#1732);
#1466=AXIS2_PLACEMENT_3D('',#2174,#1734,#1735);
#1467=AXIS2_PLACEMENT_3D('',#2175,#1736,#1737);
#1468=AXIS2_PLACEMENT_3D('',#2176,#1738,#1739);
#1469=AXIS2_PLACEMENT_3D('',#2180,#1741,#1742);
#1470=AXIS2_PLACEMENT_3D('',#2182,#1744,#1745);
#1471=AXIS2_PLACEMENT_3D('',#2186,#1748,#1749);
#1472=AXIS2_PLACEMENT_3D('',#2188,#1750,#1751);
#1473=AXIS2_PLACEMENT_3D('',#2191,#1753,#1754);
#1474=AXIS2_PLACEMENT_3D('',#2192,#1755,#1756);
#1475=AXIS2_PLACEMENT_3D('',#2193,#1757,#1758);
#1476=AXIS2_PLACEMENT_3D('',#2194,#1759,#1760);
#1477=AXIS2_PLACEMENT_3D('',#2196,#1761,#1762);
#1478=AXIS2_PLACEMENT_3D('',#2198,#1763,#1764);
#1479=AXIS2_PLACEMENT_3D('',#2199,#1765,#1766);
#1480=AXIS2_PLACEMENT_3D('',#2200,#1767,#1768);
#1481=AXIS2_PLACEMENT_3D('',#2202,#1769,#1770);
#1482=AXIS2_PLACEMENT_3D('',#2204,#1772,#1773);
#1483=AXIS2_PLACEMENT_3D('',#2206,#1774,#1775);
#1484=AXIS2_PLACEMENT_3D('',#2208,#1776,#1777);
#1485=AXIS2_PLACEMENT_3D('',#2210,#1779,#1780);
#1486=AXIS2_PLACEMENT_3D('',#2211,#1781,#1782);
#1487=AXIS2_PLACEMENT_3D('',#2212,#1783,#1784);
#1488=AXIS2_PLACEMENT_3D('',#2215,#1787,#1788);
#1489=AXIS2_PLACEMENT_3D('',#2217,#1790,#1791);
#1490=AXIS2_PLACEMENT_3D('',#2223,#1794,#1795);
#1491=AXIS2_PLACEMENT_3D('',#2227,#1797,#1798);
#1492=AXIS2_PLACEMENT_3D('',#2234,#1802,#1803);
#1493=AXIS2_PLACEMENT_3D('',#2237,#1804,#1805);
#1494=AXIS2_PLACEMENT_3D('',#2241,#1807,#1808);
#1495=AXIS2_PLACEMENT_3D('',#2245,#1810,#1811);
#1496=AXIS2_PLACEMENT_3D('',#2250,#1814,#1815);
#1497=AXIS2_PLACEMENT_3D('',#2251,#1816,#1817);
#1498=AXIS2_PLACEMENT_3D('',#2252,#1818,#1819);
#1499=AXIS2_PLACEMENT_3D('',#2255,#1820,#1821);
#1500=AXIS2_PLACEMENT_3D('',#2258,#1824,#1825);
#1501=AXIS2_PLACEMENT_3D('',#2260,#1827,#1828);
#1502=AXIS2_PLACEMENT_3D('',#2263,#1829,#1830);
#1503=AXIS2_PLACEMENT_3D('',#2266,#1833,#1834);
#1504=AXIS2_PLACEMENT_3D('',#2268,#1836,#1837);
#1505=AXIS2_PLACEMENT_3D('',#2271,#1838,#1839);
#1506=AXIS2_PLACEMENT_3D('',#2274,#1842,#1843);
#1507=AXIS2_PLACEMENT_3D('',#2276,#1845,#1846);
#1508=AXIS2_PLACEMENT_3D('',#2279,#1847,#1848);
#1509=AXIS2_PLACEMENT_3D('',#2282,#1851,#1852);
#1510=AXIS2_PLACEMENT_3D('',#2284,#1854,#1855);
#1511=AXIS2_PLACEMENT_3D('',#2287,#1856,#1857);
#1512=AXIS2_PLACEMENT_3D('',#2290,#1860,#1861);
#1513=AXIS2_PLACEMENT_3D('',#2292,#1863,#1864);
#1514=AXIS2_PLACEMENT_3D('',#2294,#1865,#1866);
#1515=AXIS2_PLACEMENT_3D('',#2297,#1868,#1869);
#1516=AXIS2_PLACEMENT_3D('',#2298,#1870,#1871);
#1517=AXIS2_PLACEMENT_3D('',#2299,#1872,#1873);
#1518=AXIS2_PLACEMENT_3D('',#2301,#1874,#1875);
#1519=AXIS2_PLACEMENT_3D('',#2304,#1877,#1878);
#1520=AXIS2_PLACEMENT_3D('',#2305,#1879,#1880);
#1521=AXIS2_PLACEMENT_3D('',#2306,#1881,#1882);
#1522=AXIS2_PLACEMENT_3D('',#2308,#1883,#1884);
#1523=AXIS2_PLACEMENT_3D('',#2311,#1886,#1887);
#1524=AXIS2_PLACEMENT_3D('',#2312,#1888,#1889);
#1525=AXIS2_PLACEMENT_3D('',#2313,#1890,#1891);
#1526=AXIS2_PLACEMENT_3D('',#2315,#1892,#1893);
#1527=AXIS2_PLACEMENT_3D('',#2318,#1895,#1896);
#1528=AXIS2_PLACEMENT_3D('',#2319,#1897,#1898);
#1529=AXIS2_PLACEMENT_3D('',#2320,#1899,#1900);
#1530=AXIS2_PLACEMENT_3D('',#2322,#1901,#1902);
#1531=AXIS2_PLACEMENT_3D('',#2325,#1904,#1905);
#1532=AXIS2_PLACEMENT_3D('',#2326,#1906,#1907);
#1533=AXIS2_PLACEMENT_3D('',#2327,#1908,#1909);
#1534=AXIS2_PLACEMENT_3D('',#2332,#1911,#1912);
#1535=AXIS2_PLACEMENT_3D('',#2336,#1914,#1915);
#1536=AXIS2_PLACEMENT_3D('',#2348,#1922,#1923);
#1537=AXIS2_PLACEMENT_3D('',#2351,#1926,#1927);
#1538=AXIS2_PLACEMENT_3D('',#2353,#1929,#1930);
#1539=AXIS2_PLACEMENT_3D('',#2355,#1932,#1933);
#1540=AXIS2_PLACEMENT_3D('',#2357,#1935,#1936);
#1541=AXIS2_PLACEMENT_3D('',#2359,#1938,#1939);
#1542=AXIS2_PLACEMENT_3D('',#2362,#1940,#1941);
#1543=AXIS2_PLACEMENT_3D('',#2364,#1942,#1943);
#1544=AXIS2_PLACEMENT_3D('',#2365,#1944,#1945);
#1545=AXIS2_PLACEMENT_3D('',#2366,#1946,#1947);
#1546=AXIS2_PLACEMENT_3D('',#2368,#1948,#1949);
#1547=AXIS2_PLACEMENT_3D('',#2370,#1950,#1951);
#1548=AXIS2_PLACEMENT_3D('',#2371,#1952,#1953);
#1549=AXIS2_PLACEMENT_3D('',#2372,#1954,#1955);
#1550=AXIS2_PLACEMENT_3D('',#2375,#1956,#1957);
#1551=AXIS2_PLACEMENT_3D('',#2377,#1958,#1959);
#1552=AXIS2_PLACEMENT_3D('',#2378,#1960,#1961);
#1553=AXIS2_PLACEMENT_3D('',#2379,#1962,#1963);
#1554=AXIS2_PLACEMENT_3D('',#2382,#1966,#1967);
#1555=AXIS2_PLACEMENT_3D('',#2385,#1968,#1969);
#1556=AXIS2_PLACEMENT_3D('',#2386,#1970,#1971);
#1557=AXIS2_PLACEMENT_3D('',#2387,#1972,#1973);
#1558=AXIS2_PLACEMENT_3D('',#2388,#1974,#1975);
#1559=AXIS2_PLACEMENT_3D('',#2390,#1977,#1978);
#1560=AXIS2_PLACEMENT_3D('',#2392,#1979,#1980);
#1561=AXIS2_PLACEMENT_3D('',#2394,#1982,#1983);
#1562=AXIS2_PLACEMENT_3D('',#2397,#1986,#1987);
#1563=AXIS2_PLACEMENT_3D('',#2400,#1988,#1989);
#1564=AXIS2_PLACEMENT_3D('',#2403,#1992,#1993);
#1565=AXIS2_PLACEMENT_3D('',#2406,#1996,#1997);
#1566=AXIS2_PLACEMENT_3D('',#2408,#1998,#1999);
#1567=AXIS2_PLACEMENT_3D('',#2410,#2001,#2002);
#1568=AXIS2_PLACEMENT_3D('',#2413,#2003,#2004);
#1569=AXIS2_PLACEMENT_3D('',#2416,#2007,#2008);
#1570=AXIS2_PLACEMENT_3D('',#2421,#2012,#2013);
#1571=AXIS2_PLACEMENT_3D('',#2423,#2014,#2015);
#1572=AXIS2_PLACEMENT_3D('',#2425,#2016,#2017);
#1573=AXIS2_PLACEMENT_3D('',#2427,#2018,#2019);
#1574=AXIS2_PLACEMENT_3D('',#2428,#2020,#2021);
#1575=AXIS2_PLACEMENT_3D('',#2429,#2022,#2023);
#1576=AXIS2_PLACEMENT_3D('',#2430,#2024,#2025);
#1577=AXIS2_PLACEMENT_3D('',#2433,#2027,#2028);
#1578=AXIS2_PLACEMENT_3D('',#2434,#2029,#2030);
#1579=AXIS2_PLACEMENT_3D('',#2435,#2031,#2032);
#1580=AXIS2_PLACEMENT_3D('',#2438,#2034,#2035);
#1581=AXIS2_PLACEMENT_3D('',#2439,#2036,#2037);
#1582=AXIS2_PLACEMENT_3D('',#2440,#2038,#2039);
#1583=AXIS2_PLACEMENT_3D('',#2443,#2041,#2042);
#1584=AXIS2_PLACEMENT_3D('',#2444,#2043,#2044);
#1585=AXIS2_PLACEMENT_3D('',#2445,#2045,#2046);
#1586=AXIS2_PLACEMENT_3D('',#2448,#2048,#2049);
#1587=AXIS2_PLACEMENT_3D('',#2449,#2050,#2051);
#1588=AXIS2_PLACEMENT_3D('',#2450,#2052,#2053);
#1589=AXIS2_PLACEMENT_3D('',#2451,#2054,#2055);
#1590=DIRECTION('axis',(0.,0.,1.));
#1591=DIRECTION('refdir',(1.,0.,0.));
#1592=DIRECTION('center_axis',(0.,-1.,0.));
#1593=DIRECTION('ref_axis',(-1.,0.,0.));
#1594=DIRECTION('center_axis',(0.,-1.,0.));
#1595=DIRECTION('ref_axis',(-1.,0.,0.));
#1596=DIRECTION('',(0.,-1.,0.));
#1597=DIRECTION('center_axis',(0.,1.,0.));
#1598=DIRECTION('ref_axis',(-1.,0.,0.));
#1599=DIRECTION('center_axis',(0.,-1.,0.));
#1600=DIRECTION('ref_axis',(-1.,0.,0.));
#1601=DIRECTION('center_axis',(0.,-1.,0.));
#1602=DIRECTION('ref_axis',(-1.,0.,0.));
#1603=DIRECTION('',(0.,-1.,0.));
#1604=DIRECTION('center_axis',(0.,1.,0.));
#1605=DIRECTION('ref_axis',(-1.,0.,0.));
#1606=DIRECTION('center_axis',(0.,-1.,0.));
#1607=DIRECTION('ref_axis',(-1.,0.,0.));
#1608=DIRECTION('center_axis',(0.,-1.,0.));
#1609=DIRECTION('ref_axis',(-1.,0.,0.));
#1610=DIRECTION('',(0.,-1.,0.));
#1611=DIRECTION('center_axis',(0.,1.,0.));
#1612=DIRECTION('ref_axis',(-1.,0.,0.));
#1613=DIRECTION('center_axis',(0.,-1.,0.));
#1614=DIRECTION('ref_axis',(-0.75,0.,0.661437827766147));
#1615=DIRECTION('center_axis',(0.,1.,0.));
#1616=DIRECTION('ref_axis',(-0.75,0.,0.661437827766147));
#1617=DIRECTION('',(0.,-1.,0.));
#1618=DIRECTION('center_axis',(0.,-1.,0.));
#1619=DIRECTION('ref_axis',(-0.124999999999999,0.,0.992156741649222));
#1620=DIRECTION('',(0.,1.,0.));
#1621=DIRECTION('center_axis',(0.,0.,1.));
#1622=DIRECTION('ref_axis',(1.,0.,0.));
#1623=DIRECTION('center_axis',(0.992156741649222,0.,0.125));
#1624=DIRECTION('ref_axis',(-0.125,0.,0.992156741649222));
#1625=DIRECTION('center_axis',(0.,0.,-1.));
#1626=DIRECTION('ref_axis',(-0.707106781186546,-0.707106781186549,0.));
#1627=DIRECTION('center_axis',(0.,-1.,0.));
#1628=DIRECTION('ref_axis',(0.,0.,-1.));
#1629=DIRECTION('center_axis',(0.,-1.,0.));
#1630=DIRECTION('ref_axis',(0.707106781186547,0.,-0.707106781186548));
#1631=DIRECTION('center_axis',(-0.125000000000001,0.,-0.992156741649221));
#1632=DIRECTION('ref_axis',(-0.992156741649221,0.,0.125000000000001));
#1633=DIRECTION('center_axis',(0.,1.,0.));
#1634=DIRECTION('ref_axis',(0.707106781186547,0.,-0.707106781186548));
#1635=DIRECTION('center_axis',(0.,-1.,0.));
#1636=DIRECTION('ref_axis',(-1.,0.,0.));
#1637=DIRECTION('center_axis',(0.,1.,0.));
#1638=DIRECTION('ref_axis',(-1.,0.,0.));
#1639=DIRECTION('',(0.,1.,0.));
#1640=DIRECTION('center_axis',(0.,1.,0.));
#1641=DIRECTION('ref_axis',(-0.661437827766147,0.,0.75));
#1642=DIRECTION('center_axis',(0.,-1.,0.));
#1643=DIRECTION('ref_axis',(2.96059473233374E-15,0.,1.));
#1644=DIRECTION('center_axis',(0.,1.,0.));
#1645=DIRECTION('ref_axis',(-0.661437827766147,0.,0.75));
#1646=DIRECTION('',(0.,-1.,0.));
#1647=DIRECTION('center_axis',(0.366899692852669,-0.832050294337844,-0.416025147168923));
#1648=DIRECTION('ref_axis',(-0.550349539279005,-0.554700196225228,0.624037720753386));
#1649=DIRECTION('center_axis',(1.,0.,0.));
#1650=DIRECTION('ref_axis',(0.,-0.707106781186546,0.707106781186549));
#1651=DIRECTION('center_axis',(-1.,0.,0.));
#1652=DIRECTION('ref_axis',(0.,-0.707106781186546,0.707106781186549));
#1653=DIRECTION('',(1.,0.,0.));
#1654=DIRECTION('center_axis',(-1.,0.,0.));
#1655=DIRECTION('ref_axis',(0.,-0.707106781186546,0.707106781186549));
#1656=DIRECTION('',(-1.,0.,0.));
#1657=DIRECTION('center_axis',(0.,0.,1.));
#1658=DIRECTION('ref_axis',(-1.,0.,0.));
#1659=DIRECTION('',(-1.,0.,0.));
#1660=DIRECTION('',(0.,1.,0.));
#1661=DIRECTION('center_axis',(0.,-1.,0.));
#1662=DIRECTION('ref_axis',(0.661437827766149,0.,0.749999999999999));
#1663=DIRECTION('center_axis',(0.,1.,0.));
#1664=DIRECTION('ref_axis',(0.661437827766149,0.,0.749999999999999));
#1665=DIRECTION('',(0.,-1.,0.));
#1666=DIRECTION('center_axis',(0.,-1.,0.));
#1667=DIRECTION('ref_axis',(0.992156741649222,0.,0.124999999999999));
#1668=DIRECTION('center_axis',(-0.366899692852672,-0.832050294337844,-0.416025147168921));
#1669=DIRECTION('ref_axis',(0.550349539279007,-0.554700196225229,0.624037720753383));
#1670=DIRECTION('center_axis',(0.125,0.,-0.992156741649222));
#1671=DIRECTION('ref_axis',(0.992156741649222,0.,0.125));
#1672=DIRECTION('center_axis',(0.,-1.,0.));
#1673=DIRECTION('ref_axis',(0.,0.,-1.));
#1674=DIRECTION('center_axis',(0.,-1.,0.));
#1675=DIRECTION('ref_axis',(-0.707106781186547,0.,-0.707106781186548));
#1676=DIRECTION('center_axis',(-0.992156741649222,0.,0.125));
#1677=DIRECTION('ref_axis',(0.125,0.,0.992156741649222));
#1678=DIRECTION('center_axis',(0.,1.,0.));
#1679=DIRECTION('ref_axis',(-0.707106781186547,0.,-0.707106781186548));
#1680=DIRECTION('center_axis',(0.,-1.,0.));
#1681=DIRECTION('ref_axis',(-1.,0.,0.));
#1682=DIRECTION('center_axis',(0.,1.,0.));
#1683=DIRECTION('ref_axis',(-1.,0.,0.));
#1684=DIRECTION('',(0.,1.,0.));
#1685=DIRECTION('center_axis',(0.,0.,1.));
#1686=DIRECTION('ref_axis',(1.,0.,0.));
#1687=DIRECTION('center_axis',(0.,1.,0.));
#1688=DIRECTION('ref_axis',(0.124999999999999,0.,0.992156741649222));
#1689=DIRECTION('center_axis',(0.,0.,-1.));
#1690=DIRECTION('ref_axis',(0.707106781186546,-0.707106781186549,0.));
#1691=DIRECTION('center_axis',(0.,1.,0.));
#1692=DIRECTION('ref_axis',(0.75,0.,0.661437827766147));
#1693=DIRECTION('center_axis',(0.,1.,0.));
#1694=DIRECTION('ref_axis',(0.75,0.,0.661437827766147));
#1695=DIRECTION('',(0.,-1.,0.));
#1696=DIRECTION('center_axis',(0.,0.,1.));
#1697=DIRECTION('ref_axis',(0.707106781186547,-0.707106781186548,0.));
#1698=DIRECTION('',(0.,0.,-1.));
#1699=DIRECTION('center_axis',(0.,0.,1.));
#1700=DIRECTION('ref_axis',(0.707106781186546,-0.707106781186549,0.));
#1701=DIRECTION('',(0.,0.,1.));
#1702=DIRECTION('center_axis',(0.,-1.,0.));
#1703=DIRECTION('ref_axis',(0.75,0.,-0.661437827766147));
#1704=DIRECTION('center_axis',(0.,1.,0.));
#1705=DIRECTION('ref_axis',(0.75,0.,-0.661437827766147));
#1706=DIRECTION('',(0.,-1.,0.));
#1707=DIRECTION('center_axis',(0.,-1.,0.));
#1708=DIRECTION('ref_axis',(0.124999999999999,0.,-0.992156741649222));
#1709=DIRECTION('',(0.,1.,0.));
#1710=DIRECTION('center_axis',(0.,0.,1.));
#1711=DIRECTION('ref_axis',(1.,0.,0.));
#1712=DIRECTION('center_axis',(-0.992156741649222,0.,-0.125));
#1713=DIRECTION('ref_axis',(0.125,0.,-0.992156741649222));
#1714=DIRECTION('center_axis',(0.,-1.,0.));
#1715=DIRECTION('ref_axis',(0.,0.,-1.));
#1716=DIRECTION('center_axis',(0.,-1.,0.));
#1717=DIRECTION('ref_axis',(-0.707106781186547,0.,0.707106781186548));
#1718=DIRECTION('center_axis',(0.125,0.,0.992156741649222));
#1719=DIRECTION('ref_axis',(0.992156741649222,0.,-0.125));
#1720=DIRECTION('center_axis',(0.,1.,0.));
#1721=DIRECTION('ref_axis',(-0.707106781186547,0.,0.707106781186548));
#1722=DIRECTION('center_axis',(0.,-1.,0.));
#1723=DIRECTION('ref_axis',(-1.,0.,0.));
#1724=DIRECTION('center_axis',(0.,1.,0.));
#1725=DIRECTION('ref_axis',(-1.,0.,0.));
#1726=DIRECTION('',(0.,1.,0.));
#1727=DIRECTION('center_axis',(0.,1.,0.));
#1728=DIRECTION('ref_axis',(0.661437827766149,0.,-0.749999999999999));
#1729=DIRECTION('center_axis',(0.,-1.,0.));
#1730=DIRECTION('ref_axis',(-2.96059473233375E-15,0.,-1.));
#1731=DIRECTION('center_axis',(0.,1.,0.));
#1732=DIRECTION('ref_axis',(0.661437827766149,0.,-0.749999999999999));
#1733=DIRECTION('',(0.,-1.,0.));
#1734=DIRECTION('center_axis',(-0.366899692852672,-0.832050294337843,0.416025147168923));
#1735=DIRECTION('ref_axis',(0.550349539279007,-0.55470019622523,-0.624037720753383));
#1736=DIRECTION('center_axis',(-1.,0.,0.));
#1737=DIRECTION('ref_axis',(0.,-0.707106781186546,-0.707106781186549));
#1738=DIRECTION('center_axis',(1.,0.,0.));
#1739=DIRECTION('ref_axis',(0.,-0.707106781186546,-0.707106781186549));
#1740=DIRECTION('',(-1.,0.,0.));
#1741=DIRECTION('center_axis',(1.,0.,0.));
#1742=DIRECTION('ref_axis',(0.,-0.707106781186546,-0.707106781186549));
#1743=DIRECTION('',(1.,0.,0.));
#1744=DIRECTION('center_axis',(0.,0.,-1.));
#1745=DIRECTION('ref_axis',(1.,0.,0.));
#1746=DIRECTION('',(1.,0.,0.));
#1747=DIRECTION('',(0.,1.,0.));
#1748=DIRECTION('center_axis',(0.,-1.,0.));
#1749=DIRECTION('ref_axis',(-0.661437827766147,0.,-0.75));
#1750=DIRECTION('center_axis',(0.,1.,0.));
#1751=DIRECTION('ref_axis',(-0.661437827766147,0.,-0.75));
#1752=DIRECTION('',(0.,-1.,0.));
#1753=DIRECTION('center_axis',(0.,-1.,0.));
#1754=DIRECTION('ref_axis',(-0.992156741649221,0.,-0.125000000000002));
#1755=DIRECTION('center_axis',(0.36689969285267,-0.832050294337845,0.416025147168921));
#1756=DIRECTION('ref_axis',(-0.550349539279006,-0.554700196225227,-0.624037720753385));
#1757=DIRECTION('center_axis',(-0.125000000000001,0.,0.992156741649221));
#1758=DIRECTION('ref_axis',(-0.992156741649221,0.,-0.125000000000001));
#1759=DIRECTION('center_axis',(0.,-1.,0.));
#1760=DIRECTION('ref_axis',(0.,0.,-1.));
#1761=DIRECTION('center_axis',(0.,-1.,0.));
#1762=DIRECTION('ref_axis',(0.707106781186548,0.,0.707106781186548));
#1763=DIRECTION('center_axis',(0.992156741649222,0.,-0.125));
#1764=DIRECTION('ref_axis',(-0.125,0.,-0.992156741649222));
#1765=DIRECTION('center_axis',(0.,1.,0.));
#1766=DIRECTION('ref_axis',(0.707106781186548,0.,0.707106781186548));
#1767=DIRECTION('center_axis',(0.,-1.,0.));
#1768=DIRECTION('ref_axis',(-1.,0.,0.));
#1769=DIRECTION('center_axis',(0.,1.,0.));
#1770=DIRECTION('ref_axis',(-1.,0.,0.));
#1771=DIRECTION('',(0.,1.,0.));
#1772=DIRECTION('center_axis',(0.,1.,0.));
#1773=DIRECTION('ref_axis',(-0.75,0.,-0.661437827766147));
#1774=DIRECTION('center_axis',(0.,-1.,0.));
#1775=DIRECTION('ref_axis',(-1.,0.,0.));
#1776=DIRECTION('center_axis',(0.,1.,0.));
#1777=DIRECTION('ref_axis',(-0.75,0.,-0.661437827766147));
#1778=DIRECTION('',(0.,-1.,0.));
#1779=DIRECTION('center_axis',(0.,0.,1.));
#1780=DIRECTION('ref_axis',(1.,0.,0.));
#1781=DIRECTION('center_axis',(0.,0.,1.));
#1782=DIRECTION('ref_axis',(-0.707106781186546,-0.707106781186549,0.));
#1783=DIRECTION('center_axis',(0.,0.,-1.));
#1784=DIRECTION('ref_axis',(-0.707106781186547,-0.707106781186548,0.));
#1785=DIRECTION('',(0.,0.,-1.));
#1786=DIRECTION('',(0.,0.,1.));
#1787=DIRECTION('center_axis',(-1.,0.,0.));
#1788=DIRECTION('ref_axis',(0.,0.,-1.));
#1789=DIRECTION('',(0.,0.,-1.));
#1790=DIRECTION('center_axis',(1.,0.,0.));
#1791=DIRECTION('ref_axis',(0.,0.,1.));
#1792=DIRECTION('',(0.,0.,1.));
#1793=DIRECTION('',(0.,-1.,0.));
#1794=DIRECTION('center_axis',(1.,0.,0.));
#1795=DIRECTION('ref_axis',(0.,0.,1.));
#1796=DIRECTION('',(0.,0.,-1.));
#1797=DIRECTION('center_axis',(1.,0.,0.));
#1798=DIRECTION('ref_axis',(0.,-1.,0.));
#1799=DIRECTION('',(0.,1.,0.));
#1800=DIRECTION('',(0.,0.,1.));
#1801=DIRECTION('',(0.,1.,3.79000433587195E-9));
#1802=DIRECTION('center_axis',(1.,0.,0.));
#1803=DIRECTION('ref_axis',(0.,0.,-1.));
#1804=DIRECTION('center_axis',(1.,0.,0.));
#1805=DIRECTION('ref_axis',(0.,0.,-1.));
#1806=DIRECTION('',(0.,1.,3.79000689982222E-9));
#1807=DIRECTION('center_axis',(1.,0.,0.));
#1808=DIRECTION('ref_axis',(0.,0.,-1.));
#1809=DIRECTION('',(0.,1.,3.79000689984962E-9));
#1810=DIRECTION('center_axis',(1.,0.,0.));
#1811=DIRECTION('ref_axis',(0.,0.,-1.));
#1812=DIRECTION('',(0.,1.,3.79000689982223E-9));
#1813=DIRECTION('',(0.,1.,3.79001074574759E-9));
#1814=DIRECTION('center_axis',(1.,0.,0.));
#1815=DIRECTION('ref_axis',(0.,0.,-1.));
#1816=DIRECTION('center_axis',(0.,-1.,0.));
#1817=DIRECTION('ref_axis',(0.,0.,-1.));
#1818=DIRECTION('center_axis',(-1.,0.,0.));
#1819=DIRECTION('ref_axis',(0.,-3.79001109419172E-9,1.));
#1820=DIRECTION('center_axis',(1.,0.,0.));
#1821=DIRECTION('ref_axis',(0.,0.,-1.));
#1822=DIRECTION('',(-1.,0.,0.));
#1823=DIRECTION('',(-1.,0.,0.));
#1824=DIRECTION('center_axis',(0.,3.79001074574759E-9,-1.));
#1825=DIRECTION('ref_axis',(0.,-1.,-3.79001074574759E-9));
#1826=DIRECTION('',(0.,1.,3.79001074574759E-9));
#1827=DIRECTION('center_axis',(-1.,0.,0.));
#1828=DIRECTION('ref_axis',(0.,1.01164964748606E-6,0.999999999999488));
#1829=DIRECTION('center_axis',(1.,0.,0.));
#1830=DIRECTION('ref_axis',(0.,0.,-1.));
#1831=DIRECTION('',(-1.,0.,0.));
#1832=DIRECTION('',(-1.,0.,0.));
#1833=DIRECTION('center_axis',(0.,3.79000689982223E-9,-1.));
#1834=DIRECTION('ref_axis',(0.,-1.,-3.79000689982223E-9));
#1835=DIRECTION('',(0.,1.,3.79000689982223E-9));
#1836=DIRECTION('center_axis',(-1.,0.,0.));
#1837=DIRECTION('ref_axis',(0.,4.71269479762257E-7,0.999999999999889));
#1838=DIRECTION('center_axis',(1.,0.,0.));
#1839=DIRECTION('ref_axis',(0.,0.,-1.));
#1840=DIRECTION('',(-1.,0.,0.));
#1841=DIRECTION('',(-1.,0.,0.));
#1842=DIRECTION('center_axis',(0.,3.79000689984962E-9,-1.));
#1843=DIRECTION('ref_axis',(0.,-1.,-3.79000689984962E-9));
#1844=DIRECTION('',(0.,1.,3.79000689984962E-9));
#1845=DIRECTION('center_axis',(-1.,0.,0.));
#1846=DIRECTION('ref_axis',(0.,-3.79000754147804E-9,1.));
#1847=DIRECTION('center_axis',(1.,0.,0.));
#1848=DIRECTION('ref_axis',(0.,0.,-1.));
#1849=DIRECTION('',(-1.,0.,0.));
#1850=DIRECTION('',(-1.,0.,0.));
#1851=DIRECTION('center_axis',(0.,3.79000689982222E-9,-1.));
#1852=DIRECTION('ref_axis',(0.,-1.,-3.79000689982222E-9));
#1853=DIRECTION('',(0.,1.,3.79000689982222E-9));
#1854=DIRECTION('center_axis',(-1.,0.,0.));
#1855=DIRECTION('ref_axis',(0.,-3.7900057651212E-9,1.));
#1856=DIRECTION('center_axis',(1.,0.,0.));
#1857=DIRECTION('ref_axis',(0.,0.,-1.));
#1858=DIRECTION('',(-1.,0.,0.));
#1859=DIRECTION('',(-1.,0.,0.));
#1860=DIRECTION('center_axis',(0.,3.79000433587195E-9,-1.));
#1861=DIRECTION('ref_axis',(0.,-1.,-3.79000433587195E-9));
#1862=DIRECTION('',(0.,1.,3.79000433587195E-9));
#1863=DIRECTION('center_axis',(-1.,0.,0.));
#1864=DIRECTION('ref_axis',(0.,0.,-1.));
#1865=DIRECTION('center_axis',(-1.,0.,0.));
#1866=DIRECTION('ref_axis',(0.,0.,-1.));
#1867=DIRECTION('',(-1.,0.,0.));
#1868=DIRECTION('center_axis',(-1.,0.,0.));
#1869=DIRECTION('ref_axis',(0.,0.,-1.));
#1870=DIRECTION('center_axis',(1.,0.,0.));
#1871=DIRECTION('ref_axis',(0.,0.,-1.));
#1872=DIRECTION('center_axis',(-1.,0.,0.));
#1873=DIRECTION('ref_axis',(0.,0.,-1.));
#1874=DIRECTION('center_axis',(-1.,0.,0.));
#1875=DIRECTION('ref_axis',(0.,0.,-1.));
#1876=DIRECTION('',(-1.,0.,0.));
#1877=DIRECTION('center_axis',(-1.,0.,0.));
#1878=DIRECTION('ref_axis',(0.,0.,-1.));
#1879=DIRECTION('center_axis',(1.,0.,0.));
#1880=DIRECTION('ref_axis',(0.,0.,-1.));
#1881=DIRECTION('center_axis',(-1.,0.,0.));
#1882=DIRECTION('ref_axis',(0.,0.,-1.));
#1883=DIRECTION('center_axis',(-1.,0.,0.));
#1884=DIRECTION('ref_axis',(0.,0.,-1.));
#1885=DIRECTION('',(-1.,0.,0.));
#1886=DIRECTION('center_axis',(-1.,0.,0.));
#1887=DIRECTION('ref_axis',(0.,0.,-1.));
#1888=DIRECTION('center_axis',(1.,0.,0.));
#1889=DIRECTION('ref_axis',(0.,0.,-1.));
#1890=DIRECTION('center_axis',(-1.,0.,0.));
#1891=DIRECTION('ref_axis',(0.,0.,-1.));
#1892=DIRECTION('center_axis',(-1.,0.,0.));
#1893=DIRECTION('ref_axis',(0.,0.,-1.));
#1894=DIRECTION('',(-1.,0.,0.));
#1895=DIRECTION('center_axis',(-1.,0.,0.));
#1896=DIRECTION('ref_axis',(0.,0.,-1.));
#1897=DIRECTION('center_axis',(1.,0.,0.));
#1898=DIRECTION('ref_axis',(0.,0.,-1.));
#1899=DIRECTION('center_axis',(-1.,0.,0.));
#1900=DIRECTION('ref_axis',(0.,0.,-1.));
#1901=DIRECTION('center_axis',(-1.,0.,0.));
#1902=DIRECTION('ref_axis',(0.,0.,-1.));
#1903=DIRECTION('',(-1.,0.,0.));
#1904=DIRECTION('center_axis',(-1.,0.,0.));
#1905=DIRECTION('ref_axis',(0.,0.,-1.));
#1906=DIRECTION('center_axis',(1.,0.,0.));
#1907=DIRECTION('ref_axis',(0.,0.,-1.));
#1908=DIRECTION('center_axis',(1.,0.,0.));
#1909=DIRECTION('ref_axis',(0.,0.,-1.));
#1910=DIRECTION('',(0.,-1.,0.));
#1911=DIRECTION('center_axis',(-1.,0.,0.));
#1912=DIRECTION('ref_axis',(0.,-1.,0.));
#1913=DIRECTION('',(0.,0.,1.));
#1914=DIRECTION('center_axis',(-1.,0.,0.));
#1915=DIRECTION('ref_axis',(0.,0.,1.));
#1916=DIRECTION('',(0.,1.,0.));
#1917=DIRECTION('',(0.,0.,-1.));
#1918=DIRECTION('',(0.,1.,0.));
#1919=DIRECTION('',(0.,0.,1.));
#1920=DIRECTION('',(0.,-1.,0.));
#1921=DIRECTION('',(0.,0.,-1.));
#1922=DIRECTION('center_axis',(-1.,0.,0.));
#1923=DIRECTION('ref_axis',(0.,0.,1.));
#1924=DIRECTION('',(-1.,0.,0.));
#1925=DIRECTION('',(-1.,0.,0.));
#1926=DIRECTION('center_axis',(0.,-1.,0.));
#1927=DIRECTION('ref_axis',(0.,0.,1.));
#1928=DIRECTION('',(-1.,0.,0.));
#1929=DIRECTION('center_axis',(-1.,0.,0.));
#1930=DIRECTION('ref_axis',(0.,-1.,0.));
#1931=DIRECTION('',(-1.,0.,0.));
#1932=DIRECTION('center_axis',(0.,0.,-1.));
#1933=DIRECTION('ref_axis',(0.,-1.,0.));
#1934=DIRECTION('',(1.,0.,0.));
#1935=DIRECTION('center_axis',(0.,0.,1.));
#1936=DIRECTION('ref_axis',(0.,1.,0.));
#1937=DIRECTION('',(-1.,0.,0.));
#1938=DIRECTION('center_axis',(-0.816496580927727,0.408248290463864,0.40824829046386));
#1939=DIRECTION('ref_axis',(-0.577350269189624,-0.577350269189629,-0.577350269189624));
#1940=DIRECTION('center_axis',(0.,-1.,0.));
#1941=DIRECTION('ref_axis',(0.,0.,-1.));
#1942=DIRECTION('center_axis',(-1.,0.,0.));
#1943=DIRECTION('ref_axis',(0.,-1.,0.));
#1944=DIRECTION('center_axis',(0.,0.,-1.));
#1945=DIRECTION('ref_axis',(-1.,0.,0.));
#1946=DIRECTION('center_axis',(-0.816496580927727,-0.408248290463864,-0.40824829046386));
#1947=DIRECTION('ref_axis',(0.577350269189624,-0.577350269189629,-0.577350269189624));
#1948=DIRECTION('center_axis',(0.,-1.,0.));
#1949=DIRECTION('ref_axis',(1.,0.,0.));
#1950=DIRECTION('center_axis',(0.,0.,-1.));
#1951=DIRECTION('ref_axis',(0.,-1.,0.));
#1952=DIRECTION('center_axis',(1.,0.,0.));
#1953=DIRECTION('ref_axis',(0.,0.,-1.));
#1954=DIRECTION('center_axis',(-0.408248290463861,-0.408248290463861,-0.816496580927728));
#1955=DIRECTION('ref_axis',(-0.57735026918963,-0.577350269189625,0.577350269189623));
#1956=DIRECTION('center_axis',(0.,-1.,0.));
#1957=DIRECTION('ref_axis',(-1.,0.,0.));
#1958=DIRECTION('center_axis',(0.,0.,1.));
#1959=DIRECTION('ref_axis',(0.,-1.,0.));
#1960=DIRECTION('center_axis',(-1.,-8.88178419700125E-15,0.));
#1961=DIRECTION('ref_axis',(0.,0.,1.));
#1962=DIRECTION('center_axis',(-1.48029736616688E-16,0.,1.));
#1963=DIRECTION('ref_axis',(-0.707106781186546,-0.707106781186549,0.));
#1964=DIRECTION('',(1.48029736616688E-16,0.,-1.));
#1965=DIRECTION('',(-1.48029736616688E-16,0.,1.));
#1966=DIRECTION('center_axis',(0.408248290463862,-0.408248290463856,-0.81649658092773));
#1967=DIRECTION('ref_axis',(0.577350269189632,-0.577350269189629,0.577350269189617));
#1968=DIRECTION('center_axis',(1.,0.,0.));
#1969=DIRECTION('ref_axis',(0.,-1.,0.));
#1970=DIRECTION('center_axis',(0.,-8.88178419700125E-15,1.));
#1971=DIRECTION('ref_axis',(1.,0.,0.));
#1972=DIRECTION('center_axis',(0.,-1.,0.));
#1973=DIRECTION('ref_axis',(0.,0.,1.));
#1974=DIRECTION('center_axis',(0.,0.,-1.));
#1975=DIRECTION('ref_axis',(0.707106781186546,-0.707106781186549,0.));
#1976=DIRECTION('',(0.,0.,-1.));
#1977=DIRECTION('center_axis',(0.,1.,0.));
#1978=DIRECTION('ref_axis',(0.707106781186548,0.,0.707106781186548));
#1979=DIRECTION('center_axis',(0.,-1.,0.));
#1980=DIRECTION('ref_axis',(0.707106781186548,0.,0.707106781186548));
#1981=DIRECTION('',(0.,-1.,0.));
#1982=DIRECTION('center_axis',(1.,0.,1.48029736616688E-16));
#1983=DIRECTION('ref_axis',(0.,-0.707106781186549,0.707106781186546));
#1984=DIRECTION('',(-1.,0.,-1.48029736616688E-16));
#1985=DIRECTION('',(1.,0.,1.48029736616688E-16));
#1986=DIRECTION('center_axis',(0.,1.,0.));
#1987=DIRECTION('ref_axis',(-0.707106781186548,0.,0.707106781186548));
#1988=DIRECTION('center_axis',(0.,-1.,0.));
#1989=DIRECTION('ref_axis',(-0.707106781186548,0.,0.707106781186548));
#1990=DIRECTION('',(0.,-1.,0.));
#1991=DIRECTION('',(0.,1.,0.));
#1992=DIRECTION('center_axis',(-1.,0.,7.40148683083438E-17));
#1993=DIRECTION('ref_axis',(0.,-0.707106781186549,-0.707106781186546));
#1994=DIRECTION('',(1.,0.,-7.40148683083438E-17));
#1995=DIRECTION('',(-1.,0.,7.40148683083438E-17));
#1996=DIRECTION('center_axis',(0.,1.,0.));
#1997=DIRECTION('ref_axis',(0.707106781186548,0.,-0.707106781186548));
#1998=DIRECTION('center_axis',(0.,-1.,0.));
#1999=DIRECTION('ref_axis',(0.707106781186548,0.,-0.707106781186548));
#2000=DIRECTION('',(0.,1.,0.));
#2001=DIRECTION('center_axis',(0.,1.,0.));
#2002=DIRECTION('ref_axis',(-0.707106781186548,0.,-0.707106781186548));
#2003=DIRECTION('center_axis',(0.,-1.,0.));
#2004=DIRECTION('ref_axis',(-0.707106781186548,0.,-0.707106781186548));
#2005=DIRECTION('',(0.,-1.,0.));
#2006=DIRECTION('',(0.,1.,0.));
#2007=DIRECTION('center_axis',(0.,1.,0.));
#2008=DIRECTION('ref_axis',(0.,0.,1.));
#2009=DIRECTION('',(-1.,0.,7.40148683083438E-17));
#2010=DIRECTION('',(-1.48029736616688E-16,0.,1.));
#2011=DIRECTION('',(1.,0.,1.48029736616688E-16));
#2012=DIRECTION('center_axis',(0.,-1.,0.));
#2013=DIRECTION('ref_axis',(-1.,0.,0.));
#2014=DIRECTION('center_axis',(0.,-1.,0.));
#2015=DIRECTION('ref_axis',(-1.,0.,0.));
#2016=DIRECTION('center_axis',(0.,-1.,0.));
#2017=DIRECTION('ref_axis',(-1.,0.,0.));
#2018=DIRECTION('center_axis',(0.,-1.,0.));
#2019=DIRECTION('ref_axis',(-1.,0.,0.));
#2020=DIRECTION('center_axis',(-7.40148683083438E-17,0.,-1.));
#2021=DIRECTION('ref_axis',(-1.,0.,7.40148683083438E-17));
#2022=DIRECTION('center_axis',(0.,1.,0.));
#2023=DIRECTION('ref_axis',(1.,0.,0.));
#2024=DIRECTION('center_axis',(0.,-1.,0.));
#2025=DIRECTION('ref_axis',(-1.,0.,0.));
#2026=DIRECTION('',(0.,-1.,0.));
#2027=DIRECTION('center_axis',(0.,-1.,0.));
#2028=DIRECTION('ref_axis',(-1.,0.,0.));
#2029=DIRECTION('center_axis',(0.,1.,0.));
#2030=DIRECTION('ref_axis',(-1.,0.,0.));
#2031=DIRECTION('center_axis',(0.,-1.,0.));
#2032=DIRECTION('ref_axis',(-1.,0.,0.));
#2033=DIRECTION('',(0.,-1.,0.));
#2034=DIRECTION('center_axis',(0.,-1.,0.));
#2035=DIRECTION('ref_axis',(-1.,0.,0.));
#2036=DIRECTION('center_axis',(0.,1.,0.));
#2037=DIRECTION('ref_axis',(-1.,0.,0.));
#2038=DIRECTION('center_axis',(0.,-1.,0.));
#2039=DIRECTION('ref_axis',(-1.,0.,0.));
#2040=DIRECTION('',(0.,-1.,0.));
#2041=DIRECTION('center_axis',(0.,-1.,0.));
#2042=DIRECTION('ref_axis',(-1.,0.,0.));
#2043=DIRECTION('center_axis',(0.,1.,0.));
#2044=DIRECTION('ref_axis',(-1.,0.,0.));
#2045=DIRECTION('center_axis',(0.,-1.,0.));
#2046=DIRECTION('ref_axis',(-1.,0.,0.));
#2047=DIRECTION('',(0.,-1.,0.));
#2048=DIRECTION('center_axis',(0.,-1.,0.));
#2049=DIRECTION('ref_axis',(-1.,0.,0.));
#2050=DIRECTION('center_axis',(0.,1.,0.));
#2051=DIRECTION('ref_axis',(-1.,0.,0.));
#2052=DIRECTION('center_axis',(-1.48029736616688E-16,0.,1.));
#2053=DIRECTION('ref_axis',(1.,0.,1.48029736616688E-16));
#2054=DIRECTION('center_axis',(-1.,0.,-1.48029736616688E-16));
#2055=DIRECTION('ref_axis',(-1.48029736616688E-16,0.,1.));
#2056=CARTESIAN_POINT('',(0.,0.,0.));
#2057=CARTESIAN_POINT('Origin',(-16.0000002384186,3.,-19.0000002831221));
#2058=CARTESIAN_POINT('',(-10.0000002384186,3.,-19.0000002831221));
#2059=CARTESIAN_POINT('Origin',(-16.0000002384186,3.,-19.0000002831221));
#2060=CARTESIAN_POINT('',(-10.0000002384186,-2.22044604925031E-15,-19.0000002831221));
#2061=CARTESIAN_POINT('',(-10.0000002384186,3.,-19.0000002831221));
#2062=CARTESIAN_POINT('Origin',(-16.0000002384186,0.,-19.0000002831221));
#2063=CARTESIAN_POINT('Origin',(-16.0000002384186,3.,19.0000002831221));
#2064=CARTESIAN_POINT('',(-10.0000002384186,3.,19.0000002831221));
#2065=CARTESIAN_POINT('Origin',(-16.0000002384186,3.,19.0000002831221));
#2066=CARTESIAN_POINT('',(-10.0000002384186,-2.22044604925031E-15,19.0000002831221));
#2067=CARTESIAN_POINT('',(-10.0000002384186,3.,19.0000002831221));
#2068=CARTESIAN_POINT('Origin',(-16.0000002384186,0.,19.0000002831221));
#2069=CARTESIAN_POINT('Origin',(20.0000002980232,3.,0.));
#2070=CARTESIAN_POINT('',(29.0000002980232,3.,-1.10218211923262E-15));
#2071=CARTESIAN_POINT('Origin',(20.0000002980232,3.,0.));
#2072=CARTESIAN_POINT('',(29.0000002980232,-2.22044604925031E-15,-1.10218211923262E-15));
#2073=CARTESIAN_POINT('',(29.0000002980232,3.,1.10218211923262E-15));
#2074=CARTESIAN_POINT('Origin',(20.0000002980232,0.,0.));
#2075=CARTESIAN_POINT('Origin',(-54.,60.,47.0627460668062));
#2076=CARTESIAN_POINT('',(-57.,60.,47.0627460668062));
#2077=CARTESIAN_POINT('',(-54.375,60.,50.0392162917539));
#2078=CARTESIAN_POINT('Origin',(-54.,60.,47.0627460668062));
#2079=CARTESIAN_POINT('',(-54.375,6.,50.0392162917539));
#2080=CARTESIAN_POINT('',(-54.375,60.,50.0392162917539));
#2081=CARTESIAN_POINT('',(-57.,6.,47.0627460668062));
#2082=CARTESIAN_POINT('Origin',(-54.,6.,47.0627460668062));
#2083=CARTESIAN_POINT('',(-57.,60.,47.0627460668062));
#2084=CARTESIAN_POINT('Origin',(-54.,6.,47.0627460668062));
#2085=CARTESIAN_POINT('',(-54.,3.,47.0627460668062));
#2086=CARTESIAN_POINT('Origin',(-54.,6.,47.0627460668062));
#2087=CARTESIAN_POINT('Origin',(-54.,6.,47.0627460668062));
#2088=CARTESIAN_POINT('Origin',(-55.,6.,55.));
#2089=CARTESIAN_POINT('',(-50.0392162917539,6.,54.375));
#2090=CARTESIAN_POINT('Origin',(-55.,6.,55.));
#2091=CARTESIAN_POINT('',(-47.0627460668062,3.,54.));
#2092=CARTESIAN_POINT('Origin',(-47.0627460668062,6.,54.));
#2093=CARTESIAN_POINT('Origin',(-55.,3.,55.));
#2094=CARTESIAN_POINT('Origin',(-55.,60.,55.));
#2095=CARTESIAN_POINT('',(-50.0392162917539,60.,54.375));
#2096=CARTESIAN_POINT('Origin',(-55.,60.,55.));
#2097=CARTESIAN_POINT('',(-50.0392162917539,60.,54.375));
#2098=CARTESIAN_POINT('Origin',(-47.0627460668062,60.,54.));
#2099=CARTESIAN_POINT('',(-47.0627460668062,6.,57.));
#2100=CARTESIAN_POINT('Origin',(-47.0627460668062,6.,54.));
#2101=CARTESIAN_POINT('',(-47.0627460668062,60.,57.));
#2102=CARTESIAN_POINT('Origin',(-47.0627460668062,60.,54.));
#2103=CARTESIAN_POINT('',(-47.0627460668062,60.,57.));
#2104=CARTESIAN_POINT('Origin',(-47.0627460668062,6.,54.));
#2105=CARTESIAN_POINT('Origin',(-47.0627460668062,6.,54.));
#2106=CARTESIAN_POINT('Origin',(28.5,6.,54.));
#2107=CARTESIAN_POINT('',(47.0627460668062,6.,57.));
#2108=CARTESIAN_POINT('',(28.5,6.,57.));
#2109=CARTESIAN_POINT('',(47.0627460668062,3.,54.));
#2110=CARTESIAN_POINT('Origin',(47.0627460668062,6.,54.));
#2111=CARTESIAN_POINT('',(28.5,3.,54.));
#2112=CARTESIAN_POINT('Origin',(57.,60.,57.));
#2113=CARTESIAN_POINT('',(47.0627460668062,60.,57.));
#2114=CARTESIAN_POINT('',(28.5,60.,57.));
#2115=CARTESIAN_POINT('',(47.0627460668062,60.,57.));
#2116=CARTESIAN_POINT('Origin',(47.0627460668062,60.,54.));
#2117=CARTESIAN_POINT('',(50.0392162917539,60.,54.375));
#2118=CARTESIAN_POINT('Origin',(47.0627460668062,60.,54.));
#2119=CARTESIAN_POINT('',(50.0392162917539,6.,54.375));
#2120=CARTESIAN_POINT('',(50.0392162917539,60.,54.375));
#2121=CARTESIAN_POINT('Origin',(47.0627460668062,6.,54.));
#2122=CARTESIAN_POINT('Origin',(47.0627460668062,6.,54.));
#2123=CARTESIAN_POINT('Origin',(47.0627460668062,6.,54.));
#2124=CARTESIAN_POINT('Origin',(55.,6.,55.));
#2125=CARTESIAN_POINT('',(54.375,6.,50.0392162917539));
#2126=CARTESIAN_POINT('Origin',(55.,6.,55.));
#2127=CARTESIAN_POINT('',(54.,3.,47.0627460668062));
#2128=CARTESIAN_POINT('Origin',(54.,6.,47.0627460668062));
#2129=CARTESIAN_POINT('Origin',(55.,3.,55.));
#2130=CARTESIAN_POINT('Origin',(55.,60.,55.));
#2131=CARTESIAN_POINT('',(54.375,60.,50.0392162917539));
#2132=CARTESIAN_POINT('Origin',(55.,60.,55.));
#2133=CARTESIAN_POINT('',(54.375,60.,50.0392162917539));
#2134=CARTESIAN_POINT('Origin',(54.,6.,47.0627460668062));
#2135=CARTESIAN_POINT('',(57.,6.,47.0627460668062));
#2136=CARTESIAN_POINT('Origin',(54.,6.,47.0627460668062));
#2137=CARTESIAN_POINT('Origin',(54.,6.,47.0627460668062));
#2138=CARTESIAN_POINT('Origin',(54.,60.,47.0627460668062));
#2139=CARTESIAN_POINT('',(57.,60.,47.0627460668062));
#2140=CARTESIAN_POINT('Origin',(54.,60.,47.0627460668062));
#2141=CARTESIAN_POINT('',(57.,60.,47.0627460668062));
#2142=CARTESIAN_POINT('Origin',(54.,6.,-28.5));
#2143=CARTESIAN_POINT('',(57.,6.,-47.0627460668062));
#2144=CARTESIAN_POINT('',(57.,6.,-28.5));
#2145=CARTESIAN_POINT('',(54.,3.,-47.0627460668062));
#2146=CARTESIAN_POINT('Origin',(54.,6.,-47.0627460668062));
#2147=CARTESIAN_POINT('',(54.,3.,-28.5));
#2148=CARTESIAN_POINT('Origin',(54.,60.,-47.0627460668062));
#2149=CARTESIAN_POINT('',(57.,60.,-47.0627460668062));
#2150=CARTESIAN_POINT('',(54.375,60.,-50.0392162917539));
#2151=CARTESIAN_POINT('Origin',(54.,60.,-47.0627460668062));
#2152=CARTESIAN_POINT('',(54.375,6.,-50.0392162917539));
#2153=CARTESIAN_POINT('',(54.375,60.,-50.0392162917539));
#2154=CARTESIAN_POINT('Origin',(54.,6.,-47.0627460668062));
#2155=CARTESIAN_POINT('',(57.,60.,-47.0627460668062));
#2156=CARTESIAN_POINT('Origin',(54.,6.,-47.0627460668062));
#2157=CARTESIAN_POINT('Origin',(54.,6.,-47.0627460668062));
#2158=CARTESIAN_POINT('Origin',(55.,6.,-55.));
#2159=CARTESIAN_POINT('',(50.0392162917539,6.,-54.375));
#2160=CARTESIAN_POINT('Origin',(55.,6.,-55.));
#2161=CARTESIAN_POINT('',(47.0627460668062,3.,-54.));
#2162=CARTESIAN_POINT('Origin',(47.0627460668062,6.,-54.));
#2163=CARTESIAN_POINT('Origin',(55.,3.,-55.));
#2164=CARTESIAN_POINT('Origin',(55.,60.,-55.));
#2165=CARTESIAN_POINT('',(50.0392162917539,60.,-54.375));
#2166=CARTESIAN_POINT('Origin',(55.,60.,-55.));
#2167=CARTESIAN_POINT('',(50.0392162917539,60.,-54.375));
#2168=CARTESIAN_POINT('Origin',(47.0627460668062,60.,-54.));
#2169=CARTESIAN_POINT('',(47.0627460668062,6.,-57.));
#2170=CARTESIAN_POINT('Origin',(47.0627460668062,6.,-54.));
#2171=CARTESIAN_POINT('',(47.0627460668062,60.,-57.));
#2172=CARTESIAN_POINT('Origin',(47.0627460668062,60.,-54.));
#2173=CARTESIAN_POINT('',(47.0627460668062,60.,-57.));
#2174=CARTESIAN_POINT('Origin',(47.0627460668062,6.,-54.));
#2175=CARTESIAN_POINT('Origin',(47.0627460668062,6.,-54.));
#2176=CARTESIAN_POINT('Origin',(-28.5,6.,-54.));
#2177=CARTESIAN_POINT('',(-47.0627460668062,6.,-57.));
#2178=CARTESIAN_POINT('',(-28.5,6.,-57.));
#2179=CARTESIAN_POINT('',(-47.0627460668062,3.,-54.));
#2180=CARTESIAN_POINT('Origin',(-47.0627460668062,6.,-54.));
#2181=CARTESIAN_POINT('',(-28.5,3.,-54.));
#2182=CARTESIAN_POINT('Origin',(-57.,60.,-57.));
#2183=CARTESIAN_POINT('',(-47.0627460668062,60.,-57.));
#2184=CARTESIAN_POINT('',(-28.5,60.,-57.));
#2185=CARTESIAN_POINT('',(-47.0627460668062,60.,-57.));
#2186=CARTESIAN_POINT('Origin',(-47.0627460668062,60.,-54.));
#2187=CARTESIAN_POINT('',(-50.0392162917539,60.,-54.375));
#2188=CARTESIAN_POINT('Origin',(-47.0627460668062,60.,-54.));
#2189=CARTESIAN_POINT('',(-50.0392162917539,6.,-54.375));
#2190=CARTESIAN_POINT('',(-50.0392162917539,60.,-54.375));
#2191=CARTESIAN_POINT('Origin',(-47.0627460668062,6.,-54.));
#2192=CARTESIAN_POINT('Origin',(-47.0627460668062,6.,-54.));
#2193=CARTESIAN_POINT('Origin',(-47.0627460668062,6.,-54.));
#2194=CARTESIAN_POINT('Origin',(-55.,6.,-55.));
#2195=CARTESIAN_POINT('',(-54.375,6.,-50.0392162917539));
#2196=CARTESIAN_POINT('Origin',(-55.,6.,-55.));
#2197=CARTESIAN_POINT('',(-54.,3.,-47.0627460668062));
#2198=CARTESIAN_POINT('Origin',(-54.,6.,-47.0627460668062));
#2199=CARTESIAN_POINT('Origin',(-55.,3.,-55.));
#2200=CARTESIAN_POINT('Origin',(-55.,60.,-55.));
#2201=CARTESIAN_POINT('',(-54.375,60.,-50.0392162917539));
#2202=CARTESIAN_POINT('Origin',(-55.,60.,-55.));
#2203=CARTESIAN_POINT('',(-54.375,60.,-50.0392162917539));
#2204=CARTESIAN_POINT('Origin',(-54.,60.,-47.0627460668062));
#2205=CARTESIAN_POINT('',(-57.,6.,-47.0627460668062));
#2206=CARTESIAN_POINT('Origin',(-54.,6.,-47.0627460668062));
#2207=CARTESIAN_POINT('',(-57.,60.,-47.0627460668062));
#2208=CARTESIAN_POINT('Origin',(-54.,60.,-47.0627460668062));
#2209=CARTESIAN_POINT('',(-57.,60.,-47.0627460668062));
#2210=CARTESIAN_POINT('Origin',(-54.,6.,-47.0627460668062));
#2211=CARTESIAN_POINT('Origin',(-54.,6.,-47.0627460668062));
#2212=CARTESIAN_POINT('Origin',(-54.,6.,28.5));
#2213=CARTESIAN_POINT('',(-54.,3.,28.5));
#2214=CARTESIAN_POINT('',(-57.,6.,28.5));
#2215=CARTESIAN_POINT('Origin',(-57.,60.,57.));
#2216=CARTESIAN_POINT('',(-57.,60.,28.5));
#2217=CARTESIAN_POINT('Origin',(57.,60.,-57.));
#2218=CARTESIAN_POINT('',(57.,60.,5.));
#2219=CARTESIAN_POINT('',(57.,60.,-28.5));
#2220=CARTESIAN_POINT('',(57.,52.,5.));
#2221=CARTESIAN_POINT('',(57.,56.,5.));
#2222=CARTESIAN_POINT('',(57.,50.,2.99999999999999));
#2223=CARTESIAN_POINT('Origin',(57.,52.,2.99999999999999));
#2224=CARTESIAN_POINT('',(57.,50.,-3.));
#2225=CARTESIAN_POINT('',(57.,50.,-30.));
#2226=CARTESIAN_POINT('',(57.,52.,-5.));
#2227=CARTESIAN_POINT('Origin',(57.,52.,-3.));
#2228=CARTESIAN_POINT('',(57.,60.,-5.));
#2229=CARTESIAN_POINT('',(57.,60.,-5.));
#2230=CARTESIAN_POINT('',(57.,60.,-28.5));
#2231=CARTESIAN_POINT('',(57.,28.2679504858316,37.2499999934353));
#2232=CARTESIAN_POINT('',(57.,31.7320521009694,37.2500000065643));
#2233=CARTESIAN_POINT('',(57.,45.8660258718807,37.2500000601321));
#2234=CARTESIAN_POINT('Origin',(57.,30.000001282978,39.9999999999998));
#2235=CARTESIAN_POINT('',(57.,31.7320523283698,-22.7499999934354));
#2236=CARTESIAN_POINT('',(57.,28.267950713232,-22.7500000065644));
#2237=CARTESIAN_POINT('Origin',(57.,30.0000015103784,-19.9999999999999));
#2238=CARTESIAN_POINT('',(57.,45.866026099281,-22.7499999398676));
#2239=CARTESIAN_POINT('',(57.,31.7320503520967,17.2500000065644));
#2240=CARTESIAN_POINT('',(57.,28.267948736984,17.2499999934354));
#2241=CARTESIAN_POINT('Origin',(57.,30.0000013587781,19.9999999999999));
#2242=CARTESIAN_POINT('',(57.,45.8660250353443,17.2500000601322));
#2243=CARTESIAN_POINT('',(57.,31.7320483523583,-2.74999999343554));
#2244=CARTESIAN_POINT('',(57.,28.2679467372205,-2.75000000656451));
#2245=CARTESIAN_POINT('Origin',(57.,30.0000014345783,-7.7715611723761E-15));
#2246=CARTESIAN_POINT('',(57.,45.8660240733752,-2.74999993986767));
#2247=CARTESIAN_POINT('',(57.,28.2679507890322,-42.7500000065643));
#2248=CARTESIAN_POINT('',(57.,31.7320524041699,-42.7499999934354));
#2249=CARTESIAN_POINT('',(57.,45.8660261750811,-42.7499999398675));
#2250=CARTESIAN_POINT('Origin',(57.,30.0000015861785,-39.9999999999999));
#2251=CARTESIAN_POINT('Origin',(8.88178419700125E-15,3.,-8.88178419700125E-15));
#2252=CARTESIAN_POINT('Origin',(60.,30.0000015861785,-39.9999999999999));
#2253=CARTESIAN_POINT('',(59.,31.7320524041699,-42.7499999934354));
#2254=CARTESIAN_POINT('',(59.,28.2679507890322,-42.7500000065643));
#2255=CARTESIAN_POINT('Origin',(59.,30.0000015861785,-39.9999999999999));
#2256=CARTESIAN_POINT('',(60.,28.2679507890322,-42.7500000065643));
#2257=CARTESIAN_POINT('',(60.,31.7320524041699,-42.7499999934354));
#2258=CARTESIAN_POINT('Origin',(60.,31.7320524041699,-42.7499999934354));
#2259=CARTESIAN_POINT('',(59.,31.7320524041699,-42.7499999934354));
#2260=CARTESIAN_POINT('Origin',(60.,30.0000014345783,-7.7715611723761E-15));
#2261=CARTESIAN_POINT('',(59.,31.7320483523583,-2.74999999343554));
#2262=CARTESIAN_POINT('',(59.,28.2679467372205,-2.75000000656451));
#2263=CARTESIAN_POINT('Origin',(59.,30.0000014345783,-7.7715611723761E-15));
#2264=CARTESIAN_POINT('',(60.,28.2679467372205,-2.75000000656451));
#2265=CARTESIAN_POINT('',(60.,31.7320483523583,-2.74999999343554));
#2266=CARTESIAN_POINT('Origin',(60.,31.7320483523583,-2.74999999343554));
#2267=CARTESIAN_POINT('',(59.,31.7320483523583,-2.74999999343554));
#2268=CARTESIAN_POINT('Origin',(60.,30.0000013587781,19.9999999999999));
#2269=CARTESIAN_POINT('',(59.,31.7320503520967,17.2500000065644));
#2270=CARTESIAN_POINT('',(59.,28.267948736984,17.2499999934354));
#2271=CARTESIAN_POINT('Origin',(59.,30.0000013587781,19.9999999999999));
#2272=CARTESIAN_POINT('',(60.,28.267948736984,17.2499999934354));
#2273=CARTESIAN_POINT('',(60.,31.7320503520967,17.2500000065644));
#2274=CARTESIAN_POINT('Origin',(60.,31.7320503520967,17.2500000065644));
#2275=CARTESIAN_POINT('',(59.,31.7320503520967,17.2500000065644));
#2276=CARTESIAN_POINT('Origin',(60.,30.0000015103784,-19.9999999999999));
#2277=CARTESIAN_POINT('',(59.,31.7320523283698,-22.7499999934354));
#2278=CARTESIAN_POINT('',(59.,28.267950713232,-22.7500000065644));
#2279=CARTESIAN_POINT('Origin',(59.,30.0000015103784,-19.9999999999999));
#2280=CARTESIAN_POINT('',(60.,28.267950713232,-22.7500000065644));
#2281=CARTESIAN_POINT('',(60.,31.7320523283698,-22.7499999934354));
#2282=CARTESIAN_POINT('Origin',(60.,31.7320523283698,-22.7499999934354));
#2283=CARTESIAN_POINT('',(59.,31.7320523283698,-22.7499999934354));
#2284=CARTESIAN_POINT('Origin',(60.,30.000001282978,39.9999999999998));
#2285=CARTESIAN_POINT('',(59.,31.7320521009694,37.2500000065643));
#2286=CARTESIAN_POINT('',(59.,28.2679504858316,37.2499999934353));
#2287=CARTESIAN_POINT('Origin',(59.,30.000001282978,39.9999999999998));
#2288=CARTESIAN_POINT('',(60.,28.2679504858316,37.2499999934353));
#2289=CARTESIAN_POINT('',(60.,31.7320521009694,37.2500000065643));
#2290=CARTESIAN_POINT('Origin',(60.,31.7320521009694,37.2500000065643));
#2291=CARTESIAN_POINT('',(59.,31.7320521009694,37.2500000065643));
#2292=CARTESIAN_POINT('Origin',(60.,30.0000015103784,-19.9999999999999));
#2293=CARTESIAN_POINT('',(60.,30.0000015103784,-14.7499999999999));
#2294=CARTESIAN_POINT('Origin',(60.,30.0000015103784,-19.9999999999999));
#2295=CARTESIAN_POINT('',(59.,30.0000015103784,-14.7499999999999));
#2296=CARTESIAN_POINT('',(60.,30.0000015103784,-14.7499999999999));
#2297=CARTESIAN_POINT('Origin',(59.,30.0000015103784,-19.9999999999999));
#2298=CARTESIAN_POINT('Origin',(59.,30.0000015103784,-19.9999999999999));
#2299=CARTESIAN_POINT('Origin',(60.,30.0000014345783,-7.7715611723761E-15));
#2300=CARTESIAN_POINT('',(60.,30.0000014345783,5.24999999999999));
#2301=CARTESIAN_POINT('Origin',(60.,30.0000014345783,-7.7715611723761E-15));
#2302=CARTESIAN_POINT('',(59.,30.0000014345783,5.24999999999999));
#2303=CARTESIAN_POINT('',(60.,30.0000014345783,5.24999999999999));
#2304=CARTESIAN_POINT('Origin',(59.,30.0000014345783,-7.7715611723761E-15));
#2305=CARTESIAN_POINT('Origin',(59.,30.0000014345783,-7.7715611723761E-15));
#2306=CARTESIAN_POINT('Origin',(60.,30.000001282978,39.9999999999998));
#2307=CARTESIAN_POINT('',(60.,30.000001282978,45.2499999999998));
#2308=CARTESIAN_POINT('Origin',(60.,30.000001282978,39.9999999999998));
#2309=CARTESIAN_POINT('',(59.,30.000001282978,45.2499999999998));
#2310=CARTESIAN_POINT('',(60.,30.000001282978,45.2499999999998));
#2311=CARTESIAN_POINT('Origin',(59.,30.000001282978,39.9999999999998));
#2312=CARTESIAN_POINT('Origin',(59.,30.000001282978,39.9999999999998));
#2313=CARTESIAN_POINT('Origin',(60.,30.0000013587781,19.9999999999999));
#2314=CARTESIAN_POINT('',(60.,30.0000013587781,25.2499999999999));
#2315=CARTESIAN_POINT('Origin',(60.,30.0000013587781,19.9999999999999));
#2316=CARTESIAN_POINT('',(59.,30.0000013587781,25.2499999999999));
#2317=CARTESIAN_POINT('',(60.,30.0000013587781,25.2499999999999));
#2318=CARTESIAN_POINT('Origin',(59.,30.0000013587781,19.9999999999999));
#2319=CARTESIAN_POINT('Origin',(59.,30.0000013587781,19.9999999999999));
#2320=CARTESIAN_POINT('Origin',(60.,30.0000015861785,-39.9999999999999));
#2321=CARTESIAN_POINT('',(60.,30.0000015861785,-34.7499999999999));
#2322=CARTESIAN_POINT('Origin',(60.,30.0000015861785,-39.9999999999999));
#2323=CARTESIAN_POINT('',(59.,30.0000015861785,-34.7499999999999));
#2324=CARTESIAN_POINT('',(60.,30.0000015861785,-34.7499999999999));
#2325=CARTESIAN_POINT('Origin',(59.,30.0000015861785,-39.9999999999999));
#2326=CARTESIAN_POINT('Origin',(59.,30.0000015861785,-39.9999999999999));
#2327=CARTESIAN_POINT('Origin',(60.,0.,60.));
#2328=CARTESIAN_POINT('',(60.,60.,-5.));
#2329=CARTESIAN_POINT('',(60.,52.,-5.));
#2330=CARTESIAN_POINT('',(60.,30.,-5.));
#2331=CARTESIAN_POINT('',(60.,50.,-3.));
#2332=CARTESIAN_POINT('Origin',(60.,52.,-3.));
#2333=CARTESIAN_POINT('',(60.,50.,2.99999999999999));
#2334=CARTESIAN_POINT('',(60.,50.,28.5));
#2335=CARTESIAN_POINT('',(60.,52.,5.));
#2336=CARTESIAN_POINT('Origin',(60.,52.,2.99999999999999));
#2337=CARTESIAN_POINT('',(60.,60.,5.));
#2338=CARTESIAN_POINT('',(60.,26.,5.));
#2339=CARTESIAN_POINT('',(60.,60.,59.));
#2340=CARTESIAN_POINT('',(60.,60.,60.));
#2341=CARTESIAN_POINT('',(60.,1.,59.));
#2342=CARTESIAN_POINT('',(60.,0.,59.));
#2343=CARTESIAN_POINT('',(60.,1.,-59.));
#2344=CARTESIAN_POINT('',(60.,1.,30.));
#2345=CARTESIAN_POINT('',(60.,60.,-59.));
#2346=CARTESIAN_POINT('',(60.,0.,-59.));
#2347=CARTESIAN_POINT('',(60.,60.,60.));
#2348=CARTESIAN_POINT('Origin',(60.,52.,2.99999999999999));
#2349=CARTESIAN_POINT('',(60.,50.,2.99999999999999));
#2350=CARTESIAN_POINT('',(60.,52.,5.));
#2351=CARTESIAN_POINT('Origin',(60.,50.,-3.));
#2352=CARTESIAN_POINT('',(60.,50.,-3.));
#2353=CARTESIAN_POINT('Origin',(60.,52.,-3.));
#2354=CARTESIAN_POINT('',(60.,52.,-5.));
#2355=CARTESIAN_POINT('Origin',(60.,60.,-5.));
#2356=CARTESIAN_POINT('',(30.,60.,-5.));
#2357=CARTESIAN_POINT('Origin',(60.,52.,5.));
#2358=CARTESIAN_POINT('',(30.,60.,5.));
#2359=CARTESIAN_POINT('Origin',(-59.,1.,-59.));
#2360=CARTESIAN_POINT('',(-59.,1.,-60.));
#2361=CARTESIAN_POINT('',(-60.,1.,-59.));
#2362=CARTESIAN_POINT('Origin',(-59.,1.,-59.));
#2363=CARTESIAN_POINT('',(-59.,0.,-59.));
#2364=CARTESIAN_POINT('Origin',(-59.,1.,-59.));
#2365=CARTESIAN_POINT('Origin',(-59.,1.,-59.));
#2366=CARTESIAN_POINT('Origin',(59.,1.,-59.));
#2367=CARTESIAN_POINT('',(59.,1.,-60.));
#2368=CARTESIAN_POINT('Origin',(59.,1.,-59.));
#2369=CARTESIAN_POINT('',(59.,0.,-59.));
#2370=CARTESIAN_POINT('Origin',(59.,1.,-59.));
#2371=CARTESIAN_POINT('Origin',(59.,1.,-59.));
#2372=CARTESIAN_POINT('Origin',(-59.,1.,59.));
#2373=CARTESIAN_POINT('',(-60.,1.,59.));
#2374=CARTESIAN_POINT('',(-59.,1.,60.));
#2375=CARTESIAN_POINT('Origin',(-59.,1.,59.));
#2376=CARTESIAN_POINT('',(-59.,0.,59.));
#2377=CARTESIAN_POINT('Origin',(-59.,1.,59.));
#2378=CARTESIAN_POINT('Origin',(-59.,1.,59.));
#2379=CARTESIAN_POINT('Origin',(-59.,1.,-30.));
#2380=CARTESIAN_POINT('',(-60.,1.,-30.));
#2381=CARTESIAN_POINT('',(-59.,0.,-30.));
#2382=CARTESIAN_POINT('Origin',(59.,1.,59.));
#2383=CARTESIAN_POINT('',(59.,0.,59.));
#2384=CARTESIAN_POINT('',(59.,1.,60.));
#2385=CARTESIAN_POINT('Origin',(59.,1.,59.));
#2386=CARTESIAN_POINT('Origin',(59.,1.,59.));
#2387=CARTESIAN_POINT('Origin',(59.,1.,59.));
#2388=CARTESIAN_POINT('Origin',(59.,1.,30.));
#2389=CARTESIAN_POINT('',(59.,0.,30.));
#2390=CARTESIAN_POINT('Origin',(59.,0.,59.));
#2391=CARTESIAN_POINT('',(59.,60.,60.));
#2392=CARTESIAN_POINT('Origin',(59.,60.,59.));
#2393=CARTESIAN_POINT('',(59.,0.,60.));
#2394=CARTESIAN_POINT('Origin',(-30.,1.,59.));
#2395=CARTESIAN_POINT('',(-30.,1.,60.));
#2396=CARTESIAN_POINT('',(-30.,0.,59.));
#2397=CARTESIAN_POINT('Origin',(-59.,0.,59.));
#2398=CARTESIAN_POINT('',(-59.,60.,60.));
#2399=CARTESIAN_POINT('',(-60.,60.,59.));
#2400=CARTESIAN_POINT('Origin',(-59.,60.,59.));
#2401=CARTESIAN_POINT('',(-60.,0.,59.));
#2402=CARTESIAN_POINT('',(-59.,0.,60.));
#2403=CARTESIAN_POINT('Origin',(30.,1.,-59.));
#2404=CARTESIAN_POINT('',(30.,1.,-60.));
#2405=CARTESIAN_POINT('',(30.,0.,-59.));
#2406=CARTESIAN_POINT('Origin',(59.,0.,-59.));
#2407=CARTESIAN_POINT('',(59.,60.,-60.));
#2408=CARTESIAN_POINT('Origin',(59.,60.,-59.));
#2409=CARTESIAN_POINT('',(59.,0.,-60.));
#2410=CARTESIAN_POINT('Origin',(-59.,0.,-59.));
#2411=CARTESIAN_POINT('',(-60.,60.,-59.));
#2412=CARTESIAN_POINT('',(-59.,60.,-60.));
#2413=CARTESIAN_POINT('Origin',(-59.,60.,-59.));
#2414=CARTESIAN_POINT('',(-59.,0.,-60.));
#2415=CARTESIAN_POINT('',(-60.,0.,-59.));
#2416=CARTESIAN_POINT('Origin',(0.,60.,0.));
#2417=CARTESIAN_POINT('',(60.,60.,-60.));
#2418=CARTESIAN_POINT('',(-60.,60.,-60.));
#2419=CARTESIAN_POINT('',(-60.,60.,60.));
#2420=CARTESIAN_POINT('',(-53.5,60.,-55.));
#2421=CARTESIAN_POINT('Origin',(-55.,60.,-55.));
#2422=CARTESIAN_POINT('',(-53.5,60.,55.));
#2423=CARTESIAN_POINT('Origin',(-55.,60.,55.));
#2424=CARTESIAN_POINT('',(56.5,60.,-55.));
#2425=CARTESIAN_POINT('Origin',(55.,60.,-55.));
#2426=CARTESIAN_POINT('',(56.5,60.,55.));
#2427=CARTESIAN_POINT('Origin',(55.,60.,55.));
#2428=CARTESIAN_POINT('Origin',(60.,0.,-60.));
#2429=CARTESIAN_POINT('Origin',(0.,0.,0.));
#2430=CARTESIAN_POINT('Origin',(55.,60.,55.));
#2431=CARTESIAN_POINT('',(56.5,55.,55.));
#2432=CARTESIAN_POINT('',(56.5,60.,55.));
#2433=CARTESIAN_POINT('Origin',(55.,55.,55.));
#2434=CARTESIAN_POINT('Origin',(55.,55.,55.));
#2435=CARTESIAN_POINT('Origin',(55.,60.,-55.));
#2436=CARTESIAN_POINT('',(56.5,55.,-55.));
#2437=CARTESIAN_POINT('',(56.5,60.,-55.));
#2438=CARTESIAN_POINT('Origin',(55.,55.,-55.));
#2439=CARTESIAN_POINT('Origin',(55.,55.,-55.));
#2440=CARTESIAN_POINT('Origin',(-55.,60.,55.));
#2441=CARTESIAN_POINT('',(-53.5,55.,55.));
#2442=CARTESIAN_POINT('',(-53.5,60.,55.));
#2443=CARTESIAN_POINT('Origin',(-55.,55.,55.));
#2444=CARTESIAN_POINT('Origin',(-55.,55.,55.));
#2445=CARTESIAN_POINT('Origin',(-55.,60.,-55.));
#2446=CARTESIAN_POINT('',(-53.5,55.,-55.));
#2447=CARTESIAN_POINT('',(-53.5,60.,-55.));
#2448=CARTESIAN_POINT('Origin',(-55.,55.,-55.));
#2449=CARTESIAN_POINT('Origin',(-55.,55.,-55.));
#2450=CARTESIAN_POINT('Origin',(-60.,0.,60.));
#2451=CARTESIAN_POINT('Origin',(-60.,0.,-60.));
#2452=UNCERTAINTY_MEASURE_WITH_UNIT(LENGTH_MEASURE(0.01),#2456,
'DISTANCE_ACCURACY_VALUE',
'Maximum model space distance between geometric entities at asserted c
onnectivities');
#2453=UNCERTAINTY_MEASURE_WITH_UNIT(LENGTH_MEASURE(0.01),#2456,
'DISTANCE_ACCURACY_VALUE',
'Maximum model space distance between geometric entities at asserted c
onnectivities');
#2454=(
GEOMETRIC_REPRESENTATION_CONTEXT(3)
GLOBAL_UNCERTAINTY_ASSIGNED_CONTEXT((#2452))
GLOBAL_UNIT_ASSIGNED_CONTEXT((#2456,#2458,#2459))
REPRESENTATION_CONTEXT('','3D')
);
#2455=(
GEOMETRIC_REPRESENTATION_CONTEXT(3)
GLOBAL_UNCERTAINTY_ASSIGNED_CONTEXT((#2453))
GLOBAL_UNIT_ASSIGNED_CONTEXT((#2456,#2458,#2459))
REPRESENTATION_CONTEXT('','3D')
);
#2456=(
LENGTH_UNIT()
NAMED_UNIT(*)
SI_UNIT(.MILLI.,.METRE.)
);
#2457=(
LENGTH_UNIT()
NAMED_UNIT(*)
SI_UNIT($,.METRE.)
);
#2458=(
NAMED_UNIT(*)
PLANE_ANGLE_UNIT()
SI_UNIT($,.RADIAN.)
);
#2459=(
NAMED_UNIT(*)
SI_UNIT($,.STERADIAN.)
SOLID_ANGLE_UNIT()
);
#2460=SHAPE_DEFINITION_REPRESENTATION(#2461,#2462);
#2461=PRODUCT_DEFINITION_SHAPE('',$,#2464);
#2462=SHAPE_REPRESENTATION('',(#1404),#2454);
#2463=PRODUCT_DEFINITION_CONTEXT('part definition',#2468,'design');
#2464=PRODUCT_DEFINITION('box','box',#2465,#2463);
#2465=PRODUCT_DEFINITION_FORMATION('',$,#2470);
#2466=PRODUCT_RELATED_PRODUCT_CATEGORY('box','box',(#2470));
#2467=APPLICATION_PROTOCOL_DEFINITION('international standard',
'automotive_design',2009,#2468);
#2468=APPLICATION_CONTEXT(
'Core Data for Automotive Mechanical Design Process');
#2469=PRODUCT_CONTEXT('part definition',#2468,'mechanical');
#2470=PRODUCT('box','box',$,(#2469));
#2471=PRESENTATION_STYLE_ASSIGNMENT((#2473));
#2472=PRESENTATION_STYLE_ASSIGNMENT((#2474));
#2473=SURFACE_STYLE_USAGE(.BOTH.,#2475);
#2474=SURFACE_STYLE_USAGE(.BOTH.,#2476);
#2475=SURFACE_SIDE_STYLE('',(#2477));
#2476=SURFACE_SIDE_STYLE('',(#2478));
#2477=SURFACE_STYLE_FILL_AREA(#2479);
#2478=SURFACE_STYLE_FILL_AREA(#2480);
#2479=FILL_AREA_STYLE('Steel - Satin',(#2481));
#2480=FILL_AREA_STYLE('Glass - Heavy Color (Blue)',(#2482));
#2481=FILL_AREA_STYLE_COLOUR('Steel - Satin',#2483);
#2482=FILL_AREA_STYLE_COLOUR('Glass - Heavy Color (Blue)',#2484);
#2483=COLOUR_RGB('Steel - Satin',0.627450980392157,0.627450980392157,0.627450980392157);
#2484=COLOUR_RGB('Glass - Heavy Color (Blue)',0.423529411764706,0.768627450980392,
0.854901960784314);
ENDSEC;
END-ISO-10303-21;
