ISO-10303-21;
HEADER;
/* Generated by software containing ST-Developer
 * from STEP Tools, Inc. (www.steptools.com) 
 */

FILE_DESCRIPTION(
/* description */ (''),
/* implementation_level */ '2;1');

FILE_NAME(
/* name */ 'Inlet.step',
/* time_stamp */ '2025-05-29T18:01:33+09:00',
/* author */ (''),
/* organization */ (''),
/* preprocessor_version */ 'ST-DEVELOPER v20.1',
/* originating_system */ 'Autodesk Translation Framework v14.10.0.0',
/* authorisation */ '');

FILE_SCHEMA (('AUTOMOTIVE_DESIGN { 1 0 10303 214 3 1 1 }'));
ENDSEC;

DATA;
#10=MECHANICAL_DESIGN_GEOMETRIC_PRESENTATION_REPRESENTATION('',(#13),#3827);
#11=SHAPE_REPRESENTATION_RELATIONSHIP('SRR','None',#3834,#12);
#12=ADVANCED_BREP_SHAPE_REPRESENTATION('',(#14),#3826);
#13=STYLED_ITEM('',(#3843),#14);
#14=MANIFOLD_SOLID_BREP('Body1',#2191);
#15=FACE_BOUND('',#741,.T.);
#16=FACE_BOUND('',#742,.T.);
#17=FACE_BOUND('',#743,.T.);
#18=FACE_BOUND('',#771,.T.);
#19=FACE_BOUND('',#772,.T.);
#20=FACE_BOUND('',#773,.T.);
#21=FACE_BOUND('',#777,.T.);
#22=PLANE('',#2239);
#23=PLANE('',#2241);
#24=PLANE('',#2245);
#25=PLANE('',#2247);
#26=PLANE('',#2249);
#27=PLANE('',#2260);
#28=PLANE('',#2261);
#29=PLANE('',#2273);
#30=PLANE('',#2274);
#31=PLANE('',#2275);
#32=PLANE('',#2287);
#33=PLANE('',#2292);
#34=PLANE('',#2296);
#35=PLANE('',#2297);
#36=PLANE('',#2314);
#37=PLANE('',#2315);
#38=PLANE('',#2319);
#39=PLANE('',#2321);
#40=PLANE('',#2324);
#41=PLANE('',#2327);
#42=PLANE('',#2330);
#43=PLANE('',#2333);
#44=PLANE('',#2336);
#45=PLANE('',#2337);
#46=PLANE('',#2342);
#47=PLANE('',#2344);
#48=PLANE('',#2346);
#49=PLANE('',#2350);
#50=PLANE('',#2351);
#51=PLANE('',#2355);
#52=PLANE('',#2356);
#53=PLANE('',#2359);
#54=PLANE('',#2360);
#55=PLANE('',#2361);
#56=PLANE('',#2362);
#57=PLANE('',#2363);
#58=PLANE('',#2364);
#59=PLANE('',#2365);
#60=PLANE('',#2366);
#61=PLANE('',#2367);
#62=PLANE('',#2368);
#63=PLANE('',#2369);
#64=PLANE('',#2370);
#65=PLANE('',#2371);
#66=PLANE('',#2372);
#67=PLANE('',#2373);
#68=PLANE('',#2374);
#69=PLANE('',#2375);
#70=PLANE('',#2376);
#71=PLANE('',#2377);
#72=PLANE('',#2378);
#73=PLANE('',#2379);
#74=PLANE('',#2380);
#75=PLANE('',#2381);
#76=PLANE('',#2382);
#77=PLANE('',#2386);
#78=PLANE('',#2387);
#79=PLANE('',#2388);
#80=PLANE('',#2389);
#81=PLANE('',#2390);
#82=PLANE('',#2391);
#83=PLANE('',#2392);
#84=PLANE('',#2393);
#85=PLANE('',#2394);
#86=PLANE('',#2397);
#87=ELLIPSE('',#2209,1.4142135623731,1.);
#88=ELLIPSE('',#2211,1.4142135623731,1.);
#89=ELLIPSE('',#2213,1.4142135623731,1.);
#90=ELLIPSE('',#2218,1.4142135623731,1.);
#91=ELLIPSE('',#2220,1.4142135623731,1.);
#92=ELLIPSE('',#2222,1.4142135623731,1.);
#93=ELLIPSE('',#2227,1.4142135623731,1.);
#94=ELLIPSE('',#2234,1.4142135623731,1.);
#95=ELLIPSE('',#2253,1.41421356237309,1.);
#96=ELLIPSE('',#2254,1.4142135623731,1.);
#97=ELLIPSE('',#2256,1.4142135623731,1.);
#98=ELLIPSE('',#2258,1.41421356237309,1.);
#99=ELLIPSE('',#2263,1.4142135623731,1.);
#100=ELLIPSE('',#2264,1.41421356237309,1.);
#101=ELLIPSE('',#2266,1.4142135623731,1.);
#102=ELLIPSE('',#2271,1.41421356237309,1.);
#103=ELLIPSE('',#2277,1.4142135623731,1.);
#104=ELLIPSE('',#2279,1.41421356237309,1.);
#105=ELLIPSE('',#2281,1.4142135623731,1.);
#106=ELLIPSE('',#2283,1.4142135623731,1.);
#107=LINE('',#3046,#329);
#108=LINE('',#3049,#330);
#109=LINE('',#3052,#331);
#110=LINE('',#3055,#332);
#111=LINE('',#3059,#333);
#112=LINE('',#3076,#334);
#113=LINE('',#3099,#335);
#114=LINE('',#3102,#336);
#115=LINE('',#3106,#337);
#116=LINE('',#3110,#338);
#117=LINE('',#3128,#339);
#118=LINE('',#3145,#340);
#119=LINE('',#3168,#341);
#120=LINE('',#3170,#342);
#121=LINE('',#3173,#343);
#122=LINE('',#3174,#344);
#123=LINE('',#3176,#345);
#124=LINE('',#3177,#346);
#125=LINE('',#3199,#347);
#126=LINE('',#3201,#348);
#127=LINE('',#3204,#349);
#128=LINE('',#3205,#350);
#129=LINE('',#3207,#351);
#130=LINE('',#3208,#352);
#131=LINE('',#3211,#353);
#132=LINE('',#3224,#354);
#133=LINE('',#3229,#355);
#134=LINE('',#3233,#356);
#135=LINE('',#3249,#357);
#136=LINE('',#3254,#358);
#137=LINE('',#3256,#359);
#138=LINE('',#3258,#360);
#139=LINE('',#3259,#361);
#140=LINE('',#3262,#362);
#141=LINE('',#3266,#363);
#142=LINE('',#3268,#364);
#143=LINE('',#3270,#365);
#144=LINE('',#3271,#366);
#145=LINE('',#3274,#367);
#146=LINE('',#3276,#368);
#147=LINE('',#3278,#369);
#148=LINE('',#3282,#370);
#149=LINE('',#3283,#371);
#150=LINE('',#3288,#372);
#151=LINE('',#3293,#373);
#152=LINE('',#3297,#374);
#153=LINE('',#3299,#375);
#154=LINE('',#3302,#376);
#155=LINE('',#3304,#377);
#156=LINE('',#3305,#378);
#157=LINE('',#3308,#379);
#158=LINE('',#3309,#380);
#159=LINE('',#3314,#381);
#160=LINE('',#3319,#382);
#161=LINE('',#3336,#383);
#162=LINE('',#3356,#384);
#163=LINE('',#3359,#385);
#164=LINE('',#3362,#386);
#165=LINE('',#3364,#387);
#166=LINE('',#3365,#388);
#167=LINE('',#3368,#389);
#168=LINE('',#3369,#390);
#169=LINE('',#3372,#391);
#170=LINE('',#3373,#392);
#171=LINE('',#3378,#393);
#172=LINE('',#3396,#394);
#173=LINE('',#3400,#395);
#174=LINE('',#3404,#396);
#175=LINE('',#3407,#397);
#176=LINE('',#3426,#398);
#177=LINE('',#3428,#399);
#178=LINE('',#3429,#400);
#179=LINE('',#3432,#401);
#180=LINE('',#3436,#402);
#181=LINE('',#3440,#403);
#182=LINE('',#3444,#404);
#183=LINE('',#3445,#405);
#184=LINE('',#3451,#406);
#185=LINE('',#3454,#407);
#186=LINE('',#3457,#408);
#187=LINE('',#3459,#409);
#188=LINE('',#3460,#410);
#189=LINE('',#3463,#411);
#190=LINE('',#3464,#412);
#191=LINE('',#3466,#413);
#192=LINE('',#3470,#414);
#193=LINE('',#3476,#415);
#194=LINE('',#3478,#416);
#195=LINE('',#3480,#417);
#196=LINE('',#3484,#418);
#197=LINE('',#3486,#419);
#198=LINE('',#3488,#420);
#199=LINE('',#3492,#421);
#200=LINE('',#3494,#422);
#201=LINE('',#3496,#423);
#202=LINE('',#3500,#424);
#203=LINE('',#3501,#425);
#204=LINE('',#3503,#426);
#205=LINE('',#3504,#427);
#206=LINE('',#3509,#428);
#207=LINE('',#3511,#429);
#208=LINE('',#3513,#430);
#209=LINE('',#3517,#431);
#210=LINE('',#3519,#432);
#211=LINE('',#3521,#433);
#212=LINE('',#3525,#434);
#213=LINE('',#3527,#435);
#214=LINE('',#3529,#436);
#215=LINE('',#3533,#437);
#216=LINE('',#3535,#438);
#217=LINE('',#3539,#439);
#218=LINE('',#3540,#440);
#219=LINE('',#3542,#441);
#220=LINE('',#3544,#442);
#221=LINE('',#3546,#443);
#222=LINE('',#3550,#444);
#223=LINE('',#3552,#445);
#224=LINE('',#3554,#446);
#225=LINE('',#3558,#447);
#226=LINE('',#3560,#448);
#227=LINE('',#3562,#449);
#228=LINE('',#3566,#450);
#229=LINE('',#3567,#451);
#230=LINE('',#3572,#452);
#231=LINE('',#3573,#453);
#232=LINE('',#3576,#454);
#233=LINE('',#3577,#455);
#234=LINE('',#3580,#456);
#235=LINE('',#3581,#457);
#236=LINE('',#3583,#458);
#237=LINE('',#3585,#459);
#238=LINE('',#3589,#460);
#239=LINE('',#3591,#461);
#240=LINE('',#3593,#462);
#241=LINE('',#3597,#463);
#242=LINE('',#3598,#464);
#243=LINE('',#3600,#465);
#244=LINE('',#3602,#466);
#245=LINE('',#3603,#467);
#246=LINE('',#3605,#468);
#247=LINE('',#3606,#469);
#248=LINE('',#3608,#470);
#249=LINE('',#3610,#471);
#250=LINE('',#3611,#472);
#251=LINE('',#3613,#473);
#252=LINE('',#3618,#474);
#253=LINE('',#3619,#475);
#254=LINE('',#3622,#476);
#255=LINE('',#3623,#477);
#256=LINE('',#3628,#478);
#257=LINE('',#3629,#479);
#258=LINE('',#3632,#480);
#259=LINE('',#3633,#481);
#260=LINE('',#3638,#482);
#261=LINE('',#3639,#483);
#262=LINE('',#3642,#484);
#263=LINE('',#3643,#485);
#264=LINE('',#3648,#486);
#265=LINE('',#3649,#487);
#266=LINE('',#3652,#488);
#267=LINE('',#3653,#489);
#268=LINE('',#3658,#490);
#269=LINE('',#3659,#491);
#270=LINE('',#3662,#492);
#271=LINE('',#3663,#493);
#272=LINE('',#3666,#494);
#273=LINE('',#3667,#495);
#274=LINE('',#3669,#496);
#275=LINE('',#3671,#497);
#276=LINE('',#3672,#498);
#277=LINE('',#3674,#499);
#278=LINE('',#3676,#500);
#279=LINE('',#3680,#501);
#280=LINE('',#3682,#502);
#281=LINE('',#3684,#503);
#282=LINE('',#3688,#504);
#283=LINE('',#3690,#505);
#284=LINE('',#3692,#506);
#285=LINE('',#3696,#507);
#286=LINE('',#3697,#508);
#287=LINE('',#3699,#509);
#288=LINE('',#3700,#510);
#289=LINE('',#3702,#511);
#290=LINE('',#3704,#512);
#291=LINE('',#3705,#513);
#292=LINE('',#3707,#514);
#293=LINE('',#3709,#515);
#294=LINE('',#3710,#516);
#295=LINE('',#3712,#517);
#296=LINE('',#3723,#518);
#297=LINE('',#3738,#519);
#298=LINE('',#3740,#520);
#299=LINE('',#3748,#521);
#300=LINE('',#3752,#522);
#301=LINE('',#3753,#523);
#302=LINE('',#3756,#524);
#303=LINE('',#3757,#525);
#304=LINE('',#3759,#526);
#305=LINE('',#3761,#527);
#306=LINE('',#3764,#528);
#307=LINE('',#3768,#529);
#308=LINE('',#3771,#530);
#309=LINE('',#3774,#531);
#310=LINE('',#3778,#532);
#311=LINE('',#3779,#533);
#312=LINE('',#3781,#534);
#313=LINE('',#3784,#535);
#314=LINE('',#3785,#536);
#315=LINE('',#3788,#537);
#316=LINE('',#3789,#538);
#317=LINE('',#3791,#539);
#318=LINE('',#3793,#540);
#319=LINE('',#3796,#541);
#320=LINE('',#3797,#542);
#321=LINE('',#3800,#543);
#322=LINE('',#3801,#544);
#323=LINE('',#3805,#545);
#324=LINE('',#3808,#546);
#325=LINE('',#3811,#547);
#326=LINE('',#3814,#548);
#327=LINE('',#3816,#549);
#328=LINE('',#3819,#550);
#329=VECTOR('',#2408,10.);
#330=VECTOR('',#2411,10.);
#331=VECTOR('',#2414,10.);
#332=VECTOR('',#2417,10.);
#333=VECTOR('',#2420,10.);
#334=VECTOR('',#2421,10.);
#335=VECTOR('',#2432,10.);
#336=VECTOR('',#2435,10.);
#337=VECTOR('',#2438,10.);
#338=VECTOR('',#2441,10.);
#339=VECTOR('',#2444,10.);
#340=VECTOR('',#2445,10.);
#341=VECTOR('',#2456,10.);
#342=VECTOR('',#2457,10.);
#343=VECTOR('',#2462,10.);
#344=VECTOR('',#2463,10.);
#345=VECTOR('',#2466,10.);
#346=VECTOR('',#2467,10.);
#347=VECTOR('',#2476,10.);
#348=VECTOR('',#2477,10.);
#349=VECTOR('',#2482,10.);
#350=VECTOR('',#2483,10.);
#351=VECTOR('',#2486,10.);
#352=VECTOR('',#2487,10.);
#353=VECTOR('',#2490,10.);
#354=VECTOR('',#2493,10.);
#355=VECTOR('',#2500,10.);
#356=VECTOR('',#2505,10.);
#357=VECTOR('',#2514,10.);
#358=VECTOR('',#2519,10.);
#359=VECTOR('',#2520,10.);
#360=VECTOR('',#2521,10.);
#361=VECTOR('',#2522,10.);
#362=VECTOR('',#2523,10.);
#363=VECTOR('',#2526,10.);
#364=VECTOR('',#2527,10.);
#365=VECTOR('',#2528,10.);
#366=VECTOR('',#2529,10.);
#367=VECTOR('',#2530,10.);
#368=VECTOR('',#2531,10.);
#369=VECTOR('',#2532,10.);
#370=VECTOR('',#2535,10.);
#371=VECTOR('',#2536,10.);
#372=VECTOR('',#2541,10.);
#373=VECTOR('',#2548,10.);
#374=VECTOR('',#2553,10.);
#375=VECTOR('',#2556,10.);
#376=VECTOR('',#2559,10.);
#377=VECTOR('',#2560,10.);
#378=VECTOR('',#2561,10.);
#379=VECTOR('',#2564,10.);
#380=VECTOR('',#2565,10.);
#381=VECTOR('',#2570,10.);
#382=VECTOR('',#2577,10.);
#383=VECTOR('',#2580,10.);
#384=VECTOR('',#2587,10.);
#385=VECTOR('',#2592,10.);
#386=VECTOR('',#2595,10.);
#387=VECTOR('',#2596,10.);
#388=VECTOR('',#2597,10.);
#389=VECTOR('',#2600,10.);
#390=VECTOR('',#2601,10.);
#391=VECTOR('',#2604,10.);
#392=VECTOR('',#2605,10.);
#393=VECTOR('',#2610,10.);
#394=VECTOR('',#2615,10.);
#395=VECTOR('',#2620,10.);
#396=VECTOR('',#2625,10.);
#397=VECTOR('',#2628,10.);
#398=VECTOR('',#2635,10.);
#399=VECTOR('',#2636,10.);
#400=VECTOR('',#2637,10.);
#401=VECTOR('',#2640,10.);
#402=VECTOR('',#2643,10.);
#403=VECTOR('',#2646,10.);
#404=VECTOR('',#2651,10.);
#405=VECTOR('',#2652,10.);
#406=VECTOR('',#2657,10.);
#407=VECTOR('',#2660,10.);
#408=VECTOR('',#2663,10.);
#409=VECTOR('',#2664,10.);
#410=VECTOR('',#2665,10.);
#411=VECTOR('',#2668,10.);
#412=VECTOR('',#2669,10.);
#413=VECTOR('',#2670,10.);
#414=VECTOR('',#2673,10.);
#415=VECTOR('',#2678,10.);
#416=VECTOR('',#2679,10.);
#417=VECTOR('',#2680,10.);
#418=VECTOR('',#2683,10.);
#419=VECTOR('',#2684,10.);
#420=VECTOR('',#2685,10.);
#421=VECTOR('',#2688,10.);
#422=VECTOR('',#2689,10.);
#423=VECTOR('',#2690,10.);
#424=VECTOR('',#2693,10.);
#425=VECTOR('',#2694,10.);
#426=VECTOR('',#2695,10.);
#427=VECTOR('',#2696,10.);
#428=VECTOR('',#2699,10.);
#429=VECTOR('',#2700,10.);
#430=VECTOR('',#2701,10.);
#431=VECTOR('',#2704,10.);
#432=VECTOR('',#2705,10.);
#433=VECTOR('',#2706,10.);
#434=VECTOR('',#2709,10.);
#435=VECTOR('',#2710,10.);
#436=VECTOR('',#2711,10.);
#437=VECTOR('',#2714,10.);
#438=VECTOR('',#2715,10.);
#439=VECTOR('',#2718,10.);
#440=VECTOR('',#2719,10.);
#441=VECTOR('',#2720,10.);
#442=VECTOR('',#2721,10.);
#443=VECTOR('',#2722,10.);
#444=VECTOR('',#2725,10.);
#445=VECTOR('',#2726,10.);
#446=VECTOR('',#2727,10.);
#447=VECTOR('',#2730,10.);
#448=VECTOR('',#2731,10.);
#449=VECTOR('',#2732,10.);
#450=VECTOR('',#2735,10.);
#451=VECTOR('',#2736,10.);
#452=VECTOR('',#2741,10.);
#453=VECTOR('',#2742,10.);
#454=VECTOR('',#2745,10.);
#455=VECTOR('',#2746,10.);
#456=VECTOR('',#2749,10.);
#457=VECTOR('',#2750,10.);
#458=VECTOR('',#2751,10.);
#459=VECTOR('',#2752,10.);
#460=VECTOR('',#2755,10.);
#461=VECTOR('',#2756,10.);
#462=VECTOR('',#2757,10.);
#463=VECTOR('',#2760,10.);
#464=VECTOR('',#2761,10.);
#465=VECTOR('',#2762,10.);
#466=VECTOR('',#2763,10.);
#467=VECTOR('',#2764,10.);
#468=VECTOR('',#2767,10.);
#469=VECTOR('',#2768,10.);
#470=VECTOR('',#2771,10.);
#471=VECTOR('',#2774,10.);
#472=VECTOR('',#2775,10.);
#473=VECTOR('',#2778,10.);
#474=VECTOR('',#2783,10.);
#475=VECTOR('',#2784,10.);
#476=VECTOR('',#2787,10.);
#477=VECTOR('',#2788,10.);
#478=VECTOR('',#2793,10.);
#479=VECTOR('',#2794,10.);
#480=VECTOR('',#2797,10.);
#481=VECTOR('',#2798,10.);
#482=VECTOR('',#2803,10.);
#483=VECTOR('',#2804,10.);
#484=VECTOR('',#2807,10.);
#485=VECTOR('',#2808,10.);
#486=VECTOR('',#2813,10.);
#487=VECTOR('',#2814,10.);
#488=VECTOR('',#2817,10.);
#489=VECTOR('',#2818,10.);
#490=VECTOR('',#2823,10.);
#491=VECTOR('',#2824,10.);
#492=VECTOR('',#2827,10.);
#493=VECTOR('',#2828,10.);
#494=VECTOR('',#2831,10.);
#495=VECTOR('',#2832,10.);
#496=VECTOR('',#2833,10.);
#497=VECTOR('',#2834,10.);
#498=VECTOR('',#2835,10.);
#499=VECTOR('',#2836,10.);
#500=VECTOR('',#2837,10.);
#501=VECTOR('',#2840,10.);
#502=VECTOR('',#2841,10.);
#503=VECTOR('',#2842,10.);
#504=VECTOR('',#2845,10.);
#505=VECTOR('',#2846,10.);
#506=VECTOR('',#2847,10.);
#507=VECTOR('',#2850,10.);
#508=VECTOR('',#2851,10.);
#509=VECTOR('',#2854,10.);
#510=VECTOR('',#2855,10.);
#511=VECTOR('',#2858,10.);
#512=VECTOR('',#2861,10.);
#513=VECTOR('',#2862,10.);
#514=VECTOR('',#2865,10.);
#515=VECTOR('',#2868,10.);
#516=VECTOR('',#2869,10.);
#517=VECTOR('',#2872,10.);
#518=VECTOR('',#2883,10.);
#519=VECTOR('',#2892,10.);
#520=VECTOR('',#2895,10.);
#521=VECTOR('',#2902,10.);
#522=VECTOR('',#2907,10.);
#523=VECTOR('',#2908,10.);
#524=VECTOR('',#2911,10.);
#525=VECTOR('',#2912,10.);
#526=VECTOR('',#2915,10.);
#527=VECTOR('',#2918,10.);
#528=VECTOR('',#2923,10.);
#529=VECTOR('',#2930,10.);
#530=VECTOR('',#2935,10.);
#531=VECTOR('',#2940,10.);
#532=VECTOR('',#2945,10.);
#533=VECTOR('',#2946,10.);
#534=VECTOR('',#2949,10.);
#535=VECTOR('',#2952,10.);
#536=VECTOR('',#2953,10.);
#537=VECTOR('',#2956,10.);
#538=VECTOR('',#2957,10.);
#539=VECTOR('',#2960,10.);
#540=VECTOR('',#2963,10.);
#541=VECTOR('',#2966,10.);
#542=VECTOR('',#2967,10.);
#543=VECTOR('',#2970,10.);
#544=VECTOR('',#2971,10.);
#545=VECTOR('',#2976,10.);
#546=VECTOR('',#2981,10.);
#547=VECTOR('',#2986,10.);
#548=VECTOR('',#2991,10.);
#549=VECTOR('',#2994,10.);
#550=VECTOR('',#2999,10.);
#551=CYLINDRICAL_SURFACE('',#2208,1.);
#552=CYLINDRICAL_SURFACE('',#2210,1.);
#553=CYLINDRICAL_SURFACE('',#2212,1.);
#554=CYLINDRICAL_SURFACE('',#2217,1.);
#555=CYLINDRICAL_SURFACE('',#2219,1.);
#556=CYLINDRICAL_SURFACE('',#2221,1.);
#557=CYLINDRICAL_SURFACE('',#2226,1.);
#558=CYLINDRICAL_SURFACE('',#2228,1.);
#559=CYLINDRICAL_SURFACE('',#2229,1.);
#560=CYLINDRICAL_SURFACE('',#2233,1.);
#561=CYLINDRICAL_SURFACE('',#2235,1.);
#562=CYLINDRICAL_SURFACE('',#2236,1.);
#563=CYLINDRICAL_SURFACE('',#2237,8.);
#564=CYLINDRICAL_SURFACE('',#2243,8.);
#565=CYLINDRICAL_SURFACE('',#2252,1.);
#566=CYLINDRICAL_SURFACE('',#2255,1.);
#567=CYLINDRICAL_SURFACE('',#2257,1.);
#568=CYLINDRICAL_SURFACE('',#2259,1.);
#569=CYLINDRICAL_SURFACE('',#2262,1.);
#570=CYLINDRICAL_SURFACE('',#2265,1.);
#571=CYLINDRICAL_SURFACE('',#2267,1.);
#572=CYLINDRICAL_SURFACE('',#2270,1.);
#573=CYLINDRICAL_SURFACE('',#2272,1.);
#574=CYLINDRICAL_SURFACE('',#2276,1.);
#575=CYLINDRICAL_SURFACE('',#2278,1.);
#576=CYLINDRICAL_SURFACE('',#2280,1.);
#577=CYLINDRICAL_SURFACE('',#2282,1.);
#578=CYLINDRICAL_SURFACE('',#2284,1.);
#579=CYLINDRICAL_SURFACE('',#2288,6.);
#580=CYLINDRICAL_SURFACE('',#2293,2.);
#581=CYLINDRICAL_SURFACE('',#2312,2.);
#582=CYLINDRICAL_SURFACE('',#2318,2.);
#583=CYLINDRICAL_SURFACE('',#2320,2.);
#584=CYLINDRICAL_SURFACE('',#2322,2.);
#585=CYLINDRICAL_SURFACE('',#2325,2.);
#586=CYLINDRICAL_SURFACE('',#2328,2.);
#587=CYLINDRICAL_SURFACE('',#2331,2.);
#588=CYLINDRICAL_SURFACE('',#2334,2.);
#589=CYLINDRICAL_SURFACE('',#2341,2.);
#590=CYLINDRICAL_SURFACE('',#2343,2.);
#591=CYLINDRICAL_SURFACE('',#2345,2.);
#592=CYLINDRICAL_SURFACE('',#2347,3.);
#593=CYLINDRICAL_SURFACE('',#2352,3.);
#594=CYLINDRICAL_SURFACE('',#2357,3.);
#595=CYLINDRICAL_SURFACE('',#2358,3.);
#596=CYLINDRICAL_SURFACE('',#2383,6.);
#597=CYLINDRICAL_SURFACE('',#2395,8.);
#598=CYLINDRICAL_SURFACE('',#2396,8.);
#599=FACE_OUTER_BOUND('',#718,.T.);
#600=FACE_OUTER_BOUND('',#719,.T.);
#601=FACE_OUTER_BOUND('',#720,.T.);
#602=FACE_OUTER_BOUND('',#721,.T.);
#603=FACE_OUTER_BOUND('',#722,.T.);
#604=FACE_OUTER_BOUND('',#723,.T.);
#605=FACE_OUTER_BOUND('',#724,.T.);
#606=FACE_OUTER_BOUND('',#725,.T.);
#607=FACE_OUTER_BOUND('',#726,.T.);
#608=FACE_OUTER_BOUND('',#727,.T.);
#609=FACE_OUTER_BOUND('',#728,.T.);
#610=FACE_OUTER_BOUND('',#729,.T.);
#611=FACE_OUTER_BOUND('',#730,.T.);
#612=FACE_OUTER_BOUND('',#731,.T.);
#613=FACE_OUTER_BOUND('',#732,.T.);
#614=FACE_OUTER_BOUND('',#733,.T.);
#615=FACE_OUTER_BOUND('',#734,.T.);
#616=FACE_OUTER_BOUND('',#735,.T.);
#617=FACE_OUTER_BOUND('',#736,.T.);
#618=FACE_OUTER_BOUND('',#737,.T.);
#619=FACE_OUTER_BOUND('',#738,.T.);
#620=FACE_OUTER_BOUND('',#739,.T.);
#621=FACE_OUTER_BOUND('',#740,.T.);
#622=FACE_OUTER_BOUND('',#744,.T.);
#623=FACE_OUTER_BOUND('',#745,.T.);
#624=FACE_OUTER_BOUND('',#746,.T.);
#625=FACE_OUTER_BOUND('',#747,.T.);
#626=FACE_OUTER_BOUND('',#748,.T.);
#627=FACE_OUTER_BOUND('',#749,.T.);
#628=FACE_OUTER_BOUND('',#750,.T.);
#629=FACE_OUTER_BOUND('',#751,.T.);
#630=FACE_OUTER_BOUND('',#752,.T.);
#631=FACE_OUTER_BOUND('',#753,.T.);
#632=FACE_OUTER_BOUND('',#754,.T.);
#633=FACE_OUTER_BOUND('',#755,.T.);
#634=FACE_OUTER_BOUND('',#756,.T.);
#635=FACE_OUTER_BOUND('',#757,.T.);
#636=FACE_OUTER_BOUND('',#758,.T.);
#637=FACE_OUTER_BOUND('',#759,.T.);
#638=FACE_OUTER_BOUND('',#760,.T.);
#639=FACE_OUTER_BOUND('',#761,.T.);
#640=FACE_OUTER_BOUND('',#762,.T.);
#641=FACE_OUTER_BOUND('',#763,.T.);
#642=FACE_OUTER_BOUND('',#764,.T.);
#643=FACE_OUTER_BOUND('',#765,.T.);
#644=FACE_OUTER_BOUND('',#766,.T.);
#645=FACE_OUTER_BOUND('',#767,.T.);
#646=FACE_OUTER_BOUND('',#768,.T.);
#647=FACE_OUTER_BOUND('',#769,.T.);
#648=FACE_OUTER_BOUND('',#770,.T.);
#649=FACE_OUTER_BOUND('',#774,.T.);
#650=FACE_OUTER_BOUND('',#775,.T.);
#651=FACE_OUTER_BOUND('',#776,.T.);
#652=FACE_OUTER_BOUND('',#778,.T.);
#653=FACE_OUTER_BOUND('',#779,.T.);
#654=FACE_OUTER_BOUND('',#780,.T.);
#655=FACE_OUTER_BOUND('',#781,.T.);
#656=FACE_OUTER_BOUND('',#782,.T.);
#657=FACE_OUTER_BOUND('',#783,.T.);
#658=FACE_OUTER_BOUND('',#784,.T.);
#659=FACE_OUTER_BOUND('',#785,.T.);
#660=FACE_OUTER_BOUND('',#786,.T.);
#661=FACE_OUTER_BOUND('',#787,.T.);
#662=FACE_OUTER_BOUND('',#788,.T.);
#663=FACE_OUTER_BOUND('',#789,.T.);
#664=FACE_OUTER_BOUND('',#790,.T.);
#665=FACE_OUTER_BOUND('',#791,.T.);
#666=FACE_OUTER_BOUND('',#792,.T.);
#667=FACE_OUTER_BOUND('',#793,.T.);
#668=FACE_OUTER_BOUND('',#794,.T.);
#669=FACE_OUTER_BOUND('',#795,.T.);
#670=FACE_OUTER_BOUND('',#796,.T.);
#671=FACE_OUTER_BOUND('',#797,.T.);
#672=FACE_OUTER_BOUND('',#798,.T.);
#673=FACE_OUTER_BOUND('',#799,.T.);
#674=FACE_OUTER_BOUND('',#800,.T.);
#675=FACE_OUTER_BOUND('',#801,.T.);
#676=FACE_OUTER_BOUND('',#802,.T.);
#677=FACE_OUTER_BOUND('',#803,.T.);
#678=FACE_OUTER_BOUND('',#804,.T.);
#679=FACE_OUTER_BOUND('',#805,.T.);
#680=FACE_OUTER_BOUND('',#806,.T.);
#681=FACE_OUTER_BOUND('',#807,.T.);
#682=FACE_OUTER_BOUND('',#808,.T.);
#683=FACE_OUTER_BOUND('',#809,.T.);
#684=FACE_OUTER_BOUND('',#810,.T.);
#685=FACE_OUTER_BOUND('',#811,.T.);
#686=FACE_OUTER_BOUND('',#812,.T.);
#687=FACE_OUTER_BOUND('',#813,.T.);
#688=FACE_OUTER_BOUND('',#814,.T.);
#689=FACE_OUTER_BOUND('',#815,.T.);
#690=FACE_OUTER_BOUND('',#816,.T.);
#691=FACE_OUTER_BOUND('',#817,.T.);
#692=FACE_OUTER_BOUND('',#818,.T.);
#693=FACE_OUTER_BOUND('',#819,.T.);
#694=FACE_OUTER_BOUND('',#820,.T.);
#695=FACE_OUTER_BOUND('',#821,.T.);
#696=FACE_OUTER_BOUND('',#822,.T.);
#697=FACE_OUTER_BOUND('',#823,.T.);
#698=FACE_OUTER_BOUND('',#824,.T.);
#699=FACE_OUTER_BOUND('',#825,.T.);
#700=FACE_OUTER_BOUND('',#826,.T.);
#701=FACE_OUTER_BOUND('',#827,.T.);
#702=FACE_OUTER_BOUND('',#828,.T.);
#703=FACE_OUTER_BOUND('',#829,.T.);
#704=FACE_OUTER_BOUND('',#830,.T.);
#705=FACE_OUTER_BOUND('',#831,.T.);
#706=FACE_OUTER_BOUND('',#832,.T.);
#707=FACE_OUTER_BOUND('',#833,.T.);
#708=FACE_OUTER_BOUND('',#834,.T.);
#709=FACE_OUTER_BOUND('',#835,.T.);
#710=FACE_OUTER_BOUND('',#836,.T.);
#711=FACE_OUTER_BOUND('',#837,.T.);
#712=FACE_OUTER_BOUND('',#838,.T.);
#713=FACE_OUTER_BOUND('',#839,.T.);
#714=FACE_OUTER_BOUND('',#840,.T.);
#715=FACE_OUTER_BOUND('',#841,.T.);
#716=FACE_OUTER_BOUND('',#842,.T.);
#717=FACE_OUTER_BOUND('',#843,.T.);
#718=EDGE_LOOP('',(#1434,#1435,#1436,#1437));
#719=EDGE_LOOP('',(#1438,#1439,#1440,#1441));
#720=EDGE_LOOP('',(#1442,#1443,#1444,#1445));
#721=EDGE_LOOP('',(#1446,#1447,#1448,#1449));
#722=EDGE_LOOP('',(#1450,#1451,#1452,#1453));
#723=EDGE_LOOP('',(#1454,#1455,#1456,#1457));
#724=EDGE_LOOP('',(#1458,#1459,#1460,#1461));
#725=EDGE_LOOP('',(#1462,#1463,#1464,#1465));
#726=EDGE_LOOP('',(#1466,#1467,#1468,#1469));
#727=EDGE_LOOP('',(#1470,#1471,#1472,#1473));
#728=EDGE_LOOP('',(#1474,#1475,#1476,#1477));
#729=EDGE_LOOP('',(#1478,#1479,#1480,#1481));
#730=EDGE_LOOP('',(#1482,#1483,#1484,#1485));
#731=EDGE_LOOP('',(#1486,#1487,#1488,#1489));
#732=EDGE_LOOP('',(#1490,#1491,#1492,#1493));
#733=EDGE_LOOP('',(#1494,#1495,#1496,#1497));
#734=EDGE_LOOP('',(#1498,#1499,#1500,#1501,#1502,#1503));
#735=EDGE_LOOP('',(#1504,#1505,#1506));
#736=EDGE_LOOP('',(#1507,#1508,#1509));
#737=EDGE_LOOP('',(#1510,#1511,#1512,#1513,#1514,#1515));
#738=EDGE_LOOP('',(#1516,#1517,#1518));
#739=EDGE_LOOP('',(#1519,#1520,#1521));
#740=EDGE_LOOP('',(#1522,#1523,#1524,#1525,#1526,#1527,#1528,#1529,#1530,
#1531,#1532,#1533,#1534,#1535,#1536,#1537));
#741=EDGE_LOOP('',(#1538,#1539,#1540,#1541));
#742=EDGE_LOOP('',(#1542,#1543,#1544,#1545,#1546,#1547));
#743=EDGE_LOOP('',(#1548,#1549,#1550,#1551,#1552,#1553));
#744=EDGE_LOOP('',(#1554,#1555,#1556,#1557));
#745=EDGE_LOOP('',(#1558,#1559,#1560,#1561));
#746=EDGE_LOOP('',(#1562,#1563,#1564,#1565));
#747=EDGE_LOOP('',(#1566,#1567,#1568,#1569));
#748=EDGE_LOOP('',(#1570,#1571,#1572,#1573));
#749=EDGE_LOOP('',(#1574,#1575,#1576,#1577));
#750=EDGE_LOOP('',(#1578,#1579,#1580,#1581));
#751=EDGE_LOOP('',(#1582,#1583,#1584,#1585));
#752=EDGE_LOOP('',(#1586,#1587,#1588,#1589));
#753=EDGE_LOOP('',(#1590,#1591,#1592,#1593));
#754=EDGE_LOOP('',(#1594,#1595,#1596,#1597));
#755=EDGE_LOOP('',(#1598,#1599,#1600,#1601));
#756=EDGE_LOOP('',(#1602,#1603,#1604,#1605));
#757=EDGE_LOOP('',(#1606,#1607,#1608,#1609));
#758=EDGE_LOOP('',(#1610,#1611,#1612,#1613));
#759=EDGE_LOOP('',(#1614,#1615,#1616,#1617));
#760=EDGE_LOOP('',(#1618,#1619,#1620,#1621));
#761=EDGE_LOOP('',(#1622,#1623,#1624,#1625));
#762=EDGE_LOOP('',(#1626,#1627,#1628,#1629));
#763=EDGE_LOOP('',(#1630,#1631,#1632,#1633));
#764=EDGE_LOOP('',(#1634,#1635,#1636,#1637));
#765=EDGE_LOOP('',(#1638,#1639,#1640,#1641));
#766=EDGE_LOOP('',(#1642,#1643,#1644,#1645,#1646,#1647,#1648,#1649));
#767=EDGE_LOOP('',(#1650,#1651,#1652,#1653));
#768=EDGE_LOOP('',(#1654,#1655,#1656,#1657));
#769=EDGE_LOOP('',(#1658,#1659,#1660,#1661));
#770=EDGE_LOOP('',(#1662,#1663,#1664,#1665,#1666,#1667,#1668,#1669));
#771=EDGE_LOOP('',(#1670,#1671,#1672,#1673,#1674,#1675,#1676,#1677,#1678,
#1679,#1680,#1681,#1682,#1683,#1684,#1685,#1686,#1687));
#772=EDGE_LOOP('',(#1688,#1689,#1690,#1691,#1692,#1693,#1694,#1695,#1696,
#1697,#1698,#1699,#1700,#1701,#1702,#1703,#1704,#1705));
#773=EDGE_LOOP('',(#1706,#1707,#1708,#1709,#1710,#1711,#1712,#1713,#1714,
#1715,#1716,#1717,#1718,#1719,#1720,#1721));
#774=EDGE_LOOP('',(#1722,#1723,#1724,#1725));
#775=EDGE_LOOP('',(#1726,#1727,#1728,#1729));
#776=EDGE_LOOP('',(#1730,#1731,#1732,#1733));
#777=EDGE_LOOP('',(#1734,#1735,#1736,#1737,#1738,#1739,#1740,#1741,#1742,
#1743,#1744,#1745,#1746,#1747,#1748,#1749));
#778=EDGE_LOOP('',(#1750,#1751,#1752,#1753));
#779=EDGE_LOOP('',(#1754,#1755,#1756,#1757));
#780=EDGE_LOOP('',(#1758,#1759,#1760,#1761));
#781=EDGE_LOOP('',(#1762,#1763,#1764,#1765));
#782=EDGE_LOOP('',(#1766,#1767,#1768,#1769));
#783=EDGE_LOOP('',(#1770,#1771,#1772,#1773));
#784=EDGE_LOOP('',(#1774,#1775,#1776,#1777));
#785=EDGE_LOOP('',(#1778,#1779,#1780,#1781));
#786=EDGE_LOOP('',(#1782,#1783,#1784,#1785));
#787=EDGE_LOOP('',(#1786,#1787,#1788,#1789));
#788=EDGE_LOOP('',(#1790,#1791,#1792,#1793));
#789=EDGE_LOOP('',(#1794,#1795,#1796,#1797));
#790=EDGE_LOOP('',(#1798,#1799,#1800,#1801));
#791=EDGE_LOOP('',(#1802,#1803,#1804,#1805));
#792=EDGE_LOOP('',(#1806,#1807,#1808,#1809,#1810,#1811,#1812,#1813,#1814,
#1815,#1816,#1817,#1818,#1819,#1820,#1821,#1822,#1823,#1824,#1825,#1826,
#1827,#1828,#1829));
#793=EDGE_LOOP('',(#1830,#1831,#1832,#1833));
#794=EDGE_LOOP('',(#1834,#1835,#1836,#1837));
#795=EDGE_LOOP('',(#1838,#1839,#1840,#1841));
#796=EDGE_LOOP('',(#1842,#1843,#1844,#1845));
#797=EDGE_LOOP('',(#1846,#1847,#1848,#1849));
#798=EDGE_LOOP('',(#1850,#1851,#1852,#1853));
#799=EDGE_LOOP('',(#1854,#1855,#1856,#1857,#1858,#1859));
#800=EDGE_LOOP('',(#1860,#1861,#1862));
#801=EDGE_LOOP('',(#1863,#1864,#1865));
#802=EDGE_LOOP('',(#1866,#1867,#1868,#1869,#1870,#1871));
#803=EDGE_LOOP('',(#1872,#1873,#1874));
#804=EDGE_LOOP('',(#1875,#1876,#1877));
#805=EDGE_LOOP('',(#1878,#1879,#1880,#1881,#1882,#1883));
#806=EDGE_LOOP('',(#1884,#1885,#1886,#1887,#1888,#1889));
#807=EDGE_LOOP('',(#1890,#1891,#1892,#1893));
#808=EDGE_LOOP('',(#1894,#1895,#1896,#1897));
#809=EDGE_LOOP('',(#1898,#1899,#1900,#1901));
#810=EDGE_LOOP('',(#1902,#1903,#1904,#1905));
#811=EDGE_LOOP('',(#1906,#1907,#1908,#1909));
#812=EDGE_LOOP('',(#1910,#1911,#1912,#1913));
#813=EDGE_LOOP('',(#1914,#1915,#1916,#1917));
#814=EDGE_LOOP('',(#1918,#1919,#1920,#1921));
#815=EDGE_LOOP('',(#1922,#1923,#1924,#1925));
#816=EDGE_LOOP('',(#1926,#1927,#1928,#1929));
#817=EDGE_LOOP('',(#1930,#1931,#1932,#1933));
#818=EDGE_LOOP('',(#1934,#1935,#1936,#1937));
#819=EDGE_LOOP('',(#1938,#1939,#1940,#1941));
#820=EDGE_LOOP('',(#1942,#1943,#1944,#1945));
#821=EDGE_LOOP('',(#1946,#1947,#1948,#1949));
#822=EDGE_LOOP('',(#1950,#1951,#1952,#1953));
#823=EDGE_LOOP('',(#1954,#1955,#1956,#1957));
#824=EDGE_LOOP('',(#1958,#1959,#1960,#1961));
#825=EDGE_LOOP('',(#1962,#1963,#1964,#1965));
#826=EDGE_LOOP('',(#1966,#1967,#1968,#1969));
#827=EDGE_LOOP('',(#1970,#1971,#1972,#1973));
#828=EDGE_LOOP('',(#1974,#1975,#1976,#1977));
#829=EDGE_LOOP('',(#1978,#1979,#1980,#1981));
#830=EDGE_LOOP('',(#1982,#1983,#1984,#1985));
#831=EDGE_LOOP('',(#1986,#1987,#1988,#1989,#1990,#1991,#1992,#1993));
#832=EDGE_LOOP('',(#1994,#1995,#1996,#1997));
#833=EDGE_LOOP('',(#1998,#1999,#2000,#2001));
#834=EDGE_LOOP('',(#2002,#2003,#2004,#2005));
#835=EDGE_LOOP('',(#2006,#2007,#2008,#2009));
#836=EDGE_LOOP('',(#2010,#2011,#2012,#2013));
#837=EDGE_LOOP('',(#2014,#2015,#2016,#2017));
#838=EDGE_LOOP('',(#2018,#2019,#2020,#2021));
#839=EDGE_LOOP('',(#2022,#2023,#2024,#2025));
#840=EDGE_LOOP('',(#2026,#2027,#2028,#2029));
#841=EDGE_LOOP('',(#2030,#2031,#2032,#2033,#2034,#2035));
#842=EDGE_LOOP('',(#2036,#2037,#2038,#2039,#2040,#2041));
#843=EDGE_LOOP('',(#2042,#2043,#2044,#2045,#2046,#2047,#2048,#2049,#2050,
#2051,#2052,#2053,#2054,#2055,#2056,#2057,#2058,#2059,#2060,#2061,#2062,
#2063,#2064,#2065));
#844=B_SPLINE_CURVE_WITH_KNOTS('',3,(#3014,#3015,#3016,#3017,#3018,#3019,
#3020,#3021,#3022,#3023,#3024,#3025,#3026,#3027),.UNSPECIFIED.,.F.,.F.,
(4,2,2,2,2,2,4),(-0.314882553114613,-0.314323385845323,-0.312806430090557,
-0.273625767311822,-0.234511369187795,-0.195475643690164,-0.157162443263506),
 .UNSPECIFIED.);
#845=B_SPLINE_CURVE_WITH_KNOTS('',3,(#3030,#3031,#3032,#3033,#3034,#3035,
#3036,#3037,#3038,#3039,#3040,#3041,#3042,#3043),.UNSPECIFIED.,.F.,.F.,
(4,2,2,2,2,2,4),(-0.000559167185656696,0.,0.020306011456931,0.0406099271328845,
0.0797240051083978,0.118759411101439,0.157072297960743),.UNSPECIFIED.);
#846=B_SPLINE_CURVE_WITH_KNOTS('',3,(#3061,#3062,#3063,#3064,#3065,#3066,
#3067,#3068,#3069,#3070,#3071,#3072,#3073,#3074),.UNSPECIFIED.,.F.,.F.,
(4,2,2,2,2,2,4),(-0.000559167186273731,0.,0.0391978883197284,0.0783655097453219,
0.117459610548642,0.156480265217566,0.157162443367652),.UNSPECIFIED.);
#847=B_SPLINE_CURVE_WITH_KNOTS('',3,(#3082,#3083,#3084,#3085,#3086,#3087,
#3088,#3089,#3090,#3091,#3092,#3093,#3094,#3095),.UNSPECIFIED.,.F.,.F.,
(4,2,2,2,2,2,4),(-0.314882506169912,-0.314323339067473,-0.275125456643415,
-0.235957841073692,-0.196863746115215,-0.157843097280206,-0.15716091919313),
 .UNSPECIFIED.);
#848=B_SPLINE_CURVE_WITH_KNOTS('',3,(#3111,#3112,#3113,#3114,#3115,#3116,
#3117,#3118,#3119,#3120,#3121,#3122,#3123,#3124),.UNSPECIFIED.,.F.,.F.,
(4,2,2,2,2,2,4),(-0.000559167186273956,0.,0.00151695552961031,0.0406976124874669,
0.0798120048005556,0.118847724498939,0.157160919233596),.UNSPECIFIED.);
#849=B_SPLINE_CURVE_WITH_KNOTS('',3,(#3130,#3131,#3132,#3133,#3134,#3135,
#3136,#3137,#3138,#3139,#3140,#3141,#3142,#3143),.UNSPECIFIED.,.F.,.F.,
(4,2,2,2,2,2,4),(-0.000559167185658909,0.,0.0391978882577636,0.0783655096566824,
0.117459610433422,0.156480265075775,0.157162443264376),.UNSPECIFIED.);
#850=B_SPLINE_CURVE_WITH_KNOTS('',3,(#3151,#3152,#3153,#3154,#3155,#3156,
#3157,#3158,#3159,#3160,#3161,#3162,#3163,#3164),.UNSPECIFIED.,.F.,.F.,
(4,2,2,2,2,2,4),(-0.314792617466806,-0.314233454857658,-0.275035887396714,
-0.235868586582155,-0.196774805788049,-0.15775447052715,-0.157072297961111),
 .UNSPECIFIED.);
#851=B_SPLINE_CURVE_WITH_KNOTS('',3,(#3183,#3184,#3185,#3186,#3187,#3188,
#3189,#3190,#3191,#3192,#3193,#3194,#3195,#3196),.UNSPECIFIED.,.F.,.F.,
(4,2,2,2,2,2,4),(-0.314795198751582,-0.314236026988912,-0.293929849318906,
-0.273625767447026,-0.234511369306642,-0.195475643792697,-0.157162443326623),
 .UNSPECIFIED.);
#852=B_SPLINE_CURVE_WITH_KNOTS('',3,(#3213,#3214,#3215,#3216),
 .UNSPECIFIED.,.F.,.F.,(4,4),(0.47033825080744,0.520036945544481),
 .UNSPECIFIED.);
#853=B_SPLINE_CURVE_WITH_KNOTS('',3,(#3220,#3221,#3222,#3223),
 .UNSPECIFIED.,.F.,.F.,(4,4),(-0.520036945489434,-0.47033825080744),
 .UNSPECIFIED.);
#854=B_SPLINE_CURVE_WITH_KNOTS('',3,(#3235,#3236,#3237,#3238),
 .UNSPECIFIED.,.F.,.F.,(4,4),(0.47033825080744,0.52003694554448),
 .UNSPECIFIED.);
#855=B_SPLINE_CURVE_WITH_KNOTS('',3,(#3241,#3242,#3243,#3244),
 .UNSPECIFIED.,.F.,.F.,(4,4),(-0.520036945489435,-0.47033825080744),
 .UNSPECIFIED.);
#856=B_SPLINE_CURVE_WITH_KNOTS('',3,(#3322,#3323,#3324,#3325,#3326,#3327,
#3328,#3329,#3330,#3331,#3332,#3333,#3334,#3335),.UNSPECIFIED.,.F.,.F.,
(4,2,2,2,2,2,4),(-0.162258540597034,-0.161779460239607,-0.138450552218885,
-0.115199474505082,-0.0746465488197682,-0.036686387994408,0.),
 .UNSPECIFIED.);
#857=B_SPLINE_CURVE_WITH_KNOTS('',3,(#3339,#3340,#3341,#3342,#3343,#3344,
#3345,#3346,#3347,#3348,#3349,#3350,#3351,#3352),.UNSPECIFIED.,.F.,.F.,
(4,2,2,2,2,2,4),(-0.000480058919649809,0.,0.0233765592915822,0.0466751293013025,
0.0873108877727194,0.125348585442318,0.162109908492049),.UNSPECIFIED.);
#858=B_SPLINE_CURVE_WITH_KNOTS('',3,(#3379,#3380,#3381,#3382,#3383,#3384,
#3385,#3386,#3387,#3388,#3389,#3390,#3391,#3392),.UNSPECIFIED.,.F.,.F.,
(4,2,2,2,2,2,4),(-0.000480058919634688,0.,0.0233765592913184,0.0466751293007247,
0.0873108877715944,0.12534858544068,0.162109908489919),.UNSPECIFIED.);
#859=B_SPLINE_CURVE_WITH_KNOTS('',3,(#3408,#3409,#3410,#3411,#3412,#3413,
#3414,#3415,#3416,#3417,#3418,#3419,#3420,#3421),.UNSPECIFIED.,.F.,.F.,
(4,2,2,2,2,2,4),(-0.162258540596997,-0.161779460239566,-0.138450552218873,
-0.115199474505073,-0.0746465488197641,-0.0366863879944074,0.),
 .UNSPECIFIED.);
#860=B_SPLINE_CURVE_WITH_KNOTS('',3,(#3717,#3718,#3719,#3720),
 .UNSPECIFIED.,.F.,.F.,(4,4),(0.47033825080744,0.52003694554448),
 .UNSPECIFIED.);
#861=B_SPLINE_CURVE_WITH_KNOTS('',3,(#3729,#3730,#3731,#3732),
 .UNSPECIFIED.,.F.,.F.,(4,4),(-0.520036945489435,-0.47033825080744),
 .UNSPECIFIED.);
#862=B_SPLINE_CURVE_WITH_KNOTS('',3,(#3733,#3734,#3735,#3736),
 .UNSPECIFIED.,.F.,.F.,(4,4),(0.47033825080744,0.520036945544481),
 .UNSPECIFIED.);
#863=B_SPLINE_CURVE_WITH_KNOTS('',3,(#3742,#3743,#3744,#3745),
 .UNSPECIFIED.,.F.,.F.,(4,4),(-0.520036945489434,-0.47033825080744),
 .UNSPECIFIED.);
#864=CIRCLE('',#2206,9.);
#865=CIRCLE('',#2207,8.);
#866=CIRCLE('',#2215,9.);
#867=CIRCLE('',#2216,8.);
#868=CIRCLE('',#2224,9.);
#869=CIRCLE('',#2225,8.);
#870=CIRCLE('',#2231,8.);
#871=CIRCLE('',#2232,9.);
#872=CIRCLE('',#2238,8.);
#873=CIRCLE('',#2240,3.);
#874=CIRCLE('',#2242,3.);
#875=CIRCLE('',#2244,8.);
#876=CIRCLE('',#2246,3.);
#877=CIRCLE('',#2248,3.);
#878=CIRCLE('',#2250,7.);
#879=CIRCLE('',#2251,7.);
#880=CIRCLE('',#2269,6.);
#881=CIRCLE('',#2286,6.);
#882=CIRCLE('',#2289,6.);
#883=CIRCLE('',#2290,6.);
#884=CIRCLE('',#2291,6.);
#885=CIRCLE('',#2294,2.);
#886=CIRCLE('',#2295,2.);
#887=CIRCLE('',#2298,8.);
#888=CIRCLE('',#2299,8.);
#889=CIRCLE('',#2300,2.);
#890=CIRCLE('',#2301,2.);
#891=CIRCLE('',#2302,2.);
#892=CIRCLE('',#2303,2.);
#893=CIRCLE('',#2304,2.);
#894=CIRCLE('',#2305,2.);
#895=CIRCLE('',#2306,2.);
#896=CIRCLE('',#2307,2.);
#897=CIRCLE('',#2308,6.);
#898=CIRCLE('',#2309,2.);
#899=CIRCLE('',#2310,2.);
#900=CIRCLE('',#2311,2.);
#901=CIRCLE('',#2313,2.);
#902=CIRCLE('',#2316,2.);
#903=CIRCLE('',#2317,2.);
#904=CIRCLE('',#2323,2.);
#905=CIRCLE('',#2326,2.);
#906=CIRCLE('',#2329,2.);
#907=CIRCLE('',#2332,2.);
#908=CIRCLE('',#2335,2.);
#909=CIRCLE('',#2338,2.);
#910=CIRCLE('',#2339,2.);
#911=CIRCLE('',#2340,2.);
#912=CIRCLE('',#2348,3.);
#913=CIRCLE('',#2349,3.);
#914=CIRCLE('',#2353,3.);
#915=CIRCLE('',#2354,3.);
#916=CIRCLE('',#2384,6.);
#917=CIRCLE('',#2385,6.);
#918=VERTEX_POINT('',#3010);
#919=VERTEX_POINT('',#3011);
#920=VERTEX_POINT('',#3013);
#921=VERTEX_POINT('',#3028);
#922=VERTEX_POINT('',#3045);
#923=VERTEX_POINT('',#3047);
#924=VERTEX_POINT('',#3051);
#925=VERTEX_POINT('',#3053);
#926=VERTEX_POINT('',#3057);
#927=VERTEX_POINT('',#3058);
#928=VERTEX_POINT('',#3060);
#929=VERTEX_POINT('',#3075);
#930=VERTEX_POINT('',#3079);
#931=VERTEX_POINT('',#3081);
#932=VERTEX_POINT('',#3098);
#933=VERTEX_POINT('',#3100);
#934=VERTEX_POINT('',#3104);
#935=VERTEX_POINT('',#3105);
#936=VERTEX_POINT('',#3107);
#937=VERTEX_POINT('',#3109);
#938=VERTEX_POINT('',#3126);
#939=VERTEX_POINT('',#3127);
#940=VERTEX_POINT('',#3129);
#941=VERTEX_POINT('',#3144);
#942=VERTEX_POINT('',#3148);
#943=VERTEX_POINT('',#3150);
#944=VERTEX_POINT('',#3167);
#945=VERTEX_POINT('',#3169);
#946=VERTEX_POINT('',#3179);
#947=VERTEX_POINT('',#3181);
#948=VERTEX_POINT('',#3198);
#949=VERTEX_POINT('',#3200);
#950=VERTEX_POINT('',#3210);
#951=VERTEX_POINT('',#3212);
#952=VERTEX_POINT('',#3217);
#953=VERTEX_POINT('',#3219);
#954=VERTEX_POINT('',#3228);
#955=VERTEX_POINT('',#3232);
#956=VERTEX_POINT('',#3234);
#957=VERTEX_POINT('',#3239);
#958=VERTEX_POINT('',#3248);
#959=VERTEX_POINT('',#3252);
#960=VERTEX_POINT('',#3253);
#961=VERTEX_POINT('',#3255);
#962=VERTEX_POINT('',#3257);
#963=VERTEX_POINT('',#3260);
#964=VERTEX_POINT('',#3261);
#965=VERTEX_POINT('',#3263);
#966=VERTEX_POINT('',#3265);
#967=VERTEX_POINT('',#3267);
#968=VERTEX_POINT('',#3269);
#969=VERTEX_POINT('',#3272);
#970=VERTEX_POINT('',#3273);
#971=VERTEX_POINT('',#3275);
#972=VERTEX_POINT('',#3277);
#973=VERTEX_POINT('',#3279);
#974=VERTEX_POINT('',#3281);
#975=VERTEX_POINT('',#3285);
#976=VERTEX_POINT('',#3287);
#977=VERTEX_POINT('',#3291);
#978=VERTEX_POINT('',#3295);
#979=VERTEX_POINT('',#3301);
#980=VERTEX_POINT('',#3303);
#981=VERTEX_POINT('',#3307);
#982=VERTEX_POINT('',#3311);
#983=VERTEX_POINT('',#3313);
#984=VERTEX_POINT('',#3317);
#985=VERTEX_POINT('',#3321);
#986=VERTEX_POINT('',#3338);
#987=VERTEX_POINT('',#3355);
#988=VERTEX_POINT('',#3361);
#989=VERTEX_POINT('',#3363);
#990=VERTEX_POINT('',#3367);
#991=VERTEX_POINT('',#3371);
#992=VERTEX_POINT('',#3375);
#993=VERTEX_POINT('',#3377);
#994=VERTEX_POINT('',#3394);
#995=VERTEX_POINT('',#3398);
#996=VERTEX_POINT('',#3402);
#997=VERTEX_POINT('',#3406);
#998=VERTEX_POINT('',#3425);
#999=VERTEX_POINT('',#3427);
#1000=VERTEX_POINT('',#3431);
#1001=VERTEX_POINT('',#3433);
#1002=VERTEX_POINT('',#3435);
#1003=VERTEX_POINT('',#3437);
#1004=VERTEX_POINT('',#3439);
#1005=VERTEX_POINT('',#3443);
#1006=VERTEX_POINT('',#3447);
#1007=VERTEX_POINT('',#3448);
#1008=VERTEX_POINT('',#3450);
#1009=VERTEX_POINT('',#3452);
#1010=VERTEX_POINT('',#3456);
#1011=VERTEX_POINT('',#3458);
#1012=VERTEX_POINT('',#3462);
#1013=VERTEX_POINT('',#3465);
#1014=VERTEX_POINT('',#3467);
#1015=VERTEX_POINT('',#3469);
#1016=VERTEX_POINT('',#3472);
#1017=VERTEX_POINT('',#3473);
#1018=VERTEX_POINT('',#3475);
#1019=VERTEX_POINT('',#3477);
#1020=VERTEX_POINT('',#3479);
#1021=VERTEX_POINT('',#3481);
#1022=VERTEX_POINT('',#3483);
#1023=VERTEX_POINT('',#3485);
#1024=VERTEX_POINT('',#3487);
#1025=VERTEX_POINT('',#3489);
#1026=VERTEX_POINT('',#3491);
#1027=VERTEX_POINT('',#3493);
#1028=VERTEX_POINT('',#3495);
#1029=VERTEX_POINT('',#3497);
#1030=VERTEX_POINT('',#3499);
#1031=VERTEX_POINT('',#3502);
#1032=VERTEX_POINT('',#3505);
#1033=VERTEX_POINT('',#3506);
#1034=VERTEX_POINT('',#3508);
#1035=VERTEX_POINT('',#3510);
#1036=VERTEX_POINT('',#3512);
#1037=VERTEX_POINT('',#3514);
#1038=VERTEX_POINT('',#3516);
#1039=VERTEX_POINT('',#3518);
#1040=VERTEX_POINT('',#3520);
#1041=VERTEX_POINT('',#3522);
#1042=VERTEX_POINT('',#3524);
#1043=VERTEX_POINT('',#3526);
#1044=VERTEX_POINT('',#3528);
#1045=VERTEX_POINT('',#3530);
#1046=VERTEX_POINT('',#3532);
#1047=VERTEX_POINT('',#3534);
#1048=VERTEX_POINT('',#3536);
#1049=VERTEX_POINT('',#3538);
#1050=VERTEX_POINT('',#3541);
#1051=VERTEX_POINT('',#3543);
#1052=VERTEX_POINT('',#3545);
#1053=VERTEX_POINT('',#3547);
#1054=VERTEX_POINT('',#3549);
#1055=VERTEX_POINT('',#3551);
#1056=VERTEX_POINT('',#3553);
#1057=VERTEX_POINT('',#3555);
#1058=VERTEX_POINT('',#3557);
#1059=VERTEX_POINT('',#3559);
#1060=VERTEX_POINT('',#3561);
#1061=VERTEX_POINT('',#3563);
#1062=VERTEX_POINT('',#3565);
#1063=VERTEX_POINT('',#3569);
#1064=VERTEX_POINT('',#3570);
#1065=VERTEX_POINT('',#3575);
#1066=VERTEX_POINT('',#3579);
#1067=VERTEX_POINT('',#3582);
#1068=VERTEX_POINT('',#3584);
#1069=VERTEX_POINT('',#3586);
#1070=VERTEX_POINT('',#3588);
#1071=VERTEX_POINT('',#3590);
#1072=VERTEX_POINT('',#3592);
#1073=VERTEX_POINT('',#3594);
#1074=VERTEX_POINT('',#3596);
#1075=VERTEX_POINT('',#3599);
#1076=VERTEX_POINT('',#3601);
#1077=VERTEX_POINT('',#3615);
#1078=VERTEX_POINT('',#3616);
#1079=VERTEX_POINT('',#3621);
#1080=VERTEX_POINT('',#3625);
#1081=VERTEX_POINT('',#3626);
#1082=VERTEX_POINT('',#3631);
#1083=VERTEX_POINT('',#3635);
#1084=VERTEX_POINT('',#3636);
#1085=VERTEX_POINT('',#3641);
#1086=VERTEX_POINT('',#3645);
#1087=VERTEX_POINT('',#3646);
#1088=VERTEX_POINT('',#3651);
#1089=VERTEX_POINT('',#3655);
#1090=VERTEX_POINT('',#3656);
#1091=VERTEX_POINT('',#3661);
#1092=VERTEX_POINT('',#3665);
#1093=VERTEX_POINT('',#3668);
#1094=VERTEX_POINT('',#3670);
#1095=VERTEX_POINT('',#3673);
#1096=VERTEX_POINT('',#3675);
#1097=VERTEX_POINT('',#3677);
#1098=VERTEX_POINT('',#3679);
#1099=VERTEX_POINT('',#3681);
#1100=VERTEX_POINT('',#3683);
#1101=VERTEX_POINT('',#3685);
#1102=VERTEX_POINT('',#3687);
#1103=VERTEX_POINT('',#3689);
#1104=VERTEX_POINT('',#3691);
#1105=VERTEX_POINT('',#3693);
#1106=VERTEX_POINT('',#3695);
#1107=VERTEX_POINT('',#3714);
#1108=VERTEX_POINT('',#3725);
#1109=VERTEX_POINT('',#3727);
#1110=VERTEX_POINT('',#3751);
#1111=VERTEX_POINT('',#3755);
#1112=VERTEX_POINT('',#3777);
#1113=VERTEX_POINT('',#3783);
#1114=VERTEX_POINT('',#3787);
#1115=VERTEX_POINT('',#3795);
#1116=VERTEX_POINT('',#3799);
#1117=VERTEX_POINT('',#3803);
#1118=EDGE_CURVE('',#918,#919,#864,.T.);
#1119=EDGE_CURVE('',#919,#920,#844,.T.);
#1120=EDGE_CURVE('',#920,#921,#865,.T.);
#1121=EDGE_CURVE('',#918,#921,#845,.T.);
#1122=EDGE_CURVE('',#919,#922,#107,.T.);
#1123=EDGE_CURVE('',#922,#923,#87,.T.);
#1124=EDGE_CURVE('',#923,#920,#108,.T.);
#1125=EDGE_CURVE('',#921,#924,#109,.T.);
#1126=EDGE_CURVE('',#924,#925,#88,.T.);
#1127=EDGE_CURVE('',#925,#918,#110,.T.);
#1128=EDGE_CURVE('',#926,#927,#111,.T.);
#1129=EDGE_CURVE('',#927,#928,#846,.T.);
#1130=EDGE_CURVE('',#928,#929,#112,.T.);
#1131=EDGE_CURVE('',#929,#926,#89,.T.);
#1132=EDGE_CURVE('',#927,#930,#866,.T.);
#1133=EDGE_CURVE('',#930,#931,#847,.T.);
#1134=EDGE_CURVE('',#931,#928,#867,.T.);
#1135=EDGE_CURVE('',#930,#932,#113,.T.);
#1136=EDGE_CURVE('',#932,#933,#90,.T.);
#1137=EDGE_CURVE('',#933,#931,#114,.T.);
#1138=EDGE_CURVE('',#934,#935,#115,.T.);
#1139=EDGE_CURVE('',#935,#936,#91,.T.);
#1140=EDGE_CURVE('',#936,#937,#116,.T.);
#1141=EDGE_CURVE('',#937,#934,#848,.T.);
#1142=EDGE_CURVE('',#938,#939,#117,.T.);
#1143=EDGE_CURVE('',#939,#940,#849,.T.);
#1144=EDGE_CURVE('',#940,#941,#118,.T.);
#1145=EDGE_CURVE('',#941,#938,#92,.T.);
#1146=EDGE_CURVE('',#939,#942,#868,.T.);
#1147=EDGE_CURVE('',#942,#943,#850,.T.);
#1148=EDGE_CURVE('',#943,#940,#869,.T.);
#1149=EDGE_CURVE('',#944,#943,#119,.T.);
#1150=EDGE_CURVE('',#942,#945,#120,.T.);
#1151=EDGE_CURVE('',#945,#944,#93,.T.);
#1152=EDGE_CURVE('',#944,#935,#121,.T.);
#1153=EDGE_CURVE('',#945,#936,#122,.T.);
#1154=EDGE_CURVE('',#932,#938,#123,.T.);
#1155=EDGE_CURVE('',#933,#941,#124,.T.);
#1156=EDGE_CURVE('',#946,#934,#870,.T.);
#1157=EDGE_CURVE('',#937,#947,#871,.T.);
#1158=EDGE_CURVE('',#947,#946,#851,.T.);
#1159=EDGE_CURVE('',#948,#946,#125,.T.);
#1160=EDGE_CURVE('',#947,#949,#126,.T.);
#1161=EDGE_CURVE('',#949,#948,#94,.T.);
#1162=EDGE_CURVE('',#948,#924,#127,.T.);
#1163=EDGE_CURVE('',#949,#925,#128,.T.);
#1164=EDGE_CURVE('',#922,#926,#129,.T.);
#1165=EDGE_CURVE('',#923,#929,#130,.T.);
#1166=EDGE_CURVE('',#950,#920,#131,.T.);
#1167=EDGE_CURVE('',#951,#950,#852,.T.);
#1168=EDGE_CURVE('',#952,#951,#872,.T.);
#1169=EDGE_CURVE('',#953,#952,#853,.T.);
#1170=EDGE_CURVE('',#953,#921,#132,.T.);
#1171=EDGE_CURVE('',#950,#923,#873,.T.);
#1172=EDGE_CURVE('',#954,#928,#133,.T.);
#1173=EDGE_CURVE('',#929,#954,#874,.T.);
#1174=EDGE_CURVE('',#955,#931,#134,.T.);
#1175=EDGE_CURVE('',#956,#955,#854,.T.);
#1176=EDGE_CURVE('',#957,#956,#875,.T.);
#1177=EDGE_CURVE('',#954,#957,#855,.T.);
#1178=EDGE_CURVE('',#955,#933,#876,.T.);
#1179=EDGE_CURVE('',#958,#940,#135,.T.);
#1180=EDGE_CURVE('',#941,#958,#877,.T.);
#1181=EDGE_CURVE('',#959,#960,#136,.T.);
#1182=EDGE_CURVE('',#961,#959,#137,.T.);
#1183=EDGE_CURVE('',#962,#961,#138,.T.);
#1184=EDGE_CURVE('',#960,#962,#139,.T.);
#1185=EDGE_CURVE('',#963,#964,#140,.T.);
#1186=EDGE_CURVE('',#965,#963,#878,.T.);
#1187=EDGE_CURVE('',#966,#965,#141,.T.);
#1188=EDGE_CURVE('',#967,#966,#142,.T.);
#1189=EDGE_CURVE('',#968,#967,#143,.T.);
#1190=EDGE_CURVE('',#964,#968,#144,.T.);
#1191=EDGE_CURVE('',#969,#970,#145,.T.);
#1192=EDGE_CURVE('',#971,#969,#146,.T.);
#1193=EDGE_CURVE('',#972,#971,#147,.T.);
#1194=EDGE_CURVE('',#973,#972,#879,.T.);
#1195=EDGE_CURVE('',#974,#973,#148,.T.);
#1196=EDGE_CURVE('',#970,#974,#149,.T.);
#1197=EDGE_CURVE('',#960,#975,#95,.T.);
#1198=EDGE_CURVE('',#975,#976,#150,.T.);
#1199=EDGE_CURVE('',#959,#976,#96,.T.);
#1200=EDGE_CURVE('',#962,#977,#97,.T.);
#1201=EDGE_CURVE('',#977,#975,#151,.T.);
#1202=EDGE_CURVE('',#961,#978,#98,.T.);
#1203=EDGE_CURVE('',#978,#977,#152,.T.);
#1204=EDGE_CURVE('',#976,#978,#153,.T.);
#1205=EDGE_CURVE('',#979,#976,#154,.T.);
#1206=EDGE_CURVE('',#980,#979,#155,.T.);
#1207=EDGE_CURVE('',#980,#978,#156,.T.);
#1208=EDGE_CURVE('',#981,#975,#157,.T.);
#1209=EDGE_CURVE('',#979,#981,#158,.T.);
#1210=EDGE_CURVE('',#970,#982,#99,.T.);
#1211=EDGE_CURVE('',#982,#983,#159,.T.);
#1212=EDGE_CURVE('',#969,#983,#100,.T.);
#1213=EDGE_CURVE('',#974,#984,#101,.T.);
#1214=EDGE_CURVE('',#984,#982,#160,.T.);
#1215=EDGE_CURVE('',#973,#985,#856,.T.);
#1216=EDGE_CURVE('',#985,#984,#161,.T.);
#1217=EDGE_CURVE('',#972,#986,#857,.T.);
#1218=EDGE_CURVE('',#986,#985,#880,.T.);
#1219=EDGE_CURVE('',#987,#986,#162,.T.);
#1220=EDGE_CURVE('',#971,#987,#102,.T.);
#1221=EDGE_CURVE('',#983,#987,#163,.T.);
#1222=EDGE_CURVE('',#988,#987,#164,.T.);
#1223=EDGE_CURVE('',#989,#988,#165,.T.);
#1224=EDGE_CURVE('',#989,#986,#166,.T.);
#1225=EDGE_CURVE('',#990,#983,#167,.T.);
#1226=EDGE_CURVE('',#988,#990,#168,.T.);
#1227=EDGE_CURVE('',#991,#982,#169,.T.);
#1228=EDGE_CURVE('',#990,#991,#170,.T.);
#1229=EDGE_CURVE('',#964,#992,#103,.T.);
#1230=EDGE_CURVE('',#992,#993,#171,.T.);
#1231=EDGE_CURVE('',#963,#993,#858,.T.);
#1232=EDGE_CURVE('',#968,#994,#104,.T.);
#1233=EDGE_CURVE('',#994,#992,#172,.T.);
#1234=EDGE_CURVE('',#967,#995,#105,.T.);
#1235=EDGE_CURVE('',#995,#994,#173,.T.);
#1236=EDGE_CURVE('',#966,#996,#106,.T.);
#1237=EDGE_CURVE('',#996,#995,#174,.T.);
#1238=EDGE_CURVE('',#997,#996,#175,.T.);
#1239=EDGE_CURVE('',#965,#997,#859,.T.);
#1240=EDGE_CURVE('',#993,#997,#881,.T.);
#1241=EDGE_CURVE('',#998,#997,#176,.T.);
#1242=EDGE_CURVE('',#999,#998,#177,.T.);
#1243=EDGE_CURVE('',#999,#996,#178,.T.);
#1244=EDGE_CURVE('',#1000,#993,#179,.T.);
#1245=EDGE_CURVE('',#1001,#1000,#882,.T.);
#1246=EDGE_CURVE('',#1002,#1001,#180,.T.);
#1247=EDGE_CURVE('',#1002,#1003,#883,.T.);
#1248=EDGE_CURVE('',#1003,#1004,#181,.T.);
#1249=EDGE_CURVE('',#998,#1004,#884,.T.);
#1250=EDGE_CURVE('',#1005,#992,#182,.T.);
#1251=EDGE_CURVE('',#1000,#1005,#183,.T.);
#1252=EDGE_CURVE('',#1006,#1007,#885,.T.);
#1253=EDGE_CURVE('',#1007,#1008,#184,.T.);
#1254=EDGE_CURVE('',#1008,#1009,#886,.T.);
#1255=EDGE_CURVE('',#1009,#1006,#185,.T.);
#1256=EDGE_CURVE('',#1009,#1010,#186,.T.);
#1257=EDGE_CURVE('',#1010,#1011,#187,.T.);
#1258=EDGE_CURVE('',#1006,#1011,#188,.T.);
#1259=EDGE_CURVE('',#952,#1012,#189,.T.);
#1260=EDGE_CURVE('',#957,#951,#190,.T.);
#1261=EDGE_CURVE('',#1013,#956,#191,.T.);
#1262=EDGE_CURVE('',#1013,#1014,#887,.T.);
#1263=EDGE_CURVE('',#1015,#1014,#192,.T.);
#1264=EDGE_CURVE('',#1015,#1012,#888,.T.);
#1265=EDGE_CURVE('',#1016,#1017,#889,.T.);
#1266=EDGE_CURVE('',#1018,#1016,#193,.T.);
#1267=EDGE_CURVE('',#1019,#1018,#194,.T.);
#1268=EDGE_CURVE('',#1020,#1019,#195,.T.);
#1269=EDGE_CURVE('',#1021,#1020,#890,.T.);
#1270=EDGE_CURVE('',#1022,#1021,#196,.T.);
#1271=EDGE_CURVE('',#1023,#1022,#197,.T.);
#1272=EDGE_CURVE('',#1024,#1023,#198,.T.);
#1273=EDGE_CURVE('',#1025,#1024,#891,.T.);
#1274=EDGE_CURVE('',#1026,#1025,#199,.T.);
#1275=EDGE_CURVE('',#1027,#1026,#200,.T.);
#1276=EDGE_CURVE('',#1028,#1027,#201,.T.);
#1277=EDGE_CURVE('',#1029,#1028,#892,.T.);
#1278=EDGE_CURVE('',#1030,#1029,#202,.T.);
#1279=EDGE_CURVE('',#1003,#1030,#203,.T.);
#1280=EDGE_CURVE('',#1031,#1002,#204,.T.);
#1281=EDGE_CURVE('',#1017,#1031,#205,.T.);
#1282=EDGE_CURVE('',#1032,#1033,#893,.T.);
#1283=EDGE_CURVE('',#1034,#1032,#206,.T.);
#1284=EDGE_CURVE('',#1035,#1034,#207,.T.);
#1285=EDGE_CURVE('',#1036,#1035,#208,.T.);
#1286=EDGE_CURVE('',#1037,#1036,#894,.T.);
#1287=EDGE_CURVE('',#1038,#1037,#209,.T.);
#1288=EDGE_CURVE('',#1039,#1038,#210,.T.);
#1289=EDGE_CURVE('',#1040,#1039,#211,.T.);
#1290=EDGE_CURVE('',#1041,#1040,#895,.T.);
#1291=EDGE_CURVE('',#1042,#1041,#212,.T.);
#1292=EDGE_CURVE('',#1043,#1042,#213,.T.);
#1293=EDGE_CURVE('',#1044,#1043,#214,.T.);
#1294=EDGE_CURVE('',#1045,#1044,#896,.T.);
#1295=EDGE_CURVE('',#1046,#1045,#215,.T.);
#1296=EDGE_CURVE('',#1047,#1046,#216,.T.);
#1297=EDGE_CURVE('',#1048,#1047,#897,.T.);
#1298=EDGE_CURVE('',#1049,#1048,#217,.T.);
#1299=EDGE_CURVE('',#1033,#1049,#218,.T.);
#1300=EDGE_CURVE('',#1050,#1008,#219,.T.);
#1301=EDGE_CURVE('',#1051,#1050,#220,.T.);
#1302=EDGE_CURVE('',#1052,#1051,#221,.T.);
#1303=EDGE_CURVE('',#1053,#1052,#898,.T.);
#1304=EDGE_CURVE('',#1054,#1053,#222,.T.);
#1305=EDGE_CURVE('',#1055,#1054,#223,.T.);
#1306=EDGE_CURVE('',#1056,#1055,#224,.T.);
#1307=EDGE_CURVE('',#1057,#1056,#899,.T.);
#1308=EDGE_CURVE('',#1058,#1057,#225,.T.);
#1309=EDGE_CURVE('',#1059,#1058,#226,.T.);
#1310=EDGE_CURVE('',#1060,#1059,#227,.T.);
#1311=EDGE_CURVE('',#1061,#1060,#900,.T.);
#1312=EDGE_CURVE('',#1062,#1061,#228,.T.);
#1313=EDGE_CURVE('',#1010,#1062,#229,.T.);
#1314=EDGE_CURVE('',#1063,#1064,#901,.T.);
#1315=EDGE_CURVE('',#1064,#1053,#230,.T.);
#1316=EDGE_CURVE('',#1052,#1063,#231,.T.);
#1317=EDGE_CURVE('',#1065,#1064,#232,.T.);
#1318=EDGE_CURVE('',#1054,#1065,#233,.T.);
#1319=EDGE_CURVE('',#981,#1066,#234,.T.);
#1320=EDGE_CURVE('',#1066,#980,#235,.T.);
#1321=EDGE_CURVE('',#1011,#1067,#236,.T.);
#1322=EDGE_CURVE('',#1067,#1068,#237,.T.);
#1323=EDGE_CURVE('',#1069,#1068,#902,.T.);
#1324=EDGE_CURVE('',#1069,#1070,#238,.T.);
#1325=EDGE_CURVE('',#1070,#1071,#239,.T.);
#1326=EDGE_CURVE('',#1071,#1072,#240,.T.);
#1327=EDGE_CURVE('',#1073,#1072,#903,.T.);
#1328=EDGE_CURVE('',#1073,#1074,#241,.T.);
#1329=EDGE_CURVE('',#1074,#1065,#242,.T.);
#1330=EDGE_CURVE('',#1063,#1075,#243,.T.);
#1331=EDGE_CURVE('',#1075,#1076,#244,.T.);
#1332=EDGE_CURVE('',#1076,#1007,#245,.T.);
#1333=EDGE_CURVE('',#1068,#1061,#246,.T.);
#1334=EDGE_CURVE('',#1060,#1069,#247,.T.);
#1335=EDGE_CURVE('',#1059,#1070,#248,.T.);
#1336=EDGE_CURVE('',#1072,#1057,#249,.T.);
#1337=EDGE_CURVE('',#1056,#1073,#250,.T.);
#1338=EDGE_CURVE('',#1058,#1071,#251,.T.);
#1339=EDGE_CURVE('',#1077,#1078,#904,.T.);
#1340=EDGE_CURVE('',#1078,#1032,#252,.T.);
#1341=EDGE_CURVE('',#1033,#1077,#253,.T.);
#1342=EDGE_CURVE('',#1049,#1079,#254,.T.);
#1343=EDGE_CURVE('',#1077,#1079,#255,.T.);
#1344=EDGE_CURVE('',#1080,#1081,#905,.T.);
#1345=EDGE_CURVE('',#1081,#1037,#256,.T.);
#1346=EDGE_CURVE('',#1036,#1080,#257,.T.);
#1347=EDGE_CURVE('',#1035,#1082,#258,.T.);
#1348=EDGE_CURVE('',#1080,#1082,#259,.T.);
#1349=EDGE_CURVE('',#1083,#1084,#906,.T.);
#1350=EDGE_CURVE('',#1084,#1045,#260,.T.);
#1351=EDGE_CURVE('',#1044,#1083,#261,.T.);
#1352=EDGE_CURVE('',#1043,#1085,#262,.T.);
#1353=EDGE_CURVE('',#1083,#1085,#263,.T.);
#1354=EDGE_CURVE('',#1086,#1087,#907,.T.);
#1355=EDGE_CURVE('',#1087,#1041,#264,.T.);
#1356=EDGE_CURVE('',#1040,#1086,#265,.T.);
#1357=EDGE_CURVE('',#1088,#1087,#266,.T.);
#1358=EDGE_CURVE('',#1042,#1088,#267,.T.);
#1359=EDGE_CURVE('',#1089,#1090,#908,.T.);
#1360=EDGE_CURVE('',#1090,#1016,#268,.T.);
#1361=EDGE_CURVE('',#1017,#1089,#269,.T.);
#1362=EDGE_CURVE('',#1091,#1090,#270,.T.);
#1363=EDGE_CURVE('',#1018,#1091,#271,.T.);
#1364=EDGE_CURVE('',#1089,#1092,#272,.T.);
#1365=EDGE_CURVE('',#1092,#1001,#273,.T.);
#1366=EDGE_CURVE('',#1005,#1093,#274,.T.);
#1367=EDGE_CURVE('',#1093,#1094,#275,.T.);
#1368=EDGE_CURVE('',#1094,#999,#276,.T.);
#1369=EDGE_CURVE('',#1004,#1095,#277,.T.);
#1370=EDGE_CURVE('',#1095,#1096,#278,.T.);
#1371=EDGE_CURVE('',#1097,#1096,#909,.T.);
#1372=EDGE_CURVE('',#1097,#1098,#279,.T.);
#1373=EDGE_CURVE('',#1098,#1099,#280,.T.);
#1374=EDGE_CURVE('',#1099,#1100,#281,.T.);
#1375=EDGE_CURVE('',#1101,#1100,#910,.T.);
#1376=EDGE_CURVE('',#1101,#1102,#282,.T.);
#1377=EDGE_CURVE('',#1102,#1103,#283,.T.);
#1378=EDGE_CURVE('',#1103,#1104,#284,.T.);
#1379=EDGE_CURVE('',#1105,#1104,#911,.T.);
#1380=EDGE_CURVE('',#1105,#1106,#285,.T.);
#1381=EDGE_CURVE('',#1106,#1091,#286,.T.);
#1382=EDGE_CURVE('',#1096,#1029,#287,.T.);
#1383=EDGE_CURVE('',#1028,#1097,#288,.T.);
#1384=EDGE_CURVE('',#1030,#1095,#289,.T.);
#1385=EDGE_CURVE('',#1104,#1021,#290,.T.);
#1386=EDGE_CURVE('',#1020,#1105,#291,.T.);
#1387=EDGE_CURVE('',#1022,#1103,#292,.T.);
#1388=EDGE_CURVE('',#1100,#1025,#293,.T.);
#1389=EDGE_CURVE('',#1024,#1101,#294,.T.);
#1390=EDGE_CURVE('',#1026,#1099,#295,.T.);
#1391=EDGE_CURVE('',#1107,#948,#912,.T.);
#1392=EDGE_CURVE('',#924,#953,#913,.T.);
#1393=EDGE_CURVE('',#1012,#1107,#860,.T.);
#1394=EDGE_CURVE('',#1107,#946,#296,.T.);
#1395=EDGE_CURVE('',#1108,#944,#914,.T.);
#1396=EDGE_CURVE('',#935,#1109,#915,.T.);
#1397=EDGE_CURVE('',#1109,#1015,#861,.T.);
#1398=EDGE_CURVE('',#1014,#1108,#862,.T.);
#1399=EDGE_CURVE('',#1109,#934,#297,.T.);
#1400=EDGE_CURVE('',#1108,#943,#298,.T.);
#1401=EDGE_CURVE('',#958,#1013,#863,.T.);
#1402=EDGE_CURVE('',#1066,#977,#299,.T.);
#1403=EDGE_CURVE('',#1110,#984,#300,.T.);
#1404=EDGE_CURVE('',#991,#1110,#301,.T.);
#1405=EDGE_CURVE('',#1111,#985,#302,.T.);
#1406=EDGE_CURVE('',#1110,#1111,#303,.T.);
#1407=EDGE_CURVE('',#1093,#994,#304,.T.);
#1408=EDGE_CURVE('',#1094,#995,#305,.T.);
#1409=EDGE_CURVE('',#1027,#1098,#306,.T.);
#1410=EDGE_CURVE('',#1031,#1092,#307,.T.);
#1411=EDGE_CURVE('',#1019,#1106,#308,.T.);
#1412=EDGE_CURVE('',#1023,#1102,#309,.T.);
#1413=EDGE_CURVE('',#1112,#1078,#310,.T.);
#1414=EDGE_CURVE('',#1034,#1112,#311,.T.);
#1415=EDGE_CURVE('',#1082,#1112,#312,.T.);
#1416=EDGE_CURVE('',#1113,#1081,#313,.T.);
#1417=EDGE_CURVE('',#1038,#1113,#314,.T.);
#1418=EDGE_CURVE('',#1114,#1113,#315,.T.);
#1419=EDGE_CURVE('',#1039,#1114,#316,.T.);
#1420=EDGE_CURVE('',#1086,#1114,#317,.T.);
#1421=EDGE_CURVE('',#1085,#1088,#318,.T.);
#1422=EDGE_CURVE('',#1115,#1084,#319,.T.);
#1423=EDGE_CURVE('',#1046,#1115,#320,.T.);
#1424=EDGE_CURVE('',#1116,#1115,#321,.T.);
#1425=EDGE_CURVE('',#1047,#1116,#322,.T.);
#1426=EDGE_CURVE('',#1117,#989,#916,.T.);
#1427=EDGE_CURVE('',#1048,#1117,#323,.T.);
#1428=EDGE_CURVE('',#1111,#1116,#917,.T.);
#1429=EDGE_CURVE('',#1079,#1117,#324,.T.);
#1430=EDGE_CURVE('',#1062,#1067,#325,.T.);
#1431=EDGE_CURVE('',#1050,#1076,#326,.T.);
#1432=EDGE_CURVE('',#1051,#1075,#327,.T.);
#1433=EDGE_CURVE('',#1055,#1074,#328,.T.);
#1434=ORIENTED_EDGE('',*,*,#1118,.T.);
#1435=ORIENTED_EDGE('',*,*,#1119,.T.);
#1436=ORIENTED_EDGE('',*,*,#1120,.T.);
#1437=ORIENTED_EDGE('',*,*,#1121,.F.);
#1438=ORIENTED_EDGE('',*,*,#1122,.T.);
#1439=ORIENTED_EDGE('',*,*,#1123,.T.);
#1440=ORIENTED_EDGE('',*,*,#1124,.T.);
#1441=ORIENTED_EDGE('',*,*,#1119,.F.);
#1442=ORIENTED_EDGE('',*,*,#1125,.T.);
#1443=ORIENTED_EDGE('',*,*,#1126,.T.);
#1444=ORIENTED_EDGE('',*,*,#1127,.T.);
#1445=ORIENTED_EDGE('',*,*,#1121,.T.);
#1446=ORIENTED_EDGE('',*,*,#1128,.T.);
#1447=ORIENTED_EDGE('',*,*,#1129,.T.);
#1448=ORIENTED_EDGE('',*,*,#1130,.T.);
#1449=ORIENTED_EDGE('',*,*,#1131,.T.);
#1450=ORIENTED_EDGE('',*,*,#1132,.T.);
#1451=ORIENTED_EDGE('',*,*,#1133,.T.);
#1452=ORIENTED_EDGE('',*,*,#1134,.T.);
#1453=ORIENTED_EDGE('',*,*,#1129,.F.);
#1454=ORIENTED_EDGE('',*,*,#1135,.T.);
#1455=ORIENTED_EDGE('',*,*,#1136,.T.);
#1456=ORIENTED_EDGE('',*,*,#1137,.T.);
#1457=ORIENTED_EDGE('',*,*,#1133,.F.);
#1458=ORIENTED_EDGE('',*,*,#1138,.T.);
#1459=ORIENTED_EDGE('',*,*,#1139,.T.);
#1460=ORIENTED_EDGE('',*,*,#1140,.T.);
#1461=ORIENTED_EDGE('',*,*,#1141,.T.);
#1462=ORIENTED_EDGE('',*,*,#1142,.T.);
#1463=ORIENTED_EDGE('',*,*,#1143,.T.);
#1464=ORIENTED_EDGE('',*,*,#1144,.T.);
#1465=ORIENTED_EDGE('',*,*,#1145,.T.);
#1466=ORIENTED_EDGE('',*,*,#1146,.T.);
#1467=ORIENTED_EDGE('',*,*,#1147,.T.);
#1468=ORIENTED_EDGE('',*,*,#1148,.T.);
#1469=ORIENTED_EDGE('',*,*,#1143,.F.);
#1470=ORIENTED_EDGE('',*,*,#1149,.T.);
#1471=ORIENTED_EDGE('',*,*,#1147,.F.);
#1472=ORIENTED_EDGE('',*,*,#1150,.T.);
#1473=ORIENTED_EDGE('',*,*,#1151,.T.);
#1474=ORIENTED_EDGE('',*,*,#1152,.F.);
#1475=ORIENTED_EDGE('',*,*,#1151,.F.);
#1476=ORIENTED_EDGE('',*,*,#1153,.T.);
#1477=ORIENTED_EDGE('',*,*,#1139,.F.);
#1478=ORIENTED_EDGE('',*,*,#1154,.T.);
#1479=ORIENTED_EDGE('',*,*,#1145,.F.);
#1480=ORIENTED_EDGE('',*,*,#1155,.F.);
#1481=ORIENTED_EDGE('',*,*,#1136,.F.);
#1482=ORIENTED_EDGE('',*,*,#1156,.T.);
#1483=ORIENTED_EDGE('',*,*,#1141,.F.);
#1484=ORIENTED_EDGE('',*,*,#1157,.T.);
#1485=ORIENTED_EDGE('',*,*,#1158,.T.);
#1486=ORIENTED_EDGE('',*,*,#1159,.T.);
#1487=ORIENTED_EDGE('',*,*,#1158,.F.);
#1488=ORIENTED_EDGE('',*,*,#1160,.T.);
#1489=ORIENTED_EDGE('',*,*,#1161,.T.);
#1490=ORIENTED_EDGE('',*,*,#1162,.F.);
#1491=ORIENTED_EDGE('',*,*,#1161,.F.);
#1492=ORIENTED_EDGE('',*,*,#1163,.T.);
#1493=ORIENTED_EDGE('',*,*,#1126,.F.);
#1494=ORIENTED_EDGE('',*,*,#1164,.T.);
#1495=ORIENTED_EDGE('',*,*,#1131,.F.);
#1496=ORIENTED_EDGE('',*,*,#1165,.F.);
#1497=ORIENTED_EDGE('',*,*,#1123,.F.);
#1498=ORIENTED_EDGE('',*,*,#1120,.F.);
#1499=ORIENTED_EDGE('',*,*,#1166,.F.);
#1500=ORIENTED_EDGE('',*,*,#1167,.F.);
#1501=ORIENTED_EDGE('',*,*,#1168,.F.);
#1502=ORIENTED_EDGE('',*,*,#1169,.F.);
#1503=ORIENTED_EDGE('',*,*,#1170,.T.);
#1504=ORIENTED_EDGE('',*,*,#1124,.F.);
#1505=ORIENTED_EDGE('',*,*,#1171,.F.);
#1506=ORIENTED_EDGE('',*,*,#1166,.T.);
#1507=ORIENTED_EDGE('',*,*,#1130,.F.);
#1508=ORIENTED_EDGE('',*,*,#1172,.F.);
#1509=ORIENTED_EDGE('',*,*,#1173,.F.);
#1510=ORIENTED_EDGE('',*,*,#1134,.F.);
#1511=ORIENTED_EDGE('',*,*,#1174,.F.);
#1512=ORIENTED_EDGE('',*,*,#1175,.F.);
#1513=ORIENTED_EDGE('',*,*,#1176,.F.);
#1514=ORIENTED_EDGE('',*,*,#1177,.F.);
#1515=ORIENTED_EDGE('',*,*,#1172,.T.);
#1516=ORIENTED_EDGE('',*,*,#1137,.F.);
#1517=ORIENTED_EDGE('',*,*,#1178,.F.);
#1518=ORIENTED_EDGE('',*,*,#1174,.T.);
#1519=ORIENTED_EDGE('',*,*,#1144,.F.);
#1520=ORIENTED_EDGE('',*,*,#1179,.F.);
#1521=ORIENTED_EDGE('',*,*,#1180,.F.);
#1522=ORIENTED_EDGE('',*,*,#1142,.F.);
#1523=ORIENTED_EDGE('',*,*,#1154,.F.);
#1524=ORIENTED_EDGE('',*,*,#1135,.F.);
#1525=ORIENTED_EDGE('',*,*,#1132,.F.);
#1526=ORIENTED_EDGE('',*,*,#1128,.F.);
#1527=ORIENTED_EDGE('',*,*,#1164,.F.);
#1528=ORIENTED_EDGE('',*,*,#1122,.F.);
#1529=ORIENTED_EDGE('',*,*,#1118,.F.);
#1530=ORIENTED_EDGE('',*,*,#1127,.F.);
#1531=ORIENTED_EDGE('',*,*,#1163,.F.);
#1532=ORIENTED_EDGE('',*,*,#1160,.F.);
#1533=ORIENTED_EDGE('',*,*,#1157,.F.);
#1534=ORIENTED_EDGE('',*,*,#1140,.F.);
#1535=ORIENTED_EDGE('',*,*,#1153,.F.);
#1536=ORIENTED_EDGE('',*,*,#1150,.F.);
#1537=ORIENTED_EDGE('',*,*,#1146,.F.);
#1538=ORIENTED_EDGE('',*,*,#1181,.F.);
#1539=ORIENTED_EDGE('',*,*,#1182,.F.);
#1540=ORIENTED_EDGE('',*,*,#1183,.F.);
#1541=ORIENTED_EDGE('',*,*,#1184,.F.);
#1542=ORIENTED_EDGE('',*,*,#1185,.F.);
#1543=ORIENTED_EDGE('',*,*,#1186,.F.);
#1544=ORIENTED_EDGE('',*,*,#1187,.F.);
#1545=ORIENTED_EDGE('',*,*,#1188,.F.);
#1546=ORIENTED_EDGE('',*,*,#1189,.F.);
#1547=ORIENTED_EDGE('',*,*,#1190,.F.);
#1548=ORIENTED_EDGE('',*,*,#1191,.F.);
#1549=ORIENTED_EDGE('',*,*,#1192,.F.);
#1550=ORIENTED_EDGE('',*,*,#1193,.F.);
#1551=ORIENTED_EDGE('',*,*,#1194,.F.);
#1552=ORIENTED_EDGE('',*,*,#1195,.F.);
#1553=ORIENTED_EDGE('',*,*,#1196,.F.);
#1554=ORIENTED_EDGE('',*,*,#1181,.T.);
#1555=ORIENTED_EDGE('',*,*,#1197,.T.);
#1556=ORIENTED_EDGE('',*,*,#1198,.T.);
#1557=ORIENTED_EDGE('',*,*,#1199,.F.);
#1558=ORIENTED_EDGE('',*,*,#1184,.T.);
#1559=ORIENTED_EDGE('',*,*,#1200,.T.);
#1560=ORIENTED_EDGE('',*,*,#1201,.T.);
#1561=ORIENTED_EDGE('',*,*,#1197,.F.);
#1562=ORIENTED_EDGE('',*,*,#1183,.T.);
#1563=ORIENTED_EDGE('',*,*,#1202,.T.);
#1564=ORIENTED_EDGE('',*,*,#1203,.T.);
#1565=ORIENTED_EDGE('',*,*,#1200,.F.);
#1566=ORIENTED_EDGE('',*,*,#1204,.T.);
#1567=ORIENTED_EDGE('',*,*,#1202,.F.);
#1568=ORIENTED_EDGE('',*,*,#1182,.T.);
#1569=ORIENTED_EDGE('',*,*,#1199,.T.);
#1570=ORIENTED_EDGE('',*,*,#1204,.F.);
#1571=ORIENTED_EDGE('',*,*,#1205,.F.);
#1572=ORIENTED_EDGE('',*,*,#1206,.F.);
#1573=ORIENTED_EDGE('',*,*,#1207,.T.);
#1574=ORIENTED_EDGE('',*,*,#1198,.F.);
#1575=ORIENTED_EDGE('',*,*,#1208,.F.);
#1576=ORIENTED_EDGE('',*,*,#1209,.F.);
#1577=ORIENTED_EDGE('',*,*,#1205,.T.);
#1578=ORIENTED_EDGE('',*,*,#1191,.T.);
#1579=ORIENTED_EDGE('',*,*,#1210,.T.);
#1580=ORIENTED_EDGE('',*,*,#1211,.T.);
#1581=ORIENTED_EDGE('',*,*,#1212,.F.);
#1582=ORIENTED_EDGE('',*,*,#1196,.T.);
#1583=ORIENTED_EDGE('',*,*,#1213,.T.);
#1584=ORIENTED_EDGE('',*,*,#1214,.T.);
#1585=ORIENTED_EDGE('',*,*,#1210,.F.);
#1586=ORIENTED_EDGE('',*,*,#1195,.T.);
#1587=ORIENTED_EDGE('',*,*,#1215,.T.);
#1588=ORIENTED_EDGE('',*,*,#1216,.T.);
#1589=ORIENTED_EDGE('',*,*,#1213,.F.);
#1590=ORIENTED_EDGE('',*,*,#1194,.T.);
#1591=ORIENTED_EDGE('',*,*,#1217,.T.);
#1592=ORIENTED_EDGE('',*,*,#1218,.T.);
#1593=ORIENTED_EDGE('',*,*,#1215,.F.);
#1594=ORIENTED_EDGE('',*,*,#1219,.T.);
#1595=ORIENTED_EDGE('',*,*,#1217,.F.);
#1596=ORIENTED_EDGE('',*,*,#1193,.T.);
#1597=ORIENTED_EDGE('',*,*,#1220,.T.);
#1598=ORIENTED_EDGE('',*,*,#1221,.T.);
#1599=ORIENTED_EDGE('',*,*,#1220,.F.);
#1600=ORIENTED_EDGE('',*,*,#1192,.T.);
#1601=ORIENTED_EDGE('',*,*,#1212,.T.);
#1602=ORIENTED_EDGE('',*,*,#1219,.F.);
#1603=ORIENTED_EDGE('',*,*,#1222,.F.);
#1604=ORIENTED_EDGE('',*,*,#1223,.F.);
#1605=ORIENTED_EDGE('',*,*,#1224,.T.);
#1606=ORIENTED_EDGE('',*,*,#1221,.F.);
#1607=ORIENTED_EDGE('',*,*,#1225,.F.);
#1608=ORIENTED_EDGE('',*,*,#1226,.F.);
#1609=ORIENTED_EDGE('',*,*,#1222,.T.);
#1610=ORIENTED_EDGE('',*,*,#1211,.F.);
#1611=ORIENTED_EDGE('',*,*,#1227,.F.);
#1612=ORIENTED_EDGE('',*,*,#1228,.F.);
#1613=ORIENTED_EDGE('',*,*,#1225,.T.);
#1614=ORIENTED_EDGE('',*,*,#1185,.T.);
#1615=ORIENTED_EDGE('',*,*,#1229,.T.);
#1616=ORIENTED_EDGE('',*,*,#1230,.T.);
#1617=ORIENTED_EDGE('',*,*,#1231,.F.);
#1618=ORIENTED_EDGE('',*,*,#1190,.T.);
#1619=ORIENTED_EDGE('',*,*,#1232,.T.);
#1620=ORIENTED_EDGE('',*,*,#1233,.T.);
#1621=ORIENTED_EDGE('',*,*,#1229,.F.);
#1622=ORIENTED_EDGE('',*,*,#1189,.T.);
#1623=ORIENTED_EDGE('',*,*,#1234,.T.);
#1624=ORIENTED_EDGE('',*,*,#1235,.T.);
#1625=ORIENTED_EDGE('',*,*,#1232,.F.);
#1626=ORIENTED_EDGE('',*,*,#1188,.T.);
#1627=ORIENTED_EDGE('',*,*,#1236,.T.);
#1628=ORIENTED_EDGE('',*,*,#1237,.T.);
#1629=ORIENTED_EDGE('',*,*,#1234,.F.);
#1630=ORIENTED_EDGE('',*,*,#1238,.T.);
#1631=ORIENTED_EDGE('',*,*,#1236,.F.);
#1632=ORIENTED_EDGE('',*,*,#1187,.T.);
#1633=ORIENTED_EDGE('',*,*,#1239,.T.);
#1634=ORIENTED_EDGE('',*,*,#1240,.T.);
#1635=ORIENTED_EDGE('',*,*,#1239,.F.);
#1636=ORIENTED_EDGE('',*,*,#1186,.T.);
#1637=ORIENTED_EDGE('',*,*,#1231,.T.);
#1638=ORIENTED_EDGE('',*,*,#1238,.F.);
#1639=ORIENTED_EDGE('',*,*,#1241,.F.);
#1640=ORIENTED_EDGE('',*,*,#1242,.F.);
#1641=ORIENTED_EDGE('',*,*,#1243,.T.);
#1642=ORIENTED_EDGE('',*,*,#1240,.F.);
#1643=ORIENTED_EDGE('',*,*,#1244,.F.);
#1644=ORIENTED_EDGE('',*,*,#1245,.F.);
#1645=ORIENTED_EDGE('',*,*,#1246,.F.);
#1646=ORIENTED_EDGE('',*,*,#1247,.T.);
#1647=ORIENTED_EDGE('',*,*,#1248,.T.);
#1648=ORIENTED_EDGE('',*,*,#1249,.F.);
#1649=ORIENTED_EDGE('',*,*,#1241,.T.);
#1650=ORIENTED_EDGE('',*,*,#1230,.F.);
#1651=ORIENTED_EDGE('',*,*,#1250,.F.);
#1652=ORIENTED_EDGE('',*,*,#1251,.F.);
#1653=ORIENTED_EDGE('',*,*,#1244,.T.);
#1654=ORIENTED_EDGE('',*,*,#1252,.T.);
#1655=ORIENTED_EDGE('',*,*,#1253,.T.);
#1656=ORIENTED_EDGE('',*,*,#1254,.T.);
#1657=ORIENTED_EDGE('',*,*,#1255,.T.);
#1658=ORIENTED_EDGE('',*,*,#1255,.F.);
#1659=ORIENTED_EDGE('',*,*,#1256,.T.);
#1660=ORIENTED_EDGE('',*,*,#1257,.T.);
#1661=ORIENTED_EDGE('',*,*,#1258,.F.);
#1662=ORIENTED_EDGE('',*,*,#1259,.F.);
#1663=ORIENTED_EDGE('',*,*,#1168,.T.);
#1664=ORIENTED_EDGE('',*,*,#1260,.F.);
#1665=ORIENTED_EDGE('',*,*,#1176,.T.);
#1666=ORIENTED_EDGE('',*,*,#1261,.F.);
#1667=ORIENTED_EDGE('',*,*,#1262,.T.);
#1668=ORIENTED_EDGE('',*,*,#1263,.F.);
#1669=ORIENTED_EDGE('',*,*,#1264,.T.);
#1670=ORIENTED_EDGE('',*,*,#1265,.F.);
#1671=ORIENTED_EDGE('',*,*,#1266,.F.);
#1672=ORIENTED_EDGE('',*,*,#1267,.F.);
#1673=ORIENTED_EDGE('',*,*,#1268,.F.);
#1674=ORIENTED_EDGE('',*,*,#1269,.F.);
#1675=ORIENTED_EDGE('',*,*,#1270,.F.);
#1676=ORIENTED_EDGE('',*,*,#1271,.F.);
#1677=ORIENTED_EDGE('',*,*,#1272,.F.);
#1678=ORIENTED_EDGE('',*,*,#1273,.F.);
#1679=ORIENTED_EDGE('',*,*,#1274,.F.);
#1680=ORIENTED_EDGE('',*,*,#1275,.F.);
#1681=ORIENTED_EDGE('',*,*,#1276,.F.);
#1682=ORIENTED_EDGE('',*,*,#1277,.F.);
#1683=ORIENTED_EDGE('',*,*,#1278,.F.);
#1684=ORIENTED_EDGE('',*,*,#1279,.F.);
#1685=ORIENTED_EDGE('',*,*,#1247,.F.);
#1686=ORIENTED_EDGE('',*,*,#1280,.F.);
#1687=ORIENTED_EDGE('',*,*,#1281,.F.);
#1688=ORIENTED_EDGE('',*,*,#1282,.F.);
#1689=ORIENTED_EDGE('',*,*,#1283,.F.);
#1690=ORIENTED_EDGE('',*,*,#1284,.F.);
#1691=ORIENTED_EDGE('',*,*,#1285,.F.);
#1692=ORIENTED_EDGE('',*,*,#1286,.F.);
#1693=ORIENTED_EDGE('',*,*,#1287,.F.);
#1694=ORIENTED_EDGE('',*,*,#1288,.F.);
#1695=ORIENTED_EDGE('',*,*,#1289,.F.);
#1696=ORIENTED_EDGE('',*,*,#1290,.F.);
#1697=ORIENTED_EDGE('',*,*,#1291,.F.);
#1698=ORIENTED_EDGE('',*,*,#1292,.F.);
#1699=ORIENTED_EDGE('',*,*,#1293,.F.);
#1700=ORIENTED_EDGE('',*,*,#1294,.F.);
#1701=ORIENTED_EDGE('',*,*,#1295,.F.);
#1702=ORIENTED_EDGE('',*,*,#1296,.F.);
#1703=ORIENTED_EDGE('',*,*,#1297,.F.);
#1704=ORIENTED_EDGE('',*,*,#1298,.F.);
#1705=ORIENTED_EDGE('',*,*,#1299,.F.);
#1706=ORIENTED_EDGE('',*,*,#1254,.F.);
#1707=ORIENTED_EDGE('',*,*,#1300,.F.);
#1708=ORIENTED_EDGE('',*,*,#1301,.F.);
#1709=ORIENTED_EDGE('',*,*,#1302,.F.);
#1710=ORIENTED_EDGE('',*,*,#1303,.F.);
#1711=ORIENTED_EDGE('',*,*,#1304,.F.);
#1712=ORIENTED_EDGE('',*,*,#1305,.F.);
#1713=ORIENTED_EDGE('',*,*,#1306,.F.);
#1714=ORIENTED_EDGE('',*,*,#1307,.F.);
#1715=ORIENTED_EDGE('',*,*,#1308,.F.);
#1716=ORIENTED_EDGE('',*,*,#1309,.F.);
#1717=ORIENTED_EDGE('',*,*,#1310,.F.);
#1718=ORIENTED_EDGE('',*,*,#1311,.F.);
#1719=ORIENTED_EDGE('',*,*,#1312,.F.);
#1720=ORIENTED_EDGE('',*,*,#1313,.F.);
#1721=ORIENTED_EDGE('',*,*,#1256,.F.);
#1722=ORIENTED_EDGE('',*,*,#1314,.T.);
#1723=ORIENTED_EDGE('',*,*,#1315,.T.);
#1724=ORIENTED_EDGE('',*,*,#1303,.T.);
#1725=ORIENTED_EDGE('',*,*,#1316,.T.);
#1726=ORIENTED_EDGE('',*,*,#1315,.F.);
#1727=ORIENTED_EDGE('',*,*,#1317,.F.);
#1728=ORIENTED_EDGE('',*,*,#1318,.F.);
#1729=ORIENTED_EDGE('',*,*,#1304,.T.);
#1730=ORIENTED_EDGE('',*,*,#1206,.T.);
#1731=ORIENTED_EDGE('',*,*,#1209,.T.);
#1732=ORIENTED_EDGE('',*,*,#1319,.T.);
#1733=ORIENTED_EDGE('',*,*,#1320,.T.);
#1734=ORIENTED_EDGE('',*,*,#1252,.F.);
#1735=ORIENTED_EDGE('',*,*,#1258,.T.);
#1736=ORIENTED_EDGE('',*,*,#1321,.T.);
#1737=ORIENTED_EDGE('',*,*,#1322,.T.);
#1738=ORIENTED_EDGE('',*,*,#1323,.F.);
#1739=ORIENTED_EDGE('',*,*,#1324,.T.);
#1740=ORIENTED_EDGE('',*,*,#1325,.T.);
#1741=ORIENTED_EDGE('',*,*,#1326,.T.);
#1742=ORIENTED_EDGE('',*,*,#1327,.F.);
#1743=ORIENTED_EDGE('',*,*,#1328,.T.);
#1744=ORIENTED_EDGE('',*,*,#1329,.T.);
#1745=ORIENTED_EDGE('',*,*,#1317,.T.);
#1746=ORIENTED_EDGE('',*,*,#1314,.F.);
#1747=ORIENTED_EDGE('',*,*,#1330,.T.);
#1748=ORIENTED_EDGE('',*,*,#1331,.T.);
#1749=ORIENTED_EDGE('',*,*,#1332,.T.);
#1750=ORIENTED_EDGE('',*,*,#1323,.T.);
#1751=ORIENTED_EDGE('',*,*,#1333,.T.);
#1752=ORIENTED_EDGE('',*,*,#1311,.T.);
#1753=ORIENTED_EDGE('',*,*,#1334,.T.);
#1754=ORIENTED_EDGE('',*,*,#1334,.F.);
#1755=ORIENTED_EDGE('',*,*,#1310,.T.);
#1756=ORIENTED_EDGE('',*,*,#1335,.T.);
#1757=ORIENTED_EDGE('',*,*,#1324,.F.);
#1758=ORIENTED_EDGE('',*,*,#1327,.T.);
#1759=ORIENTED_EDGE('',*,*,#1336,.T.);
#1760=ORIENTED_EDGE('',*,*,#1307,.T.);
#1761=ORIENTED_EDGE('',*,*,#1337,.T.);
#1762=ORIENTED_EDGE('',*,*,#1336,.F.);
#1763=ORIENTED_EDGE('',*,*,#1326,.F.);
#1764=ORIENTED_EDGE('',*,*,#1338,.F.);
#1765=ORIENTED_EDGE('',*,*,#1308,.T.);
#1766=ORIENTED_EDGE('',*,*,#1339,.T.);
#1767=ORIENTED_EDGE('',*,*,#1340,.T.);
#1768=ORIENTED_EDGE('',*,*,#1282,.T.);
#1769=ORIENTED_EDGE('',*,*,#1341,.T.);
#1770=ORIENTED_EDGE('',*,*,#1341,.F.);
#1771=ORIENTED_EDGE('',*,*,#1299,.T.);
#1772=ORIENTED_EDGE('',*,*,#1342,.T.);
#1773=ORIENTED_EDGE('',*,*,#1343,.F.);
#1774=ORIENTED_EDGE('',*,*,#1344,.T.);
#1775=ORIENTED_EDGE('',*,*,#1345,.T.);
#1776=ORIENTED_EDGE('',*,*,#1286,.T.);
#1777=ORIENTED_EDGE('',*,*,#1346,.T.);
#1778=ORIENTED_EDGE('',*,*,#1346,.F.);
#1779=ORIENTED_EDGE('',*,*,#1285,.T.);
#1780=ORIENTED_EDGE('',*,*,#1347,.T.);
#1781=ORIENTED_EDGE('',*,*,#1348,.F.);
#1782=ORIENTED_EDGE('',*,*,#1349,.T.);
#1783=ORIENTED_EDGE('',*,*,#1350,.T.);
#1784=ORIENTED_EDGE('',*,*,#1294,.T.);
#1785=ORIENTED_EDGE('',*,*,#1351,.T.);
#1786=ORIENTED_EDGE('',*,*,#1351,.F.);
#1787=ORIENTED_EDGE('',*,*,#1293,.T.);
#1788=ORIENTED_EDGE('',*,*,#1352,.T.);
#1789=ORIENTED_EDGE('',*,*,#1353,.F.);
#1790=ORIENTED_EDGE('',*,*,#1354,.T.);
#1791=ORIENTED_EDGE('',*,*,#1355,.T.);
#1792=ORIENTED_EDGE('',*,*,#1290,.T.);
#1793=ORIENTED_EDGE('',*,*,#1356,.T.);
#1794=ORIENTED_EDGE('',*,*,#1355,.F.);
#1795=ORIENTED_EDGE('',*,*,#1357,.F.);
#1796=ORIENTED_EDGE('',*,*,#1358,.F.);
#1797=ORIENTED_EDGE('',*,*,#1291,.T.);
#1798=ORIENTED_EDGE('',*,*,#1359,.T.);
#1799=ORIENTED_EDGE('',*,*,#1360,.T.);
#1800=ORIENTED_EDGE('',*,*,#1265,.T.);
#1801=ORIENTED_EDGE('',*,*,#1361,.T.);
#1802=ORIENTED_EDGE('',*,*,#1360,.F.);
#1803=ORIENTED_EDGE('',*,*,#1362,.F.);
#1804=ORIENTED_EDGE('',*,*,#1363,.F.);
#1805=ORIENTED_EDGE('',*,*,#1266,.T.);
#1806=ORIENTED_EDGE('',*,*,#1359,.F.);
#1807=ORIENTED_EDGE('',*,*,#1364,.T.);
#1808=ORIENTED_EDGE('',*,*,#1365,.T.);
#1809=ORIENTED_EDGE('',*,*,#1245,.T.);
#1810=ORIENTED_EDGE('',*,*,#1251,.T.);
#1811=ORIENTED_EDGE('',*,*,#1366,.T.);
#1812=ORIENTED_EDGE('',*,*,#1367,.T.);
#1813=ORIENTED_EDGE('',*,*,#1368,.T.);
#1814=ORIENTED_EDGE('',*,*,#1242,.T.);
#1815=ORIENTED_EDGE('',*,*,#1249,.T.);
#1816=ORIENTED_EDGE('',*,*,#1369,.T.);
#1817=ORIENTED_EDGE('',*,*,#1370,.T.);
#1818=ORIENTED_EDGE('',*,*,#1371,.F.);
#1819=ORIENTED_EDGE('',*,*,#1372,.T.);
#1820=ORIENTED_EDGE('',*,*,#1373,.T.);
#1821=ORIENTED_EDGE('',*,*,#1374,.T.);
#1822=ORIENTED_EDGE('',*,*,#1375,.F.);
#1823=ORIENTED_EDGE('',*,*,#1376,.T.);
#1824=ORIENTED_EDGE('',*,*,#1377,.T.);
#1825=ORIENTED_EDGE('',*,*,#1378,.T.);
#1826=ORIENTED_EDGE('',*,*,#1379,.F.);
#1827=ORIENTED_EDGE('',*,*,#1380,.T.);
#1828=ORIENTED_EDGE('',*,*,#1381,.T.);
#1829=ORIENTED_EDGE('',*,*,#1362,.T.);
#1830=ORIENTED_EDGE('',*,*,#1371,.T.);
#1831=ORIENTED_EDGE('',*,*,#1382,.T.);
#1832=ORIENTED_EDGE('',*,*,#1277,.T.);
#1833=ORIENTED_EDGE('',*,*,#1383,.T.);
#1834=ORIENTED_EDGE('',*,*,#1382,.F.);
#1835=ORIENTED_EDGE('',*,*,#1370,.F.);
#1836=ORIENTED_EDGE('',*,*,#1384,.F.);
#1837=ORIENTED_EDGE('',*,*,#1278,.T.);
#1838=ORIENTED_EDGE('',*,*,#1379,.T.);
#1839=ORIENTED_EDGE('',*,*,#1385,.T.);
#1840=ORIENTED_EDGE('',*,*,#1269,.T.);
#1841=ORIENTED_EDGE('',*,*,#1386,.T.);
#1842=ORIENTED_EDGE('',*,*,#1385,.F.);
#1843=ORIENTED_EDGE('',*,*,#1378,.F.);
#1844=ORIENTED_EDGE('',*,*,#1387,.F.);
#1845=ORIENTED_EDGE('',*,*,#1270,.T.);
#1846=ORIENTED_EDGE('',*,*,#1375,.T.);
#1847=ORIENTED_EDGE('',*,*,#1388,.T.);
#1848=ORIENTED_EDGE('',*,*,#1273,.T.);
#1849=ORIENTED_EDGE('',*,*,#1389,.T.);
#1850=ORIENTED_EDGE('',*,*,#1388,.F.);
#1851=ORIENTED_EDGE('',*,*,#1374,.F.);
#1852=ORIENTED_EDGE('',*,*,#1390,.F.);
#1853=ORIENTED_EDGE('',*,*,#1274,.T.);
#1854=ORIENTED_EDGE('',*,*,#1391,.T.);
#1855=ORIENTED_EDGE('',*,*,#1162,.T.);
#1856=ORIENTED_EDGE('',*,*,#1392,.T.);
#1857=ORIENTED_EDGE('',*,*,#1169,.T.);
#1858=ORIENTED_EDGE('',*,*,#1259,.T.);
#1859=ORIENTED_EDGE('',*,*,#1393,.T.);
#1860=ORIENTED_EDGE('',*,*,#1125,.F.);
#1861=ORIENTED_EDGE('',*,*,#1170,.F.);
#1862=ORIENTED_EDGE('',*,*,#1392,.F.);
#1863=ORIENTED_EDGE('',*,*,#1159,.F.);
#1864=ORIENTED_EDGE('',*,*,#1391,.F.);
#1865=ORIENTED_EDGE('',*,*,#1394,.T.);
#1866=ORIENTED_EDGE('',*,*,#1395,.T.);
#1867=ORIENTED_EDGE('',*,*,#1152,.T.);
#1868=ORIENTED_EDGE('',*,*,#1396,.T.);
#1869=ORIENTED_EDGE('',*,*,#1397,.T.);
#1870=ORIENTED_EDGE('',*,*,#1263,.T.);
#1871=ORIENTED_EDGE('',*,*,#1398,.T.);
#1872=ORIENTED_EDGE('',*,*,#1138,.F.);
#1873=ORIENTED_EDGE('',*,*,#1399,.F.);
#1874=ORIENTED_EDGE('',*,*,#1396,.F.);
#1875=ORIENTED_EDGE('',*,*,#1149,.F.);
#1876=ORIENTED_EDGE('',*,*,#1395,.F.);
#1877=ORIENTED_EDGE('',*,*,#1400,.T.);
#1878=ORIENTED_EDGE('',*,*,#1178,.T.);
#1879=ORIENTED_EDGE('',*,*,#1155,.T.);
#1880=ORIENTED_EDGE('',*,*,#1180,.T.);
#1881=ORIENTED_EDGE('',*,*,#1401,.T.);
#1882=ORIENTED_EDGE('',*,*,#1261,.T.);
#1883=ORIENTED_EDGE('',*,*,#1175,.T.);
#1884=ORIENTED_EDGE('',*,*,#1171,.T.);
#1885=ORIENTED_EDGE('',*,*,#1165,.T.);
#1886=ORIENTED_EDGE('',*,*,#1173,.T.);
#1887=ORIENTED_EDGE('',*,*,#1177,.T.);
#1888=ORIENTED_EDGE('',*,*,#1260,.T.);
#1889=ORIENTED_EDGE('',*,*,#1167,.T.);
#1890=ORIENTED_EDGE('',*,*,#1201,.F.);
#1891=ORIENTED_EDGE('',*,*,#1402,.F.);
#1892=ORIENTED_EDGE('',*,*,#1319,.F.);
#1893=ORIENTED_EDGE('',*,*,#1208,.T.);
#1894=ORIENTED_EDGE('',*,*,#1203,.F.);
#1895=ORIENTED_EDGE('',*,*,#1207,.F.);
#1896=ORIENTED_EDGE('',*,*,#1320,.F.);
#1897=ORIENTED_EDGE('',*,*,#1402,.T.);
#1898=ORIENTED_EDGE('',*,*,#1214,.F.);
#1899=ORIENTED_EDGE('',*,*,#1403,.F.);
#1900=ORIENTED_EDGE('',*,*,#1404,.F.);
#1901=ORIENTED_EDGE('',*,*,#1227,.T.);
#1902=ORIENTED_EDGE('',*,*,#1216,.F.);
#1903=ORIENTED_EDGE('',*,*,#1405,.F.);
#1904=ORIENTED_EDGE('',*,*,#1406,.F.);
#1905=ORIENTED_EDGE('',*,*,#1403,.T.);
#1906=ORIENTED_EDGE('',*,*,#1233,.F.);
#1907=ORIENTED_EDGE('',*,*,#1407,.F.);
#1908=ORIENTED_EDGE('',*,*,#1366,.F.);
#1909=ORIENTED_EDGE('',*,*,#1250,.T.);
#1910=ORIENTED_EDGE('',*,*,#1235,.F.);
#1911=ORIENTED_EDGE('',*,*,#1408,.F.);
#1912=ORIENTED_EDGE('',*,*,#1367,.F.);
#1913=ORIENTED_EDGE('',*,*,#1407,.T.);
#1914=ORIENTED_EDGE('',*,*,#1237,.F.);
#1915=ORIENTED_EDGE('',*,*,#1243,.F.);
#1916=ORIENTED_EDGE('',*,*,#1368,.F.);
#1917=ORIENTED_EDGE('',*,*,#1408,.T.);
#1918=ORIENTED_EDGE('',*,*,#1275,.T.);
#1919=ORIENTED_EDGE('',*,*,#1390,.T.);
#1920=ORIENTED_EDGE('',*,*,#1373,.F.);
#1921=ORIENTED_EDGE('',*,*,#1409,.F.);
#1922=ORIENTED_EDGE('',*,*,#1383,.F.);
#1923=ORIENTED_EDGE('',*,*,#1276,.T.);
#1924=ORIENTED_EDGE('',*,*,#1409,.T.);
#1925=ORIENTED_EDGE('',*,*,#1372,.F.);
#1926=ORIENTED_EDGE('',*,*,#1279,.T.);
#1927=ORIENTED_EDGE('',*,*,#1384,.T.);
#1928=ORIENTED_EDGE('',*,*,#1369,.F.);
#1929=ORIENTED_EDGE('',*,*,#1248,.F.);
#1930=ORIENTED_EDGE('',*,*,#1280,.T.);
#1931=ORIENTED_EDGE('',*,*,#1246,.T.);
#1932=ORIENTED_EDGE('',*,*,#1365,.F.);
#1933=ORIENTED_EDGE('',*,*,#1410,.F.);
#1934=ORIENTED_EDGE('',*,*,#1361,.F.);
#1935=ORIENTED_EDGE('',*,*,#1281,.T.);
#1936=ORIENTED_EDGE('',*,*,#1410,.T.);
#1937=ORIENTED_EDGE('',*,*,#1364,.F.);
#1938=ORIENTED_EDGE('',*,*,#1267,.T.);
#1939=ORIENTED_EDGE('',*,*,#1363,.T.);
#1940=ORIENTED_EDGE('',*,*,#1381,.F.);
#1941=ORIENTED_EDGE('',*,*,#1411,.F.);
#1942=ORIENTED_EDGE('',*,*,#1386,.F.);
#1943=ORIENTED_EDGE('',*,*,#1268,.T.);
#1944=ORIENTED_EDGE('',*,*,#1411,.T.);
#1945=ORIENTED_EDGE('',*,*,#1380,.F.);
#1946=ORIENTED_EDGE('',*,*,#1271,.T.);
#1947=ORIENTED_EDGE('',*,*,#1387,.T.);
#1948=ORIENTED_EDGE('',*,*,#1377,.F.);
#1949=ORIENTED_EDGE('',*,*,#1412,.F.);
#1950=ORIENTED_EDGE('',*,*,#1389,.F.);
#1951=ORIENTED_EDGE('',*,*,#1272,.T.);
#1952=ORIENTED_EDGE('',*,*,#1412,.T.);
#1953=ORIENTED_EDGE('',*,*,#1376,.F.);
#1954=ORIENTED_EDGE('',*,*,#1340,.F.);
#1955=ORIENTED_EDGE('',*,*,#1413,.F.);
#1956=ORIENTED_EDGE('',*,*,#1414,.F.);
#1957=ORIENTED_EDGE('',*,*,#1283,.T.);
#1958=ORIENTED_EDGE('',*,*,#1284,.T.);
#1959=ORIENTED_EDGE('',*,*,#1414,.T.);
#1960=ORIENTED_EDGE('',*,*,#1415,.F.);
#1961=ORIENTED_EDGE('',*,*,#1347,.F.);
#1962=ORIENTED_EDGE('',*,*,#1345,.F.);
#1963=ORIENTED_EDGE('',*,*,#1416,.F.);
#1964=ORIENTED_EDGE('',*,*,#1417,.F.);
#1965=ORIENTED_EDGE('',*,*,#1287,.T.);
#1966=ORIENTED_EDGE('',*,*,#1288,.T.);
#1967=ORIENTED_EDGE('',*,*,#1417,.T.);
#1968=ORIENTED_EDGE('',*,*,#1418,.F.);
#1969=ORIENTED_EDGE('',*,*,#1419,.F.);
#1970=ORIENTED_EDGE('',*,*,#1356,.F.);
#1971=ORIENTED_EDGE('',*,*,#1289,.T.);
#1972=ORIENTED_EDGE('',*,*,#1419,.T.);
#1973=ORIENTED_EDGE('',*,*,#1420,.F.);
#1974=ORIENTED_EDGE('',*,*,#1292,.T.);
#1975=ORIENTED_EDGE('',*,*,#1358,.T.);
#1976=ORIENTED_EDGE('',*,*,#1421,.F.);
#1977=ORIENTED_EDGE('',*,*,#1352,.F.);
#1978=ORIENTED_EDGE('',*,*,#1350,.F.);
#1979=ORIENTED_EDGE('',*,*,#1422,.F.);
#1980=ORIENTED_EDGE('',*,*,#1423,.F.);
#1981=ORIENTED_EDGE('',*,*,#1295,.T.);
#1982=ORIENTED_EDGE('',*,*,#1296,.T.);
#1983=ORIENTED_EDGE('',*,*,#1423,.T.);
#1984=ORIENTED_EDGE('',*,*,#1424,.F.);
#1985=ORIENTED_EDGE('',*,*,#1425,.F.);
#1986=ORIENTED_EDGE('',*,*,#1218,.F.);
#1987=ORIENTED_EDGE('',*,*,#1224,.F.);
#1988=ORIENTED_EDGE('',*,*,#1426,.F.);
#1989=ORIENTED_EDGE('',*,*,#1427,.F.);
#1990=ORIENTED_EDGE('',*,*,#1297,.T.);
#1991=ORIENTED_EDGE('',*,*,#1425,.T.);
#1992=ORIENTED_EDGE('',*,*,#1428,.F.);
#1993=ORIENTED_EDGE('',*,*,#1405,.T.);
#1994=ORIENTED_EDGE('',*,*,#1298,.T.);
#1995=ORIENTED_EDGE('',*,*,#1427,.T.);
#1996=ORIENTED_EDGE('',*,*,#1429,.F.);
#1997=ORIENTED_EDGE('',*,*,#1342,.F.);
#1998=ORIENTED_EDGE('',*,*,#1309,.T.);
#1999=ORIENTED_EDGE('',*,*,#1338,.T.);
#2000=ORIENTED_EDGE('',*,*,#1325,.F.);
#2001=ORIENTED_EDGE('',*,*,#1335,.F.);
#2002=ORIENTED_EDGE('',*,*,#1333,.F.);
#2003=ORIENTED_EDGE('',*,*,#1322,.F.);
#2004=ORIENTED_EDGE('',*,*,#1430,.F.);
#2005=ORIENTED_EDGE('',*,*,#1312,.T.);
#2006=ORIENTED_EDGE('',*,*,#1313,.T.);
#2007=ORIENTED_EDGE('',*,*,#1430,.T.);
#2008=ORIENTED_EDGE('',*,*,#1321,.F.);
#2009=ORIENTED_EDGE('',*,*,#1257,.F.);
#2010=ORIENTED_EDGE('',*,*,#1253,.F.);
#2011=ORIENTED_EDGE('',*,*,#1332,.F.);
#2012=ORIENTED_EDGE('',*,*,#1431,.F.);
#2013=ORIENTED_EDGE('',*,*,#1300,.T.);
#2014=ORIENTED_EDGE('',*,*,#1301,.T.);
#2015=ORIENTED_EDGE('',*,*,#1431,.T.);
#2016=ORIENTED_EDGE('',*,*,#1331,.F.);
#2017=ORIENTED_EDGE('',*,*,#1432,.F.);
#2018=ORIENTED_EDGE('',*,*,#1316,.F.);
#2019=ORIENTED_EDGE('',*,*,#1302,.T.);
#2020=ORIENTED_EDGE('',*,*,#1432,.T.);
#2021=ORIENTED_EDGE('',*,*,#1330,.F.);
#2022=ORIENTED_EDGE('',*,*,#1305,.T.);
#2023=ORIENTED_EDGE('',*,*,#1318,.T.);
#2024=ORIENTED_EDGE('',*,*,#1329,.F.);
#2025=ORIENTED_EDGE('',*,*,#1433,.F.);
#2026=ORIENTED_EDGE('',*,*,#1337,.F.);
#2027=ORIENTED_EDGE('',*,*,#1306,.T.);
#2028=ORIENTED_EDGE('',*,*,#1433,.T.);
#2029=ORIENTED_EDGE('',*,*,#1328,.F.);
#2030=ORIENTED_EDGE('',*,*,#1148,.F.);
#2031=ORIENTED_EDGE('',*,*,#1400,.F.);
#2032=ORIENTED_EDGE('',*,*,#1398,.F.);
#2033=ORIENTED_EDGE('',*,*,#1262,.F.);
#2034=ORIENTED_EDGE('',*,*,#1401,.F.);
#2035=ORIENTED_EDGE('',*,*,#1179,.T.);
#2036=ORIENTED_EDGE('',*,*,#1156,.F.);
#2037=ORIENTED_EDGE('',*,*,#1394,.F.);
#2038=ORIENTED_EDGE('',*,*,#1393,.F.);
#2039=ORIENTED_EDGE('',*,*,#1264,.F.);
#2040=ORIENTED_EDGE('',*,*,#1397,.F.);
#2041=ORIENTED_EDGE('',*,*,#1399,.T.);
#2042=ORIENTED_EDGE('',*,*,#1339,.F.);
#2043=ORIENTED_EDGE('',*,*,#1343,.T.);
#2044=ORIENTED_EDGE('',*,*,#1429,.T.);
#2045=ORIENTED_EDGE('',*,*,#1426,.T.);
#2046=ORIENTED_EDGE('',*,*,#1223,.T.);
#2047=ORIENTED_EDGE('',*,*,#1226,.T.);
#2048=ORIENTED_EDGE('',*,*,#1228,.T.);
#2049=ORIENTED_EDGE('',*,*,#1404,.T.);
#2050=ORIENTED_EDGE('',*,*,#1406,.T.);
#2051=ORIENTED_EDGE('',*,*,#1428,.T.);
#2052=ORIENTED_EDGE('',*,*,#1424,.T.);
#2053=ORIENTED_EDGE('',*,*,#1422,.T.);
#2054=ORIENTED_EDGE('',*,*,#1349,.F.);
#2055=ORIENTED_EDGE('',*,*,#1353,.T.);
#2056=ORIENTED_EDGE('',*,*,#1421,.T.);
#2057=ORIENTED_EDGE('',*,*,#1357,.T.);
#2058=ORIENTED_EDGE('',*,*,#1354,.F.);
#2059=ORIENTED_EDGE('',*,*,#1420,.T.);
#2060=ORIENTED_EDGE('',*,*,#1418,.T.);
#2061=ORIENTED_EDGE('',*,*,#1416,.T.);
#2062=ORIENTED_EDGE('',*,*,#1344,.F.);
#2063=ORIENTED_EDGE('',*,*,#1348,.T.);
#2064=ORIENTED_EDGE('',*,*,#1415,.T.);
#2065=ORIENTED_EDGE('',*,*,#1413,.T.);
#2066=TOROIDAL_SURFACE('',#2205,9.,1.);
#2067=TOROIDAL_SURFACE('',#2214,9.,1.);
#2068=TOROIDAL_SURFACE('',#2223,9.,1.);
#2069=TOROIDAL_SURFACE('',#2230,9.,1.);
#2070=TOROIDAL_SURFACE('',#2268,7.,1.);
#2071=TOROIDAL_SURFACE('',#2285,7.,1.);
#2072=ADVANCED_FACE('',(#599),#2066,.T.);
#2073=ADVANCED_FACE('',(#600),#551,.T.);
#2074=ADVANCED_FACE('',(#601),#552,.T.);
#2075=ADVANCED_FACE('',(#602),#553,.T.);
#2076=ADVANCED_FACE('',(#603),#2067,.T.);
#2077=ADVANCED_FACE('',(#604),#554,.T.);
#2078=ADVANCED_FACE('',(#605),#555,.T.);
#2079=ADVANCED_FACE('',(#606),#556,.T.);
#2080=ADVANCED_FACE('',(#607),#2068,.T.);
#2081=ADVANCED_FACE('',(#608),#557,.T.);
#2082=ADVANCED_FACE('',(#609),#558,.T.);
#2083=ADVANCED_FACE('',(#610),#559,.T.);
#2084=ADVANCED_FACE('',(#611),#2069,.T.);
#2085=ADVANCED_FACE('',(#612),#560,.T.);
#2086=ADVANCED_FACE('',(#613),#561,.T.);
#2087=ADVANCED_FACE('',(#614),#562,.T.);
#2088=ADVANCED_FACE('',(#615),#563,.F.);
#2089=ADVANCED_FACE('',(#616),#22,.T.);
#2090=ADVANCED_FACE('',(#617),#23,.T.);
#2091=ADVANCED_FACE('',(#618),#564,.F.);
#2092=ADVANCED_FACE('',(#619),#24,.T.);
#2093=ADVANCED_FACE('',(#620),#25,.T.);
#2094=ADVANCED_FACE('',(#621,#15,#16,#17),#26,.T.);
#2095=ADVANCED_FACE('',(#622),#565,.T.);
#2096=ADVANCED_FACE('',(#623),#566,.T.);
#2097=ADVANCED_FACE('',(#624),#567,.T.);
#2098=ADVANCED_FACE('',(#625),#568,.T.);
#2099=ADVANCED_FACE('',(#626),#27,.T.);
#2100=ADVANCED_FACE('',(#627),#28,.T.);
#2101=ADVANCED_FACE('',(#628),#569,.T.);
#2102=ADVANCED_FACE('',(#629),#570,.T.);
#2103=ADVANCED_FACE('',(#630),#571,.T.);
#2104=ADVANCED_FACE('',(#631),#2070,.T.);
#2105=ADVANCED_FACE('',(#632),#572,.T.);
#2106=ADVANCED_FACE('',(#633),#573,.T.);
#2107=ADVANCED_FACE('',(#634),#29,.T.);
#2108=ADVANCED_FACE('',(#635),#30,.T.);
#2109=ADVANCED_FACE('',(#636),#31,.T.);
#2110=ADVANCED_FACE('',(#637),#574,.T.);
#2111=ADVANCED_FACE('',(#638),#575,.T.);
#2112=ADVANCED_FACE('',(#639),#576,.T.);
#2113=ADVANCED_FACE('',(#640),#577,.T.);
#2114=ADVANCED_FACE('',(#641),#578,.T.);
#2115=ADVANCED_FACE('',(#642),#2071,.T.);
#2116=ADVANCED_FACE('',(#643),#32,.T.);
#2117=ADVANCED_FACE('',(#644),#579,.F.);
#2118=ADVANCED_FACE('',(#645),#33,.T.);
#2119=ADVANCED_FACE('',(#646),#580,.T.);
#2120=ADVANCED_FACE('',(#647),#34,.T.);
#2121=ADVANCED_FACE('',(#648,#18,#19,#20),#35,.F.);
#2122=ADVANCED_FACE('',(#649),#581,.T.);
#2123=ADVANCED_FACE('',(#650),#36,.T.);
#2124=ADVANCED_FACE('',(#651,#21),#37,.T.);
#2125=ADVANCED_FACE('',(#652),#582,.T.);
#2126=ADVANCED_FACE('',(#653),#38,.T.);
#2127=ADVANCED_FACE('',(#654),#583,.T.);
#2128=ADVANCED_FACE('',(#655),#39,.T.);
#2129=ADVANCED_FACE('',(#656),#584,.T.);
#2130=ADVANCED_FACE('',(#657),#40,.T.);
#2131=ADVANCED_FACE('',(#658),#585,.T.);
#2132=ADVANCED_FACE('',(#659),#41,.T.);
#2133=ADVANCED_FACE('',(#660),#586,.T.);
#2134=ADVANCED_FACE('',(#661),#42,.T.);
#2135=ADVANCED_FACE('',(#662),#587,.T.);
#2136=ADVANCED_FACE('',(#663),#43,.T.);
#2137=ADVANCED_FACE('',(#664),#588,.T.);
#2138=ADVANCED_FACE('',(#665),#44,.T.);
#2139=ADVANCED_FACE('',(#666),#45,.T.);
#2140=ADVANCED_FACE('',(#667),#589,.T.);
#2141=ADVANCED_FACE('',(#668),#46,.T.);
#2142=ADVANCED_FACE('',(#669),#590,.T.);
#2143=ADVANCED_FACE('',(#670),#47,.T.);
#2144=ADVANCED_FACE('',(#671),#591,.T.);
#2145=ADVANCED_FACE('',(#672),#48,.T.);
#2146=ADVANCED_FACE('',(#673),#592,.T.);
#2147=ADVANCED_FACE('',(#674),#49,.T.);
#2148=ADVANCED_FACE('',(#675),#50,.T.);
#2149=ADVANCED_FACE('',(#676),#593,.T.);
#2150=ADVANCED_FACE('',(#677),#51,.T.);
#2151=ADVANCED_FACE('',(#678),#52,.T.);
#2152=ADVANCED_FACE('',(#679),#594,.T.);
#2153=ADVANCED_FACE('',(#680),#595,.T.);
#2154=ADVANCED_FACE('',(#681),#53,.T.);
#2155=ADVANCED_FACE('',(#682),#54,.T.);
#2156=ADVANCED_FACE('',(#683),#55,.T.);
#2157=ADVANCED_FACE('',(#684),#56,.T.);
#2158=ADVANCED_FACE('',(#685),#57,.T.);
#2159=ADVANCED_FACE('',(#686),#58,.T.);
#2160=ADVANCED_FACE('',(#687),#59,.T.);
#2161=ADVANCED_FACE('',(#688),#60,.T.);
#2162=ADVANCED_FACE('',(#689),#61,.T.);
#2163=ADVANCED_FACE('',(#690),#62,.T.);
#2164=ADVANCED_FACE('',(#691),#63,.T.);
#2165=ADVANCED_FACE('',(#692),#64,.T.);
#2166=ADVANCED_FACE('',(#693),#65,.T.);
#2167=ADVANCED_FACE('',(#694),#66,.T.);
#2168=ADVANCED_FACE('',(#695),#67,.T.);
#2169=ADVANCED_FACE('',(#696),#68,.T.);
#2170=ADVANCED_FACE('',(#697),#69,.T.);
#2171=ADVANCED_FACE('',(#698),#70,.T.);
#2172=ADVANCED_FACE('',(#699),#71,.T.);
#2173=ADVANCED_FACE('',(#700),#72,.T.);
#2174=ADVANCED_FACE('',(#701),#73,.T.);
#2175=ADVANCED_FACE('',(#702),#74,.T.);
#2176=ADVANCED_FACE('',(#703),#75,.T.);
#2177=ADVANCED_FACE('',(#704),#76,.T.);
#2178=ADVANCED_FACE('',(#705),#596,.F.);
#2179=ADVANCED_FACE('',(#706),#77,.T.);
#2180=ADVANCED_FACE('',(#707),#78,.T.);
#2181=ADVANCED_FACE('',(#708),#79,.T.);
#2182=ADVANCED_FACE('',(#709),#80,.T.);
#2183=ADVANCED_FACE('',(#710),#81,.T.);
#2184=ADVANCED_FACE('',(#711),#82,.T.);
#2185=ADVANCED_FACE('',(#712),#83,.T.);
#2186=ADVANCED_FACE('',(#713),#84,.T.);
#2187=ADVANCED_FACE('',(#714),#85,.T.);
#2188=ADVANCED_FACE('',(#715),#597,.F.);
#2189=ADVANCED_FACE('',(#716),#598,.F.);
#2190=ADVANCED_FACE('',(#717),#86,.T.);
#2191=CLOSED_SHELL('',(#2072,#2073,#2074,#2075,#2076,#2077,#2078,#2079,
#2080,#2081,#2082,#2083,#2084,#2085,#2086,#2087,#2088,#2089,#2090,#2091,
#2092,#2093,#2094,#2095,#2096,#2097,#2098,#2099,#2100,#2101,#2102,#2103,
#2104,#2105,#2106,#2107,#2108,#2109,#2110,#2111,#2112,#2113,#2114,#2115,
#2116,#2117,#2118,#2119,#2120,#2121,#2122,#2123,#2124,#2125,#2126,#2127,
#2128,#2129,#2130,#2131,#2132,#2133,#2134,#2135,#2136,#2137,#2138,#2139,
#2140,#2141,#2142,#2143,#2144,#2145,#2146,#2147,#2148,#2149,#2150,#2151,
#2152,#2153,#2154,#2155,#2156,#2157,#2158,#2159,#2160,#2161,#2162,#2163,
#2164,#2165,#2166,#2167,#2168,#2169,#2170,#2171,#2172,#2173,#2174,#2175,
#2176,#2177,#2178,#2179,#2180,#2181,#2182,#2183,#2184,#2185,#2186,#2187,
#2188,#2189,#2190));
#2192=DERIVED_UNIT_ELEMENT(#2194,1.);
#2193=DERIVED_UNIT_ELEMENT(#3829,-3.);
#2194=(
MASS_UNIT()
NAMED_UNIT(*)
SI_UNIT(.KILO.,.GRAM.)
);
#2195=DERIVED_UNIT((#2192,#2193));
#2196=MEASURE_REPRESENTATION_ITEM('density measure',
POSITIVE_RATIO_MEASURE(7850.),#2195);
#2197=PROPERTY_DEFINITION_REPRESENTATION(#2202,#2199);
#2198=PROPERTY_DEFINITION_REPRESENTATION(#2203,#2200);
#2199=REPRESENTATION('material name',(#2201),#3826);
#2200=REPRESENTATION('density',(#2196),#3826);
#2201=DESCRIPTIVE_REPRESENTATION_ITEM('Steel','Steel');
#2202=PROPERTY_DEFINITION('material property','material name',#3836);
#2203=PROPERTY_DEFINITION('material property','density of part',#3836);
#2204=AXIS2_PLACEMENT_3D('',#3008,#2398,#2399);
#2205=AXIS2_PLACEMENT_3D('',#3009,#2400,#2401);
#2206=AXIS2_PLACEMENT_3D('',#3012,#2402,#2403);
#2207=AXIS2_PLACEMENT_3D('',#3029,#2404,#2405);
#2208=AXIS2_PLACEMENT_3D('',#3044,#2406,#2407);
#2209=AXIS2_PLACEMENT_3D('',#3048,#2409,#2410);
#2210=AXIS2_PLACEMENT_3D('',#3050,#2412,#2413);
#2211=AXIS2_PLACEMENT_3D('',#3054,#2415,#2416);
#2212=AXIS2_PLACEMENT_3D('',#3056,#2418,#2419);
#2213=AXIS2_PLACEMENT_3D('',#3077,#2422,#2423);
#2214=AXIS2_PLACEMENT_3D('',#3078,#2424,#2425);
#2215=AXIS2_PLACEMENT_3D('',#3080,#2426,#2427);
#2216=AXIS2_PLACEMENT_3D('',#3096,#2428,#2429);
#2217=AXIS2_PLACEMENT_3D('',#3097,#2430,#2431);
#2218=AXIS2_PLACEMENT_3D('',#3101,#2433,#2434);
#2219=AXIS2_PLACEMENT_3D('',#3103,#2436,#2437);
#2220=AXIS2_PLACEMENT_3D('',#3108,#2439,#2440);
#2221=AXIS2_PLACEMENT_3D('',#3125,#2442,#2443);
#2222=AXIS2_PLACEMENT_3D('',#3146,#2446,#2447);
#2223=AXIS2_PLACEMENT_3D('',#3147,#2448,#2449);
#2224=AXIS2_PLACEMENT_3D('',#3149,#2450,#2451);
#2225=AXIS2_PLACEMENT_3D('',#3165,#2452,#2453);
#2226=AXIS2_PLACEMENT_3D('',#3166,#2454,#2455);
#2227=AXIS2_PLACEMENT_3D('',#3171,#2458,#2459);
#2228=AXIS2_PLACEMENT_3D('',#3172,#2460,#2461);
#2229=AXIS2_PLACEMENT_3D('',#3175,#2464,#2465);
#2230=AXIS2_PLACEMENT_3D('',#3178,#2468,#2469);
#2231=AXIS2_PLACEMENT_3D('',#3180,#2470,#2471);
#2232=AXIS2_PLACEMENT_3D('',#3182,#2472,#2473);
#2233=AXIS2_PLACEMENT_3D('',#3197,#2474,#2475);
#2234=AXIS2_PLACEMENT_3D('',#3202,#2478,#2479);
#2235=AXIS2_PLACEMENT_3D('',#3203,#2480,#2481);
#2236=AXIS2_PLACEMENT_3D('',#3206,#2484,#2485);
#2237=AXIS2_PLACEMENT_3D('',#3209,#2488,#2489);
#2238=AXIS2_PLACEMENT_3D('',#3218,#2491,#2492);
#2239=AXIS2_PLACEMENT_3D('',#3225,#2494,#2495);
#2240=AXIS2_PLACEMENT_3D('',#3226,#2496,#2497);
#2241=AXIS2_PLACEMENT_3D('',#3227,#2498,#2499);
#2242=AXIS2_PLACEMENT_3D('',#3230,#2501,#2502);
#2243=AXIS2_PLACEMENT_3D('',#3231,#2503,#2504);
#2244=AXIS2_PLACEMENT_3D('',#3240,#2506,#2507);
#2245=AXIS2_PLACEMENT_3D('',#3245,#2508,#2509);
#2246=AXIS2_PLACEMENT_3D('',#3246,#2510,#2511);
#2247=AXIS2_PLACEMENT_3D('',#3247,#2512,#2513);
#2248=AXIS2_PLACEMENT_3D('',#3250,#2515,#2516);
#2249=AXIS2_PLACEMENT_3D('',#3251,#2517,#2518);
#2250=AXIS2_PLACEMENT_3D('',#3264,#2524,#2525);
#2251=AXIS2_PLACEMENT_3D('',#3280,#2533,#2534);
#2252=AXIS2_PLACEMENT_3D('',#3284,#2537,#2538);
#2253=AXIS2_PLACEMENT_3D('',#3286,#2539,#2540);
#2254=AXIS2_PLACEMENT_3D('',#3289,#2542,#2543);
#2255=AXIS2_PLACEMENT_3D('',#3290,#2544,#2545);
#2256=AXIS2_PLACEMENT_3D('',#3292,#2546,#2547);
#2257=AXIS2_PLACEMENT_3D('',#3294,#2549,#2550);
#2258=AXIS2_PLACEMENT_3D('',#3296,#2551,#2552);
#2259=AXIS2_PLACEMENT_3D('',#3298,#2554,#2555);
#2260=AXIS2_PLACEMENT_3D('',#3300,#2557,#2558);
#2261=AXIS2_PLACEMENT_3D('',#3306,#2562,#2563);
#2262=AXIS2_PLACEMENT_3D('',#3310,#2566,#2567);
#2263=AXIS2_PLACEMENT_3D('',#3312,#2568,#2569);
#2264=AXIS2_PLACEMENT_3D('',#3315,#2571,#2572);
#2265=AXIS2_PLACEMENT_3D('',#3316,#2573,#2574);
#2266=AXIS2_PLACEMENT_3D('',#3318,#2575,#2576);
#2267=AXIS2_PLACEMENT_3D('',#3320,#2578,#2579);
#2268=AXIS2_PLACEMENT_3D('',#3337,#2581,#2582);
#2269=AXIS2_PLACEMENT_3D('',#3353,#2583,#2584);
#2270=AXIS2_PLACEMENT_3D('',#3354,#2585,#2586);
#2271=AXIS2_PLACEMENT_3D('',#3357,#2588,#2589);
#2272=AXIS2_PLACEMENT_3D('',#3358,#2590,#2591);
#2273=AXIS2_PLACEMENT_3D('',#3360,#2593,#2594);
#2274=AXIS2_PLACEMENT_3D('',#3366,#2598,#2599);
#2275=AXIS2_PLACEMENT_3D('',#3370,#2602,#2603);
#2276=AXIS2_PLACEMENT_3D('',#3374,#2606,#2607);
#2277=AXIS2_PLACEMENT_3D('',#3376,#2608,#2609);
#2278=AXIS2_PLACEMENT_3D('',#3393,#2611,#2612);
#2279=AXIS2_PLACEMENT_3D('',#3395,#2613,#2614);
#2280=AXIS2_PLACEMENT_3D('',#3397,#2616,#2617);
#2281=AXIS2_PLACEMENT_3D('',#3399,#2618,#2619);
#2282=AXIS2_PLACEMENT_3D('',#3401,#2621,#2622);
#2283=AXIS2_PLACEMENT_3D('',#3403,#2623,#2624);
#2284=AXIS2_PLACEMENT_3D('',#3405,#2626,#2627);
#2285=AXIS2_PLACEMENT_3D('',#3422,#2629,#2630);
#2286=AXIS2_PLACEMENT_3D('',#3423,#2631,#2632);
#2287=AXIS2_PLACEMENT_3D('',#3424,#2633,#2634);
#2288=AXIS2_PLACEMENT_3D('',#3430,#2638,#2639);
#2289=AXIS2_PLACEMENT_3D('',#3434,#2641,#2642);
#2290=AXIS2_PLACEMENT_3D('',#3438,#2644,#2645);
#2291=AXIS2_PLACEMENT_3D('',#3441,#2647,#2648);
#2292=AXIS2_PLACEMENT_3D('',#3442,#2649,#2650);
#2293=AXIS2_PLACEMENT_3D('',#3446,#2653,#2654);
#2294=AXIS2_PLACEMENT_3D('',#3449,#2655,#2656);
#2295=AXIS2_PLACEMENT_3D('',#3453,#2658,#2659);
#2296=AXIS2_PLACEMENT_3D('',#3455,#2661,#2662);
#2297=AXIS2_PLACEMENT_3D('',#3461,#2666,#2667);
#2298=AXIS2_PLACEMENT_3D('',#3468,#2671,#2672);
#2299=AXIS2_PLACEMENT_3D('',#3471,#2674,#2675);
#2300=AXIS2_PLACEMENT_3D('',#3474,#2676,#2677);
#2301=AXIS2_PLACEMENT_3D('',#3482,#2681,#2682);
#2302=AXIS2_PLACEMENT_3D('',#3490,#2686,#2687);
#2303=AXIS2_PLACEMENT_3D('',#3498,#2691,#2692);
#2304=AXIS2_PLACEMENT_3D('',#3507,#2697,#2698);
#2305=AXIS2_PLACEMENT_3D('',#3515,#2702,#2703);
#2306=AXIS2_PLACEMENT_3D('',#3523,#2707,#2708);
#2307=AXIS2_PLACEMENT_3D('',#3531,#2712,#2713);
#2308=AXIS2_PLACEMENT_3D('',#3537,#2716,#2717);
#2309=AXIS2_PLACEMENT_3D('',#3548,#2723,#2724);
#2310=AXIS2_PLACEMENT_3D('',#3556,#2728,#2729);
#2311=AXIS2_PLACEMENT_3D('',#3564,#2733,#2734);
#2312=AXIS2_PLACEMENT_3D('',#3568,#2737,#2738);
#2313=AXIS2_PLACEMENT_3D('',#3571,#2739,#2740);
#2314=AXIS2_PLACEMENT_3D('',#3574,#2743,#2744);
#2315=AXIS2_PLACEMENT_3D('',#3578,#2747,#2748);
#2316=AXIS2_PLACEMENT_3D('',#3587,#2753,#2754);
#2317=AXIS2_PLACEMENT_3D('',#3595,#2758,#2759);
#2318=AXIS2_PLACEMENT_3D('',#3604,#2765,#2766);
#2319=AXIS2_PLACEMENT_3D('',#3607,#2769,#2770);
#2320=AXIS2_PLACEMENT_3D('',#3609,#2772,#2773);
#2321=AXIS2_PLACEMENT_3D('',#3612,#2776,#2777);
#2322=AXIS2_PLACEMENT_3D('',#3614,#2779,#2780);
#2323=AXIS2_PLACEMENT_3D('',#3617,#2781,#2782);
#2324=AXIS2_PLACEMENT_3D('',#3620,#2785,#2786);
#2325=AXIS2_PLACEMENT_3D('',#3624,#2789,#2790);
#2326=AXIS2_PLACEMENT_3D('',#3627,#2791,#2792);
#2327=AXIS2_PLACEMENT_3D('',#3630,#2795,#2796);
#2328=AXIS2_PLACEMENT_3D('',#3634,#2799,#2800);
#2329=AXIS2_PLACEMENT_3D('',#3637,#2801,#2802);
#2330=AXIS2_PLACEMENT_3D('',#3640,#2805,#2806);
#2331=AXIS2_PLACEMENT_3D('',#3644,#2809,#2810);
#2332=AXIS2_PLACEMENT_3D('',#3647,#2811,#2812);
#2333=AXIS2_PLACEMENT_3D('',#3650,#2815,#2816);
#2334=AXIS2_PLACEMENT_3D('',#3654,#2819,#2820);
#2335=AXIS2_PLACEMENT_3D('',#3657,#2821,#2822);
#2336=AXIS2_PLACEMENT_3D('',#3660,#2825,#2826);
#2337=AXIS2_PLACEMENT_3D('',#3664,#2829,#2830);
#2338=AXIS2_PLACEMENT_3D('',#3678,#2838,#2839);
#2339=AXIS2_PLACEMENT_3D('',#3686,#2843,#2844);
#2340=AXIS2_PLACEMENT_3D('',#3694,#2848,#2849);
#2341=AXIS2_PLACEMENT_3D('',#3698,#2852,#2853);
#2342=AXIS2_PLACEMENT_3D('',#3701,#2856,#2857);
#2343=AXIS2_PLACEMENT_3D('',#3703,#2859,#2860);
#2344=AXIS2_PLACEMENT_3D('',#3706,#2863,#2864);
#2345=AXIS2_PLACEMENT_3D('',#3708,#2866,#2867);
#2346=AXIS2_PLACEMENT_3D('',#3711,#2870,#2871);
#2347=AXIS2_PLACEMENT_3D('',#3713,#2873,#2874);
#2348=AXIS2_PLACEMENT_3D('',#3715,#2875,#2876);
#2349=AXIS2_PLACEMENT_3D('',#3716,#2877,#2878);
#2350=AXIS2_PLACEMENT_3D('',#3721,#2879,#2880);
#2351=AXIS2_PLACEMENT_3D('',#3722,#2881,#2882);
#2352=AXIS2_PLACEMENT_3D('',#3724,#2884,#2885);
#2353=AXIS2_PLACEMENT_3D('',#3726,#2886,#2887);
#2354=AXIS2_PLACEMENT_3D('',#3728,#2888,#2889);
#2355=AXIS2_PLACEMENT_3D('',#3737,#2890,#2891);
#2356=AXIS2_PLACEMENT_3D('',#3739,#2893,#2894);
#2357=AXIS2_PLACEMENT_3D('',#3741,#2896,#2897);
#2358=AXIS2_PLACEMENT_3D('',#3746,#2898,#2899);
#2359=AXIS2_PLACEMENT_3D('',#3747,#2900,#2901);
#2360=AXIS2_PLACEMENT_3D('',#3749,#2903,#2904);
#2361=AXIS2_PLACEMENT_3D('',#3750,#2905,#2906);
#2362=AXIS2_PLACEMENT_3D('',#3754,#2909,#2910);
#2363=AXIS2_PLACEMENT_3D('',#3758,#2913,#2914);
#2364=AXIS2_PLACEMENT_3D('',#3760,#2916,#2917);
#2365=AXIS2_PLACEMENT_3D('',#3762,#2919,#2920);
#2366=AXIS2_PLACEMENT_3D('',#3763,#2921,#2922);
#2367=AXIS2_PLACEMENT_3D('',#3765,#2924,#2925);
#2368=AXIS2_PLACEMENT_3D('',#3766,#2926,#2927);
#2369=AXIS2_PLACEMENT_3D('',#3767,#2928,#2929);
#2370=AXIS2_PLACEMENT_3D('',#3769,#2931,#2932);
#2371=AXIS2_PLACEMENT_3D('',#3770,#2933,#2934);
#2372=AXIS2_PLACEMENT_3D('',#3772,#2936,#2937);
#2373=AXIS2_PLACEMENT_3D('',#3773,#2938,#2939);
#2374=AXIS2_PLACEMENT_3D('',#3775,#2941,#2942);
#2375=AXIS2_PLACEMENT_3D('',#3776,#2943,#2944);
#2376=AXIS2_PLACEMENT_3D('',#3780,#2947,#2948);
#2377=AXIS2_PLACEMENT_3D('',#3782,#2950,#2951);
#2378=AXIS2_PLACEMENT_3D('',#3786,#2954,#2955);
#2379=AXIS2_PLACEMENT_3D('',#3790,#2958,#2959);
#2380=AXIS2_PLACEMENT_3D('',#3792,#2961,#2962);
#2381=AXIS2_PLACEMENT_3D('',#3794,#2964,#2965);
#2382=AXIS2_PLACEMENT_3D('',#3798,#2968,#2969);
#2383=AXIS2_PLACEMENT_3D('',#3802,#2972,#2973);
#2384=AXIS2_PLACEMENT_3D('',#3804,#2974,#2975);
#2385=AXIS2_PLACEMENT_3D('',#3806,#2977,#2978);
#2386=AXIS2_PLACEMENT_3D('',#3807,#2979,#2980);
#2387=AXIS2_PLACEMENT_3D('',#3809,#2982,#2983);
#2388=AXIS2_PLACEMENT_3D('',#3810,#2984,#2985);
#2389=AXIS2_PLACEMENT_3D('',#3812,#2987,#2988);
#2390=AXIS2_PLACEMENT_3D('',#3813,#2989,#2990);
#2391=AXIS2_PLACEMENT_3D('',#3815,#2992,#2993);
#2392=AXIS2_PLACEMENT_3D('',#3817,#2995,#2996);
#2393=AXIS2_PLACEMENT_3D('',#3818,#2997,#2998);
#2394=AXIS2_PLACEMENT_3D('',#3820,#3000,#3001);
#2395=AXIS2_PLACEMENT_3D('',#3821,#3002,#3003);
#2396=AXIS2_PLACEMENT_3D('',#3822,#3004,#3005);
#2397=AXIS2_PLACEMENT_3D('',#3823,#3006,#3007);
#2398=DIRECTION('axis',(0.,0.,1.));
#2399=DIRECTION('refdir',(1.,0.,0.));
#2400=DIRECTION('center_axis',(0.,-1.,0.));
#2401=DIRECTION('ref_axis',(0.,0.,-1.));
#2402=DIRECTION('center_axis',(0.,1.,0.));
#2403=DIRECTION('ref_axis',(-0.707106781186548,0.,0.707106781186548));
#2404=DIRECTION('center_axis',(0.,-1.,0.));
#2405=DIRECTION('ref_axis',(-0.707106781186548,0.,0.707106781186548));
#2406=DIRECTION('center_axis',(1.,0.,0.));
#2407=DIRECTION('ref_axis',(0.,0.707106781186549,-0.707106781186546));
#2408=DIRECTION('',(1.,0.,0.));
#2409=DIRECTION('center_axis',(-0.707106781186548,0.,-0.707106781186548));
#2410=DIRECTION('ref_axis',(-0.707106781186548,0.,0.707106781186548));
#2411=DIRECTION('',(-1.,0.,0.));
#2412=DIRECTION('center_axis',(0.,0.,-1.));
#2413=DIRECTION('ref_axis',(0.707106781186546,0.707106781186549,0.));
#2414=DIRECTION('',(0.,0.,-1.));
#2415=DIRECTION('center_axis',(0.707106781186548,0.,0.707106781186548));
#2416=DIRECTION('ref_axis',(-0.707106781186548,0.,0.707106781186548));
#2417=DIRECTION('',(0.,0.,1.));
#2418=DIRECTION('center_axis',(1.,0.,0.));
#2419=DIRECTION('ref_axis',(0.,0.707106781186549,0.707106781186546));
#2420=DIRECTION('',(-1.,0.,0.));
#2421=DIRECTION('',(1.,0.,0.));
#2422=DIRECTION('center_axis',(-0.707106781186548,0.,0.707106781186548));
#2423=DIRECTION('ref_axis',(-0.707106781186548,0.,-0.707106781186548));
#2424=DIRECTION('center_axis',(0.,-1.,0.));
#2425=DIRECTION('ref_axis',(0.,0.,-1.));
#2426=DIRECTION('center_axis',(0.,1.,0.));
#2427=DIRECTION('ref_axis',(-0.707106781186548,0.,-0.707106781186548));
#2428=DIRECTION('center_axis',(0.,-1.,0.));
#2429=DIRECTION('ref_axis',(-0.707106781186548,0.,-0.707106781186548));
#2430=DIRECTION('center_axis',(0.,0.,1.));
#2431=DIRECTION('ref_axis',(0.707106781186546,0.707106781186549,0.));
#2432=DIRECTION('',(0.,0.,1.));
#2433=DIRECTION('center_axis',(0.707106781186548,0.,-0.707106781186548));
#2434=DIRECTION('ref_axis',(-0.707106781186548,0.,-0.707106781186548));
#2435=DIRECTION('',(0.,0.,-1.));
#2436=DIRECTION('center_axis',(-1.,0.,0.));
#2437=DIRECTION('ref_axis',(0.,0.707106781186549,-0.707106781186546));
#2438=DIRECTION('',(-1.,0.,0.));
#2439=DIRECTION('center_axis',(0.707106781186548,0.,-0.707106781186548));
#2440=DIRECTION('ref_axis',(0.707106781186548,0.,0.707106781186548));
#2441=DIRECTION('',(1.,0.,0.));
#2442=DIRECTION('center_axis',(0.,0.,1.));
#2443=DIRECTION('ref_axis',(-0.707106781186546,0.707106781186549,0.));
#2444=DIRECTION('',(0.,0.,-1.));
#2445=DIRECTION('',(0.,0.,1.));
#2446=DIRECTION('center_axis',(-0.707106781186548,0.,-0.707106781186548));
#2447=DIRECTION('ref_axis',(0.707106781186548,0.,-0.707106781186548));
#2448=DIRECTION('center_axis',(0.,-1.,0.));
#2449=DIRECTION('ref_axis',(0.,0.,-1.));
#2450=DIRECTION('center_axis',(0.,1.,0.));
#2451=DIRECTION('ref_axis',(0.707106781186548,0.,-0.707106781186548));
#2452=DIRECTION('center_axis',(0.,-1.,0.));
#2453=DIRECTION('ref_axis',(0.707106781186548,0.,-0.707106781186548));
#2454=DIRECTION('center_axis',(-1.,0.,0.));
#2455=DIRECTION('ref_axis',(0.,0.707106781186549,0.707106781186546));
#2456=DIRECTION('',(1.,0.,0.));
#2457=DIRECTION('',(-1.,0.,0.));
#2458=DIRECTION('center_axis',(0.707106781186548,0.,0.707106781186548));
#2459=DIRECTION('ref_axis',(0.707106781186548,0.,-0.707106781186548));
#2460=DIRECTION('center_axis',(0.,0.,-1.));
#2461=DIRECTION('ref_axis',(-0.707106781186546,0.707106781186549,0.));
#2462=DIRECTION('',(0.,0.,-1.));
#2463=DIRECTION('',(0.,0.,-1.));
#2464=DIRECTION('center_axis',(-1.,0.,0.));
#2465=DIRECTION('ref_axis',(0.,0.707106781186549,0.707106781186546));
#2466=DIRECTION('',(-1.,0.,0.));
#2467=DIRECTION('',(-1.,0.,0.));
#2468=DIRECTION('center_axis',(0.,-1.,0.));
#2469=DIRECTION('ref_axis',(0.,0.,-1.));
#2470=DIRECTION('center_axis',(0.,-1.,0.));
#2471=DIRECTION('ref_axis',(0.707106781186548,0.,0.707106781186548));
#2472=DIRECTION('center_axis',(0.,1.,0.));
#2473=DIRECTION('ref_axis',(0.707106781186548,0.,0.707106781186548));
#2474=DIRECTION('center_axis',(0.,0.,-1.));
#2475=DIRECTION('ref_axis',(-0.707106781186546,0.707106781186549,0.));
#2476=DIRECTION('',(0.,0.,1.));
#2477=DIRECTION('',(0.,0.,-1.));
#2478=DIRECTION('center_axis',(-0.707106781186548,0.,0.707106781186548));
#2479=DIRECTION('ref_axis',(0.707106781186548,0.,0.707106781186548));
#2480=DIRECTION('center_axis',(1.,0.,0.));
#2481=DIRECTION('ref_axis',(0.,0.707106781186549,-0.707106781186546));
#2482=DIRECTION('',(1.,0.,0.));
#2483=DIRECTION('',(1.,0.,0.));
#2484=DIRECTION('center_axis',(0.,0.,1.));
#2485=DIRECTION('ref_axis',(0.707106781186546,0.707106781186549,0.));
#2486=DIRECTION('',(0.,0.,1.));
#2487=DIRECTION('',(0.,0.,1.));
#2488=DIRECTION('center_axis',(0.,1.,0.));
#2489=DIRECTION('ref_axis',(-0.992156741649222,0.,0.125));
#2490=DIRECTION('',(0.,1.,0.));
#2491=DIRECTION('center_axis',(0.,1.,0.));
#2492=DIRECTION('ref_axis',(-0.992156741649222,0.,0.125));
#2493=DIRECTION('',(0.,1.,0.));
#2494=DIRECTION('center_axis',(0.,0.,-1.));
#2495=DIRECTION('ref_axis',(0.,1.,0.));
#2496=DIRECTION('center_axis',(0.,0.,1.));
#2497=DIRECTION('ref_axis',(0.707106781186548,-0.707106781186547,0.));
#2498=DIRECTION('center_axis',(0.,0.,1.));
#2499=DIRECTION('ref_axis',(0.,-1.,0.));
#2500=DIRECTION('',(0.,1.,0.));
#2501=DIRECTION('center_axis',(0.,0.,-1.));
#2502=DIRECTION('ref_axis',(0.707106781186548,-0.707106781186547,0.));
#2503=DIRECTION('center_axis',(0.,1.,0.));
#2504=DIRECTION('ref_axis',(-0.125,0.,-0.992156741649222));
#2505=DIRECTION('',(0.,1.,0.));
#2506=DIRECTION('center_axis',(0.,1.,0.));
#2507=DIRECTION('ref_axis',(-0.125,0.,-0.992156741649222));
#2508=DIRECTION('center_axis',(1.,0.,0.));
#2509=DIRECTION('ref_axis',(0.,1.,0.));
#2510=DIRECTION('center_axis',(-1.,0.,0.));
#2511=DIRECTION('ref_axis',(0.,-0.707106781186549,0.707106781186546));
#2512=DIRECTION('center_axis',(-1.,0.,0.));
#2513=DIRECTION('ref_axis',(0.,-1.,0.));
#2514=DIRECTION('',(0.,1.,0.));
#2515=DIRECTION('center_axis',(1.,0.,0.));
#2516=DIRECTION('ref_axis',(0.,-0.707106781186549,0.707106781186546));
#2517=DIRECTION('center_axis',(0.,1.,0.));
#2518=DIRECTION('ref_axis',(-1.,0.,0.));
#2519=DIRECTION('',(1.,0.,0.));
#2520=DIRECTION('',(0.,0.,1.));
#2521=DIRECTION('',(-1.,0.,0.));
#2522=DIRECTION('',(0.,0.,-1.));
#2523=DIRECTION('',(-1.,0.,0.));
#2524=DIRECTION('center_axis',(0.,1.,0.));
#2525=DIRECTION('ref_axis',(0.,0.,-1.));
#2526=DIRECTION('',(-1.,0.,0.));
#2527=DIRECTION('',(0.,0.,-1.));
#2528=DIRECTION('',(1.,0.,0.));
#2529=DIRECTION('',(0.,0.,1.));
#2530=DIRECTION('',(-1.,0.,0.));
#2531=DIRECTION('',(0.,0.,-1.));
#2532=DIRECTION('',(1.,0.,0.));
#2533=DIRECTION('center_axis',(0.,1.,0.));
#2534=DIRECTION('ref_axis',(0.,0.,1.));
#2535=DIRECTION('',(1.,0.,0.));
#2536=DIRECTION('',(0.,0.,1.));
#2537=DIRECTION('center_axis',(-1.,0.,0.));
#2538=DIRECTION('ref_axis',(0.,0.707106781186546,-0.707106781186549));
#2539=DIRECTION('center_axis',(-0.707106781186549,0.,0.707106781186546));
#2540=DIRECTION('ref_axis',(0.707106781186546,0.,0.707106781186549));
#2541=DIRECTION('',(-1.,0.,0.));
#2542=DIRECTION('center_axis',(-0.707106781186548,-5.88784672006416E-16,
-0.707106781186547));
#2543=DIRECTION('ref_axis',(-0.707106781186547,-5.88784672006415E-16,0.707106781186548));
#2544=DIRECTION('center_axis',(0.,0.,1.));
#2545=DIRECTION('ref_axis',(-0.707106781186546,0.707106781186549,0.));
#2546=DIRECTION('center_axis',(0.707106781186549,0.,0.707106781186546));
#2547=DIRECTION('ref_axis',(0.707106781186546,0.,-0.707106781186549));
#2548=DIRECTION('',(0.,0.,1.));
#2549=DIRECTION('center_axis',(1.,0.,0.));
#2550=DIRECTION('ref_axis',(0.,0.707106781186546,0.707106781186549));
#2551=DIRECTION('center_axis',(0.707106781186548,0.,-0.707106781186547));
#2552=DIRECTION('ref_axis',(-0.707106781186547,0.,-0.707106781186548));
#2553=DIRECTION('',(1.,0.,0.));
#2554=DIRECTION('center_axis',(0.,0.,-1.));
#2555=DIRECTION('ref_axis',(0.707106781186547,0.707106781186548,0.));
#2556=DIRECTION('',(0.,0.,-1.));
#2557=DIRECTION('center_axis',(1.,0.,0.));
#2558=DIRECTION('ref_axis',(0.,0.,-1.));
#2559=DIRECTION('',(0.,1.,0.));
#2560=DIRECTION('',(0.,0.,1.));
#2561=DIRECTION('',(0.,1.,0.));
#2562=DIRECTION('center_axis',(0.,0.,-1.));
#2563=DIRECTION('ref_axis',(-1.,0.,0.));
#2564=DIRECTION('',(0.,1.,0.));
#2565=DIRECTION('',(1.,0.,0.));
#2566=DIRECTION('center_axis',(1.,0.,0.));
#2567=DIRECTION('ref_axis',(0.,0.707106781186549,0.707106781186546));
#2568=DIRECTION('center_axis',(0.707106781186546,0.,-0.707106781186549));
#2569=DIRECTION('ref_axis',(-0.707106781186549,0.,-0.707106781186546));
#2570=DIRECTION('',(1.,0.,0.));
#2571=DIRECTION('center_axis',(0.707106781186546,-7.85046229341886E-16,
0.707106781186549));
#2572=DIRECTION('ref_axis',(0.707106781186549,-7.85046229341889E-16,-0.707106781186546));
#2573=DIRECTION('center_axis',(0.,0.,-1.));
#2574=DIRECTION('ref_axis',(0.707106781186549,0.707106781186546,0.));
#2575=DIRECTION('center_axis',(-0.707106781186548,0.,-0.707106781186548));
#2576=DIRECTION('ref_axis',(-0.707106781186548,0.,0.707106781186548));
#2577=DIRECTION('',(0.,0.,-1.));
#2578=DIRECTION('center_axis',(-1.,0.,0.));
#2579=DIRECTION('ref_axis',(0.,0.707106781186548,-0.707106781186548));
#2580=DIRECTION('',(-1.,0.,0.));
#2581=DIRECTION('center_axis',(0.,-1.,0.));
#2582=DIRECTION('ref_axis',(0.,0.,1.));
#2583=DIRECTION('center_axis',(0.,-1.,0.));
#2584=DIRECTION('ref_axis',(0.,0.,1.));
#2585=DIRECTION('center_axis',(-1.,0.,0.));
#2586=DIRECTION('ref_axis',(0.,0.707106781186548,-0.707106781186548));
#2587=DIRECTION('',(-1.,0.,0.));
#2588=DIRECTION('center_axis',(-0.707106781186548,0.,0.707106781186547));
#2589=DIRECTION('ref_axis',(0.707106781186547,0.,0.707106781186548));
#2590=DIRECTION('center_axis',(0.,0.,1.));
#2591=DIRECTION('ref_axis',(-0.707106781186547,0.707106781186548,0.));
#2592=DIRECTION('',(0.,0.,1.));
#2593=DIRECTION('center_axis',(0.,0.,-1.));
#2594=DIRECTION('ref_axis',(-1.,0.,0.));
#2595=DIRECTION('',(0.,1.,0.));
#2596=DIRECTION('',(1.,0.,0.));
#2597=DIRECTION('',(0.,1.,0.));
#2598=DIRECTION('center_axis',(-1.,0.,0.));
#2599=DIRECTION('ref_axis',(0.,0.,1.));
#2600=DIRECTION('',(0.,1.,0.));
#2601=DIRECTION('',(0.,0.,-1.));
#2602=DIRECTION('center_axis',(0.,0.,1.));
#2603=DIRECTION('ref_axis',(1.,0.,0.));
#2604=DIRECTION('',(0.,1.,0.));
#2605=DIRECTION('',(-1.,0.,0.));
#2606=DIRECTION('center_axis',(1.,0.,0.));
#2607=DIRECTION('ref_axis',(0.,0.707106781186548,0.707106781186548));
#2608=DIRECTION('center_axis',(0.707106781186548,0.,-0.707106781186548));
#2609=DIRECTION('ref_axis',(-0.707106781186548,0.,-0.707106781186548));
#2610=DIRECTION('',(1.,0.,0.));
#2611=DIRECTION('center_axis',(0.,0.,-1.));
#2612=DIRECTION('ref_axis',(0.707106781186549,0.707106781186546,0.));
#2613=DIRECTION('center_axis',(-0.707106781186546,0.,-0.707106781186549));
#2614=DIRECTION('ref_axis',(-0.707106781186549,0.,0.707106781186546));
#2615=DIRECTION('',(0.,0.,-1.));
#2616=DIRECTION('center_axis',(-1.,0.,0.));
#2617=DIRECTION('ref_axis',(0.,0.707106781186549,-0.707106781186546));
#2618=DIRECTION('center_axis',(-0.707106781186546,0.,0.707106781186549));
#2619=DIRECTION('ref_axis',(0.707106781186549,0.,0.707106781186546));
#2620=DIRECTION('',(-1.,0.,0.));
#2621=DIRECTION('center_axis',(0.,0.,1.));
#2622=DIRECTION('ref_axis',(-0.707106781186547,0.707106781186548,0.));
#2623=DIRECTION('center_axis',(0.707106781186548,0.,0.707106781186547));
#2624=DIRECTION('ref_axis',(0.707106781186547,0.,-0.707106781186548));
#2625=DIRECTION('',(0.,0.,1.));
#2626=DIRECTION('center_axis',(1.,0.,0.));
#2627=DIRECTION('ref_axis',(0.,0.707106781186548,0.707106781186548));
#2628=DIRECTION('',(1.,0.,0.));
#2629=DIRECTION('center_axis',(0.,-1.,0.));
#2630=DIRECTION('ref_axis',(0.,0.,-1.));
#2631=DIRECTION('center_axis',(0.,-1.,0.));
#2632=DIRECTION('ref_axis',(0.,0.,-1.));
#2633=DIRECTION('center_axis',(0.,0.,1.));
#2634=DIRECTION('ref_axis',(1.,0.,0.));
#2635=DIRECTION('',(0.,1.,0.));
#2636=DIRECTION('',(-1.,0.,0.));
#2637=DIRECTION('',(0.,1.,0.));
#2638=DIRECTION('center_axis',(0.,1.,0.));
#2639=DIRECTION('ref_axis',(-1.,0.,0.));
#2640=DIRECTION('',(0.,1.,0.));
#2641=DIRECTION('center_axis',(0.,-1.,0.));
#2642=DIRECTION('ref_axis',(-1.,0.,0.));
#2643=DIRECTION('',(0.,1.,0.));
#2644=DIRECTION('center_axis',(0.,-1.,0.));
#2645=DIRECTION('ref_axis',(-1.,0.,0.));
#2646=DIRECTION('',(0.,1.,0.));
#2647=DIRECTION('center_axis',(0.,-1.,0.));
#2648=DIRECTION('ref_axis',(-1.,0.,0.));
#2649=DIRECTION('center_axis',(0.,0.,1.));
#2650=DIRECTION('ref_axis',(1.,0.,0.));
#2651=DIRECTION('',(0.,1.,0.));
#2652=DIRECTION('',(-1.,0.,0.));
#2653=DIRECTION('center_axis',(0.,1.,0.));
#2654=DIRECTION('ref_axis',(0.707106781186547,0.,0.707106781186548));
#2655=DIRECTION('center_axis',(0.,-1.,0.));
#2656=DIRECTION('ref_axis',(0.707106781186547,0.,0.707106781186548));
#2657=DIRECTION('',(0.,-1.,0.));
#2658=DIRECTION('center_axis',(0.,1.,0.));
#2659=DIRECTION('ref_axis',(0.707106781186547,0.,0.707106781186548));
#2660=DIRECTION('',(0.,1.,0.));
#2661=DIRECTION('center_axis',(1.,0.,0.));
#2662=DIRECTION('ref_axis',(0.,0.,-1.));
#2663=DIRECTION('',(0.,0.,-1.));
#2664=DIRECTION('',(0.,1.,0.));
#2665=DIRECTION('',(0.,0.,-1.));
#2666=DIRECTION('center_axis',(0.,1.,0.));
#2667=DIRECTION('ref_axis',(-1.,0.,0.));
#2668=DIRECTION('',(-1.,0.,0.));
#2669=DIRECTION('',(0.,0.,-1.));
#2670=DIRECTION('',(1.,0.,0.));
#2671=DIRECTION('center_axis',(0.,1.,0.));
#2672=DIRECTION('ref_axis',(0.992156741649222,0.,-0.125));
#2673=DIRECTION('',(0.,0.,1.));
#2674=DIRECTION('center_axis',(0.,1.,0.));
#2675=DIRECTION('ref_axis',(0.125,0.,0.992156741649222));
#2676=DIRECTION('center_axis',(0.,1.,0.));
#2677=DIRECTION('ref_axis',(0.707106781186548,0.,0.707106781186548));
#2678=DIRECTION('',(1.,0.,0.));
#2679=DIRECTION('',(0.,0.,-1.));
#2680=DIRECTION('',(-1.,0.,0.));
#2681=DIRECTION('center_axis',(0.,1.,0.));
#2682=DIRECTION('ref_axis',(0.707106781186549,0.,-0.707106781186546));
#2683=DIRECTION('',(0.,0.,-1.));
#2684=DIRECTION('',(-1.,0.,0.));
#2685=DIRECTION('',(0.,0.,1.));
#2686=DIRECTION('center_axis',(0.,1.,0.));
#2687=DIRECTION('ref_axis',(-0.707106781186549,0.,-0.707106781186546));
#2688=DIRECTION('',(-1.,0.,0.));
#2689=DIRECTION('',(0.,0.,1.));
#2690=DIRECTION('',(1.,0.,0.));
#2691=DIRECTION('center_axis',(0.,1.,0.));
#2692=DIRECTION('ref_axis',(-0.707106781186547,0.,0.707106781186548));
#2693=DIRECTION('',(0.,0.,1.));
#2694=DIRECTION('',(1.,0.,0.));
#2695=DIRECTION('',(1.,0.,0.));
#2696=DIRECTION('',(0.,0.,-1.));
#2697=DIRECTION('center_axis',(0.,1.,0.));
#2698=DIRECTION('ref_axis',(-0.707106781186547,0.,-0.707106781186548));
#2699=DIRECTION('',(-1.,0.,0.));
#2700=DIRECTION('',(0.,0.,1.));
#2701=DIRECTION('',(1.,0.,0.));
#2702=DIRECTION('center_axis',(0.,1.,0.));
#2703=DIRECTION('ref_axis',(-0.707106781186546,0.,0.707106781186549));
#2704=DIRECTION('',(0.,0.,1.));
#2705=DIRECTION('',(1.,0.,0.));
#2706=DIRECTION('',(0.,0.,-1.));
#2707=DIRECTION('center_axis',(0.,1.,0.));
#2708=DIRECTION('ref_axis',(0.707106781186549,0.,0.707106781186546));
#2709=DIRECTION('',(1.,0.,0.));
#2710=DIRECTION('',(0.,0.,-1.));
#2711=DIRECTION('',(-1.,0.,0.));
#2712=DIRECTION('center_axis',(0.,1.,0.));
#2713=DIRECTION('ref_axis',(0.707106781186548,0.,-0.707106781186548));
#2714=DIRECTION('',(0.,0.,-1.));
#2715=DIRECTION('',(-1.,0.,0.));
#2716=DIRECTION('center_axis',(0.,-1.,0.));
#2717=DIRECTION('ref_axis',(-1.,0.,0.));
#2718=DIRECTION('',(-1.,0.,0.));
#2719=DIRECTION('',(0.,0.,1.));
#2720=DIRECTION('',(1.,0.,0.));
#2721=DIRECTION('',(0.,0.,-1.));
#2722=DIRECTION('',(-1.,0.,0.));
#2723=DIRECTION('center_axis',(0.,1.,0.));
#2724=DIRECTION('ref_axis',(0.707106781186547,0.,-0.707106781186548));
#2725=DIRECTION('',(0.,0.,-1.));
#2726=DIRECTION('',(-1.,0.,0.));
#2727=DIRECTION('',(0.,0.,1.));
#2728=DIRECTION('center_axis',(0.,1.,0.));
#2729=DIRECTION('ref_axis',(-0.707106781186548,0.,-0.707106781186548));
#2730=DIRECTION('',(-1.,0.,0.));
#2731=DIRECTION('',(0.,0.,1.));
#2732=DIRECTION('',(1.,0.,0.));
#2733=DIRECTION('center_axis',(0.,1.,0.));
#2734=DIRECTION('ref_axis',(-0.707106781186548,0.,0.707106781186548));
#2735=DIRECTION('',(0.,0.,1.));
#2736=DIRECTION('',(1.,0.,0.));
#2737=DIRECTION('center_axis',(0.,1.,0.));
#2738=DIRECTION('ref_axis',(0.707106781186547,0.,-0.707106781186548));
#2739=DIRECTION('center_axis',(0.,-1.,0.));
#2740=DIRECTION('ref_axis',(0.707106781186547,0.,-0.707106781186548));
#2741=DIRECTION('',(0.,-1.,0.));
#2742=DIRECTION('',(0.,1.,0.));
#2743=DIRECTION('center_axis',(1.,0.,0.));
#2744=DIRECTION('ref_axis',(0.,0.,-1.));
#2745=DIRECTION('',(0.,0.,-1.));
#2746=DIRECTION('',(0.,1.,0.));
#2747=DIRECTION('center_axis',(0.,1.,0.));
#2748=DIRECTION('ref_axis',(-1.,0.,0.));
#2749=DIRECTION('',(0.,0.,-1.));
#2750=DIRECTION('',(-1.,0.,0.));
#2751=DIRECTION('',(1.,0.,0.));
#2752=DIRECTION('',(0.,0.,1.));
#2753=DIRECTION('center_axis',(0.,-1.,0.));
#2754=DIRECTION('ref_axis',(-0.707106781186548,0.,0.707106781186548));
#2755=DIRECTION('',(1.,0.,0.));
#2756=DIRECTION('',(0.,0.,1.));
#2757=DIRECTION('',(-1.,0.,0.));
#2758=DIRECTION('center_axis',(0.,-1.,0.));
#2759=DIRECTION('ref_axis',(-0.707106781186548,0.,-0.707106781186548));
#2760=DIRECTION('',(0.,0.,1.));
#2761=DIRECTION('',(-1.,0.,0.));
#2762=DIRECTION('',(-1.,0.,0.));
#2763=DIRECTION('',(0.,0.,-1.));
#2764=DIRECTION('',(1.,0.,0.));
#2765=DIRECTION('center_axis',(0.,1.,0.));
#2766=DIRECTION('ref_axis',(-0.707106781186548,0.,0.707106781186548));
#2767=DIRECTION('',(0.,-1.,0.));
#2768=DIRECTION('',(0.,1.,0.));
#2769=DIRECTION('center_axis',(0.,0.,1.));
#2770=DIRECTION('ref_axis',(1.,0.,0.));
#2771=DIRECTION('',(0.,1.,0.));
#2772=DIRECTION('center_axis',(0.,1.,0.));
#2773=DIRECTION('ref_axis',(-0.707106781186548,0.,-0.707106781186548));
#2774=DIRECTION('',(0.,-1.,0.));
#2775=DIRECTION('',(0.,1.,0.));
#2776=DIRECTION('center_axis',(0.,0.,-1.));
#2777=DIRECTION('ref_axis',(-1.,0.,0.));
#2778=DIRECTION('',(0.,1.,0.));
#2779=DIRECTION('center_axis',(0.,1.,0.));
#2780=DIRECTION('ref_axis',(-0.707106781186547,0.,-0.707106781186548));
#2781=DIRECTION('center_axis',(0.,-1.,0.));
#2782=DIRECTION('ref_axis',(-0.707106781186547,0.,-0.707106781186548));
#2783=DIRECTION('',(0.,-1.,0.));
#2784=DIRECTION('',(0.,1.,0.));
#2785=DIRECTION('center_axis',(-1.,0.,0.));
#2786=DIRECTION('ref_axis',(0.,0.,1.));
#2787=DIRECTION('',(0.,1.,0.));
#2788=DIRECTION('',(0.,0.,1.));
#2789=DIRECTION('center_axis',(0.,1.,0.));
#2790=DIRECTION('ref_axis',(-0.707106781186546,0.,0.707106781186549));
#2791=DIRECTION('center_axis',(0.,-1.,0.));
#2792=DIRECTION('ref_axis',(-0.707106781186546,0.,0.707106781186549));
#2793=DIRECTION('',(0.,-1.,0.));
#2794=DIRECTION('',(0.,1.,0.));
#2795=DIRECTION('center_axis',(0.,0.,1.));
#2796=DIRECTION('ref_axis',(1.,0.,0.));
#2797=DIRECTION('',(0.,1.,0.));
#2798=DIRECTION('',(1.,0.,0.));
#2799=DIRECTION('center_axis',(0.,1.,0.));
#2800=DIRECTION('ref_axis',(0.707106781186548,0.,-0.707106781186548));
#2801=DIRECTION('center_axis',(0.,-1.,0.));
#2802=DIRECTION('ref_axis',(0.707106781186548,0.,-0.707106781186548));
#2803=DIRECTION('',(0.,-1.,0.));
#2804=DIRECTION('',(0.,1.,0.));
#2805=DIRECTION('center_axis',(0.,0.,-1.));
#2806=DIRECTION('ref_axis',(-1.,0.,0.));
#2807=DIRECTION('',(0.,1.,0.));
#2808=DIRECTION('',(-1.,0.,0.));
#2809=DIRECTION('center_axis',(0.,1.,0.));
#2810=DIRECTION('ref_axis',(0.707106781186549,0.,0.707106781186546));
#2811=DIRECTION('center_axis',(0.,-1.,0.));
#2812=DIRECTION('ref_axis',(0.707106781186549,0.,0.707106781186546));
#2813=DIRECTION('',(0.,-1.,0.));
#2814=DIRECTION('',(0.,1.,0.));
#2815=DIRECTION('center_axis',(0.,0.,1.));
#2816=DIRECTION('ref_axis',(1.,0.,0.));
#2817=DIRECTION('',(1.,0.,0.));
#2818=DIRECTION('',(0.,1.,0.));
#2819=DIRECTION('center_axis',(0.,1.,0.));
#2820=DIRECTION('ref_axis',(0.707106781186548,0.,0.707106781186548));
#2821=DIRECTION('center_axis',(0.,-1.,0.));
#2822=DIRECTION('ref_axis',(0.707106781186548,0.,0.707106781186548));
#2823=DIRECTION('',(0.,-1.,0.));
#2824=DIRECTION('',(0.,1.,0.));
#2825=DIRECTION('center_axis',(0.,0.,1.));
#2826=DIRECTION('ref_axis',(1.,0.,0.));
#2827=DIRECTION('',(1.,0.,0.));
#2828=DIRECTION('',(0.,1.,0.));
#2829=DIRECTION('center_axis',(0.,1.,0.));
#2830=DIRECTION('ref_axis',(-1.,0.,0.));
#2831=DIRECTION('',(0.,0.,-1.));
#2832=DIRECTION('',(1.,0.,0.));
#2833=DIRECTION('',(0.,0.,1.));
#2834=DIRECTION('',(1.,0.,0.));
#2835=DIRECTION('',(0.,0.,-1.));
#2836=DIRECTION('',(1.,0.,0.));
#2837=DIRECTION('',(0.,0.,1.));
#2838=DIRECTION('center_axis',(0.,-1.,0.));
#2839=DIRECTION('ref_axis',(-0.707106781186547,0.,0.707106781186548));
#2840=DIRECTION('',(1.,0.,0.));
#2841=DIRECTION('',(0.,0.,1.));
#2842=DIRECTION('',(-1.,0.,0.));
#2843=DIRECTION('center_axis',(0.,-1.,0.));
#2844=DIRECTION('ref_axis',(-0.707106781186549,0.,-0.707106781186546));
#2845=DIRECTION('',(0.,0.,1.));
#2846=DIRECTION('',(-1.,0.,0.));
#2847=DIRECTION('',(0.,0.,-1.));
#2848=DIRECTION('center_axis',(0.,-1.,0.));
#2849=DIRECTION('ref_axis',(0.707106781186549,0.,-0.707106781186546));
#2850=DIRECTION('',(-1.,0.,0.));
#2851=DIRECTION('',(0.,0.,-1.));
#2852=DIRECTION('center_axis',(0.,1.,0.));
#2853=DIRECTION('ref_axis',(-0.707106781186547,0.,0.707106781186548));
#2854=DIRECTION('',(0.,-1.,0.));
#2855=DIRECTION('',(0.,1.,0.));
#2856=DIRECTION('center_axis',(-1.,0.,0.));
#2857=DIRECTION('ref_axis',(0.,0.,1.));
#2858=DIRECTION('',(0.,1.,0.));
#2859=DIRECTION('center_axis',(0.,1.,0.));
#2860=DIRECTION('ref_axis',(0.707106781186549,0.,-0.707106781186546));
#2861=DIRECTION('',(0.,-1.,0.));
#2862=DIRECTION('',(0.,1.,0.));
#2863=DIRECTION('center_axis',(1.,0.,0.));
#2864=DIRECTION('ref_axis',(0.,0.,-1.));
#2865=DIRECTION('',(0.,1.,0.));
#2866=DIRECTION('center_axis',(0.,1.,0.));
#2867=DIRECTION('ref_axis',(-0.707106781186549,0.,-0.707106781186546));
#2868=DIRECTION('',(0.,-1.,0.));
#2869=DIRECTION('',(0.,1.,0.));
#2870=DIRECTION('center_axis',(0.,0.,-1.));
#2871=DIRECTION('ref_axis',(-1.,0.,0.));
#2872=DIRECTION('',(0.,1.,0.));
#2873=DIRECTION('center_axis',(-1.,0.,0.));
#2874=DIRECTION('ref_axis',(0.,-0.707106781186549,-0.707106781186546));
#2875=DIRECTION('center_axis',(1.,0.,0.));
#2876=DIRECTION('ref_axis',(0.,-0.707106781186549,-0.707106781186546));
#2877=DIRECTION('center_axis',(-1.,0.,0.));
#2878=DIRECTION('ref_axis',(0.,-0.707106781186549,-0.707106781186546));
#2879=DIRECTION('center_axis',(1.,0.,0.));
#2880=DIRECTION('ref_axis',(0.,-1.,0.));
#2881=DIRECTION('center_axis',(-1.,0.,0.));
#2882=DIRECTION('ref_axis',(0.,1.,0.));
#2883=DIRECTION('',(0.,1.,0.));
#2884=DIRECTION('center_axis',(0.,0.,1.));
#2885=DIRECTION('ref_axis',(-0.707106781186548,-0.707106781186547,0.));
#2886=DIRECTION('center_axis',(0.,0.,-1.));
#2887=DIRECTION('ref_axis',(-0.707106781186548,-0.707106781186547,0.));
#2888=DIRECTION('center_axis',(0.,0.,1.));
#2889=DIRECTION('ref_axis',(-0.707106781186548,-0.707106781186547,0.));
#2890=DIRECTION('center_axis',(0.,0.,-1.));
#2891=DIRECTION('ref_axis',(0.,-1.,0.));
#2892=DIRECTION('',(0.,1.,0.));
#2893=DIRECTION('center_axis',(0.,0.,1.));
#2894=DIRECTION('ref_axis',(0.,1.,0.));
#2895=DIRECTION('',(0.,1.,0.));
#2896=DIRECTION('center_axis',(1.,0.,0.));
#2897=DIRECTION('ref_axis',(0.,-0.707106781186549,0.707106781186546));
#2898=DIRECTION('center_axis',(0.,0.,-1.));
#2899=DIRECTION('ref_axis',(0.707106781186548,-0.707106781186547,0.));
#2900=DIRECTION('center_axis',(-1.,0.,0.));
#2901=DIRECTION('ref_axis',(0.,0.,1.));
#2902=DIRECTION('',(0.,1.,0.));
#2903=DIRECTION('center_axis',(0.,0.,1.));
#2904=DIRECTION('ref_axis',(1.,0.,0.));
#2905=DIRECTION('center_axis',(1.,0.,0.));
#2906=DIRECTION('ref_axis',(0.,0.,-1.));
#2907=DIRECTION('',(0.,1.,0.));
#2908=DIRECTION('',(0.,0.,1.));
#2909=DIRECTION('center_axis',(0.,0.,-1.));
#2910=DIRECTION('ref_axis',(-1.,0.,0.));
#2911=DIRECTION('',(0.,1.,0.));
#2912=DIRECTION('',(1.,0.,0.));
#2913=DIRECTION('center_axis',(1.,0.,0.));
#2914=DIRECTION('ref_axis',(0.,0.,-1.));
#2915=DIRECTION('',(0.,1.,0.));
#2916=DIRECTION('center_axis',(0.,0.,-1.));
#2917=DIRECTION('ref_axis',(-1.,0.,0.));
#2918=DIRECTION('',(0.,1.,0.));
#2919=DIRECTION('center_axis',(-1.,0.,0.));
#2920=DIRECTION('ref_axis',(0.,0.,1.));
#2921=DIRECTION('center_axis',(-1.,0.,0.));
#2922=DIRECTION('ref_axis',(0.,0.,1.));
#2923=DIRECTION('',(0.,1.,0.));
#2924=DIRECTION('center_axis',(0.,0.,1.));
#2925=DIRECTION('ref_axis',(1.,0.,0.));
#2926=DIRECTION('center_axis',(0.,0.,1.));
#2927=DIRECTION('ref_axis',(1.,0.,0.));
#2928=DIRECTION('center_axis',(0.,0.,1.));
#2929=DIRECTION('ref_axis',(1.,0.,0.));
#2930=DIRECTION('',(0.,1.,0.));
#2931=DIRECTION('center_axis',(1.,0.,0.));
#2932=DIRECTION('ref_axis',(0.,0.,-1.));
#2933=DIRECTION('center_axis',(1.,0.,0.));
#2934=DIRECTION('ref_axis',(0.,0.,-1.));
#2935=DIRECTION('',(0.,1.,0.));
#2936=DIRECTION('center_axis',(0.,0.,-1.));
#2937=DIRECTION('ref_axis',(-1.,0.,0.));
#2938=DIRECTION('center_axis',(0.,0.,-1.));
#2939=DIRECTION('ref_axis',(-1.,0.,0.));
#2940=DIRECTION('',(0.,1.,0.));
#2941=DIRECTION('center_axis',(-1.,0.,0.));
#2942=DIRECTION('ref_axis',(0.,0.,1.));
#2943=DIRECTION('center_axis',(0.,0.,-1.));
#2944=DIRECTION('ref_axis',(-1.,0.,0.));
#2945=DIRECTION('',(-1.,0.,0.));
#2946=DIRECTION('',(0.,1.,0.));
#2947=DIRECTION('center_axis',(-1.,0.,0.));
#2948=DIRECTION('ref_axis',(0.,0.,1.));
#2949=DIRECTION('',(0.,0.,1.));
#2950=DIRECTION('center_axis',(-1.,0.,0.));
#2951=DIRECTION('ref_axis',(0.,0.,1.));
#2952=DIRECTION('',(0.,0.,1.));
#2953=DIRECTION('',(0.,1.,0.));
#2954=DIRECTION('center_axis',(0.,0.,1.));
#2955=DIRECTION('ref_axis',(1.,0.,0.));
#2956=DIRECTION('',(1.,0.,0.));
#2957=DIRECTION('',(0.,1.,0.));
#2958=DIRECTION('center_axis',(1.,0.,0.));
#2959=DIRECTION('ref_axis',(0.,0.,-1.));
#2960=DIRECTION('',(0.,0.,-1.));
#2961=DIRECTION('center_axis',(1.,0.,0.));
#2962=DIRECTION('ref_axis',(0.,0.,-1.));
#2963=DIRECTION('',(0.,0.,-1.));
#2964=DIRECTION('center_axis',(1.,0.,0.));
#2965=DIRECTION('ref_axis',(0.,0.,-1.));
#2966=DIRECTION('',(0.,0.,-1.));
#2967=DIRECTION('',(0.,1.,0.));
#2968=DIRECTION('center_axis',(0.,0.,-1.));
#2969=DIRECTION('ref_axis',(-1.,0.,0.));
#2970=DIRECTION('',(-1.,0.,0.));
#2971=DIRECTION('',(0.,1.,0.));
#2972=DIRECTION('center_axis',(0.,1.,0.));
#2973=DIRECTION('ref_axis',(-1.,0.,0.));
#2974=DIRECTION('center_axis',(0.,-1.,0.));
#2975=DIRECTION('ref_axis',(-1.,0.,0.));
#2976=DIRECTION('',(0.,1.,0.));
#2977=DIRECTION('center_axis',(0.,-1.,0.));
#2978=DIRECTION('ref_axis',(-1.,0.,0.));
#2979=DIRECTION('center_axis',(0.,0.,-1.));
#2980=DIRECTION('ref_axis',(-1.,0.,0.));
#2981=DIRECTION('',(-1.,0.,0.));
#2982=DIRECTION('center_axis',(-1.,0.,0.));
#2983=DIRECTION('ref_axis',(0.,0.,1.));
#2984=DIRECTION('center_axis',(-1.,0.,0.));
#2985=DIRECTION('ref_axis',(0.,0.,1.));
#2986=DIRECTION('',(0.,1.,0.));
#2987=DIRECTION('center_axis',(0.,0.,1.));
#2988=DIRECTION('ref_axis',(1.,0.,0.));
#2989=DIRECTION('center_axis',(0.,0.,1.));
#2990=DIRECTION('ref_axis',(1.,0.,0.));
#2991=DIRECTION('',(0.,1.,0.));
#2992=DIRECTION('center_axis',(1.,0.,0.));
#2993=DIRECTION('ref_axis',(0.,0.,-1.));
#2994=DIRECTION('',(0.,1.,0.));
#2995=DIRECTION('center_axis',(0.,0.,-1.));
#2996=DIRECTION('ref_axis',(-1.,0.,0.));
#2997=DIRECTION('center_axis',(0.,0.,-1.));
#2998=DIRECTION('ref_axis',(-1.,0.,0.));
#2999=DIRECTION('',(0.,1.,0.));
#3000=DIRECTION('center_axis',(-1.,0.,0.));
#3001=DIRECTION('ref_axis',(0.,0.,1.));
#3002=DIRECTION('center_axis',(0.,1.,0.));
#3003=DIRECTION('ref_axis',(0.992156741649222,0.,-0.125));
#3004=DIRECTION('center_axis',(0.,1.,0.));
#3005=DIRECTION('ref_axis',(0.125,0.,0.992156741649222));
#3006=DIRECTION('center_axis',(0.,1.,0.));
#3007=DIRECTION('ref_axis',(-1.,0.,0.));
#3008=CARTESIAN_POINT('',(0.,0.,0.));
#3009=CARTESIAN_POINT('Origin',(55.,6.,-55.));
#3010=CARTESIAN_POINT('',(46.0627460668062,7.,-53.9391078595764));
#3011=CARTESIAN_POINT('',(53.9391078595764,7.,-46.0627460668062));
#3012=CARTESIAN_POINT('Origin',(55.,7.,-55.));
#3013=CARTESIAN_POINT('',(54.,6.,-47.0627460668062));
#3014=CARTESIAN_POINT('Ctrl Pts',(53.9391078595764,7.,-46.0627460668062));
#3015=CARTESIAN_POINT('Ctrl Pts',(53.9392179063779,7.,-46.0646067059298));
#3016=CARTESIAN_POINT('Ctrl Pts',(53.9393279700282,6.99999480703309,-46.0664673404667));
#3017=CARTESIAN_POINT('Ctrl Pts',(53.9397366814228,6.99995624555385,-46.0733755623411));
#3018=CARTESIAN_POINT('Ctrl Pts',(53.9400354224826,6.99988985216651,-46.0784228846265));
#3019=CARTESIAN_POINT('Ctrl Pts',(53.9480524303252,6.99708345396048,-46.2138154133714));
#3020=CARTESIAN_POINT('Ctrl Pts',(53.9557536301712,6.96891672086898,-46.3423969407607));
#3021=CARTESIAN_POINT('Ctrl Pts',(53.9702095748183,6.8648907053162,-46.5813121886096));
#3022=CARTESIAN_POINT('Ctrl Pts',(53.9768278062275,6.79009614931722,-46.6894156583407));
#3023=CARTESIAN_POINT('Ctrl Pts',(53.9880073700255,6.603389126956,-46.8707188883666));
#3024=CARTESIAN_POINT('Ctrl Pts',(53.99246378333,6.493330523803,-46.942259936438));
#3025=CARTESIAN_POINT('Ctrl Pts',(53.998462934438,6.25414892885672,-47.0383010003308));
#3026=CARTESIAN_POINT('Ctrl Pts',(54.,6.12765877313386,-47.0627460668062));
#3027=CARTESIAN_POINT('Ctrl Pts',(54.,6.,-47.0627460668062));
#3028=CARTESIAN_POINT('',(47.0627460668062,6.,-54.));
#3029=CARTESIAN_POINT('Origin',(55.,6.,-55.));
#3030=CARTESIAN_POINT('Ctrl Pts',(46.0627460668062,7.,-53.9391078595764));
#3031=CARTESIAN_POINT('Ctrl Pts',(46.0646067059278,7.,-53.9392179063777));
#3032=CARTESIAN_POINT('Ctrl Pts',(46.0664673404689,6.99999480703308,-53.9393279700328));
#3033=CARTESIAN_POINT('Ctrl Pts',(46.1358954539507,6.99960726146703,-53.9434355481213));
#3034=CARTESIAN_POINT('Ctrl Pts',(46.2032522929307,6.99238290666419,-53.9474434182007));
#3035=CARTESIAN_POINT('Ctrl Pts',(46.3354712005311,6.96446145180833,-53.9553551216611));
#3036=CARTESIAN_POINT('Ctrl Pts',(46.3999983135492,6.9438365246084,-53.9592388922637));
#3037=CARTESIAN_POINT('Ctrl Pts',(46.5813121884064,6.86489070543801,-53.970209574806));
#3038=CARTESIAN_POINT('Ctrl Pts',(46.6894156581553,6.79009614946435,-53.9768278062161));
#3039=CARTESIAN_POINT('Ctrl Pts',(46.8707188882251,6.60338912714552,-53.9880073700166));
#3040=CARTESIAN_POINT('Ctrl Pts',(46.9422599363223,6.49333052400923,-53.9924637833227));
#3041=CARTESIAN_POINT('Ctrl Pts',(47.0383010003004,6.25414892901289,-53.9984629344361));
#3042=CARTESIAN_POINT('Ctrl Pts',(47.0627460668062,6.12765877321343,-54.));
#3043=CARTESIAN_POINT('Ctrl Pts',(47.0627460668062,6.,-54.));
#3044=CARTESIAN_POINT('Origin',(27.,6.,-46.0627460668062));
#3045=CARTESIAN_POINT('',(55.5,7.,-46.0627460668062));
#3046=CARTESIAN_POINT('',(27.,7.,-46.0627460668062));
#3047=CARTESIAN_POINT('',(56.5,6.,-47.0627460668062));
#3048=CARTESIAN_POINT('Origin',(55.5,6.,-46.0627460668062));
#3049=CARTESIAN_POINT('',(27.,6.,-47.0627460668062));
#3050=CARTESIAN_POINT('Origin',(46.0627460668062,6.,-27.));
#3051=CARTESIAN_POINT('',(47.0627460668062,6.,-56.5));
#3052=CARTESIAN_POINT('',(47.0627460668062,6.,-27.));
#3053=CARTESIAN_POINT('',(46.0627460668062,7.,-55.5));
#3054=CARTESIAN_POINT('Origin',(46.0627460668062,6.,-55.5));
#3055=CARTESIAN_POINT('',(46.0627460668062,7.,-27.));
#3056=CARTESIAN_POINT('Origin',(27.,6.,46.0627460668062));
#3057=CARTESIAN_POINT('',(55.5,7.,46.0627460668062));
#3058=CARTESIAN_POINT('',(53.9391078595764,7.,46.0627460668062));
#3059=CARTESIAN_POINT('',(27.,7.,46.0627460668062));
#3060=CARTESIAN_POINT('',(54.,6.,47.0627460668062));
#3061=CARTESIAN_POINT('Ctrl Pts',(53.9391078595764,7.,46.0627460668062));
#3062=CARTESIAN_POINT('Ctrl Pts',(53.9392179063779,7.,46.0646067059298));
#3063=CARTESIAN_POINT('Ctrl Pts',(53.9393279700282,6.99999480703309,46.0664673404666));
#3064=CARTESIAN_POINT('Ctrl Pts',(53.9471546565136,6.99925636760521,46.198757478431));
#3065=CARTESIAN_POINT('Ctrl Pts',(53.9548769267772,6.97301704962995,46.3278053901005));
#3066=CARTESIAN_POINT('Ctrl Pts',(53.9694266697276,6.87249165264796,46.5684640394641));
#3067=CARTESIAN_POINT('Ctrl Pts',(53.9761155773586,6.79919587604446,46.6778054175933));
#3068=CARTESIAN_POINT('Ctrl Pts',(53.9874693407655,6.61487109289116,46.8620468778237));
#3069=CARTESIAN_POINT('Ctrl Pts',(53.9920270130624,6.50567377746612,46.9352503433998));
#3070=CARTESIAN_POINT('Ctrl Pts',(53.9982923392872,6.26549857510127,47.0355854607872));
#3071=CARTESIAN_POINT('Ctrl Pts',(53.9999428841303,6.13687625044073,47.0618357953772));
#3072=CARTESIAN_POINT('Ctrl Pts',(53.9999995137293,6.00454637680545,47.0627383169937));
#3073=CARTESIAN_POINT('Ctrl Pts',(54.,6.00227300316003,47.0627460668062));
#3074=CARTESIAN_POINT('Ctrl Pts',(54.,6.,47.0627460668062));
#3075=CARTESIAN_POINT('',(56.5,6.,47.0627460668062));
#3076=CARTESIAN_POINT('',(27.,6.,47.0627460668062));
#3077=CARTESIAN_POINT('Origin',(55.5,6.,46.0627460668062));
#3078=CARTESIAN_POINT('Origin',(55.,6.,55.));
#3079=CARTESIAN_POINT('',(46.0627460668062,7.,53.9391078595764));
#3080=CARTESIAN_POINT('Origin',(55.,7.,55.));
#3081=CARTESIAN_POINT('',(47.0627460668062,6.,54.));
#3082=CARTESIAN_POINT('Ctrl Pts',(46.0627460668062,7.,53.9391078595764));
#3083=CARTESIAN_POINT('Ctrl Pts',(46.0646067059278,7.,53.9392179063777));
#3084=CARTESIAN_POINT('Ctrl Pts',(46.0664673404689,6.99999480703308,53.9393279700328));
#3085=CARTESIAN_POINT('Ctrl Pts',(46.1987574782296,6.9992563676063,53.9471546564274));
#3086=CARTESIAN_POINT('Ctrl Pts',(46.3278053898282,6.97301704968842,53.9548769267607));
#3087=CARTESIAN_POINT('Ctrl Pts',(46.5684640391231,6.87249165284566,53.9694266697068));
#3088=CARTESIAN_POINT('Ctrl Pts',(46.677805417281,6.79919587628482,53.9761155773394));
#3089=CARTESIAN_POINT('Ctrl Pts',(46.8620468775836,6.61487109320328,53.9874693407506));
#3090=CARTESIAN_POINT('Ctrl Pts',(46.9352503432025,6.50567377780666,53.9920270130501));
#3091=CARTESIAN_POINT('Ctrl Pts',(47.0355854606836,6.26549857548077,53.9982923392807));
#3092=CARTESIAN_POINT('Ctrl Pts',(47.0618357953239,6.13687625083028,53.9999428841269));
#3093=CARTESIAN_POINT('Ctrl Pts',(47.0627383169928,6.00454637706518,53.9999995137292));
#3094=CARTESIAN_POINT('Ctrl Pts',(47.0627460668062,6.00227300328987,54.));
#3095=CARTESIAN_POINT('Ctrl Pts',(47.0627460668062,6.,54.));
#3096=CARTESIAN_POINT('Origin',(55.,6.,55.));
#3097=CARTESIAN_POINT('Origin',(46.0627460668062,6.,27.));
#3098=CARTESIAN_POINT('',(46.0627460668062,7.,55.5));
#3099=CARTESIAN_POINT('',(46.0627460668062,7.,27.));
#3100=CARTESIAN_POINT('',(47.0627460668062,6.,56.5));
#3101=CARTESIAN_POINT('Origin',(46.0627460668062,6.,55.5));
#3102=CARTESIAN_POINT('',(47.0627460668062,6.,27.));
#3103=CARTESIAN_POINT('Origin',(-27.,6.,-46.0627460668062));
#3104=CARTESIAN_POINT('',(-54.,6.,-47.0627460668062));
#3105=CARTESIAN_POINT('',(-56.5,6.,-47.0627460668062));
#3106=CARTESIAN_POINT('',(-27.,6.,-47.0627460668062));
#3107=CARTESIAN_POINT('',(-55.5,7.,-46.0627460668062));
#3108=CARTESIAN_POINT('Origin',(-55.5,6.,-46.0627460668062));
#3109=CARTESIAN_POINT('',(-53.9391078595764,7.,-46.0627460668062));
#3110=CARTESIAN_POINT('',(-27.,7.,-46.0627460668062));
#3111=CARTESIAN_POINT('Ctrl Pts',(-53.9391078595764,7.,-46.0627460668062));
#3112=CARTESIAN_POINT('Ctrl Pts',(-53.9392179063779,7.,-46.0646067059298));
#3113=CARTESIAN_POINT('Ctrl Pts',(-53.9393279700282,6.99999480703309,-46.0664673404667));
#3114=CARTESIAN_POINT('Ctrl Pts',(-53.9397366814229,6.99995624555385,-46.0733755623412));
#3115=CARTESIAN_POINT('Ctrl Pts',(-53.940035422482,6.99988985216651,-46.0784228846268));
#3116=CARTESIAN_POINT('Ctrl Pts',(-53.9480524303278,6.99708345396029,-46.2138154133737));
#3117=CARTESIAN_POINT('Ctrl Pts',(-53.9557536301712,6.96891672086859,-46.3423969407619));
#3118=CARTESIAN_POINT('Ctrl Pts',(-53.9702095748183,6.86489070531569,-46.5813121886104));
#3119=CARTESIAN_POINT('Ctrl Pts',(-53.9768278062275,6.79009614931661,-46.6894156583415));
#3120=CARTESIAN_POINT('Ctrl Pts',(-53.9880073700255,6.60338912695523,-46.8707188883672));
#3121=CARTESIAN_POINT('Ctrl Pts',(-53.99246378333,6.49333052380216,-46.9422599364385));
#3122=CARTESIAN_POINT('Ctrl Pts',(-53.998462934438,6.25414892885608,-47.038301000331));
#3123=CARTESIAN_POINT('Ctrl Pts',(-54.,6.12765877313353,-47.0627460668062));
#3124=CARTESIAN_POINT('Ctrl Pts',(-54.,6.,-47.0627460668062));
#3125=CARTESIAN_POINT('Origin',(-46.0627460668062,6.,27.));
#3126=CARTESIAN_POINT('',(-46.0627460668062,7.,55.5));
#3127=CARTESIAN_POINT('',(-46.0627460668062,7.,53.9391078595764));
#3128=CARTESIAN_POINT('',(-46.0627460668062,7.,27.));
#3129=CARTESIAN_POINT('',(-47.0627460668062,6.,54.));
#3130=CARTESIAN_POINT('Ctrl Pts',(-46.0627460668062,7.,53.9391078595764));
#3131=CARTESIAN_POINT('Ctrl Pts',(-46.0646067059278,7.,53.9392179063777));
#3132=CARTESIAN_POINT('Ctrl Pts',(-46.0664673404689,6.99999480703308,53.9393279700328));
#3133=CARTESIAN_POINT('Ctrl Pts',(-46.1987574782296,6.9992563676063,53.9471546564274));
#3134=CARTESIAN_POINT('Ctrl Pts',(-46.3278053898281,6.97301704968842,53.9548769267607));
#3135=CARTESIAN_POINT('Ctrl Pts',(-46.5684640391231,6.87249165284567,53.9694266697068));
#3136=CARTESIAN_POINT('Ctrl Pts',(-46.677805417281,6.79919587628483,53.9761155773394));
#3137=CARTESIAN_POINT('Ctrl Pts',(-46.8620468775837,6.61487109320325,53.9874693407506));
#3138=CARTESIAN_POINT('Ctrl Pts',(-46.9352503432025,6.50567377780663,53.9920270130502));
#3139=CARTESIAN_POINT('Ctrl Pts',(-47.0355854606836,6.26549857548074,53.9982923392807));
#3140=CARTESIAN_POINT('Ctrl Pts',(-47.0618357953239,6.13687625083025,53.9999428841269));
#3141=CARTESIAN_POINT('Ctrl Pts',(-47.0627383169928,6.00454637706517,53.9999995137292));
#3142=CARTESIAN_POINT('Ctrl Pts',(-47.0627460668062,6.00227300328986,53.9999999999999));
#3143=CARTESIAN_POINT('Ctrl Pts',(-47.0627460668062,6.,53.9999999999999));
#3144=CARTESIAN_POINT('',(-47.0627460668062,6.,56.5));
#3145=CARTESIAN_POINT('',(-47.0627460668062,6.,27.));
#3146=CARTESIAN_POINT('Origin',(-46.0627460668062,6.,55.5));
#3147=CARTESIAN_POINT('Origin',(-55.,6.,55.));
#3148=CARTESIAN_POINT('',(-53.9391078595764,7.,46.0627460668062));
#3149=CARTESIAN_POINT('Origin',(-55.,7.,55.));
#3150=CARTESIAN_POINT('',(-54.,6.,47.0627460668062));
#3151=CARTESIAN_POINT('Ctrl Pts',(-53.9391078595764,7.,46.0627460668062));
#3152=CARTESIAN_POINT('Ctrl Pts',(-53.9392179063779,7.,46.0646067059298));
#3153=CARTESIAN_POINT('Ctrl Pts',(-53.9393279700282,6.99999480703309,46.0664673404666));
#3154=CARTESIAN_POINT('Ctrl Pts',(-53.9471546565135,6.99925636760521,46.198757478431));
#3155=CARTESIAN_POINT('Ctrl Pts',(-53.9548769267771,6.97301704962996,46.3278053901005));
#3156=CARTESIAN_POINT('Ctrl Pts',(-53.9694266697275,6.87249165264797,46.5684640394641));
#3157=CARTESIAN_POINT('Ctrl Pts',(-53.9761155773585,6.79919587604446,46.6778054175933));
#3158=CARTESIAN_POINT('Ctrl Pts',(-53.9874693407655,6.61487109289113,46.8620468778237));
#3159=CARTESIAN_POINT('Ctrl Pts',(-53.9920270130624,6.50567377746609,46.9352503433998));
#3160=CARTESIAN_POINT('Ctrl Pts',(-53.9982923392872,6.26549857510132,47.0355854607872));
#3161=CARTESIAN_POINT('Ctrl Pts',(-53.9999428841303,6.13687625044077,47.0618357953772));
#3162=CARTESIAN_POINT('Ctrl Pts',(-53.9999995137293,6.00454637680545,47.0627383169937));
#3163=CARTESIAN_POINT('Ctrl Pts',(-54.,6.00227300316002,47.0627460668062));
#3164=CARTESIAN_POINT('Ctrl Pts',(-54.,6.,47.0627460668062));
#3165=CARTESIAN_POINT('Origin',(-55.,6.,55.));
#3166=CARTESIAN_POINT('Origin',(-27.,6.,46.0627460668062));
#3167=CARTESIAN_POINT('',(-56.5,6.,47.0627460668062));
#3168=CARTESIAN_POINT('',(-27.,6.,47.0627460668062));
#3169=CARTESIAN_POINT('',(-55.5,7.,46.0627460668062));
#3170=CARTESIAN_POINT('',(-27.,7.,46.0627460668062));
#3171=CARTESIAN_POINT('Origin',(-55.5,6.,46.0627460668062));
#3172=CARTESIAN_POINT('Origin',(-55.5,6.,-23.5313730334031));
#3173=CARTESIAN_POINT('',(-56.5,6.,-23.5313730334031));
#3174=CARTESIAN_POINT('',(-55.5,7.,-23.5313730334031));
#3175=CARTESIAN_POINT('Origin',(-23.5313730334031,6.,55.5));
#3176=CARTESIAN_POINT('',(-23.5313730334031,7.,55.5));
#3177=CARTESIAN_POINT('',(-23.5313730334031,6.,56.5));
#3178=CARTESIAN_POINT('Origin',(-55.,6.,-55.));
#3179=CARTESIAN_POINT('',(-47.0627460668062,6.,-54.));
#3180=CARTESIAN_POINT('Origin',(-55.,6.,-55.));
#3181=CARTESIAN_POINT('',(-46.0627460668062,7.,-53.9391078595764));
#3182=CARTESIAN_POINT('Origin',(-55.,7.,-55.));
#3183=CARTESIAN_POINT('Ctrl Pts',(-46.0627460668062,7.,-53.9391078595764));
#3184=CARTESIAN_POINT('Ctrl Pts',(-46.0646067059278,7.,-53.9392179063777));
#3185=CARTESIAN_POINT('Ctrl Pts',(-46.0664673404689,6.99999480703308,-53.9393279700328));
#3186=CARTESIAN_POINT('Ctrl Pts',(-46.1358954539507,6.99960726146703,-53.9434355481213));
#3187=CARTESIAN_POINT('Ctrl Pts',(-46.2032522929306,6.99238290666419,-53.9474434182008));
#3188=CARTESIAN_POINT('Ctrl Pts',(-46.3354712005311,6.96446145180833,-53.9553551216611));
#3189=CARTESIAN_POINT('Ctrl Pts',(-46.3999983135492,6.94383652460839,-53.9592388922637));
#3190=CARTESIAN_POINT('Ctrl Pts',(-46.5813121884064,6.86489070543802,-53.9702095748059));
#3191=CARTESIAN_POINT('Ctrl Pts',(-46.6894156581552,6.79009614946436,-53.9768278062161));
#3192=CARTESIAN_POINT('Ctrl Pts',(-46.8707188882251,6.60338912714553,-53.9880073700167));
#3193=CARTESIAN_POINT('Ctrl Pts',(-46.9422599363223,6.49333052400924,-53.9924637833227));
#3194=CARTESIAN_POINT('Ctrl Pts',(-47.0383010003004,6.25414892901293,-53.9984629344361));
#3195=CARTESIAN_POINT('Ctrl Pts',(-47.0627460668062,6.12765877321345,-54.));
#3196=CARTESIAN_POINT('Ctrl Pts',(-47.0627460668062,6.,-54.));
#3197=CARTESIAN_POINT('Origin',(-46.0627460668062,6.,-27.));
#3198=CARTESIAN_POINT('',(-47.0627460668062,6.,-56.5));
#3199=CARTESIAN_POINT('',(-47.0627460668062,6.,-27.));
#3200=CARTESIAN_POINT('',(-46.0627460668062,7.,-55.5));
#3201=CARTESIAN_POINT('',(-46.0627460668062,7.,-27.));
#3202=CARTESIAN_POINT('Origin',(-46.0627460668062,6.,-55.5));
#3203=CARTESIAN_POINT('Origin',(23.5313730334031,6.,-55.5));
#3204=CARTESIAN_POINT('',(23.5313730334031,6.,-56.5));
#3205=CARTESIAN_POINT('',(23.5313730334031,7.,-55.5));
#3206=CARTESIAN_POINT('Origin',(55.5,6.,23.5313730334031));
#3207=CARTESIAN_POINT('',(55.5,7.,23.5313730334031));
#3208=CARTESIAN_POINT('',(56.5,6.,23.5313730334031));
#3209=CARTESIAN_POINT('Origin',(55.,3.,-55.));
#3210=CARTESIAN_POINT('',(54.,3.04196010845019,-47.0627460668062));
#3211=CARTESIAN_POINT('',(54.,3.,-47.0627460668062));
#3212=CARTESIAN_POINT('',(53.5,3.,-47.1418831772491));
#3213=CARTESIAN_POINT('Ctrl Pts',(53.5,3.,-47.1418831772491));
#3214=CARTESIAN_POINT('Ctrl Pts',(53.6627242288258,3.,-47.1108214930385));
#3215=CARTESIAN_POINT('Ctrl Pts',(53.8311082450372,3.01341219139111,-47.0840244278596));
#3216=CARTESIAN_POINT('Ctrl Pts',(54.,3.04196010845019,-47.0627460668062));
#3217=CARTESIAN_POINT('',(47.1418831772491,3.,-53.5));
#3218=CARTESIAN_POINT('Origin',(55.,3.,-55.));
#3219=CARTESIAN_POINT('',(47.0627460668062,3.04196010845019,-54.));
#3220=CARTESIAN_POINT('Ctrl Pts',(47.0627460668062,3.04196010845019,-54.));
#3221=CARTESIAN_POINT('Ctrl Pts',(47.0840244278643,3.01341219138477,-53.8311082449997));
#3222=CARTESIAN_POINT('Ctrl Pts',(47.1108214930729,3.,-53.6627242286456));
#3223=CARTESIAN_POINT('Ctrl Pts',(47.1418831772491,3.,-53.5));
#3224=CARTESIAN_POINT('',(47.0627460668062,3.,-54.));
#3225=CARTESIAN_POINT('Origin',(54.,3.,-47.0627460668062));
#3226=CARTESIAN_POINT('Origin',(53.5,6.,-47.0627460668062));
#3227=CARTESIAN_POINT('Origin',(54.,7.,47.0627460668062));
#3228=CARTESIAN_POINT('',(54.,3.04196010845019,47.0627460668062));
#3229=CARTESIAN_POINT('',(54.,3.,47.0627460668062));
#3230=CARTESIAN_POINT('Origin',(53.5,6.,47.0627460668062));
#3231=CARTESIAN_POINT('Origin',(55.,3.,55.));
#3232=CARTESIAN_POINT('',(47.0627460668062,3.04196010845019,54.));
#3233=CARTESIAN_POINT('',(47.0627460668062,3.,54.));
#3234=CARTESIAN_POINT('',(47.1418831772491,3.,53.5));
#3235=CARTESIAN_POINT('Ctrl Pts',(47.1418831772492,3.,53.5));
#3236=CARTESIAN_POINT('Ctrl Pts',(47.1108214930385,3.,53.6627242288258));
#3237=CARTESIAN_POINT('Ctrl Pts',(47.0840244278596,3.01341219139111,53.8311082450372));
#3238=CARTESIAN_POINT('Ctrl Pts',(47.0627460668062,3.04196010845019,54.));
#3239=CARTESIAN_POINT('',(53.5,3.,47.1418831772491));
#3240=CARTESIAN_POINT('Origin',(55.,3.,55.));
#3241=CARTESIAN_POINT('Ctrl Pts',(54.,3.04196010845019,47.0627460668062));
#3242=CARTESIAN_POINT('Ctrl Pts',(53.8311082449997,3.01341219138477,47.0840244278643));
#3243=CARTESIAN_POINT('Ctrl Pts',(53.6627242286456,3.,47.1108214930729));
#3244=CARTESIAN_POINT('Ctrl Pts',(53.5,3.,47.1418831772491));
#3245=CARTESIAN_POINT('Origin',(47.0627460668062,3.,54.));
#3246=CARTESIAN_POINT('Origin',(47.0627460668062,6.,53.5));
#3247=CARTESIAN_POINT('Origin',(-47.0627460668062,7.,54.));
#3248=CARTESIAN_POINT('',(-47.0627460668062,3.04196010845019,54.));
#3249=CARTESIAN_POINT('',(-47.0627460668062,3.,54.));
#3250=CARTESIAN_POINT('Origin',(-47.0627460668062,6.,53.5));
#3251=CARTESIAN_POINT('Origin',(8.88178419700125E-15,7.,-8.88178419700125E-15));
#3252=CARTESIAN_POINT('',(-0.49999999254942,7.,20.5000002905726));
#3253=CARTESIAN_POINT('',(40.5000005885959,7.,20.5000002905726));
#3254=CARTESIAN_POINT('',(19.7500002942979,7.,20.5000002905726));
#3255=CARTESIAN_POINT('',(-0.499999992549419,7.,-20.5000002905726));
#3256=CARTESIAN_POINT('',(-0.499999992549419,7.,9.75000014528632));
#3257=CARTESIAN_POINT('',(40.5000005885959,7.,-20.5000002905726));
#3258=CARTESIAN_POINT('',(0.250000003725295,7.,-20.5000002905726));
#3259=CARTESIAN_POINT('',(40.5000005885959,7.,-9.75000014528633));
#3260=CARTESIAN_POINT('',(-20.3301271721692,7.,13.5000002160668));
#3261=CARTESIAN_POINT('',(-28.5000004097819,7.,13.5000002160668));
#3262=CARTESIAN_POINT('',(-13.750000204891,7.,13.5000002160668));
#3263=CARTESIAN_POINT('',(-11.669873304668,7.,13.5000002160668));
#3264=CARTESIAN_POINT('Origin',(-16.0000002384186,7.,19.0000002831221));
#3265=CARTESIAN_POINT('',(-3.50000006705523,7.,13.5000002160668));
#3266=CARTESIAN_POINT('',(-6.01568667392758,7.,13.5000002160668));
#3267=CARTESIAN_POINT('',(-3.50000006705523,7.,52.5000007674098));
#3268=CARTESIAN_POINT('',(-3.50000006705523,7.,7.25000010803341));
#3269=CARTESIAN_POINT('',(-28.5000004097819,7.,52.5000007674098));
#3270=CARTESIAN_POINT('',(-2.25000003352761,7.,52.5000007674098));
#3271=CARTESIAN_POINT('',(-28.5000004097819,7.,25.7500003837049));
#3272=CARTESIAN_POINT('',(-3.50000006705522,7.,-52.5000007674098));
#3273=CARTESIAN_POINT('',(-28.5000004097819,7.,-52.5000007674098));
#3274=CARTESIAN_POINT('',(-13.750000204891,7.,-52.5000007674098));
#3275=CARTESIAN_POINT('',(-3.50000006705523,7.,-13.5000002160668));
#3276=CARTESIAN_POINT('',(-3.50000006705523,7.,-25.7500003837049));
#3277=CARTESIAN_POINT('',(-11.669873304668,7.,-13.5000002160668));
#3278=CARTESIAN_POINT('',(-2.25000003352761,7.,-13.5000002160668));
#3279=CARTESIAN_POINT('',(-20.3301271721692,7.,-13.5000002160668));
#3280=CARTESIAN_POINT('Origin',(-16.0000002384186,7.,-19.0000002831221));
#3281=CARTESIAN_POINT('',(-28.5000004097819,7.,-13.5000002160668));
#3282=CARTESIAN_POINT('',(-9.98431356449099,7.,-13.5000002160668));
#3283=CARTESIAN_POINT('',(-28.5000004097819,7.,-7.25000010803342));
#3284=CARTESIAN_POINT('Origin',(19.7500002942979,6.,20.5000002905726));
#3285=CARTESIAN_POINT('',(39.5000005885959,6.,19.5000002905726));
#3286=CARTESIAN_POINT('Origin',(40.5000005885959,6.,20.5000002905726));
#3287=CARTESIAN_POINT('',(0.500000007450581,6.,19.5000002905726));
#3288=CARTESIAN_POINT('',(19.7500002942979,6.,19.5000002905726));
#3289=CARTESIAN_POINT('Origin',(-0.499999992549419,6.,20.5000002905726));
#3290=CARTESIAN_POINT('Origin',(40.5000005885959,6.,-9.75000014528633));
#3291=CARTESIAN_POINT('',(39.5000005885959,6.,-19.5000002905726));
#3292=CARTESIAN_POINT('Origin',(40.5000005885959,6.,-20.5000002905726));
#3293=CARTESIAN_POINT('',(39.5000005885959,6.,-9.75000014528633));
#3294=CARTESIAN_POINT('Origin',(0.250000003725295,6.,-20.5000002905726));
#3295=CARTESIAN_POINT('',(0.500000007450581,6.,-19.5000002905726));
#3296=CARTESIAN_POINT('Origin',(-0.499999992549419,6.,-20.5000002905726));
#3297=CARTESIAN_POINT('',(0.250000003725295,6.,-19.5000002905726));
#3298=CARTESIAN_POINT('Origin',(-0.499999992549419,6.,9.75000014528632));
#3299=CARTESIAN_POINT('',(0.500000007450581,6.,9.75000014528632));
#3300=CARTESIAN_POINT('Origin',(0.500000007450581,5.,19.5000002905726));
#3301=CARTESIAN_POINT('',(0.500000007450581,5.,19.5000002905726));
#3302=CARTESIAN_POINT('',(0.500000007450581,5.,19.5000002905726));
#3303=CARTESIAN_POINT('',(0.500000007450581,5.,-19.5000002905726));
#3304=CARTESIAN_POINT('',(0.500000007450581,5.,9.75000014528632));
#3305=CARTESIAN_POINT('',(0.500000007450581,5.,-19.5000002905726));
#3306=CARTESIAN_POINT('Origin',(39.5000005885959,5.,19.5000002905726));
#3307=CARTESIAN_POINT('',(39.5000005885959,5.,19.5000002905726));
#3308=CARTESIAN_POINT('',(39.5000005885959,5.,19.5000002905726));
#3309=CARTESIAN_POINT('',(19.7500002942979,5.,19.5000002905726));
#3310=CARTESIAN_POINT('Origin',(-13.750000204891,6.,-52.5000007674098));
#3311=CARTESIAN_POINT('',(-27.5000004097819,6.,-51.5000007674098));
#3312=CARTESIAN_POINT('Origin',(-28.5000004097819,6.,-52.5000007674098));
#3313=CARTESIAN_POINT('',(-4.50000006705523,6.,-51.5000007674098));
#3314=CARTESIAN_POINT('',(-13.750000204891,6.,-51.5000007674098));
#3315=CARTESIAN_POINT('Origin',(-3.50000006705523,6.,-52.5000007674098));
#3316=CARTESIAN_POINT('Origin',(-28.5000004097819,6.,-7.25000010803342));
#3317=CARTESIAN_POINT('',(-27.5000004097819,6.,-14.5000002160668));
#3318=CARTESIAN_POINT('Origin',(-28.5000004097819,6.,-13.5000002160668));
#3319=CARTESIAN_POINT('',(-27.5000004097819,6.,-7.25000010803342));
#3320=CARTESIAN_POINT('Origin',(-9.98431356449099,6.,-13.5000002160668));
#3321=CARTESIAN_POINT('',(-19.968627128982,6.,-14.5000002160668));
#3322=CARTESIAN_POINT('Ctrl Pts',(-20.3301271721692,7.,-13.5000002160668));
#3323=CARTESIAN_POINT('Ctrl Pts',(-20.3296033849577,7.,-13.5015122595423));
#3324=CARTESIAN_POINT('Ctrl Pts',(-20.3290795132823,6.9999965705868,-13.50302427249));
#3325=CARTESIAN_POINT('Ctrl Pts',(-20.3030416107747,6.99965574056216,-13.5781619435104));
#3326=CARTESIAN_POINT('Ctrl Pts',(-20.2773799105902,6.99119152261936,-13.6515550147716));
#3327=CARTESIAN_POINT('Ctrl Pts',(-20.2267900663713,6.95832718242164,-13.7949617990901));
#3328=CARTESIAN_POINT('Ctrl Pts',(-20.2019485921167,6.93403770687134,-13.8647341730266));
#3329=CARTESIAN_POINT('Ctrl Pts',(-20.136288313497,6.84658885842076,-14.04762085542));
#3330=CARTESIAN_POINT('Ctrl Pts',(-20.0977455673731,6.76851029971343,-14.1531804076769));
#3331=CARTESIAN_POINT('Ctrl Pts',(-20.0347711896401,6.57998981014597,-14.3238501449986));
#3332=CARTESIAN_POINT('Ctrl Pts',(-20.0101345410545,6.4734656032092,-14.3897015720414));
#3333=CARTESIAN_POINT('Ctrl Pts',(-19.9771233663475,6.24295629627184,-14.4775849610131));
#3334=CARTESIAN_POINT('Ctrl Pts',(-19.968627128982,6.12228795998136,-14.5000002160668));
#3335=CARTESIAN_POINT('Ctrl Pts',(-19.968627128982,6.,-14.5000002160668));
#3336=CARTESIAN_POINT('',(-9.98431356449099,6.,-14.5000002160668));
#3337=CARTESIAN_POINT('Origin',(-16.0000002384186,6.,-19.0000002831221));
#3338=CARTESIAN_POINT('',(-12.0313733478552,6.,-14.5000002160668));
#3339=CARTESIAN_POINT('Ctrl Pts',(-11.669873304668,7.,-13.5000002160668));
#3340=CARTESIAN_POINT('Ctrl Pts',(-11.6703970918794,7.,-13.5015122595424));
#3341=CARTESIAN_POINT('Ctrl Pts',(-11.6709209635549,6.9999965705868,-13.5030242724899));
#3342=CARTESIAN_POINT('Ctrl Pts',(-11.6969588660628,6.99965574056215,-13.5781619435112));
#3343=CARTESIAN_POINT('Ctrl Pts',(-11.722620566247,6.99119152261933,-13.6515550147717));
#3344=CARTESIAN_POINT('Ctrl Pts',(-11.7732104104659,6.95832718242164,-13.7949617990901));
#3345=CARTESIAN_POINT('Ctrl Pts',(-11.7980518847205,6.93403770687134,-13.8647341730266));
#3346=CARTESIAN_POINT('Ctrl Pts',(-11.8637121633402,6.84658885842076,-14.04762085542));
#3347=CARTESIAN_POINT('Ctrl Pts',(-11.9022549094641,6.76851029971344,-14.1531804076769));
#3348=CARTESIAN_POINT('Ctrl Pts',(-11.9652292871971,6.57998981014596,-14.3238501449986));
#3349=CARTESIAN_POINT('Ctrl Pts',(-11.9898659357826,6.47346560320919,-14.3897015720414));
#3350=CARTESIAN_POINT('Ctrl Pts',(-12.0228771104897,6.24295629627185,-14.4775849610131));
#3351=CARTESIAN_POINT('Ctrl Pts',(-12.0313733478552,6.12228795998137,-14.5000002160668));
#3352=CARTESIAN_POINT('Ctrl Pts',(-12.0313733478552,6.,-14.5000002160668));
#3353=CARTESIAN_POINT('Origin',(-16.0000002384186,6.,-19.0000002831221));
#3354=CARTESIAN_POINT('Origin',(-2.25000003352761,6.,-13.5000002160668));
#3355=CARTESIAN_POINT('',(-4.50000006705523,6.,-14.5000002160668));
#3356=CARTESIAN_POINT('',(-2.25000003352761,6.,-14.5000002160668));
#3357=CARTESIAN_POINT('Origin',(-3.50000006705523,6.,-13.5000002160668));
#3358=CARTESIAN_POINT('Origin',(-3.50000006705523,6.,-25.7500003837049));
#3359=CARTESIAN_POINT('',(-4.50000006705523,6.,-25.7500003837049));
#3360=CARTESIAN_POINT('Origin',(-4.50000006705523,5.,-14.5000002160668));
#3361=CARTESIAN_POINT('',(-4.50000006705523,5.,-14.5000002160668));
#3362=CARTESIAN_POINT('',(-4.50000006705523,5.,-14.5000002160668));
#3363=CARTESIAN_POINT('',(-12.0313733478552,5.,-14.5000002160668));
#3364=CARTESIAN_POINT('',(-2.25000003352761,5.,-14.5000002160668));
#3365=CARTESIAN_POINT('',(-12.0313733478552,5.,-14.5000002160668));
#3366=CARTESIAN_POINT('Origin',(-4.50000006705523,5.,-51.5000007674098));
#3367=CARTESIAN_POINT('',(-4.50000006705523,5.,-51.5000007674098));
#3368=CARTESIAN_POINT('',(-4.50000006705523,5.,-51.5000007674098));
#3369=CARTESIAN_POINT('',(-4.50000006705523,5.,-25.7500003837049));
#3370=CARTESIAN_POINT('Origin',(-27.5000004097819,5.,-51.5000007674098));
#3371=CARTESIAN_POINT('',(-27.5000004097819,5.,-51.5000007674098));
#3372=CARTESIAN_POINT('',(-27.5000004097819,5.,-51.5000007674098));
#3373=CARTESIAN_POINT('',(-13.750000204891,5.,-51.5000007674098));
#3374=CARTESIAN_POINT('Origin',(-13.750000204891,6.,13.5000002160668));
#3375=CARTESIAN_POINT('',(-27.5000004097819,6.,14.5000002160668));
#3376=CARTESIAN_POINT('Origin',(-28.5000004097819,6.,13.5000002160668));
#3377=CARTESIAN_POINT('',(-19.968627128982,6.,14.5000002160668));
#3378=CARTESIAN_POINT('',(-13.750000204891,6.,14.5000002160668));
#3379=CARTESIAN_POINT('Ctrl Pts',(-20.3301271721692,7.,13.5000002160668));
#3380=CARTESIAN_POINT('Ctrl Pts',(-20.3296033849577,7.,13.5015122595423));
#3381=CARTESIAN_POINT('Ctrl Pts',(-20.3290795132823,6.9999965705868,13.50302427249));
#3382=CARTESIAN_POINT('Ctrl Pts',(-20.3030416107747,6.99965574056216,13.5781619435104));
#3383=CARTESIAN_POINT('Ctrl Pts',(-20.2773799105902,6.99119152261936,13.6515550147716));
#3384=CARTESIAN_POINT('Ctrl Pts',(-20.2267900663713,6.95832718242164,13.7949617990901));
#3385=CARTESIAN_POINT('Ctrl Pts',(-20.2019485921167,6.93403770687134,13.8647341730266));
#3386=CARTESIAN_POINT('Ctrl Pts',(-20.136288313497,6.84658885842076,14.04762085542));
#3387=CARTESIAN_POINT('Ctrl Pts',(-20.0977455673731,6.76851029971344,14.1531804076769));
#3388=CARTESIAN_POINT('Ctrl Pts',(-20.0347711896401,6.57998981014596,14.3238501449986));
#3389=CARTESIAN_POINT('Ctrl Pts',(-20.0101345410545,6.47346560320919,14.3897015720414));
#3390=CARTESIAN_POINT('Ctrl Pts',(-19.9771233663475,6.24295629627184,14.4775849610131));
#3391=CARTESIAN_POINT('Ctrl Pts',(-19.968627128982,6.12228795998136,14.5000002160668));
#3392=CARTESIAN_POINT('Ctrl Pts',(-19.968627128982,6.,14.5000002160668));
#3393=CARTESIAN_POINT('Origin',(-28.5000004097819,6.,25.7500003837049));
#3394=CARTESIAN_POINT('',(-27.5000004097819,6.,51.5000007674098));
#3395=CARTESIAN_POINT('Origin',(-28.5000004097819,6.,52.5000007674098));
#3396=CARTESIAN_POINT('',(-27.5000004097819,6.,25.7500003837049));
#3397=CARTESIAN_POINT('Origin',(-2.25000003352761,6.,52.5000007674098));
#3398=CARTESIAN_POINT('',(-4.50000006705523,6.,51.5000007674098));
#3399=CARTESIAN_POINT('Origin',(-3.50000006705523,6.,52.5000007674098));
#3400=CARTESIAN_POINT('',(-2.25000003352761,6.,51.5000007674098));
#3401=CARTESIAN_POINT('Origin',(-3.50000006705523,6.,7.25000010803341));
#3402=CARTESIAN_POINT('',(-4.50000006705523,6.,14.5000002160668));
#3403=CARTESIAN_POINT('Origin',(-3.50000006705523,6.,13.5000002160668));
#3404=CARTESIAN_POINT('',(-4.50000006705523,6.,7.25000010803341));
#3405=CARTESIAN_POINT('Origin',(-6.01568667392758,6.,13.5000002160668));
#3406=CARTESIAN_POINT('',(-12.0313733478552,6.,14.5000002160668));
#3407=CARTESIAN_POINT('',(-6.01568667392758,6.,14.5000002160668));
#3408=CARTESIAN_POINT('Ctrl Pts',(-11.669873304668,7.,13.5000002160668));
#3409=CARTESIAN_POINT('Ctrl Pts',(-11.6703970918794,7.,13.5015122595424));
#3410=CARTESIAN_POINT('Ctrl Pts',(-11.6709209635549,6.9999965705868,13.5030242724899));
#3411=CARTESIAN_POINT('Ctrl Pts',(-11.6969588660626,6.99965574056216,13.5781619435108));
#3412=CARTESIAN_POINT('Ctrl Pts',(-11.722620566247,6.99119152261935,13.6515550147716));
#3413=CARTESIAN_POINT('Ctrl Pts',(-11.7732104104659,6.95832718242164,13.7949617990901));
#3414=CARTESIAN_POINT('Ctrl Pts',(-11.7980518847205,6.93403770687134,13.8647341730266));
#3415=CARTESIAN_POINT('Ctrl Pts',(-11.8637121633402,6.84658885842076,14.04762085542));
#3416=CARTESIAN_POINT('Ctrl Pts',(-11.9022549094641,6.76851029971344,14.1531804076769));
#3417=CARTESIAN_POINT('Ctrl Pts',(-11.9652292871971,6.57998981014596,14.3238501449986));
#3418=CARTESIAN_POINT('Ctrl Pts',(-11.9898659357826,6.47346560320919,14.3897015720414));
#3419=CARTESIAN_POINT('Ctrl Pts',(-12.0228771104897,6.24295629627184,14.4775849610131));
#3420=CARTESIAN_POINT('Ctrl Pts',(-12.0313733478552,6.12228795998135,14.5000002160668));
#3421=CARTESIAN_POINT('Ctrl Pts',(-12.0313733478552,6.,14.5000002160668));
#3422=CARTESIAN_POINT('Origin',(-16.0000002384186,6.,19.0000002831221));
#3423=CARTESIAN_POINT('Origin',(-16.0000002384186,6.,19.0000002831221));
#3424=CARTESIAN_POINT('Origin',(-12.0313733478552,5.,14.5000002160668));
#3425=CARTESIAN_POINT('',(-12.0313733478552,5.,14.5000002160668));
#3426=CARTESIAN_POINT('',(-12.0313733478552,5.,14.5000002160668));
#3427=CARTESIAN_POINT('',(-4.50000006705523,5.,14.5000002160668));
#3428=CARTESIAN_POINT('',(-6.01568667392758,5.,14.5000002160668));
#3429=CARTESIAN_POINT('',(-4.50000006705523,5.,14.5000002160668));
#3430=CARTESIAN_POINT('Origin',(-16.0000002384186,3.,19.0000002831221));
#3431=CARTESIAN_POINT('',(-19.968627128982,5.,14.5000002160668));
#3432=CARTESIAN_POINT('',(-19.968627128982,5.,14.5000002160668));
#3433=CARTESIAN_POINT('',(-20.4721361401062,5.,15.0000002235174));
#3434=CARTESIAN_POINT('Origin',(-16.0000002384186,5.,19.0000002831221));
#3435=CARTESIAN_POINT('',(-20.4721361401061,3.,15.0000002235174));
#3436=CARTESIAN_POINT('',(-20.4721361401061,3.,15.0000002235174));
#3437=CARTESIAN_POINT('',(-11.527864336731,3.,15.0000002235174));
#3438=CARTESIAN_POINT('Origin',(-16.0000002384186,3.,19.0000002831221));
#3439=CARTESIAN_POINT('',(-11.527864336731,5.,15.0000002235174));
#3440=CARTESIAN_POINT('',(-11.527864336731,3.,15.0000002235174));
#3441=CARTESIAN_POINT('Origin',(-16.0000002384186,5.,19.0000002831221));
#3442=CARTESIAN_POINT('Origin',(-27.5000004097819,5.,14.5000002160668));
#3443=CARTESIAN_POINT('',(-27.5000004097819,5.,14.5000002160668));
#3444=CARTESIAN_POINT('',(-27.5000004097819,5.,14.5000002160668));
#3445=CARTESIAN_POINT('',(-13.750000204891,5.,14.5000002160668));
#3446=CARTESIAN_POINT('Origin',(3.50000001490116,3.,-16.5000002831221));
#3447=CARTESIAN_POINT('',(5.50000001490116,5.,-16.5000002831221));
#3448=CARTESIAN_POINT('',(3.50000001490116,5.,-14.5000002831221));
#3449=CARTESIAN_POINT('Origin',(3.50000001490116,5.,-16.5000002831221));
#3450=CARTESIAN_POINT('',(3.50000001490116,3.,-14.5000002831221));
#3451=CARTESIAN_POINT('',(3.50000001490116,3.,-14.5000002831221));
#3452=CARTESIAN_POINT('',(5.50000001490116,3.,-16.5000002831221));
#3453=CARTESIAN_POINT('Origin',(3.50000001490116,3.,-16.5000002831221));
#3454=CARTESIAN_POINT('',(5.50000001490116,3.,-16.5000002831221));
#3455=CARTESIAN_POINT('Origin',(5.50000001490116,3.,-14.5000002831221));
#3456=CARTESIAN_POINT('',(5.50000001490116,3.,-19.0000002831221));
#3457=CARTESIAN_POINT('',(5.50000001490116,3.,-19.0000002831221));
#3458=CARTESIAN_POINT('',(5.50000001490116,5.,-19.0000002831221));
#3459=CARTESIAN_POINT('',(5.50000001490116,3.,-19.0000002831221));
#3460=CARTESIAN_POINT('',(5.50000001490116,5.,-19.0000002831221));
#3461=CARTESIAN_POINT('Origin',(8.88178419700125E-15,3.,-8.88178419700125E-15));
#3462=CARTESIAN_POINT('',(-47.1418831772491,3.,-53.5));
#3463=CARTESIAN_POINT('',(23.5313730334031,3.,-53.5));
#3464=CARTESIAN_POINT('',(53.5,3.,23.5313730334031));
#3465=CARTESIAN_POINT('',(-47.1418831772491,3.,53.5));
#3466=CARTESIAN_POINT('',(-23.5313730334031,3.,53.5));
#3467=CARTESIAN_POINT('',(-53.5,3.,47.1418831772491));
#3468=CARTESIAN_POINT('Origin',(-55.,3.,55.));
#3469=CARTESIAN_POINT('',(-53.5,3.,-47.1418831772491));
#3470=CARTESIAN_POINT('',(-53.5,3.,-23.5313730334031));
#3471=CARTESIAN_POINT('Origin',(-55.,3.,-55.));
#3472=CARTESIAN_POINT('',(-24.5000004023314,3.,19.5000002235174));
#3473=CARTESIAN_POINT('',(-22.5000004023314,3.,17.5000002235174));
#3474=CARTESIAN_POINT('Origin',(-24.5000004023314,3.,17.5000002235174));
#3475=CARTESIAN_POINT('',(-27.0000004023314,3.,19.5000002235174));
#3476=CARTESIAN_POINT('',(-22.5000004023314,3.,19.5000002235174));
#3477=CARTESIAN_POINT('',(-27.0000004023314,3.,46.5000007599592));
#3478=CARTESIAN_POINT('',(-27.0000004023314,3.,51.0000007599592));
#3479=CARTESIAN_POINT('',(-24.5000004023314,3.,46.5000007599592));
#3480=CARTESIAN_POINT('',(-22.5000004023314,3.,46.5000007599592));
#3481=CARTESIAN_POINT('',(-22.5000004023314,3.,48.5000007599592));
#3482=CARTESIAN_POINT('Origin',(-24.5000004023314,3.,48.5000007599592));
#3483=CARTESIAN_POINT('',(-22.5000004023314,3.,51.0000007599592));
#3484=CARTESIAN_POINT('',(-22.5000004023314,3.,51.0000007599592));
#3485=CARTESIAN_POINT('',(-9.50000007450581,3.,51.0000007599592));
#3486=CARTESIAN_POINT('',(-5.00000007450581,3.,51.0000007599592));
#3487=CARTESIAN_POINT('',(-9.50000007450581,3.,48.5000007599592));
#3488=CARTESIAN_POINT('',(-9.50000007450581,3.,51.0000007599592));
#3489=CARTESIAN_POINT('',(-7.50000007450581,3.,46.5000007599592));
#3490=CARTESIAN_POINT('Origin',(-7.50000007450581,3.,48.5000007599592));
#3491=CARTESIAN_POINT('',(-5.00000007450581,3.,46.5000007599592));
#3492=CARTESIAN_POINT('',(-9.50000007450581,3.,46.5000007599592));
#3493=CARTESIAN_POINT('',(-5.00000007450581,3.,19.5000002235174));
#3494=CARTESIAN_POINT('',(-5.00000007450581,3.,15.0000002235174));
#3495=CARTESIAN_POINT('',(-7.50000007450581,3.,19.5000002235174));
#3496=CARTESIAN_POINT('',(-9.50000007450581,3.,19.5000002235174));
#3497=CARTESIAN_POINT('',(-9.50000007450581,3.,17.5000002235174));
#3498=CARTESIAN_POINT('Origin',(-7.50000007450581,3.,17.5000002235174));
#3499=CARTESIAN_POINT('',(-9.50000007450581,3.,15.0000002235174));
#3500=CARTESIAN_POINT('',(-9.50000007450581,3.,15.0000002235174));
#3501=CARTESIAN_POINT('',(-27.0000004023314,3.,15.0000002235174));
#3502=CARTESIAN_POINT('',(-22.5000004023314,3.,15.0000002235174));
#3503=CARTESIAN_POINT('',(-27.0000004023314,3.,15.0000002235174));
#3504=CARTESIAN_POINT('',(-22.5000004023314,3.,15.0000002235174));
#3505=CARTESIAN_POINT('',(-7.50000007450581,3.,-19.5000002235174));
#3506=CARTESIAN_POINT('',(-9.50000007450581,3.,-17.5000002235174));
#3507=CARTESIAN_POINT('Origin',(-7.50000007450581,3.,-17.5000002235174));
#3508=CARTESIAN_POINT('',(-5.00000007450581,3.,-19.5000002235174));
#3509=CARTESIAN_POINT('',(-9.50000007450581,3.,-19.5000002235174));
#3510=CARTESIAN_POINT('',(-5.00000007450581,3.,-46.500000692904));
#3511=CARTESIAN_POINT('',(-5.00000007450581,3.,-51.0000007599592));
#3512=CARTESIAN_POINT('',(-7.50000014156103,3.,-46.500000692904));
#3513=CARTESIAN_POINT('',(-9.50000014156103,3.,-46.500000692904));
#3514=CARTESIAN_POINT('',(-9.50000014156103,3.,-48.500000692904));
#3515=CARTESIAN_POINT('Origin',(-7.50000014156103,3.,-48.500000692904));
#3516=CARTESIAN_POINT('',(-9.50000014156103,3.,-51.0000007599592));
#3517=CARTESIAN_POINT('',(-9.50000014156103,3.,-51.0000007599592));
#3518=CARTESIAN_POINT('',(-22.5000003352761,3.,-51.0000007599592));
#3519=CARTESIAN_POINT('',(-27.0000004023314,3.,-51.0000007599592));
#3520=CARTESIAN_POINT('',(-22.5000003352761,3.,-48.500000692904));
#3521=CARTESIAN_POINT('',(-22.5000003352761,3.,-51.0000007599592));
#3522=CARTESIAN_POINT('',(-24.5000003352761,3.,-46.500000692904));
#3523=CARTESIAN_POINT('Origin',(-24.5000003352761,3.,-48.500000692904));
#3524=CARTESIAN_POINT('',(-27.0000004023314,3.,-46.500000692904));
#3525=CARTESIAN_POINT('',(-22.5000003352761,3.,-46.500000692904));
#3526=CARTESIAN_POINT('',(-27.0000004023314,3.,-19.5000002235174));
#3527=CARTESIAN_POINT('',(-27.0000004023314,3.,-15.0000002235174));
#3528=CARTESIAN_POINT('',(-24.5000004023314,3.,-19.5000002235174));
#3529=CARTESIAN_POINT('',(-22.5000004023314,3.,-19.5000002235174));
#3530=CARTESIAN_POINT('',(-22.5000004023314,3.,-17.5000002235174));
#3531=CARTESIAN_POINT('Origin',(-24.5000004023314,3.,-17.5000002235174));
#3532=CARTESIAN_POINT('',(-22.5000004023314,3.,-15.0000002235174));
#3533=CARTESIAN_POINT('',(-22.5000004023314,3.,-15.0000002235174));
#3534=CARTESIAN_POINT('',(-20.4721361401061,3.,-15.0000002235174));
#3535=CARTESIAN_POINT('',(-5.00000007450581,3.,-15.0000002235174));
#3536=CARTESIAN_POINT('',(-11.527864336731,3.,-15.0000002235174));
#3537=CARTESIAN_POINT('Origin',(-16.0000002384186,3.,-19.0000002831221));
#3538=CARTESIAN_POINT('',(-9.50000007450581,3.,-15.0000002235174));
#3539=CARTESIAN_POINT('',(-5.00000007450581,3.,-15.0000002235174));
#3540=CARTESIAN_POINT('',(-9.50000007450581,3.,-15.0000002235174));
#3541=CARTESIAN_POINT('',(1.00000001490116,3.,-14.5000002831221));
#3542=CARTESIAN_POINT('',(5.50000001490116,3.,-14.5000002831221));
#3543=CARTESIAN_POINT('',(1.00000001490116,3.,14.5000002831221));
#3544=CARTESIAN_POINT('',(1.00000001490116,3.,19.0000002831221));
#3545=CARTESIAN_POINT('',(3.50000001490116,3.,14.5000002831221));
#3546=CARTESIAN_POINT('',(5.50000001490116,3.,14.5000002831221));
#3547=CARTESIAN_POINT('',(5.50000001490116,3.,16.5000002831221));
#3548=CARTESIAN_POINT('Origin',(3.50000001490116,3.,16.5000002831221));
#3549=CARTESIAN_POINT('',(5.50000001490116,3.,19.0000002831221));
#3550=CARTESIAN_POINT('',(5.50000001490116,3.,19.0000002831221));
#3551=CARTESIAN_POINT('',(34.5000005811453,3.,19.0000002831221));
#3552=CARTESIAN_POINT('',(39.0000005811453,3.,19.0000002831221));
#3553=CARTESIAN_POINT('',(34.5000005811453,3.,16.5000002831221));
#3554=CARTESIAN_POINT('',(34.5000005811453,3.,19.0000002831221));
#3555=CARTESIAN_POINT('',(36.5000005811453,3.,14.5000002831221));
#3556=CARTESIAN_POINT('Origin',(36.5000005811453,3.,16.5000002831221));
#3557=CARTESIAN_POINT('',(39.0000005811453,3.,14.5000002831221));
#3558=CARTESIAN_POINT('',(34.5000005811453,3.,14.5000002831221));
#3559=CARTESIAN_POINT('',(39.0000005811453,3.,-14.5000002831221));
#3560=CARTESIAN_POINT('',(39.0000005811453,3.,-19.0000002831221));
#3561=CARTESIAN_POINT('',(36.5000005811453,3.,-14.5000002831221));
#3562=CARTESIAN_POINT('',(34.5000005811453,3.,-14.5000002831221));
#3563=CARTESIAN_POINT('',(34.5000005811453,3.,-16.5000002831221));
#3564=CARTESIAN_POINT('Origin',(36.5000005811453,3.,-16.5000002831221));
#3565=CARTESIAN_POINT('',(34.5000005811453,3.,-19.0000002831221));
#3566=CARTESIAN_POINT('',(34.5000005811453,3.,-19.0000002831221));
#3567=CARTESIAN_POINT('',(1.00000001490116,3.,-19.0000002831221));
#3568=CARTESIAN_POINT('Origin',(3.50000001490116,3.,16.5000002831221));
#3569=CARTESIAN_POINT('',(3.50000001490116,5.,14.5000002831221));
#3570=CARTESIAN_POINT('',(5.50000001490116,5.,16.5000002831221));
#3571=CARTESIAN_POINT('Origin',(3.50000001490116,5.,16.5000002831221));
#3572=CARTESIAN_POINT('',(5.50000001490116,3.,16.5000002831221));
#3573=CARTESIAN_POINT('',(3.50000001490116,3.,14.5000002831221));
#3574=CARTESIAN_POINT('Origin',(5.50000001490116,3.,19.0000002831221));
#3575=CARTESIAN_POINT('',(5.50000001490116,5.,19.0000002831221));
#3576=CARTESIAN_POINT('',(5.50000001490116,5.,19.0000002831221));
#3577=CARTESIAN_POINT('',(5.50000001490116,3.,19.0000002831221));
#3578=CARTESIAN_POINT('Origin',(8.88178419700125E-15,5.,-8.88178419700125E-15));
#3579=CARTESIAN_POINT('',(39.5000005885959,5.,-19.5000002905726));
#3580=CARTESIAN_POINT('',(39.5000005885959,5.,-9.75000014528633));
#3581=CARTESIAN_POINT('',(0.250000003725295,5.,-19.5000002905726));
#3582=CARTESIAN_POINT('',(34.5000005811453,5.,-19.0000002831221));
#3583=CARTESIAN_POINT('',(1.00000001490116,5.,-19.0000002831221));
#3584=CARTESIAN_POINT('',(34.5000005811453,5.,-16.5000002831221));
#3585=CARTESIAN_POINT('',(34.5000005811453,5.,-19.0000002831221));
#3586=CARTESIAN_POINT('',(36.5000005811453,5.,-14.5000002831221));
#3587=CARTESIAN_POINT('Origin',(36.5000005811453,5.,-16.5000002831221));
#3588=CARTESIAN_POINT('',(39.0000005811453,5.,-14.5000002831221));
#3589=CARTESIAN_POINT('',(34.5000005811453,5.,-14.5000002831221));
#3590=CARTESIAN_POINT('',(39.0000005811453,5.,14.5000002831221));
#3591=CARTESIAN_POINT('',(39.0000005811453,5.,-19.0000002831221));
#3592=CARTESIAN_POINT('',(36.5000005811453,5.,14.5000002831221));
#3593=CARTESIAN_POINT('',(34.5000005811453,5.,14.5000002831221));
#3594=CARTESIAN_POINT('',(34.5000005811453,5.,16.5000002831221));
#3595=CARTESIAN_POINT('Origin',(36.5000005811453,5.,16.5000002831221));
#3596=CARTESIAN_POINT('',(34.5000005811453,5.,19.0000002831221));
#3597=CARTESIAN_POINT('',(34.5000005811453,5.,19.0000002831221));
#3598=CARTESIAN_POINT('',(39.0000005811453,5.,19.0000002831221));
#3599=CARTESIAN_POINT('',(1.00000001490116,5.,14.5000002831221));
#3600=CARTESIAN_POINT('',(5.50000001490116,5.,14.5000002831221));
#3601=CARTESIAN_POINT('',(1.00000001490116,5.,-14.5000002831221));
#3602=CARTESIAN_POINT('',(1.00000001490116,5.,19.0000002831221));
#3603=CARTESIAN_POINT('',(5.50000001490116,5.,-14.5000002831221));
#3604=CARTESIAN_POINT('Origin',(36.5000005811453,3.,-16.5000002831221));
#3605=CARTESIAN_POINT('',(34.5000005811453,3.,-16.5000002831221));
#3606=CARTESIAN_POINT('',(36.5000005811453,3.,-14.5000002831221));
#3607=CARTESIAN_POINT('Origin',(34.5000005811453,3.,-14.5000002831221));
#3608=CARTESIAN_POINT('',(39.0000005811453,3.,-14.5000002831221));
#3609=CARTESIAN_POINT('Origin',(36.5000005811453,3.,16.5000002831221));
#3610=CARTESIAN_POINT('',(36.5000005811453,3.,14.5000002831221));
#3611=CARTESIAN_POINT('',(34.5000005811453,3.,16.5000002831221));
#3612=CARTESIAN_POINT('Origin',(39.0000005811453,3.,14.5000002831221));
#3613=CARTESIAN_POINT('',(39.0000005811453,3.,14.5000002831221));
#3614=CARTESIAN_POINT('Origin',(-7.50000007450581,3.,-17.5000002235174));
#3615=CARTESIAN_POINT('',(-9.50000007450581,5.,-17.5000002235174));
#3616=CARTESIAN_POINT('',(-7.50000007450581,5.,-19.5000002235174));
#3617=CARTESIAN_POINT('Origin',(-7.50000007450581,5.,-17.5000002235174));
#3618=CARTESIAN_POINT('',(-7.50000007450581,3.,-19.5000002235174));
#3619=CARTESIAN_POINT('',(-9.50000007450581,3.,-17.5000002235174));
#3620=CARTESIAN_POINT('Origin',(-9.50000007450581,3.,-19.5000002235174));
#3621=CARTESIAN_POINT('',(-9.50000007450581,5.,-15.0000002235174));
#3622=CARTESIAN_POINT('',(-9.50000007450581,3.,-15.0000002235174));
#3623=CARTESIAN_POINT('',(-9.50000007450581,5.,-15.0000002235174));
#3624=CARTESIAN_POINT('Origin',(-7.50000014156103,3.,-48.500000692904));
#3625=CARTESIAN_POINT('',(-7.50000014156103,5.,-46.500000692904));
#3626=CARTESIAN_POINT('',(-9.50000014156103,5.,-48.500000692904));
#3627=CARTESIAN_POINT('Origin',(-7.50000014156103,5.,-48.500000692904));
#3628=CARTESIAN_POINT('',(-9.50000014156103,3.,-48.500000692904));
#3629=CARTESIAN_POINT('',(-7.50000014156103,3.,-46.500000692904));
#3630=CARTESIAN_POINT('Origin',(-9.50000014156103,3.,-46.500000692904));
#3631=CARTESIAN_POINT('',(-5.00000007450581,5.,-46.500000692904));
#3632=CARTESIAN_POINT('',(-5.00000007450581,3.,-46.500000692904));
#3633=CARTESIAN_POINT('',(-9.50000014156103,5.,-46.500000692904));
#3634=CARTESIAN_POINT('Origin',(-24.5000004023314,3.,-17.5000002235174));
#3635=CARTESIAN_POINT('',(-24.5000004023314,5.,-19.5000002235174));
#3636=CARTESIAN_POINT('',(-22.5000004023314,5.,-17.5000002235174));
#3637=CARTESIAN_POINT('Origin',(-24.5000004023314,5.,-17.5000002235174));
#3638=CARTESIAN_POINT('',(-22.5000004023314,3.,-17.5000002235174));
#3639=CARTESIAN_POINT('',(-24.5000004023314,3.,-19.5000002235174));
#3640=CARTESIAN_POINT('Origin',(-22.5000004023314,3.,-19.5000002235174));
#3641=CARTESIAN_POINT('',(-27.0000004023314,5.,-19.5000002235174));
#3642=CARTESIAN_POINT('',(-27.0000004023314,3.,-19.5000002235174));
#3643=CARTESIAN_POINT('',(-22.5000004023314,5.,-19.5000002235174));
#3644=CARTESIAN_POINT('Origin',(-24.5000003352761,3.,-48.500000692904));
#3645=CARTESIAN_POINT('',(-22.5000003352761,5.,-48.500000692904));
#3646=CARTESIAN_POINT('',(-24.5000003352761,5.,-46.500000692904));
#3647=CARTESIAN_POINT('Origin',(-24.5000003352761,5.,-48.500000692904));
#3648=CARTESIAN_POINT('',(-24.5000003352761,3.,-46.500000692904));
#3649=CARTESIAN_POINT('',(-22.5000003352761,3.,-48.500000692904));
#3650=CARTESIAN_POINT('Origin',(-27.0000004023314,3.,-46.500000692904));
#3651=CARTESIAN_POINT('',(-27.0000004023314,5.,-46.500000692904));
#3652=CARTESIAN_POINT('',(-22.5000003352761,5.,-46.500000692904));
#3653=CARTESIAN_POINT('',(-27.0000004023314,3.,-46.500000692904));
#3654=CARTESIAN_POINT('Origin',(-24.5000004023314,3.,17.5000002235174));
#3655=CARTESIAN_POINT('',(-22.5000004023314,5.,17.5000002235174));
#3656=CARTESIAN_POINT('',(-24.5000004023314,5.,19.5000002235174));
#3657=CARTESIAN_POINT('Origin',(-24.5000004023314,5.,17.5000002235174));
#3658=CARTESIAN_POINT('',(-24.5000004023314,3.,19.5000002235174));
#3659=CARTESIAN_POINT('',(-22.5000004023314,3.,17.5000002235174));
#3660=CARTESIAN_POINT('Origin',(-27.0000004023314,3.,19.5000002235174));
#3661=CARTESIAN_POINT('',(-27.0000004023314,5.,19.5000002235174));
#3662=CARTESIAN_POINT('',(-22.5000004023314,5.,19.5000002235174));
#3663=CARTESIAN_POINT('',(-27.0000004023314,3.,19.5000002235174));
#3664=CARTESIAN_POINT('Origin',(8.88178419700125E-15,5.,-8.88178419700125E-15));
#3665=CARTESIAN_POINT('',(-22.5000004023314,5.,15.0000002235174));
#3666=CARTESIAN_POINT('',(-22.5000004023314,5.,15.0000002235174));
#3667=CARTESIAN_POINT('',(-27.0000004023314,5.,15.0000002235174));
#3668=CARTESIAN_POINT('',(-27.5000004097819,5.,51.5000007674098));
#3669=CARTESIAN_POINT('',(-27.5000004097819,5.,25.7500003837049));
#3670=CARTESIAN_POINT('',(-4.50000006705523,5.,51.5000007674098));
#3671=CARTESIAN_POINT('',(-2.25000003352761,5.,51.5000007674098));
#3672=CARTESIAN_POINT('',(-4.50000006705523,5.,7.25000010803341));
#3673=CARTESIAN_POINT('',(-9.50000007450581,5.,15.0000002235174));
#3674=CARTESIAN_POINT('',(-27.0000004023314,5.,15.0000002235174));
#3675=CARTESIAN_POINT('',(-9.50000007450581,5.,17.5000002235174));
#3676=CARTESIAN_POINT('',(-9.50000007450581,5.,15.0000002235174));
#3677=CARTESIAN_POINT('',(-7.50000007450581,5.,19.5000002235174));
#3678=CARTESIAN_POINT('Origin',(-7.50000007450581,5.,17.5000002235174));
#3679=CARTESIAN_POINT('',(-5.00000007450581,5.,19.5000002235174));
#3680=CARTESIAN_POINT('',(-9.50000007450581,5.,19.5000002235174));
#3681=CARTESIAN_POINT('',(-5.00000007450581,5.,46.5000007599592));
#3682=CARTESIAN_POINT('',(-5.00000007450581,5.,15.0000002235174));
#3683=CARTESIAN_POINT('',(-7.50000007450581,5.,46.5000007599592));
#3684=CARTESIAN_POINT('',(-9.50000007450581,5.,46.5000007599592));
#3685=CARTESIAN_POINT('',(-9.50000007450581,5.,48.5000007599592));
#3686=CARTESIAN_POINT('Origin',(-7.50000007450581,5.,48.5000007599592));
#3687=CARTESIAN_POINT('',(-9.50000007450581,5.,51.0000007599592));
#3688=CARTESIAN_POINT('',(-9.50000007450581,5.,51.0000007599592));
#3689=CARTESIAN_POINT('',(-22.5000004023314,5.,51.0000007599592));
#3690=CARTESIAN_POINT('',(-5.00000007450581,5.,51.0000007599592));
#3691=CARTESIAN_POINT('',(-22.5000004023314,5.,48.5000007599592));
#3692=CARTESIAN_POINT('',(-22.5000004023314,5.,51.0000007599592));
#3693=CARTESIAN_POINT('',(-24.5000004023314,5.,46.5000007599592));
#3694=CARTESIAN_POINT('Origin',(-24.5000004023314,5.,48.5000007599592));
#3695=CARTESIAN_POINT('',(-27.0000004023314,5.,46.5000007599592));
#3696=CARTESIAN_POINT('',(-22.5000004023314,5.,46.5000007599592));
#3697=CARTESIAN_POINT('',(-27.0000004023314,5.,51.0000007599592));
#3698=CARTESIAN_POINT('Origin',(-7.50000007450581,3.,17.5000002235174));
#3699=CARTESIAN_POINT('',(-9.50000007450581,3.,17.5000002235174));
#3700=CARTESIAN_POINT('',(-7.50000007450581,3.,19.5000002235174));
#3701=CARTESIAN_POINT('Origin',(-9.50000007450581,3.,15.0000002235174));
#3702=CARTESIAN_POINT('',(-9.50000007450581,3.,15.0000002235174));
#3703=CARTESIAN_POINT('Origin',(-24.5000004023314,3.,48.5000007599592));
#3704=CARTESIAN_POINT('',(-22.5000004023314,3.,48.5000007599592));
#3705=CARTESIAN_POINT('',(-24.5000004023314,3.,46.5000007599592));
#3706=CARTESIAN_POINT('Origin',(-22.5000004023314,3.,51.0000007599592));
#3707=CARTESIAN_POINT('',(-22.5000004023314,3.,51.0000007599592));
#3708=CARTESIAN_POINT('Origin',(-7.50000007450581,3.,48.5000007599592));
#3709=CARTESIAN_POINT('',(-7.50000007450581,3.,46.5000007599592));
#3710=CARTESIAN_POINT('',(-9.50000007450581,3.,48.5000007599592));
#3711=CARTESIAN_POINT('Origin',(-5.00000007450581,3.,46.5000007599592));
#3712=CARTESIAN_POINT('',(-5.00000007450581,3.,46.5000007599592));
#3713=CARTESIAN_POINT('Origin',(23.5313730334031,6.,-53.5));
#3714=CARTESIAN_POINT('',(-47.0627460668062,3.04196010845019,-54.));
#3715=CARTESIAN_POINT('Origin',(-47.0627460668062,6.,-53.5));
#3716=CARTESIAN_POINT('Origin',(47.0627460668062,6.,-53.5));
#3717=CARTESIAN_POINT('Ctrl Pts',(-47.1418831772491,3.,-53.5));
#3718=CARTESIAN_POINT('Ctrl Pts',(-47.1108214930385,3.,-53.6627242288258));
#3719=CARTESIAN_POINT('Ctrl Pts',(-47.0840244278596,3.01341219139111,-53.8311082450372));
#3720=CARTESIAN_POINT('Ctrl Pts',(-47.0627460668062,3.04196010845019,-54.));
#3721=CARTESIAN_POINT('Origin',(47.0627460668062,7.,-54.));
#3722=CARTESIAN_POINT('Origin',(-47.0627460668062,3.,-54.));
#3723=CARTESIAN_POINT('',(-47.0627460668062,3.,-54.));
#3724=CARTESIAN_POINT('Origin',(-53.5,6.,-23.5313730334031));
#3725=CARTESIAN_POINT('',(-54.,3.04196010845019,47.0627460668062));
#3726=CARTESIAN_POINT('Origin',(-53.5,6.,47.0627460668062));
#3727=CARTESIAN_POINT('',(-54.,3.04196010845019,-47.0627460668062));
#3728=CARTESIAN_POINT('Origin',(-53.5,6.,-47.0627460668062));
#3729=CARTESIAN_POINT('Ctrl Pts',(-54.,3.04196010845019,-47.0627460668062));
#3730=CARTESIAN_POINT('Ctrl Pts',(-53.8311082449997,3.01341219138477,-47.0840244278643));
#3731=CARTESIAN_POINT('Ctrl Pts',(-53.6627242286456,3.,-47.1108214930729));
#3732=CARTESIAN_POINT('Ctrl Pts',(-53.5,3.,-47.1418831772491));
#3733=CARTESIAN_POINT('Ctrl Pts',(-53.5,3.,47.1418831772491));
#3734=CARTESIAN_POINT('Ctrl Pts',(-53.6627242288258,3.,47.1108214930385));
#3735=CARTESIAN_POINT('Ctrl Pts',(-53.8311082450372,3.01341219139111,47.0840244278596));
#3736=CARTESIAN_POINT('Ctrl Pts',(-54.,3.04196010845019,47.0627460668062));
#3737=CARTESIAN_POINT('Origin',(-54.,7.,-47.0627460668062));
#3738=CARTESIAN_POINT('',(-54.,3.,-47.0627460668062));
#3739=CARTESIAN_POINT('Origin',(-54.,3.,47.0627460668062));
#3740=CARTESIAN_POINT('',(-54.,3.,47.0627460668062));
#3741=CARTESIAN_POINT('Origin',(-23.5313730334031,6.,53.5));
#3742=CARTESIAN_POINT('Ctrl Pts',(-47.0627460668062,3.04196010845019,54.));
#3743=CARTESIAN_POINT('Ctrl Pts',(-47.0840244278643,3.01341219138478,53.8311082449997));
#3744=CARTESIAN_POINT('Ctrl Pts',(-47.1108214930729,3.,53.6627242286455));
#3745=CARTESIAN_POINT('Ctrl Pts',(-47.1418831772491,3.,53.5));
#3746=CARTESIAN_POINT('Origin',(53.5,6.,23.5313730334031));
#3747=CARTESIAN_POINT('Origin',(39.5000005885959,5.,-19.5000002905726));
#3748=CARTESIAN_POINT('',(39.5000005885959,5.,-19.5000002905726));
#3749=CARTESIAN_POINT('Origin',(0.500000007450581,5.,-19.5000002905726));
#3750=CARTESIAN_POINT('Origin',(-27.5000004097819,5.,-14.5000002160668));
#3751=CARTESIAN_POINT('',(-27.5000004097819,5.,-14.5000002160668));
#3752=CARTESIAN_POINT('',(-27.5000004097819,5.,-14.5000002160668));
#3753=CARTESIAN_POINT('',(-27.5000004097819,5.,-7.25000010803342));
#3754=CARTESIAN_POINT('Origin',(-19.968627128982,5.,-14.5000002160668));
#3755=CARTESIAN_POINT('',(-19.968627128982,5.,-14.5000002160668));
#3756=CARTESIAN_POINT('',(-19.968627128982,5.,-14.5000002160668));
#3757=CARTESIAN_POINT('',(-9.98431356449099,5.,-14.5000002160668));
#3758=CARTESIAN_POINT('Origin',(-27.5000004097819,5.,51.5000007674098));
#3759=CARTESIAN_POINT('',(-27.5000004097819,5.,51.5000007674098));
#3760=CARTESIAN_POINT('Origin',(-4.50000006705523,5.,51.5000007674098));
#3761=CARTESIAN_POINT('',(-4.50000006705523,5.,51.5000007674098));
#3762=CARTESIAN_POINT('Origin',(-4.50000006705523,5.,14.5000002160668));
#3763=CARTESIAN_POINT('Origin',(-5.00000007450581,3.,19.5000002235174));
#3764=CARTESIAN_POINT('',(-5.00000007450581,3.,19.5000002235174));
#3765=CARTESIAN_POINT('Origin',(-9.50000007450581,3.,19.5000002235174));
#3766=CARTESIAN_POINT('Origin',(-11.527864336731,3.,15.0000002235174));
#3767=CARTESIAN_POINT('Origin',(-22.5000004023314,3.,15.0000002235174));
#3768=CARTESIAN_POINT('',(-22.5000004023314,3.,15.0000002235174));
#3769=CARTESIAN_POINT('Origin',(-22.5000004023314,3.,19.5000002235174));
#3770=CARTESIAN_POINT('Origin',(-27.0000004023314,3.,46.5000007599592));
#3771=CARTESIAN_POINT('',(-27.0000004023314,3.,46.5000007599592));
#3772=CARTESIAN_POINT('Origin',(-22.5000004023314,3.,46.5000007599592));
#3773=CARTESIAN_POINT('Origin',(-9.50000007450581,3.,51.0000007599592));
#3774=CARTESIAN_POINT('',(-9.50000007450581,3.,51.0000007599592));
#3775=CARTESIAN_POINT('Origin',(-9.50000007450581,3.,46.5000007599592));
#3776=CARTESIAN_POINT('Origin',(-5.00000007450581,3.,-19.5000002235174));
#3777=CARTESIAN_POINT('',(-5.00000007450581,5.,-19.5000002235174));
#3778=CARTESIAN_POINT('',(-9.50000007450581,5.,-19.5000002235174));
#3779=CARTESIAN_POINT('',(-5.00000007450581,3.,-19.5000002235174));
#3780=CARTESIAN_POINT('Origin',(-5.00000007450581,3.,-46.500000692904));
#3781=CARTESIAN_POINT('',(-5.00000007450581,5.,-51.0000007599592));
#3782=CARTESIAN_POINT('Origin',(-9.50000014156103,3.,-51.0000007599592));
#3783=CARTESIAN_POINT('',(-9.50000014156103,5.,-51.0000007599592));
#3784=CARTESIAN_POINT('',(-9.50000014156103,5.,-51.0000007599592));
#3785=CARTESIAN_POINT('',(-9.50000014156103,3.,-51.0000007599592));
#3786=CARTESIAN_POINT('Origin',(-22.5000003352761,3.,-51.0000007599592));
#3787=CARTESIAN_POINT('',(-22.5000003352761,5.,-51.0000007599592));
#3788=CARTESIAN_POINT('',(-27.0000004023314,5.,-51.0000007599592));
#3789=CARTESIAN_POINT('',(-22.5000003352761,3.,-51.0000007599592));
#3790=CARTESIAN_POINT('Origin',(-22.5000003352761,3.,-46.500000692904));
#3791=CARTESIAN_POINT('',(-22.5000003352761,5.,-51.0000007599592));
#3792=CARTESIAN_POINT('Origin',(-27.0000004023314,3.,-19.5000002235174));
#3793=CARTESIAN_POINT('',(-27.0000004023314,5.,-15.0000002235174));
#3794=CARTESIAN_POINT('Origin',(-22.5000004023314,3.,-15.0000002235174));
#3795=CARTESIAN_POINT('',(-22.5000004023314,5.,-15.0000002235174));
#3796=CARTESIAN_POINT('',(-22.5000004023314,5.,-15.0000002235174));
#3797=CARTESIAN_POINT('',(-22.5000004023314,3.,-15.0000002235174));
#3798=CARTESIAN_POINT('Origin',(-20.4721361401061,3.,-15.0000002235174));
#3799=CARTESIAN_POINT('',(-20.4721361401062,5.,-15.0000002235174));
#3800=CARTESIAN_POINT('',(-5.00000007450581,5.,-15.0000002235174));
#3801=CARTESIAN_POINT('',(-20.4721361401061,3.,-15.0000002235174));
#3802=CARTESIAN_POINT('Origin',(-16.0000002384186,3.,-19.0000002831221));
#3803=CARTESIAN_POINT('',(-11.527864336731,5.,-15.0000002235174));
#3804=CARTESIAN_POINT('Origin',(-16.0000002384186,5.,-19.0000002831221));
#3805=CARTESIAN_POINT('',(-11.527864336731,3.,-15.0000002235174));
#3806=CARTESIAN_POINT('Origin',(-16.0000002384186,5.,-19.0000002831221));
#3807=CARTESIAN_POINT('Origin',(-9.50000007450581,3.,-15.0000002235174));
#3808=CARTESIAN_POINT('',(-5.00000007450581,5.,-15.0000002235174));
#3809=CARTESIAN_POINT('Origin',(39.0000005811453,3.,-14.5000002831221));
#3810=CARTESIAN_POINT('Origin',(34.5000005811453,3.,-19.0000002831221));
#3811=CARTESIAN_POINT('',(34.5000005811453,3.,-19.0000002831221));
#3812=CARTESIAN_POINT('Origin',(5.50000001490116,3.,-19.0000002831221));
#3813=CARTESIAN_POINT('Origin',(1.00000001490116,3.,-14.5000002831221));
#3814=CARTESIAN_POINT('',(1.00000001490116,3.,-14.5000002831221));
#3815=CARTESIAN_POINT('Origin',(1.00000001490116,3.,14.5000002831221));
#3816=CARTESIAN_POINT('',(1.00000001490116,3.,14.5000002831221));
#3817=CARTESIAN_POINT('Origin',(5.50000001490116,3.,14.5000002831221));
#3818=CARTESIAN_POINT('Origin',(34.5000005811453,3.,19.0000002831221));
#3819=CARTESIAN_POINT('',(34.5000005811453,3.,19.0000002831221));
#3820=CARTESIAN_POINT('Origin',(34.5000005811453,3.,14.5000002831221));
#3821=CARTESIAN_POINT('Origin',(-55.,3.,55.));
#3822=CARTESIAN_POINT('Origin',(-55.,3.,-55.));
#3823=CARTESIAN_POINT('Origin',(8.88178419700125E-15,5.,-8.88178419700125E-15));
#3824=UNCERTAINTY_MEASURE_WITH_UNIT(LENGTH_MEASURE(0.01),#3828,
'DISTANCE_ACCURACY_VALUE',
'Maximum model space distance between geometric entities at asserted c
onnectivities');
#3825=UNCERTAINTY_MEASURE_WITH_UNIT(LENGTH_MEASURE(0.01),#3828,
'DISTANCE_ACCURACY_VALUE',
'Maximum model space distance between geometric entities at asserted c
onnectivities');
#3826=(
GEOMETRIC_REPRESENTATION_CONTEXT(3)
GLOBAL_UNCERTAINTY_ASSIGNED_CONTEXT((#3824))
GLOBAL_UNIT_ASSIGNED_CONTEXT((#3828,#3830,#3831))
REPRESENTATION_CONTEXT('','3D')
);
#3827=(
GEOMETRIC_REPRESENTATION_CONTEXT(3)
GLOBAL_UNCERTAINTY_ASSIGNED_CONTEXT((#3825))
GLOBAL_UNIT_ASSIGNED_CONTEXT((#3828,#3830,#3831))
REPRESENTATION_CONTEXT('','3D')
);
#3828=(
LENGTH_UNIT()
NAMED_UNIT(*)
SI_UNIT(.MILLI.,.METRE.)
);
#3829=(
LENGTH_UNIT()
NAMED_UNIT(*)
SI_UNIT($,.METRE.)
);
#3830=(
NAMED_UNIT(*)
PLANE_ANGLE_UNIT()
SI_UNIT($,.RADIAN.)
);
#3831=(
NAMED_UNIT(*)
SI_UNIT($,.STERADIAN.)
SOLID_ANGLE_UNIT()
);
#3832=SHAPE_DEFINITION_REPRESENTATION(#3833,#3834);
#3833=PRODUCT_DEFINITION_SHAPE('',$,#3836);
#3834=SHAPE_REPRESENTATION('',(#2204),#3826);
#3835=PRODUCT_DEFINITION_CONTEXT('part definition',#3840,'design');
#3836=PRODUCT_DEFINITION('FusionComponent','FusionComponent',#3837,#3835);
#3837=PRODUCT_DEFINITION_FORMATION('',$,#3842);
#3838=PRODUCT_RELATED_PRODUCT_CATEGORY('FusionComponent',
'FusionComponent',(#3842));
#3839=APPLICATION_PROTOCOL_DEFINITION('international standard',
'automotive_design',2009,#3840);
#3840=APPLICATION_CONTEXT(
'Core Data for Automotive Mechanical Design Process');
#3841=PRODUCT_CONTEXT('part definition',#3840,'mechanical');
#3842=PRODUCT('FusionComponent','FusionComponent',$,(#3841));
#3843=PRESENTATION_STYLE_ASSIGNMENT((#3844));
#3844=SURFACE_STYLE_USAGE(.BOTH.,#3845);
#3845=SURFACE_SIDE_STYLE('',(#3846));
#3846=SURFACE_STYLE_FILL_AREA(#3847);
#3847=FILL_AREA_STYLE('Steel - Satin',(#3848));
#3848=FILL_AREA_STYLE_COLOUR('Steel - Satin',#3849);
#3849=COLOUR_RGB('Steel - Satin',0.627450980392157,0.627450980392157,0.627450980392157);
ENDSEC;
END-ISO-10303-21;
