ISO-10303-21;
HEADER;
/* Generated by software containing ST-Developer
 * from STEP Tools, Inc. (www.steptools.com) 
 */

FILE_DESCRIPTION(
/* description */ (''),
/* implementation_level */ '2;1');

FILE_NAME(
/* name */ 'lid.step',
/* time_stamp */ '2025-04-22T19:08:44+09:00',
/* author */ (''),
/* organization */ (''),
/* preprocessor_version */ 'ST-DEVELOPER v20.1',
/* originating_system */ 'Autodesk Translation Framework v14.4.0.0',
/* authorisation */ '');

FILE_SCHEMA (('AUTOMOTIVE_DESIGN { 1 0 10303 214 3 1 1 }'));
ENDSEC;

DATA;
#10=MECHANICAL_DESIGN_GEOMETRIC_PRESENTATION_REPRESENTATION('',(#13),#3100);
#11=SHAPE_REPRESENTATION_RELATIONSHIP('SRR','None',#3107,#12);
#12=ADVANCED_BREP_SHAPE_REPRESENTATION('',(#14),#3099);
#13=STYLED_ITEM('',(#3117),#14);
#14=MANIFOLD_SOLID_BREP('Body2',#1688);
#15=FACE_BOUND('',#388,.T.);
#16=FACE_BOUND('',#389,.T.);
#17=FACE_BOUND('',#390,.T.);
#18=FACE_BOUND('',#391,.T.);
#19=FACE_BOUND('',#392,.T.);
#20=FACE_BOUND('',#393,.T.);
#21=FACE_BOUND('',#415,.T.);
#22=FACE_BOUND('',#416,.T.);
#23=FACE_BOUND('',#417,.T.);
#24=FACE_BOUND('',#418,.T.);
#25=FACE_BOUND('',#419,.T.);
#26=SPHERICAL_SURFACE('',#1847,3.);
#27=SPHERICAL_SURFACE('',#1859,3.);
#28=SPHERICAL_SURFACE('',#1864,3.);
#29=SPHERICAL_SURFACE('',#1870,3.);
#30=SPHERICAL_SURFACE('',#1907,1.);
#31=SPHERICAL_SURFACE('',#1912,1.);
#32=SPHERICAL_SURFACE('',#1917,1.);
#33=SPHERICAL_SURFACE('',#1919,1.);
#34=PLANE('',#1788);
#35=PLANE('',#1795);
#36=PLANE('',#1796);
#37=PLANE('',#1797);
#38=PLANE('',#1800);
#39=PLANE('',#1803);
#40=PLANE('',#1804);
#41=PLANE('',#1807);
#42=PLANE('',#1818);
#43=PLANE('',#1821);
#44=PLANE('',#1824);
#45=PLANE('',#1825);
#46=PLANE('',#1826);
#47=PLANE('',#1830);
#48=PLANE('',#1879);
#49=PLANE('',#1880);
#50=PLANE('',#1889);
#51=PLANE('',#1890);
#52=PLANE('',#1891);
#53=PLANE('',#1892);
#54=PLANE('',#1922);
#55=PLANE('',#1924);
#56=PLANE('',#1925);
#57=PLANE('',#1927);
#58=PLANE('',#1929);
#59=ELLIPSE('',#1711,1.4142135623731,1.);
#60=ELLIPSE('',#1713,1.41421356237309,1.);
#61=ELLIPSE('',#1771,1.4142135623731,1.);
#62=ELLIPSE('',#1773,1.41421356237309,1.);
#63=CIRCLE('',#1704,9.5);
#64=CIRCLE('',#1705,10.5);
#65=CIRCLE('',#1708,9.5);
#66=CIRCLE('',#1709,10.5);
#67=CIRCLE('',#1715,0.999999999999996);
#68=CIRCLE('',#1717,0.999999999999996);
#69=CIRCLE('',#1718,3.);
#70=CIRCLE('',#1719,2.);
#71=CIRCLE('',#1721,0.999999999999996);
#72=CIRCLE('',#1722,5.5);
#73=CIRCLE('',#1723,6.5);
#74=CIRCLE('',#1725,0.999999999999996);
#75=CIRCLE('',#1726,3.);
#76=CIRCLE('',#1727,2.);
#77=CIRCLE('',#1729,0.999999999999996);
#78=CIRCLE('',#1731,0.999999999999996);
#79=CIRCLE('',#1732,3.);
#80=CIRCLE('',#1733,2.);
#81=CIRCLE('',#1735,0.999999999999996);
#82=CIRCLE('',#1736,5.5);
#83=CIRCLE('',#1737,6.5);
#84=CIRCLE('',#1739,0.999999999999996);
#85=CIRCLE('',#1740,3.);
#86=CIRCLE('',#1741,2.);
#87=CIRCLE('',#1743,0.999999999999996);
#88=CIRCLE('',#1745,0.999999999999996);
#89=CIRCLE('',#1746,3.);
#90=CIRCLE('',#1747,2.);
#91=CIRCLE('',#1749,0.999999999999996);
#92=CIRCLE('',#1750,5.50000000000004);
#93=CIRCLE('',#1751,6.50000000000004);
#94=CIRCLE('',#1753,0.999999999999996);
#95=CIRCLE('',#1754,3.);
#96=CIRCLE('',#1755,2.);
#97=CIRCLE('',#1757,0.999999999999996);
#98=CIRCLE('',#1759,0.999999999999996);
#99=CIRCLE('',#1760,3.);
#100=CIRCLE('',#1761,2.);
#101=CIRCLE('',#1763,0.999999999999996);
#102=CIRCLE('',#1764,5.5);
#103=CIRCLE('',#1765,6.5);
#104=CIRCLE('',#1767,0.999999999999996);
#105=CIRCLE('',#1768,3.);
#106=CIRCLE('',#1769,2.);
#107=CIRCLE('',#1776,10.5);
#108=CIRCLE('',#1777,9.5);
#109=CIRCLE('',#1780,10.5000006705523);
#110=CIRCLE('',#1781,9.50000067055227);
#111=CIRCLE('',#1783,3.);
#112=CIRCLE('',#1785,5.50000000000004);
#113=CIRCLE('',#1787,3.);
#114=CIRCLE('',#1790,3.);
#115=CIRCLE('',#1792,5.5);
#116=CIRCLE('',#1794,3.);
#117=CIRCLE('',#1799,10.5);
#118=CIRCLE('',#1802,10.5000006705523);
#119=CIRCLE('',#1806,3.);
#120=CIRCLE('',#1809,5.5);
#121=CIRCLE('',#1811,3.);
#122=CIRCLE('',#1813,3.);
#123=CIRCLE('',#1815,5.5);
#124=CIRCLE('',#1817,3.);
#125=CIRCLE('',#1820,10.5);
#126=CIRCLE('',#1823,10.5);
#127=CIRCLE('',#1828,3.175);
#128=CIRCLE('',#1829,3.175);
#129=CIRCLE('',#1832,6.);
#130=CIRCLE('',#1833,3.);
#131=CIRCLE('',#1834,3.);
#132=CIRCLE('',#1835,3.00000000000001);
#133=CIRCLE('',#1837,6.);
#134=CIRCLE('',#1838,3.);
#135=CIRCLE('',#1839,3.);
#136=CIRCLE('',#1840,3.00000000000001);
#137=CIRCLE('',#1842,6.);
#138=CIRCLE('',#1843,3.);
#139=CIRCLE('',#1844,3.);
#140=CIRCLE('',#1845,3.00000000000001);
#141=CIRCLE('',#1848,3.);
#142=CIRCLE('',#1849,3.);
#143=CIRCLE('',#1850,3.);
#144=CIRCLE('',#1853,3.);
#145=CIRCLE('',#1854,3.00000000000001);
#146=CIRCLE('',#1855,6.);
#147=CIRCLE('',#1856,3.);
#148=CIRCLE('',#1860,3.);
#149=CIRCLE('',#1861,3.);
#150=CIRCLE('',#1862,3.);
#151=CIRCLE('',#1865,3.);
#152=CIRCLE('',#1866,3.);
#153=CIRCLE('',#1867,3.);
#154=CIRCLE('',#1871,3.);
#155=CIRCLE('',#1872,3.);
#156=CIRCLE('',#1873,3.);
#157=CIRCLE('',#1881,1.);
#158=CIRCLE('',#1882,1.);
#159=CIRCLE('',#1883,1.);
#160=CIRCLE('',#1884,1.);
#161=CIRCLE('',#1885,1.75);
#162=CIRCLE('',#1886,1.75);
#163=CIRCLE('',#1887,1.75);
#164=CIRCLE('',#1888,1.75);
#165=CIRCLE('',#1894,1.75);
#166=CIRCLE('',#1896,1.75);
#167=CIRCLE('',#1898,1.75);
#168=CIRCLE('',#1900,1.75);
#169=CIRCLE('',#1902,0.999999999999996);
#170=CIRCLE('',#1903,0.999999999999988);
#171=CIRCLE('',#1905,0.999999999999996);
#172=CIRCLE('',#1906,0.999999999999996);
#173=CIRCLE('',#1908,0.999999999999998);
#174=CIRCLE('',#1910,0.999999999999996);
#175=CIRCLE('',#1911,1.00000000000001);
#176=CIRCLE('',#1913,0.999999999999998);
#177=CIRCLE('',#1915,0.999999999999996);
#178=CIRCLE('',#1916,0.999999999999996);
#179=CIRCLE('',#1918,0.999999999999998);
#180=CIRCLE('',#1920,0.999999999999998);
#181=TOROIDAL_SURFACE('',#1703,9.5,1.);
#182=TOROIDAL_SURFACE('',#1707,9.5,1.);
#183=TOROIDAL_SURFACE('',#1716,2.,1.);
#184=TOROIDAL_SURFACE('',#1720,6.5,1.);
#185=TOROIDAL_SURFACE('',#1724,2.,1.);
#186=TOROIDAL_SURFACE('',#1730,2.,1.);
#187=TOROIDAL_SURFACE('',#1734,6.5,1.);
#188=TOROIDAL_SURFACE('',#1738,2.,1.);
#189=TOROIDAL_SURFACE('',#1744,2.,1.);
#190=TOROIDAL_SURFACE('',#1748,6.50000000000004,1.);
#191=TOROIDAL_SURFACE('',#1752,2.,1.);
#192=TOROIDAL_SURFACE('',#1758,2.,1.);
#193=TOROIDAL_SURFACE('',#1762,6.5,1.);
#194=TOROIDAL_SURFACE('',#1766,2.,1.);
#195=TOROIDAL_SURFACE('',#1775,9.5,1.);
#196=TOROIDAL_SURFACE('',#1779,9.50000067055227,1.);
#197=TOROIDAL_SURFACE('',#1831,6.,3.00000000000001);
#198=TOROIDAL_SURFACE('',#1836,6.,3.00000000000001);
#199=TOROIDAL_SURFACE('',#1841,6.,3.00000000000001);
#200=TOROIDAL_SURFACE('',#1852,6.,3.);
#201=FACE_OUTER_BOUND('',#307,.T.);
#202=FACE_OUTER_BOUND('',#308,.T.);
#203=FACE_OUTER_BOUND('',#309,.T.);
#204=FACE_OUTER_BOUND('',#310,.T.);
#205=FACE_OUTER_BOUND('',#311,.T.);
#206=FACE_OUTER_BOUND('',#312,.T.);
#207=FACE_OUTER_BOUND('',#313,.T.);
#208=FACE_OUTER_BOUND('',#314,.T.);
#209=FACE_OUTER_BOUND('',#315,.T.);
#210=FACE_OUTER_BOUND('',#316,.T.);
#211=FACE_OUTER_BOUND('',#317,.T.);
#212=FACE_OUTER_BOUND('',#318,.T.);
#213=FACE_OUTER_BOUND('',#319,.T.);
#214=FACE_OUTER_BOUND('',#320,.T.);
#215=FACE_OUTER_BOUND('',#321,.T.);
#216=FACE_OUTER_BOUND('',#322,.T.);
#217=FACE_OUTER_BOUND('',#323,.T.);
#218=FACE_OUTER_BOUND('',#324,.T.);
#219=FACE_OUTER_BOUND('',#325,.T.);
#220=FACE_OUTER_BOUND('',#326,.T.);
#221=FACE_OUTER_BOUND('',#327,.T.);
#222=FACE_OUTER_BOUND('',#328,.T.);
#223=FACE_OUTER_BOUND('',#329,.T.);
#224=FACE_OUTER_BOUND('',#330,.T.);
#225=FACE_OUTER_BOUND('',#331,.T.);
#226=FACE_OUTER_BOUND('',#332,.T.);
#227=FACE_OUTER_BOUND('',#333,.T.);
#228=FACE_OUTER_BOUND('',#334,.T.);
#229=FACE_OUTER_BOUND('',#335,.T.);
#230=FACE_OUTER_BOUND('',#336,.T.);
#231=FACE_OUTER_BOUND('',#337,.T.);
#232=FACE_OUTER_BOUND('',#338,.T.);
#233=FACE_OUTER_BOUND('',#339,.T.);
#234=FACE_OUTER_BOUND('',#340,.T.);
#235=FACE_OUTER_BOUND('',#341,.T.);
#236=FACE_OUTER_BOUND('',#342,.T.);
#237=FACE_OUTER_BOUND('',#343,.T.);
#238=FACE_OUTER_BOUND('',#344,.T.);
#239=FACE_OUTER_BOUND('',#345,.T.);
#240=FACE_OUTER_BOUND('',#346,.T.);
#241=FACE_OUTER_BOUND('',#347,.T.);
#242=FACE_OUTER_BOUND('',#348,.T.);
#243=FACE_OUTER_BOUND('',#349,.T.);
#244=FACE_OUTER_BOUND('',#350,.T.);
#245=FACE_OUTER_BOUND('',#351,.T.);
#246=FACE_OUTER_BOUND('',#352,.T.);
#247=FACE_OUTER_BOUND('',#353,.T.);
#248=FACE_OUTER_BOUND('',#354,.T.);
#249=FACE_OUTER_BOUND('',#355,.T.);
#250=FACE_OUTER_BOUND('',#356,.T.);
#251=FACE_OUTER_BOUND('',#357,.T.);
#252=FACE_OUTER_BOUND('',#358,.T.);
#253=FACE_OUTER_BOUND('',#359,.T.);
#254=FACE_OUTER_BOUND('',#360,.T.);
#255=FACE_OUTER_BOUND('',#361,.T.);
#256=FACE_OUTER_BOUND('',#362,.T.);
#257=FACE_OUTER_BOUND('',#363,.T.);
#258=FACE_OUTER_BOUND('',#364,.T.);
#259=FACE_OUTER_BOUND('',#365,.T.);
#260=FACE_OUTER_BOUND('',#366,.T.);
#261=FACE_OUTER_BOUND('',#367,.T.);
#262=FACE_OUTER_BOUND('',#368,.T.);
#263=FACE_OUTER_BOUND('',#369,.T.);
#264=FACE_OUTER_BOUND('',#370,.T.);
#265=FACE_OUTER_BOUND('',#371,.T.);
#266=FACE_OUTER_BOUND('',#372,.T.);
#267=FACE_OUTER_BOUND('',#373,.T.);
#268=FACE_OUTER_BOUND('',#374,.T.);
#269=FACE_OUTER_BOUND('',#375,.T.);
#270=FACE_OUTER_BOUND('',#376,.T.);
#271=FACE_OUTER_BOUND('',#377,.T.);
#272=FACE_OUTER_BOUND('',#378,.T.);
#273=FACE_OUTER_BOUND('',#379,.T.);
#274=FACE_OUTER_BOUND('',#380,.T.);
#275=FACE_OUTER_BOUND('',#381,.T.);
#276=FACE_OUTER_BOUND('',#382,.T.);
#277=FACE_OUTER_BOUND('',#383,.T.);
#278=FACE_OUTER_BOUND('',#384,.T.);
#279=FACE_OUTER_BOUND('',#385,.T.);
#280=FACE_OUTER_BOUND('',#386,.T.);
#281=FACE_OUTER_BOUND('',#387,.T.);
#282=FACE_OUTER_BOUND('',#394,.T.);
#283=FACE_OUTER_BOUND('',#395,.T.);
#284=FACE_OUTER_BOUND('',#396,.T.);
#285=FACE_OUTER_BOUND('',#397,.T.);
#286=FACE_OUTER_BOUND('',#398,.T.);
#287=FACE_OUTER_BOUND('',#399,.T.);
#288=FACE_OUTER_BOUND('',#400,.T.);
#289=FACE_OUTER_BOUND('',#401,.T.);
#290=FACE_OUTER_BOUND('',#402,.T.);
#291=FACE_OUTER_BOUND('',#403,.T.);
#292=FACE_OUTER_BOUND('',#404,.T.);
#293=FACE_OUTER_BOUND('',#405,.T.);
#294=FACE_OUTER_BOUND('',#406,.T.);
#295=FACE_OUTER_BOUND('',#407,.T.);
#296=FACE_OUTER_BOUND('',#408,.T.);
#297=FACE_OUTER_BOUND('',#409,.T.);
#298=FACE_OUTER_BOUND('',#410,.T.);
#299=FACE_OUTER_BOUND('',#411,.T.);
#300=FACE_OUTER_BOUND('',#412,.T.);
#301=FACE_OUTER_BOUND('',#413,.T.);
#302=FACE_OUTER_BOUND('',#414,.T.);
#303=FACE_OUTER_BOUND('',#420,.T.);
#304=FACE_OUTER_BOUND('',#421,.T.);
#305=FACE_OUTER_BOUND('',#422,.T.);
#306=FACE_OUTER_BOUND('',#423,.T.);
#307=EDGE_LOOP('',(#1043,#1044,#1045,#1046));
#308=EDGE_LOOP('',(#1047,#1048,#1049,#1050));
#309=EDGE_LOOP('',(#1051,#1052,#1053,#1054));
#310=EDGE_LOOP('',(#1055,#1056,#1057,#1058));
#311=EDGE_LOOP('',(#1059,#1060,#1061,#1062));
#312=EDGE_LOOP('',(#1063,#1064,#1065,#1066));
#313=EDGE_LOOP('',(#1067,#1068,#1069,#1070));
#314=EDGE_LOOP('',(#1071,#1072,#1073,#1074));
#315=EDGE_LOOP('',(#1075,#1076,#1077,#1078));
#316=EDGE_LOOP('',(#1079,#1080,#1081,#1082));
#317=EDGE_LOOP('',(#1083,#1084,#1085,#1086));
#318=EDGE_LOOP('',(#1087,#1088,#1089,#1090));
#319=EDGE_LOOP('',(#1091,#1092,#1093,#1094));
#320=EDGE_LOOP('',(#1095,#1096,#1097,#1098));
#321=EDGE_LOOP('',(#1099,#1100,#1101,#1102));
#322=EDGE_LOOP('',(#1103,#1104,#1105,#1106));
#323=EDGE_LOOP('',(#1107,#1108,#1109,#1110));
#324=EDGE_LOOP('',(#1111,#1112,#1113,#1114));
#325=EDGE_LOOP('',(#1115,#1116,#1117,#1118));
#326=EDGE_LOOP('',(#1119,#1120,#1121,#1122));
#327=EDGE_LOOP('',(#1123,#1124,#1125,#1126));
#328=EDGE_LOOP('',(#1127,#1128,#1129,#1130));
#329=EDGE_LOOP('',(#1131,#1132,#1133,#1134));
#330=EDGE_LOOP('',(#1135,#1136,#1137,#1138));
#331=EDGE_LOOP('',(#1139,#1140,#1141,#1142));
#332=EDGE_LOOP('',(#1143,#1144,#1145,#1146));
#333=EDGE_LOOP('',(#1147,#1148,#1149,#1150));
#334=EDGE_LOOP('',(#1151,#1152,#1153,#1154));
#335=EDGE_LOOP('',(#1155,#1156,#1157,#1158));
#336=EDGE_LOOP('',(#1159,#1160,#1161,#1162));
#337=EDGE_LOOP('',(#1163,#1164,#1165,#1166));
#338=EDGE_LOOP('',(#1167,#1168,#1169,#1170));
#339=EDGE_LOOP('',(#1171,#1172,#1173,#1174));
#340=EDGE_LOOP('',(#1175,#1176,#1177,#1178));
#341=EDGE_LOOP('',(#1179,#1180,#1181,#1182));
#342=EDGE_LOOP('',(#1183,#1184,#1185,#1186));
#343=EDGE_LOOP('',(#1187,#1188,#1189,#1190));
#344=EDGE_LOOP('',(#1191,#1192,#1193,#1194));
#345=EDGE_LOOP('',(#1195,#1196,#1197,#1198));
#346=EDGE_LOOP('',(#1199,#1200,#1201,#1202));
#347=EDGE_LOOP('',(#1203,#1204,#1205,#1206));
#348=EDGE_LOOP('',(#1207,#1208,#1209,#1210));
#349=EDGE_LOOP('',(#1211,#1212,#1213,#1214,#1215,#1216,#1217,#1218,#1219,
#1220,#1221,#1222,#1223,#1224,#1225,#1226,#1227,#1228,#1229,#1230,#1231,
#1232,#1233,#1234,#1235,#1236,#1237,#1238));
#350=EDGE_LOOP('',(#1239,#1240,#1241,#1242));
#351=EDGE_LOOP('',(#1243,#1244,#1245,#1246));
#352=EDGE_LOOP('',(#1247,#1248,#1249,#1250));
#353=EDGE_LOOP('',(#1251,#1252,#1253,#1254));
#354=EDGE_LOOP('',(#1255,#1256,#1257,#1258));
#355=EDGE_LOOP('',(#1259,#1260,#1261,#1262));
#356=EDGE_LOOP('',(#1263,#1264,#1265,#1266));
#357=EDGE_LOOP('',(#1267,#1268,#1269,#1270));
#358=EDGE_LOOP('',(#1271,#1272,#1273,#1274));
#359=EDGE_LOOP('',(#1275,#1276,#1277,#1278));
#360=EDGE_LOOP('',(#1279,#1280,#1281,#1282));
#361=EDGE_LOOP('',(#1283,#1284,#1285,#1286));
#362=EDGE_LOOP('',(#1287,#1288,#1289,#1290));
#363=EDGE_LOOP('',(#1291,#1292,#1293,#1294));
#364=EDGE_LOOP('',(#1295,#1296,#1297,#1298));
#365=EDGE_LOOP('',(#1299));
#366=EDGE_LOOP('',(#1300,#1301,#1302,#1303));
#367=EDGE_LOOP('',(#1304,#1305,#1306,#1307));
#368=EDGE_LOOP('',(#1308,#1309,#1310,#1311));
#369=EDGE_LOOP('',(#1312,#1313,#1314,#1315));
#370=EDGE_LOOP('',(#1316,#1317,#1318));
#371=EDGE_LOOP('',(#1319,#1320,#1321,#1322));
#372=EDGE_LOOP('',(#1323,#1324,#1325,#1326));
#373=EDGE_LOOP('',(#1327,#1328,#1329,#1330));
#374=EDGE_LOOP('',(#1331,#1332,#1333,#1334));
#375=EDGE_LOOP('',(#1335,#1336,#1337));
#376=EDGE_LOOP('',(#1338,#1339,#1340,#1341));
#377=EDGE_LOOP('',(#1342,#1343,#1344));
#378=EDGE_LOOP('',(#1345,#1346,#1347,#1348));
#379=EDGE_LOOP('',(#1349,#1350,#1351,#1352));
#380=EDGE_LOOP('',(#1353,#1354,#1355));
#381=EDGE_LOOP('',(#1356,#1357,#1358,#1359));
#382=EDGE_LOOP('',(#1360,#1361,#1362,#1363));
#383=EDGE_LOOP('',(#1364,#1365,#1366,#1367));
#384=EDGE_LOOP('',(#1368,#1369,#1370,#1371));
#385=EDGE_LOOP('',(#1372,#1373,#1374,#1375));
#386=EDGE_LOOP('',(#1376,#1377,#1378,#1379));
#387=EDGE_LOOP('',(#1380,#1381,#1382,#1383,#1384,#1385,#1386,#1387));
#388=EDGE_LOOP('',(#1388,#1389,#1390,#1391,#1392,#1393,#1394,#1395,#1396,
#1397,#1398,#1399,#1400,#1401,#1402,#1403,#1404,#1405,#1406,#1407,#1408,
#1409,#1410,#1411,#1412,#1413,#1414,#1415));
#389=EDGE_LOOP('',(#1416));
#390=EDGE_LOOP('',(#1417));
#391=EDGE_LOOP('',(#1418));
#392=EDGE_LOOP('',(#1419));
#393=EDGE_LOOP('',(#1420,#1421,#1422,#1423,#1424,#1425,#1426,#1427));
#394=EDGE_LOOP('',(#1428,#1429,#1430,#1431));
#395=EDGE_LOOP('',(#1432,#1433,#1434,#1435));
#396=EDGE_LOOP('',(#1436,#1437,#1438,#1439));
#397=EDGE_LOOP('',(#1440,#1441,#1442,#1443));
#398=EDGE_LOOP('',(#1444,#1445,#1446,#1447));
#399=EDGE_LOOP('',(#1448,#1449,#1450,#1451));
#400=EDGE_LOOP('',(#1452,#1453,#1454,#1455));
#401=EDGE_LOOP('',(#1456,#1457,#1458,#1459));
#402=EDGE_LOOP('',(#1460,#1461,#1462,#1463));
#403=EDGE_LOOP('',(#1464,#1465,#1466,#1467));
#404=EDGE_LOOP('',(#1468,#1469,#1470));
#405=EDGE_LOOP('',(#1471,#1472,#1473,#1474));
#406=EDGE_LOOP('',(#1475,#1476,#1477));
#407=EDGE_LOOP('',(#1478,#1479,#1480,#1481));
#408=EDGE_LOOP('',(#1482,#1483,#1484));
#409=EDGE_LOOP('',(#1485,#1486,#1487));
#410=EDGE_LOOP('',(#1488,#1489,#1490,#1491));
#411=EDGE_LOOP('',(#1492,#1493,#1494,#1495));
#412=EDGE_LOOP('',(#1496,#1497,#1498,#1499));
#413=EDGE_LOOP('',(#1500,#1501,#1502,#1503));
#414=EDGE_LOOP('',(#1504,#1505,#1506,#1507));
#415=EDGE_LOOP('',(#1508));
#416=EDGE_LOOP('',(#1509));
#417=EDGE_LOOP('',(#1510));
#418=EDGE_LOOP('',(#1511));
#419=EDGE_LOOP('',(#1512));
#420=EDGE_LOOP('',(#1513,#1514,#1515,#1516));
#421=EDGE_LOOP('',(#1517,#1518,#1519,#1520));
#422=EDGE_LOOP('',(#1521,#1522,#1523,#1524));
#423=EDGE_LOOP('',(#1525,#1526,#1527,#1528));
#424=B_SPLINE_CURVE_WITH_KNOTS('',3,(#2507,#2508,#2509,#2510,#2511,#2512,
#2513,#2514,#2515,#2516,#2517,#2518,#2519,#2520),.UNSPECIFIED.,.F.,.F.,
(4,2,2,2,2,2,4),(-0.000561112381410563,0.,0.0338332839468643,0.0666280391712693,
0.109156408002147,0.144521504879931,0.176965016139569),.UNSPECIFIED.);
#425=B_SPLINE_CURVE_WITH_KNOTS('',3,(#2523,#2524,#2525,#2526,#2527,#2528,
#2529,#2530,#2531,#2532,#2533,#2534,#2535,#2536),.UNSPECIFIED.,.F.,.F.,
(4,2,2,2,2,2,4),(-0.354491146278067,-0.353930033891862,-0.320096749358044,
-0.287301993601031,-0.244773624689032,-0.209408527967383,-0.176965016945959),
 .UNSPECIFIED.);
#426=B_SPLINE_CURVE_WITH_KNOTS('',3,(#2541,#2542,#2543,#2544,#2545,#2546,
#2547,#2548,#2549,#2550,#2551,#2552,#2553,#2554),.UNSPECIFIED.,.F.,.F.,
(4,2,2,2,2,2,4),(-0.354491144634764,-0.353930032253191,-0.320096748308583,
-0.287301993086732,-0.244773624258997,-0.209408527383824,-0.176965016126597),
 .UNSPECIFIED.);
#427=B_SPLINE_CURVE_WITH_KNOTS('',3,(#2560,#2561,#2562,#2563,#2564,#2565,
#2566,#2567,#2568,#2569,#2570,#2571,#2572,#2573),.UNSPECIFIED.,.F.,.F.,
(4,2,2,2,2,2,4),(-0.000561112381614105,0.,0.033833283945687,0.0666280391687683,
0.109156407998107,0.144521504874603,0.176965016133041),.UNSPECIFIED.);
#428=B_SPLINE_CURVE_WITH_KNOTS('',3,(#2579,#2580,#2581,#2582,#2583,#2584,
#2585,#2586,#2587,#2588,#2589,#2590,#2591,#2592),.UNSPECIFIED.,.F.,.F.,
(4,2,2,2,2,2,4),(-0.354491144647367,-0.353930032265498,-0.320096748319972,
-0.287301993097072,-0.24477362426781,-0.209408527391373,-0.176965016133),
 .UNSPECIFIED.);
#429=B_SPLINE_CURVE_WITH_KNOTS('',3,(#2719,#2720,#2721,#2722,#2723,#2724,
#2725,#2726,#2727,#2728,#2729,#2730,#2731,#2732),.UNSPECIFIED.,.F.,.F.,
(4,2,2,2,2,2,4),(-0.00056111238137565,0.,0.0338332839459549,0.0666280391693066,
0.109156407998813,0.144521504875482,0.176965016134079),.UNSPECIFIED.);
#430=B_SPLINE_CURVE_WITH_KNOTS('',3,(#2738,#2739,#2740,#2741,#2742,#2743,
#2744,#2745,#2746,#2747,#2748,#2749,#2750,#2751),.UNSPECIFIED.,.F.,.F.,
(4,2,2,2,2,2,4),(-0.354491144653938,-0.353930032272308,-0.32009674832611,
-0.287301993102432,-0.244773624272344,-0.209408527395201,-0.17696501613617),
 .UNSPECIFIED.);
#431=B_SPLINE_CURVE_WITH_KNOTS('',3,(#2757,#2758,#2759,#2760,#2761,#2762,
#2763,#2764,#2765,#2766,#2767,#2768,#2769,#2770),.UNSPECIFIED.,.F.,.F.,
(4,2,2,2,2,2,4),(-0.000561112386219468,0.,0.0338332845337488,0.0666280402906679,
0.10915640920253,0.144521505924081,0.176965016945423),.UNSPECIFIED.);
#432=LINE('',#2505,#545);
#433=LINE('',#2522,#546);
#434=LINE('',#2558,#547);
#435=LINE('',#2574,#548);
#436=LINE('',#2596,#549);
#437=LINE('',#2599,#550);
#438=LINE('',#2602,#551);
#439=LINE('',#2605,#552);
#440=LINE('',#2608,#553);
#441=LINE('',#2611,#554);
#442=LINE('',#2634,#555);
#443=LINE('',#2635,#556);
#444=LINE('',#2658,#557);
#445=LINE('',#2659,#558);
#446=LINE('',#2682,#559);
#447=LINE('',#2683,#560);
#448=LINE('',#2704,#561);
#449=LINE('',#2706,#562);
#450=LINE('',#2710,#563);
#451=LINE('',#2712,#564);
#452=LINE('',#2716,#565);
#453=LINE('',#2718,#566);
#454=LINE('',#2754,#567);
#455=LINE('',#2756,#568);
#456=LINE('',#2776,#569);
#457=LINE('',#2779,#570);
#458=LINE('',#2782,#571);
#459=LINE('',#2786,#572);
#460=LINE('',#2790,#573);
#461=LINE('',#2791,#574);
#462=LINE('',#2794,#575);
#463=LINE('',#2798,#576);
#464=LINE('',#2802,#577);
#465=LINE('',#2806,#578);
#466=LINE('',#2807,#579);
#467=LINE('',#2810,#580);
#468=LINE('',#2811,#581);
#469=LINE('',#2814,#582);
#470=LINE('',#2815,#583);
#471=LINE('',#2818,#584);
#472=LINE('',#2822,#585);
#473=LINE('',#2823,#586);
#474=LINE('',#2826,#587);
#475=LINE('',#2830,#588);
#476=LINE('',#2831,#589);
#477=LINE('',#2835,#590);
#478=LINE('',#2838,#591);
#479=LINE('',#2841,#592);
#480=LINE('',#2842,#593);
#481=LINE('',#2846,#594);
#482=LINE('',#2850,#595);
#483=LINE('',#2853,#596);
#484=LINE('',#2856,#597);
#485=LINE('',#2860,#598);
#486=LINE('',#2864,#599);
#487=LINE('',#2867,#600);
#488=LINE('',#2871,#601);
#489=LINE('',#2872,#602);
#490=LINE('',#2875,#603);
#491=LINE('',#2879,#604);
#492=LINE('',#2880,#605);
#493=LINE('',#2883,#606);
#494=LINE('',#2884,#607);
#495=LINE('',#2886,#608);
#496=LINE('',#2891,#609);
#497=LINE('',#2922,#610);
#498=LINE('',#2923,#611);
#499=LINE('',#2932,#612);
#500=LINE('',#2933,#613);
#501=LINE('',#2944,#614);
#502=LINE('',#2945,#615);
#503=LINE('',#2947,#616);
#504=LINE('',#2948,#617);
#505=LINE('',#2957,#618);
#506=LINE('',#2958,#619);
#507=LINE('',#2967,#620);
#508=LINE('',#2968,#621);
#509=LINE('',#2970,#622);
#510=LINE('',#2971,#623);
#511=LINE('',#2980,#624);
#512=LINE('',#2981,#625);
#513=LINE('',#2983,#626);
#514=LINE('',#2984,#627);
#515=LINE('',#2986,#628);
#516=LINE('',#2987,#629);
#517=LINE('',#2989,#630);
#518=LINE('',#2990,#631);
#519=LINE('',#2992,#632);
#520=LINE('',#2993,#633);
#521=LINE('',#3000,#634);
#522=LINE('',#3004,#635);
#523=LINE('',#3008,#636);
#524=LINE('',#3011,#637);
#525=LINE('',#3027,#638);
#526=LINE('',#3031,#639);
#527=LINE('',#3035,#640);
#528=LINE('',#3039,#641);
#529=LINE('',#3045,#642);
#530=LINE('',#3048,#643);
#531=LINE('',#3054,#644);
#532=LINE('',#3056,#645);
#533=LINE('',#3064,#646);
#534=LINE('',#3066,#647);
#535=LINE('',#3073,#648);
#536=LINE('',#3075,#649);
#537=LINE('',#3081,#650);
#538=LINE('',#3082,#651);
#539=LINE('',#3084,#652);
#540=LINE('',#3086,#653);
#541=LINE('',#3088,#654);
#542=LINE('',#3091,#655);
#543=LINE('',#3092,#656);
#544=LINE('',#3095,#657);
#545=VECTOR('',#1934,10.);
#546=VECTOR('',#1935,10.);
#547=VECTOR('',#1944,10.);
#548=VECTOR('',#1945,10.);
#549=VECTOR('',#1954,10.);
#550=VECTOR('',#1957,10.);
#551=VECTOR('',#1960,10.);
#552=VECTOR('',#1963,10.);
#553=VECTOR('',#1966,10.);
#554=VECTOR('',#1969,10.);
#555=VECTOR('',#1998,10.);
#556=VECTOR('',#1999,10.);
#557=VECTOR('',#2028,10.);
#558=VECTOR('',#2029,10.);
#559=VECTOR('',#2058,10.);
#560=VECTOR('',#2059,10.);
#561=VECTOR('',#2086,10.);
#562=VECTOR('',#2087,10.);
#563=VECTOR('',#2092,10.);
#564=VECTOR('',#2093,10.);
#565=VECTOR('',#2098,10.);
#566=VECTOR('',#2099,10.);
#567=VECTOR('',#2108,10.);
#568=VECTOR('',#2109,10.);
#569=VECTOR('',#2118,3.);
#570=VECTOR('',#2121,3.);
#571=VECTOR('',#2124,3.);
#572=VECTOR('',#2129,3.);
#573=VECTOR('',#2134,3.);
#574=VECTOR('',#2135,10.);
#575=VECTOR('',#2138,3.);
#576=VECTOR('',#2143,3.);
#577=VECTOR('',#2148,3.);
#578=VECTOR('',#2153,10.);
#579=VECTOR('',#2154,10.);
#580=VECTOR('',#2157,10.);
#581=VECTOR('',#2158,10.);
#582=VECTOR('',#2161,10.);
#583=VECTOR('',#2162,10.);
#584=VECTOR('',#2165,10.);
#585=VECTOR('',#2170,10.);
#586=VECTOR('',#2171,10.);
#587=VECTOR('',#2174,10.);
#588=VECTOR('',#2179,10.);
#589=VECTOR('',#2180,10.);
#590=VECTOR('',#2185,3.);
#591=VECTOR('',#2188,3.);
#592=VECTOR('',#2191,3.);
#593=VECTOR('',#2192,10.);
#594=VECTOR('',#2197,3.);
#595=VECTOR('',#2202,3.);
#596=VECTOR('',#2205,3.);
#597=VECTOR('',#2208,3.);
#598=VECTOR('',#2213,3.);
#599=VECTOR('',#2220,10.);
#600=VECTOR('',#2223,10.);
#601=VECTOR('',#2228,10.);
#602=VECTOR('',#2229,10.);
#603=VECTOR('',#2232,10.);
#604=VECTOR('',#2237,10.);
#605=VECTOR('',#2238,10.);
#606=VECTOR('',#2241,10.);
#607=VECTOR('',#2242,10.);
#608=VECTOR('',#2245,10.);
#609=VECTOR('',#2250,3.175);
#610=VECTOR('',#2287,10.);
#611=VECTOR('',#2288,10.);
#612=VECTOR('',#2299,10.);
#613=VECTOR('',#2300,10.);
#614=VECTOR('',#2313,10.);
#615=VECTOR('',#2314,10.);
#616=VECTOR('',#2317,10.);
#617=VECTOR('',#2318,10.);
#618=VECTOR('',#2329,10.);
#619=VECTOR('',#2330,10.);
#620=VECTOR('',#2341,10.);
#621=VECTOR('',#2342,10.);
#622=VECTOR('',#2345,10.);
#623=VECTOR('',#2346,10.);
#624=VECTOR('',#2357,10.);
#625=VECTOR('',#2358,10.);
#626=VECTOR('',#2361,10.);
#627=VECTOR('',#2362,10.);
#628=VECTOR('',#2365,10.);
#629=VECTOR('',#2366,10.);
#630=VECTOR('',#2369,10.);
#631=VECTOR('',#2370,10.);
#632=VECTOR('',#2373,10.);
#633=VECTOR('',#2374,10.);
#634=VECTOR('',#2381,10.);
#635=VECTOR('',#2384,10.);
#636=VECTOR('',#2387,10.);
#637=VECTOR('',#2390,10.);
#638=VECTOR('',#2411,1.75);
#639=VECTOR('',#2416,1.75);
#640=VECTOR('',#2421,1.75);
#641=VECTOR('',#2426,1.75);
#642=VECTOR('',#2431,10.);
#643=VECTOR('',#2434,10.);
#644=VECTOR('',#2439,10.);
#645=VECTOR('',#2442,10.);
#646=VECTOR('',#2451,10.);
#647=VECTOR('',#2454,10.);
#648=VECTOR('',#2463,10.);
#649=VECTOR('',#2466,10.);
#650=VECTOR('',#2477,10.);
#651=VECTOR('',#2478,10.);
#652=VECTOR('',#2481,10.);
#653=VECTOR('',#2484,10.);
#654=VECTOR('',#2487,10.);
#655=VECTOR('',#2492,10.);
#656=VECTOR('',#2493,10.);
#657=VECTOR('',#2498,10.);
#658=VERTEX_POINT('',#2503);
#659=VERTEX_POINT('',#2504);
#660=VERTEX_POINT('',#2506);
#661=VERTEX_POINT('',#2521);
#662=VERTEX_POINT('',#2538);
#663=VERTEX_POINT('',#2540);
#664=VERTEX_POINT('',#2557);
#665=VERTEX_POINT('',#2559);
#666=VERTEX_POINT('',#2576);
#667=VERTEX_POINT('',#2578);
#668=VERTEX_POINT('',#2595);
#669=VERTEX_POINT('',#2597);
#670=VERTEX_POINT('',#2601);
#671=VERTEX_POINT('',#2603);
#672=VERTEX_POINT('',#2607);
#673=VERTEX_POINT('',#2609);
#674=VERTEX_POINT('',#2613);
#675=VERTEX_POINT('',#2614);
#676=VERTEX_POINT('',#2619);
#677=VERTEX_POINT('',#2620);
#678=VERTEX_POINT('',#2625);
#679=VERTEX_POINT('',#2626);
#680=VERTEX_POINT('',#2631);
#681=VERTEX_POINT('',#2632);
#682=VERTEX_POINT('',#2637);
#683=VERTEX_POINT('',#2638);
#684=VERTEX_POINT('',#2643);
#685=VERTEX_POINT('',#2644);
#686=VERTEX_POINT('',#2649);
#687=VERTEX_POINT('',#2650);
#688=VERTEX_POINT('',#2655);
#689=VERTEX_POINT('',#2656);
#690=VERTEX_POINT('',#2661);
#691=VERTEX_POINT('',#2662);
#692=VERTEX_POINT('',#2667);
#693=VERTEX_POINT('',#2668);
#694=VERTEX_POINT('',#2673);
#695=VERTEX_POINT('',#2674);
#696=VERTEX_POINT('',#2679);
#697=VERTEX_POINT('',#2680);
#698=VERTEX_POINT('',#2685);
#699=VERTEX_POINT('',#2686);
#700=VERTEX_POINT('',#2691);
#701=VERTEX_POINT('',#2692);
#702=VERTEX_POINT('',#2697);
#703=VERTEX_POINT('',#2698);
#704=VERTEX_POINT('',#2703);
#705=VERTEX_POINT('',#2705);
#706=VERTEX_POINT('',#2709);
#707=VERTEX_POINT('',#2711);
#708=VERTEX_POINT('',#2715);
#709=VERTEX_POINT('',#2717);
#710=VERTEX_POINT('',#2734);
#711=VERTEX_POINT('',#2736);
#712=VERTEX_POINT('',#2753);
#713=VERTEX_POINT('',#2755);
#714=VERTEX_POINT('',#2775);
#715=VERTEX_POINT('',#2777);
#716=VERTEX_POINT('',#2781);
#717=VERTEX_POINT('',#2785);
#718=VERTEX_POINT('',#2789);
#719=VERTEX_POINT('',#2793);
#720=VERTEX_POINT('',#2797);
#721=VERTEX_POINT('',#2801);
#722=VERTEX_POINT('',#2805);
#723=VERTEX_POINT('',#2809);
#724=VERTEX_POINT('',#2813);
#725=VERTEX_POINT('',#2817);
#726=VERTEX_POINT('',#2821);
#727=VERTEX_POINT('',#2825);
#728=VERTEX_POINT('',#2829);
#729=VERTEX_POINT('',#2834);
#730=VERTEX_POINT('',#2836);
#731=VERTEX_POINT('',#2840);
#732=VERTEX_POINT('',#2844);
#733=VERTEX_POINT('',#2848);
#734=VERTEX_POINT('',#2852);
#735=VERTEX_POINT('',#2854);
#736=VERTEX_POINT('',#2858);
#737=VERTEX_POINT('',#2866);
#738=VERTEX_POINT('',#2870);
#739=VERTEX_POINT('',#2874);
#740=VERTEX_POINT('',#2878);
#741=VERTEX_POINT('',#2882);
#742=VERTEX_POINT('',#2888);
#743=VERTEX_POINT('',#2890);
#744=VERTEX_POINT('',#2895);
#745=VERTEX_POINT('',#2896);
#746=VERTEX_POINT('',#2898);
#747=VERTEX_POINT('',#2900);
#748=VERTEX_POINT('',#2904);
#749=VERTEX_POINT('',#2905);
#750=VERTEX_POINT('',#2907);
#751=VERTEX_POINT('',#2909);
#752=VERTEX_POINT('',#2913);
#753=VERTEX_POINT('',#2914);
#754=VERTEX_POINT('',#2916);
#755=VERTEX_POINT('',#2918);
#756=VERTEX_POINT('',#2925);
#757=VERTEX_POINT('',#2926);
#758=VERTEX_POINT('',#2928);
#759=VERTEX_POINT('',#2935);
#760=VERTEX_POINT('',#2936);
#761=VERTEX_POINT('',#2938);
#762=VERTEX_POINT('',#2940);
#763=VERTEX_POINT('',#2950);
#764=VERTEX_POINT('',#2951);
#765=VERTEX_POINT('',#2953);
#766=VERTEX_POINT('',#2960);
#767=VERTEX_POINT('',#2961);
#768=VERTEX_POINT('',#2963);
#769=VERTEX_POINT('',#2973);
#770=VERTEX_POINT('',#2974);
#771=VERTEX_POINT('',#2976);
#772=VERTEX_POINT('',#2996);
#773=VERTEX_POINT('',#2997);
#774=VERTEX_POINT('',#2999);
#775=VERTEX_POINT('',#3001);
#776=VERTEX_POINT('',#3003);
#777=VERTEX_POINT('',#3005);
#778=VERTEX_POINT('',#3007);
#779=VERTEX_POINT('',#3009);
#780=VERTEX_POINT('',#3012);
#781=VERTEX_POINT('',#3014);
#782=VERTEX_POINT('',#3016);
#783=VERTEX_POINT('',#3018);
#784=VERTEX_POINT('',#3025);
#785=VERTEX_POINT('',#3029);
#786=VERTEX_POINT('',#3033);
#787=VERTEX_POINT('',#3037);
#788=VERTEX_POINT('',#3041);
#789=VERTEX_POINT('',#3042);
#790=VERTEX_POINT('',#3044);
#791=VERTEX_POINT('',#3046);
#792=VERTEX_POINT('',#3050);
#793=VERTEX_POINT('',#3051);
#794=VERTEX_POINT('',#3053);
#795=VERTEX_POINT('',#3060);
#796=VERTEX_POINT('',#3061);
#797=VERTEX_POINT('',#3063);
#798=VERTEX_POINT('',#3070);
#799=VERTEX_POINT('',#3072);
#800=EDGE_CURVE('',#658,#659,#432,.T.);
#801=EDGE_CURVE('',#659,#660,#424,.T.);
#802=EDGE_CURVE('',#660,#661,#433,.T.);
#803=EDGE_CURVE('',#658,#661,#425,.T.);
#804=EDGE_CURVE('',#659,#662,#63,.T.);
#805=EDGE_CURVE('',#662,#663,#426,.T.);
#806=EDGE_CURVE('',#663,#660,#64,.T.);
#807=EDGE_CURVE('',#662,#664,#434,.T.);
#808=EDGE_CURVE('',#664,#665,#427,.T.);
#809=EDGE_CURVE('',#665,#663,#435,.T.);
#810=EDGE_CURVE('',#664,#666,#65,.T.);
#811=EDGE_CURVE('',#666,#667,#428,.T.);
#812=EDGE_CURVE('',#667,#665,#66,.T.);
#813=EDGE_CURVE('',#666,#668,#436,.T.);
#814=EDGE_CURVE('',#668,#669,#59,.T.);
#815=EDGE_CURVE('',#669,#667,#437,.T.);
#816=EDGE_CURVE('',#668,#670,#438,.T.);
#817=EDGE_CURVE('',#670,#671,#60,.T.);
#818=EDGE_CURVE('',#671,#669,#439,.T.);
#819=EDGE_CURVE('',#670,#672,#440,.T.);
#820=EDGE_CURVE('',#672,#673,#67,.T.);
#821=EDGE_CURVE('',#673,#671,#441,.T.);
#822=EDGE_CURVE('',#674,#675,#68,.T.);
#823=EDGE_CURVE('',#675,#673,#69,.T.);
#824=EDGE_CURVE('',#672,#674,#70,.T.);
#825=EDGE_CURVE('',#676,#677,#71,.T.);
#826=EDGE_CURVE('',#677,#675,#72,.T.);
#827=EDGE_CURVE('',#674,#676,#73,.T.);
#828=EDGE_CURVE('',#678,#679,#74,.T.);
#829=EDGE_CURVE('',#679,#677,#75,.T.);
#830=EDGE_CURVE('',#676,#678,#76,.T.);
#831=EDGE_CURVE('',#680,#681,#77,.T.);
#832=EDGE_CURVE('',#681,#679,#442,.T.);
#833=EDGE_CURVE('',#678,#680,#443,.T.);
#834=EDGE_CURVE('',#682,#683,#78,.T.);
#835=EDGE_CURVE('',#683,#681,#79,.T.);
#836=EDGE_CURVE('',#680,#682,#80,.T.);
#837=EDGE_CURVE('',#684,#685,#81,.T.);
#838=EDGE_CURVE('',#685,#683,#82,.T.);
#839=EDGE_CURVE('',#682,#684,#83,.T.);
#840=EDGE_CURVE('',#686,#687,#84,.T.);
#841=EDGE_CURVE('',#687,#685,#85,.T.);
#842=EDGE_CURVE('',#684,#686,#86,.T.);
#843=EDGE_CURVE('',#688,#689,#87,.T.);
#844=EDGE_CURVE('',#689,#687,#444,.T.);
#845=EDGE_CURVE('',#686,#688,#445,.T.);
#846=EDGE_CURVE('',#690,#691,#88,.T.);
#847=EDGE_CURVE('',#691,#689,#89,.T.);
#848=EDGE_CURVE('',#688,#690,#90,.T.);
#849=EDGE_CURVE('',#692,#693,#91,.T.);
#850=EDGE_CURVE('',#693,#691,#92,.T.);
#851=EDGE_CURVE('',#690,#692,#93,.T.);
#852=EDGE_CURVE('',#694,#695,#94,.T.);
#853=EDGE_CURVE('',#695,#693,#95,.T.);
#854=EDGE_CURVE('',#692,#694,#96,.T.);
#855=EDGE_CURVE('',#696,#697,#97,.T.);
#856=EDGE_CURVE('',#697,#695,#446,.T.);
#857=EDGE_CURVE('',#694,#696,#447,.T.);
#858=EDGE_CURVE('',#698,#699,#98,.T.);
#859=EDGE_CURVE('',#699,#697,#99,.T.);
#860=EDGE_CURVE('',#696,#698,#100,.T.);
#861=EDGE_CURVE('',#700,#701,#101,.T.);
#862=EDGE_CURVE('',#701,#699,#102,.T.);
#863=EDGE_CURVE('',#698,#700,#103,.T.);
#864=EDGE_CURVE('',#702,#703,#104,.T.);
#865=EDGE_CURVE('',#703,#701,#105,.T.);
#866=EDGE_CURVE('',#700,#702,#106,.T.);
#867=EDGE_CURVE('',#704,#703,#448,.T.);
#868=EDGE_CURVE('',#702,#705,#449,.T.);
#869=EDGE_CURVE('',#705,#704,#61,.T.);
#870=EDGE_CURVE('',#706,#704,#450,.T.);
#871=EDGE_CURVE('',#705,#707,#451,.T.);
#872=EDGE_CURVE('',#707,#706,#62,.T.);
#873=EDGE_CURVE('',#708,#706,#452,.T.);
#874=EDGE_CURVE('',#707,#709,#453,.T.);
#875=EDGE_CURVE('',#709,#708,#429,.T.);
#876=EDGE_CURVE('',#710,#708,#107,.T.);
#877=EDGE_CURVE('',#709,#711,#108,.T.);
#878=EDGE_CURVE('',#711,#710,#430,.T.);
#879=EDGE_CURVE('',#712,#710,#454,.T.);
#880=EDGE_CURVE('',#711,#713,#455,.T.);
#881=EDGE_CURVE('',#713,#712,#431,.T.);
#882=EDGE_CURVE('',#661,#712,#109,.T.);
#883=EDGE_CURVE('',#713,#658,#110,.T.);
#884=EDGE_CURVE('',#691,#714,#456,.T.);
#885=EDGE_CURVE('',#715,#714,#111,.T.);
#886=EDGE_CURVE('',#715,#689,#457,.T.);
#887=EDGE_CURVE('',#716,#693,#458,.T.);
#888=EDGE_CURVE('',#714,#716,#112,.T.);
#889=EDGE_CURVE('',#695,#717,#459,.T.);
#890=EDGE_CURVE('',#716,#717,#113,.T.);
#891=EDGE_CURVE('',#718,#697,#460,.T.);
#892=EDGE_CURVE('',#717,#718,#461,.T.);
#893=EDGE_CURVE('',#699,#719,#462,.T.);
#894=EDGE_CURVE('',#718,#719,#114,.T.);
#895=EDGE_CURVE('',#720,#701,#463,.T.);
#896=EDGE_CURVE('',#719,#720,#115,.T.);
#897=EDGE_CURVE('',#703,#721,#464,.T.);
#898=EDGE_CURVE('',#720,#721,#116,.T.);
#899=EDGE_CURVE('',#722,#704,#465,.T.);
#900=EDGE_CURVE('',#721,#722,#466,.T.);
#901=EDGE_CURVE('',#723,#706,#467,.T.);
#902=EDGE_CURVE('',#722,#723,#468,.T.);
#903=EDGE_CURVE('',#724,#708,#469,.T.);
#904=EDGE_CURVE('',#723,#724,#470,.T.);
#905=EDGE_CURVE('',#725,#710,#471,.T.);
#906=EDGE_CURVE('',#724,#725,#117,.T.);
#907=EDGE_CURVE('',#726,#712,#472,.T.);
#908=EDGE_CURVE('',#725,#726,#473,.T.);
#909=EDGE_CURVE('',#727,#661,#474,.T.);
#910=EDGE_CURVE('',#726,#727,#118,.T.);
#911=EDGE_CURVE('',#728,#660,#475,.T.);
#912=EDGE_CURVE('',#727,#728,#476,.T.);
#913=EDGE_CURVE('',#679,#729,#477,.T.);
#914=EDGE_CURVE('',#730,#729,#119,.T.);
#915=EDGE_CURVE('',#730,#677,#478,.T.);
#916=EDGE_CURVE('',#731,#681,#479,.T.);
#917=EDGE_CURVE('',#729,#731,#480,.T.);
#918=EDGE_CURVE('',#732,#730,#120,.T.);
#919=EDGE_CURVE('',#675,#732,#481,.T.);
#920=EDGE_CURVE('',#733,#732,#121,.T.);
#921=EDGE_CURVE('',#733,#673,#482,.T.);
#922=EDGE_CURVE('',#687,#734,#483,.T.);
#923=EDGE_CURVE('',#735,#734,#122,.T.);
#924=EDGE_CURVE('',#735,#685,#484,.T.);
#925=EDGE_CURVE('',#736,#735,#123,.T.);
#926=EDGE_CURVE('',#683,#736,#485,.T.);
#927=EDGE_CURVE('',#731,#736,#124,.T.);
#928=EDGE_CURVE('',#734,#715,#486,.T.);
#929=EDGE_CURVE('',#737,#663,#487,.T.);
#930=EDGE_CURVE('',#728,#737,#125,.T.);
#931=EDGE_CURVE('',#738,#665,#488,.T.);
#932=EDGE_CURVE('',#737,#738,#489,.T.);
#933=EDGE_CURVE('',#739,#667,#490,.T.);
#934=EDGE_CURVE('',#738,#739,#126,.T.);
#935=EDGE_CURVE('',#740,#669,#491,.T.);
#936=EDGE_CURVE('',#739,#740,#492,.T.);
#937=EDGE_CURVE('',#741,#671,#493,.T.);
#938=EDGE_CURVE('',#740,#741,#494,.T.);
#939=EDGE_CURVE('',#741,#733,#495,.T.);
#940=EDGE_CURVE('',#742,#742,#127,.T.);
#941=EDGE_CURVE('',#742,#743,#496,.T.);
#942=EDGE_CURVE('',#743,#743,#128,.T.);
#943=EDGE_CURVE('',#744,#745,#129,.T.);
#944=EDGE_CURVE('',#746,#745,#130,.T.);
#945=EDGE_CURVE('',#747,#746,#131,.F.);
#946=EDGE_CURVE('',#744,#747,#132,.T.);
#947=EDGE_CURVE('',#748,#749,#133,.T.);
#948=EDGE_CURVE('',#750,#749,#134,.T.);
#949=EDGE_CURVE('',#751,#750,#135,.F.);
#950=EDGE_CURVE('',#748,#751,#136,.T.);
#951=EDGE_CURVE('',#752,#753,#137,.T.);
#952=EDGE_CURVE('',#754,#753,#138,.T.);
#953=EDGE_CURVE('',#755,#754,#139,.F.);
#954=EDGE_CURVE('',#752,#755,#140,.T.);
#955=EDGE_CURVE('',#753,#744,#497,.T.);
#956=EDGE_CURVE('',#747,#754,#498,.T.);
#957=EDGE_CURVE('',#756,#757,#141,.F.);
#958=EDGE_CURVE('',#758,#756,#142,.F.);
#959=EDGE_CURVE('',#757,#758,#143,.F.);
#960=EDGE_CURVE('',#756,#747,#499,.T.);
#961=EDGE_CURVE('',#746,#758,#500,.T.);
#962=EDGE_CURVE('',#759,#760,#144,.F.);
#963=EDGE_CURVE('',#761,#759,#145,.T.);
#964=EDGE_CURVE('',#761,#762,#146,.T.);
#965=EDGE_CURVE('',#760,#762,#147,.T.);
#966=EDGE_CURVE('',#749,#761,#501,.T.);
#967=EDGE_CURVE('',#759,#750,#502,.T.);
#968=EDGE_CURVE('',#762,#752,#503,.T.);
#969=EDGE_CURVE('',#755,#760,#504,.T.);
#970=EDGE_CURVE('',#763,#764,#148,.F.);
#971=EDGE_CURVE('',#765,#763,#149,.F.);
#972=EDGE_CURVE('',#764,#765,#150,.F.);
#973=EDGE_CURVE('',#763,#751,#505,.T.);
#974=EDGE_CURVE('',#750,#765,#506,.T.);
#975=EDGE_CURVE('',#766,#767,#151,.F.);
#976=EDGE_CURVE('',#768,#766,#152,.F.);
#977=EDGE_CURVE('',#767,#768,#153,.F.);
#978=EDGE_CURVE('',#766,#755,#507,.T.);
#979=EDGE_CURVE('',#754,#768,#508,.T.);
#980=EDGE_CURVE('',#757,#767,#509,.T.);
#981=EDGE_CURVE('',#768,#756,#510,.T.);
#982=EDGE_CURVE('',#769,#770,#154,.F.);
#983=EDGE_CURVE('',#771,#769,#155,.F.);
#984=EDGE_CURVE('',#770,#771,#156,.F.);
#985=EDGE_CURVE('',#769,#759,#511,.T.);
#986=EDGE_CURVE('',#760,#771,#512,.T.);
#987=EDGE_CURVE('',#767,#770,#513,.T.);
#988=EDGE_CURVE('',#771,#766,#514,.T.);
#989=EDGE_CURVE('',#770,#764,#515,.T.);
#990=EDGE_CURVE('',#765,#769,#516,.T.);
#991=EDGE_CURVE('',#764,#757,#517,.T.);
#992=EDGE_CURVE('',#758,#763,#518,.T.);
#993=EDGE_CURVE('',#745,#748,#519,.T.);
#994=EDGE_CURVE('',#751,#746,#520,.T.);
#995=EDGE_CURVE('',#772,#773,#157,.T.);
#996=EDGE_CURVE('',#772,#774,#521,.T.);
#997=EDGE_CURVE('',#775,#774,#158,.T.);
#998=EDGE_CURVE('',#775,#776,#522,.T.);
#999=EDGE_CURVE('',#777,#776,#159,.T.);
#1000=EDGE_CURVE('',#777,#778,#523,.T.);
#1001=EDGE_CURVE('',#779,#778,#160,.T.);
#1002=EDGE_CURVE('',#779,#773,#524,.T.);
#1003=EDGE_CURVE('',#780,#780,#161,.T.);
#1004=EDGE_CURVE('',#781,#781,#162,.T.);
#1005=EDGE_CURVE('',#782,#782,#163,.T.);
#1006=EDGE_CURVE('',#783,#783,#164,.T.);
#1007=EDGE_CURVE('',#784,#784,#165,.T.);
#1008=EDGE_CURVE('',#784,#783,#525,.T.);
#1009=EDGE_CURVE('',#785,#785,#166,.T.);
#1010=EDGE_CURVE('',#785,#782,#526,.T.);
#1011=EDGE_CURVE('',#786,#786,#167,.T.);
#1012=EDGE_CURVE('',#786,#781,#527,.T.);
#1013=EDGE_CURVE('',#787,#787,#168,.T.);
#1014=EDGE_CURVE('',#787,#780,#528,.T.);
#1015=EDGE_CURVE('',#788,#789,#169,.T.);
#1016=EDGE_CURVE('',#789,#790,#529,.T.);
#1017=EDGE_CURVE('',#790,#791,#170,.T.);
#1018=EDGE_CURVE('',#791,#788,#530,.T.);
#1019=EDGE_CURVE('',#792,#793,#171,.T.);
#1020=EDGE_CURVE('',#793,#794,#531,.T.);
#1021=EDGE_CURVE('',#794,#788,#172,.T.);
#1022=EDGE_CURVE('',#788,#792,#532,.T.);
#1023=EDGE_CURVE('',#794,#789,#173,.T.);
#1024=EDGE_CURVE('',#795,#796,#174,.T.);
#1025=EDGE_CURVE('',#796,#797,#533,.T.);
#1026=EDGE_CURVE('',#797,#792,#175,.T.);
#1027=EDGE_CURVE('',#792,#795,#534,.T.);
#1028=EDGE_CURVE('',#797,#793,#176,.T.);
#1029=EDGE_CURVE('',#791,#798,#177,.T.);
#1030=EDGE_CURVE('',#798,#799,#535,.T.);
#1031=EDGE_CURVE('',#799,#795,#178,.T.);
#1032=EDGE_CURVE('',#795,#791,#536,.T.);
#1033=EDGE_CURVE('',#799,#796,#179,.T.);
#1034=EDGE_CURVE('',#790,#798,#180,.T.);
#1035=EDGE_CURVE('',#797,#775,#537,.T.);
#1036=EDGE_CURVE('',#774,#793,#538,.T.);
#1037=EDGE_CURVE('',#776,#796,#539,.T.);
#1038=EDGE_CURVE('',#799,#777,#540,.T.);
#1039=EDGE_CURVE('',#778,#798,#541,.T.);
#1040=EDGE_CURVE('',#794,#772,#542,.T.);
#1041=EDGE_CURVE('',#773,#789,#543,.T.);
#1042=EDGE_CURVE('',#790,#779,#544,.T.);
#1043=ORIENTED_EDGE('',*,*,#800,.T.);
#1044=ORIENTED_EDGE('',*,*,#801,.T.);
#1045=ORIENTED_EDGE('',*,*,#802,.T.);
#1046=ORIENTED_EDGE('',*,*,#803,.F.);
#1047=ORIENTED_EDGE('',*,*,#804,.T.);
#1048=ORIENTED_EDGE('',*,*,#805,.T.);
#1049=ORIENTED_EDGE('',*,*,#806,.T.);
#1050=ORIENTED_EDGE('',*,*,#801,.F.);
#1051=ORIENTED_EDGE('',*,*,#807,.T.);
#1052=ORIENTED_EDGE('',*,*,#808,.T.);
#1053=ORIENTED_EDGE('',*,*,#809,.T.);
#1054=ORIENTED_EDGE('',*,*,#805,.F.);
#1055=ORIENTED_EDGE('',*,*,#810,.T.);
#1056=ORIENTED_EDGE('',*,*,#811,.T.);
#1057=ORIENTED_EDGE('',*,*,#812,.T.);
#1058=ORIENTED_EDGE('',*,*,#808,.F.);
#1059=ORIENTED_EDGE('',*,*,#813,.T.);
#1060=ORIENTED_EDGE('',*,*,#814,.T.);
#1061=ORIENTED_EDGE('',*,*,#815,.T.);
#1062=ORIENTED_EDGE('',*,*,#811,.F.);
#1063=ORIENTED_EDGE('',*,*,#816,.T.);
#1064=ORIENTED_EDGE('',*,*,#817,.T.);
#1065=ORIENTED_EDGE('',*,*,#818,.T.);
#1066=ORIENTED_EDGE('',*,*,#814,.F.);
#1067=ORIENTED_EDGE('',*,*,#819,.T.);
#1068=ORIENTED_EDGE('',*,*,#820,.T.);
#1069=ORIENTED_EDGE('',*,*,#821,.T.);
#1070=ORIENTED_EDGE('',*,*,#817,.F.);
#1071=ORIENTED_EDGE('',*,*,#822,.T.);
#1072=ORIENTED_EDGE('',*,*,#823,.T.);
#1073=ORIENTED_EDGE('',*,*,#820,.F.);
#1074=ORIENTED_EDGE('',*,*,#824,.T.);
#1075=ORIENTED_EDGE('',*,*,#825,.T.);
#1076=ORIENTED_EDGE('',*,*,#826,.T.);
#1077=ORIENTED_EDGE('',*,*,#822,.F.);
#1078=ORIENTED_EDGE('',*,*,#827,.T.);
#1079=ORIENTED_EDGE('',*,*,#828,.T.);
#1080=ORIENTED_EDGE('',*,*,#829,.T.);
#1081=ORIENTED_EDGE('',*,*,#825,.F.);
#1082=ORIENTED_EDGE('',*,*,#830,.T.);
#1083=ORIENTED_EDGE('',*,*,#831,.T.);
#1084=ORIENTED_EDGE('',*,*,#832,.T.);
#1085=ORIENTED_EDGE('',*,*,#828,.F.);
#1086=ORIENTED_EDGE('',*,*,#833,.T.);
#1087=ORIENTED_EDGE('',*,*,#834,.T.);
#1088=ORIENTED_EDGE('',*,*,#835,.T.);
#1089=ORIENTED_EDGE('',*,*,#831,.F.);
#1090=ORIENTED_EDGE('',*,*,#836,.T.);
#1091=ORIENTED_EDGE('',*,*,#837,.T.);
#1092=ORIENTED_EDGE('',*,*,#838,.T.);
#1093=ORIENTED_EDGE('',*,*,#834,.F.);
#1094=ORIENTED_EDGE('',*,*,#839,.T.);
#1095=ORIENTED_EDGE('',*,*,#840,.T.);
#1096=ORIENTED_EDGE('',*,*,#841,.T.);
#1097=ORIENTED_EDGE('',*,*,#837,.F.);
#1098=ORIENTED_EDGE('',*,*,#842,.T.);
#1099=ORIENTED_EDGE('',*,*,#843,.T.);
#1100=ORIENTED_EDGE('',*,*,#844,.T.);
#1101=ORIENTED_EDGE('',*,*,#840,.F.);
#1102=ORIENTED_EDGE('',*,*,#845,.T.);
#1103=ORIENTED_EDGE('',*,*,#846,.T.);
#1104=ORIENTED_EDGE('',*,*,#847,.T.);
#1105=ORIENTED_EDGE('',*,*,#843,.F.);
#1106=ORIENTED_EDGE('',*,*,#848,.T.);
#1107=ORIENTED_EDGE('',*,*,#849,.T.);
#1108=ORIENTED_EDGE('',*,*,#850,.T.);
#1109=ORIENTED_EDGE('',*,*,#846,.F.);
#1110=ORIENTED_EDGE('',*,*,#851,.T.);
#1111=ORIENTED_EDGE('',*,*,#852,.T.);
#1112=ORIENTED_EDGE('',*,*,#853,.T.);
#1113=ORIENTED_EDGE('',*,*,#849,.F.);
#1114=ORIENTED_EDGE('',*,*,#854,.T.);
#1115=ORIENTED_EDGE('',*,*,#855,.T.);
#1116=ORIENTED_EDGE('',*,*,#856,.T.);
#1117=ORIENTED_EDGE('',*,*,#852,.F.);
#1118=ORIENTED_EDGE('',*,*,#857,.T.);
#1119=ORIENTED_EDGE('',*,*,#858,.T.);
#1120=ORIENTED_EDGE('',*,*,#859,.T.);
#1121=ORIENTED_EDGE('',*,*,#855,.F.);
#1122=ORIENTED_EDGE('',*,*,#860,.T.);
#1123=ORIENTED_EDGE('',*,*,#861,.T.);
#1124=ORIENTED_EDGE('',*,*,#862,.T.);
#1125=ORIENTED_EDGE('',*,*,#858,.F.);
#1126=ORIENTED_EDGE('',*,*,#863,.T.);
#1127=ORIENTED_EDGE('',*,*,#864,.T.);
#1128=ORIENTED_EDGE('',*,*,#865,.T.);
#1129=ORIENTED_EDGE('',*,*,#861,.F.);
#1130=ORIENTED_EDGE('',*,*,#866,.T.);
#1131=ORIENTED_EDGE('',*,*,#867,.T.);
#1132=ORIENTED_EDGE('',*,*,#864,.F.);
#1133=ORIENTED_EDGE('',*,*,#868,.T.);
#1134=ORIENTED_EDGE('',*,*,#869,.T.);
#1135=ORIENTED_EDGE('',*,*,#870,.T.);
#1136=ORIENTED_EDGE('',*,*,#869,.F.);
#1137=ORIENTED_EDGE('',*,*,#871,.T.);
#1138=ORIENTED_EDGE('',*,*,#872,.T.);
#1139=ORIENTED_EDGE('',*,*,#873,.T.);
#1140=ORIENTED_EDGE('',*,*,#872,.F.);
#1141=ORIENTED_EDGE('',*,*,#874,.T.);
#1142=ORIENTED_EDGE('',*,*,#875,.T.);
#1143=ORIENTED_EDGE('',*,*,#876,.T.);
#1144=ORIENTED_EDGE('',*,*,#875,.F.);
#1145=ORIENTED_EDGE('',*,*,#877,.T.);
#1146=ORIENTED_EDGE('',*,*,#878,.T.);
#1147=ORIENTED_EDGE('',*,*,#879,.T.);
#1148=ORIENTED_EDGE('',*,*,#878,.F.);
#1149=ORIENTED_EDGE('',*,*,#880,.T.);
#1150=ORIENTED_EDGE('',*,*,#881,.T.);
#1151=ORIENTED_EDGE('',*,*,#882,.T.);
#1152=ORIENTED_EDGE('',*,*,#881,.F.);
#1153=ORIENTED_EDGE('',*,*,#883,.T.);
#1154=ORIENTED_EDGE('',*,*,#803,.T.);
#1155=ORIENTED_EDGE('',*,*,#847,.F.);
#1156=ORIENTED_EDGE('',*,*,#884,.T.);
#1157=ORIENTED_EDGE('',*,*,#885,.F.);
#1158=ORIENTED_EDGE('',*,*,#886,.T.);
#1159=ORIENTED_EDGE('',*,*,#850,.F.);
#1160=ORIENTED_EDGE('',*,*,#887,.F.);
#1161=ORIENTED_EDGE('',*,*,#888,.F.);
#1162=ORIENTED_EDGE('',*,*,#884,.F.);
#1163=ORIENTED_EDGE('',*,*,#853,.F.);
#1164=ORIENTED_EDGE('',*,*,#889,.T.);
#1165=ORIENTED_EDGE('',*,*,#890,.F.);
#1166=ORIENTED_EDGE('',*,*,#887,.T.);
#1167=ORIENTED_EDGE('',*,*,#856,.F.);
#1168=ORIENTED_EDGE('',*,*,#891,.F.);
#1169=ORIENTED_EDGE('',*,*,#892,.F.);
#1170=ORIENTED_EDGE('',*,*,#889,.F.);
#1171=ORIENTED_EDGE('',*,*,#859,.F.);
#1172=ORIENTED_EDGE('',*,*,#893,.T.);
#1173=ORIENTED_EDGE('',*,*,#894,.F.);
#1174=ORIENTED_EDGE('',*,*,#891,.T.);
#1175=ORIENTED_EDGE('',*,*,#862,.F.);
#1176=ORIENTED_EDGE('',*,*,#895,.F.);
#1177=ORIENTED_EDGE('',*,*,#896,.F.);
#1178=ORIENTED_EDGE('',*,*,#893,.F.);
#1179=ORIENTED_EDGE('',*,*,#865,.F.);
#1180=ORIENTED_EDGE('',*,*,#897,.T.);
#1181=ORIENTED_EDGE('',*,*,#898,.F.);
#1182=ORIENTED_EDGE('',*,*,#895,.T.);
#1183=ORIENTED_EDGE('',*,*,#867,.F.);
#1184=ORIENTED_EDGE('',*,*,#899,.F.);
#1185=ORIENTED_EDGE('',*,*,#900,.F.);
#1186=ORIENTED_EDGE('',*,*,#897,.F.);
#1187=ORIENTED_EDGE('',*,*,#870,.F.);
#1188=ORIENTED_EDGE('',*,*,#901,.F.);
#1189=ORIENTED_EDGE('',*,*,#902,.F.);
#1190=ORIENTED_EDGE('',*,*,#899,.T.);
#1191=ORIENTED_EDGE('',*,*,#873,.F.);
#1192=ORIENTED_EDGE('',*,*,#903,.F.);
#1193=ORIENTED_EDGE('',*,*,#904,.F.);
#1194=ORIENTED_EDGE('',*,*,#901,.T.);
#1195=ORIENTED_EDGE('',*,*,#876,.F.);
#1196=ORIENTED_EDGE('',*,*,#905,.F.);
#1197=ORIENTED_EDGE('',*,*,#906,.F.);
#1198=ORIENTED_EDGE('',*,*,#903,.T.);
#1199=ORIENTED_EDGE('',*,*,#879,.F.);
#1200=ORIENTED_EDGE('',*,*,#907,.F.);
#1201=ORIENTED_EDGE('',*,*,#908,.F.);
#1202=ORIENTED_EDGE('',*,*,#905,.T.);
#1203=ORIENTED_EDGE('',*,*,#882,.F.);
#1204=ORIENTED_EDGE('',*,*,#909,.F.);
#1205=ORIENTED_EDGE('',*,*,#910,.F.);
#1206=ORIENTED_EDGE('',*,*,#907,.T.);
#1207=ORIENTED_EDGE('',*,*,#802,.F.);
#1208=ORIENTED_EDGE('',*,*,#911,.F.);
#1209=ORIENTED_EDGE('',*,*,#912,.F.);
#1210=ORIENTED_EDGE('',*,*,#909,.T.);
#1211=ORIENTED_EDGE('',*,*,#800,.F.);
#1212=ORIENTED_EDGE('',*,*,#883,.F.);
#1213=ORIENTED_EDGE('',*,*,#880,.F.);
#1214=ORIENTED_EDGE('',*,*,#877,.F.);
#1215=ORIENTED_EDGE('',*,*,#874,.F.);
#1216=ORIENTED_EDGE('',*,*,#871,.F.);
#1217=ORIENTED_EDGE('',*,*,#868,.F.);
#1218=ORIENTED_EDGE('',*,*,#866,.F.);
#1219=ORIENTED_EDGE('',*,*,#863,.F.);
#1220=ORIENTED_EDGE('',*,*,#860,.F.);
#1221=ORIENTED_EDGE('',*,*,#857,.F.);
#1222=ORIENTED_EDGE('',*,*,#854,.F.);
#1223=ORIENTED_EDGE('',*,*,#851,.F.);
#1224=ORIENTED_EDGE('',*,*,#848,.F.);
#1225=ORIENTED_EDGE('',*,*,#845,.F.);
#1226=ORIENTED_EDGE('',*,*,#842,.F.);
#1227=ORIENTED_EDGE('',*,*,#839,.F.);
#1228=ORIENTED_EDGE('',*,*,#836,.F.);
#1229=ORIENTED_EDGE('',*,*,#833,.F.);
#1230=ORIENTED_EDGE('',*,*,#830,.F.);
#1231=ORIENTED_EDGE('',*,*,#827,.F.);
#1232=ORIENTED_EDGE('',*,*,#824,.F.);
#1233=ORIENTED_EDGE('',*,*,#819,.F.);
#1234=ORIENTED_EDGE('',*,*,#816,.F.);
#1235=ORIENTED_EDGE('',*,*,#813,.F.);
#1236=ORIENTED_EDGE('',*,*,#810,.F.);
#1237=ORIENTED_EDGE('',*,*,#807,.F.);
#1238=ORIENTED_EDGE('',*,*,#804,.F.);
#1239=ORIENTED_EDGE('',*,*,#829,.F.);
#1240=ORIENTED_EDGE('',*,*,#913,.T.);
#1241=ORIENTED_EDGE('',*,*,#914,.F.);
#1242=ORIENTED_EDGE('',*,*,#915,.T.);
#1243=ORIENTED_EDGE('',*,*,#832,.F.);
#1244=ORIENTED_EDGE('',*,*,#916,.F.);
#1245=ORIENTED_EDGE('',*,*,#917,.F.);
#1246=ORIENTED_EDGE('',*,*,#913,.F.);
#1247=ORIENTED_EDGE('',*,*,#826,.F.);
#1248=ORIENTED_EDGE('',*,*,#915,.F.);
#1249=ORIENTED_EDGE('',*,*,#918,.F.);
#1250=ORIENTED_EDGE('',*,*,#919,.F.);
#1251=ORIENTED_EDGE('',*,*,#823,.F.);
#1252=ORIENTED_EDGE('',*,*,#919,.T.);
#1253=ORIENTED_EDGE('',*,*,#920,.F.);
#1254=ORIENTED_EDGE('',*,*,#921,.T.);
#1255=ORIENTED_EDGE('',*,*,#841,.F.);
#1256=ORIENTED_EDGE('',*,*,#922,.T.);
#1257=ORIENTED_EDGE('',*,*,#923,.F.);
#1258=ORIENTED_EDGE('',*,*,#924,.T.);
#1259=ORIENTED_EDGE('',*,*,#838,.F.);
#1260=ORIENTED_EDGE('',*,*,#924,.F.);
#1261=ORIENTED_EDGE('',*,*,#925,.F.);
#1262=ORIENTED_EDGE('',*,*,#926,.F.);
#1263=ORIENTED_EDGE('',*,*,#835,.F.);
#1264=ORIENTED_EDGE('',*,*,#926,.T.);
#1265=ORIENTED_EDGE('',*,*,#927,.F.);
#1266=ORIENTED_EDGE('',*,*,#916,.T.);
#1267=ORIENTED_EDGE('',*,*,#844,.F.);
#1268=ORIENTED_EDGE('',*,*,#886,.F.);
#1269=ORIENTED_EDGE('',*,*,#928,.F.);
#1270=ORIENTED_EDGE('',*,*,#922,.F.);
#1271=ORIENTED_EDGE('',*,*,#806,.F.);
#1272=ORIENTED_EDGE('',*,*,#929,.F.);
#1273=ORIENTED_EDGE('',*,*,#930,.F.);
#1274=ORIENTED_EDGE('',*,*,#911,.T.);
#1275=ORIENTED_EDGE('',*,*,#809,.F.);
#1276=ORIENTED_EDGE('',*,*,#931,.F.);
#1277=ORIENTED_EDGE('',*,*,#932,.F.);
#1278=ORIENTED_EDGE('',*,*,#929,.T.);
#1279=ORIENTED_EDGE('',*,*,#812,.F.);
#1280=ORIENTED_EDGE('',*,*,#933,.F.);
#1281=ORIENTED_EDGE('',*,*,#934,.F.);
#1282=ORIENTED_EDGE('',*,*,#931,.T.);
#1283=ORIENTED_EDGE('',*,*,#815,.F.);
#1284=ORIENTED_EDGE('',*,*,#935,.F.);
#1285=ORIENTED_EDGE('',*,*,#936,.F.);
#1286=ORIENTED_EDGE('',*,*,#933,.T.);
#1287=ORIENTED_EDGE('',*,*,#818,.F.);
#1288=ORIENTED_EDGE('',*,*,#937,.F.);
#1289=ORIENTED_EDGE('',*,*,#938,.F.);
#1290=ORIENTED_EDGE('',*,*,#935,.T.);
#1291=ORIENTED_EDGE('',*,*,#821,.F.);
#1292=ORIENTED_EDGE('',*,*,#921,.F.);
#1293=ORIENTED_EDGE('',*,*,#939,.F.);
#1294=ORIENTED_EDGE('',*,*,#937,.T.);
#1295=ORIENTED_EDGE('',*,*,#940,.F.);
#1296=ORIENTED_EDGE('',*,*,#941,.T.);
#1297=ORIENTED_EDGE('',*,*,#942,.T.);
#1298=ORIENTED_EDGE('',*,*,#941,.F.);
#1299=ORIENTED_EDGE('',*,*,#942,.F.);
#1300=ORIENTED_EDGE('',*,*,#943,.T.);
#1301=ORIENTED_EDGE('',*,*,#944,.F.);
#1302=ORIENTED_EDGE('',*,*,#945,.F.);
#1303=ORIENTED_EDGE('',*,*,#946,.F.);
#1304=ORIENTED_EDGE('',*,*,#947,.T.);
#1305=ORIENTED_EDGE('',*,*,#948,.F.);
#1306=ORIENTED_EDGE('',*,*,#949,.F.);
#1307=ORIENTED_EDGE('',*,*,#950,.F.);
#1308=ORIENTED_EDGE('',*,*,#951,.T.);
#1309=ORIENTED_EDGE('',*,*,#952,.F.);
#1310=ORIENTED_EDGE('',*,*,#953,.F.);
#1311=ORIENTED_EDGE('',*,*,#954,.F.);
#1312=ORIENTED_EDGE('',*,*,#952,.T.);
#1313=ORIENTED_EDGE('',*,*,#955,.T.);
#1314=ORIENTED_EDGE('',*,*,#946,.T.);
#1315=ORIENTED_EDGE('',*,*,#956,.T.);
#1316=ORIENTED_EDGE('',*,*,#957,.F.);
#1317=ORIENTED_EDGE('',*,*,#958,.F.);
#1318=ORIENTED_EDGE('',*,*,#959,.F.);
#1319=ORIENTED_EDGE('',*,*,#958,.T.);
#1320=ORIENTED_EDGE('',*,*,#960,.T.);
#1321=ORIENTED_EDGE('',*,*,#945,.T.);
#1322=ORIENTED_EDGE('',*,*,#961,.T.);
#1323=ORIENTED_EDGE('',*,*,#962,.F.);
#1324=ORIENTED_EDGE('',*,*,#963,.F.);
#1325=ORIENTED_EDGE('',*,*,#964,.T.);
#1326=ORIENTED_EDGE('',*,*,#965,.F.);
#1327=ORIENTED_EDGE('',*,*,#948,.T.);
#1328=ORIENTED_EDGE('',*,*,#966,.T.);
#1329=ORIENTED_EDGE('',*,*,#963,.T.);
#1330=ORIENTED_EDGE('',*,*,#967,.T.);
#1331=ORIENTED_EDGE('',*,*,#965,.T.);
#1332=ORIENTED_EDGE('',*,*,#968,.T.);
#1333=ORIENTED_EDGE('',*,*,#954,.T.);
#1334=ORIENTED_EDGE('',*,*,#969,.T.);
#1335=ORIENTED_EDGE('',*,*,#970,.F.);
#1336=ORIENTED_EDGE('',*,*,#971,.F.);
#1337=ORIENTED_EDGE('',*,*,#972,.F.);
#1338=ORIENTED_EDGE('',*,*,#971,.T.);
#1339=ORIENTED_EDGE('',*,*,#973,.T.);
#1340=ORIENTED_EDGE('',*,*,#949,.T.);
#1341=ORIENTED_EDGE('',*,*,#974,.T.);
#1342=ORIENTED_EDGE('',*,*,#975,.F.);
#1343=ORIENTED_EDGE('',*,*,#976,.F.);
#1344=ORIENTED_EDGE('',*,*,#977,.F.);
#1345=ORIENTED_EDGE('',*,*,#976,.T.);
#1346=ORIENTED_EDGE('',*,*,#978,.T.);
#1347=ORIENTED_EDGE('',*,*,#953,.T.);
#1348=ORIENTED_EDGE('',*,*,#979,.T.);
#1349=ORIENTED_EDGE('',*,*,#957,.T.);
#1350=ORIENTED_EDGE('',*,*,#980,.T.);
#1351=ORIENTED_EDGE('',*,*,#977,.T.);
#1352=ORIENTED_EDGE('',*,*,#981,.T.);
#1353=ORIENTED_EDGE('',*,*,#982,.F.);
#1354=ORIENTED_EDGE('',*,*,#983,.F.);
#1355=ORIENTED_EDGE('',*,*,#984,.F.);
#1356=ORIENTED_EDGE('',*,*,#983,.T.);
#1357=ORIENTED_EDGE('',*,*,#985,.T.);
#1358=ORIENTED_EDGE('',*,*,#962,.T.);
#1359=ORIENTED_EDGE('',*,*,#986,.T.);
#1360=ORIENTED_EDGE('',*,*,#975,.T.);
#1361=ORIENTED_EDGE('',*,*,#987,.T.);
#1362=ORIENTED_EDGE('',*,*,#984,.T.);
#1363=ORIENTED_EDGE('',*,*,#988,.T.);
#1364=ORIENTED_EDGE('',*,*,#982,.T.);
#1365=ORIENTED_EDGE('',*,*,#989,.T.);
#1366=ORIENTED_EDGE('',*,*,#972,.T.);
#1367=ORIENTED_EDGE('',*,*,#990,.T.);
#1368=ORIENTED_EDGE('',*,*,#970,.T.);
#1369=ORIENTED_EDGE('',*,*,#991,.T.);
#1370=ORIENTED_EDGE('',*,*,#959,.T.);
#1371=ORIENTED_EDGE('',*,*,#992,.T.);
#1372=ORIENTED_EDGE('',*,*,#944,.T.);
#1373=ORIENTED_EDGE('',*,*,#993,.T.);
#1374=ORIENTED_EDGE('',*,*,#950,.T.);
#1375=ORIENTED_EDGE('',*,*,#994,.T.);
#1376=ORIENTED_EDGE('',*,*,#956,.F.);
#1377=ORIENTED_EDGE('',*,*,#960,.F.);
#1378=ORIENTED_EDGE('',*,*,#981,.F.);
#1379=ORIENTED_EDGE('',*,*,#979,.F.);
#1380=ORIENTED_EDGE('',*,*,#995,.F.);
#1381=ORIENTED_EDGE('',*,*,#996,.T.);
#1382=ORIENTED_EDGE('',*,*,#997,.F.);
#1383=ORIENTED_EDGE('',*,*,#998,.T.);
#1384=ORIENTED_EDGE('',*,*,#999,.F.);
#1385=ORIENTED_EDGE('',*,*,#1000,.T.);
#1386=ORIENTED_EDGE('',*,*,#1001,.F.);
#1387=ORIENTED_EDGE('',*,*,#1002,.T.);
#1388=ORIENTED_EDGE('',*,*,#896,.T.);
#1389=ORIENTED_EDGE('',*,*,#898,.T.);
#1390=ORIENTED_EDGE('',*,*,#900,.T.);
#1391=ORIENTED_EDGE('',*,*,#902,.T.);
#1392=ORIENTED_EDGE('',*,*,#904,.T.);
#1393=ORIENTED_EDGE('',*,*,#906,.T.);
#1394=ORIENTED_EDGE('',*,*,#908,.T.);
#1395=ORIENTED_EDGE('',*,*,#910,.T.);
#1396=ORIENTED_EDGE('',*,*,#912,.T.);
#1397=ORIENTED_EDGE('',*,*,#930,.T.);
#1398=ORIENTED_EDGE('',*,*,#932,.T.);
#1399=ORIENTED_EDGE('',*,*,#934,.T.);
#1400=ORIENTED_EDGE('',*,*,#936,.T.);
#1401=ORIENTED_EDGE('',*,*,#938,.T.);
#1402=ORIENTED_EDGE('',*,*,#939,.T.);
#1403=ORIENTED_EDGE('',*,*,#920,.T.);
#1404=ORIENTED_EDGE('',*,*,#918,.T.);
#1405=ORIENTED_EDGE('',*,*,#914,.T.);
#1406=ORIENTED_EDGE('',*,*,#917,.T.);
#1407=ORIENTED_EDGE('',*,*,#927,.T.);
#1408=ORIENTED_EDGE('',*,*,#925,.T.);
#1409=ORIENTED_EDGE('',*,*,#923,.T.);
#1410=ORIENTED_EDGE('',*,*,#928,.T.);
#1411=ORIENTED_EDGE('',*,*,#885,.T.);
#1412=ORIENTED_EDGE('',*,*,#888,.T.);
#1413=ORIENTED_EDGE('',*,*,#890,.T.);
#1414=ORIENTED_EDGE('',*,*,#892,.T.);
#1415=ORIENTED_EDGE('',*,*,#894,.T.);
#1416=ORIENTED_EDGE('',*,*,#1003,.T.);
#1417=ORIENTED_EDGE('',*,*,#1004,.T.);
#1418=ORIENTED_EDGE('',*,*,#1005,.T.);
#1419=ORIENTED_EDGE('',*,*,#1006,.T.);
#1420=ORIENTED_EDGE('',*,*,#964,.F.);
#1421=ORIENTED_EDGE('',*,*,#966,.F.);
#1422=ORIENTED_EDGE('',*,*,#947,.F.);
#1423=ORIENTED_EDGE('',*,*,#993,.F.);
#1424=ORIENTED_EDGE('',*,*,#943,.F.);
#1425=ORIENTED_EDGE('',*,*,#955,.F.);
#1426=ORIENTED_EDGE('',*,*,#951,.F.);
#1427=ORIENTED_EDGE('',*,*,#968,.F.);
#1428=ORIENTED_EDGE('',*,*,#967,.F.);
#1429=ORIENTED_EDGE('',*,*,#985,.F.);
#1430=ORIENTED_EDGE('',*,*,#990,.F.);
#1431=ORIENTED_EDGE('',*,*,#974,.F.);
#1432=ORIENTED_EDGE('',*,*,#969,.F.);
#1433=ORIENTED_EDGE('',*,*,#978,.F.);
#1434=ORIENTED_EDGE('',*,*,#988,.F.);
#1435=ORIENTED_EDGE('',*,*,#986,.F.);
#1436=ORIENTED_EDGE('',*,*,#973,.F.);
#1437=ORIENTED_EDGE('',*,*,#992,.F.);
#1438=ORIENTED_EDGE('',*,*,#961,.F.);
#1439=ORIENTED_EDGE('',*,*,#994,.F.);
#1440=ORIENTED_EDGE('',*,*,#980,.F.);
#1441=ORIENTED_EDGE('',*,*,#991,.F.);
#1442=ORIENTED_EDGE('',*,*,#989,.F.);
#1443=ORIENTED_EDGE('',*,*,#987,.F.);
#1444=ORIENTED_EDGE('',*,*,#1007,.F.);
#1445=ORIENTED_EDGE('',*,*,#1008,.T.);
#1446=ORIENTED_EDGE('',*,*,#1006,.F.);
#1447=ORIENTED_EDGE('',*,*,#1008,.F.);
#1448=ORIENTED_EDGE('',*,*,#1009,.F.);
#1449=ORIENTED_EDGE('',*,*,#1010,.T.);
#1450=ORIENTED_EDGE('',*,*,#1005,.F.);
#1451=ORIENTED_EDGE('',*,*,#1010,.F.);
#1452=ORIENTED_EDGE('',*,*,#1011,.F.);
#1453=ORIENTED_EDGE('',*,*,#1012,.T.);
#1454=ORIENTED_EDGE('',*,*,#1004,.F.);
#1455=ORIENTED_EDGE('',*,*,#1012,.F.);
#1456=ORIENTED_EDGE('',*,*,#1013,.F.);
#1457=ORIENTED_EDGE('',*,*,#1014,.T.);
#1458=ORIENTED_EDGE('',*,*,#1003,.F.);
#1459=ORIENTED_EDGE('',*,*,#1014,.F.);
#1460=ORIENTED_EDGE('',*,*,#1015,.T.);
#1461=ORIENTED_EDGE('',*,*,#1016,.T.);
#1462=ORIENTED_EDGE('',*,*,#1017,.T.);
#1463=ORIENTED_EDGE('',*,*,#1018,.T.);
#1464=ORIENTED_EDGE('',*,*,#1019,.T.);
#1465=ORIENTED_EDGE('',*,*,#1020,.T.);
#1466=ORIENTED_EDGE('',*,*,#1021,.T.);
#1467=ORIENTED_EDGE('',*,*,#1022,.T.);
#1468=ORIENTED_EDGE('',*,*,#1021,.F.);
#1469=ORIENTED_EDGE('',*,*,#1023,.T.);
#1470=ORIENTED_EDGE('',*,*,#1015,.F.);
#1471=ORIENTED_EDGE('',*,*,#1024,.T.);
#1472=ORIENTED_EDGE('',*,*,#1025,.T.);
#1473=ORIENTED_EDGE('',*,*,#1026,.T.);
#1474=ORIENTED_EDGE('',*,*,#1027,.T.);
#1475=ORIENTED_EDGE('',*,*,#1026,.F.);
#1476=ORIENTED_EDGE('',*,*,#1028,.T.);
#1477=ORIENTED_EDGE('',*,*,#1019,.F.);
#1478=ORIENTED_EDGE('',*,*,#1029,.T.);
#1479=ORIENTED_EDGE('',*,*,#1030,.T.);
#1480=ORIENTED_EDGE('',*,*,#1031,.T.);
#1481=ORIENTED_EDGE('',*,*,#1032,.T.);
#1482=ORIENTED_EDGE('',*,*,#1031,.F.);
#1483=ORIENTED_EDGE('',*,*,#1033,.T.);
#1484=ORIENTED_EDGE('',*,*,#1024,.F.);
#1485=ORIENTED_EDGE('',*,*,#1017,.F.);
#1486=ORIENTED_EDGE('',*,*,#1034,.T.);
#1487=ORIENTED_EDGE('',*,*,#1029,.F.);
#1488=ORIENTED_EDGE('',*,*,#1028,.F.);
#1489=ORIENTED_EDGE('',*,*,#1035,.T.);
#1490=ORIENTED_EDGE('',*,*,#997,.T.);
#1491=ORIENTED_EDGE('',*,*,#1036,.T.);
#1492=ORIENTED_EDGE('',*,*,#1025,.F.);
#1493=ORIENTED_EDGE('',*,*,#1037,.F.);
#1494=ORIENTED_EDGE('',*,*,#998,.F.);
#1495=ORIENTED_EDGE('',*,*,#1035,.F.);
#1496=ORIENTED_EDGE('',*,*,#1033,.F.);
#1497=ORIENTED_EDGE('',*,*,#1038,.T.);
#1498=ORIENTED_EDGE('',*,*,#999,.T.);
#1499=ORIENTED_EDGE('',*,*,#1037,.T.);
#1500=ORIENTED_EDGE('',*,*,#1030,.F.);
#1501=ORIENTED_EDGE('',*,*,#1039,.F.);
#1502=ORIENTED_EDGE('',*,*,#1000,.F.);
#1503=ORIENTED_EDGE('',*,*,#1038,.F.);
#1504=ORIENTED_EDGE('',*,*,#1018,.F.);
#1505=ORIENTED_EDGE('',*,*,#1032,.F.);
#1506=ORIENTED_EDGE('',*,*,#1027,.F.);
#1507=ORIENTED_EDGE('',*,*,#1022,.F.);
#1508=ORIENTED_EDGE('',*,*,#940,.T.);
#1509=ORIENTED_EDGE('',*,*,#1007,.T.);
#1510=ORIENTED_EDGE('',*,*,#1009,.T.);
#1511=ORIENTED_EDGE('',*,*,#1011,.T.);
#1512=ORIENTED_EDGE('',*,*,#1013,.T.);
#1513=ORIENTED_EDGE('',*,*,#1023,.F.);
#1514=ORIENTED_EDGE('',*,*,#1040,.T.);
#1515=ORIENTED_EDGE('',*,*,#995,.T.);
#1516=ORIENTED_EDGE('',*,*,#1041,.T.);
#1517=ORIENTED_EDGE('',*,*,#1020,.F.);
#1518=ORIENTED_EDGE('',*,*,#1036,.F.);
#1519=ORIENTED_EDGE('',*,*,#996,.F.);
#1520=ORIENTED_EDGE('',*,*,#1040,.F.);
#1521=ORIENTED_EDGE('',*,*,#1034,.F.);
#1522=ORIENTED_EDGE('',*,*,#1042,.T.);
#1523=ORIENTED_EDGE('',*,*,#1001,.T.);
#1524=ORIENTED_EDGE('',*,*,#1039,.T.);
#1525=ORIENTED_EDGE('',*,*,#1016,.F.);
#1526=ORIENTED_EDGE('',*,*,#1041,.F.);
#1527=ORIENTED_EDGE('',*,*,#1002,.F.);
#1528=ORIENTED_EDGE('',*,*,#1042,.F.);
#1529=CYLINDRICAL_SURFACE('',#1702,1.);
#1530=CYLINDRICAL_SURFACE('',#1706,1.);
#1531=CYLINDRICAL_SURFACE('',#1710,1.);
#1532=CYLINDRICAL_SURFACE('',#1712,1.);
#1533=CYLINDRICAL_SURFACE('',#1714,1.);
#1534=CYLINDRICAL_SURFACE('',#1728,1.);
#1535=CYLINDRICAL_SURFACE('',#1742,1.);
#1536=CYLINDRICAL_SURFACE('',#1756,1.);
#1537=CYLINDRICAL_SURFACE('',#1770,1.);
#1538=CYLINDRICAL_SURFACE('',#1772,1.);
#1539=CYLINDRICAL_SURFACE('',#1774,1.);
#1540=CYLINDRICAL_SURFACE('',#1778,1.);
#1541=CYLINDRICAL_SURFACE('',#1782,3.);
#1542=CYLINDRICAL_SURFACE('',#1784,5.50000000000004);
#1543=CYLINDRICAL_SURFACE('',#1786,3.);
#1544=CYLINDRICAL_SURFACE('',#1789,3.);
#1545=CYLINDRICAL_SURFACE('',#1791,5.5);
#1546=CYLINDRICAL_SURFACE('',#1793,3.);
#1547=CYLINDRICAL_SURFACE('',#1798,10.5);
#1548=CYLINDRICAL_SURFACE('',#1801,10.5000006705523);
#1549=CYLINDRICAL_SURFACE('',#1805,3.);
#1550=CYLINDRICAL_SURFACE('',#1808,5.5);
#1551=CYLINDRICAL_SURFACE('',#1810,3.);
#1552=CYLINDRICAL_SURFACE('',#1812,3.);
#1553=CYLINDRICAL_SURFACE('',#1814,5.5);
#1554=CYLINDRICAL_SURFACE('',#1816,3.);
#1555=CYLINDRICAL_SURFACE('',#1819,10.5);
#1556=CYLINDRICAL_SURFACE('',#1822,10.5);
#1557=CYLINDRICAL_SURFACE('',#1827,3.175);
#1558=CYLINDRICAL_SURFACE('',#1846,3.);
#1559=CYLINDRICAL_SURFACE('',#1851,3.);
#1560=CYLINDRICAL_SURFACE('',#1857,3.);
#1561=CYLINDRICAL_SURFACE('',#1858,3.);
#1562=CYLINDRICAL_SURFACE('',#1863,3.);
#1563=CYLINDRICAL_SURFACE('',#1868,3.);
#1564=CYLINDRICAL_SURFACE('',#1869,3.);
#1565=CYLINDRICAL_SURFACE('',#1874,3.);
#1566=CYLINDRICAL_SURFACE('',#1875,3.);
#1567=CYLINDRICAL_SURFACE('',#1876,3.);
#1568=CYLINDRICAL_SURFACE('',#1877,3.);
#1569=CYLINDRICAL_SURFACE('',#1878,3.);
#1570=CYLINDRICAL_SURFACE('',#1893,1.75);
#1571=CYLINDRICAL_SURFACE('',#1895,1.75);
#1572=CYLINDRICAL_SURFACE('',#1897,1.75);
#1573=CYLINDRICAL_SURFACE('',#1899,1.75);
#1574=CYLINDRICAL_SURFACE('',#1901,1.);
#1575=CYLINDRICAL_SURFACE('',#1904,1.);
#1576=CYLINDRICAL_SURFACE('',#1909,1.);
#1577=CYLINDRICAL_SURFACE('',#1914,1.);
#1578=CYLINDRICAL_SURFACE('',#1921,1.);
#1579=CYLINDRICAL_SURFACE('',#1923,1.);
#1580=CYLINDRICAL_SURFACE('',#1926,1.);
#1581=CYLINDRICAL_SURFACE('',#1928,1.);
#1582=ADVANCED_FACE('',(#201),#1529,.T.);
#1583=ADVANCED_FACE('',(#202),#181,.T.);
#1584=ADVANCED_FACE('',(#203),#1530,.T.);
#1585=ADVANCED_FACE('',(#204),#182,.T.);
#1586=ADVANCED_FACE('',(#205),#1531,.T.);
#1587=ADVANCED_FACE('',(#206),#1532,.T.);
#1588=ADVANCED_FACE('',(#207),#1533,.T.);
#1589=ADVANCED_FACE('',(#208),#183,.T.);
#1590=ADVANCED_FACE('',(#209),#184,.T.);
#1591=ADVANCED_FACE('',(#210),#185,.T.);
#1592=ADVANCED_FACE('',(#211),#1534,.T.);
#1593=ADVANCED_FACE('',(#212),#186,.T.);
#1594=ADVANCED_FACE('',(#213),#187,.T.);
#1595=ADVANCED_FACE('',(#214),#188,.T.);
#1596=ADVANCED_FACE('',(#215),#1535,.T.);
#1597=ADVANCED_FACE('',(#216),#189,.T.);
#1598=ADVANCED_FACE('',(#217),#190,.T.);
#1599=ADVANCED_FACE('',(#218),#191,.T.);
#1600=ADVANCED_FACE('',(#219),#1536,.T.);
#1601=ADVANCED_FACE('',(#220),#192,.T.);
#1602=ADVANCED_FACE('',(#221),#193,.T.);
#1603=ADVANCED_FACE('',(#222),#194,.T.);
#1604=ADVANCED_FACE('',(#223),#1537,.T.);
#1605=ADVANCED_FACE('',(#224),#1538,.T.);
#1606=ADVANCED_FACE('',(#225),#1539,.T.);
#1607=ADVANCED_FACE('',(#226),#195,.T.);
#1608=ADVANCED_FACE('',(#227),#1540,.T.);
#1609=ADVANCED_FACE('',(#228),#196,.T.);
#1610=ADVANCED_FACE('',(#229),#1541,.T.);
#1611=ADVANCED_FACE('',(#230),#1542,.F.);
#1612=ADVANCED_FACE('',(#231),#1543,.T.);
#1613=ADVANCED_FACE('',(#232),#34,.T.);
#1614=ADVANCED_FACE('',(#233),#1544,.T.);
#1615=ADVANCED_FACE('',(#234),#1545,.F.);
#1616=ADVANCED_FACE('',(#235),#1546,.T.);
#1617=ADVANCED_FACE('',(#236),#35,.T.);
#1618=ADVANCED_FACE('',(#237),#36,.T.);
#1619=ADVANCED_FACE('',(#238),#37,.T.);
#1620=ADVANCED_FACE('',(#239),#1547,.T.);
#1621=ADVANCED_FACE('',(#240),#38,.T.);
#1622=ADVANCED_FACE('',(#241),#1548,.T.);
#1623=ADVANCED_FACE('',(#242),#39,.T.);
#1624=ADVANCED_FACE('',(#243),#40,.T.);
#1625=ADVANCED_FACE('',(#244),#1549,.T.);
#1626=ADVANCED_FACE('',(#245),#41,.T.);
#1627=ADVANCED_FACE('',(#246),#1550,.F.);
#1628=ADVANCED_FACE('',(#247),#1551,.T.);
#1629=ADVANCED_FACE('',(#248),#1552,.T.);
#1630=ADVANCED_FACE('',(#249),#1553,.F.);
#1631=ADVANCED_FACE('',(#250),#1554,.T.);
#1632=ADVANCED_FACE('',(#251),#42,.T.);
#1633=ADVANCED_FACE('',(#252),#1555,.T.);
#1634=ADVANCED_FACE('',(#253),#43,.T.);
#1635=ADVANCED_FACE('',(#254),#1556,.T.);
#1636=ADVANCED_FACE('',(#255),#44,.T.);
#1637=ADVANCED_FACE('',(#256),#45,.T.);
#1638=ADVANCED_FACE('',(#257),#46,.T.);
#1639=ADVANCED_FACE('',(#258),#1557,.F.);
#1640=ADVANCED_FACE('',(#259),#47,.T.);
#1641=ADVANCED_FACE('',(#260),#197,.F.);
#1642=ADVANCED_FACE('',(#261),#198,.F.);
#1643=ADVANCED_FACE('',(#262),#199,.F.);
#1644=ADVANCED_FACE('',(#263),#1558,.F.);
#1645=ADVANCED_FACE('',(#264),#26,.T.);
#1646=ADVANCED_FACE('',(#265),#1559,.T.);
#1647=ADVANCED_FACE('',(#266),#200,.F.);
#1648=ADVANCED_FACE('',(#267),#1560,.F.);
#1649=ADVANCED_FACE('',(#268),#1561,.F.);
#1650=ADVANCED_FACE('',(#269),#27,.T.);
#1651=ADVANCED_FACE('',(#270),#1562,.T.);
#1652=ADVANCED_FACE('',(#271),#28,.T.);
#1653=ADVANCED_FACE('',(#272),#1563,.T.);
#1654=ADVANCED_FACE('',(#273),#1564,.T.);
#1655=ADVANCED_FACE('',(#274),#29,.T.);
#1656=ADVANCED_FACE('',(#275),#1565,.T.);
#1657=ADVANCED_FACE('',(#276),#1566,.T.);
#1658=ADVANCED_FACE('',(#277),#1567,.T.);
#1659=ADVANCED_FACE('',(#278),#1568,.T.);
#1660=ADVANCED_FACE('',(#279),#1569,.F.);
#1661=ADVANCED_FACE('',(#280),#48,.T.);
#1662=ADVANCED_FACE('',(#281,#15,#16,#17,#18,#19,#20),#49,.F.);
#1663=ADVANCED_FACE('',(#282),#50,.T.);
#1664=ADVANCED_FACE('',(#283),#51,.T.);
#1665=ADVANCED_FACE('',(#284),#52,.T.);
#1666=ADVANCED_FACE('',(#285),#53,.T.);
#1667=ADVANCED_FACE('',(#286),#1570,.F.);
#1668=ADVANCED_FACE('',(#287),#1571,.F.);
#1669=ADVANCED_FACE('',(#288),#1572,.F.);
#1670=ADVANCED_FACE('',(#289),#1573,.F.);
#1671=ADVANCED_FACE('',(#290),#1574,.T.);
#1672=ADVANCED_FACE('',(#291),#1575,.T.);
#1673=ADVANCED_FACE('',(#292),#30,.T.);
#1674=ADVANCED_FACE('',(#293),#1576,.T.);
#1675=ADVANCED_FACE('',(#294),#31,.T.);
#1676=ADVANCED_FACE('',(#295),#1577,.T.);
#1677=ADVANCED_FACE('',(#296),#32,.T.);
#1678=ADVANCED_FACE('',(#297),#33,.T.);
#1679=ADVANCED_FACE('',(#298),#1578,.T.);
#1680=ADVANCED_FACE('',(#299),#54,.T.);
#1681=ADVANCED_FACE('',(#300),#1579,.T.);
#1682=ADVANCED_FACE('',(#301),#55,.T.);
#1683=ADVANCED_FACE('',(#302,#21,#22,#23,#24,#25),#56,.T.);
#1684=ADVANCED_FACE('',(#303),#1580,.T.);
#1685=ADVANCED_FACE('',(#304),#57,.T.);
#1686=ADVANCED_FACE('',(#305),#1581,.T.);
#1687=ADVANCED_FACE('',(#306),#58,.T.);
#1688=CLOSED_SHELL('',(#1582,#1583,#1584,#1585,#1586,#1587,#1588,#1589,
#1590,#1591,#1592,#1593,#1594,#1595,#1596,#1597,#1598,#1599,#1600,#1601,
#1602,#1603,#1604,#1605,#1606,#1607,#1608,#1609,#1610,#1611,#1612,#1613,
#1614,#1615,#1616,#1617,#1618,#1619,#1620,#1621,#1622,#1623,#1624,#1625,
#1626,#1627,#1628,#1629,#1630,#1631,#1632,#1633,#1634,#1635,#1636,#1637,
#1638,#1639,#1640,#1641,#1642,#1643,#1644,#1645,#1646,#1647,#1648,#1649,
#1650,#1651,#1652,#1653,#1654,#1655,#1656,#1657,#1658,#1659,#1660,#1661,
#1662,#1663,#1664,#1665,#1666,#1667,#1668,#1669,#1670,#1671,#1672,#1673,
#1674,#1675,#1676,#1677,#1678,#1679,#1680,#1681,#1682,#1683,#1684,#1685,
#1686,#1687));
#1689=DERIVED_UNIT_ELEMENT(#1691,1.);
#1690=DERIVED_UNIT_ELEMENT(#3102,-3.);
#1691=(
MASS_UNIT()
NAMED_UNIT(*)
SI_UNIT(.KILO.,.GRAM.)
);
#1692=DERIVED_UNIT((#1689,#1690));
#1693=MEASURE_REPRESENTATION_ITEM('density measure',
POSITIVE_RATIO_MEASURE(7850.),#1692);
#1694=PROPERTY_DEFINITION_REPRESENTATION(#1699,#1696);
#1695=PROPERTY_DEFINITION_REPRESENTATION(#1700,#1697);
#1696=REPRESENTATION('material name',(#1698),#3099);
#1697=REPRESENTATION('density',(#1693),#3099);
#1698=DESCRIPTIVE_REPRESENTATION_ITEM('Steel','Steel');
#1699=PROPERTY_DEFINITION('material property','material name',#3109);
#1700=PROPERTY_DEFINITION('material property','density of part',#3109);
#1701=AXIS2_PLACEMENT_3D('',#2501,#1930,#1931);
#1702=AXIS2_PLACEMENT_3D('',#2502,#1932,#1933);
#1703=AXIS2_PLACEMENT_3D('',#2537,#1936,#1937);
#1704=AXIS2_PLACEMENT_3D('',#2539,#1938,#1939);
#1705=AXIS2_PLACEMENT_3D('',#2555,#1940,#1941);
#1706=AXIS2_PLACEMENT_3D('',#2556,#1942,#1943);
#1707=AXIS2_PLACEMENT_3D('',#2575,#1946,#1947);
#1708=AXIS2_PLACEMENT_3D('',#2577,#1948,#1949);
#1709=AXIS2_PLACEMENT_3D('',#2593,#1950,#1951);
#1710=AXIS2_PLACEMENT_3D('',#2594,#1952,#1953);
#1711=AXIS2_PLACEMENT_3D('',#2598,#1955,#1956);
#1712=AXIS2_PLACEMENT_3D('',#2600,#1958,#1959);
#1713=AXIS2_PLACEMENT_3D('',#2604,#1961,#1962);
#1714=AXIS2_PLACEMENT_3D('',#2606,#1964,#1965);
#1715=AXIS2_PLACEMENT_3D('',#2610,#1967,#1968);
#1716=AXIS2_PLACEMENT_3D('',#2612,#1970,#1971);
#1717=AXIS2_PLACEMENT_3D('',#2615,#1972,#1973);
#1718=AXIS2_PLACEMENT_3D('',#2616,#1974,#1975);
#1719=AXIS2_PLACEMENT_3D('',#2617,#1976,#1977);
#1720=AXIS2_PLACEMENT_3D('',#2618,#1978,#1979);
#1721=AXIS2_PLACEMENT_3D('',#2621,#1980,#1981);
#1722=AXIS2_PLACEMENT_3D('',#2622,#1982,#1983);
#1723=AXIS2_PLACEMENT_3D('',#2623,#1984,#1985);
#1724=AXIS2_PLACEMENT_3D('',#2624,#1986,#1987);
#1725=AXIS2_PLACEMENT_3D('',#2627,#1988,#1989);
#1726=AXIS2_PLACEMENT_3D('',#2628,#1990,#1991);
#1727=AXIS2_PLACEMENT_3D('',#2629,#1992,#1993);
#1728=AXIS2_PLACEMENT_3D('',#2630,#1994,#1995);
#1729=AXIS2_PLACEMENT_3D('',#2633,#1996,#1997);
#1730=AXIS2_PLACEMENT_3D('',#2636,#2000,#2001);
#1731=AXIS2_PLACEMENT_3D('',#2639,#2002,#2003);
#1732=AXIS2_PLACEMENT_3D('',#2640,#2004,#2005);
#1733=AXIS2_PLACEMENT_3D('',#2641,#2006,#2007);
#1734=AXIS2_PLACEMENT_3D('',#2642,#2008,#2009);
#1735=AXIS2_PLACEMENT_3D('',#2645,#2010,#2011);
#1736=AXIS2_PLACEMENT_3D('',#2646,#2012,#2013);
#1737=AXIS2_PLACEMENT_3D('',#2647,#2014,#2015);
#1738=AXIS2_PLACEMENT_3D('',#2648,#2016,#2017);
#1739=AXIS2_PLACEMENT_3D('',#2651,#2018,#2019);
#1740=AXIS2_PLACEMENT_3D('',#2652,#2020,#2021);
#1741=AXIS2_PLACEMENT_3D('',#2653,#2022,#2023);
#1742=AXIS2_PLACEMENT_3D('',#2654,#2024,#2025);
#1743=AXIS2_PLACEMENT_3D('',#2657,#2026,#2027);
#1744=AXIS2_PLACEMENT_3D('',#2660,#2030,#2031);
#1745=AXIS2_PLACEMENT_3D('',#2663,#2032,#2033);
#1746=AXIS2_PLACEMENT_3D('',#2664,#2034,#2035);
#1747=AXIS2_PLACEMENT_3D('',#2665,#2036,#2037);
#1748=AXIS2_PLACEMENT_3D('',#2666,#2038,#2039);
#1749=AXIS2_PLACEMENT_3D('',#2669,#2040,#2041);
#1750=AXIS2_PLACEMENT_3D('',#2670,#2042,#2043);
#1751=AXIS2_PLACEMENT_3D('',#2671,#2044,#2045);
#1752=AXIS2_PLACEMENT_3D('',#2672,#2046,#2047);
#1753=AXIS2_PLACEMENT_3D('',#2675,#2048,#2049);
#1754=AXIS2_PLACEMENT_3D('',#2676,#2050,#2051);
#1755=AXIS2_PLACEMENT_3D('',#2677,#2052,#2053);
#1756=AXIS2_PLACEMENT_3D('',#2678,#2054,#2055);
#1757=AXIS2_PLACEMENT_3D('',#2681,#2056,#2057);
#1758=AXIS2_PLACEMENT_3D('',#2684,#2060,#2061);
#1759=AXIS2_PLACEMENT_3D('',#2687,#2062,#2063);
#1760=AXIS2_PLACEMENT_3D('',#2688,#2064,#2065);
#1761=AXIS2_PLACEMENT_3D('',#2689,#2066,#2067);
#1762=AXIS2_PLACEMENT_3D('',#2690,#2068,#2069);
#1763=AXIS2_PLACEMENT_3D('',#2693,#2070,#2071);
#1764=AXIS2_PLACEMENT_3D('',#2694,#2072,#2073);
#1765=AXIS2_PLACEMENT_3D('',#2695,#2074,#2075);
#1766=AXIS2_PLACEMENT_3D('',#2696,#2076,#2077);
#1767=AXIS2_PLACEMENT_3D('',#2699,#2078,#2079);
#1768=AXIS2_PLACEMENT_3D('',#2700,#2080,#2081);
#1769=AXIS2_PLACEMENT_3D('',#2701,#2082,#2083);
#1770=AXIS2_PLACEMENT_3D('',#2702,#2084,#2085);
#1771=AXIS2_PLACEMENT_3D('',#2707,#2088,#2089);
#1772=AXIS2_PLACEMENT_3D('',#2708,#2090,#2091);
#1773=AXIS2_PLACEMENT_3D('',#2713,#2094,#2095);
#1774=AXIS2_PLACEMENT_3D('',#2714,#2096,#2097);
#1775=AXIS2_PLACEMENT_3D('',#2733,#2100,#2101);
#1776=AXIS2_PLACEMENT_3D('',#2735,#2102,#2103);
#1777=AXIS2_PLACEMENT_3D('',#2737,#2104,#2105);
#1778=AXIS2_PLACEMENT_3D('',#2752,#2106,#2107);
#1779=AXIS2_PLACEMENT_3D('',#2771,#2110,#2111);
#1780=AXIS2_PLACEMENT_3D('',#2772,#2112,#2113);
#1781=AXIS2_PLACEMENT_3D('',#2773,#2114,#2115);
#1782=AXIS2_PLACEMENT_3D('',#2774,#2116,#2117);
#1783=AXIS2_PLACEMENT_3D('',#2778,#2119,#2120);
#1784=AXIS2_PLACEMENT_3D('',#2780,#2122,#2123);
#1785=AXIS2_PLACEMENT_3D('',#2783,#2125,#2126);
#1786=AXIS2_PLACEMENT_3D('',#2784,#2127,#2128);
#1787=AXIS2_PLACEMENT_3D('',#2787,#2130,#2131);
#1788=AXIS2_PLACEMENT_3D('',#2788,#2132,#2133);
#1789=AXIS2_PLACEMENT_3D('',#2792,#2136,#2137);
#1790=AXIS2_PLACEMENT_3D('',#2795,#2139,#2140);
#1791=AXIS2_PLACEMENT_3D('',#2796,#2141,#2142);
#1792=AXIS2_PLACEMENT_3D('',#2799,#2144,#2145);
#1793=AXIS2_PLACEMENT_3D('',#2800,#2146,#2147);
#1794=AXIS2_PLACEMENT_3D('',#2803,#2149,#2150);
#1795=AXIS2_PLACEMENT_3D('',#2804,#2151,#2152);
#1796=AXIS2_PLACEMENT_3D('',#2808,#2155,#2156);
#1797=AXIS2_PLACEMENT_3D('',#2812,#2159,#2160);
#1798=AXIS2_PLACEMENT_3D('',#2816,#2163,#2164);
#1799=AXIS2_PLACEMENT_3D('',#2819,#2166,#2167);
#1800=AXIS2_PLACEMENT_3D('',#2820,#2168,#2169);
#1801=AXIS2_PLACEMENT_3D('',#2824,#2172,#2173);
#1802=AXIS2_PLACEMENT_3D('',#2827,#2175,#2176);
#1803=AXIS2_PLACEMENT_3D('',#2828,#2177,#2178);
#1804=AXIS2_PLACEMENT_3D('',#2832,#2181,#2182);
#1805=AXIS2_PLACEMENT_3D('',#2833,#2183,#2184);
#1806=AXIS2_PLACEMENT_3D('',#2837,#2186,#2187);
#1807=AXIS2_PLACEMENT_3D('',#2839,#2189,#2190);
#1808=AXIS2_PLACEMENT_3D('',#2843,#2193,#2194);
#1809=AXIS2_PLACEMENT_3D('',#2845,#2195,#2196);
#1810=AXIS2_PLACEMENT_3D('',#2847,#2198,#2199);
#1811=AXIS2_PLACEMENT_3D('',#2849,#2200,#2201);
#1812=AXIS2_PLACEMENT_3D('',#2851,#2203,#2204);
#1813=AXIS2_PLACEMENT_3D('',#2855,#2206,#2207);
#1814=AXIS2_PLACEMENT_3D('',#2857,#2209,#2210);
#1815=AXIS2_PLACEMENT_3D('',#2859,#2211,#2212);
#1816=AXIS2_PLACEMENT_3D('',#2861,#2214,#2215);
#1817=AXIS2_PLACEMENT_3D('',#2862,#2216,#2217);
#1818=AXIS2_PLACEMENT_3D('',#2863,#2218,#2219);
#1819=AXIS2_PLACEMENT_3D('',#2865,#2221,#2222);
#1820=AXIS2_PLACEMENT_3D('',#2868,#2224,#2225);
#1821=AXIS2_PLACEMENT_3D('',#2869,#2226,#2227);
#1822=AXIS2_PLACEMENT_3D('',#2873,#2230,#2231);
#1823=AXIS2_PLACEMENT_3D('',#2876,#2233,#2234);
#1824=AXIS2_PLACEMENT_3D('',#2877,#2235,#2236);
#1825=AXIS2_PLACEMENT_3D('',#2881,#2239,#2240);
#1826=AXIS2_PLACEMENT_3D('',#2885,#2243,#2244);
#1827=AXIS2_PLACEMENT_3D('',#2887,#2246,#2247);
#1828=AXIS2_PLACEMENT_3D('',#2889,#2248,#2249);
#1829=AXIS2_PLACEMENT_3D('',#2892,#2251,#2252);
#1830=AXIS2_PLACEMENT_3D('',#2893,#2253,#2254);
#1831=AXIS2_PLACEMENT_3D('',#2894,#2255,#2256);
#1832=AXIS2_PLACEMENT_3D('',#2897,#2257,#2258);
#1833=AXIS2_PLACEMENT_3D('',#2899,#2259,#2260);
#1834=AXIS2_PLACEMENT_3D('',#2901,#2261,#2262);
#1835=AXIS2_PLACEMENT_3D('',#2902,#2263,#2264);
#1836=AXIS2_PLACEMENT_3D('',#2903,#2265,#2266);
#1837=AXIS2_PLACEMENT_3D('',#2906,#2267,#2268);
#1838=AXIS2_PLACEMENT_3D('',#2908,#2269,#2270);
#1839=AXIS2_PLACEMENT_3D('',#2910,#2271,#2272);
#1840=AXIS2_PLACEMENT_3D('',#2911,#2273,#2274);
#1841=AXIS2_PLACEMENT_3D('',#2912,#2275,#2276);
#1842=AXIS2_PLACEMENT_3D('',#2915,#2277,#2278);
#1843=AXIS2_PLACEMENT_3D('',#2917,#2279,#2280);
#1844=AXIS2_PLACEMENT_3D('',#2919,#2281,#2282);
#1845=AXIS2_PLACEMENT_3D('',#2920,#2283,#2284);
#1846=AXIS2_PLACEMENT_3D('',#2921,#2285,#2286);
#1847=AXIS2_PLACEMENT_3D('',#2924,#2289,#2290);
#1848=AXIS2_PLACEMENT_3D('',#2927,#2291,#2292);
#1849=AXIS2_PLACEMENT_3D('',#2929,#2293,#2294);
#1850=AXIS2_PLACEMENT_3D('',#2930,#2295,#2296);
#1851=AXIS2_PLACEMENT_3D('',#2931,#2297,#2298);
#1852=AXIS2_PLACEMENT_3D('',#2934,#2301,#2302);
#1853=AXIS2_PLACEMENT_3D('',#2937,#2303,#2304);
#1854=AXIS2_PLACEMENT_3D('',#2939,#2305,#2306);
#1855=AXIS2_PLACEMENT_3D('',#2941,#2307,#2308);
#1856=AXIS2_PLACEMENT_3D('',#2942,#2309,#2310);
#1857=AXIS2_PLACEMENT_3D('',#2943,#2311,#2312);
#1858=AXIS2_PLACEMENT_3D('',#2946,#2315,#2316);
#1859=AXIS2_PLACEMENT_3D('',#2949,#2319,#2320);
#1860=AXIS2_PLACEMENT_3D('',#2952,#2321,#2322);
#1861=AXIS2_PLACEMENT_3D('',#2954,#2323,#2324);
#1862=AXIS2_PLACEMENT_3D('',#2955,#2325,#2326);
#1863=AXIS2_PLACEMENT_3D('',#2956,#2327,#2328);
#1864=AXIS2_PLACEMENT_3D('',#2959,#2331,#2332);
#1865=AXIS2_PLACEMENT_3D('',#2962,#2333,#2334);
#1866=AXIS2_PLACEMENT_3D('',#2964,#2335,#2336);
#1867=AXIS2_PLACEMENT_3D('',#2965,#2337,#2338);
#1868=AXIS2_PLACEMENT_3D('',#2966,#2339,#2340);
#1869=AXIS2_PLACEMENT_3D('',#2969,#2343,#2344);
#1870=AXIS2_PLACEMENT_3D('',#2972,#2347,#2348);
#1871=AXIS2_PLACEMENT_3D('',#2975,#2349,#2350);
#1872=AXIS2_PLACEMENT_3D('',#2977,#2351,#2352);
#1873=AXIS2_PLACEMENT_3D('',#2978,#2353,#2354);
#1874=AXIS2_PLACEMENT_3D('',#2979,#2355,#2356);
#1875=AXIS2_PLACEMENT_3D('',#2982,#2359,#2360);
#1876=AXIS2_PLACEMENT_3D('',#2985,#2363,#2364);
#1877=AXIS2_PLACEMENT_3D('',#2988,#2367,#2368);
#1878=AXIS2_PLACEMENT_3D('',#2991,#2371,#2372);
#1879=AXIS2_PLACEMENT_3D('',#2994,#2375,#2376);
#1880=AXIS2_PLACEMENT_3D('',#2995,#2377,#2378);
#1881=AXIS2_PLACEMENT_3D('',#2998,#2379,#2380);
#1882=AXIS2_PLACEMENT_3D('',#3002,#2382,#2383);
#1883=AXIS2_PLACEMENT_3D('',#3006,#2385,#2386);
#1884=AXIS2_PLACEMENT_3D('',#3010,#2388,#2389);
#1885=AXIS2_PLACEMENT_3D('',#3013,#2391,#2392);
#1886=AXIS2_PLACEMENT_3D('',#3015,#2393,#2394);
#1887=AXIS2_PLACEMENT_3D('',#3017,#2395,#2396);
#1888=AXIS2_PLACEMENT_3D('',#3019,#2397,#2398);
#1889=AXIS2_PLACEMENT_3D('',#3020,#2399,#2400);
#1890=AXIS2_PLACEMENT_3D('',#3021,#2401,#2402);
#1891=AXIS2_PLACEMENT_3D('',#3022,#2403,#2404);
#1892=AXIS2_PLACEMENT_3D('',#3023,#2405,#2406);
#1893=AXIS2_PLACEMENT_3D('',#3024,#2407,#2408);
#1894=AXIS2_PLACEMENT_3D('',#3026,#2409,#2410);
#1895=AXIS2_PLACEMENT_3D('',#3028,#2412,#2413);
#1896=AXIS2_PLACEMENT_3D('',#3030,#2414,#2415);
#1897=AXIS2_PLACEMENT_3D('',#3032,#2417,#2418);
#1898=AXIS2_PLACEMENT_3D('',#3034,#2419,#2420);
#1899=AXIS2_PLACEMENT_3D('',#3036,#2422,#2423);
#1900=AXIS2_PLACEMENT_3D('',#3038,#2424,#2425);
#1901=AXIS2_PLACEMENT_3D('',#3040,#2427,#2428);
#1902=AXIS2_PLACEMENT_3D('',#3043,#2429,#2430);
#1903=AXIS2_PLACEMENT_3D('',#3047,#2432,#2433);
#1904=AXIS2_PLACEMENT_3D('',#3049,#2435,#2436);
#1905=AXIS2_PLACEMENT_3D('',#3052,#2437,#2438);
#1906=AXIS2_PLACEMENT_3D('',#3055,#2440,#2441);
#1907=AXIS2_PLACEMENT_3D('',#3057,#2443,#2444);
#1908=AXIS2_PLACEMENT_3D('',#3058,#2445,#2446);
#1909=AXIS2_PLACEMENT_3D('',#3059,#2447,#2448);
#1910=AXIS2_PLACEMENT_3D('',#3062,#2449,#2450);
#1911=AXIS2_PLACEMENT_3D('',#3065,#2452,#2453);
#1912=AXIS2_PLACEMENT_3D('',#3067,#2455,#2456);
#1913=AXIS2_PLACEMENT_3D('',#3068,#2457,#2458);
#1914=AXIS2_PLACEMENT_3D('',#3069,#2459,#2460);
#1915=AXIS2_PLACEMENT_3D('',#3071,#2461,#2462);
#1916=AXIS2_PLACEMENT_3D('',#3074,#2464,#2465);
#1917=AXIS2_PLACEMENT_3D('',#3076,#2467,#2468);
#1918=AXIS2_PLACEMENT_3D('',#3077,#2469,#2470);
#1919=AXIS2_PLACEMENT_3D('',#3078,#2471,#2472);
#1920=AXIS2_PLACEMENT_3D('',#3079,#2473,#2474);
#1921=AXIS2_PLACEMENT_3D('',#3080,#2475,#2476);
#1922=AXIS2_PLACEMENT_3D('',#3083,#2479,#2480);
#1923=AXIS2_PLACEMENT_3D('',#3085,#2482,#2483);
#1924=AXIS2_PLACEMENT_3D('',#3087,#2485,#2486);
#1925=AXIS2_PLACEMENT_3D('',#3089,#2488,#2489);
#1926=AXIS2_PLACEMENT_3D('',#3090,#2490,#2491);
#1927=AXIS2_PLACEMENT_3D('',#3093,#2494,#2495);
#1928=AXIS2_PLACEMENT_3D('',#3094,#2496,#2497);
#1929=AXIS2_PLACEMENT_3D('',#3096,#2499,#2500);
#1930=DIRECTION('axis',(0.,0.,1.));
#1931=DIRECTION('refdir',(1.,0.,0.));
#1932=DIRECTION('center_axis',(0.,0.,1.));
#1933=DIRECTION('ref_axis',(0.707106781186548,-0.707106781186548,0.));
#1934=DIRECTION('',(0.,0.,-1.));
#1935=DIRECTION('',(0.,0.,1.));
#1936=DIRECTION('center_axis',(0.,-1.,0.));
#1937=DIRECTION('ref_axis',(0.,0.,-1.));
#1938=DIRECTION('center_axis',(0.,1.,0.));
#1939=DIRECTION('ref_axis',(0.707106781186549,0.,0.707106781186546));
#1940=DIRECTION('center_axis',(0.,-1.,0.));
#1941=DIRECTION('ref_axis',(0.707106781186549,0.,0.707106781186546));
#1942=DIRECTION('center_axis',(-1.,0.,0.));
#1943=DIRECTION('ref_axis',(0.,-0.707106781186548,0.707106781186548));
#1944=DIRECTION('',(1.,0.,0.));
#1945=DIRECTION('',(-1.,0.,0.));
#1946=DIRECTION('center_axis',(0.,-1.,0.));
#1947=DIRECTION('ref_axis',(0.,0.,-1.));
#1948=DIRECTION('center_axis',(0.,1.,0.));
#1949=DIRECTION('ref_axis',(-0.70710678118655,0.,0.707106781186545));
#1950=DIRECTION('center_axis',(0.,-1.,0.));
#1951=DIRECTION('ref_axis',(-0.70710678118655,0.,0.707106781186545));
#1952=DIRECTION('center_axis',(0.,0.,-1.));
#1953=DIRECTION('ref_axis',(-0.707106781186548,-0.707106781186548,0.));
#1954=DIRECTION('',(0.,0.,1.));
#1955=DIRECTION('center_axis',(-0.707106781186549,0.,-0.707106781186546));
#1956=DIRECTION('ref_axis',(-0.707106781186546,0.,0.707106781186549));
#1957=DIRECTION('',(0.,0.,-1.));
#1958=DIRECTION('center_axis',(-1.,0.,0.));
#1959=DIRECTION('ref_axis',(0.,-0.707106781186547,0.707106781186548));
#1960=DIRECTION('',(1.,0.,0.));
#1961=DIRECTION('center_axis',(-0.707106781186549,7.85046229341889E-16,
0.707106781186546));
#1962=DIRECTION('ref_axis',(0.707106781186546,7.85046229341892E-16,0.707106781186549));
#1963=DIRECTION('',(-1.,0.,0.));
#1964=DIRECTION('center_axis',(0.,0.,1.));
#1965=DIRECTION('ref_axis',(0.707106781186548,-0.707106781186548,0.));
#1966=DIRECTION('',(0.,0.,-1.));
#1967=DIRECTION('center_axis',(0.,0.,1.));
#1968=DIRECTION('ref_axis',(0.,-1.,0.));
#1969=DIRECTION('',(0.,0.,1.));
#1970=DIRECTION('center_axis',(0.,1.,0.));
#1971=DIRECTION('ref_axis',(0.,0.,1.));
#1972=DIRECTION('center_axis',(0.984305913569499,0.,0.176470588235301));
#1973=DIRECTION('ref_axis',(0.,-1.,0.));
#1974=DIRECTION('center_axis',(0.,-1.,0.));
#1975=DIRECTION('ref_axis',(0.766964988847374,0.,-0.641688947919744));
#1976=DIRECTION('center_axis',(0.,1.,0.));
#1977=DIRECTION('ref_axis',(0.766964988847373,0.,-0.641688947919744));
#1978=DIRECTION('center_axis',(0.,1.,0.));
#1979=DIRECTION('ref_axis',(0.,0.,1.));
#1980=DIRECTION('center_axis',(0.176470588235293,0.,0.984305913569501));
#1981=DIRECTION('ref_axis',(0.,-1.,0.));
#1982=DIRECTION('center_axis',(0.,1.,0.));
#1983=DIRECTION('ref_axis',(-0.707106781186551,0.,0.707106781186544));
#1984=DIRECTION('center_axis',(0.,-1.,0.));
#1985=DIRECTION('ref_axis',(-0.707106781186551,0.,0.707106781186544));
#1986=DIRECTION('center_axis',(0.,1.,0.));
#1987=DIRECTION('ref_axis',(0.,0.,1.));
#1988=DIRECTION('center_axis',(1.,0.,0.));
#1989=DIRECTION('ref_axis',(0.,-1.,0.));
#1990=DIRECTION('center_axis',(0.,-1.,0.));
#1991=DIRECTION('ref_axis',(0.641688947919749,0.,-0.766964988847369));
#1992=DIRECTION('center_axis',(0.,1.,0.));
#1993=DIRECTION('ref_axis',(0.641688947919749,0.,-0.766964988847369));
#1994=DIRECTION('center_axis',(1.,0.,0.));
#1995=DIRECTION('ref_axis',(0.,-0.707106781186548,-0.707106781186548));
#1996=DIRECTION('center_axis',(1.,0.,0.));
#1997=DIRECTION('ref_axis',(0.,-1.,0.));
#1998=DIRECTION('',(1.,0.,0.));
#1999=DIRECTION('',(-1.,0.,0.));
#2000=DIRECTION('center_axis',(0.,1.,0.));
#2001=DIRECTION('ref_axis',(0.,0.,1.));
#2002=DIRECTION('center_axis',(0.176470588235293,0.,-0.984305913569501));
#2003=DIRECTION('ref_axis',(0.,-1.,0.));
#2004=DIRECTION('center_axis',(0.,-1.,0.));
#2005=DIRECTION('ref_axis',(-0.641688947919749,0.,-0.766964988847369));
#2006=DIRECTION('center_axis',(0.,1.,0.));
#2007=DIRECTION('ref_axis',(-0.641688947919749,0.,-0.766964988847369));
#2008=DIRECTION('center_axis',(0.,1.,0.));
#2009=DIRECTION('ref_axis',(0.,0.,1.));
#2010=DIRECTION('center_axis',(0.984305913569499,0.,-0.176470588235301));
#2011=DIRECTION('ref_axis',(0.,-1.,0.));
#2012=DIRECTION('center_axis',(0.,1.,0.));
#2013=DIRECTION('ref_axis',(0.70710678118655,0.,0.707106781186545));
#2014=DIRECTION('center_axis',(0.,-1.,0.));
#2015=DIRECTION('ref_axis',(0.70710678118655,0.,0.707106781186545));
#2016=DIRECTION('center_axis',(0.,1.,0.));
#2017=DIRECTION('ref_axis',(0.,0.,1.));
#2018=DIRECTION('center_axis',(0.,0.,-1.));
#2019=DIRECTION('ref_axis',(0.,-1.,0.));
#2020=DIRECTION('center_axis',(0.,-1.,0.));
#2021=DIRECTION('ref_axis',(-0.766964988847372,0.,-0.641688947919746));
#2022=DIRECTION('center_axis',(0.,1.,0.));
#2023=DIRECTION('ref_axis',(-0.766964988847372,0.,-0.641688947919746));
#2024=DIRECTION('center_axis',(0.,0.,-1.));
#2025=DIRECTION('ref_axis',(-0.707106781186548,-0.707106781186548,0.));
#2026=DIRECTION('center_axis',(0.,0.,-1.));
#2027=DIRECTION('ref_axis',(0.,-1.,0.));
#2028=DIRECTION('',(0.,0.,-1.));
#2029=DIRECTION('',(0.,0.,1.));
#2030=DIRECTION('center_axis',(0.,1.,0.));
#2031=DIRECTION('ref_axis',(0.,0.,1.));
#2032=DIRECTION('center_axis',(-0.984305913569501,0.,-0.176470588235294));
#2033=DIRECTION('ref_axis',(0.,-1.,0.));
#2034=DIRECTION('center_axis',(0.,-1.,0.));
#2035=DIRECTION('ref_axis',(-0.766964988847372,0.,0.641688947919746));
#2036=DIRECTION('center_axis',(0.,1.,0.));
#2037=DIRECTION('ref_axis',(-0.766964988847372,0.,0.641688947919746));
#2038=DIRECTION('center_axis',(0.,1.,0.));
#2039=DIRECTION('ref_axis',(0.,0.,1.));
#2040=DIRECTION('center_axis',(-0.176470588235294,0.,-0.984305913569501));
#2041=DIRECTION('ref_axis',(0.,-1.,0.));
#2042=DIRECTION('center_axis',(0.,1.,0.));
#2043=DIRECTION('ref_axis',(0.707106781186549,0.,-0.707106781186546));
#2044=DIRECTION('center_axis',(0.,-1.,0.));
#2045=DIRECTION('ref_axis',(0.707106781186549,0.,-0.707106781186546));
#2046=DIRECTION('center_axis',(0.,1.,0.));
#2047=DIRECTION('ref_axis',(0.,0.,1.));
#2048=DIRECTION('center_axis',(-1.,0.,0.));
#2049=DIRECTION('ref_axis',(0.,-1.,0.));
#2050=DIRECTION('center_axis',(0.,-1.,0.));
#2051=DIRECTION('ref_axis',(-0.641688947919749,0.,0.766964988847369));
#2052=DIRECTION('center_axis',(0.,1.,0.));
#2053=DIRECTION('ref_axis',(-0.641688947919749,0.,0.766964988847369));
#2054=DIRECTION('center_axis',(-1.,0.,0.));
#2055=DIRECTION('ref_axis',(0.,-0.707106781186548,0.707106781186548));
#2056=DIRECTION('center_axis',(-1.,0.,0.));
#2057=DIRECTION('ref_axis',(0.,-1.,0.));
#2058=DIRECTION('',(-1.,0.,0.));
#2059=DIRECTION('',(1.,0.,0.));
#2060=DIRECTION('center_axis',(0.,1.,0.));
#2061=DIRECTION('ref_axis',(0.,0.,1.));
#2062=DIRECTION('center_axis',(-0.176470588235294,0.,0.984305913569501));
#2063=DIRECTION('ref_axis',(0.,-1.,0.));
#2064=DIRECTION('center_axis',(0.,-1.,0.));
#2065=DIRECTION('ref_axis',(0.641688947919746,0.,0.766964988847372));
#2066=DIRECTION('center_axis',(0.,1.,0.));
#2067=DIRECTION('ref_axis',(0.641688947919746,0.,0.766964988847372));
#2068=DIRECTION('center_axis',(0.,1.,0.));
#2069=DIRECTION('ref_axis',(0.,0.,1.));
#2070=DIRECTION('center_axis',(-0.984305913569499,0.,0.176470588235303));
#2071=DIRECTION('ref_axis',(0.,-1.,0.));
#2072=DIRECTION('center_axis',(0.,1.,0.));
#2073=DIRECTION('ref_axis',(-0.707106781186552,0.,-0.707106781186543));
#2074=DIRECTION('center_axis',(0.,-1.,0.));
#2075=DIRECTION('ref_axis',(-0.707106781186552,0.,-0.707106781186543));
#2076=DIRECTION('center_axis',(0.,1.,0.));
#2077=DIRECTION('ref_axis',(0.,0.,1.));
#2078=DIRECTION('center_axis',(0.,0.,1.));
#2079=DIRECTION('ref_axis',(0.,-1.,0.));
#2080=DIRECTION('center_axis',(0.,-1.,0.));
#2081=DIRECTION('ref_axis',(0.766964988847372,0.,0.641688947919746));
#2082=DIRECTION('center_axis',(0.,1.,0.));
#2083=DIRECTION('ref_axis',(0.766964988847372,0.,0.641688947919746));
#2084=DIRECTION('center_axis',(0.,0.,1.));
#2085=DIRECTION('ref_axis',(0.707106781186548,-0.707106781186548,0.));
#2086=DIRECTION('',(0.,0.,1.));
#2087=DIRECTION('',(0.,0.,-1.));
#2088=DIRECTION('center_axis',(0.707106781186549,0.,0.707106781186546));
#2089=DIRECTION('ref_axis',(0.707106781186546,0.,-0.707106781186549));
#2090=DIRECTION('center_axis',(1.,0.,0.));
#2091=DIRECTION('ref_axis',(0.,-0.707106781186546,-0.707106781186549));
#2092=DIRECTION('',(1.,0.,0.));
#2093=DIRECTION('',(-1.,0.,0.));
#2094=DIRECTION('center_axis',(0.707106781186549,0.,-0.707106781186546));
#2095=DIRECTION('ref_axis',(-0.707106781186546,0.,-0.707106781186549));
#2096=DIRECTION('center_axis',(0.,0.,-1.));
#2097=DIRECTION('ref_axis',(-0.707106781186548,-0.707106781186548,0.));
#2098=DIRECTION('',(0.,0.,-1.));
#2099=DIRECTION('',(0.,0.,1.));
#2100=DIRECTION('center_axis',(0.,-1.,0.));
#2101=DIRECTION('ref_axis',(0.,0.,-1.));
#2102=DIRECTION('center_axis',(0.,-1.,0.));
#2103=DIRECTION('ref_axis',(-0.70710678118655,0.,-0.707106781186545));
#2104=DIRECTION('center_axis',(0.,1.,0.));
#2105=DIRECTION('ref_axis',(-0.70710678118655,0.,-0.707106781186545));
#2106=DIRECTION('center_axis',(1.,0.,0.));
#2107=DIRECTION('ref_axis',(0.,-0.707106781186548,-0.707106781186548));
#2108=DIRECTION('',(1.,0.,0.));
#2109=DIRECTION('',(-1.,0.,0.));
#2110=DIRECTION('center_axis',(0.,-1.,0.));
#2111=DIRECTION('ref_axis',(0.,0.,-1.));
#2112=DIRECTION('center_axis',(0.,-1.,0.));
#2113=DIRECTION('ref_axis',(0.707106781186548,0.,-0.707106781186547));
#2114=DIRECTION('center_axis',(0.,1.,0.));
#2115=DIRECTION('ref_axis',(0.707106781186548,0.,-0.707106781186547));
#2116=DIRECTION('center_axis',(0.,1.,0.));
#2117=DIRECTION('ref_axis',(1.,0.,0.));
#2118=DIRECTION('',(0.,1.,0.));
#2119=DIRECTION('center_axis',(0.,1.,0.));
#2120=DIRECTION('ref_axis',(1.,0.,0.));
#2121=DIRECTION('',(0.,-1.,0.));
#2122=DIRECTION('center_axis',(0.,-1.,0.));
#2123=DIRECTION('ref_axis',(1.,0.,0.));
#2124=DIRECTION('',(0.,-1.,0.));
#2125=DIRECTION('center_axis',(0.,-1.,0.));
#2126=DIRECTION('ref_axis',(1.,0.,0.));
#2127=DIRECTION('center_axis',(0.,-1.,0.));
#2128=DIRECTION('ref_axis',(0.,0.,-1.));
#2129=DIRECTION('',(0.,1.,0.));
#2130=DIRECTION('center_axis',(0.,1.,0.));
#2131=DIRECTION('ref_axis',(0.,0.,-1.));
#2132=DIRECTION('center_axis',(0.,0.,1.));
#2133=DIRECTION('ref_axis',(-1.,0.,0.));
#2134=DIRECTION('',(0.,-1.,0.));
#2135=DIRECTION('',(1.,0.,0.));
#2136=DIRECTION('center_axis',(0.,1.,0.));
#2137=DIRECTION('ref_axis',(0.,0.,-1.));
#2138=DIRECTION('',(0.,1.,0.));
#2139=DIRECTION('center_axis',(0.,1.,0.));
#2140=DIRECTION('ref_axis',(0.,0.,-1.));
#2141=DIRECTION('center_axis',(0.,-1.,0.));
#2142=DIRECTION('ref_axis',(1.,0.,0.));
#2143=DIRECTION('',(0.,-1.,0.));
#2144=DIRECTION('center_axis',(0.,-1.,0.));
#2145=DIRECTION('ref_axis',(1.,0.,0.));
#2146=DIRECTION('center_axis',(0.,-1.,0.));
#2147=DIRECTION('ref_axis',(-1.,0.,0.));
#2148=DIRECTION('',(0.,1.,0.));
#2149=DIRECTION('center_axis',(0.,1.,0.));
#2150=DIRECTION('ref_axis',(-1.,0.,0.));
#2151=DIRECTION('center_axis',(1.,0.,0.));
#2152=DIRECTION('ref_axis',(0.,0.,1.));
#2153=DIRECTION('',(0.,-1.,0.));
#2154=DIRECTION('',(0.,0.,-1.));
#2155=DIRECTION('center_axis',(0.,0.,-1.));
#2156=DIRECTION('ref_axis',(1.,0.,0.));
#2157=DIRECTION('',(0.,-1.,0.));
#2158=DIRECTION('',(-1.,0.,0.));
#2159=DIRECTION('center_axis',(-1.,0.,0.));
#2160=DIRECTION('ref_axis',(0.,0.,-1.));
#2161=DIRECTION('',(0.,-1.,0.));
#2162=DIRECTION('',(0.,0.,1.));
#2163=DIRECTION('center_axis',(0.,-1.,0.));
#2164=DIRECTION('ref_axis',(1.,0.,0.));
#2165=DIRECTION('',(0.,-1.,0.));
#2166=DIRECTION('center_axis',(0.,1.,0.));
#2167=DIRECTION('ref_axis',(1.,0.,0.));
#2168=DIRECTION('center_axis',(0.,0.,-1.));
#2169=DIRECTION('ref_axis',(1.,0.,0.));
#2170=DIRECTION('',(0.,-1.,0.));
#2171=DIRECTION('',(-1.,0.,0.));
#2172=DIRECTION('center_axis',(0.,-1.,0.));
#2173=DIRECTION('ref_axis',(1.,0.,0.));
#2174=DIRECTION('',(0.,-1.,0.));
#2175=DIRECTION('center_axis',(0.,1.,0.));
#2176=DIRECTION('ref_axis',(1.,0.,0.));
#2177=DIRECTION('center_axis',(1.,0.,0.));
#2178=DIRECTION('ref_axis',(0.,0.,1.));
#2179=DIRECTION('',(0.,-1.,0.));
#2180=DIRECTION('',(0.,0.,-1.));
#2181=DIRECTION('center_axis',(0.,-1.,0.));
#2182=DIRECTION('ref_axis',(1.,0.,0.));
#2183=DIRECTION('center_axis',(0.,-1.,0.));
#2184=DIRECTION('ref_axis',(0.,0.,1.));
#2185=DIRECTION('',(0.,1.,0.));
#2186=DIRECTION('center_axis',(0.,1.,0.));
#2187=DIRECTION('ref_axis',(0.,0.,1.));
#2188=DIRECTION('',(0.,-1.,0.));
#2189=DIRECTION('center_axis',(0.,0.,-1.));
#2190=DIRECTION('ref_axis',(1.,0.,0.));
#2191=DIRECTION('',(0.,-1.,0.));
#2192=DIRECTION('',(-1.,0.,0.));
#2193=DIRECTION('center_axis',(0.,-1.,0.));
#2194=DIRECTION('ref_axis',(1.,0.,0.));
#2195=DIRECTION('center_axis',(0.,-1.,0.));
#2196=DIRECTION('ref_axis',(1.,0.,0.));
#2197=DIRECTION('',(0.,1.,0.));
#2198=DIRECTION('center_axis',(0.,1.,0.));
#2199=DIRECTION('ref_axis',(-1.,0.,0.));
#2200=DIRECTION('center_axis',(0.,1.,0.));
#2201=DIRECTION('ref_axis',(-1.,0.,0.));
#2202=DIRECTION('',(0.,-1.,0.));
#2203=DIRECTION('center_axis',(0.,-1.,0.));
#2204=DIRECTION('ref_axis',(1.,0.,0.));
#2205=DIRECTION('',(0.,1.,0.));
#2206=DIRECTION('center_axis',(0.,1.,0.));
#2207=DIRECTION('ref_axis',(1.,0.,0.));
#2208=DIRECTION('',(0.,-1.,0.));
#2209=DIRECTION('center_axis',(0.,-1.,0.));
#2210=DIRECTION('ref_axis',(1.,0.,0.));
#2211=DIRECTION('center_axis',(0.,-1.,0.));
#2212=DIRECTION('ref_axis',(1.,0.,0.));
#2213=DIRECTION('',(0.,1.,0.));
#2214=DIRECTION('center_axis',(0.,1.,0.));
#2215=DIRECTION('ref_axis',(0.,0.,1.));
#2216=DIRECTION('center_axis',(0.,1.,0.));
#2217=DIRECTION('ref_axis',(0.,0.,1.));
#2218=DIRECTION('center_axis',(-1.,0.,0.));
#2219=DIRECTION('ref_axis',(0.,0.,-1.));
#2220=DIRECTION('',(0.,0.,1.));
#2221=DIRECTION('center_axis',(0.,-1.,0.));
#2222=DIRECTION('ref_axis',(1.,0.,0.));
#2223=DIRECTION('',(0.,-1.,0.));
#2224=DIRECTION('center_axis',(0.,1.,0.));
#2225=DIRECTION('ref_axis',(1.,0.,0.));
#2226=DIRECTION('center_axis',(0.,0.,1.));
#2227=DIRECTION('ref_axis',(-1.,0.,0.));
#2228=DIRECTION('',(0.,-1.,0.));
#2229=DIRECTION('',(1.,0.,0.));
#2230=DIRECTION('center_axis',(0.,-1.,0.));
#2231=DIRECTION('ref_axis',(1.,0.,0.));
#2232=DIRECTION('',(0.,-1.,0.));
#2233=DIRECTION('center_axis',(0.,1.,0.));
#2234=DIRECTION('ref_axis',(1.,0.,0.));
#2235=DIRECTION('center_axis',(-1.,0.,0.));
#2236=DIRECTION('ref_axis',(0.,0.,-1.));
#2237=DIRECTION('',(0.,-1.,0.));
#2238=DIRECTION('',(0.,0.,1.));
#2239=DIRECTION('center_axis',(0.,0.,1.));
#2240=DIRECTION('ref_axis',(-1.,0.,0.));
#2241=DIRECTION('',(0.,-1.,0.));
#2242=DIRECTION('',(1.,0.,0.));
#2243=DIRECTION('center_axis',(1.,0.,0.));
#2244=DIRECTION('ref_axis',(0.,0.,1.));
#2245=DIRECTION('',(0.,0.,-1.));
#2246=DIRECTION('center_axis',(0.,-1.,0.));
#2247=DIRECTION('ref_axis',(-1.,0.,0.));
#2248=DIRECTION('center_axis',(0.,-1.,0.));
#2249=DIRECTION('ref_axis',(-1.,0.,0.));
#2250=DIRECTION('',(0.,-1.,0.));
#2251=DIRECTION('center_axis',(0.,-1.,0.));
#2252=DIRECTION('ref_axis',(-1.,0.,0.));
#2253=DIRECTION('center_axis',(0.,1.,0.));
#2254=DIRECTION('ref_axis',(-1.,0.,0.));
#2255=DIRECTION('center_axis',(0.,-1.,0.));
#2256=DIRECTION('ref_axis',(0.,0.,-1.));
#2257=DIRECTION('center_axis',(0.,-1.,0.));
#2258=DIRECTION('ref_axis',(-0.707106781186548,0.,-0.707106781186548));
#2259=DIRECTION('center_axis',(-1.,0.,0.));
#2260=DIRECTION('ref_axis',(0.,0.,1.));
#2261=DIRECTION('center_axis',(0.,1.,0.));
#2262=DIRECTION('ref_axis',(-1.,0.,0.));
#2263=DIRECTION('center_axis',(0.,0.,-1.));
#2264=DIRECTION('ref_axis',(0.,1.,0.));
#2265=DIRECTION('center_axis',(0.,-1.,0.));
#2266=DIRECTION('ref_axis',(0.,0.,-1.));
#2267=DIRECTION('center_axis',(0.,-1.,0.));
#2268=DIRECTION('ref_axis',(0.707106781186548,0.,-0.707106781186548));
#2269=DIRECTION('center_axis',(0.,0.,-1.));
#2270=DIRECTION('ref_axis',(-1.,0.,0.));
#2271=DIRECTION('center_axis',(0.,1.,0.));
#2272=DIRECTION('ref_axis',(0.,0.,-1.));
#2273=DIRECTION('center_axis',(1.,0.,0.));
#2274=DIRECTION('ref_axis',(0.,1.,0.));
#2275=DIRECTION('center_axis',(0.,-1.,0.));
#2276=DIRECTION('ref_axis',(0.,0.,-1.));
#2277=DIRECTION('center_axis',(0.,-1.,0.));
#2278=DIRECTION('ref_axis',(-0.707106781186548,0.,0.707106781186548));
#2279=DIRECTION('center_axis',(0.,0.,1.));
#2280=DIRECTION('ref_axis',(1.,0.,0.));
#2281=DIRECTION('center_axis',(0.,1.,0.));
#2282=DIRECTION('ref_axis',(0.,0.,1.));
#2283=DIRECTION('center_axis',(-1.,0.,0.));
#2284=DIRECTION('ref_axis',(0.,1.,0.));
#2285=DIRECTION('center_axis',(0.,0.,1.));
#2286=DIRECTION('ref_axis',(0.707106781186547,0.707106781186548,0.));
#2287=DIRECTION('',(0.,0.,-1.));
#2288=DIRECTION('',(0.,0.,1.));
#2289=DIRECTION('center_axis',(0.408248290463863,-0.816496580927726,0.408248290463863));
#2290=DIRECTION('ref_axis',(-0.577350269189626,-0.577350269189625,-0.577350269189626));
#2291=DIRECTION('center_axis',(0.,0.,-1.));
#2292=DIRECTION('ref_axis',(-1.,0.,0.));
#2293=DIRECTION('center_axis',(0.,-1.,0.));
#2294=DIRECTION('ref_axis',(0.,0.,-1.));
#2295=DIRECTION('center_axis',(-1.,0.,0.));
#2296=DIRECTION('ref_axis',(0.,-1.,0.));
#2297=DIRECTION('center_axis',(0.,-1.,0.));
#2298=DIRECTION('ref_axis',(-0.707106781186548,0.,-0.707106781186548));
#2299=DIRECTION('',(0.,1.,0.));
#2300=DIRECTION('',(0.,-1.,0.));
#2301=DIRECTION('center_axis',(0.,1.,0.));
#2302=DIRECTION('ref_axis',(0.,0.,1.));
#2303=DIRECTION('center_axis',(0.,1.,0.));
#2304=DIRECTION('ref_axis',(1.,0.,0.));
#2305=DIRECTION('center_axis',(0.,0.,1.));
#2306=DIRECTION('ref_axis',(0.,1.,0.));
#2307=DIRECTION('center_axis',(0.,-1.,0.));
#2308=DIRECTION('ref_axis',(0.707106781186548,0.,0.707106781186548));
#2309=DIRECTION('center_axis',(1.,0.,0.));
#2310=DIRECTION('ref_axis',(0.,0.,-1.));
#2311=DIRECTION('center_axis',(0.,0.,-1.));
#2312=DIRECTION('ref_axis',(-0.707106781186547,0.707106781186548,0.));
#2313=DIRECTION('',(0.,0.,1.));
#2314=DIRECTION('',(0.,0.,-1.));
#2315=DIRECTION('center_axis',(1.,0.,0.));
#2316=DIRECTION('ref_axis',(0.,0.707106781186548,-0.707106781186547));
#2317=DIRECTION('',(-1.,0.,0.));
#2318=DIRECTION('',(1.,0.,0.));
#2319=DIRECTION('center_axis',(-0.408248290463863,-0.816496580927726,0.408248290463863));
#2320=DIRECTION('ref_axis',(0.577350269189626,-0.577350269189625,-0.577350269189626));
#2321=DIRECTION('center_axis',(1.,0.,0.));
#2322=DIRECTION('ref_axis',(0.,0.,-1.));
#2323=DIRECTION('center_axis',(0.,-1.,0.));
#2324=DIRECTION('ref_axis',(1.,0.,0.));
#2325=DIRECTION('center_axis',(0.,0.,-1.));
#2326=DIRECTION('ref_axis',(0.,-1.,0.));
#2327=DIRECTION('center_axis',(0.,-1.,0.));
#2328=DIRECTION('ref_axis',(0.707106781186548,0.,-0.707106781186548));
#2329=DIRECTION('',(0.,1.,0.));
#2330=DIRECTION('',(0.,-1.,0.));
#2331=DIRECTION('center_axis',(0.408248290463863,-0.816496580927726,-0.408248290463863));
#2332=DIRECTION('ref_axis',(-0.577350269189626,-0.577350269189625,0.577350269189626));
#2333=DIRECTION('center_axis',(-1.,0.,0.));
#2334=DIRECTION('ref_axis',(0.,0.,1.));
#2335=DIRECTION('center_axis',(0.,-1.,0.));
#2336=DIRECTION('ref_axis',(-1.,0.,0.));
#2337=DIRECTION('center_axis',(0.,0.,1.));
#2338=DIRECTION('ref_axis',(0.,-1.,0.));
#2339=DIRECTION('center_axis',(0.,-1.,0.));
#2340=DIRECTION('ref_axis',(-0.707106781186548,0.,0.707106781186548));
#2341=DIRECTION('',(0.,1.,0.));
#2342=DIRECTION('',(0.,-1.,0.));
#2343=DIRECTION('center_axis',(0.,0.,-1.));
#2344=DIRECTION('ref_axis',(-0.707106781186547,-0.707106781186548,0.));
#2345=DIRECTION('',(0.,0.,1.));
#2346=DIRECTION('',(0.,0.,-1.));
#2347=DIRECTION('center_axis',(-0.408248290463863,-0.816496580927726,-0.408248290463863));
#2348=DIRECTION('ref_axis',(0.577350269189626,-0.577350269189625,0.577350269189626));
#2349=DIRECTION('center_axis',(0.,0.,1.));
#2350=DIRECTION('ref_axis',(1.,0.,0.));
#2351=DIRECTION('center_axis',(0.,-1.,0.));
#2352=DIRECTION('ref_axis',(0.,0.,1.));
#2353=DIRECTION('center_axis',(1.,0.,0.));
#2354=DIRECTION('ref_axis',(0.,-1.,0.));
#2355=DIRECTION('center_axis',(0.,-1.,0.));
#2356=DIRECTION('ref_axis',(0.707106781186548,0.,0.707106781186548));
#2357=DIRECTION('',(0.,1.,0.));
#2358=DIRECTION('',(0.,-1.,0.));
#2359=DIRECTION('center_axis',(-1.,0.,0.));
#2360=DIRECTION('ref_axis',(0.,-0.707106781186548,0.707106781186547));
#2361=DIRECTION('',(1.,0.,0.));
#2362=DIRECTION('',(-1.,0.,0.));
#2363=DIRECTION('center_axis',(0.,0.,1.));
#2364=DIRECTION('ref_axis',(0.707106781186547,-0.707106781186548,0.));
#2365=DIRECTION('',(0.,0.,-1.));
#2366=DIRECTION('',(0.,0.,1.));
#2367=DIRECTION('center_axis',(1.,0.,0.));
#2368=DIRECTION('ref_axis',(0.,-0.707106781186548,-0.707106781186547));
#2369=DIRECTION('',(-1.,0.,0.));
#2370=DIRECTION('',(1.,0.,0.));
#2371=DIRECTION('center_axis',(-1.,0.,0.));
#2372=DIRECTION('ref_axis',(0.,0.707106781186548,0.707106781186547));
#2373=DIRECTION('',(1.,0.,0.));
#2374=DIRECTION('',(-1.,0.,0.));
#2375=DIRECTION('center_axis',(-1.,0.,0.));
#2376=DIRECTION('ref_axis',(0.,0.,-1.));
#2377=DIRECTION('center_axis',(0.,1.,0.));
#2378=DIRECTION('ref_axis',(-1.,0.,0.));
#2379=DIRECTION('center_axis',(0.,1.,0.));
#2380=DIRECTION('ref_axis',(-0.707106781186548,0.,0.707106781186548));
#2381=DIRECTION('',(-1.48029736616688E-16,0.,-1.));
#2382=DIRECTION('center_axis',(0.,1.,0.));
#2383=DIRECTION('ref_axis',(-0.707106781186548,0.,-0.707106781186548));
#2384=DIRECTION('',(1.,0.,1.48029736616688E-16));
#2385=DIRECTION('center_axis',(0.,1.,0.));
#2386=DIRECTION('ref_axis',(0.707106781186548,0.,-0.707106781186548));
#2387=DIRECTION('',(8.14163551391781E-16,0.,1.));
#2388=DIRECTION('center_axis',(0.,1.,0.));
#2389=DIRECTION('ref_axis',(0.707106781186548,0.,0.707106781186548));
#2390=DIRECTION('',(-1.,0.,1.48029736616688E-16));
#2391=DIRECTION('center_axis',(0.,1.,0.));
#2392=DIRECTION('ref_axis',(-1.,0.,0.));
#2393=DIRECTION('center_axis',(0.,1.,0.));
#2394=DIRECTION('ref_axis',(-1.,0.,0.));
#2395=DIRECTION('center_axis',(0.,1.,0.));
#2396=DIRECTION('ref_axis',(-1.,0.,0.));
#2397=DIRECTION('center_axis',(0.,1.,0.));
#2398=DIRECTION('ref_axis',(-1.,0.,0.));
#2399=DIRECTION('center_axis',(1.,0.,0.));
#2400=DIRECTION('ref_axis',(0.,0.,1.));
#2401=DIRECTION('center_axis',(0.,0.,1.));
#2402=DIRECTION('ref_axis',(-1.,0.,0.));
#2403=DIRECTION('center_axis',(0.,0.,-1.));
#2404=DIRECTION('ref_axis',(1.,0.,0.));
#2405=DIRECTION('center_axis',(0.,-1.,0.));
#2406=DIRECTION('ref_axis',(0.,0.,-1.));
#2407=DIRECTION('center_axis',(0.,-1.,0.));
#2408=DIRECTION('ref_axis',(-1.,0.,0.));
#2409=DIRECTION('center_axis',(0.,-1.,0.));
#2410=DIRECTION('ref_axis',(-1.,0.,0.));
#2411=DIRECTION('',(0.,-1.,0.));
#2412=DIRECTION('center_axis',(0.,-1.,0.));
#2413=DIRECTION('ref_axis',(-1.,0.,0.));
#2414=DIRECTION('center_axis',(0.,-1.,0.));
#2415=DIRECTION('ref_axis',(-1.,0.,0.));
#2416=DIRECTION('',(0.,-1.,0.));
#2417=DIRECTION('center_axis',(0.,-1.,0.));
#2418=DIRECTION('ref_axis',(-1.,0.,0.));
#2419=DIRECTION('center_axis',(0.,-1.,0.));
#2420=DIRECTION('ref_axis',(-1.,0.,0.));
#2421=DIRECTION('',(0.,-1.,0.));
#2422=DIRECTION('center_axis',(0.,-1.,0.));
#2423=DIRECTION('ref_axis',(-1.,0.,0.));
#2424=DIRECTION('center_axis',(0.,-1.,0.));
#2425=DIRECTION('ref_axis',(-1.,0.,0.));
#2426=DIRECTION('',(0.,-1.,0.));
#2427=DIRECTION('center_axis',(1.,0.,-1.48029736616688E-16));
#2428=DIRECTION('ref_axis',(0.,0.707106781186548,0.707106781186548));
#2429=DIRECTION('center_axis',(1.,0.,0.));
#2430=DIRECTION('ref_axis',(0.,1.,0.));
#2431=DIRECTION('',(1.,0.,-1.48029736616688E-16));
#2432=DIRECTION('center_axis',(-1.,0.,0.));
#2433=DIRECTION('ref_axis',(0.,0.,1.));
#2434=DIRECTION('',(-1.,0.,1.48029736616688E-16));
#2435=DIRECTION('center_axis',(1.48029736616688E-16,0.,1.));
#2436=DIRECTION('ref_axis',(-0.707106781186548,0.707106781186548,0.));
#2437=DIRECTION('center_axis',(0.,0.,1.));
#2438=DIRECTION('ref_axis',(0.,1.,0.));
#2439=DIRECTION('',(1.48029736616688E-16,0.,1.));
#2440=DIRECTION('center_axis',(0.,0.,-1.));
#2441=DIRECTION('ref_axis',(-1.,0.,0.));
#2442=DIRECTION('',(-1.48029736616688E-16,0.,-1.));
#2443=DIRECTION('center_axis',(-0.408248290463867,-0.816496580927726,0.40824829046386));
#2444=DIRECTION('ref_axis',(-0.577350269189626,0.577350269189626,0.577350269189626));
#2445=DIRECTION('center_axis',(0.,1.,0.));
#2446=DIRECTION('ref_axis',(-0.707106781186548,0.,0.707106781186548));
#2447=DIRECTION('center_axis',(-1.,0.,-1.48029736616688E-16));
#2448=DIRECTION('ref_axis',(0.,0.707106781186548,-0.707106781186548));
#2449=DIRECTION('center_axis',(-1.,0.,0.));
#2450=DIRECTION('ref_axis',(0.,1.,0.));
#2451=DIRECTION('',(-1.,0.,-1.48029736616688E-16));
#2452=DIRECTION('center_axis',(1.,0.,8.8817841970012E-15));
#2453=DIRECTION('ref_axis',(8.8817841970012E-15,0.,-1.));
#2454=DIRECTION('',(1.,0.,1.48029736616688E-16));
#2455=DIRECTION('center_axis',(-0.40824829046386,-0.816496580927726,-0.408248290463867));
#2456=DIRECTION('ref_axis',(-0.577350269189621,0.577350269189628,-0.577350269189628));
#2457=DIRECTION('center_axis',(0.,1.,0.));
#2458=DIRECTION('ref_axis',(-0.707106781186548,0.,-0.707106781186548));
#2459=DIRECTION('center_axis',(-8.14163551391781E-16,0.,-1.));
#2460=DIRECTION('ref_axis',(0.707106781186548,0.707106781186548,0.));
#2461=DIRECTION('center_axis',(0.,0.,-1.));
#2462=DIRECTION('ref_axis',(0.,1.,0.));
#2463=DIRECTION('',(-8.14163551391781E-16,0.,-1.));
#2464=DIRECTION('center_axis',(0.,0.,1.));
#2465=DIRECTION('ref_axis',(1.,0.,0.));
#2466=DIRECTION('',(8.14163551391781E-16,0.,1.));
#2467=DIRECTION('center_axis',(0.40824829046386,-0.816496580927726,-0.408248290463867));
#2468=DIRECTION('ref_axis',(0.577350269189621,0.577350269189628,-0.577350269189628));
#2469=DIRECTION('center_axis',(0.,1.,0.));
#2470=DIRECTION('ref_axis',(0.707106781186548,0.,-0.707106781186548));
#2471=DIRECTION('center_axis',(0.40824829046386,-0.816496580927726,0.408248290463867));
#2472=DIRECTION('ref_axis',(0.577350269189626,0.577350269189626,0.577350269189626));
#2473=DIRECTION('center_axis',(0.,1.,0.));
#2474=DIRECTION('ref_axis',(0.707106781186548,0.,0.707106781186548));
#2475=DIRECTION('center_axis',(0.,1.,0.));
#2476=DIRECTION('ref_axis',(-0.707106781186548,0.,-0.707106781186548));
#2477=DIRECTION('',(0.,-1.,0.));
#2478=DIRECTION('',(0.,1.,0.));
#2479=DIRECTION('center_axis',(1.48029736616688E-16,0.,-1.));
#2480=DIRECTION('ref_axis',(-1.,0.,-1.48029736616688E-16));
#2481=DIRECTION('',(0.,1.,0.));
#2482=DIRECTION('center_axis',(0.,1.,0.));
#2483=DIRECTION('ref_axis',(0.707106781186548,0.,-0.707106781186548));
#2484=DIRECTION('',(0.,-1.,0.));
#2485=DIRECTION('center_axis',(1.,0.,-8.14163551391781E-16));
#2486=DIRECTION('ref_axis',(-8.14163551391781E-16,0.,-1.));
#2487=DIRECTION('',(0.,1.,0.));
#2488=DIRECTION('center_axis',(0.,1.,0.));
#2489=DIRECTION('ref_axis',(0.,0.,1.));
#2490=DIRECTION('center_axis',(0.,1.,0.));
#2491=DIRECTION('ref_axis',(-0.707106781186548,0.,0.707106781186548));
#2492=DIRECTION('',(0.,-1.,0.));
#2493=DIRECTION('',(0.,1.,0.));
#2494=DIRECTION('center_axis',(-1.,0.,1.48029736616688E-16));
#2495=DIRECTION('ref_axis',(1.48029736616688E-16,0.,1.));
#2496=DIRECTION('center_axis',(0.,1.,0.));
#2497=DIRECTION('ref_axis',(0.707106781186548,0.,0.707106781186548));
#2498=DIRECTION('',(0.,-1.,0.));
#2499=DIRECTION('center_axis',(1.48029736616688E-16,0.,1.));
#2500=DIRECTION('ref_axis',(1.,0.,-1.48029736616688E-16));
#2501=CARTESIAN_POINT('',(0.,0.,0.));
#2502=CARTESIAN_POINT('Origin',(-52.5,56.,-22.5502525316942));
#2503=CARTESIAN_POINT('',(-52.5,55.,45.8348479150375));
#2504=CARTESIAN_POINT('',(-52.5,55.,-45.8348486100883));
#2505=CARTESIAN_POINT('',(-52.5,55.,-22.5502525316942));
#2506=CARTESIAN_POINT('',(-51.5,56.,-45.1005050633883));
#2507=CARTESIAN_POINT('Ctrl Pts',(-52.5,55.,-45.8348486100883));
#2508=CARTESIAN_POINT('Ctrl Pts',(-52.4985135769897,55.,-45.8337133357618));
#2509=CARTESIAN_POINT('Ctrl Pts',(-52.4970270514069,55.00000331418,-45.8325781940326));
#2510=CARTESIAN_POINT('Ctrl Pts',(-52.4059021740289,55.0004096955959,-45.7630062695615));
#2511=CARTESIAN_POINT('Ctrl Pts',(-52.3157634873983,55.0128639990927,-45.694966910479));
#2512=CARTESIAN_POINT('Ctrl Pts',(-52.1422960519537,55.0619584939241,-45.5653869621907));
#2513=CARTESIAN_POINT('Ctrl Pts',(-52.0586409776628,55.0979073098628,-45.5035595999795));
#2514=CARTESIAN_POINT('Ctrl Pts',(-51.8770868840781,55.2085521143264,-45.3705439418107));
#2515=CARTESIAN_POINT('Ctrl Pts',(-51.7825089394672,55.2914961484119,-45.3021630823768));
#2516=CARTESIAN_POINT('Ctrl Pts',(-51.6389040531931,55.4802779509039,-45.1991055220386));
#2517=CARTESIAN_POINT('Ctrl Pts',(-51.5858851806671,55.5787113890462,-45.1613897476101));
#2518=CARTESIAN_POINT('Ctrl Pts',(-51.5173072518032,55.7870880213317,-45.1127232941935));
#2519=CARTESIAN_POINT('Ctrl Pts',(-51.5,55.8925641198188,-45.1005050633883));
#2520=CARTESIAN_POINT('Ctrl Pts',(-51.5,56.,-45.1005050633883));
#2521=CARTESIAN_POINT('',(-51.5,56.,45.1005043521603));
#2522=CARTESIAN_POINT('',(-51.5,56.,-22.5502525316942));
#2523=CARTESIAN_POINT('Ctrl Pts',(-52.5,55.,45.8348479150375));
#2524=CARTESIAN_POINT('Ctrl Pts',(-52.498513576988,55.,45.8337126406869));
#2525=CARTESIAN_POINT('Ctrl Pts',(-52.4970270514058,55.00000331418,45.8325774989356));
#2526=CARTESIAN_POINT('Ctrl Pts',(-52.40590217313,55.0004096956002,45.76300557239));
#2527=CARTESIAN_POINT('Ctrl Pts',(-52.3157634856026,55.01286399934,45.6949662112351));
#2528=CARTESIAN_POINT('Ctrl Pts',(-52.1422960485944,55.0619584951276,45.5653862590628));
#2529=CARTESIAN_POINT('Ctrl Pts',(-52.0586409735921,55.0979073117514,45.5035588950002));
#2530=CARTESIAN_POINT('Ctrl Pts',(-51.8770868801112,55.208552117512,45.3705432340039));
#2531=CARTESIAN_POINT('Ctrl Pts',(-51.7825089360948,55.2914961518516,45.3021623734539));
#2532=CARTESIAN_POINT('Ctrl Pts',(-51.6389040512589,55.4802779542728,45.1991048117753));
#2533=CARTESIAN_POINT('Ctrl Pts',(-51.5858851794035,55.5787113919575,45.1613890369345));
#2534=CARTESIAN_POINT('Ctrl Pts',(-51.5173072515383,55.7870880229884,45.1127225830723));
#2535=CARTESIAN_POINT('Ctrl Pts',(-51.5,55.8925641206395,45.1005043521603));
#2536=CARTESIAN_POINT('Ctrl Pts',(-51.5,56.,45.1005043521603));
#2537=CARTESIAN_POINT('Origin',(-55.,56.,-55.));
#2538=CARTESIAN_POINT('',(-45.8348486100883,55.,-52.5));
#2539=CARTESIAN_POINT('Origin',(-55.,55.,-55.));
#2540=CARTESIAN_POINT('',(-45.1005050633883,56.,-51.5));
#2541=CARTESIAN_POINT('Ctrl Pts',(-45.8348486100883,55.,-52.5));
#2542=CARTESIAN_POINT('Ctrl Pts',(-45.8337133357615,55.,-52.4985135769893));
#2543=CARTESIAN_POINT('Ctrl Pts',(-45.8325781940314,55.00000331418,-52.4970270514054));
#2544=CARTESIAN_POINT('Ctrl Pts',(-45.7630062695642,55.0004096955961,-52.4059021740331));
#2545=CARTESIAN_POINT('Ctrl Pts',(-45.6949669104787,55.0128639990926,-52.315763487398));
#2546=CARTESIAN_POINT('Ctrl Pts',(-45.5653869621903,55.0619584939243,-52.1422960519532));
#2547=CARTESIAN_POINT('Ctrl Pts',(-45.5035595999793,55.097907309863,-52.0586409776626));
#2548=CARTESIAN_POINT('Ctrl Pts',(-45.3705439418106,55.2085521143264,-51.8770868840781));
#2549=CARTESIAN_POINT('Ctrl Pts',(-45.3021630823768,55.2914961484119,-51.7825089394672));
#2550=CARTESIAN_POINT('Ctrl Pts',(-45.1991055220386,55.4802779509039,-51.6389040531931));
#2551=CARTESIAN_POINT('Ctrl Pts',(-45.1613897476101,55.5787113890461,-51.5858851806671));
#2552=CARTESIAN_POINT('Ctrl Pts',(-45.1127232941935,55.7870880213317,-51.5173072518033));
#2553=CARTESIAN_POINT('Ctrl Pts',(-45.1005050633883,55.8925641198187,-51.5));
#2554=CARTESIAN_POINT('Ctrl Pts',(-45.1005050633883,56.,-51.5));
#2555=CARTESIAN_POINT('Origin',(-55.,56.,-55.));
#2556=CARTESIAN_POINT('Origin',(22.5502525316941,56.,-52.5));
#2557=CARTESIAN_POINT('',(45.8348486100883,55.,-52.5));
#2558=CARTESIAN_POINT('',(22.5502525316941,55.,-52.5));
#2559=CARTESIAN_POINT('',(45.1005050633883,56.,-51.5));
#2560=CARTESIAN_POINT('Ctrl Pts',(45.8348486100883,55.,-52.5));
#2561=CARTESIAN_POINT('Ctrl Pts',(45.8337133357614,55.,-52.4985135769892));
#2562=CARTESIAN_POINT('Ctrl Pts',(45.8325781940315,55.00000331418,-52.4970270514055));
#2563=CARTESIAN_POINT('Ctrl Pts',(45.7630062695623,55.0004096955961,-52.4059021740301));
#2564=CARTESIAN_POINT('Ctrl Pts',(45.6949669104783,55.0128639990928,-52.3157634873975));
#2565=CARTESIAN_POINT('Ctrl Pts',(45.5653869621903,55.0619584939243,-52.1422960519532));
#2566=CARTESIAN_POINT('Ctrl Pts',(45.5035595999793,55.097907309863,-52.0586409776626));
#2567=CARTESIAN_POINT('Ctrl Pts',(45.3705439418106,55.2085521143264,-51.8770868840781));
#2568=CARTESIAN_POINT('Ctrl Pts',(45.3021630823767,55.2914961484119,-51.7825089394672));
#2569=CARTESIAN_POINT('Ctrl Pts',(45.1991055220386,55.4802779509039,-51.6389040531931));
#2570=CARTESIAN_POINT('Ctrl Pts',(45.1613897476101,55.5787113890461,-51.5858851806671));
#2571=CARTESIAN_POINT('Ctrl Pts',(45.1127232941935,55.7870880213317,-51.5173072518033));
#2572=CARTESIAN_POINT('Ctrl Pts',(45.1005050633883,55.8925641198187,-51.5));
#2573=CARTESIAN_POINT('Ctrl Pts',(45.1005050633883,56.,-51.5));
#2574=CARTESIAN_POINT('',(22.5502525316941,56.,-51.5));
#2575=CARTESIAN_POINT('Origin',(55.,56.,-55.));
#2576=CARTESIAN_POINT('',(52.4999999999999,55.,-45.8348486100883));
#2577=CARTESIAN_POINT('Origin',(55.,55.,-55.));
#2578=CARTESIAN_POINT('',(51.4999999999999,56.,-45.1005050633883));
#2579=CARTESIAN_POINT('Ctrl Pts',(52.4999999999999,55.,-45.8348486100883));
#2580=CARTESIAN_POINT('Ctrl Pts',(52.4985135769885,55.,-45.8337133357609));
#2581=CARTESIAN_POINT('Ctrl Pts',(52.4970270514041,55.00000331418,-45.8325781940305));
#2582=CARTESIAN_POINT('Ctrl Pts',(52.405902174029,55.0004096955963,-45.7630062695613));
#2583=CARTESIAN_POINT('Ctrl Pts',(52.3157634873962,55.012863999093,-45.6949669104774));
#2584=CARTESIAN_POINT('Ctrl Pts',(52.1422960519525,55.0619584939246,-45.5653869621898));
#2585=CARTESIAN_POINT('Ctrl Pts',(52.0586409776622,55.0979073098632,-45.5035595999791));
#2586=CARTESIAN_POINT('Ctrl Pts',(51.877086884078,55.2085521143264,-45.3705439418107));
#2587=CARTESIAN_POINT('Ctrl Pts',(51.7825089394672,55.2914961484119,-45.3021630823768));
#2588=CARTESIAN_POINT('Ctrl Pts',(51.638904053193,55.4802779509039,-45.1991055220386));
#2589=CARTESIAN_POINT('Ctrl Pts',(51.585885180667,55.5787113890461,-45.1613897476101));
#2590=CARTESIAN_POINT('Ctrl Pts',(51.5173072518032,55.7870880213316,-45.1127232941935));
#2591=CARTESIAN_POINT('Ctrl Pts',(51.4999999999999,55.8925641198187,-45.1005050633883));
#2592=CARTESIAN_POINT('Ctrl Pts',(51.4999999999999,56.,-45.1005050633883));
#2593=CARTESIAN_POINT('Origin',(55.,56.,-55.));
#2594=CARTESIAN_POINT('Origin',(52.4999999999999,56.,-2.5));
#2595=CARTESIAN_POINT('',(52.4999999999999,55.,-6.00000000000001));
#2596=CARTESIAN_POINT('',(52.4999999999999,55.,-2.5));
#2597=CARTESIAN_POINT('',(51.4999999999999,56.,-5.00000000000001));
#2598=CARTESIAN_POINT('Origin',(52.4999999999999,56.,-6.00000000000001));
#2599=CARTESIAN_POINT('',(51.4999999999999,56.,-2.5));
#2600=CARTESIAN_POINT('Origin',(28.25,56.,-6.00000000000001));
#2601=CARTESIAN_POINT('',(55.4999999999999,55.,-6.00000000000001));
#2602=CARTESIAN_POINT('',(28.25,55.,-6.00000000000001));
#2603=CARTESIAN_POINT('',(56.4999999999999,56.,-5.00000000000001));
#2604=CARTESIAN_POINT('Origin',(55.4999999999999,56.,-6.00000000000001));
#2605=CARTESIAN_POINT('',(28.25,56.,-5.00000000000001));
#2606=CARTESIAN_POINT('Origin',(55.4999999999999,56.,-24.75));
#2607=CARTESIAN_POINT('',(55.4999999999999,55.,-46.6333997346592));
#2608=CARTESIAN_POINT('',(55.4999999999999,55.,-24.75));
#2609=CARTESIAN_POINT('',(56.4999999999999,56.,-46.6333997346592));
#2610=CARTESIAN_POINT('Origin',(55.4999999999999,56.,-46.6333997346592));
#2611=CARTESIAN_POINT('',(56.4999999999999,56.,-24.75));
#2612=CARTESIAN_POINT('Origin',(53.4999999999999,56.,-46.6333997346592));
#2613=CARTESIAN_POINT('',(53.8529411764705,55.,-48.6020115617982));
#2614=CARTESIAN_POINT('',(54.0294117647058,56.,-49.5863174753677));
#2615=CARTESIAN_POINT('Origin',(53.8529411764705,56.,-48.6020115617982));
#2616=CARTESIAN_POINT('Origin',(53.4999999999999,56.,-46.6333997346592));
#2617=CARTESIAN_POINT('Origin',(53.4999999999999,55.,-46.6333997346592));
#2618=CARTESIAN_POINT('Origin',(55.,56.,-55.));
#2619=CARTESIAN_POINT('',(48.6020115617982,55.,-53.8529411764706));
#2620=CARTESIAN_POINT('',(49.5863174753677,56.,-54.0294117647059));
#2621=CARTESIAN_POINT('Origin',(48.6020115617982,56.,-53.8529411764706));
#2622=CARTESIAN_POINT('Origin',(55.,56.,-55.));
#2623=CARTESIAN_POINT('Origin',(55.,55.,-55.));
#2624=CARTESIAN_POINT('Origin',(46.6333997346592,56.,-53.5));
#2625=CARTESIAN_POINT('',(46.6333997346592,55.,-55.5));
#2626=CARTESIAN_POINT('',(46.6333997346592,56.,-56.5));
#2627=CARTESIAN_POINT('Origin',(46.6333997346592,56.,-55.5));
#2628=CARTESIAN_POINT('Origin',(46.6333997346592,56.,-53.5));
#2629=CARTESIAN_POINT('Origin',(46.6333997346592,55.,-53.5));
#2630=CARTESIAN_POINT('Origin',(-24.75,56.,-55.5));
#2631=CARTESIAN_POINT('',(-46.6333997346592,55.,-55.5));
#2632=CARTESIAN_POINT('',(-46.6333997346592,56.,-56.5));
#2633=CARTESIAN_POINT('Origin',(-46.6333997346592,56.,-55.5));
#2634=CARTESIAN_POINT('',(-24.75,56.,-56.5));
#2635=CARTESIAN_POINT('',(-24.75,55.,-55.5));
#2636=CARTESIAN_POINT('Origin',(-46.6333997346592,56.,-53.5));
#2637=CARTESIAN_POINT('',(-48.6020115617982,55.,-53.8529411764706));
#2638=CARTESIAN_POINT('',(-49.5863174753677,56.,-54.0294117647059));
#2639=CARTESIAN_POINT('Origin',(-48.6020115617982,56.,-53.8529411764706));
#2640=CARTESIAN_POINT('Origin',(-46.6333997346592,56.,-53.5));
#2641=CARTESIAN_POINT('Origin',(-46.6333997346592,55.,-53.5));
#2642=CARTESIAN_POINT('Origin',(-55.,56.,-55.));
#2643=CARTESIAN_POINT('',(-53.8529411764706,55.,-48.6020115617982));
#2644=CARTESIAN_POINT('',(-54.0294117647059,56.,-49.5863174753677));
#2645=CARTESIAN_POINT('Origin',(-53.8529411764706,56.,-48.6020115617982));
#2646=CARTESIAN_POINT('Origin',(-55.,56.,-55.));
#2647=CARTESIAN_POINT('Origin',(-55.,55.,-55.));
#2648=CARTESIAN_POINT('Origin',(-53.5,56.,-46.6333997346592));
#2649=CARTESIAN_POINT('',(-55.5,55.,-46.6333997346592));
#2650=CARTESIAN_POINT('',(-56.5,56.,-46.6333997346592));
#2651=CARTESIAN_POINT('Origin',(-55.5,56.,-46.6333997346592));
#2652=CARTESIAN_POINT('Origin',(-53.5,56.,-46.6333997346592));
#2653=CARTESIAN_POINT('Origin',(-53.5,55.,-46.6333997346592));
#2654=CARTESIAN_POINT('Origin',(-55.5,56.,24.75));
#2655=CARTESIAN_POINT('',(-55.5,55.,46.6333997346592));
#2656=CARTESIAN_POINT('',(-56.5,56.,46.6333997346592));
#2657=CARTESIAN_POINT('Origin',(-55.5,56.,46.6333997346592));
#2658=CARTESIAN_POINT('',(-56.5,56.,24.75));
#2659=CARTESIAN_POINT('',(-55.5,55.,24.75));
#2660=CARTESIAN_POINT('Origin',(-53.5,56.,46.6333997346592));
#2661=CARTESIAN_POINT('',(-53.8529411764706,55.,48.6020115617982));
#2662=CARTESIAN_POINT('',(-54.0294117647059,56.,49.5863174753677));
#2663=CARTESIAN_POINT('Origin',(-53.8529411764706,56.,48.6020115617982));
#2664=CARTESIAN_POINT('Origin',(-53.5,56.,46.6333997346592));
#2665=CARTESIAN_POINT('Origin',(-53.5,55.,46.6333997346592));
#2666=CARTESIAN_POINT('Origin',(-55.,56.,55.));
#2667=CARTESIAN_POINT('',(-48.6020115617982,55.,53.8529411764706));
#2668=CARTESIAN_POINT('',(-49.5863174753677,56.,54.0294117647059));
#2669=CARTESIAN_POINT('Origin',(-48.6020115617982,56.,53.8529411764706));
#2670=CARTESIAN_POINT('Origin',(-55.,56.,55.));
#2671=CARTESIAN_POINT('Origin',(-55.,55.,55.));
#2672=CARTESIAN_POINT('Origin',(-46.6333997346592,56.,53.5));
#2673=CARTESIAN_POINT('',(-46.6333997346592,55.,55.5));
#2674=CARTESIAN_POINT('',(-46.6333997346592,56.,56.5));
#2675=CARTESIAN_POINT('Origin',(-46.6333997346592,56.,55.5));
#2676=CARTESIAN_POINT('Origin',(-46.6333997346592,56.,53.5));
#2677=CARTESIAN_POINT('Origin',(-46.6333997346592,55.,53.5));
#2678=CARTESIAN_POINT('Origin',(24.75,56.,55.5));
#2679=CARTESIAN_POINT('',(46.6333997346592,55.,55.5));
#2680=CARTESIAN_POINT('',(46.6333997346592,56.,56.5));
#2681=CARTESIAN_POINT('Origin',(46.6333997346592,56.,55.5));
#2682=CARTESIAN_POINT('',(24.75,56.,56.5));
#2683=CARTESIAN_POINT('',(24.75,55.,55.5));
#2684=CARTESIAN_POINT('Origin',(46.6333997346592,56.,53.5));
#2685=CARTESIAN_POINT('',(48.6020115617982,55.,53.8529411764706));
#2686=CARTESIAN_POINT('',(49.5863174753677,56.,54.0294117647059));
#2687=CARTESIAN_POINT('Origin',(48.6020115617982,56.,53.8529411764706));
#2688=CARTESIAN_POINT('Origin',(46.6333997346592,56.,53.5));
#2689=CARTESIAN_POINT('Origin',(46.6333997346592,55.,53.5));
#2690=CARTESIAN_POINT('Origin',(55.,56.,55.));
#2691=CARTESIAN_POINT('',(53.8529411764705,55.,48.6020115617983));
#2692=CARTESIAN_POINT('',(54.0294117647058,56.,49.5863174753678));
#2693=CARTESIAN_POINT('Origin',(53.8529411764705,56.,48.6020115617983));
#2694=CARTESIAN_POINT('Origin',(55.,56.,55.));
#2695=CARTESIAN_POINT('Origin',(55.,55.,55.));
#2696=CARTESIAN_POINT('Origin',(53.4999999999999,56.,46.6333997346593));
#2697=CARTESIAN_POINT('',(55.4999999999999,55.,46.6333997346593));
#2698=CARTESIAN_POINT('',(56.4999999999999,56.,46.6333997346593));
#2699=CARTESIAN_POINT('Origin',(55.4999999999999,56.,46.6333997346593));
#2700=CARTESIAN_POINT('Origin',(53.4999999999999,56.,46.6333997346593));
#2701=CARTESIAN_POINT('Origin',(53.4999999999999,55.,46.6333997346593));
#2702=CARTESIAN_POINT('Origin',(55.4999999999999,56.,2.5));
#2703=CARTESIAN_POINT('',(56.4999999999999,56.,4.99999999999999));
#2704=CARTESIAN_POINT('',(56.4999999999999,56.,2.5));
#2705=CARTESIAN_POINT('',(55.4999999999999,55.,5.99999999999999));
#2706=CARTESIAN_POINT('',(55.4999999999999,55.,2.5));
#2707=CARTESIAN_POINT('Origin',(55.4999999999999,56.,5.99999999999999));
#2708=CARTESIAN_POINT('Origin',(25.75,56.,5.99999999999999));
#2709=CARTESIAN_POINT('',(51.4999999999999,56.,4.99999999999999));
#2710=CARTESIAN_POINT('',(25.75,56.,4.99999999999999));
#2711=CARTESIAN_POINT('',(52.4999999999999,55.,5.99999999999999));
#2712=CARTESIAN_POINT('',(25.75,55.,5.99999999999999));
#2713=CARTESIAN_POINT('Origin',(52.4999999999999,56.,5.99999999999999));
#2714=CARTESIAN_POINT('Origin',(52.4999999999999,56.,22.5502525316942));
#2715=CARTESIAN_POINT('',(51.4999999999999,56.,45.1005050633884));
#2716=CARTESIAN_POINT('',(51.4999999999999,56.,22.5502525316942));
#2717=CARTESIAN_POINT('',(52.4999999999999,55.,45.8348486100884));
#2718=CARTESIAN_POINT('',(52.4999999999999,55.,22.5502525316942));
#2719=CARTESIAN_POINT('Ctrl Pts',(52.4999999999999,55.,45.8348486100884));
#2720=CARTESIAN_POINT('Ctrl Pts',(52.4985135769898,55.,45.8337133357619));
#2721=CARTESIAN_POINT('Ctrl Pts',(52.4970270514068,55.00000331418,45.8325781940326));
#2722=CARTESIAN_POINT('Ctrl Pts',(52.4059021740313,55.0004096955959,45.7630062695633));
#2723=CARTESIAN_POINT('Ctrl Pts',(52.3157634873986,55.0128639990925,45.6949669104793));
#2724=CARTESIAN_POINT('Ctrl Pts',(52.1422960519537,55.0619584939241,45.5653869621908));
#2725=CARTESIAN_POINT('Ctrl Pts',(52.0586409776628,55.0979073098628,45.5035595999796));
#2726=CARTESIAN_POINT('Ctrl Pts',(51.877086884078,55.2085521143264,45.3705439418107));
#2727=CARTESIAN_POINT('Ctrl Pts',(51.7825089394671,55.2914961484119,45.3021630823768));
#2728=CARTESIAN_POINT('Ctrl Pts',(51.638904053193,55.480277950904,45.1991055220386));
#2729=CARTESIAN_POINT('Ctrl Pts',(51.585885180667,55.5787113890462,45.1613897476101));
#2730=CARTESIAN_POINT('Ctrl Pts',(51.5173072518032,55.7870880213317,45.1127232941935));
#2731=CARTESIAN_POINT('Ctrl Pts',(51.4999999999999,55.8925641198187,45.1005050633884));
#2732=CARTESIAN_POINT('Ctrl Pts',(51.4999999999999,56.,45.1005050633884));
#2733=CARTESIAN_POINT('Origin',(55.,56.,55.));
#2734=CARTESIAN_POINT('',(45.1005050633883,56.,51.5));
#2735=CARTESIAN_POINT('Origin',(55.,56.,55.));
#2736=CARTESIAN_POINT('',(45.8348486100883,55.,52.5));
#2737=CARTESIAN_POINT('Origin',(55.,55.,55.));
#2738=CARTESIAN_POINT('Ctrl Pts',(45.8348486100883,55.,52.5));
#2739=CARTESIAN_POINT('Ctrl Pts',(45.8337133357613,55.,52.4985135769892));
#2740=CARTESIAN_POINT('Ctrl Pts',(45.8325781940315,55.00000331418,52.4970270514056));
#2741=CARTESIAN_POINT('Ctrl Pts',(45.7630062695612,55.0004096955961,52.4059021740288));
#2742=CARTESIAN_POINT('Ctrl Pts',(45.6949669104782,55.0128639990929,52.3157634873973));
#2743=CARTESIAN_POINT('Ctrl Pts',(45.5653869621903,55.0619584939243,52.1422960519532));
#2744=CARTESIAN_POINT('Ctrl Pts',(45.5035595999793,55.097907309863,52.0586409776626));
#2745=CARTESIAN_POINT('Ctrl Pts',(45.3705439418107,55.2085521143264,51.8770868840781));
#2746=CARTESIAN_POINT('Ctrl Pts',(45.3021630823768,55.2914961484119,51.7825089394673));
#2747=CARTESIAN_POINT('Ctrl Pts',(45.1991055220386,55.480277950904,51.6389040531931));
#2748=CARTESIAN_POINT('Ctrl Pts',(45.1613897476101,55.5787113890462,51.5858851806671));
#2749=CARTESIAN_POINT('Ctrl Pts',(45.1127232941935,55.7870880213317,51.5173072518033));
#2750=CARTESIAN_POINT('Ctrl Pts',(45.1005050633883,55.8925641198187,51.5));
#2751=CARTESIAN_POINT('Ctrl Pts',(45.1005050633883,56.,51.5));
#2752=CARTESIAN_POINT('Origin',(-22.5502521760802,56.,52.5));
#2753=CARTESIAN_POINT('',(-45.1005043521603,56.,51.5));
#2754=CARTESIAN_POINT('',(-22.5502521760802,56.,51.5));
#2755=CARTESIAN_POINT('',(-45.8348479150375,55.,52.5));
#2756=CARTESIAN_POINT('',(-22.5502521760802,55.,52.5));
#2757=CARTESIAN_POINT('Ctrl Pts',(-45.8348479150375,55.,52.5));
#2758=CARTESIAN_POINT('Ctrl Pts',(-45.8337126406869,55.,52.498513576988));
#2759=CARTESIAN_POINT('Ctrl Pts',(-45.8325774989356,55.00000331418,52.4970270514059));
#2760=CARTESIAN_POINT('Ctrl Pts',(-45.7630055723901,55.0004096956002,52.4059021731302));
#2761=CARTESIAN_POINT('Ctrl Pts',(-45.6949662112351,55.01286399934,52.3157634856027));
#2762=CARTESIAN_POINT('Ctrl Pts',(-45.5653862590628,55.0619584951276,52.1422960485945));
#2763=CARTESIAN_POINT('Ctrl Pts',(-45.5035588950002,55.0979073117514,52.0586409735922));
#2764=CARTESIAN_POINT('Ctrl Pts',(-45.3705432340038,55.208552117512,51.8770868801113));
#2765=CARTESIAN_POINT('Ctrl Pts',(-45.3021623734539,55.2914961518516,51.7825089360949));
#2766=CARTESIAN_POINT('Ctrl Pts',(-45.1991048117753,55.4802779542728,51.6389040512589));
#2767=CARTESIAN_POINT('Ctrl Pts',(-45.1613890369345,55.5787113919575,51.5858851794035));
#2768=CARTESIAN_POINT('Ctrl Pts',(-45.1127225830723,55.7870880229884,51.5173072515383));
#2769=CARTESIAN_POINT('Ctrl Pts',(-45.1005043521603,55.8925641206395,51.5));
#2770=CARTESIAN_POINT('Ctrl Pts',(-45.1005043521603,56.,51.5));
#2771=CARTESIAN_POINT('Origin',(-55.,56.,55.));
#2772=CARTESIAN_POINT('Origin',(-55.,56.,55.));
#2773=CARTESIAN_POINT('Origin',(-55.,55.,55.));
#2774=CARTESIAN_POINT('Origin',(-53.5,60.,46.6333997346592));
#2775=CARTESIAN_POINT('',(-54.0294117647059,60.,49.5863174753677));
#2776=CARTESIAN_POINT('',(-54.0294117647059,60.,49.5863174753677));
#2777=CARTESIAN_POINT('',(-56.5,60.,46.6333997346592));
#2778=CARTESIAN_POINT('Origin',(-53.5,60.,46.6333997346592));
#2779=CARTESIAN_POINT('',(-56.5,60.,46.6333997346592));
#2780=CARTESIAN_POINT('Origin',(-55.,60.,55.));
#2781=CARTESIAN_POINT('',(-49.5863174753677,60.,54.0294117647059));
#2782=CARTESIAN_POINT('',(-49.5863174753677,60.,54.0294117647059));
#2783=CARTESIAN_POINT('Origin',(-55.,60.,55.));
#2784=CARTESIAN_POINT('Origin',(-46.6333997346592,60.,53.5));
#2785=CARTESIAN_POINT('',(-46.6333997346592,60.,56.5));
#2786=CARTESIAN_POINT('',(-46.6333997346592,60.,56.5));
#2787=CARTESIAN_POINT('Origin',(-46.6333997346592,60.,53.5));
#2788=CARTESIAN_POINT('Origin',(49.4999999999999,60.,56.5));
#2789=CARTESIAN_POINT('',(46.6333997346592,60.,56.5));
#2790=CARTESIAN_POINT('',(46.6333997346592,60.,56.5));
#2791=CARTESIAN_POINT('',(24.75,60.,56.5));
#2792=CARTESIAN_POINT('Origin',(46.6333997346592,60.,53.5));
#2793=CARTESIAN_POINT('',(49.5863174753677,60.,54.0294117647059));
#2794=CARTESIAN_POINT('',(49.5863174753677,60.,54.0294117647059));
#2795=CARTESIAN_POINT('Origin',(46.6333997346592,60.,53.5));
#2796=CARTESIAN_POINT('Origin',(55.,60.,55.));
#2797=CARTESIAN_POINT('',(54.0294117647058,60.,49.5863174753678));
#2798=CARTESIAN_POINT('',(54.0294117647058,60.,49.5863174753678));
#2799=CARTESIAN_POINT('Origin',(55.,60.,55.));
#2800=CARTESIAN_POINT('Origin',(53.4999999999999,60.,46.6333997346593));
#2801=CARTESIAN_POINT('',(56.4999999999999,60.,46.6333997346593));
#2802=CARTESIAN_POINT('',(56.4999999999999,60.,46.6333997346593));
#2803=CARTESIAN_POINT('Origin',(53.4999999999999,60.,46.6333997346593));
#2804=CARTESIAN_POINT('Origin',(56.4999999999999,60.,4.99999999999999));
#2805=CARTESIAN_POINT('',(56.4999999999999,60.,4.99999999999999));
#2806=CARTESIAN_POINT('',(56.4999999999999,60.,4.99999999999999));
#2807=CARTESIAN_POINT('',(56.4999999999999,60.,2.5));
#2808=CARTESIAN_POINT('Origin',(51.4999999999999,60.,4.99999999999999));
#2809=CARTESIAN_POINT('',(51.4999999999999,60.,4.99999999999999));
#2810=CARTESIAN_POINT('',(51.4999999999999,60.,4.99999999999999));
#2811=CARTESIAN_POINT('',(25.75,60.,4.99999999999999));
#2812=CARTESIAN_POINT('Origin',(51.4999999999999,60.,45.1005050633884));
#2813=CARTESIAN_POINT('',(51.4999999999999,60.,45.1005050633884));
#2814=CARTESIAN_POINT('',(51.4999999999999,60.,45.1005050633884));
#2815=CARTESIAN_POINT('',(51.4999999999999,60.,22.5502525316942));
#2816=CARTESIAN_POINT('Origin',(55.,60.,55.));
#2817=CARTESIAN_POINT('',(45.1005050633883,60.,51.5));
#2818=CARTESIAN_POINT('',(45.1005050633883,60.,51.5));
#2819=CARTESIAN_POINT('Origin',(55.,60.,55.));
#2820=CARTESIAN_POINT('Origin',(-45.1005043521603,60.,51.5));
#2821=CARTESIAN_POINT('',(-45.1005043521603,60.,51.5));
#2822=CARTESIAN_POINT('',(-45.1005043521603,60.,51.5));
#2823=CARTESIAN_POINT('',(-22.5502521760801,60.,51.5));
#2824=CARTESIAN_POINT('Origin',(-55.,60.,55.));
#2825=CARTESIAN_POINT('',(-51.5,60.,45.1005043521603));
#2826=CARTESIAN_POINT('',(-51.5,60.,45.1005043521603));
#2827=CARTESIAN_POINT('Origin',(-55.,60.,55.));
#2828=CARTESIAN_POINT('Origin',(-51.5,60.,-45.1005050633883));
#2829=CARTESIAN_POINT('',(-51.5,60.,-45.1005050633883));
#2830=CARTESIAN_POINT('',(-51.5,60.,-45.1005050633883));
#2831=CARTESIAN_POINT('',(-51.5,60.,-22.5502525316942));
#2832=CARTESIAN_POINT('Origin',(-2.66453525910038E-14,55.,8.88178419700125E-15));
#2833=CARTESIAN_POINT('Origin',(46.6333997346592,60.,-53.5));
#2834=CARTESIAN_POINT('',(46.6333997346592,60.,-56.5));
#2835=CARTESIAN_POINT('',(46.6333997346592,60.,-56.5));
#2836=CARTESIAN_POINT('',(49.5863174753677,60.,-54.0294117647059));
#2837=CARTESIAN_POINT('Origin',(46.6333997346592,60.,-53.5));
#2838=CARTESIAN_POINT('',(49.5863174753677,60.,-54.0294117647059));
#2839=CARTESIAN_POINT('Origin',(-49.5,60.,-56.5));
#2840=CARTESIAN_POINT('',(-46.6333997346592,60.,-56.5));
#2841=CARTESIAN_POINT('',(-46.6333997346592,60.,-56.5));
#2842=CARTESIAN_POINT('',(-24.75,60.,-56.5));
#2843=CARTESIAN_POINT('Origin',(55.,60.,-55.));
#2844=CARTESIAN_POINT('',(54.0294117647058,60.,-49.5863174753677));
#2845=CARTESIAN_POINT('Origin',(55.,60.,-55.));
#2846=CARTESIAN_POINT('',(54.0294117647058,60.,-49.5863174753677));
#2847=CARTESIAN_POINT('Origin',(53.4999999999999,60.,-46.6333997346592));
#2848=CARTESIAN_POINT('',(56.4999999999999,60.,-46.6333997346592));
#2849=CARTESIAN_POINT('Origin',(53.4999999999999,60.,-46.6333997346592));
#2850=CARTESIAN_POINT('',(56.4999999999999,60.,-46.6333997346592));
#2851=CARTESIAN_POINT('Origin',(-53.5,60.,-46.6333997346592));
#2852=CARTESIAN_POINT('',(-56.5,60.,-46.6333997346592));
#2853=CARTESIAN_POINT('',(-56.5,60.,-46.6333997346592));
#2854=CARTESIAN_POINT('',(-54.0294117647059,60.,-49.5863174753677));
#2855=CARTESIAN_POINT('Origin',(-53.5,60.,-46.6333997346592));
#2856=CARTESIAN_POINT('',(-54.0294117647059,60.,-49.5863174753677));
#2857=CARTESIAN_POINT('Origin',(-55.,60.,-55.));
#2858=CARTESIAN_POINT('',(-49.5863174753678,60.,-54.0294117647059));
#2859=CARTESIAN_POINT('Origin',(-55.,60.,-55.));
#2860=CARTESIAN_POINT('',(-49.5863174753677,60.,-54.0294117647059));
#2861=CARTESIAN_POINT('Origin',(-46.6333997346592,60.,-53.5));
#2862=CARTESIAN_POINT('Origin',(-46.6333997346592,60.,-53.5));
#2863=CARTESIAN_POINT('Origin',(-56.5,60.,49.5));
#2864=CARTESIAN_POINT('',(-56.5,60.,24.75));
#2865=CARTESIAN_POINT('Origin',(-55.,60.,-55.));
#2866=CARTESIAN_POINT('',(-45.1005050633883,60.,-51.5));
#2867=CARTESIAN_POINT('',(-45.1005050633883,60.,-51.5));
#2868=CARTESIAN_POINT('Origin',(-55.,60.,-55.));
#2869=CARTESIAN_POINT('Origin',(45.1005050633883,60.,-51.5));
#2870=CARTESIAN_POINT('',(45.1005050633883,60.,-51.5));
#2871=CARTESIAN_POINT('',(45.1005050633883,60.,-51.5));
#2872=CARTESIAN_POINT('',(22.5502525316942,60.,-51.5));
#2873=CARTESIAN_POINT('Origin',(55.,60.,-55.));
#2874=CARTESIAN_POINT('',(51.4999999999999,60.,-45.1005050633883));
#2875=CARTESIAN_POINT('',(51.4999999999999,60.,-45.1005050633883));
#2876=CARTESIAN_POINT('Origin',(55.,60.,-55.));
#2877=CARTESIAN_POINT('Origin',(51.4999999999999,60.,-5.00000000000001));
#2878=CARTESIAN_POINT('',(51.4999999999999,60.,-5.00000000000001));
#2879=CARTESIAN_POINT('',(51.4999999999999,60.,-5.00000000000001));
#2880=CARTESIAN_POINT('',(51.4999999999999,60.,-2.5));
#2881=CARTESIAN_POINT('Origin',(56.4999999999999,60.,-5.00000000000001));
#2882=CARTESIAN_POINT('',(56.4999999999999,60.,-5.00000000000001));
#2883=CARTESIAN_POINT('',(56.4999999999999,60.,-5.00000000000001));
#2884=CARTESIAN_POINT('',(28.25,60.,-5.00000000000001));
#2885=CARTESIAN_POINT('Origin',(56.4999999999999,60.,-49.5));
#2886=CARTESIAN_POINT('',(56.4999999999999,60.,-24.75));
#2887=CARTESIAN_POINT('Origin',(0.,64.,0.));
#2888=CARTESIAN_POINT('',(3.175,64.,-3.88825358729285E-16));
#2889=CARTESIAN_POINT('Origin',(0.,64.,0.));
#2890=CARTESIAN_POINT('',(3.175,56.,-3.88825358729285E-16));
#2891=CARTESIAN_POINT('',(3.175,64.,3.88825358729285E-16));
#2892=CARTESIAN_POINT('Origin',(0.,56.,0.));
#2893=CARTESIAN_POINT('Origin',(0.,56.,0.));
#2894=CARTESIAN_POINT('Origin',(-7.,57.,-7.));
#2895=CARTESIAN_POINT('',(-13.,60.,-7.));
#2896=CARTESIAN_POINT('',(-7.,60.,-13.));
#2897=CARTESIAN_POINT('Origin',(-7.,60.,-7.));
#2898=CARTESIAN_POINT('',(-7.,57.,-10.));
#2899=CARTESIAN_POINT('Origin',(-7.,57.,-13.));
#2900=CARTESIAN_POINT('',(-10.,57.,-7.));
#2901=CARTESIAN_POINT('Origin',(-7.,57.,-7.));
#2902=CARTESIAN_POINT('Origin',(-13.,57.,-7.));
#2903=CARTESIAN_POINT('Origin',(7.,57.,-7.));
#2904=CARTESIAN_POINT('',(7.,60.,-13.));
#2905=CARTESIAN_POINT('',(13.,60.,-7.));
#2906=CARTESIAN_POINT('Origin',(7.,60.,-7.));
#2907=CARTESIAN_POINT('',(10.,57.,-7.));
#2908=CARTESIAN_POINT('Origin',(13.,57.,-7.));
#2909=CARTESIAN_POINT('',(7.,57.,-10.));
#2910=CARTESIAN_POINT('Origin',(7.,57.,-7.));
#2911=CARTESIAN_POINT('Origin',(7.,57.,-13.));
#2912=CARTESIAN_POINT('Origin',(-7.,57.,7.));
#2913=CARTESIAN_POINT('',(-7.,60.,13.));
#2914=CARTESIAN_POINT('',(-13.,60.,7.));
#2915=CARTESIAN_POINT('Origin',(-7.,60.,7.));
#2916=CARTESIAN_POINT('',(-10.,57.,7.));
#2917=CARTESIAN_POINT('Origin',(-13.,57.,7.));
#2918=CARTESIAN_POINT('',(-7.,57.,10.));
#2919=CARTESIAN_POINT('Origin',(-7.,57.,7.));
#2920=CARTESIAN_POINT('Origin',(-7.,57.,13.));
#2921=CARTESIAN_POINT('Origin',(-13.,57.,5.00000000000001));
#2922=CARTESIAN_POINT('',(-13.,60.,5.00000000000001));
#2923=CARTESIAN_POINT('',(-10.,57.,5.00000000000001));
#2924=CARTESIAN_POINT('Origin',(-7.,55.,-7.));
#2925=CARTESIAN_POINT('',(-10.,55.,-7.));
#2926=CARTESIAN_POINT('',(-7.,52.,-7.));
#2927=CARTESIAN_POINT('Origin',(-7.,55.,-7.));
#2928=CARTESIAN_POINT('',(-7.,55.,-10.));
#2929=CARTESIAN_POINT('Origin',(-7.,55.,-7.));
#2930=CARTESIAN_POINT('Origin',(-7.,55.,-7.));
#2931=CARTESIAN_POINT('Origin',(-7.,60.,-7.));
#2932=CARTESIAN_POINT('',(-10.,60.,-7.));
#2933=CARTESIAN_POINT('',(-7.,60.,-10.));
#2934=CARTESIAN_POINT('Origin',(7.,57.,7.));
#2935=CARTESIAN_POINT('',(10.,57.,7.));
#2936=CARTESIAN_POINT('',(7.,57.,10.));
#2937=CARTESIAN_POINT('Origin',(7.,57.,7.));
#2938=CARTESIAN_POINT('',(13.,60.,7.));
#2939=CARTESIAN_POINT('Origin',(13.,57.,7.));
#2940=CARTESIAN_POINT('',(7.,60.,13.));
#2941=CARTESIAN_POINT('Origin',(7.,60.,7.));
#2942=CARTESIAN_POINT('Origin',(7.,57.,13.));
#2943=CARTESIAN_POINT('Origin',(13.,57.,-4.99999999999999));
#2944=CARTESIAN_POINT('',(13.,60.,-4.99999999999999));
#2945=CARTESIAN_POINT('',(10.,57.,-4.99999999999999));
#2946=CARTESIAN_POINT('Origin',(5.,57.,13.));
#2947=CARTESIAN_POINT('',(5.,60.,13.));
#2948=CARTESIAN_POINT('',(5.,57.,10.));
#2949=CARTESIAN_POINT('Origin',(7.,55.,-7.));
#2950=CARTESIAN_POINT('',(7.,55.,-10.));
#2951=CARTESIAN_POINT('',(7.,52.,-7.));
#2952=CARTESIAN_POINT('Origin',(7.,55.,-7.));
#2953=CARTESIAN_POINT('',(10.,55.,-7.));
#2954=CARTESIAN_POINT('Origin',(7.,55.,-7.));
#2955=CARTESIAN_POINT('Origin',(7.,55.,-7.));
#2956=CARTESIAN_POINT('Origin',(7.,60.,-7.));
#2957=CARTESIAN_POINT('',(7.,60.,-10.));
#2958=CARTESIAN_POINT('',(10.,60.,-7.));
#2959=CARTESIAN_POINT('Origin',(-7.,55.,7.));
#2960=CARTESIAN_POINT('',(-7.,55.,10.));
#2961=CARTESIAN_POINT('',(-7.,52.,7.));
#2962=CARTESIAN_POINT('Origin',(-7.,55.,7.));
#2963=CARTESIAN_POINT('',(-10.,55.,7.));
#2964=CARTESIAN_POINT('Origin',(-7.,55.,7.));
#2965=CARTESIAN_POINT('Origin',(-7.,55.,7.));
#2966=CARTESIAN_POINT('Origin',(-7.,60.,7.));
#2967=CARTESIAN_POINT('',(-7.,60.,10.));
#2968=CARTESIAN_POINT('',(-10.,60.,7.));
#2969=CARTESIAN_POINT('Origin',(-7.,55.,5.));
#2970=CARTESIAN_POINT('',(-7.,52.,5.));
#2971=CARTESIAN_POINT('',(-10.,55.,5.));
#2972=CARTESIAN_POINT('Origin',(7.,55.,7.));
#2973=CARTESIAN_POINT('',(10.,55.,7.));
#2974=CARTESIAN_POINT('',(7.,52.,7.));
#2975=CARTESIAN_POINT('Origin',(7.,55.,7.));
#2976=CARTESIAN_POINT('',(7.,55.,10.));
#2977=CARTESIAN_POINT('Origin',(7.,55.,7.));
#2978=CARTESIAN_POINT('Origin',(7.,55.,7.));
#2979=CARTESIAN_POINT('Origin',(7.,60.,7.));
#2980=CARTESIAN_POINT('',(10.,60.,7.));
#2981=CARTESIAN_POINT('',(7.,60.,10.));
#2982=CARTESIAN_POINT('Origin',(5.,55.,7.));
#2983=CARTESIAN_POINT('',(5.,52.,7.));
#2984=CARTESIAN_POINT('',(5.,55.,10.));
#2985=CARTESIAN_POINT('Origin',(7.,55.,-5.));
#2986=CARTESIAN_POINT('',(7.,52.,-5.));
#2987=CARTESIAN_POINT('',(10.,55.,-5.));
#2988=CARTESIAN_POINT('Origin',(-5.,55.,-7.));
#2989=CARTESIAN_POINT('',(-5.,52.,-7.));
#2990=CARTESIAN_POINT('',(-5.,55.,-10.));
#2991=CARTESIAN_POINT('Origin',(-5.,57.,-13.));
#2992=CARTESIAN_POINT('',(-5.,60.,-13.));
#2993=CARTESIAN_POINT('',(-5.,57.,-10.));
#2994=CARTESIAN_POINT('Origin',(-10.,60.,10.));
#2995=CARTESIAN_POINT('Origin',(0.,60.,1.77635683940025E-14));
#2996=CARTESIAN_POINT('',(-60.,60.,59.));
#2997=CARTESIAN_POINT('',(-59.,60.,60.));
#2998=CARTESIAN_POINT('Origin',(-59.,60.,59.));
#2999=CARTESIAN_POINT('',(-60.,60.,-59.));
#3000=CARTESIAN_POINT('',(-60.,60.,60.));
#3001=CARTESIAN_POINT('',(-59.,60.,-60.));
#3002=CARTESIAN_POINT('Origin',(-59.,60.,-59.));
#3003=CARTESIAN_POINT('',(58.9999999999999,60.,-60.));
#3004=CARTESIAN_POINT('',(-60.,60.,-60.));
#3005=CARTESIAN_POINT('',(59.9999999999999,60.,-59.));
#3006=CARTESIAN_POINT('Origin',(58.9999999999999,60.,-59.));
#3007=CARTESIAN_POINT('',(60.,60.,59.));
#3008=CARTESIAN_POINT('',(59.9999999999999,60.,-60.));
#3009=CARTESIAN_POINT('',(59.,60.,60.));
#3010=CARTESIAN_POINT('Origin',(59.,60.,59.));
#3011=CARTESIAN_POINT('',(60.,60.,60.));
#3012=CARTESIAN_POINT('',(-53.25,60.,55.));
#3013=CARTESIAN_POINT('Origin',(-55.,60.,55.));
#3014=CARTESIAN_POINT('',(56.75,60.,55.));
#3015=CARTESIAN_POINT('Origin',(55.,60.,55.));
#3016=CARTESIAN_POINT('',(-53.25,60.,-55.));
#3017=CARTESIAN_POINT('Origin',(-55.,60.,-55.));
#3018=CARTESIAN_POINT('',(56.75,60.,-55.));
#3019=CARTESIAN_POINT('Origin',(55.,60.,-55.));
#3020=CARTESIAN_POINT('Origin',(10.,60.,-10.));
#3021=CARTESIAN_POINT('Origin',(10.,60.,10.));
#3022=CARTESIAN_POINT('Origin',(-10.,60.,-10.));
#3023=CARTESIAN_POINT('Origin',(0.,52.,0.));
#3024=CARTESIAN_POINT('Origin',(55.,64.,-55.));
#3025=CARTESIAN_POINT('',(56.75,64.,-55.));
#3026=CARTESIAN_POINT('Origin',(55.,64.,-55.));
#3027=CARTESIAN_POINT('',(56.75,64.,-55.));
#3028=CARTESIAN_POINT('Origin',(-55.,64.,-55.));
#3029=CARTESIAN_POINT('',(-53.25,64.,-55.));
#3030=CARTESIAN_POINT('Origin',(-55.,64.,-55.));
#3031=CARTESIAN_POINT('',(-53.25,64.,-55.));
#3032=CARTESIAN_POINT('Origin',(55.,64.,55.));
#3033=CARTESIAN_POINT('',(56.75,64.,55.));
#3034=CARTESIAN_POINT('Origin',(55.,64.,55.));
#3035=CARTESIAN_POINT('',(56.75,64.,55.));
#3036=CARTESIAN_POINT('Origin',(-55.,64.,55.));
#3037=CARTESIAN_POINT('',(-53.25,64.,55.));
#3038=CARTESIAN_POINT('Origin',(-55.,64.,55.));
#3039=CARTESIAN_POINT('',(-53.25,64.,55.));
#3040=CARTESIAN_POINT('Origin',(-30.,63.,59.));
#3041=CARTESIAN_POINT('',(-59.,64.,59.));
#3042=CARTESIAN_POINT('',(-59.,63.,60.));
#3043=CARTESIAN_POINT('Origin',(-59.,63.,59.));
#3044=CARTESIAN_POINT('',(59.,63.,60.));
#3045=CARTESIAN_POINT('',(-30.,63.,60.));
#3046=CARTESIAN_POINT('',(59.,64.,59.));
#3047=CARTESIAN_POINT('Origin',(59.,63.,59.));
#3048=CARTESIAN_POINT('',(-30.,64.,59.));
#3049=CARTESIAN_POINT('Origin',(-59.,63.,-30.));
#3050=CARTESIAN_POINT('',(-59.,64.,-59.));
#3051=CARTESIAN_POINT('',(-60.,63.,-59.));
#3052=CARTESIAN_POINT('Origin',(-59.,63.,-59.));
#3053=CARTESIAN_POINT('',(-60.,63.,59.));
#3054=CARTESIAN_POINT('',(-60.,63.,-30.));
#3055=CARTESIAN_POINT('Origin',(-59.,63.,59.));
#3056=CARTESIAN_POINT('',(-59.,64.,-30.));
#3057=CARTESIAN_POINT('Origin',(-59.,63.,59.));
#3058=CARTESIAN_POINT('Origin',(-59.,63.,59.));
#3059=CARTESIAN_POINT('Origin',(30.,63.,-59.));
#3060=CARTESIAN_POINT('',(58.9999999999999,64.,-59.));
#3061=CARTESIAN_POINT('',(58.9999999999999,63.,-60.));
#3062=CARTESIAN_POINT('Origin',(58.9999999999999,63.,-59.));
#3063=CARTESIAN_POINT('',(-59.,63.,-60.));
#3064=CARTESIAN_POINT('',(30.,63.,-60.));
#3065=CARTESIAN_POINT('Origin',(-59.,63.,-59.));
#3066=CARTESIAN_POINT('',(30.,64.,-59.));
#3067=CARTESIAN_POINT('Origin',(-59.,63.,-59.));
#3068=CARTESIAN_POINT('Origin',(-59.,63.,-59.));
#3069=CARTESIAN_POINT('Origin',(59.,63.,30.));
#3070=CARTESIAN_POINT('',(60.,63.,59.));
#3071=CARTESIAN_POINT('Origin',(59.,63.,59.));
#3072=CARTESIAN_POINT('',(59.9999999999999,63.,-59.));
#3073=CARTESIAN_POINT('',(60.,63.,30.));
#3074=CARTESIAN_POINT('Origin',(58.9999999999999,63.,-59.));
#3075=CARTESIAN_POINT('',(59.,64.,30.));
#3076=CARTESIAN_POINT('Origin',(58.9999999999999,63.,-59.));
#3077=CARTESIAN_POINT('Origin',(58.9999999999999,63.,-59.));
#3078=CARTESIAN_POINT('Origin',(59.,63.,59.));
#3079=CARTESIAN_POINT('Origin',(59.,63.,59.));
#3080=CARTESIAN_POINT('Origin',(-59.,60.,-59.));
#3081=CARTESIAN_POINT('',(-59.,60.,-60.));
#3082=CARTESIAN_POINT('',(-60.,60.,-59.));
#3083=CARTESIAN_POINT('Origin',(59.9999999999999,60.,-60.));
#3084=CARTESIAN_POINT('',(58.9999999999999,60.,-60.));
#3085=CARTESIAN_POINT('Origin',(58.9999999999999,60.,-59.));
#3086=CARTESIAN_POINT('',(59.9999999999999,60.,-59.));
#3087=CARTESIAN_POINT('Origin',(60.,60.,60.));
#3088=CARTESIAN_POINT('',(60.,60.,59.));
#3089=CARTESIAN_POINT('Origin',(0.,64.,1.77635683940025E-14));
#3090=CARTESIAN_POINT('Origin',(-59.,60.,59.));
#3091=CARTESIAN_POINT('',(-60.,60.,59.));
#3092=CARTESIAN_POINT('',(-59.,60.,60.));
#3093=CARTESIAN_POINT('Origin',(-60.,60.,-60.));
#3094=CARTESIAN_POINT('Origin',(59.,60.,59.));
#3095=CARTESIAN_POINT('',(59.,60.,60.));
#3096=CARTESIAN_POINT('Origin',(-60.,60.,60.));
#3097=UNCERTAINTY_MEASURE_WITH_UNIT(LENGTH_MEASURE(0.01),#3101,
'DISTANCE_ACCURACY_VALUE',
'Maximum model space distance between geometric entities at asserted c
onnectivities');
#3098=UNCERTAINTY_MEASURE_WITH_UNIT(LENGTH_MEASURE(0.01),#3101,
'DISTANCE_ACCURACY_VALUE',
'Maximum model space distance between geometric entities at asserted c
onnectivities');
#3099=(
GEOMETRIC_REPRESENTATION_CONTEXT(3)
GLOBAL_UNCERTAINTY_ASSIGNED_CONTEXT((#3097))
GLOBAL_UNIT_ASSIGNED_CONTEXT((#3101,#3103,#3104))
REPRESENTATION_CONTEXT('','3D')
);
#3100=(
GEOMETRIC_REPRESENTATION_CONTEXT(3)
GLOBAL_UNCERTAINTY_ASSIGNED_CONTEXT((#3098))
GLOBAL_UNIT_ASSIGNED_CONTEXT((#3101,#3103,#3104))
REPRESENTATION_CONTEXT('','3D')
);
#3101=(
LENGTH_UNIT()
NAMED_UNIT(*)
SI_UNIT(.MILLI.,.METRE.)
);
#3102=(
LENGTH_UNIT()
NAMED_UNIT(*)
SI_UNIT($,.METRE.)
);
#3103=(
NAMED_UNIT(*)
PLANE_ANGLE_UNIT()
SI_UNIT($,.RADIAN.)
);
#3104=(
NAMED_UNIT(*)
SI_UNIT($,.STERADIAN.)
SOLID_ANGLE_UNIT()
);
#3105=SHAPE_DEFINITION_REPRESENTATION(#3106,#3107);
#3106=PRODUCT_DEFINITION_SHAPE('',$,#3109);
#3107=SHAPE_REPRESENTATION('',(#1701),#3099);
#3108=PRODUCT_DEFINITION_CONTEXT('part definition',#3113,'design');
#3109=PRODUCT_DEFINITION('lid','lid',#3110,#3108);
#3110=PRODUCT_DEFINITION_FORMATION('',$,#3115);
#3111=PRODUCT_RELATED_PRODUCT_CATEGORY('lid','lid',(#3115));
#3112=APPLICATION_PROTOCOL_DEFINITION('international standard',
'automotive_design',2009,#3113);
#3113=APPLICATION_CONTEXT(
'Core Data for Automotive Mechanical Design Process');
#3114=PRODUCT_CONTEXT('part definition',#3113,'mechanical');
#3115=PRODUCT('lid','lid',$,(#3114));
#3116=PRESENTATION_STYLE_ASSIGNMENT((#3118));
#3117=PRESENTATION_STYLE_ASSIGNMENT((#3119));
#3118=SURFACE_STYLE_USAGE(.BOTH.,#3120);
#3119=SURFACE_STYLE_USAGE(.BOTH.,#3121);
#3120=SURFACE_SIDE_STYLE('',(#3122));
#3121=SURFACE_SIDE_STYLE('',(#3123));
#3122=SURFACE_STYLE_FILL_AREA(#3124);
#3123=SURFACE_STYLE_FILL_AREA(#3125);
#3124=FILL_AREA_STYLE('Steel - Satin',(#3126));
#3125=FILL_AREA_STYLE('Glass - Heavy Color (Blue)',(#3127));
#3126=FILL_AREA_STYLE_COLOUR('Steel - Satin',#3128);
#3127=FILL_AREA_STYLE_COLOUR('Glass - Heavy Color (Blue)',#3129);
#3128=COLOUR_RGB('Steel - Satin',0.627450980392157,0.627450980392157,0.627450980392157);
#3129=COLOUR_RGB('Glass - Heavy Color (Blue)',0.423529411764706,0.768627450980392,
0.854901960784314);
ENDSEC;
END-ISO-10303-21;
